filename,image_path,target,category
img003300.jpg,gf/bedrooms_images/img003300.jpg,6,bedrooms_images
img004880.jpg,gf/bedrooms_images/img004880.jpg,6,bedrooms_images
img004918.jpg,gf/bedrooms_images/img004918.jpg,6,bedrooms_images
img004778.jpg,gf/bedrooms_images/img004778.jpg,6,bedrooms_images
img002061.jpg,gf/bedrooms_images/img002061.jpg,6,bedrooms_images
img000505.jpg,gf/bedrooms_images/img000505.jpg,6,bedrooms_images
img002234.jpg,gf/bedrooms_images/img002234.jpg,6,bedrooms_images
img003296.jpg,gf/bedrooms_images/img003296.jpg,6,bedrooms_images
img003957.jpg,gf/bedrooms_images/img003957.jpg,6,bedrooms_images
img001595.jpg,gf/bedrooms_images/img001595.jpg,6,bedrooms_images
img004656.jpg,gf/bedrooms_images/img004656.jpg,6,bedrooms_images
img003415.jpg,gf/bedrooms_images/img003415.jpg,6,bedrooms_images
img002047.jpg,gf/bedrooms_images/img002047.jpg,6,bedrooms_images
img000081.jpg,gf/bedrooms_images/img000081.jpg,6,bedrooms_images
img002902.jpg,gf/bedrooms_images/img002902.jpg,6,bedrooms_images
img004609.jpg,gf/bedrooms_images/img004609.jpg,6,bedrooms_images
img001184.jpg,gf/bedrooms_images/img001184.jpg,6,bedrooms_images
img004050.jpg,gf/bedrooms_images/img004050.jpg,6,bedrooms_images
img001649.jpg,gf/bedrooms_images/img001649.jpg,6,bedrooms_images
img002755.jpg,gf/bedrooms_images/img002755.jpg,6,bedrooms_images
img000562.jpg,gf/bedrooms_images/img000562.jpg,6,bedrooms_images
img000726.jpg,gf/bedrooms_images/img000726.jpg,6,bedrooms_images
img000091.jpg,gf/bedrooms_images/img000091.jpg,6,bedrooms_images
img001454.jpg,gf/bedrooms_images/img001454.jpg,6,bedrooms_images
img000092.jpg,gf/bedrooms_images/img000092.jpg,6,bedrooms_images
img000929.jpg,gf/bedrooms_images/img000929.jpg,6,bedrooms_images
img004817.jpg,gf/bedrooms_images/img004817.jpg,6,bedrooms_images
img001961.jpg,gf/bedrooms_images/img001961.jpg,6,bedrooms_images
img000550.jpg,gf/bedrooms_images/img000550.jpg,6,bedrooms_images
img001497.jpg,gf/bedrooms_images/img001497.jpg,6,bedrooms_images
img002026.jpg,gf/bedrooms_images/img002026.jpg,6,bedrooms_images
img000479.jpg,gf/bedrooms_images/img000479.jpg,6,bedrooms_images
img003614.jpg,gf/bedrooms_images/img003614.jpg,6,bedrooms_images
img000933.jpg,gf/bedrooms_images/img000933.jpg,6,bedrooms_images
img000580.jpg,gf/bedrooms_images/img000580.jpg,6,bedrooms_images
img001204.jpg,gf/bedrooms_images/img001204.jpg,6,bedrooms_images
img002400.jpg,gf/bedrooms_images/img002400.jpg,6,bedrooms_images
img001705.jpg,gf/bedrooms_images/img001705.jpg,6,bedrooms_images
img001005.jpg,gf/bedrooms_images/img001005.jpg,6,bedrooms_images
img003982.jpg,gf/bedrooms_images/img003982.jpg,6,bedrooms_images
img003104.jpg,gf/bedrooms_images/img003104.jpg,6,bedrooms_images
img000369.jpg,gf/bedrooms_images/img000369.jpg,6,bedrooms_images
img001464.jpg,gf/bedrooms_images/img001464.jpg,6,bedrooms_images
img002809.jpg,gf/bedrooms_images/img002809.jpg,6,bedrooms_images
img001556.jpg,gf/bedrooms_images/img001556.jpg,6,bedrooms_images
img001154.jpg,gf/bedrooms_images/img001154.jpg,6,bedrooms_images
img002112.jpg,gf/bedrooms_images/img002112.jpg,6,bedrooms_images
img004127.jpg,gf/bedrooms_images/img004127.jpg,6,bedrooms_images
img004368.jpg,gf/bedrooms_images/img004368.jpg,6,bedrooms_images
img000727.jpg,gf/bedrooms_images/img000727.jpg,6,bedrooms_images
img000357.jpg,gf/bedrooms_images/img000357.jpg,6,bedrooms_images
img000721.jpg,gf/bedrooms_images/img000721.jpg,6,bedrooms_images
img001183.jpg,gf/bedrooms_images/img001183.jpg,6,bedrooms_images
img002051.jpg,gf/bedrooms_images/img002051.jpg,6,bedrooms_images
img003349.jpg,gf/bedrooms_images/img003349.jpg,6,bedrooms_images
img000140.jpg,gf/bedrooms_images/img000140.jpg,6,bedrooms_images
img004890.jpg,gf/bedrooms_images/img004890.jpg,6,bedrooms_images
img001222.jpg,gf/bedrooms_images/img001222.jpg,6,bedrooms_images
img001725.jpg,gf/bedrooms_images/img001725.jpg,6,bedrooms_images
img001730.jpg,gf/bedrooms_images/img001730.jpg,6,bedrooms_images
img003226.jpg,gf/bedrooms_images/img003226.jpg,6,bedrooms_images
img003336.jpg,gf/bedrooms_images/img003336.jpg,6,bedrooms_images
img004740.jpg,gf/bedrooms_images/img004740.jpg,6,bedrooms_images
img003351.jpg,gf/bedrooms_images/img003351.jpg,6,bedrooms_images
img004639.jpg,gf/bedrooms_images/img004639.jpg,6,bedrooms_images
img002323.jpg,gf/bedrooms_images/img002323.jpg,6,bedrooms_images
img004925.jpg,gf/bedrooms_images/img004925.jpg,6,bedrooms_images
img004696.jpg,gf/bedrooms_images/img004696.jpg,6,bedrooms_images
img003065.jpg,gf/bedrooms_images/img003065.jpg,6,bedrooms_images
img004446.jpg,gf/bedrooms_images/img004446.jpg,6,bedrooms_images
img003988.jpg,gf/bedrooms_images/img003988.jpg,6,bedrooms_images
img004944.jpg,gf/bedrooms_images/img004944.jpg,6,bedrooms_images
img004518.jpg,gf/bedrooms_images/img004518.jpg,6,bedrooms_images
img001305.jpg,gf/bedrooms_images/img001305.jpg,6,bedrooms_images
img002017.jpg,gf/bedrooms_images/img002017.jpg,6,bedrooms_images
img002449.jpg,gf/bedrooms_images/img002449.jpg,6,bedrooms_images
img004698.jpg,gf/bedrooms_images/img004698.jpg,6,bedrooms_images
img002483.jpg,gf/bedrooms_images/img002483.jpg,6,bedrooms_images
img001415.jpg,gf/bedrooms_images/img001415.jpg,6,bedrooms_images
img000418.jpg,gf/bedrooms_images/img000418.jpg,6,bedrooms_images
img003363.jpg,gf/bedrooms_images/img003363.jpg,6,bedrooms_images
img000834.jpg,gf/bedrooms_images/img000834.jpg,6,bedrooms_images
img001842.jpg,gf/bedrooms_images/img001842.jpg,6,bedrooms_images
img003205.jpg,gf/bedrooms_images/img003205.jpg,6,bedrooms_images
img001678.jpg,gf/bedrooms_images/img001678.jpg,6,bedrooms_images
img001116.jpg,gf/bedrooms_images/img001116.jpg,6,bedrooms_images
img003973.jpg,gf/bedrooms_images/img003973.jpg,6,bedrooms_images
img001467.jpg,gf/bedrooms_images/img001467.jpg,6,bedrooms_images
img003283.jpg,gf/bedrooms_images/img003283.jpg,6,bedrooms_images
img002868.jpg,gf/bedrooms_images/img002868.jpg,6,bedrooms_images
img004988.jpg,gf/bedrooms_images/img004988.jpg,6,bedrooms_images
img002133.jpg,gf/bedrooms_images/img002133.jpg,6,bedrooms_images
img000025.jpg,gf/bedrooms_images/img000025.jpg,6,bedrooms_images
img003338.jpg,gf/bedrooms_images/img003338.jpg,6,bedrooms_images
img002558.jpg,gf/bedrooms_images/img002558.jpg,6,bedrooms_images
img003304.jpg,gf/bedrooms_images/img003304.jpg,6,bedrooms_images
img003632.jpg,gf/bedrooms_images/img003632.jpg,6,bedrooms_images
img002900.jpg,gf/bedrooms_images/img002900.jpg,6,bedrooms_images
img002363.jpg,gf/bedrooms_images/img002363.jpg,6,bedrooms_images
img002113.jpg,gf/bedrooms_images/img002113.jpg,6,bedrooms_images
img001761.jpg,gf/bedrooms_images/img001761.jpg,6,bedrooms_images
img002691.jpg,gf/bedrooms_images/img002691.jpg,6,bedrooms_images
img000866.jpg,gf/bedrooms_images/img000866.jpg,6,bedrooms_images
img001473.jpg,gf/bedrooms_images/img001473.jpg,6,bedrooms_images
img002522.jpg,gf/bedrooms_images/img002522.jpg,6,bedrooms_images
img000880.jpg,gf/bedrooms_images/img000880.jpg,6,bedrooms_images
img002974.jpg,gf/bedrooms_images/img002974.jpg,6,bedrooms_images
img002101.jpg,gf/bedrooms_images/img002101.jpg,6,bedrooms_images
img000012.jpg,gf/bedrooms_images/img000012.jpg,6,bedrooms_images
img002758.jpg,gf/bedrooms_images/img002758.jpg,6,bedrooms_images
img001034.jpg,gf/bedrooms_images/img001034.jpg,6,bedrooms_images
img003862.jpg,gf/bedrooms_images/img003862.jpg,6,bedrooms_images
img001559.jpg,gf/bedrooms_images/img001559.jpg,6,bedrooms_images
img002511.jpg,gf/bedrooms_images/img002511.jpg,6,bedrooms_images
img002818.jpg,gf/bedrooms_images/img002818.jpg,6,bedrooms_images
img003690.jpg,gf/bedrooms_images/img003690.jpg,6,bedrooms_images
img000455.jpg,gf/bedrooms_images/img000455.jpg,6,bedrooms_images
img004952.jpg,gf/bedrooms_images/img004952.jpg,6,bedrooms_images
img000905.jpg,gf/bedrooms_images/img000905.jpg,6,bedrooms_images
img004242.jpg,gf/bedrooms_images/img004242.jpg,6,bedrooms_images
img002771.jpg,gf/bedrooms_images/img002771.jpg,6,bedrooms_images
img000215.jpg,gf/bedrooms_images/img000215.jpg,6,bedrooms_images
img003290.jpg,gf/bedrooms_images/img003290.jpg,6,bedrooms_images
img002473.jpg,gf/bedrooms_images/img002473.jpg,6,bedrooms_images
img000584.jpg,gf/bedrooms_images/img000584.jpg,6,bedrooms_images
img004480.jpg,gf/bedrooms_images/img004480.jpg,6,bedrooms_images
img003514.jpg,gf/bedrooms_images/img003514.jpg,6,bedrooms_images
img000017.jpg,gf/bedrooms_images/img000017.jpg,6,bedrooms_images
img003619.jpg,gf/bedrooms_images/img003619.jpg,6,bedrooms_images
img002279.jpg,gf/bedrooms_images/img002279.jpg,6,bedrooms_images
img002612.jpg,gf/bedrooms_images/img002612.jpg,6,bedrooms_images
img002682.jpg,gf/bedrooms_images/img002682.jpg,6,bedrooms_images
img001259.jpg,gf/bedrooms_images/img001259.jpg,6,bedrooms_images
img002955.jpg,gf/bedrooms_images/img002955.jpg,6,bedrooms_images
img000673.jpg,gf/bedrooms_images/img000673.jpg,6,bedrooms_images
img004311.jpg,gf/bedrooms_images/img004311.jpg,6,bedrooms_images
img002120.jpg,gf/bedrooms_images/img002120.jpg,6,bedrooms_images
img000968.jpg,gf/bedrooms_images/img000968.jpg,6,bedrooms_images
img000980.jpg,gf/bedrooms_images/img000980.jpg,6,bedrooms_images
img002225.jpg,gf/bedrooms_images/img002225.jpg,6,bedrooms_images
img004133.jpg,gf/bedrooms_images/img004133.jpg,6,bedrooms_images
img004012.jpg,gf/bedrooms_images/img004012.jpg,6,bedrooms_images
img004864.jpg,gf/bedrooms_images/img004864.jpg,6,bedrooms_images
img004498.jpg,gf/bedrooms_images/img004498.jpg,6,bedrooms_images
img001279.jpg,gf/bedrooms_images/img001279.jpg,6,bedrooms_images
img003504.jpg,gf/bedrooms_images/img003504.jpg,6,bedrooms_images
img004858.jpg,gf/bedrooms_images/img004858.jpg,6,bedrooms_images
img000008.jpg,gf/bedrooms_images/img000008.jpg,6,bedrooms_images
img004584.jpg,gf/bedrooms_images/img004584.jpg,6,bedrooms_images
img002115.jpg,gf/bedrooms_images/img002115.jpg,6,bedrooms_images
img001081.jpg,gf/bedrooms_images/img001081.jpg,6,bedrooms_images
img002776.jpg,gf/bedrooms_images/img002776.jpg,6,bedrooms_images
img001782.jpg,gf/bedrooms_images/img001782.jpg,6,bedrooms_images
img001002.jpg,gf/bedrooms_images/img001002.jpg,6,bedrooms_images
img003995.jpg,gf/bedrooms_images/img003995.jpg,6,bedrooms_images
img000800.jpg,gf/bedrooms_images/img000800.jpg,6,bedrooms_images
img004181.jpg,gf/bedrooms_images/img004181.jpg,6,bedrooms_images
img003944.jpg,gf/bedrooms_images/img003944.jpg,6,bedrooms_images
img001208.jpg,gf/bedrooms_images/img001208.jpg,6,bedrooms_images
img003929.jpg,gf/bedrooms_images/img003929.jpg,6,bedrooms_images
img002555.jpg,gf/bedrooms_images/img002555.jpg,6,bedrooms_images
img003517.jpg,gf/bedrooms_images/img003517.jpg,6,bedrooms_images
img004837.jpg,gf/bedrooms_images/img004837.jpg,6,bedrooms_images
img002704.jpg,gf/bedrooms_images/img002704.jpg,6,bedrooms_images
img003250.jpg,gf/bedrooms_images/img003250.jpg,6,bedrooms_images
img001717.jpg,gf/bedrooms_images/img001717.jpg,6,bedrooms_images
img000507.jpg,gf/bedrooms_images/img000507.jpg,6,bedrooms_images
img004646.jpg,gf/bedrooms_images/img004646.jpg,6,bedrooms_images
img004669.jpg,gf/bedrooms_images/img004669.jpg,6,bedrooms_images
img002831.jpg,gf/bedrooms_images/img002831.jpg,6,bedrooms_images
img000837.jpg,gf/bedrooms_images/img000837.jpg,6,bedrooms_images
img002262.jpg,gf/bedrooms_images/img002262.jpg,6,bedrooms_images
img000716.jpg,gf/bedrooms_images/img000716.jpg,6,bedrooms_images
img000000.jpg,gf/bedrooms_images/img000000.jpg,6,bedrooms_images
img000426.jpg,gf/bedrooms_images/img000426.jpg,6,bedrooms_images
img004146.jpg,gf/bedrooms_images/img004146.jpg,6,bedrooms_images
img004281.jpg,gf/bedrooms_images/img004281.jpg,6,bedrooms_images
img001319.jpg,gf/bedrooms_images/img001319.jpg,6,bedrooms_images
img002816.jpg,gf/bedrooms_images/img002816.jpg,6,bedrooms_images
img003903.jpg,gf/bedrooms_images/img003903.jpg,6,bedrooms_images
img003204.jpg,gf/bedrooms_images/img003204.jpg,6,bedrooms_images
img003530.jpg,gf/bedrooms_images/img003530.jpg,6,bedrooms_images
img003670.jpg,gf/bedrooms_images/img003670.jpg,6,bedrooms_images
img002390.jpg,gf/bedrooms_images/img002390.jpg,6,bedrooms_images
img004163.jpg,gf/bedrooms_images/img004163.jpg,6,bedrooms_images
img001696.jpg,gf/bedrooms_images/img001696.jpg,6,bedrooms_images
img004267.jpg,gf/bedrooms_images/img004267.jpg,6,bedrooms_images
img001957.jpg,gf/bedrooms_images/img001957.jpg,6,bedrooms_images
img003589.jpg,gf/bedrooms_images/img003589.jpg,6,bedrooms_images
img001861.jpg,gf/bedrooms_images/img001861.jpg,6,bedrooms_images
img004574.jpg,gf/bedrooms_images/img004574.jpg,6,bedrooms_images
img000035.jpg,gf/bedrooms_images/img000035.jpg,6,bedrooms_images
img001738.jpg,gf/bedrooms_images/img001738.jpg,6,bedrooms_images
img002943.jpg,gf/bedrooms_images/img002943.jpg,6,bedrooms_images
img001543.jpg,gf/bedrooms_images/img001543.jpg,6,bedrooms_images
img000177.jpg,gf/bedrooms_images/img000177.jpg,6,bedrooms_images
img003531.jpg,gf/bedrooms_images/img003531.jpg,6,bedrooms_images
img000223.jpg,gf/bedrooms_images/img000223.jpg,6,bedrooms_images
img003382.jpg,gf/bedrooms_images/img003382.jpg,6,bedrooms_images
img001336.jpg,gf/bedrooms_images/img001336.jpg,6,bedrooms_images
img001517.jpg,gf/bedrooms_images/img001517.jpg,6,bedrooms_images
img002128.jpg,gf/bedrooms_images/img002128.jpg,6,bedrooms_images
img003757.jpg,gf/bedrooms_images/img003757.jpg,6,bedrooms_images
img004618.jpg,gf/bedrooms_images/img004618.jpg,6,bedrooms_images
img001282.jpg,gf/bedrooms_images/img001282.jpg,6,bedrooms_images
img002855.jpg,gf/bedrooms_images/img002855.jpg,6,bedrooms_images
img000533.jpg,gf/bedrooms_images/img000533.jpg,6,bedrooms_images
img000266.jpg,gf/bedrooms_images/img000266.jpg,6,bedrooms_images
img000862.jpg,gf/bedrooms_images/img000862.jpg,6,bedrooms_images
img002467.jpg,gf/bedrooms_images/img002467.jpg,6,bedrooms_images
img001027.jpg,gf/bedrooms_images/img001027.jpg,6,bedrooms_images
img002836.jpg,gf/bedrooms_images/img002836.jpg,6,bedrooms_images
img001384.jpg,gf/bedrooms_images/img001384.jpg,6,bedrooms_images
img003917.jpg,gf/bedrooms_images/img003917.jpg,6,bedrooms_images
img004920.jpg,gf/bedrooms_images/img004920.jpg,6,bedrooms_images
img004265.jpg,gf/bedrooms_images/img004265.jpg,6,bedrooms_images
img000346.jpg,gf/bedrooms_images/img000346.jpg,6,bedrooms_images
img004617.jpg,gf/bedrooms_images/img004617.jpg,6,bedrooms_images
img002763.jpg,gf/bedrooms_images/img002763.jpg,6,bedrooms_images
img001821.jpg,gf/bedrooms_images/img001821.jpg,6,bedrooms_images
img000590.jpg,gf/bedrooms_images/img000590.jpg,6,bedrooms_images
img001055.jpg,gf/bedrooms_images/img001055.jpg,6,bedrooms_images
img004309.jpg,gf/bedrooms_images/img004309.jpg,6,bedrooms_images
img002208.jpg,gf/bedrooms_images/img002208.jpg,6,bedrooms_images
img003216.jpg,gf/bedrooms_images/img003216.jpg,6,bedrooms_images
img004541.jpg,gf/bedrooms_images/img004541.jpg,6,bedrooms_images
img001262.jpg,gf/bedrooms_images/img001262.jpg,6,bedrooms_images
img003866.jpg,gf/bedrooms_images/img003866.jpg,6,bedrooms_images
img002103.jpg,gf/bedrooms_images/img002103.jpg,6,bedrooms_images
img002786.jpg,gf/bedrooms_images/img002786.jpg,6,bedrooms_images
img003326.jpg,gf/bedrooms_images/img003326.jpg,6,bedrooms_images
img002933.jpg,gf/bedrooms_images/img002933.jpg,6,bedrooms_images
img004545.jpg,gf/bedrooms_images/img004545.jpg,6,bedrooms_images
img003314.jpg,gf/bedrooms_images/img003314.jpg,6,bedrooms_images
img001714.jpg,gf/bedrooms_images/img001714.jpg,6,bedrooms_images
img000493.jpg,gf/bedrooms_images/img000493.jpg,6,bedrooms_images
img002319.jpg,gf/bedrooms_images/img002319.jpg,6,bedrooms_images
img001715.jpg,gf/bedrooms_images/img001715.jpg,6,bedrooms_images
img004975.jpg,gf/bedrooms_images/img004975.jpg,6,bedrooms_images
img000264.jpg,gf/bedrooms_images/img000264.jpg,6,bedrooms_images
img001245.jpg,gf/bedrooms_images/img001245.jpg,6,bedrooms_images
img003051.jpg,gf/bedrooms_images/img003051.jpg,6,bedrooms_images
img000867.jpg,gf/bedrooms_images/img000867.jpg,6,bedrooms_images
img000813.jpg,gf/bedrooms_images/img000813.jpg,6,bedrooms_images
img003781.jpg,gf/bedrooms_images/img003781.jpg,6,bedrooms_images
img003819.jpg,gf/bedrooms_images/img003819.jpg,6,bedrooms_images
img004441.jpg,gf/bedrooms_images/img004441.jpg,6,bedrooms_images
img003774.jpg,gf/bedrooms_images/img003774.jpg,6,bedrooms_images
img001455.jpg,gf/bedrooms_images/img001455.jpg,6,bedrooms_images
img003293.jpg,gf/bedrooms_images/img003293.jpg,6,bedrooms_images
img002305.jpg,gf/bedrooms_images/img002305.jpg,6,bedrooms_images
img001516.jpg,gf/bedrooms_images/img001516.jpg,6,bedrooms_images
img003038.jpg,gf/bedrooms_images/img003038.jpg,6,bedrooms_images
img001255.jpg,gf/bedrooms_images/img001255.jpg,6,bedrooms_images
img003696.jpg,gf/bedrooms_images/img003696.jpg,6,bedrooms_images
img001636.jpg,gf/bedrooms_images/img001636.jpg,6,bedrooms_images
img002603.jpg,gf/bedrooms_images/img002603.jpg,6,bedrooms_images
img000605.jpg,gf/bedrooms_images/img000605.jpg,6,bedrooms_images
img001805.jpg,gf/bedrooms_images/img001805.jpg,6,bedrooms_images
img003083.jpg,gf/bedrooms_images/img003083.jpg,6,bedrooms_images
img004919.jpg,gf/bedrooms_images/img004919.jpg,6,bedrooms_images
img002312.jpg,gf/bedrooms_images/img002312.jpg,6,bedrooms_images
img000824.jpg,gf/bedrooms_images/img000824.jpg,6,bedrooms_images
img004853.jpg,gf/bedrooms_images/img004853.jpg,6,bedrooms_images
img001196.jpg,gf/bedrooms_images/img001196.jpg,6,bedrooms_images
img003487.jpg,gf/bedrooms_images/img003487.jpg,6,bedrooms_images
img004600.jpg,gf/bedrooms_images/img004600.jpg,6,bedrooms_images
img002102.jpg,gf/bedrooms_images/img002102.jpg,6,bedrooms_images
img002944.jpg,gf/bedrooms_images/img002944.jpg,6,bedrooms_images
img001365.jpg,gf/bedrooms_images/img001365.jpg,6,bedrooms_images
img004654.jpg,gf/bedrooms_images/img004654.jpg,6,bedrooms_images
img001057.jpg,gf/bedrooms_images/img001057.jpg,6,bedrooms_images
img001269.jpg,gf/bedrooms_images/img001269.jpg,6,bedrooms_images
img000464.jpg,gf/bedrooms_images/img000464.jpg,6,bedrooms_images
img004515.jpg,gf/bedrooms_images/img004515.jpg,6,bedrooms_images
img001363.jpg,gf/bedrooms_images/img001363.jpg,6,bedrooms_images
img000472.jpg,gf/bedrooms_images/img000472.jpg,6,bedrooms_images
img002411.jpg,gf/bedrooms_images/img002411.jpg,6,bedrooms_images
img000489.jpg,gf/bedrooms_images/img000489.jpg,6,bedrooms_images
img002649.jpg,gf/bedrooms_images/img002649.jpg,6,bedrooms_images
img001141.jpg,gf/bedrooms_images/img001141.jpg,6,bedrooms_images
img003523.jpg,gf/bedrooms_images/img003523.jpg,6,bedrooms_images
img002956.jpg,gf/bedrooms_images/img002956.jpg,6,bedrooms_images
img002059.jpg,gf/bedrooms_images/img002059.jpg,6,bedrooms_images
img000941.jpg,gf/bedrooms_images/img000941.jpg,6,bedrooms_images
img004923.jpg,gf/bedrooms_images/img004923.jpg,6,bedrooms_images
img004742.jpg,gf/bedrooms_images/img004742.jpg,6,bedrooms_images
img004102.jpg,gf/bedrooms_images/img004102.jpg,6,bedrooms_images
img002912.jpg,gf/bedrooms_images/img002912.jpg,6,bedrooms_images
img004528.jpg,gf/bedrooms_images/img004528.jpg,6,bedrooms_images
img004592.jpg,gf/bedrooms_images/img004592.jpg,6,bedrooms_images
img002291.jpg,gf/bedrooms_images/img002291.jpg,6,bedrooms_images
img003254.jpg,gf/bedrooms_images/img003254.jpg,6,bedrooms_images
img004182.jpg,gf/bedrooms_images/img004182.jpg,6,bedrooms_images
img004255.jpg,gf/bedrooms_images/img004255.jpg,6,bedrooms_images
img003667.jpg,gf/bedrooms_images/img003667.jpg,6,bedrooms_images
img004849.jpg,gf/bedrooms_images/img004849.jpg,6,bedrooms_images
img002625.jpg,gf/bedrooms_images/img002625.jpg,6,bedrooms_images
img003753.jpg,gf/bedrooms_images/img003753.jpg,6,bedrooms_images
img004529.jpg,gf/bedrooms_images/img004529.jpg,6,bedrooms_images
img000386.jpg,gf/bedrooms_images/img000386.jpg,6,bedrooms_images
img000399.jpg,gf/bedrooms_images/img000399.jpg,6,bedrooms_images
img002920.jpg,gf/bedrooms_images/img002920.jpg,6,bedrooms_images
img001216.jpg,gf/bedrooms_images/img001216.jpg,6,bedrooms_images
img003027.jpg,gf/bedrooms_images/img003027.jpg,6,bedrooms_images
img003397.jpg,gf/bedrooms_images/img003397.jpg,6,bedrooms_images
img000924.jpg,gf/bedrooms_images/img000924.jpg,6,bedrooms_images
img001246.jpg,gf/bedrooms_images/img001246.jpg,6,bedrooms_images
img000488.jpg,gf/bedrooms_images/img000488.jpg,6,bedrooms_images
img003111.jpg,gf/bedrooms_images/img003111.jpg,6,bedrooms_images
img003359.jpg,gf/bedrooms_images/img003359.jpg,6,bedrooms_images
img004233.jpg,gf/bedrooms_images/img004233.jpg,6,bedrooms_images
img001747.jpg,gf/bedrooms_images/img001747.jpg,6,bedrooms_images
img001011.jpg,gf/bedrooms_images/img001011.jpg,6,bedrooms_images
img004217.jpg,gf/bedrooms_images/img004217.jpg,6,bedrooms_images
img004279.jpg,gf/bedrooms_images/img004279.jpg,6,bedrooms_images
img003475.jpg,gf/bedrooms_images/img003475.jpg,6,bedrooms_images
img004611.jpg,gf/bedrooms_images/img004611.jpg,6,bedrooms_images
img000219.jpg,gf/bedrooms_images/img000219.jpg,6,bedrooms_images
img004585.jpg,gf/bedrooms_images/img004585.jpg,6,bedrooms_images
img000246.jpg,gf/bedrooms_images/img000246.jpg,6,bedrooms_images
img004733.jpg,gf/bedrooms_images/img004733.jpg,6,bedrooms_images
img004836.jpg,gf/bedrooms_images/img004836.jpg,6,bedrooms_images
img004402.jpg,gf/bedrooms_images/img004402.jpg,6,bedrooms_images
img001029.jpg,gf/bedrooms_images/img001029.jpg,6,bedrooms_images
img004626.jpg,gf/bedrooms_images/img004626.jpg,6,bedrooms_images
img004686.jpg,gf/bedrooms_images/img004686.jpg,6,bedrooms_images
img002196.jpg,gf/bedrooms_images/img002196.jpg,6,bedrooms_images
img000141.jpg,gf/bedrooms_images/img000141.jpg,6,bedrooms_images
img003449.jpg,gf/bedrooms_images/img003449.jpg,6,bedrooms_images
img002404.jpg,gf/bedrooms_images/img002404.jpg,6,bedrooms_images
img002815.jpg,gf/bedrooms_images/img002815.jpg,6,bedrooms_images
img000649.jpg,gf/bedrooms_images/img000649.jpg,6,bedrooms_images
img000794.jpg,gf/bedrooms_images/img000794.jpg,6,bedrooms_images
img001660.jpg,gf/bedrooms_images/img001660.jpg,6,bedrooms_images
img001104.jpg,gf/bedrooms_images/img001104.jpg,6,bedrooms_images
img001855.jpg,gf/bedrooms_images/img001855.jpg,6,bedrooms_images
img000987.jpg,gf/bedrooms_images/img000987.jpg,6,bedrooms_images
img001677.jpg,gf/bedrooms_images/img001677.jpg,6,bedrooms_images
img003956.jpg,gf/bedrooms_images/img003956.jpg,6,bedrooms_images
img001170.jpg,gf/bedrooms_images/img001170.jpg,6,bedrooms_images
img004924.jpg,gf/bedrooms_images/img004924.jpg,6,bedrooms_images
img003191.jpg,gf/bedrooms_images/img003191.jpg,6,bedrooms_images
img004875.jpg,gf/bedrooms_images/img004875.jpg,6,bedrooms_images
img004423.jpg,gf/bedrooms_images/img004423.jpg,6,bedrooms_images
img001745.jpg,gf/bedrooms_images/img001745.jpg,6,bedrooms_images
img004002.jpg,gf/bedrooms_images/img004002.jpg,6,bedrooms_images
img003230.jpg,gf/bedrooms_images/img003230.jpg,6,bedrooms_images
img001068.jpg,gf/bedrooms_images/img001068.jpg,6,bedrooms_images
img001321.jpg,gf/bedrooms_images/img001321.jpg,6,bedrooms_images
img000693.jpg,gf/bedrooms_images/img000693.jpg,6,bedrooms_images
img000961.jpg,gf/bedrooms_images/img000961.jpg,6,bedrooms_images
img004730.jpg,gf/bedrooms_images/img004730.jpg,6,bedrooms_images
img002702.jpg,gf/bedrooms_images/img002702.jpg,6,bedrooms_images
img001525.jpg,gf/bedrooms_images/img001525.jpg,6,bedrooms_images
img003975.jpg,gf/bedrooms_images/img003975.jpg,6,bedrooms_images
img002121.jpg,gf/bedrooms_images/img002121.jpg,6,bedrooms_images
img004538.jpg,gf/bedrooms_images/img004538.jpg,6,bedrooms_images
img003560.jpg,gf/bedrooms_images/img003560.jpg,6,bedrooms_images
img002399.jpg,gf/bedrooms_images/img002399.jpg,6,bedrooms_images
img002441.jpg,gf/bedrooms_images/img002441.jpg,6,bedrooms_images
img002461.jpg,gf/bedrooms_images/img002461.jpg,6,bedrooms_images
img001539.jpg,gf/bedrooms_images/img001539.jpg,6,bedrooms_images
img004709.jpg,gf/bedrooms_images/img004709.jpg,6,bedrooms_images
img000006.jpg,gf/bedrooms_images/img000006.jpg,6,bedrooms_images
img003758.jpg,gf/bedrooms_images/img003758.jpg,6,bedrooms_images
img000982.jpg,gf/bedrooms_images/img000982.jpg,6,bedrooms_images
img000179.jpg,gf/bedrooms_images/img000179.jpg,6,bedrooms_images
img001527.jpg,gf/bedrooms_images/img001527.jpg,6,bedrooms_images
img003213.jpg,gf/bedrooms_images/img003213.jpg,6,bedrooms_images
img003257.jpg,gf/bedrooms_images/img003257.jpg,6,bedrooms_images
img000746.jpg,gf/bedrooms_images/img000746.jpg,6,bedrooms_images
img004507.jpg,gf/bedrooms_images/img004507.jpg,6,bedrooms_images
img001203.jpg,gf/bedrooms_images/img001203.jpg,6,bedrooms_images
img001628.jpg,gf/bedrooms_images/img001628.jpg,6,bedrooms_images
img004261.jpg,gf/bedrooms_images/img004261.jpg,6,bedrooms_images
img001901.jpg,gf/bedrooms_images/img001901.jpg,6,bedrooms_images
img002398.jpg,gf/bedrooms_images/img002398.jpg,6,bedrooms_images
img004459.jpg,gf/bedrooms_images/img004459.jpg,6,bedrooms_images
img000462.jpg,gf/bedrooms_images/img000462.jpg,6,bedrooms_images
img001734.jpg,gf/bedrooms_images/img001734.jpg,6,bedrooms_images
img003173.jpg,gf/bedrooms_images/img003173.jpg,6,bedrooms_images
img001965.jpg,gf/bedrooms_images/img001965.jpg,6,bedrooms_images
img001488.jpg,gf/bedrooms_images/img001488.jpg,6,bedrooms_images
img001623.jpg,gf/bedrooms_images/img001623.jpg,6,bedrooms_images
img003167.jpg,gf/bedrooms_images/img003167.jpg,6,bedrooms_images
img004140.jpg,gf/bedrooms_images/img004140.jpg,6,bedrooms_images
img002903.jpg,gf/bedrooms_images/img002903.jpg,6,bedrooms_images
img003041.jpg,gf/bedrooms_images/img003041.jpg,6,bedrooms_images
img001060.jpg,gf/bedrooms_images/img001060.jpg,6,bedrooms_images
img001103.jpg,gf/bedrooms_images/img001103.jpg,6,bedrooms_images
img001854.jpg,gf/bedrooms_images/img001854.jpg,6,bedrooms_images
img002518.jpg,gf/bedrooms_images/img002518.jpg,6,bedrooms_images
img004137.jpg,gf/bedrooms_images/img004137.jpg,6,bedrooms_images
img000318.jpg,gf/bedrooms_images/img000318.jpg,6,bedrooms_images
img001118.jpg,gf/bedrooms_images/img001118.jpg,6,bedrooms_images
img004903.jpg,gf/bedrooms_images/img004903.jpg,6,bedrooms_images
img004622.jpg,gf/bedrooms_images/img004622.jpg,6,bedrooms_images
img002949.jpg,gf/bedrooms_images/img002949.jpg,6,bedrooms_images
img004947.jpg,gf/bedrooms_images/img004947.jpg,6,bedrooms_images
img004977.jpg,gf/bedrooms_images/img004977.jpg,6,bedrooms_images
img003521.jpg,gf/bedrooms_images/img003521.jpg,6,bedrooms_images
img000481.jpg,gf/bedrooms_images/img000481.jpg,6,bedrooms_images
img003962.jpg,gf/bedrooms_images/img003962.jpg,6,bedrooms_images
img003489.jpg,gf/bedrooms_images/img003489.jpg,6,bedrooms_images
img001681.jpg,gf/bedrooms_images/img001681.jpg,6,bedrooms_images
img000516.jpg,gf/bedrooms_images/img000516.jpg,6,bedrooms_images
img002666.jpg,gf/bedrooms_images/img002666.jpg,6,bedrooms_images
img004788.jpg,gf/bedrooms_images/img004788.jpg,6,bedrooms_images
img003319.jpg,gf/bedrooms_images/img003319.jpg,6,bedrooms_images
img004110.jpg,gf/bedrooms_images/img004110.jpg,6,bedrooms_images
img004115.jpg,gf/bedrooms_images/img004115.jpg,6,bedrooms_images
img000332.jpg,gf/bedrooms_images/img000332.jpg,6,bedrooms_images
img001130.jpg,gf/bedrooms_images/img001130.jpg,6,bedrooms_images
img002290.jpg,gf/bedrooms_images/img002290.jpg,6,bedrooms_images
img004211.jpg,gf/bedrooms_images/img004211.jpg,6,bedrooms_images
img001359.jpg,gf/bedrooms_images/img001359.jpg,6,bedrooms_images
img003023.jpg,gf/bedrooms_images/img003023.jpg,6,bedrooms_images
img000534.jpg,gf/bedrooms_images/img000534.jpg,6,bedrooms_images
img002212.jpg,gf/bedrooms_images/img002212.jpg,6,bedrooms_images
img001581.jpg,gf/bedrooms_images/img001581.jpg,6,bedrooms_images
img004321.jpg,gf/bedrooms_images/img004321.jpg,6,bedrooms_images
img001080.jpg,gf/bedrooms_images/img001080.jpg,6,bedrooms_images
img003132.jpg,gf/bedrooms_images/img003132.jpg,6,bedrooms_images
img001977.jpg,gf/bedrooms_images/img001977.jpg,6,bedrooms_images
img004514.jpg,gf/bedrooms_images/img004514.jpg,6,bedrooms_images
img003738.jpg,gf/bedrooms_images/img003738.jpg,6,bedrooms_images
img003868.jpg,gf/bedrooms_images/img003868.jpg,6,bedrooms_images
img001546.jpg,gf/bedrooms_images/img001546.jpg,6,bedrooms_images
img003271.jpg,gf/bedrooms_images/img003271.jpg,6,bedrooms_images
img000859.jpg,gf/bedrooms_images/img000859.jpg,6,bedrooms_images
img003039.jpg,gf/bedrooms_images/img003039.jpg,6,bedrooms_images
img002694.jpg,gf/bedrooms_images/img002694.jpg,6,bedrooms_images
img004428.jpg,gf/bedrooms_images/img004428.jpg,6,bedrooms_images
img001085.jpg,gf/bedrooms_images/img001085.jpg,6,bedrooms_images
img004564.jpg,gf/bedrooms_images/img004564.jpg,6,bedrooms_images
img002251.jpg,gf/bedrooms_images/img002251.jpg,6,bedrooms_images
img002860.jpg,gf/bedrooms_images/img002860.jpg,6,bedrooms_images
img003638.jpg,gf/bedrooms_images/img003638.jpg,6,bedrooms_images
img002030.jpg,gf/bedrooms_images/img002030.jpg,6,bedrooms_images
img002109.jpg,gf/bedrooms_images/img002109.jpg,6,bedrooms_images
img001382.jpg,gf/bedrooms_images/img001382.jpg,6,bedrooms_images
img002265.jpg,gf/bedrooms_images/img002265.jpg,6,bedrooms_images
img003007.jpg,gf/bedrooms_images/img003007.jpg,6,bedrooms_images
img000337.jpg,gf/bedrooms_images/img000337.jpg,6,bedrooms_images
img000670.jpg,gf/bedrooms_images/img000670.jpg,6,bedrooms_images
img003285.jpg,gf/bedrooms_images/img003285.jpg,6,bedrooms_images
img002220.jpg,gf/bedrooms_images/img002220.jpg,6,bedrooms_images
img000325.jpg,gf/bedrooms_images/img000325.jpg,6,bedrooms_images
img002833.jpg,gf/bedrooms_images/img002833.jpg,6,bedrooms_images
img002803.jpg,gf/bedrooms_images/img002803.jpg,6,bedrooms_images
img000239.jpg,gf/bedrooms_images/img000239.jpg,6,bedrooms_images
img003958.jpg,gf/bedrooms_images/img003958.jpg,6,bedrooms_images
img004436.jpg,gf/bedrooms_images/img004436.jpg,6,bedrooms_images
img003886.jpg,gf/bedrooms_images/img003886.jpg,6,bedrooms_images
img002027.jpg,gf/bedrooms_images/img002027.jpg,6,bedrooms_images
img000447.jpg,gf/bedrooms_images/img000447.jpg,6,bedrooms_images
img004455.jpg,gf/bedrooms_images/img004455.jpg,6,bedrooms_images
img000285.jpg,gf/bedrooms_images/img000285.jpg,6,bedrooms_images
img004500.jpg,gf/bedrooms_images/img004500.jpg,6,bedrooms_images
img002044.jpg,gf/bedrooms_images/img002044.jpg,6,bedrooms_images
img003289.jpg,gf/bedrooms_images/img003289.jpg,6,bedrooms_images
img000521.jpg,gf/bedrooms_images/img000521.jpg,6,bedrooms_images
img001052.jpg,gf/bedrooms_images/img001052.jpg,6,bedrooms_images
img003644.jpg,gf/bedrooms_images/img003644.jpg,6,bedrooms_images
img002940.jpg,gf/bedrooms_images/img002940.jpg,6,bedrooms_images
img003138.jpg,gf/bedrooms_images/img003138.jpg,6,bedrooms_images
img004531.jpg,gf/bedrooms_images/img004531.jpg,6,bedrooms_images
img003837.jpg,gf/bedrooms_images/img003837.jpg,6,bedrooms_images
img003964.jpg,gf/bedrooms_images/img003964.jpg,6,bedrooms_images
img003414.jpg,gf/bedrooms_images/img003414.jpg,6,bedrooms_images
img001585.jpg,gf/bedrooms_images/img001585.jpg,6,bedrooms_images
img003629.jpg,gf/bedrooms_images/img003629.jpg,6,bedrooms_images
img002906.jpg,gf/bedrooms_images/img002906.jpg,6,bedrooms_images
img002576.jpg,gf/bedrooms_images/img002576.jpg,6,bedrooms_images
img001776.jpg,gf/bedrooms_images/img001776.jpg,6,bedrooms_images
img004802.jpg,gf/bedrooms_images/img004802.jpg,6,bedrooms_images
img004562.jpg,gf/bedrooms_images/img004562.jpg,6,bedrooms_images
img000222.jpg,gf/bedrooms_images/img000222.jpg,6,bedrooms_images
img004028.jpg,gf/bedrooms_images/img004028.jpg,6,bedrooms_images
img001198.jpg,gf/bedrooms_images/img001198.jpg,6,bedrooms_images
img003117.jpg,gf/bedrooms_images/img003117.jpg,6,bedrooms_images
img003994.jpg,gf/bedrooms_images/img003994.jpg,6,bedrooms_images
img001765.jpg,gf/bedrooms_images/img001765.jpg,6,bedrooms_images
img000152.jpg,gf/bedrooms_images/img000152.jpg,6,bedrooms_images
img003005.jpg,gf/bedrooms_images/img003005.jpg,6,bedrooms_images
img001316.jpg,gf/bedrooms_images/img001316.jpg,6,bedrooms_images
img004948.jpg,gf/bedrooms_images/img004948.jpg,6,bedrooms_images
img001172.jpg,gf/bedrooms_images/img001172.jpg,6,bedrooms_images
img003438.jpg,gf/bedrooms_images/img003438.jpg,6,bedrooms_images
img001426.jpg,gf/bedrooms_images/img001426.jpg,6,bedrooms_images
img001537.jpg,gf/bedrooms_images/img001537.jpg,6,bedrooms_images
img000548.jpg,gf/bedrooms_images/img000548.jpg,6,bedrooms_images
img003159.jpg,gf/bedrooms_images/img003159.jpg,6,bedrooms_images
img003137.jpg,gf/bedrooms_images/img003137.jpg,6,bedrooms_images
img003383.jpg,gf/bedrooms_images/img003383.jpg,6,bedrooms_images
img000805.jpg,gf/bedrooms_images/img000805.jpg,6,bedrooms_images
img001552.jpg,gf/bedrooms_images/img001552.jpg,6,bedrooms_images
img003342.jpg,gf/bedrooms_images/img003342.jpg,6,bedrooms_images
img000847.jpg,gf/bedrooms_images/img000847.jpg,6,bedrooms_images
img001876.jpg,gf/bedrooms_images/img001876.jpg,6,bedrooms_images
img004590.jpg,gf/bedrooms_images/img004590.jpg,6,bedrooms_images
img004668.jpg,gf/bedrooms_images/img004668.jpg,6,bedrooms_images
img001348.jpg,gf/bedrooms_images/img001348.jpg,6,bedrooms_images
img003721.jpg,gf/bedrooms_images/img003721.jpg,6,bedrooms_images
img002880.jpg,gf/bedrooms_images/img002880.jpg,6,bedrooms_images
img003952.jpg,gf/bedrooms_images/img003952.jpg,6,bedrooms_images
img001906.jpg,gf/bedrooms_images/img001906.jpg,6,bedrooms_images
img000771.jpg,gf/bedrooms_images/img000771.jpg,6,bedrooms_images
img003639.jpg,gf/bedrooms_images/img003639.jpg,6,bedrooms_images
img004486.jpg,gf/bedrooms_images/img004486.jpg,6,bedrooms_images
img002703.jpg,gf/bedrooms_images/img002703.jpg,6,bedrooms_images
img000518.jpg,gf/bedrooms_images/img000518.jpg,6,bedrooms_images
img000058.jpg,gf/bedrooms_images/img000058.jpg,6,bedrooms_images
img003004.jpg,gf/bedrooms_images/img003004.jpg,6,bedrooms_images
img001162.jpg,gf/bedrooms_images/img001162.jpg,6,bedrooms_images
img000453.jpg,gf/bedrooms_images/img000453.jpg,6,bedrooms_images
img004847.jpg,gf/bedrooms_images/img004847.jpg,6,bedrooms_images
img002739.jpg,gf/bedrooms_images/img002739.jpg,6,bedrooms_images
img002167.jpg,gf/bedrooms_images/img002167.jpg,6,bedrooms_images
img001212.jpg,gf/bedrooms_images/img001212.jpg,6,bedrooms_images
img002209.jpg,gf/bedrooms_images/img002209.jpg,6,bedrooms_images
img002922.jpg,gf/bedrooms_images/img002922.jpg,6,bedrooms_images
img003700.jpg,gf/bedrooms_images/img003700.jpg,6,bedrooms_images
img000023.jpg,gf/bedrooms_images/img000023.jpg,6,bedrooms_images
img004047.jpg,gf/bedrooms_images/img004047.jpg,6,bedrooms_images
img000381.jpg,gf/bedrooms_images/img000381.jpg,6,bedrooms_images
img001825.jpg,gf/bedrooms_images/img001825.jpg,6,bedrooms_images
img003264.jpg,gf/bedrooms_images/img003264.jpg,6,bedrooms_images
img003073.jpg,gf/bedrooms_images/img003073.jpg,6,bedrooms_images
img002688.jpg,gf/bedrooms_images/img002688.jpg,6,bedrooms_images
img000329.jpg,gf/bedrooms_images/img000329.jpg,6,bedrooms_images
img000136.jpg,gf/bedrooms_images/img000136.jpg,6,bedrooms_images
img004355.jpg,gf/bedrooms_images/img004355.jpg,6,bedrooms_images
img003664.jpg,gf/bedrooms_images/img003664.jpg,6,bedrooms_images
img002126.jpg,gf/bedrooms_images/img002126.jpg,6,bedrooms_images
img000153.jpg,gf/bedrooms_images/img000153.jpg,6,bedrooms_images
img001512.jpg,gf/bedrooms_images/img001512.jpg,6,bedrooms_images
img002505.jpg,gf/bedrooms_images/img002505.jpg,6,bedrooms_images
img001219.jpg,gf/bedrooms_images/img001219.jpg,6,bedrooms_images
img004072.jpg,gf/bedrooms_images/img004072.jpg,6,bedrooms_images
img002899.jpg,gf/bedrooms_images/img002899.jpg,6,bedrooms_images
img000191.jpg,gf/bedrooms_images/img000191.jpg,6,bedrooms_images
img000637.jpg,gf/bedrooms_images/img000637.jpg,6,bedrooms_images
img003942.jpg,gf/bedrooms_images/img003942.jpg,6,bedrooms_images
img000105.jpg,gf/bedrooms_images/img000105.jpg,6,bedrooms_images
img003542.jpg,gf/bedrooms_images/img003542.jpg,6,bedrooms_images
img001263.jpg,gf/bedrooms_images/img001263.jpg,6,bedrooms_images
img001608.jpg,gf/bedrooms_images/img001608.jpg,6,bedrooms_images
img000975.jpg,gf/bedrooms_images/img000975.jpg,6,bedrooms_images
img003785.jpg,gf/bedrooms_images/img003785.jpg,6,bedrooms_images
img003430.jpg,gf/bedrooms_images/img003430.jpg,6,bedrooms_images
img002946.jpg,gf/bedrooms_images/img002946.jpg,6,bedrooms_images
img002190.jpg,gf/bedrooms_images/img002190.jpg,6,bedrooms_images
img001917.jpg,gf/bedrooms_images/img001917.jpg,6,bedrooms_images
img003422.jpg,gf/bedrooms_images/img003422.jpg,6,bedrooms_images
img001882.jpg,gf/bedrooms_images/img001882.jpg,6,bedrooms_images
img002537.jpg,gf/bedrooms_images/img002537.jpg,6,bedrooms_images
img001043.jpg,gf/bedrooms_images/img001043.jpg,6,bedrooms_images
img000005.jpg,gf/bedrooms_images/img000005.jpg,6,bedrooms_images
img003590.jpg,gf/bedrooms_images/img003590.jpg,6,bedrooms_images
img003354.jpg,gf/bedrooms_images/img003354.jpg,6,bedrooms_images
img003484.jpg,gf/bedrooms_images/img003484.jpg,6,bedrooms_images
img003526.jpg,gf/bedrooms_images/img003526.jpg,6,bedrooms_images
img004781.jpg,gf/bedrooms_images/img004781.jpg,6,bedrooms_images
img002504.jpg,gf/bedrooms_images/img002504.jpg,6,bedrooms_images
img001177.jpg,gf/bedrooms_images/img001177.jpg,6,bedrooms_images
img001665.jpg,gf/bedrooms_images/img001665.jpg,6,bedrooms_images
img000319.jpg,gf/bedrooms_images/img000319.jpg,6,bedrooms_images
img001470.jpg,gf/bedrooms_images/img001470.jpg,6,bedrooms_images
img002609.jpg,gf/bedrooms_images/img002609.jpg,6,bedrooms_images
img003095.jpg,gf/bedrooms_images/img003095.jpg,6,bedrooms_images
img000531.jpg,gf/bedrooms_images/img000531.jpg,6,bedrooms_images
img003807.jpg,gf/bedrooms_images/img003807.jpg,6,bedrooms_images
img003895.jpg,gf/bedrooms_images/img003895.jpg,6,bedrooms_images
img003773.jpg,gf/bedrooms_images/img003773.jpg,6,bedrooms_images
img000603.jpg,gf/bedrooms_images/img000603.jpg,6,bedrooms_images
img002788.jpg,gf/bedrooms_images/img002788.jpg,6,bedrooms_images
img003720.jpg,gf/bedrooms_images/img003720.jpg,6,bedrooms_images
img001663.jpg,gf/bedrooms_images/img001663.jpg,6,bedrooms_images
img004433.jpg,gf/bedrooms_images/img004433.jpg,6,bedrooms_images
img002678.jpg,gf/bedrooms_images/img002678.jpg,6,bedrooms_images
img002194.jpg,gf/bedrooms_images/img002194.jpg,6,bedrooms_images
img000212.jpg,gf/bedrooms_images/img000212.jpg,6,bedrooms_images
img002223.jpg,gf/bedrooms_images/img002223.jpg,6,bedrooms_images
img000659.jpg,gf/bedrooms_images/img000659.jpg,6,bedrooms_images
img004938.jpg,gf/bedrooms_images/img004938.jpg,6,bedrooms_images
img002004.jpg,gf/bedrooms_images/img002004.jpg,6,bedrooms_images
img002600.jpg,gf/bedrooms_images/img002600.jpg,6,bedrooms_images
img001969.jpg,gf/bedrooms_images/img001969.jpg,6,bedrooms_images
img004043.jpg,gf/bedrooms_images/img004043.jpg,6,bedrooms_images
img001513.jpg,gf/bedrooms_images/img001513.jpg,6,bedrooms_images
img004190.jpg,gf/bedrooms_images/img004190.jpg,6,bedrooms_images
img002230.jpg,gf/bedrooms_images/img002230.jpg,6,bedrooms_images
img001229.jpg,gf/bedrooms_images/img001229.jpg,6,bedrooms_images
img000546.jpg,gf/bedrooms_images/img000546.jpg,6,bedrooms_images
img000287.jpg,gf/bedrooms_images/img000287.jpg,6,bedrooms_images
img000640.jpg,gf/bedrooms_images/img000640.jpg,6,bedrooms_images
img001422.jpg,gf/bedrooms_images/img001422.jpg,6,bedrooms_images
img002885.jpg,gf/bedrooms_images/img002885.jpg,6,bedrooms_images
img002929.jpg,gf/bedrooms_images/img002929.jpg,6,bedrooms_images
img000144.jpg,gf/bedrooms_images/img000144.jpg,6,bedrooms_images
img001963.jpg,gf/bedrooms_images/img001963.jpg,6,bedrooms_images
img002795.jpg,gf/bedrooms_images/img002795.jpg,6,bedrooms_images
img002186.jpg,gf/bedrooms_images/img002186.jpg,6,bedrooms_images
img003224.jpg,gf/bedrooms_images/img003224.jpg,6,bedrooms_images
img001164.jpg,gf/bedrooms_images/img001164.jpg,6,bedrooms_images
img001396.jpg,gf/bedrooms_images/img001396.jpg,6,bedrooms_images
img002591.jpg,gf/bedrooms_images/img002591.jpg,6,bedrooms_images
img003176.jpg,gf/bedrooms_images/img003176.jpg,6,bedrooms_images
img000108.jpg,gf/bedrooms_images/img000108.jpg,6,bedrooms_images
img004179.jpg,gf/bedrooms_images/img004179.jpg,6,bedrooms_images
img000513.jpg,gf/bedrooms_images/img000513.jpg,6,bedrooms_images
img001086.jpg,gf/bedrooms_images/img001086.jpg,6,bedrooms_images
img004338.jpg,gf/bedrooms_images/img004338.jpg,6,bedrooms_images
img001642.jpg,gf/bedrooms_images/img001642.jpg,6,bedrooms_images
img003537.jpg,gf/bedrooms_images/img003537.jpg,6,bedrooms_images
img003118.jpg,gf/bedrooms_images/img003118.jpg,6,bedrooms_images
img000155.jpg,gf/bedrooms_images/img000155.jpg,6,bedrooms_images
img003663.jpg,gf/bedrooms_images/img003663.jpg,6,bedrooms_images
img004985.jpg,gf/bedrooms_images/img004985.jpg,6,bedrooms_images
img001742.jpg,gf/bedrooms_images/img001742.jpg,6,bedrooms_images
img002556.jpg,gf/bedrooms_images/img002556.jpg,6,bedrooms_images
img004616.jpg,gf/bedrooms_images/img004616.jpg,6,bedrooms_images
img000989.jpg,gf/bedrooms_images/img000989.jpg,6,bedrooms_images
img004030.jpg,gf/bedrooms_images/img004030.jpg,6,bedrooms_images
img002569.jpg,gf/bedrooms_images/img002569.jpg,6,bedrooms_images
img001206.jpg,gf/bedrooms_images/img001206.jpg,6,bedrooms_images
img004732.jpg,gf/bedrooms_images/img004732.jpg,6,bedrooms_images
img004178.jpg,gf/bedrooms_images/img004178.jpg,6,bedrooms_images
img000308.jpg,gf/bedrooms_images/img000308.jpg,6,bedrooms_images
img004184.jpg,gf/bedrooms_images/img004184.jpg,6,bedrooms_images
img003946.jpg,gf/bedrooms_images/img003946.jpg,6,bedrooms_images
img002813.jpg,gf/bedrooms_images/img002813.jpg,6,bedrooms_images
img002578.jpg,gf/bedrooms_images/img002578.jpg,6,bedrooms_images
img004969.jpg,gf/bedrooms_images/img004969.jpg,6,bedrooms_images
img003515.jpg,gf/bedrooms_images/img003515.jpg,6,bedrooms_images
img003908.jpg,gf/bedrooms_images/img003908.jpg,6,bedrooms_images
img000353.jpg,gf/bedrooms_images/img000353.jpg,6,bedrooms_images
img000596.jpg,gf/bedrooms_images/img000596.jpg,6,bedrooms_images
img001298.jpg,gf/bedrooms_images/img001298.jpg,6,bedrooms_images
img002969.jpg,gf/bedrooms_images/img002969.jpg,6,bedrooms_images
img000194.jpg,gf/bedrooms_images/img000194.jpg,6,bedrooms_images
img004667.jpg,gf/bedrooms_images/img004667.jpg,6,bedrooms_images
img000368.jpg,gf/bedrooms_images/img000368.jpg,6,bedrooms_images
img004081.jpg,gf/bedrooms_images/img004081.jpg,6,bedrooms_images
img002486.jpg,gf/bedrooms_images/img002486.jpg,6,bedrooms_images
img000171.jpg,gf/bedrooms_images/img000171.jpg,6,bedrooms_images
img002541.jpg,gf/bedrooms_images/img002541.jpg,6,bedrooms_images
img003206.jpg,gf/bedrooms_images/img003206.jpg,6,bedrooms_images
img000382.jpg,gf/bedrooms_images/img000382.jpg,6,bedrooms_images
img000909.jpg,gf/bedrooms_images/img000909.jpg,6,bedrooms_images
img001503.jpg,gf/bedrooms_images/img001503.jpg,6,bedrooms_images
img000606.jpg,gf/bedrooms_images/img000606.jpg,6,bedrooms_images
img001531.jpg,gf/bedrooms_images/img001531.jpg,6,bedrooms_images
img004040.jpg,gf/bedrooms_images/img004040.jpg,6,bedrooms_images
img004648.jpg,gf/bedrooms_images/img004648.jpg,6,bedrooms_images
img003353.jpg,gf/bedrooms_images/img003353.jpg,6,bedrooms_images
img003582.jpg,gf/bedrooms_images/img003582.jpg,6,bedrooms_images
img002942.jpg,gf/bedrooms_images/img002942.jpg,6,bedrooms_images
img000522.jpg,gf/bedrooms_images/img000522.jpg,6,bedrooms_images
img002049.jpg,gf/bedrooms_images/img002049.jpg,6,bedrooms_images
img003701.jpg,gf/bedrooms_images/img003701.jpg,6,bedrooms_images
img004396.jpg,gf/bedrooms_images/img004396.jpg,6,bedrooms_images
img004689.jpg,gf/bedrooms_images/img004689.jpg,6,bedrooms_images
img003022.jpg,gf/bedrooms_images/img003022.jpg,6,bedrooms_images
img001114.jpg,gf/bedrooms_images/img001114.jpg,6,bedrooms_images
img003080.jpg,gf/bedrooms_images/img003080.jpg,6,bedrooms_images
img004022.jpg,gf/bedrooms_images/img004022.jpg,6,bedrooms_images
img001447.jpg,gf/bedrooms_images/img001447.jpg,6,bedrooms_images
img003445.jpg,gf/bedrooms_images/img003445.jpg,6,bedrooms_images
img004439.jpg,gf/bedrooms_images/img004439.jpg,6,bedrooms_images
img003150.jpg,gf/bedrooms_images/img003150.jpg,6,bedrooms_images
img002761.jpg,gf/bedrooms_images/img002761.jpg,6,bedrooms_images
img000166.jpg,gf/bedrooms_images/img000166.jpg,6,bedrooms_images
img001291.jpg,gf/bedrooms_images/img001291.jpg,6,bedrooms_images
img002573.jpg,gf/bedrooms_images/img002573.jpg,6,bedrooms_images
img001993.jpg,gf/bedrooms_images/img001993.jpg,6,bedrooms_images
img000954.jpg,gf/bedrooms_images/img000954.jpg,6,bedrooms_images
img000182.jpg,gf/bedrooms_images/img000182.jpg,6,bedrooms_images
img000411.jpg,gf/bedrooms_images/img000411.jpg,6,bedrooms_images
img003804.jpg,gf/bedrooms_images/img003804.jpg,6,bedrooms_images
img003980.jpg,gf/bedrooms_images/img003980.jpg,6,bedrooms_images
img000724.jpg,gf/bedrooms_images/img000724.jpg,6,bedrooms_images
img002585.jpg,gf/bedrooms_images/img002585.jpg,6,bedrooms_images
img002079.jpg,gf/bedrooms_images/img002079.jpg,6,bedrooms_images
img004582.jpg,gf/bedrooms_images/img004582.jpg,6,bedrooms_images
img000567.jpg,gf/bedrooms_images/img000567.jpg,6,bedrooms_images
img004874.jpg,gf/bedrooms_images/img004874.jpg,6,bedrooms_images
img002388.jpg,gf/bedrooms_images/img002388.jpg,6,bedrooms_images
img002767.jpg,gf/bedrooms_images/img002767.jpg,6,bedrooms_images
img003966.jpg,gf/bedrooms_images/img003966.jpg,6,bedrooms_images
img000729.jpg,gf/bedrooms_images/img000729.jpg,6,bedrooms_images
img003713.jpg,gf/bedrooms_images/img003713.jpg,6,bedrooms_images
img002990.jpg,gf/bedrooms_images/img002990.jpg,6,bedrooms_images
img000483.jpg,gf/bedrooms_images/img000483.jpg,6,bedrooms_images
img004808.jpg,gf/bedrooms_images/img004808.jpg,6,bedrooms_images
img000410.jpg,gf/bedrooms_images/img000410.jpg,6,bedrooms_images
img002952.jpg,gf/bedrooms_images/img002952.jpg,6,bedrooms_images
img004755.jpg,gf/bedrooms_images/img004755.jpg,6,bedrooms_images
img000660.jpg,gf/bedrooms_images/img000660.jpg,6,bedrooms_images
img001795.jpg,gf/bedrooms_images/img001795.jpg,6,bedrooms_images
img003127.jpg,gf/bedrooms_images/img003127.jpg,6,bedrooms_images
img001432.jpg,gf/bedrooms_images/img001432.jpg,6,bedrooms_images
img003200.jpg,gf/bedrooms_images/img003200.jpg,6,bedrooms_images
img000064.jpg,gf/bedrooms_images/img000064.jpg,6,bedrooms_images
img002668.jpg,gf/bedrooms_images/img002668.jpg,6,bedrooms_images
img002142.jpg,gf/bedrooms_images/img002142.jpg,6,bedrooms_images
img001076.jpg,gf/bedrooms_images/img001076.jpg,6,bedrooms_images
img002132.jpg,gf/bedrooms_images/img002132.jpg,6,bedrooms_images
img003607.jpg,gf/bedrooms_images/img003607.jpg,6,bedrooms_images
img002161.jpg,gf/bedrooms_images/img002161.jpg,6,bedrooms_images
img003499.jpg,gf/bedrooms_images/img003499.jpg,6,bedrooms_images
img003215.jpg,gf/bedrooms_images/img003215.jpg,6,bedrooms_images
img002826.jpg,gf/bedrooms_images/img002826.jpg,6,bedrooms_images
img000096.jpg,gf/bedrooms_images/img000096.jpg,6,bedrooms_images
img001258.jpg,gf/bedrooms_images/img001258.jpg,6,bedrooms_images
img004929.jpg,gf/bedrooms_images/img004929.jpg,6,bedrooms_images
img001763.jpg,gf/bedrooms_images/img001763.jpg,6,bedrooms_images
img004896.jpg,gf/bedrooms_images/img004896.jpg,6,bedrooms_images
img002760.jpg,gf/bedrooms_images/img002760.jpg,6,bedrooms_images
img003912.jpg,gf/bedrooms_images/img003912.jpg,6,bedrooms_images
img001477.jpg,gf/bedrooms_images/img001477.jpg,6,bedrooms_images
img003686.jpg,gf/bedrooms_images/img003686.jpg,6,bedrooms_images
img002371.jpg,gf/bedrooms_images/img002371.jpg,6,bedrooms_images
img002276.jpg,gf/bedrooms_images/img002276.jpg,6,bedrooms_images
img004996.jpg,gf/bedrooms_images/img004996.jpg,6,bedrooms_images
img003997.jpg,gf/bedrooms_images/img003997.jpg,6,bedrooms_images
img001356.jpg,gf/bedrooms_images/img001356.jpg,6,bedrooms_images
img000050.jpg,gf/bedrooms_images/img000050.jpg,6,bedrooms_images
img004757.jpg,gf/bedrooms_images/img004757.jpg,6,bedrooms_images
img002060.jpg,gf/bedrooms_images/img002060.jpg,6,bedrooms_images
img003427.jpg,gf/bedrooms_images/img003427.jpg,6,bedrooms_images
img004252.jpg,gf/bedrooms_images/img004252.jpg,6,bedrooms_images
img002127.jpg,gf/bedrooms_images/img002127.jpg,6,bedrooms_images
img002515.jpg,gf/bedrooms_images/img002515.jpg,6,bedrooms_images
img001307.jpg,gf/bedrooms_images/img001307.jpg,6,bedrooms_images
img000925.jpg,gf/bedrooms_images/img000925.jpg,6,bedrooms_images
img002844.jpg,gf/bedrooms_images/img002844.jpg,6,bedrooms_images
img003508.jpg,gf/bedrooms_images/img003508.jpg,6,bedrooms_images
img001743.jpg,gf/bedrooms_images/img001743.jpg,6,bedrooms_images
img000591.jpg,gf/bedrooms_images/img000591.jpg,6,bedrooms_images
img003158.jpg,gf/bedrooms_images/img003158.jpg,6,bedrooms_images
img001413.jpg,gf/bedrooms_images/img001413.jpg,6,bedrooms_images
img001139.jpg,gf/bedrooms_images/img001139.jpg,6,bedrooms_images
img001655.jpg,gf/bedrooms_images/img001655.jpg,6,bedrooms_images
img002151.jpg,gf/bedrooms_images/img002151.jpg,6,bedrooms_images
img004020.jpg,gf/bedrooms_images/img004020.jpg,6,bedrooms_images
img002566.jpg,gf/bedrooms_images/img002566.jpg,6,bedrooms_images
img004578.jpg,gf/bedrooms_images/img004578.jpg,6,bedrooms_images
img000079.jpg,gf/bedrooms_images/img000079.jpg,6,bedrooms_images
img000623.jpg,gf/bedrooms_images/img000623.jpg,6,bedrooms_images
img002528.jpg,gf/bedrooms_images/img002528.jpg,6,bedrooms_images
img001194.jpg,gf/bedrooms_images/img001194.jpg,6,bedrooms_images
img000165.jpg,gf/bedrooms_images/img000165.jpg,6,bedrooms_images
img001133.jpg,gf/bedrooms_images/img001133.jpg,6,bedrooms_images
img001506.jpg,gf/bedrooms_images/img001506.jpg,6,bedrooms_images
img004490.jpg,gf/bedrooms_images/img004490.jpg,6,bedrooms_images
img001483.jpg,gf/bedrooms_images/img001483.jpg,6,bedrooms_images
img004721.jpg,gf/bedrooms_images/img004721.jpg,6,bedrooms_images
img002951.jpg,gf/bedrooms_images/img002951.jpg,6,bedrooms_images
img002954.jpg,gf/bedrooms_images/img002954.jpg,6,bedrooms_images
img001378.jpg,gf/bedrooms_images/img001378.jpg,6,bedrooms_images
img001131.jpg,gf/bedrooms_images/img001131.jpg,6,bedrooms_images
img004910.jpg,gf/bedrooms_images/img004910.jpg,6,bedrooms_images
img004328.jpg,gf/bedrooms_images/img004328.jpg,6,bedrooms_images
img001746.jpg,gf/bedrooms_images/img001746.jpg,6,bedrooms_images
img004231.jpg,gf/bedrooms_images/img004231.jpg,6,bedrooms_images
img001209.jpg,gf/bedrooms_images/img001209.jpg,6,bedrooms_images
img004865.jpg,gf/bedrooms_images/img004865.jpg,6,bedrooms_images
img003144.jpg,gf/bedrooms_images/img003144.jpg,6,bedrooms_images
img002878.jpg,gf/bedrooms_images/img002878.jpg,6,bedrooms_images
img000840.jpg,gf/bedrooms_images/img000840.jpg,6,bedrooms_images
img004867.jpg,gf/bedrooms_images/img004867.jpg,6,bedrooms_images
img004663.jpg,gf/bedrooms_images/img004663.jpg,6,bedrooms_images
img000491.jpg,gf/bedrooms_images/img000491.jpg,6,bedrooms_images
img001708.jpg,gf/bedrooms_images/img001708.jpg,6,bedrooms_images
img004092.jpg,gf/bedrooms_images/img004092.jpg,6,bedrooms_images
img001126.jpg,gf/bedrooms_images/img001126.jpg,6,bedrooms_images
img001815.jpg,gf/bedrooms_images/img001815.jpg,6,bedrooms_images
img002545.jpg,gf/bedrooms_images/img002545.jpg,6,bedrooms_images
img003707.jpg,gf/bedrooms_images/img003707.jpg,6,bedrooms_images
img002950.jpg,gf/bedrooms_images/img002950.jpg,6,bedrooms_images
img000981.jpg,gf/bedrooms_images/img000981.jpg,6,bedrooms_images
img003079.jpg,gf/bedrooms_images/img003079.jpg,6,bedrooms_images
img004187.jpg,gf/bedrooms_images/img004187.jpg,6,bedrooms_images
img002644.jpg,gf/bedrooms_images/img002644.jpg,6,bedrooms_images
img001197.jpg,gf/bedrooms_images/img001197.jpg,6,bedrooms_images
img003032.jpg,gf/bedrooms_images/img003032.jpg,6,bedrooms_images
img002875.jpg,gf/bedrooms_images/img002875.jpg,6,bedrooms_images
img000387.jpg,gf/bedrooms_images/img000387.jpg,6,bedrooms_images
img002359.jpg,gf/bedrooms_images/img002359.jpg,6,bedrooms_images
img001596.jpg,gf/bedrooms_images/img001596.jpg,6,bedrooms_images
img000178.jpg,gf/bedrooms_images/img000178.jpg,6,bedrooms_images
img003809.jpg,gf/bedrooms_images/img003809.jpg,6,bedrooms_images
img003357.jpg,gf/bedrooms_images/img003357.jpg,6,bedrooms_images
img000470.jpg,gf/bedrooms_images/img000470.jpg,6,bedrooms_images
img000926.jpg,gf/bedrooms_images/img000926.jpg,6,bedrooms_images
img004448.jpg,gf/bedrooms_images/img004448.jpg,6,bedrooms_images
img004203.jpg,gf/bedrooms_images/img004203.jpg,6,bedrooms_images
img002778.jpg,gf/bedrooms_images/img002778.jpg,6,bedrooms_images
img000676.jpg,gf/bedrooms_images/img000676.jpg,6,bedrooms_images
img003441.jpg,gf/bedrooms_images/img003441.jpg,6,bedrooms_images
img002037.jpg,gf/bedrooms_images/img002037.jpg,6,bedrooms_images
img004377.jpg,gf/bedrooms_images/img004377.jpg,6,bedrooms_images
img001038.jpg,gf/bedrooms_images/img001038.jpg,6,bedrooms_images
img000615.jpg,gf/bedrooms_images/img000615.jpg,6,bedrooms_images
img001469.jpg,gf/bedrooms_images/img001469.jpg,6,bedrooms_images
img004466.jpg,gf/bedrooms_images/img004466.jpg,6,bedrooms_images
img003341.jpg,gf/bedrooms_images/img003341.jpg,6,bedrooms_images
img001612.jpg,gf/bedrooms_images/img001612.jpg,6,bedrooms_images
img004828.jpg,gf/bedrooms_images/img004828.jpg,6,bedrooms_images
img001893.jpg,gf/bedrooms_images/img001893.jpg,6,bedrooms_images
img002846.jpg,gf/bedrooms_images/img002846.jpg,6,bedrooms_images
img000908.jpg,gf/bedrooms_images/img000908.jpg,6,bedrooms_images
img004809.jpg,gf/bedrooms_images/img004809.jpg,6,bedrooms_images
img003513.jpg,gf/bedrooms_images/img003513.jpg,6,bedrooms_images
img002882.jpg,gf/bedrooms_images/img002882.jpg,6,bedrooms_images
img002731.jpg,gf/bedrooms_images/img002731.jpg,6,bedrooms_images
img002999.jpg,gf/bedrooms_images/img002999.jpg,6,bedrooms_images
img003451.jpg,gf/bedrooms_images/img003451.jpg,6,bedrooms_images
img002445.jpg,gf/bedrooms_images/img002445.jpg,6,bedrooms_images
img003986.jpg,gf/bedrooms_images/img003986.jpg,6,bedrooms_images
img002162.jpg,gf/bedrooms_images/img002162.jpg,6,bedrooms_images
img003136.jpg,gf/bedrooms_images/img003136.jpg,6,bedrooms_images
img004214.jpg,gf/bedrooms_images/img004214.jpg,6,bedrooms_images
img004624.jpg,gf/bedrooms_images/img004624.jpg,6,bedrooms_images
img000415.jpg,gf/bedrooms_images/img000415.jpg,6,bedrooms_images
img001476.jpg,gf/bedrooms_images/img001476.jpg,6,bedrooms_images
img000420.jpg,gf/bedrooms_images/img000420.jpg,6,bedrooms_images
img002415.jpg,gf/bedrooms_images/img002415.jpg,6,bedrooms_images
img000549.jpg,gf/bedrooms_images/img000549.jpg,6,bedrooms_images
img001090.jpg,gf/bedrooms_images/img001090.jpg,6,bedrooms_images
img003169.jpg,gf/bedrooms_images/img003169.jpg,6,bedrooms_images
img002376.jpg,gf/bedrooms_images/img002376.jpg,6,bedrooms_images
img003913.jpg,gf/bedrooms_images/img003913.jpg,6,bedrooms_images
img004173.jpg,gf/bedrooms_images/img004173.jpg,6,bedrooms_images
img001338.jpg,gf/bedrooms_images/img001338.jpg,6,bedrooms_images
img001990.jpg,gf/bedrooms_images/img001990.jpg,6,bedrooms_images
img000202.jpg,gf/bedrooms_images/img000202.jpg,6,bedrooms_images
img002592.jpg,gf/bedrooms_images/img002592.jpg,6,bedrooms_images
img002374.jpg,gf/bedrooms_images/img002374.jpg,6,bedrooms_images
img003836.jpg,gf/bedrooms_images/img003836.jpg,6,bedrooms_images
img001287.jpg,gf/bedrooms_images/img001287.jpg,6,bedrooms_images
img000403.jpg,gf/bedrooms_images/img000403.jpg,6,bedrooms_images
img002463.jpg,gf/bedrooms_images/img002463.jpg,6,bedrooms_images
img004884.jpg,gf/bedrooms_images/img004884.jpg,6,bedrooms_images
img003858.jpg,gf/bedrooms_images/img003858.jpg,6,bedrooms_images
img000763.jpg,gf/bedrooms_images/img000763.jpg,6,bedrooms_images
img001297.jpg,gf/bedrooms_images/img001297.jpg,6,bedrooms_images
img001093.jpg,gf/bedrooms_images/img001093.jpg,6,bedrooms_images
img001120.jpg,gf/bedrooms_images/img001120.jpg,6,bedrooms_images
img002919.jpg,gf/bedrooms_images/img002919.jpg,6,bedrooms_images
img003569.jpg,gf/bedrooms_images/img003569.jpg,6,bedrooms_images
img000986.jpg,gf/bedrooms_images/img000986.jpg,6,bedrooms_images
img001736.jpg,gf/bedrooms_images/img001736.jpg,6,bedrooms_images
img002475.jpg,gf/bedrooms_images/img002475.jpg,6,bedrooms_images
img001278.jpg,gf/bedrooms_images/img001278.jpg,6,bedrooms_images
img000482.jpg,gf/bedrooms_images/img000482.jpg,6,bedrooms_images
img002655.jpg,gf/bedrooms_images/img002655.jpg,6,bedrooms_images
img002698.jpg,gf/bedrooms_images/img002698.jpg,6,bedrooms_images
img000695.jpg,gf/bedrooms_images/img000695.jpg,6,bedrooms_images
img001865.jpg,gf/bedrooms_images/img001865.jpg,6,bedrooms_images
img002391.jpg,gf/bedrooms_images/img002391.jpg,6,bedrooms_images
img001049.jpg,gf/bedrooms_images/img001049.jpg,6,bedrooms_images
img000048.jpg,gf/bedrooms_images/img000048.jpg,6,bedrooms_images
img002221.jpg,gf/bedrooms_images/img002221.jpg,6,bedrooms_images
img002009.jpg,gf/bedrooms_images/img002009.jpg,6,bedrooms_images
img003049.jpg,gf/bedrooms_images/img003049.jpg,6,bedrooms_images
img000799.jpg,gf/bedrooms_images/img000799.jpg,6,bedrooms_images
img002897.jpg,gf/bedrooms_images/img002897.jpg,6,bedrooms_images
img004595.jpg,gf/bedrooms_images/img004595.jpg,6,bedrooms_images
img002099.jpg,gf/bedrooms_images/img002099.jpg,6,bedrooms_images
img001624.jpg,gf/bedrooms_images/img001624.jpg,6,bedrooms_images
img003337.jpg,gf/bedrooms_images/img003337.jpg,6,bedrooms_images
img002339.jpg,gf/bedrooms_images/img002339.jpg,6,bedrooms_images
img000315.jpg,gf/bedrooms_images/img000315.jpg,6,bedrooms_images
img004899.jpg,gf/bedrooms_images/img004899.jpg,6,bedrooms_images
img002670.jpg,gf/bedrooms_images/img002670.jpg,6,bedrooms_images
img001563.jpg,gf/bedrooms_images/img001563.jpg,6,bedrooms_images
img001829.jpg,gf/bedrooms_images/img001829.jpg,6,bedrooms_images
img002693.jpg,gf/bedrooms_images/img002693.jpg,6,bedrooms_images
img002722.jpg,gf/bedrooms_images/img002722.jpg,6,bedrooms_images
img001766.jpg,gf/bedrooms_images/img001766.jpg,6,bedrooms_images
img001326.jpg,gf/bedrooms_images/img001326.jpg,6,bedrooms_images
img001931.jpg,gf/bedrooms_images/img001931.jpg,6,bedrooms_images
img000932.jpg,gf/bedrooms_images/img000932.jpg,6,bedrooms_images
img003751.jpg,gf/bedrooms_images/img003751.jpg,6,bedrooms_images
img001851.jpg,gf/bedrooms_images/img001851.jpg,6,bedrooms_images
img003152.jpg,gf/bedrooms_images/img003152.jpg,6,bedrooms_images
img003545.jpg,gf/bedrooms_images/img003545.jpg,6,bedrooms_images
img004158.jpg,gf/bedrooms_images/img004158.jpg,6,bedrooms_images
img004254.jpg,gf/bedrooms_images/img004254.jpg,6,bedrooms_images
img003910.jpg,gf/bedrooms_images/img003910.jpg,6,bedrooms_images
img004285.jpg,gf/bedrooms_images/img004285.jpg,6,bedrooms_images
img001889.jpg,gf/bedrooms_images/img001889.jpg,6,bedrooms_images
img002261.jpg,gf/bedrooms_images/img002261.jpg,6,bedrooms_images
img002852.jpg,gf/bedrooms_images/img002852.jpg,6,bedrooms_images
img002058.jpg,gf/bedrooms_images/img002058.jpg,6,bedrooms_images
img000310.jpg,gf/bedrooms_images/img000310.jpg,6,bedrooms_images
img000330.jpg,gf/bedrooms_images/img000330.jpg,6,bedrooms_images
img004162.jpg,gf/bedrooms_images/img004162.jpg,6,bedrooms_images
img004290.jpg,gf/bedrooms_images/img004290.jpg,6,bedrooms_images
img000356.jpg,gf/bedrooms_images/img000356.jpg,6,bedrooms_images
img001985.jpg,gf/bedrooms_images/img001985.jpg,6,bedrooms_images
img000076.jpg,gf/bedrooms_images/img000076.jpg,6,bedrooms_images
img001750.jpg,gf/bedrooms_images/img001750.jpg,6,bedrooms_images
img000065.jpg,gf/bedrooms_images/img000065.jpg,6,bedrooms_images
img003535.jpg,gf/bedrooms_images/img003535.jpg,6,bedrooms_images
img000405.jpg,gf/bedrooms_images/img000405.jpg,6,bedrooms_images
img002841.jpg,gf/bedrooms_images/img002841.jpg,6,bedrooms_images
img003783.jpg,gf/bedrooms_images/img003783.jpg,6,bedrooms_images
img000694.jpg,gf/bedrooms_images/img000694.jpg,6,bedrooms_images
img003540.jpg,gf/bedrooms_images/img003540.jpg,6,bedrooms_images
img001832.jpg,gf/bedrooms_images/img001832.jpg,6,bedrooms_images
img003069.jpg,gf/bedrooms_images/img003069.jpg,6,bedrooms_images
img004741.jpg,gf/bedrooms_images/img004741.jpg,6,bedrooms_images
img000147.jpg,gf/bedrooms_images/img000147.jpg,6,bedrooms_images
img004738.jpg,gf/bedrooms_images/img004738.jpg,6,bedrooms_images
img003255.jpg,gf/bedrooms_images/img003255.jpg,6,bedrooms_images
img004750.jpg,gf/bedrooms_images/img004750.jpg,6,bedrooms_images
img000396.jpg,gf/bedrooms_images/img000396.jpg,6,bedrooms_images
img000871.jpg,gf/bedrooms_images/img000871.jpg,6,bedrooms_images
img001430.jpg,gf/bedrooms_images/img001430.jpg,6,bedrooms_images
img002039.jpg,gf/bedrooms_images/img002039.jpg,6,bedrooms_images
img002244.jpg,gf/bedrooms_images/img002244.jpg,6,bedrooms_images
img003557.jpg,gf/bedrooms_images/img003557.jpg,6,bedrooms_images
img004605.jpg,gf/bedrooms_images/img004605.jpg,6,bedrooms_images
img000713.jpg,gf/bedrooms_images/img000713.jpg,6,bedrooms_images
img000650.jpg,gf/bedrooms_images/img000650.jpg,6,bedrooms_images
img000478.jpg,gf/bedrooms_images/img000478.jpg,6,bedrooms_images
img000297.jpg,gf/bedrooms_images/img000297.jpg,6,bedrooms_images
img002188.jpg,gf/bedrooms_images/img002188.jpg,6,bedrooms_images
img001077.jpg,gf/bedrooms_images/img001077.jpg,6,bedrooms_images
img000296.jpg,gf/bedrooms_images/img000296.jpg,6,bedrooms_images
img002959.jpg,gf/bedrooms_images/img002959.jpg,6,bedrooms_images
img004725.jpg,gf/bedrooms_images/img004725.jpg,6,bedrooms_images
img002681.jpg,gf/bedrooms_images/img002681.jpg,6,bedrooms_images
img000118.jpg,gf/bedrooms_images/img000118.jpg,6,bedrooms_images
img000371.jpg,gf/bedrooms_images/img000371.jpg,6,bedrooms_images
img004796.jpg,gf/bedrooms_images/img004796.jpg,6,bedrooms_images
img003381.jpg,gf/bedrooms_images/img003381.jpg,6,bedrooms_images
img001001.jpg,gf/bedrooms_images/img001001.jpg,6,bedrooms_images
img001650.jpg,gf/bedrooms_images/img001650.jpg,6,bedrooms_images
img003393.jpg,gf/bedrooms_images/img003393.jpg,6,bedrooms_images
img002718.jpg,gf/bedrooms_images/img002718.jpg,6,bedrooms_images
img004758.jpg,gf/bedrooms_images/img004758.jpg,6,bedrooms_images
img002802.jpg,gf/bedrooms_images/img002802.jpg,6,bedrooms_images
img000230.jpg,gf/bedrooms_images/img000230.jpg,6,bedrooms_images
img001471.jpg,gf/bedrooms_images/img001471.jpg,6,bedrooms_images
img003718.jpg,gf/bedrooms_images/img003718.jpg,6,bedrooms_images
img003948.jpg,gf/bedrooms_images/img003948.jpg,6,bedrooms_images
img001657.jpg,gf/bedrooms_images/img001657.jpg,6,bedrooms_images
img000366.jpg,gf/bedrooms_images/img000366.jpg,6,bedrooms_images
img002724.jpg,gf/bedrooms_images/img002724.jpg,6,bedrooms_images
img001146.jpg,gf/bedrooms_images/img001146.jpg,6,bedrooms_images
img004263.jpg,gf/bedrooms_images/img004263.jpg,6,bedrooms_images
img002710.jpg,gf/bedrooms_images/img002710.jpg,6,bedrooms_images
img003199.jpg,gf/bedrooms_images/img003199.jpg,6,bedrooms_images
img000394.jpg,gf/bedrooms_images/img000394.jpg,6,bedrooms_images
img001345.jpg,gf/bedrooms_images/img001345.jpg,6,bedrooms_images
img002859.jpg,gf/bedrooms_images/img002859.jpg,6,bedrooms_images
img003806.jpg,gf/bedrooms_images/img003806.jpg,6,bedrooms_images
img003897.jpg,gf/bedrooms_images/img003897.jpg,6,bedrooms_images
img000990.jpg,gf/bedrooms_images/img000990.jpg,6,bedrooms_images
img001706.jpg,gf/bedrooms_images/img001706.jpg,6,bedrooms_images
img002508.jpg,gf/bedrooms_images/img002508.jpg,6,bedrooms_images
img000131.jpg,gf/bedrooms_images/img000131.jpg,6,bedrooms_images
img003792.jpg,gf/bedrooms_images/img003792.jpg,6,bedrooms_images
img002393.jpg,gf/bedrooms_images/img002393.jpg,6,bedrooms_images
img000281.jpg,gf/bedrooms_images/img000281.jpg,6,bedrooms_images
img002192.jpg,gf/bedrooms_images/img002192.jpg,6,bedrooms_images
img001158.jpg,gf/bedrooms_images/img001158.jpg,6,bedrooms_images
img002918.jpg,gf/bedrooms_images/img002918.jpg,6,bedrooms_images
img000667.jpg,gf/bedrooms_images/img000667.jpg,6,bedrooms_images
img003067.jpg,gf/bedrooms_images/img003067.jpg,6,bedrooms_images
img003907.jpg,gf/bedrooms_images/img003907.jpg,6,bedrooms_images
img003452.jpg,gf/bedrooms_images/img003452.jpg,6,bedrooms_images
img004071.jpg,gf/bedrooms_images/img004071.jpg,6,bedrooms_images
img001869.jpg,gf/bedrooms_images/img001869.jpg,6,bedrooms_images
img003081.jpg,gf/bedrooms_images/img003081.jpg,6,bedrooms_images
img002565.jpg,gf/bedrooms_images/img002565.jpg,6,bedrooms_images
img004632.jpg,gf/bedrooms_images/img004632.jpg,6,bedrooms_images
img004032.jpg,gf/bedrooms_images/img004032.jpg,6,bedrooms_images
img002834.jpg,gf/bedrooms_images/img002834.jpg,6,bedrooms_images
img001673.jpg,gf/bedrooms_images/img001673.jpg,6,bedrooms_images
img000073.jpg,gf/bedrooms_images/img000073.jpg,6,bedrooms_images
img003736.jpg,gf/bedrooms_images/img003736.jpg,6,bedrooms_images
img003658.jpg,gf/bedrooms_images/img003658.jpg,6,bedrooms_images
img001404.jpg,gf/bedrooms_images/img001404.jpg,6,bedrooms_images
img001185.jpg,gf/bedrooms_images/img001185.jpg,6,bedrooms_images
img004955.jpg,gf/bedrooms_images/img004955.jpg,6,bedrooms_images
img001737.jpg,gf/bedrooms_images/img001737.jpg,6,bedrooms_images
img001268.jpg,gf/bedrooms_images/img001268.jpg,6,bedrooms_images
img000756.jpg,gf/bedrooms_images/img000756.jpg,6,bedrooms_images
img002524.jpg,gf/bedrooms_images/img002524.jpg,6,bedrooms_images
img000284.jpg,gf/bedrooms_images/img000284.jpg,6,bedrooms_images
img000821.jpg,gf/bedrooms_images/img000821.jpg,6,bedrooms_images
img001822.jpg,gf/bedrooms_images/img001822.jpg,6,bedrooms_images
img000541.jpg,gf/bedrooms_images/img000541.jpg,6,bedrooms_images
img001059.jpg,gf/bedrooms_images/img001059.jpg,6,bedrooms_images
img000340.jpg,gf/bedrooms_images/img000340.jpg,6,bedrooms_images
img002716.jpg,gf/bedrooms_images/img002716.jpg,6,bedrooms_images
img000950.jpg,gf/bedrooms_images/img000950.jpg,6,bedrooms_images
img004807.jpg,gf/bedrooms_images/img004807.jpg,6,bedrooms_images
img002811.jpg,gf/bedrooms_images/img002811.jpg,6,bedrooms_images
img003444.jpg,gf/bedrooms_images/img003444.jpg,6,bedrooms_images
img004991.jpg,gf/bedrooms_images/img004991.jpg,6,bedrooms_images
img000555.jpg,gf/bedrooms_images/img000555.jpg,6,bedrooms_images
img004841.jpg,gf/bedrooms_images/img004841.jpg,6,bedrooms_images
img000898.jpg,gf/bedrooms_images/img000898.jpg,6,bedrooms_images
img004811.jpg,gf/bedrooms_images/img004811.jpg,6,bedrooms_images
img001700.jpg,gf/bedrooms_images/img001700.jpg,6,bedrooms_images
img000958.jpg,gf/bedrooms_images/img000958.jpg,6,bedrooms_images
img000732.jpg,gf/bedrooms_images/img000732.jpg,6,bedrooms_images
img004613.jpg,gf/bedrooms_images/img004613.jpg,6,bedrooms_images
img002597.jpg,gf/bedrooms_images/img002597.jpg,6,bedrooms_images
img002674.jpg,gf/bedrooms_images/img002674.jpg,6,bedrooms_images
img002282.jpg,gf/bedrooms_images/img002282.jpg,6,bedrooms_images
img000441.jpg,gf/bedrooms_images/img000441.jpg,6,bedrooms_images
img001836.jpg,gf/bedrooms_images/img001836.jpg,6,bedrooms_images
img001719.jpg,gf/bedrooms_images/img001719.jpg,6,bedrooms_images
img002313.jpg,gf/bedrooms_images/img002313.jpg,6,bedrooms_images
img001555.jpg,gf/bedrooms_images/img001555.jpg,6,bedrooms_images
img003395.jpg,gf/bedrooms_images/img003395.jpg,6,bedrooms_images
img002618.jpg,gf/bedrooms_images/img002618.jpg,6,bedrooms_images
img000935.jpg,gf/bedrooms_images/img000935.jpg,6,bedrooms_images
img004121.jpg,gf/bedrooms_images/img004121.jpg,6,bedrooms_images
img002708.jpg,gf/bedrooms_images/img002708.jpg,6,bedrooms_images
img000069.jpg,gf/bedrooms_images/img000069.jpg,6,bedrooms_images
img000770.jpg,gf/bedrooms_images/img000770.jpg,6,bedrooms_images
img001741.jpg,gf/bedrooms_images/img001741.jpg,6,bedrooms_images
img003825.jpg,gf/bedrooms_images/img003825.jpg,6,bedrooms_images
img001293.jpg,gf/bedrooms_images/img001293.jpg,6,bedrooms_images
img000159.jpg,gf/bedrooms_images/img000159.jpg,6,bedrooms_images
img001392.jpg,gf/bedrooms_images/img001392.jpg,6,bedrooms_images
img000227.jpg,gf/bedrooms_images/img000227.jpg,6,bedrooms_images
img003741.jpg,gf/bedrooms_images/img003741.jpg,6,bedrooms_images
img004844.jpg,gf/bedrooms_images/img004844.jpg,6,bedrooms_images
img002827.jpg,gf/bedrooms_images/img002827.jpg,6,bedrooms_images
img002589.jpg,gf/bedrooms_images/img002589.jpg,6,bedrooms_images
img003448.jpg,gf/bedrooms_images/img003448.jpg,6,bedrooms_images
img002548.jpg,gf/bedrooms_images/img002548.jpg,6,bedrooms_images
img003841.jpg,gf/bedrooms_images/img003841.jpg,6,bedrooms_images
img002721.jpg,gf/bedrooms_images/img002721.jpg,6,bedrooms_images
img004139.jpg,gf/bedrooms_images/img004139.jpg,6,bedrooms_images
img001792.jpg,gf/bedrooms_images/img001792.jpg,6,bedrooms_images
img004693.jpg,gf/bedrooms_images/img004693.jpg,6,bedrooms_images
img002808.jpg,gf/bedrooms_images/img002808.jpg,6,bedrooms_images
img000189.jpg,gf/bedrooms_images/img000189.jpg,6,bedrooms_images
img003669.jpg,gf/bedrooms_images/img003669.jpg,6,bedrooms_images
img003642.jpg,gf/bedrooms_images/img003642.jpg,6,bedrooms_images
img000408.jpg,gf/bedrooms_images/img000408.jpg,6,bedrooms_images
img003339.jpg,gf/bedrooms_images/img003339.jpg,6,bedrooms_images
img004222.jpg,gf/bedrooms_images/img004222.jpg,6,bedrooms_images
img000106.jpg,gf/bedrooms_images/img000106.jpg,6,bedrooms_images
img004123.jpg,gf/bedrooms_images/img004123.jpg,6,bedrooms_images
img004356.jpg,gf/bedrooms_images/img004356.jpg,6,bedrooms_images
img000154.jpg,gf/bedrooms_images/img000154.jpg,6,bedrooms_images
img000190.jpg,gf/bedrooms_images/img000190.jpg,6,bedrooms_images
img004776.jpg,gf/bedrooms_images/img004776.jpg,6,bedrooms_images
img002078.jpg,gf/bedrooms_images/img002078.jpg,6,bedrooms_images
img003875.jpg,gf/bedrooms_images/img003875.jpg,6,bedrooms_images
img003302.jpg,gf/bedrooms_images/img003302.jpg,6,bedrooms_images
img002407.jpg,gf/bedrooms_images/img002407.jpg,6,bedrooms_images
img003115.jpg,gf/bedrooms_images/img003115.jpg,6,bedrooms_images
img003725.jpg,gf/bedrooms_images/img003725.jpg,6,bedrooms_images
img001811.jpg,gf/bedrooms_images/img001811.jpg,6,bedrooms_images
img004942.jpg,gf/bedrooms_images/img004942.jpg,6,bedrooms_images
img003034.jpg,gf/bedrooms_images/img003034.jpg,6,bedrooms_images
img003305.jpg,gf/bedrooms_images/img003305.jpg,6,bedrooms_images
img000700.jpg,gf/bedrooms_images/img000700.jpg,6,bedrooms_images
img004504.jpg,gf/bedrooms_images/img004504.jpg,6,bedrooms_images
img001370.jpg,gf/bedrooms_images/img001370.jpg,6,bedrooms_images
img003373.jpg,gf/bedrooms_images/img003373.jpg,6,bedrooms_images
img000068.jpg,gf/bedrooms_images/img000068.jpg,6,bedrooms_images
img004739.jpg,gf/bedrooms_images/img004739.jpg,6,bedrooms_images
img001248.jpg,gf/bedrooms_images/img001248.jpg,6,bedrooms_images
img004453.jpg,gf/bedrooms_images/img004453.jpg,6,bedrooms_images
img003149.jpg,gf/bedrooms_images/img003149.jpg,6,bedrooms_images
img002317.jpg,gf/bedrooms_images/img002317.jpg,6,bedrooms_images
img003028.jpg,gf/bedrooms_images/img003028.jpg,6,bedrooms_images
img004678.jpg,gf/bedrooms_images/img004678.jpg,6,bedrooms_images
img001583.jpg,gf/bedrooms_images/img001583.jpg,6,bedrooms_images
img004401.jpg,gf/bedrooms_images/img004401.jpg,6,bedrooms_images
img004167.jpg,gf/bedrooms_images/img004167.jpg,6,bedrooms_images
img000722.jpg,gf/bedrooms_images/img000722.jpg,6,bedrooms_images
img000013.jpg,gf/bedrooms_images/img000013.jpg,6,bedrooms_images
img000684.jpg,gf/bedrooms_images/img000684.jpg,6,bedrooms_images
img000558.jpg,gf/bedrooms_images/img000558.jpg,6,bedrooms_images
img000994.jpg,gf/bedrooms_images/img000994.jpg,6,bedrooms_images
img003035.jpg,gf/bedrooms_images/img003035.jpg,6,bedrooms_images
img003151.jpg,gf/bedrooms_images/img003151.jpg,6,bedrooms_images
img003387.jpg,gf/bedrooms_images/img003387.jpg,6,bedrooms_images
img001980.jpg,gf/bedrooms_images/img001980.jpg,6,bedrooms_images
img003981.jpg,gf/bedrooms_images/img003981.jpg,6,bedrooms_images
img004785.jpg,gf/bedrooms_images/img004785.jpg,6,bedrooms_images
img003989.jpg,gf/bedrooms_images/img003989.jpg,6,bedrooms_images
img000823.jpg,gf/bedrooms_images/img000823.jpg,6,bedrooms_images
img000592.jpg,gf/bedrooms_images/img000592.jpg,6,bedrooms_images
img004367.jpg,gf/bedrooms_images/img004367.jpg,6,bedrooms_images
img003440.jpg,gf/bedrooms_images/img003440.jpg,6,bedrooms_images
img001529.jpg,gf/bedrooms_images/img001529.jpg,6,bedrooms_images
img004031.jpg,gf/bedrooms_images/img004031.jpg,6,bedrooms_images
img002246.jpg,gf/bedrooms_images/img002246.jpg,6,bedrooms_images
img004907.jpg,gf/bedrooms_images/img004907.jpg,6,bedrooms_images
img003309.jpg,gf/bedrooms_images/img003309.jpg,6,bedrooms_images
img000666.jpg,gf/bedrooms_images/img000666.jpg,6,bedrooms_images
img003182.jpg,gf/bedrooms_images/img003182.jpg,6,bedrooms_images
img000920.jpg,gf/bedrooms_images/img000920.jpg,6,bedrooms_images
img001436.jpg,gf/bedrooms_images/img001436.jpg,6,bedrooms_images
img004852.jpg,gf/bedrooms_images/img004852.jpg,6,bedrooms_images
img004302.jpg,gf/bedrooms_images/img004302.jpg,6,bedrooms_images
img001084.jpg,gf/bedrooms_images/img001084.jpg,6,bedrooms_images
img001035.jpg,gf/bedrooms_images/img001035.jpg,6,bedrooms_images
img000728.jpg,gf/bedrooms_images/img000728.jpg,6,bedrooms_images
img004048.jpg,gf/bedrooms_images/img004048.jpg,6,bedrooms_images
img000677.jpg,gf/bedrooms_images/img000677.jpg,6,bedrooms_images
img002320.jpg,gf/bedrooms_images/img002320.jpg,6,bedrooms_images
img001283.jpg,gf/bedrooms_images/img001283.jpg,6,bedrooms_images
img001226.jpg,gf/bedrooms_images/img001226.jpg,6,bedrooms_images
img002148.jpg,gf/bedrooms_images/img002148.jpg,6,bedrooms_images
img003996.jpg,gf/bedrooms_images/img003996.jpg,6,bedrooms_images
img002656.jpg,gf/bedrooms_images/img002656.jpg,6,bedrooms_images
img002958.jpg,gf/bedrooms_images/img002958.jpg,6,bedrooms_images
img001890.jpg,gf/bedrooms_images/img001890.jpg,6,bedrooms_images
img000653.jpg,gf/bedrooms_images/img000653.jpg,6,bedrooms_images
img002865.jpg,gf/bedrooms_images/img002865.jpg,6,bedrooms_images
img001888.jpg,gf/bedrooms_images/img001888.jpg,6,bedrooms_images
img003951.jpg,gf/bedrooms_images/img003951.jpg,6,bedrooms_images
img001994.jpg,gf/bedrooms_images/img001994.jpg,6,bedrooms_images
img001361.jpg,gf/bedrooms_images/img001361.jpg,6,bedrooms_images
img002635.jpg,gf/bedrooms_images/img002635.jpg,6,bedrooms_images
img003096.jpg,gf/bedrooms_images/img003096.jpg,6,bedrooms_images
img003074.jpg,gf/bedrooms_images/img003074.jpg,6,bedrooms_images
img002806.jpg,gf/bedrooms_images/img002806.jpg,6,bedrooms_images
img000778.jpg,gf/bedrooms_images/img000778.jpg,6,bedrooms_images
img002189.jpg,gf/bedrooms_images/img002189.jpg,6,bedrooms_images
img001312.jpg,gf/bedrooms_images/img001312.jpg,6,bedrooms_images
img004122.jpg,gf/bedrooms_images/img004122.jpg,6,bedrooms_images
img003054.jpg,gf/bedrooms_images/img003054.jpg,6,bedrooms_images
img002284.jpg,gf/bedrooms_images/img002284.jpg,6,bedrooms_images
img004508.jpg,gf/bedrooms_images/img004508.jpg,6,bedrooms_images
img003835.jpg,gf/bedrooms_images/img003835.jpg,6,bedrooms_images
img003603.jpg,gf/bedrooms_images/img003603.jpg,6,bedrooms_images
img001913.jpg,gf/bedrooms_images/img001913.jpg,6,bedrooms_images
img001833.jpg,gf/bedrooms_images/img001833.jpg,6,bedrooms_images
img001145.jpg,gf/bedrooms_images/img001145.jpg,6,bedrooms_images
img004038.jpg,gf/bedrooms_images/img004038.jpg,6,bedrooms_images
img001161.jpg,gf/bedrooms_images/img001161.jpg,6,bedrooms_images
img004117.jpg,gf/bedrooms_images/img004117.jpg,6,bedrooms_images
img001986.jpg,gf/bedrooms_images/img001986.jpg,6,bedrooms_images
img003317.jpg,gf/bedrooms_images/img003317.jpg,6,bedrooms_images
img004537.jpg,gf/bedrooms_images/img004537.jpg,6,bedrooms_images
img001460.jpg,gf/bedrooms_images/img001460.jpg,6,bedrooms_images
img002351.jpg,gf/bedrooms_images/img002351.jpg,6,bedrooms_images
img001251.jpg,gf/bedrooms_images/img001251.jpg,6,bedrooms_images
img001948.jpg,gf/bedrooms_images/img001948.jpg,6,bedrooms_images
img001071.jpg,gf/bedrooms_images/img001071.jpg,6,bedrooms_images
img001416.jpg,gf/bedrooms_images/img001416.jpg,6,bedrooms_images
img002007.jpg,gf/bedrooms_images/img002007.jpg,6,bedrooms_images
img002074.jpg,gf/bedrooms_images/img002074.jpg,6,bedrooms_images
img002492.jpg,gf/bedrooms_images/img002492.jpg,6,bedrooms_images
img004908.jpg,gf/bedrooms_images/img004908.jpg,6,bedrooms_images
img002864.jpg,gf/bedrooms_images/img002864.jpg,6,bedrooms_images
img002667.jpg,gf/bedrooms_images/img002667.jpg,6,bedrooms_images
img003243.jpg,gf/bedrooms_images/img003243.jpg,6,bedrooms_images
img001409.jpg,gf/bedrooms_images/img001409.jpg,6,bedrooms_images
img001232.jpg,gf/bedrooms_images/img001232.jpg,6,bedrooms_images
img001958.jpg,gf/bedrooms_images/img001958.jpg,6,bedrooms_images
img004647.jpg,gf/bedrooms_images/img004647.jpg,6,bedrooms_images
img004101.jpg,gf/bedrooms_images/img004101.jpg,6,bedrooms_images
img000435.jpg,gf/bedrooms_images/img000435.jpg,6,bedrooms_images
img003133.jpg,gf/bedrooms_images/img003133.jpg,6,bedrooms_images
img001915.jpg,gf/bedrooms_images/img001915.jpg,6,bedrooms_images
img004074.jpg,gf/bedrooms_images/img004074.jpg,6,bedrooms_images
img000873.jpg,gf/bedrooms_images/img000873.jpg,6,bedrooms_images
img004523.jpg,gf/bedrooms_images/img004523.jpg,6,bedrooms_images
img003840.jpg,gf/bedrooms_images/img003840.jpg,6,bedrooms_images
img001550.jpg,gf/bedrooms_images/img001550.jpg,6,bedrooms_images
img000419.jpg,gf/bedrooms_images/img000419.jpg,6,bedrooms_images
img001661.jpg,gf/bedrooms_images/img001661.jpg,6,bedrooms_images
img002380.jpg,gf/bedrooms_images/img002380.jpg,6,bedrooms_images
img000265.jpg,gf/bedrooms_images/img000265.jpg,6,bedrooms_images
img000117.jpg,gf/bedrooms_images/img000117.jpg,6,bedrooms_images
img001640.jpg,gf/bedrooms_images/img001640.jpg,6,bedrooms_images
img004575.jpg,gf/bedrooms_images/img004575.jpg,6,bedrooms_images
img000553.jpg,gf/bedrooms_images/img000553.jpg,6,bedrooms_images
img003090.jpg,gf/bedrooms_images/img003090.jpg,6,bedrooms_images
img000883.jpg,gf/bedrooms_images/img000883.jpg,6,bedrooms_images
img002154.jpg,gf/bedrooms_images/img002154.jpg,6,bedrooms_images
img002435.jpg,gf/bedrooms_images/img002435.jpg,6,bedrooms_images
img000707.jpg,gf/bedrooms_images/img000707.jpg,6,bedrooms_images
img000869.jpg,gf/bedrooms_images/img000869.jpg,6,bedrooms_images
img003577.jpg,gf/bedrooms_images/img003577.jpg,6,bedrooms_images
img003253.jpg,gf/bedrooms_images/img003253.jpg,6,bedrooms_images
img000317.jpg,gf/bedrooms_images/img000317.jpg,6,bedrooms_images
img003008.jpg,gf/bedrooms_images/img003008.jpg,6,bedrooms_images
img002863.jpg,gf/bedrooms_images/img002863.jpg,6,bedrooms_images
img004650.jpg,gf/bedrooms_images/img004650.jpg,6,bedrooms_images
img001254.jpg,gf/bedrooms_images/img001254.jpg,6,bedrooms_images
img001324.jpg,gf/bedrooms_images/img001324.jpg,6,bedrooms_images
img002016.jpg,gf/bedrooms_images/img002016.jpg,6,bedrooms_images
img003617.jpg,gf/bedrooms_images/img003617.jpg,6,bedrooms_images
img001528.jpg,gf/bedrooms_images/img001528.jpg,6,bedrooms_images
img001092.jpg,gf/bedrooms_images/img001092.jpg,6,bedrooms_images
img003356.jpg,gf/bedrooms_images/img003356.jpg,6,bedrooms_images
img000322.jpg,gf/bedrooms_images/img000322.jpg,6,bedrooms_images
img002821.jpg,gf/bedrooms_images/img002821.jpg,6,bedrooms_images
img000651.jpg,gf/bedrooms_images/img000651.jpg,6,bedrooms_images
img000097.jpg,gf/bedrooms_images/img000097.jpg,6,bedrooms_images
img002021.jpg,gf/bedrooms_images/img002021.jpg,6,bedrooms_images
img001213.jpg,gf/bedrooms_images/img001213.jpg,6,bedrooms_images
img004954.jpg,gf/bedrooms_images/img004954.jpg,6,bedrooms_images
img004168.jpg,gf/bedrooms_images/img004168.jpg,6,bedrooms_images
img000895.jpg,gf/bedrooms_images/img000895.jpg,6,bedrooms_images
img003031.jpg,gf/bedrooms_images/img003031.jpg,6,bedrooms_images
img003194.jpg,gf/bedrooms_images/img003194.jpg,6,bedrooms_images
img003889.jpg,gf/bedrooms_images/img003889.jpg,6,bedrooms_images
img003251.jpg,gf/bedrooms_images/img003251.jpg,6,bedrooms_images
img003386.jpg,gf/bedrooms_images/img003386.jpg,6,bedrooms_images
img003977.jpg,gf/bedrooms_images/img003977.jpg,6,bedrooms_images
img003931.jpg,gf/bedrooms_images/img003931.jpg,6,bedrooms_images
img003460.jpg,gf/bedrooms_images/img003460.jpg,6,bedrooms_images
img003367.jpg,gf/bedrooms_images/img003367.jpg,6,bedrooms_images
img001618.jpg,gf/bedrooms_images/img001618.jpg,6,bedrooms_images
img002357.jpg,gf/bedrooms_images/img002357.jpg,6,bedrooms_images
img001374.jpg,gf/bedrooms_images/img001374.jpg,6,bedrooms_images
img002895.jpg,gf/bedrooms_images/img002895.jpg,6,bedrooms_images
img002726.jpg,gf/bedrooms_images/img002726.jpg,6,bedrooms_images
img002308.jpg,gf/bedrooms_images/img002308.jpg,6,bedrooms_images
img001974.jpg,gf/bedrooms_images/img001974.jpg,6,bedrooms_images
img001149.jpg,gf/bedrooms_images/img001149.jpg,6,bedrooms_images
img000213.jpg,gf/bedrooms_images/img000213.jpg,6,bedrooms_images
img001179.jpg,gf/bedrooms_images/img001179.jpg,6,bedrooms_images
img000070.jpg,gf/bedrooms_images/img000070.jpg,6,bedrooms_images
img003245.jpg,gf/bedrooms_images/img003245.jpg,6,bedrooms_images
img003372.jpg,gf/bedrooms_images/img003372.jpg,6,bedrooms_images
img003575.jpg,gf/bedrooms_images/img003575.jpg,6,bedrooms_images
img003322.jpg,gf/bedrooms_images/img003322.jpg,6,bedrooms_images
img002490.jpg,gf/bedrooms_images/img002490.jpg,6,bedrooms_images
img002219.jpg,gf/bedrooms_images/img002219.jpg,6,bedrooms_images
img004039.jpg,gf/bedrooms_images/img004039.jpg,6,bedrooms_images
img003412.jpg,gf/bedrooms_images/img003412.jpg,6,bedrooms_images
img003040.jpg,gf/bedrooms_images/img003040.jpg,6,bedrooms_images
img002288.jpg,gf/bedrooms_images/img002288.jpg,6,bedrooms_images
img002743.jpg,gf/bedrooms_images/img002743.jpg,6,bedrooms_images
img004413.jpg,gf/bedrooms_images/img004413.jpg,6,bedrooms_images
img000614.jpg,gf/bedrooms_images/img000614.jpg,6,bedrooms_images
img002469.jpg,gf/bedrooms_images/img002469.jpg,6,bedrooms_images
img002000.jpg,gf/bedrooms_images/img002000.jpg,6,bedrooms_images
img004363.jpg,gf/bedrooms_images/img004363.jpg,6,bedrooms_images
img003723.jpg,gf/bedrooms_images/img003723.jpg,6,bedrooms_images
img004854.jpg,gf/bedrooms_images/img004854.jpg,6,bedrooms_images
img001578.jpg,gf/bedrooms_images/img001578.jpg,6,bedrooms_images
img004070.jpg,gf/bedrooms_images/img004070.jpg,6,bedrooms_images
img001597.jpg,gf/bedrooms_images/img001597.jpg,6,bedrooms_images
img003402.jpg,gf/bedrooms_images/img003402.jpg,6,bedrooms_images
img002624.jpg,gf/bedrooms_images/img002624.jpg,6,bedrooms_images
img001111.jpg,gf/bedrooms_images/img001111.jpg,6,bedrooms_images
img002342.jpg,gf/bedrooms_images/img002342.jpg,6,bedrooms_images
img001211.jpg,gf/bedrooms_images/img001211.jpg,6,bedrooms_images
img004974.jpg,gf/bedrooms_images/img004974.jpg,6,bedrooms_images
img003815.jpg,gf/bedrooms_images/img003815.jpg,6,bedrooms_images
img001504.jpg,gf/bedrooms_images/img001504.jpg,6,bedrooms_images
img003933.jpg,gf/bedrooms_images/img003933.jpg,6,bedrooms_images
img002281.jpg,gf/bedrooms_images/img002281.jpg,6,bedrooms_images
img003573.jpg,gf/bedrooms_images/img003573.jpg,6,bedrooms_images
img002957.jpg,gf/bedrooms_images/img002957.jpg,6,bedrooms_images
img002927.jpg,gf/bedrooms_images/img002927.jpg,6,bedrooms_images
img001227.jpg,gf/bedrooms_images/img001227.jpg,6,bedrooms_images
img000629.jpg,gf/bedrooms_images/img000629.jpg,6,bedrooms_images
img004710.jpg,gf/bedrooms_images/img004710.jpg,6,bedrooms_images
img003874.jpg,gf/bedrooms_images/img003874.jpg,6,bedrooms_images
img000999.jpg,gf/bedrooms_images/img000999.jpg,6,bedrooms_images
img003584.jpg,gf/bedrooms_images/img003584.jpg,6,bedrooms_images
img003424.jpg,gf/bedrooms_images/img003424.jpg,6,bedrooms_images
img003462.jpg,gf/bedrooms_images/img003462.jpg,6,bedrooms_images
img003453.jpg,gf/bedrooms_images/img003453.jpg,6,bedrooms_images
img004005.jpg,gf/bedrooms_images/img004005.jpg,6,bedrooms_images
img000224.jpg,gf/bedrooms_images/img000224.jpg,6,bedrooms_images
img000247.jpg,gf/bedrooms_images/img000247.jpg,6,bedrooms_images
img001175.jpg,gf/bedrooms_images/img001175.jpg,6,bedrooms_images
img004989.jpg,gf/bedrooms_images/img004989.jpg,6,bedrooms_images
img003346.jpg,gf/bedrooms_images/img003346.jpg,6,bedrooms_images
img000395.jpg,gf/bedrooms_images/img000395.jpg,6,bedrooms_images
img003637.jpg,gf/bedrooms_images/img003637.jpg,6,bedrooms_images
img002429.jpg,gf/bedrooms_images/img002429.jpg,6,bedrooms_images
img004112.jpg,gf/bedrooms_images/img004112.jpg,6,bedrooms_images
img004205.jpg,gf/bedrooms_images/img004205.jpg,6,bedrooms_images
img001720.jpg,gf/bedrooms_images/img001720.jpg,6,bedrooms_images
img002646.jpg,gf/bedrooms_images/img002646.jpg,6,bedrooms_images
img001786.jpg,gf/bedrooms_images/img001786.jpg,6,bedrooms_images
img002939.jpg,gf/bedrooms_images/img002939.jpg,6,bedrooms_images
img004199.jpg,gf/bedrooms_images/img004199.jpg,6,bedrooms_images
img004223.jpg,gf/bedrooms_images/img004223.jpg,6,bedrooms_images
img004232.jpg,gf/bedrooms_images/img004232.jpg,6,bedrooms_images
img001759.jpg,gf/bedrooms_images/img001759.jpg,6,bedrooms_images
img001458.jpg,gf/bedrooms_images/img001458.jpg,6,bedrooms_images
img003278.jpg,gf/bedrooms_images/img003278.jpg,6,bedrooms_images
img004307.jpg,gf/bedrooms_images/img004307.jpg,6,bedrooms_images
img002012.jpg,gf/bedrooms_images/img002012.jpg,6,bedrooms_images
img000484.jpg,gf/bedrooms_images/img000484.jpg,6,bedrooms_images
img004762.jpg,gf/bedrooms_images/img004762.jpg,6,bedrooms_images
img004643.jpg,gf/bedrooms_images/img004643.jpg,6,bedrooms_images
img004045.jpg,gf/bedrooms_images/img004045.jpg,6,bedrooms_images
img004021.jpg,gf/bedrooms_images/img004021.jpg,6,bedrooms_images
img001571.jpg,gf/bedrooms_images/img001571.jpg,6,bedrooms_images
img000314.jpg,gf/bedrooms_images/img000314.jpg,6,bedrooms_images
img002534.jpg,gf/bedrooms_images/img002534.jpg,6,bedrooms_images
img001495.jpg,gf/bedrooms_images/img001495.jpg,6,bedrooms_images
img002627.jpg,gf/bedrooms_images/img002627.jpg,6,bedrooms_images
img002898.jpg,gf/bedrooms_images/img002898.jpg,6,bedrooms_images
img003078.jpg,gf/bedrooms_images/img003078.jpg,6,bedrooms_images
img003672.jpg,gf/bedrooms_images/img003672.jpg,6,bedrooms_images
img001026.jpg,gf/bedrooms_images/img001026.jpg,6,bedrooms_images
img003480.jpg,gf/bedrooms_images/img003480.jpg,6,bedrooms_images
img003926.jpg,gf/bedrooms_images/img003926.jpg,6,bedrooms_images
img000476.jpg,gf/bedrooms_images/img000476.jpg,6,bedrooms_images
img000808.jpg,gf/bedrooms_images/img000808.jpg,6,bedrooms_images
img004001.jpg,gf/bedrooms_images/img004001.jpg,6,bedrooms_images
img000504.jpg,gf/bedrooms_images/img000504.jpg,6,bedrooms_images
img002481.jpg,gf/bedrooms_images/img002481.jpg,6,bedrooms_images
img003447.jpg,gf/bedrooms_images/img003447.jpg,6,bedrooms_images
img003843.jpg,gf/bedrooms_images/img003843.jpg,6,bedrooms_images
img003398.jpg,gf/bedrooms_images/img003398.jpg,6,bedrooms_images
img003485.jpg,gf/bedrooms_images/img003485.jpg,6,bedrooms_images
img004793.jpg,gf/bedrooms_images/img004793.jpg,6,bedrooms_images
img003656.jpg,gf/bedrooms_images/img003656.jpg,6,bedrooms_images
img000913.jpg,gf/bedrooms_images/img000913.jpg,6,bedrooms_images
img004409.jpg,gf/bedrooms_images/img004409.jpg,6,bedrooms_images
img000201.jpg,gf/bedrooms_images/img000201.jpg,6,bedrooms_images
img004461.jpg,gf/bedrooms_images/img004461.jpg,6,bedrooms_images
img004391.jpg,gf/bedrooms_images/img004391.jpg,6,bedrooms_images
img004960.jpg,gf/bedrooms_images/img004960.jpg,6,bedrooms_images
img002236.jpg,gf/bedrooms_images/img002236.jpg,6,bedrooms_images
img001069.jpg,gf/bedrooms_images/img001069.jpg,6,bedrooms_images
img004475.jpg,gf/bedrooms_images/img004475.jpg,6,bedrooms_images
img002270.jpg,gf/bedrooms_images/img002270.jpg,6,bedrooms_images
img000087.jpg,gf/bedrooms_images/img000087.jpg,6,bedrooms_images
img001643.jpg,gf/bedrooms_images/img001643.jpg,6,bedrooms_images
img003914.jpg,gf/bedrooms_images/img003914.jpg,6,bedrooms_images
img000436.jpg,gf/bedrooms_images/img000436.jpg,6,bedrooms_images
img000416.jpg,gf/bedrooms_images/img000416.jpg,6,bedrooms_images
img000331.jpg,gf/bedrooms_images/img000331.jpg,6,bedrooms_images
img001484.jpg,gf/bedrooms_images/img001484.jpg,6,bedrooms_images
img002346.jpg,gf/bedrooms_images/img002346.jpg,6,bedrooms_images
img000876.jpg,gf/bedrooms_images/img000876.jpg,6,bedrooms_images
img002521.jpg,gf/bedrooms_images/img002521.jpg,6,bedrooms_images
img003726.jpg,gf/bedrooms_images/img003726.jpg,6,bedrooms_images
img004904.jpg,gf/bedrooms_images/img004904.jpg,6,bedrooms_images
img000093.jpg,gf/bedrooms_images/img000093.jpg,6,bedrooms_images
img000089.jpg,gf/bedrooms_images/img000089.jpg,6,bedrooms_images
img002373.jpg,gf/bedrooms_images/img002373.jpg,6,bedrooms_images
img003002.jpg,gf/bedrooms_images/img003002.jpg,6,bedrooms_images
img002893.jpg,gf/bedrooms_images/img002893.jpg,6,bedrooms_images
img003543.jpg,gf/bedrooms_images/img003543.jpg,6,bedrooms_images
img000795.jpg,gf/bedrooms_images/img000795.jpg,6,bedrooms_images
img001933.jpg,gf/bedrooms_images/img001933.jpg,6,bedrooms_images
img000398.jpg,gf/bedrooms_images/img000398.jpg,6,bedrooms_images
img001997.jpg,gf/bedrooms_images/img001997.jpg,6,bedrooms_images
img001570.jpg,gf/bedrooms_images/img001570.jpg,6,bedrooms_images
img002147.jpg,gf/bedrooms_images/img002147.jpg,6,bedrooms_images
img001033.jpg,gf/bedrooms_images/img001033.jpg,6,bedrooms_images
img003217.jpg,gf/bedrooms_images/img003217.jpg,6,bedrooms_images
img002650.jpg,gf/bedrooms_images/img002650.jpg,6,bedrooms_images
img004235.jpg,gf/bedrooms_images/img004235.jpg,6,bedrooms_images
img003869.jpg,gf/bedrooms_images/img003869.jpg,6,bedrooms_images
img002526.jpg,gf/bedrooms_images/img002526.jpg,6,bedrooms_images
img001573.jpg,gf/bedrooms_images/img001573.jpg,6,bedrooms_images
img002679.jpg,gf/bedrooms_images/img002679.jpg,6,bedrooms_images
img002621.jpg,gf/bedrooms_images/img002621.jpg,6,bedrooms_images
img003598.jpg,gf/bedrooms_images/img003598.jpg,6,bedrooms_images
img000759.jpg,gf/bedrooms_images/img000759.jpg,6,bedrooms_images
img003579.jpg,gf/bedrooms_images/img003579.jpg,6,bedrooms_images
img003140.jpg,gf/bedrooms_images/img003140.jpg,6,bedrooms_images
img000305.jpg,gf/bedrooms_images/img000305.jpg,6,bedrooms_images
img003495.jpg,gf/bedrooms_images/img003495.jpg,6,bedrooms_images
img000906.jpg,gf/bedrooms_images/img000906.jpg,6,bedrooms_images
img000784.jpg,gf/bedrooms_images/img000784.jpg,6,bedrooms_images
img001429.jpg,gf/bedrooms_images/img001429.jpg,6,bedrooms_images
img003987.jpg,gf/bedrooms_images/img003987.jpg,6,bedrooms_images
img003212.jpg,gf/bedrooms_images/img003212.jpg,6,bedrooms_images
img002105.jpg,gf/bedrooms_images/img002105.jpg,6,bedrooms_images
img002648.jpg,gf/bedrooms_images/img002648.jpg,6,bedrooms_images
img004823.jpg,gf/bedrooms_images/img004823.jpg,6,bedrooms_images
img000508.jpg,gf/bedrooms_images/img000508.jpg,6,bedrooms_images
img002970.jpg,gf/bedrooms_images/img002970.jpg,6,bedrooms_images
img002301.jpg,gf/bedrooms_images/img002301.jpg,6,bedrooms_images
img003103.jpg,gf/bedrooms_images/img003103.jpg,6,bedrooms_images
img001487.jpg,gf/bedrooms_images/img001487.jpg,6,bedrooms_images
img002278.jpg,gf/bedrooms_images/img002278.jpg,6,bedrooms_images
img003071.jpg,gf/bedrooms_images/img003071.jpg,6,bedrooms_images
img000861.jpg,gf/bedrooms_images/img000861.jpg,6,bedrooms_images
img002031.jpg,gf/bedrooms_images/img002031.jpg,6,bedrooms_images
img003443.jpg,gf/bedrooms_images/img003443.jpg,6,bedrooms_images
img000661.jpg,gf/bedrooms_images/img000661.jpg,6,bedrooms_images
img000570.jpg,gf/bedrooms_images/img000570.jpg,6,bedrooms_images
img001438.jpg,gf/bedrooms_images/img001438.jpg,6,bedrooms_images
img003737.jpg,gf/bedrooms_images/img003737.jpg,6,bedrooms_images
img003380.jpg,gf/bedrooms_images/img003380.jpg,6,bedrooms_images
img004417.jpg,gf/bedrooms_images/img004417.jpg,6,bedrooms_images
img004323.jpg,gf/bedrooms_images/img004323.jpg,6,bedrooms_images
img000702.jpg,gf/bedrooms_images/img000702.jpg,6,bedrooms_images
img003941.jpg,gf/bedrooms_images/img003941.jpg,6,bedrooms_images
img002087.jpg,gf/bedrooms_images/img002087.jpg,6,bedrooms_images
img001306.jpg,gf/bedrooms_images/img001306.jpg,6,bedrooms_images
img003623.jpg,gf/bedrooms_images/img003623.jpg,6,bedrooms_images
img000248.jpg,gf/bedrooms_images/img000248.jpg,6,bedrooms_images
img000675.jpg,gf/bedrooms_images/img000675.jpg,6,bedrooms_images
img004450.jpg,gf/bedrooms_images/img004450.jpg,6,bedrooms_images
img004169.jpg,gf/bedrooms_images/img004169.jpg,6,bedrooms_images
img001295.jpg,gf/bedrooms_images/img001295.jpg,6,bedrooms_images
img003407.jpg,gf/bedrooms_images/img003407.jpg,6,bedrooms_images
img003355.jpg,gf/bedrooms_images/img003355.jpg,6,bedrooms_images
img002119.jpg,gf/bedrooms_images/img002119.jpg,6,bedrooms_images
img004753.jpg,gf/bedrooms_images/img004753.jpg,6,bedrooms_images
img001711.jpg,gf/bedrooms_images/img001711.jpg,6,bedrooms_images
img002554.jpg,gf/bedrooms_images/img002554.jpg,6,bedrooms_images
img003566.jpg,gf/bedrooms_images/img003566.jpg,6,bedrooms_images
img000996.jpg,gf/bedrooms_images/img000996.jpg,6,bedrooms_images
img002076.jpg,gf/bedrooms_images/img002076.jpg,6,bedrooms_images
img000268.jpg,gf/bedrooms_images/img000268.jpg,6,bedrooms_images
img003605.jpg,gf/bedrooms_images/img003605.jpg,6,bedrooms_images
img004273.jpg,gf/bedrooms_images/img004273.jpg,6,bedrooms_images
img000717.jpg,gf/bedrooms_images/img000717.jpg,6,bedrooms_images
img004801.jpg,gf/bedrooms_images/img004801.jpg,6,bedrooms_images
img000259.jpg,gf/bedrooms_images/img000259.jpg,6,bedrooms_images
img000543.jpg,gf/bedrooms_images/img000543.jpg,6,bedrooms_images
img004473.jpg,gf/bedrooms_images/img004473.jpg,6,bedrooms_images
img002418.jpg,gf/bedrooms_images/img002418.jpg,6,bedrooms_images
img001147.jpg,gf/bedrooms_images/img001147.jpg,6,bedrooms_images
img004421.jpg,gf/bedrooms_images/img004421.jpg,6,bedrooms_images
img000739.jpg,gf/bedrooms_images/img000739.jpg,6,bedrooms_images
img000849.jpg,gf/bedrooms_images/img000849.jpg,6,bedrooms_images
img000788.jpg,gf/bedrooms_images/img000788.jpg,6,bedrooms_images
img004878.jpg,gf/bedrooms_images/img004878.jpg,6,bedrooms_images
img004308.jpg,gf/bedrooms_images/img004308.jpg,6,bedrooms_images
img000964.jpg,gf/bedrooms_images/img000964.jpg,6,bedrooms_images
img000611.jpg,gf/bedrooms_images/img000611.jpg,6,bedrooms_images
img003922.jpg,gf/bedrooms_images/img003922.jpg,6,bedrooms_images
img002046.jpg,gf/bedrooms_images/img002046.jpg,6,bedrooms_images
img004174.jpg,gf/bedrooms_images/img004174.jpg,6,bedrooms_images
img001491.jpg,gf/bedrooms_images/img001491.jpg,6,bedrooms_images
img001397.jpg,gf/bedrooms_images/img001397.jpg,6,bedrooms_images
img004826.jpg,gf/bedrooms_images/img004826.jpg,6,bedrooms_images
img001685.jpg,gf/bedrooms_images/img001685.jpg,6,bedrooms_images
img003789.jpg,gf/bedrooms_images/img003789.jpg,6,bedrooms_images
img000002.jpg,gf/bedrooms_images/img000002.jpg,6,bedrooms_images
img002853.jpg,gf/bedrooms_images/img002853.jpg,6,bedrooms_images
img001475.jpg,gf/bedrooms_images/img001475.jpg,6,bedrooms_images
img003114.jpg,gf/bedrooms_images/img003114.jpg,6,bedrooms_images
img002215.jpg,gf/bedrooms_images/img002215.jpg,6,bedrooms_images
img003810.jpg,gf/bedrooms_images/img003810.jpg,6,bedrooms_images
img001721.jpg,gf/bedrooms_images/img001721.jpg,6,bedrooms_images
img002998.jpg,gf/bedrooms_images/img002998.jpg,6,bedrooms_images
img003163.jpg,gf/bedrooms_images/img003163.jpg,6,bedrooms_images
img000045.jpg,gf/bedrooms_images/img000045.jpg,6,bedrooms_images
img000888.jpg,gf/bedrooms_images/img000888.jpg,6,bedrooms_images
img000894.jpg,gf/bedrooms_images/img000894.jpg,6,bedrooms_images
img004871.jpg,gf/bedrooms_images/img004871.jpg,6,bedrooms_images
img000581.jpg,gf/bedrooms_images/img000581.jpg,6,bedrooms_images
img000267.jpg,gf/bedrooms_images/img000267.jpg,6,bedrooms_images
img004915.jpg,gf/bedrooms_images/img004915.jpg,6,bedrooms_images
img000718.jpg,gf/bedrooms_images/img000718.jpg,6,bedrooms_images
img004149.jpg,gf/bedrooms_images/img004149.jpg,6,bedrooms_images
img001771.jpg,gf/bedrooms_images/img001771.jpg,6,bedrooms_images
img002873.jpg,gf/bedrooms_images/img002873.jpg,6,bedrooms_images
img001769.jpg,gf/bedrooms_images/img001769.jpg,6,bedrooms_images
img001332.jpg,gf/bedrooms_images/img001332.jpg,6,bedrooms_images
img000040.jpg,gf/bedrooms_images/img000040.jpg,6,bedrooms_images
img001952.jpg,gf/bedrooms_images/img001952.jpg,6,bedrooms_images
img004386.jpg,gf/bedrooms_images/img004386.jpg,6,bedrooms_images
img001160.jpg,gf/bedrooms_images/img001160.jpg,6,bedrooms_images
img004795.jpg,gf/bedrooms_images/img004795.jpg,6,bedrooms_images
img001886.jpg,gf/bedrooms_images/img001886.jpg,6,bedrooms_images
img004984.jpg,gf/bedrooms_images/img004984.jpg,6,bedrooms_images
img002953.jpg,gf/bedrooms_images/img002953.jpg,6,bedrooms_images
img004215.jpg,gf/bedrooms_images/img004215.jpg,6,bedrooms_images
img002214.jpg,gf/bedrooms_images/img002214.jpg,6,bedrooms_images
img002264.jpg,gf/bedrooms_images/img002264.jpg,6,bedrooms_images
img004681.jpg,gf/bedrooms_images/img004681.jpg,6,bedrooms_images
img000402.jpg,gf/bedrooms_images/img000402.jpg,6,bedrooms_images
img002179.jpg,gf/bedrooms_images/img002179.jpg,6,bedrooms_images
img001557.jpg,gf/bedrooms_images/img001557.jpg,6,bedrooms_images
img003506.jpg,gf/bedrooms_images/img003506.jpg,6,bedrooms_images
img002110.jpg,gf/bedrooms_images/img002110.jpg,6,bedrooms_images
img003786.jpg,gf/bedrooms_images/img003786.jpg,6,bedrooms_images
img001412.jpg,gf/bedrooms_images/img001412.jpg,6,bedrooms_images
img002406.jpg,gf/bedrooms_images/img002406.jpg,6,bedrooms_images
img004105.jpg,gf/bedrooms_images/img004105.jpg,6,bedrooms_images
img003633.jpg,gf/bedrooms_images/img003633.jpg,6,bedrooms_images
img001346.jpg,gf/bedrooms_images/img001346.jpg,6,bedrooms_images
img002540.jpg,gf/bedrooms_images/img002540.jpg,6,bedrooms_images
img000407.jpg,gf/bedrooms_images/img000407.jpg,6,bedrooms_images
img000038.jpg,gf/bedrooms_images/img000038.jpg,6,bedrooms_images
img004986.jpg,gf/bedrooms_images/img004986.jpg,6,bedrooms_images
img000618.jpg,gf/bedrooms_images/img000618.jpg,6,bedrooms_images
img002623.jpg,gf/bedrooms_images/img002623.jpg,6,bedrooms_images
img000226.jpg,gf/bedrooms_images/img000226.jpg,6,bedrooms_images
img000030.jpg,gf/bedrooms_images/img000030.jpg,6,bedrooms_images
img003431.jpg,gf/bedrooms_images/img003431.jpg,6,bedrooms_images
img000564.jpg,gf/bedrooms_images/img000564.jpg,6,bedrooms_images
img004773.jpg,gf/bedrooms_images/img004773.jpg,6,bedrooms_images
img002170.jpg,gf/bedrooms_images/img002170.jpg,6,bedrooms_images
img000186.jpg,gf/bedrooms_images/img000186.jpg,6,bedrooms_images
img004916.jpg,gf/bedrooms_images/img004916.jpg,6,bedrooms_images
img000102.jpg,gf/bedrooms_images/img000102.jpg,6,bedrooms_images
img003400.jpg,gf/bedrooms_images/img003400.jpg,6,bedrooms_images
img002085.jpg,gf/bedrooms_images/img002085.jpg,6,bedrooms_images
img003539.jpg,gf/bedrooms_images/img003539.jpg,6,bedrooms_images
img004387.jpg,gf/bedrooms_images/img004387.jpg,6,bedrooms_images
img002029.jpg,gf/bedrooms_images/img002029.jpg,6,bedrooms_images
img003425.jpg,gf/bedrooms_images/img003425.jpg,6,bedrooms_images
img003776.jpg,gf/bedrooms_images/img003776.jpg,6,bedrooms_images
img002807.jpg,gf/bedrooms_images/img002807.jpg,6,bedrooms_images
img004833.jpg,gf/bedrooms_images/img004833.jpg,6,bedrooms_images
img002354.jpg,gf/bedrooms_images/img002354.jpg,6,bedrooms_images
img003120.jpg,gf/bedrooms_images/img003120.jpg,6,bedrooms_images
img002324.jpg,gf/bedrooms_images/img002324.jpg,6,bedrooms_images
img000956.jpg,gf/bedrooms_images/img000956.jpg,6,bedrooms_images
img001584.jpg,gf/bedrooms_images/img001584.jpg,6,bedrooms_images
img001582.jpg,gf/bedrooms_images/img001582.jpg,6,bedrooms_images
img001863.jpg,gf/bedrooms_images/img001863.jpg,6,bedrooms_images
img000339.jpg,gf/bedrooms_images/img000339.jpg,6,bedrooms_images
img002213.jpg,gf/bedrooms_images/img002213.jpg,6,bedrooms_images
img001173.jpg,gf/bedrooms_images/img001173.jpg,6,bedrooms_images
img002980.jpg,gf/bedrooms_images/img002980.jpg,6,bedrooms_images
img003919.jpg,gf/bedrooms_images/img003919.jpg,6,bedrooms_images
img001066.jpg,gf/bedrooms_images/img001066.jpg,6,bedrooms_images
img002963.jpg,gf/bedrooms_images/img002963.jpg,6,bedrooms_images
img000217.jpg,gf/bedrooms_images/img000217.jpg,6,bedrooms_images
img000877.jpg,gf/bedrooms_images/img000877.jpg,6,bedrooms_images
img001228.jpg,gf/bedrooms_images/img001228.jpg,6,bedrooms_images
img002178.jpg,gf/bedrooms_images/img002178.jpg,6,bedrooms_images
img001580.jpg,gf/bedrooms_images/img001580.jpg,6,bedrooms_images
img001437.jpg,gf/bedrooms_images/img001437.jpg,6,bedrooms_images
img003222.jpg,gf/bedrooms_images/img003222.jpg,6,bedrooms_images
img003883.jpg,gf/bedrooms_images/img003883.jpg,6,bedrooms_images
img000071.jpg,gf/bedrooms_images/img000071.jpg,6,bedrooms_images
img004334.jpg,gf/bedrooms_images/img004334.jpg,6,bedrooms_images
img002789.jpg,gf/bedrooms_images/img002789.jpg,6,bedrooms_images
img000258.jpg,gf/bedrooms_images/img000258.jpg,6,bedrooms_images
img004956.jpg,gf/bedrooms_images/img004956.jpg,6,bedrooms_images
img001352.jpg,gf/bedrooms_images/img001352.jpg,6,bedrooms_images
img002409.jpg,gf/bedrooms_images/img002409.jpg,6,bedrooms_images
img003321.jpg,gf/bedrooms_images/img003321.jpg,6,bedrooms_images
img004216.jpg,gf/bedrooms_images/img004216.jpg,6,bedrooms_images
img001023.jpg,gf/bedrooms_images/img001023.jpg,6,bedrooms_images
img000923.jpg,gf/bedrooms_images/img000923.jpg,6,bedrooms_images
img004098.jpg,gf/bedrooms_images/img004098.jpg,6,bedrooms_images
img000595.jpg,gf/bedrooms_images/img000595.jpg,6,bedrooms_images
img000547.jpg,gf/bedrooms_images/img000547.jpg,6,bedrooms_images
img003017.jpg,gf/bedrooms_images/img003017.jpg,6,bedrooms_images
img002202.jpg,gf/bedrooms_images/img002202.jpg,6,bedrooms_images
img000303.jpg,gf/bedrooms_images/img000303.jpg,6,bedrooms_images
img003752.jpg,gf/bedrooms_images/img003752.jpg,6,bedrooms_images
img002513.jpg,gf/bedrooms_images/img002513.jpg,6,bedrooms_images
img003362.jpg,gf/bedrooms_images/img003362.jpg,6,bedrooms_images
img003665.jpg,gf/bedrooms_images/img003665.jpg,6,bedrooms_images
img002931.jpg,gf/bedrooms_images/img002931.jpg,6,bedrooms_images
img003108.jpg,gf/bedrooms_images/img003108.jpg,6,bedrooms_images
img001790.jpg,gf/bedrooms_images/img001790.jpg,6,bedrooms_images
img002889.jpg,gf/bedrooms_images/img002889.jpg,6,bedrooms_images
img004426.jpg,gf/bedrooms_images/img004426.jpg,6,bedrooms_images
img000921.jpg,gf/bedrooms_images/img000921.jpg,6,bedrooms_images
img000457.jpg,gf/bedrooms_images/img000457.jpg,6,bedrooms_images
img003608.jpg,gf/bedrooms_images/img003608.jpg,6,bedrooms_images
img003703.jpg,gf/bedrooms_images/img003703.jpg,6,bedrooms_images
img001317.jpg,gf/bedrooms_images/img001317.jpg,6,bedrooms_images
img000506.jpg,gf/bedrooms_images/img000506.jpg,6,bedrooms_images
img000077.jpg,gf/bedrooms_images/img000077.jpg,6,bedrooms_images
img002065.jpg,gf/bedrooms_images/img002065.jpg,6,bedrooms_images
img001272.jpg,gf/bedrooms_images/img001272.jpg,6,bedrooms_images
img004568.jpg,gf/bedrooms_images/img004568.jpg,6,bedrooms_images
img001753.jpg,gf/bedrooms_images/img001753.jpg,6,bedrooms_images
img004329.jpg,gf/bedrooms_images/img004329.jpg,6,bedrooms_images
img004472.jpg,gf/bedrooms_images/img004472.jpg,6,bedrooms_images
img000193.jpg,gf/bedrooms_images/img000193.jpg,6,bedrooms_images
img002306.jpg,gf/bedrooms_images/img002306.jpg,6,bedrooms_images
img002870.jpg,gf/bedrooms_images/img002870.jpg,6,bedrooms_images
img001433.jpg,gf/bedrooms_images/img001433.jpg,6,bedrooms_images
img003930.jpg,gf/bedrooms_images/img003930.jpg,6,bedrooms_images
img000169.jpg,gf/bedrooms_images/img000169.jpg,6,bedrooms_images
img001286.jpg,gf/bedrooms_images/img001286.jpg,6,bedrooms_images
img004548.jpg,gf/bedrooms_images/img004548.jpg,6,bedrooms_images
img000442.jpg,gf/bedrooms_images/img000442.jpg,6,bedrooms_images
img003671.jpg,gf/bedrooms_images/img003671.jpg,6,bedrooms_images
img002631.jpg,gf/bedrooms_images/img002631.jpg,6,bedrooms_images
img001703.jpg,gf/bedrooms_images/img001703.jpg,6,bedrooms_images
img000872.jpg,gf/bedrooms_images/img000872.jpg,6,bedrooms_images
img000601.jpg,gf/bedrooms_images/img000601.jpg,6,bedrooms_images
img001243.jpg,gf/bedrooms_images/img001243.jpg,6,bedrooms_images
img004783.jpg,gf/bedrooms_images/img004783.jpg,6,bedrooms_images
img004483.jpg,gf/bedrooms_images/img004483.jpg,6,bedrooms_images
img000477.jpg,gf/bedrooms_images/img000477.jpg,6,bedrooms_images
img004804.jpg,gf/bedrooms_images/img004804.jpg,6,bedrooms_images
img001157.jpg,gf/bedrooms_images/img001157.jpg,6,bedrooms_images
img003850.jpg,gf/bedrooms_images/img003850.jpg,6,bedrooms_images
img004221.jpg,gf/bedrooms_images/img004221.jpg,6,bedrooms_images
img002431.jpg,gf/bedrooms_images/img002431.jpg,6,bedrooms_images
img001388.jpg,gf/bedrooms_images/img001388.jpg,6,bedrooms_images
img002559.jpg,gf/bedrooms_images/img002559.jpg,6,bedrooms_images
img000413.jpg,gf/bedrooms_images/img000413.jpg,6,bedrooms_images
img003434.jpg,gf/bedrooms_images/img003434.jpg,6,bedrooms_images
img000115.jpg,gf/bedrooms_images/img000115.jpg,6,bedrooms_images
img004779.jpg,gf/bedrooms_images/img004779.jpg,6,bedrooms_images
img001479.jpg,gf/bedrooms_images/img001479.jpg,6,bedrooms_images
img002683.jpg,gf/bedrooms_images/img002683.jpg,6,bedrooms_images
img004440.jpg,gf/bedrooms_images/img004440.jpg,6,bedrooms_images
img000434.jpg,gf/bedrooms_images/img000434.jpg,6,bedrooms_images
img002075.jpg,gf/bedrooms_images/img002075.jpg,6,bedrooms_images
img000815.jpg,gf/bedrooms_images/img000815.jpg,6,bedrooms_images
img003170.jpg,gf/bedrooms_images/img003170.jpg,6,bedrooms_images
img003275.jpg,gf/bedrooms_images/img003275.jpg,6,bedrooms_images
img001860.jpg,gf/bedrooms_images/img001860.jpg,6,bedrooms_images
img001530.jpg,gf/bedrooms_images/img001530.jpg,6,bedrooms_images
img002160.jpg,gf/bedrooms_images/img002160.jpg,6,bedrooms_images
img004526.jpg,gf/bedrooms_images/img004526.jpg,6,bedrooms_images
img001562.jpg,gf/bedrooms_images/img001562.jpg,6,bedrooms_images
img002010.jpg,gf/bedrooms_images/img002010.jpg,6,bedrooms_images
img003760.jpg,gf/bedrooms_images/img003760.jpg,6,bedrooms_images
img000116.jpg,gf/bedrooms_images/img000116.jpg,6,bedrooms_images
img003260.jpg,gf/bedrooms_images/img003260.jpg,6,bedrooms_images
img000440.jpg,gf/bedrooms_images/img000440.jpg,6,bedrooms_images
img003790.jpg,gf/bedrooms_images/img003790.jpg,6,bedrooms_images
img004657.jpg,gf/bedrooms_images/img004657.jpg,6,bedrooms_images
img001540.jpg,gf/bedrooms_images/img001540.jpg,6,bedrooms_images
img000020.jpg,gf/bedrooms_images/img000020.jpg,6,bedrooms_images
img002714.jpg,gf/bedrooms_images/img002714.jpg,6,bedrooms_images
img004360.jpg,gf/bedrooms_images/img004360.jpg,6,bedrooms_images
img000781.jpg,gf/bedrooms_images/img000781.jpg,6,bedrooms_images
img003428.jpg,gf/bedrooms_images/img003428.jpg,6,bedrooms_images
img002035.jpg,gf/bedrooms_images/img002035.jpg,6,bedrooms_images
img003678.jpg,gf/bedrooms_images/img003678.jpg,6,bedrooms_images
img001564.jpg,gf/bedrooms_images/img001564.jpg,6,bedrooms_images
img003013.jpg,gf/bedrooms_images/img003013.jpg,6,bedrooms_images
img003406.jpg,gf/bedrooms_images/img003406.jpg,6,bedrooms_images
img001224.jpg,gf/bedrooms_images/img001224.jpg,6,bedrooms_images
img004008.jpg,gf/bedrooms_images/img004008.jpg,6,bedrooms_images
img000172.jpg,gf/bedrooms_images/img000172.jpg,6,bedrooms_images
img000577.jpg,gf/bedrooms_images/img000577.jpg,6,bedrooms_images
img000937.jpg,gf/bedrooms_images/img000937.jpg,6,bedrooms_images
img001024.jpg,gf/bedrooms_images/img001024.jpg,6,bedrooms_images
img000015.jpg,gf/bedrooms_images/img000015.jpg,6,bedrooms_images
img001691.jpg,gf/bedrooms_images/img001691.jpg,6,bedrooms_images
img003795.jpg,gf/bedrooms_images/img003795.jpg,6,bedrooms_images
img003968.jpg,gf/bedrooms_images/img003968.jpg,6,bedrooms_images
img003839.jpg,gf/bedrooms_images/img003839.jpg,6,bedrooms_images
img002981.jpg,gf/bedrooms_images/img002981.jpg,6,bedrooms_images
img001015.jpg,gf/bedrooms_images/img001015.jpg,6,bedrooms_images
img004103.jpg,gf/bedrooms_images/img004103.jpg,6,bedrooms_images
img001472.jpg,gf/bedrooms_images/img001472.jpg,6,bedrooms_images
img002174.jpg,gf/bedrooms_images/img002174.jpg,6,bedrooms_images
img002286.jpg,gf/bedrooms_images/img002286.jpg,6,bedrooms_images
img004474.jpg,gf/bedrooms_images/img004474.jpg,6,bedrooms_images
img004247.jpg,gf/bedrooms_images/img004247.jpg,6,bedrooms_images
img003442.jpg,gf/bedrooms_images/img003442.jpg,6,bedrooms_images
img003409.jpg,gf/bedrooms_images/img003409.jpg,6,bedrooms_images
img004320.jpg,gf/bedrooms_images/img004320.jpg,6,bedrooms_images
img001072.jpg,gf/bedrooms_images/img001072.jpg,6,bedrooms_images
img001349.jpg,gf/bedrooms_images/img001349.jpg,6,bedrooms_images
img000338.jpg,gf/bedrooms_images/img000338.jpg,6,bedrooms_images
img004560.jpg,gf/bedrooms_images/img004560.jpg,6,bedrooms_images
img002365.jpg,gf/bedrooms_images/img002365.jpg,6,bedrooms_images
img003832.jpg,gf/bedrooms_images/img003832.jpg,6,bedrooms_images
img003828.jpg,gf/bedrooms_images/img003828.jpg,6,bedrooms_images
img002819.jpg,gf/bedrooms_images/img002819.jpg,6,bedrooms_images
img002097.jpg,gf/bedrooms_images/img002097.jpg,6,bedrooms_images
img003588.jpg,gf/bedrooms_images/img003588.jpg,6,bedrooms_images
img000936.jpg,gf/bedrooms_images/img000936.jpg,6,bedrooms_images
img003716.jpg,gf/bedrooms_images/img003716.jpg,6,bedrooms_images
img003052.jpg,gf/bedrooms_images/img003052.jpg,6,bedrooms_images
img004704.jpg,gf/bedrooms_images/img004704.jpg,6,bedrooms_images
img004349.jpg,gf/bedrooms_images/img004349.jpg,6,bedrooms_images
img002370.jpg,gf/bedrooms_images/img002370.jpg,6,bedrooms_images
img000790.jpg,gf/bedrooms_images/img000790.jpg,6,bedrooms_images
img000842.jpg,gf/bedrooms_images/img000842.jpg,6,bedrooms_images
img003376.jpg,gf/bedrooms_images/img003376.jpg,6,bedrooms_images
img003345.jpg,gf/bedrooms_images/img003345.jpg,6,bedrooms_images
img002439.jpg,gf/bedrooms_images/img002439.jpg,6,bedrooms_images
img001065.jpg,gf/bedrooms_images/img001065.jpg,6,bedrooms_images
img001910.jpg,gf/bedrooms_images/img001910.jpg,6,bedrooms_images
img004912.jpg,gf/bedrooms_images/img004912.jpg,6,bedrooms_images
img003252.jpg,gf/bedrooms_images/img003252.jpg,6,bedrooms_images
img002662.jpg,gf/bedrooms_images/img002662.jpg,6,bedrooms_images
img004787.jpg,gf/bedrooms_images/img004787.jpg,6,bedrooms_images
img003072.jpg,gf/bedrooms_images/img003072.jpg,6,bedrooms_images
img000819.jpg,gf/bedrooms_images/img000819.jpg,6,bedrooms_images
img004471.jpg,gf/bedrooms_images/img004471.jpg,6,bedrooms_images
img000720.jpg,gf/bedrooms_images/img000720.jpg,6,bedrooms_images
img000798.jpg,gf/bedrooms_images/img000798.jpg,6,bedrooms_images
img001042.jpg,gf/bedrooms_images/img001042.jpg,6,bedrooms_images
img001405.jpg,gf/bedrooms_images/img001405.jpg,6,bedrooms_images
img000879.jpg,gf/bedrooms_images/img000879.jpg,6,bedrooms_images
img001354.jpg,gf/bedrooms_images/img001354.jpg,6,bedrooms_images
img002917.jpg,gf/bedrooms_images/img002917.jpg,6,bedrooms_images
img004294.jpg,gf/bedrooms_images/img004294.jpg,6,bedrooms_images
img000965.jpg,gf/bedrooms_images/img000965.jpg,6,bedrooms_images
img002742.jpg,gf/bedrooms_images/img002742.jpg,6,bedrooms_images
img000229.jpg,gf/bedrooms_images/img000229.jpg,6,bedrooms_images
img000638.jpg,gf/bedrooms_images/img000638.jpg,6,bedrooms_images
img002978.jpg,gf/bedrooms_images/img002978.jpg,6,bedrooms_images
img001168.jpg,gf/bedrooms_images/img001168.jpg,6,bedrooms_images
img004743.jpg,gf/bedrooms_images/img004743.jpg,6,bedrooms_images
img004185.jpg,gf/bedrooms_images/img004185.jpg,6,bedrooms_images
img002352.jpg,gf/bedrooms_images/img002352.jpg,6,bedrooms_images
img003756.jpg,gf/bedrooms_images/img003756.jpg,6,bedrooms_images
img000963.jpg,gf/bedrooms_images/img000963.jpg,6,bedrooms_images
img001911.jpg,gf/bedrooms_images/img001911.jpg,6,bedrooms_images
img002613.jpg,gf/bedrooms_images/img002613.jpg,6,bedrooms_images
img004692.jpg,gf/bedrooms_images/img004692.jpg,6,bedrooms_images
img000723.jpg,gf/bedrooms_images/img000723.jpg,6,bedrooms_images
img004351.jpg,gf/bedrooms_images/img004351.jpg,6,bedrooms_images
img003733.jpg,gf/bedrooms_images/img003733.jpg,6,bedrooms_images
img003277.jpg,gf/bedrooms_images/img003277.jpg,6,bedrooms_images
img001633.jpg,gf/bedrooms_images/img001633.jpg,6,bedrooms_images
img004319.jpg,gf/bedrooms_images/img004319.jpg,6,bedrooms_images
img000692.jpg,gf/bedrooms_images/img000692.jpg,6,bedrooms_images
img003546.jpg,gf/bedrooms_images/img003546.jpg,6,bedrooms_images
img000556.jpg,gf/bedrooms_images/img000556.jpg,6,bedrooms_images
img002765.jpg,gf/bedrooms_images/img002765.jpg,6,bedrooms_images
img004767.jpg,gf/bedrooms_images/img004767.jpg,6,bedrooms_images
img001754.jpg,gf/bedrooms_images/img001754.jpg,6,bedrooms_images
img002106.jpg,gf/bedrooms_images/img002106.jpg,6,bedrooms_images
img000636.jpg,gf/bedrooms_images/img000636.jpg,6,bedrooms_images
img004434.jpg,gf/bedrooms_images/img004434.jpg,6,bedrooms_images
img002177.jpg,gf/bedrooms_images/img002177.jpg,6,bedrooms_images
img000730.jpg,gf/bedrooms_images/img000730.jpg,6,bedrooms_images
img001716.jpg,gf/bedrooms_images/img001716.jpg,6,bedrooms_images
img003801.jpg,gf/bedrooms_images/img003801.jpg,6,bedrooms_images
img001638.jpg,gf/bedrooms_images/img001638.jpg,6,bedrooms_images
img004344.jpg,gf/bedrooms_images/img004344.jpg,6,bedrooms_images
img001991.jpg,gf/bedrooms_images/img001991.jpg,6,bedrooms_images
img000708.jpg,gf/bedrooms_images/img000708.jpg,6,bedrooms_images
img003403.jpg,gf/bedrooms_images/img003403.jpg,6,bedrooms_images
img002294.jpg,gf/bedrooms_images/img002294.jpg,6,bedrooms_images
img000351.jpg,gf/bedrooms_images/img000351.jpg,6,bedrooms_images
img003618.jpg,gf/bedrooms_images/img003618.jpg,6,bedrooms_images
img004318.jpg,gf/bedrooms_images/img004318.jpg,6,bedrooms_images
img004225.jpg,gf/bedrooms_images/img004225.jpg,6,bedrooms_images
img002514.jpg,gf/bedrooms_images/img002514.jpg,6,bedrooms_images
img002985.jpg,gf/bedrooms_images/img002985.jpg,6,bedrooms_images
img004337.jpg,gf/bedrooms_images/img004337.jpg,6,bedrooms_images
img001151.jpg,gf/bedrooms_images/img001151.jpg,6,bedrooms_images
img001174.jpg,gf/bedrooms_images/img001174.jpg,6,bedrooms_images
img001803.jpg,gf/bedrooms_images/img001803.jpg,6,bedrooms_images
img003763.jpg,gf/bedrooms_images/img003763.jpg,6,bedrooms_images
img002008.jpg,gf/bedrooms_images/img002008.jpg,6,bedrooms_images
img003645.jpg,gf/bedrooms_images/img003645.jpg,6,bedrooms_images
img004084.jpg,gf/bedrooms_images/img004084.jpg,6,bedrooms_images
img001918.jpg,gf/bedrooms_images/img001918.jpg,6,bedrooms_images
img000812.jpg,gf/bedrooms_images/img000812.jpg,6,bedrooms_images
img004633.jpg,gf/bedrooms_images/img004633.jpg,6,bedrooms_images
img002466.jpg,gf/bedrooms_images/img002466.jpg,6,bedrooms_images
img000934.jpg,gf/bedrooms_images/img000934.jpg,6,bedrooms_images
img004298.jpg,gf/bedrooms_images/img004298.jpg,6,bedrooms_images
img003467.jpg,gf/bedrooms_images/img003467.jpg,6,bedrooms_images
img004814.jpg,gf/bedrooms_images/img004814.jpg,6,bedrooms_images
img000113.jpg,gf/bedrooms_images/img000113.jpg,6,bedrooms_images
img000806.jpg,gf/bedrooms_images/img000806.jpg,6,bedrooms_images
img001664.jpg,gf/bedrooms_images/img001664.jpg,6,bedrooms_images
img004266.jpg,gf/bedrooms_images/img004266.jpg,6,bedrooms_images
img004286.jpg,gf/bedrooms_images/img004286.jpg,6,bedrooms_images
img003488.jpg,gf/bedrooms_images/img003488.jpg,6,bedrooms_images
img001686.jpg,gf/bedrooms_images/img001686.jpg,6,bedrooms_images
img001333.jpg,gf/bedrooms_images/img001333.jpg,6,bedrooms_images
img003330.jpg,gf/bedrooms_images/img003330.jpg,6,bedrooms_images
img003527.jpg,gf/bedrooms_images/img003527.jpg,6,bedrooms_images
img001419.jpg,gf/bedrooms_images/img001419.jpg,6,bedrooms_images
img001121.jpg,gf/bedrooms_images/img001121.jpg,6,bedrooms_images
img003509.jpg,gf/bedrooms_images/img003509.jpg,6,bedrooms_images
img001819.jpg,gf/bedrooms_images/img001819.jpg,6,bedrooms_images
img003088.jpg,gf/bedrooms_images/img003088.jpg,6,bedrooms_images
img000655.jpg,gf/bedrooms_images/img000655.jpg,6,bedrooms_images
img000625.jpg,gf/bedrooms_images/img000625.jpg,6,bedrooms_images
img002653.jpg,gf/bedrooms_images/img002653.jpg,6,bedrooms_images
img001635.jpg,gf/bedrooms_images/img001635.jpg,6,bedrooms_images
img002777.jpg,gf/bedrooms_images/img002777.jpg,6,bedrooms_images
img001098.jpg,gf/bedrooms_images/img001098.jpg,6,bedrooms_images
img002665.jpg,gf/bedrooms_images/img002665.jpg,6,bedrooms_images
img002107.jpg,gf/bedrooms_images/img002107.jpg,6,bedrooms_images
img003896.jpg,gf/bedrooms_images/img003896.jpg,6,bedrooms_images
img003273.jpg,gf/bedrooms_images/img003273.jpg,6,bedrooms_images
img004166.jpg,gf/bedrooms_images/img004166.jpg,6,bedrooms_images
img004824.jpg,gf/bedrooms_images/img004824.jpg,6,bedrooms_images
img002129.jpg,gf/bedrooms_images/img002129.jpg,6,bedrooms_images
img001755.jpg,gf/bedrooms_images/img001755.jpg,6,bedrooms_images
img003352.jpg,gf/bedrooms_images/img003352.jpg,6,bedrooms_images
img003681.jpg,gf/bedrooms_images/img003681.jpg,6,bedrooms_images
img004341.jpg,gf/bedrooms_images/img004341.jpg,6,bedrooms_images
img003848.jpg,gf/bedrooms_images/img003848.jpg,6,bedrooms_images
img004651.jpg,gf/bedrooms_images/img004651.jpg,6,bedrooms_images
img004456.jpg,gf/bedrooms_images/img004456.jpg,6,bedrooms_images
img002257.jpg,gf/bedrooms_images/img002257.jpg,6,bedrooms_images
img004655.jpg,gf/bedrooms_images/img004655.jpg,6,bedrooms_images
img000496.jpg,gf/bedrooms_images/img000496.jpg,6,bedrooms_images
img000881.jpg,gf/bedrooms_images/img000881.jpg,6,bedrooms_images
img002736.jpg,gf/bedrooms_images/img002736.jpg,6,bedrooms_images
img003731.jpg,gf/bedrooms_images/img003731.jpg,6,bedrooms_images
img000334.jpg,gf/bedrooms_images/img000334.jpg,6,bedrooms_images
img000697.jpg,gf/bedrooms_images/img000697.jpg,6,bedrooms_images
img002476.jpg,gf/bedrooms_images/img002476.jpg,6,bedrooms_images
img004670.jpg,gf/bedrooms_images/img004670.jpg,6,bedrooms_images
img003070.jpg,gf/bedrooms_images/img003070.jpg,6,bedrooms_images
img004275.jpg,gf/bedrooms_images/img004275.jpg,6,bedrooms_images
img002013.jpg,gf/bedrooms_images/img002013.jpg,6,bedrooms_images
img002217.jpg,gf/bedrooms_images/img002217.jpg,6,bedrooms_images
img004971.jpg,gf/bedrooms_images/img004971.jpg,6,bedrooms_images
img002326.jpg,gf/bedrooms_images/img002326.jpg,6,bedrooms_images
img003426.jpg,gf/bedrooms_images/img003426.jpg,6,bedrooms_images
img004284.jpg,gf/bedrooms_images/img004284.jpg,6,bedrooms_images
img003904.jpg,gf/bedrooms_images/img003904.jpg,6,bedrooms_images
img000551.jpg,gf/bedrooms_images/img000551.jpg,6,bedrooms_images
img001329.jpg,gf/bedrooms_images/img001329.jpg,6,bedrooms_images
img004937.jpg,gf/bedrooms_images/img004937.jpg,6,bedrooms_images
img001520.jpg,gf/bedrooms_images/img001520.jpg,6,bedrooms_images
img004376.jpg,gf/bedrooms_images/img004376.jpg,6,bedrooms_images
img004549.jpg,gf/bedrooms_images/img004549.jpg,6,bedrooms_images
img003918.jpg,gf/bedrooms_images/img003918.jpg,6,bedrooms_images
img000261.jpg,gf/bedrooms_images/img000261.jpg,6,bedrooms_images
img001441.jpg,gf/bedrooms_images/img001441.jpg,6,bedrooms_images
img003534.jpg,gf/bedrooms_images/img003534.jpg,6,bedrooms_images
img004142.jpg,gf/bedrooms_images/img004142.jpg,6,bedrooms_images
img001867.jpg,gf/bedrooms_images/img001867.jpg,6,bedrooms_images
img000853.jpg,gf/bedrooms_images/img000853.jpg,6,bedrooms_images
img000354.jpg,gf/bedrooms_images/img000354.jpg,6,bedrooms_images
img000444.jpg,gf/bedrooms_images/img000444.jpg,6,bedrooms_images
img003984.jpg,gf/bedrooms_images/img003984.jpg,6,bedrooms_images
img001850.jpg,gf/bedrooms_images/img001850.jpg,6,bedrooms_images
img002858.jpg,gf/bedrooms_images/img002858.jpg,6,bedrooms_images
img000231.jpg,gf/bedrooms_images/img000231.jpg,6,bedrooms_images
img002159.jpg,gf/bedrooms_images/img002159.jpg,6,bedrooms_images
img001602.jpg,gf/bedrooms_images/img001602.jpg,6,bedrooms_images
img004052.jpg,gf/bedrooms_images/img004052.jpg,6,bedrooms_images
img002256.jpg,gf/bedrooms_images/img002256.jpg,6,bedrooms_images
img003755.jpg,gf/bedrooms_images/img003755.jpg,6,bedrooms_images
img004210.jpg,gf/bedrooms_images/img004210.jpg,6,bedrooms_images
img000683.jpg,gf/bedrooms_images/img000683.jpg,6,bedrooms_images
img002745.jpg,gf/bedrooms_images/img002745.jpg,6,bedrooms_images
img004100.jpg,gf/bedrooms_images/img004100.jpg,6,bedrooms_images
img000355.jpg,gf/bedrooms_images/img000355.jpg,6,bedrooms_images
img000100.jpg,gf/bedrooms_images/img000100.jpg,6,bedrooms_images
img002228.jpg,gf/bedrooms_images/img002228.jpg,6,bedrooms_images
img004662.jpg,gf/bedrooms_images/img004662.jpg,6,bedrooms_images
img002206.jpg,gf/bedrooms_images/img002206.jpg,6,bedrooms_images
img003823.jpg,gf/bedrooms_images/img003823.jpg,6,bedrooms_images
img001536.jpg,gf/bedrooms_images/img001536.jpg,6,bedrooms_images
img004451.jpg,gf/bedrooms_images/img004451.jpg,6,bedrooms_images
img001267.jpg,gf/bedrooms_images/img001267.jpg,6,bedrooms_images
img000829.jpg,gf/bedrooms_images/img000829.jpg,6,bedrooms_images
img001053.jpg,gf/bedrooms_images/img001053.jpg,6,bedrooms_images
img004571.jpg,gf/bedrooms_images/img004571.jpg,6,bedrooms_images
img000286.jpg,gf/bedrooms_images/img000286.jpg,6,bedrooms_images
img004892.jpg,gf/bedrooms_images/img004892.jpg,6,bedrooms_images
img004449.jpg,gf/bedrooms_images/img004449.jpg,6,bedrooms_images
img003666.jpg,gf/bedrooms_images/img003666.jpg,6,bedrooms_images
img001630.jpg,gf/bedrooms_images/img001630.jpg,6,bedrooms_images
img002093.jpg,gf/bedrooms_images/img002093.jpg,6,bedrooms_images
img003976.jpg,gf/bedrooms_images/img003976.jpg,6,bedrooms_images
img002971.jpg,gf/bedrooms_images/img002971.jpg,6,bedrooms_images
img002737.jpg,gf/bedrooms_images/img002737.jpg,6,bedrooms_images
img002964.jpg,gf/bedrooms_images/img002964.jpg,6,bedrooms_images
img004751.jpg,gf/bedrooms_images/img004751.jpg,6,bedrooms_images
img002450.jpg,gf/bedrooms_images/img002450.jpg,6,bedrooms_images
img003020.jpg,gf/bedrooms_images/img003020.jpg,6,bedrooms_images
img004666.jpg,gf/bedrooms_images/img004666.jpg,6,bedrooms_images
img004543.jpg,gf/bedrooms_images/img004543.jpg,6,bedrooms_images
img003624.jpg,gf/bedrooms_images/img003624.jpg,6,bedrooms_images
img003780.jpg,gf/bedrooms_images/img003780.jpg,6,bedrooms_images
img004479.jpg,gf/bedrooms_images/img004479.jpg,6,bedrooms_images
img002675.jpg,gf/bedrooms_images/img002675.jpg,6,bedrooms_images
img000628.jpg,gf/bedrooms_images/img000628.jpg,6,bedrooms_images
img002146.jpg,gf/bedrooms_images/img002146.jpg,6,bedrooms_images
img003026.jpg,gf/bedrooms_images/img003026.jpg,6,bedrooms_images
img000448.jpg,gf/bedrooms_images/img000448.jpg,6,bedrooms_images
img004930.jpg,gf/bedrooms_images/img004930.jpg,6,bedrooms_images
img000691.jpg,gf/bedrooms_images/img000691.jpg,6,bedrooms_images
img003597.jpg,gf/bedrooms_images/img003597.jpg,6,bedrooms_images
img000529.jpg,gf/bedrooms_images/img000529.jpg,6,bedrooms_images
img002496.jpg,gf/bedrooms_images/img002496.jpg,6,bedrooms_images
img001462.jpg,gf/bedrooms_images/img001462.jpg,6,bedrooms_images
img004966.jpg,gf/bedrooms_images/img004966.jpg,6,bedrooms_images
img001614.jpg,gf/bedrooms_images/img001614.jpg,6,bedrooms_images
img001924.jpg,gf/bedrooms_images/img001924.jpg,6,bedrooms_images
img003210.jpg,gf/bedrooms_images/img003210.jpg,6,bedrooms_images
img000951.jpg,gf/bedrooms_images/img000951.jpg,6,bedrooms_images
img001417.jpg,gf/bedrooms_images/img001417.jpg,6,bedrooms_images
img000306.jpg,gf/bedrooms_images/img000306.jpg,6,bedrooms_images
img002845.jpg,gf/bedrooms_images/img002845.jpg,6,bedrooms_images
img000430.jpg,gf/bedrooms_images/img000430.jpg,6,bedrooms_images
img003547.jpg,gf/bedrooms_images/img003547.jpg,6,bedrooms_images
img002570.jpg,gf/bedrooms_images/img002570.jpg,6,bedrooms_images
img002519.jpg,gf/bedrooms_images/img002519.jpg,6,bedrooms_images
img004999.jpg,gf/bedrooms_images/img004999.jpg,6,bedrooms_images
img003799.jpg,gf/bedrooms_images/img003799.jpg,6,bedrooms_images
img002460.jpg,gf/bedrooms_images/img002460.jpg,6,bedrooms_images
img004419.jpg,gf/bedrooms_images/img004419.jpg,6,bedrooms_images
img003042.jpg,gf/bedrooms_images/img003042.jpg,6,bedrooms_images
img002640.jpg,gf/bedrooms_images/img002640.jpg,6,bedrooms_images
img001358.jpg,gf/bedrooms_images/img001358.jpg,6,bedrooms_images
img003192.jpg,gf/bedrooms_images/img003192.jpg,6,bedrooms_images
img004089.jpg,gf/bedrooms_images/img004089.jpg,6,bedrooms_images
img004322.jpg,gf/bedrooms_images/img004322.jpg,6,bedrooms_images
img001541.jpg,gf/bedrooms_images/img001541.jpg,6,bedrooms_images
img000970.jpg,gf/bedrooms_images/img000970.jpg,6,bedrooms_images
img003315.jpg,gf/bedrooms_images/img003315.jpg,6,bedrooms_images
img001827.jpg,gf/bedrooms_images/img001827.jpg,6,bedrooms_images
img000977.jpg,gf/bedrooms_images/img000977.jpg,6,bedrooms_images
img000648.jpg,gf/bedrooms_images/img000648.jpg,6,bedrooms_images
img002322.jpg,gf/bedrooms_images/img002322.jpg,6,bedrooms_images
img003478.jpg,gf/bedrooms_images/img003478.jpg,6,bedrooms_images
img000312.jpg,gf/bedrooms_images/img000312.jpg,6,bedrooms_images
img001779.jpg,gf/bedrooms_images/img001779.jpg,6,bedrooms_images
img002728.jpg,gf/bedrooms_images/img002728.jpg,6,bedrooms_images
img001036.jpg,gf/bedrooms_images/img001036.jpg,6,bedrooms_images
img001775.jpg,gf/bedrooms_images/img001775.jpg,6,bedrooms_images
img000690.jpg,gf/bedrooms_images/img000690.jpg,6,bedrooms_images
img003880.jpg,gf/bedrooms_images/img003880.jpg,6,bedrooms_images
img003420.jpg,gf/bedrooms_images/img003420.jpg,6,bedrooms_images
img000362.jpg,gf/bedrooms_images/img000362.jpg,6,bedrooms_images
img001942.jpg,gf/bedrooms_images/img001942.jpg,6,bedrooms_images
img001967.jpg,gf/bedrooms_images/img001967.jpg,6,bedrooms_images
img001658.jpg,gf/bedrooms_images/img001658.jpg,6,bedrooms_images
img004521.jpg,gf/bedrooms_images/img004521.jpg,6,bedrooms_images
img001648.jpg,gf/bedrooms_images/img001648.jpg,6,bedrooms_images
img003699.jpg,gf/bedrooms_images/img003699.jpg,6,bedrooms_images
img003045.jpg,gf/bedrooms_images/img003045.jpg,6,bedrooms_images
img002810.jpg,gf/bedrooms_images/img002810.jpg,6,bedrooms_images
img001444.jpg,gf/bedrooms_images/img001444.jpg,6,bedrooms_images
img001959.jpg,gf/bedrooms_images/img001959.jpg,6,bedrooms_images
img004196.jpg,gf/bedrooms_images/img004196.jpg,6,bedrooms_images
img004157.jpg,gf/bedrooms_images/img004157.jpg,6,bedrooms_images
img003010.jpg,gf/bedrooms_images/img003010.jpg,6,bedrooms_images
img004524.jpg,gf/bedrooms_images/img004524.jpg,6,bedrooms_images
img004857.jpg,gf/bedrooms_images/img004857.jpg,6,bedrooms_images
img001885.jpg,gf/bedrooms_images/img001885.jpg,6,bedrooms_images
img003615.jpg,gf/bedrooms_images/img003615.jpg,6,bedrooms_images
img004067.jpg,gf/bedrooms_images/img004067.jpg,6,bedrooms_images
img002277.jpg,gf/bedrooms_images/img002277.jpg,6,bedrooms_images
img003911.jpg,gf/bedrooms_images/img003911.jpg,6,bedrooms_images
img004077.jpg,gf/bedrooms_images/img004077.jpg,6,bedrooms_images
img000827.jpg,gf/bedrooms_images/img000827.jpg,6,bedrooms_images
img002269.jpg,gf/bedrooms_images/img002269.jpg,6,bedrooms_images
img000669.jpg,gf/bedrooms_images/img000669.jpg,6,bedrooms_images
img002699.jpg,gf/bedrooms_images/img002699.jpg,6,bedrooms_images
img002043.jpg,gf/bedrooms_images/img002043.jpg,6,bedrooms_images
img001574.jpg,gf/bedrooms_images/img001574.jpg,6,bedrooms_images
img001928.jpg,gf/bedrooms_images/img001928.jpg,6,bedrooms_images
img002118.jpg,gf/bedrooms_images/img002118.jpg,6,bedrooms_images
img004029.jpg,gf/bedrooms_images/img004029.jpg,6,bedrooms_images
img003631.jpg,gf/bedrooms_images/img003631.jpg,6,bedrooms_images
img002884.jpg,gf/bedrooms_images/img002884.jpg,6,bedrooms_images
img002848.jpg,gf/bedrooms_images/img002848.jpg,6,bedrooms_images
img002201.jpg,gf/bedrooms_images/img002201.jpg,6,bedrooms_images
img001767.jpg,gf/bedrooms_images/img001767.jpg,6,bedrooms_images
img003228.jpg,gf/bedrooms_images/img003228.jpg,6,bedrooms_images
img004850.jpg,gf/bedrooms_images/img004850.jpg,6,bedrooms_images
img003742.jpg,gf/bedrooms_images/img003742.jpg,6,bedrooms_images
img002787.jpg,gf/bedrooms_images/img002787.jpg,6,bedrooms_images
img004277.jpg,gf/bedrooms_images/img004277.jpg,6,bedrooms_images
img002022.jpg,gf/bedrooms_images/img002022.jpg,6,bedrooms_images
img003063.jpg,gf/bedrooms_images/img003063.jpg,6,bedrooms_images
img000647.jpg,gf/bedrooms_images/img000647.jpg,6,bedrooms_images
img001135.jpg,gf/bedrooms_images/img001135.jpg,6,bedrooms_images
img004482.jpg,gf/bedrooms_images/img004482.jpg,6,bedrooms_images
img000617.jpg,gf/bedrooms_images/img000617.jpg,6,bedrooms_images
img004171.jpg,gf/bedrooms_images/img004171.jpg,6,bedrooms_images
img004839.jpg,gf/bedrooms_images/img004839.jpg,6,bedrooms_images
img001565.jpg,gf/bedrooms_images/img001565.jpg,6,bedrooms_images
img000890.jpg,gf/bedrooms_images/img000890.jpg,6,bedrooms_images
img001849.jpg,gf/bedrooms_images/img001849.jpg,6,bedrooms_images
img001626.jpg,gf/bedrooms_images/img001626.jpg,6,bedrooms_images
img000966.jpg,gf/bedrooms_images/img000966.jpg,6,bedrooms_images
img000947.jpg,gf/bedrooms_images/img000947.jpg,6,bedrooms_images
img003396.jpg,gf/bedrooms_images/img003396.jpg,6,bedrooms_images
img001453.jpg,gf/bedrooms_images/img001453.jpg,6,bedrooms_images
img001610.jpg,gf/bedrooms_images/img001610.jpg,6,bedrooms_images
img001981.jpg,gf/bedrooms_images/img001981.jpg,6,bedrooms_images
img003193.jpg,gf/bedrooms_images/img003193.jpg,6,bedrooms_images
img002140.jpg,gf/bedrooms_images/img002140.jpg,6,bedrooms_images
img003945.jpg,gf/bedrooms_images/img003945.jpg,6,bedrooms_images
img001588.jpg,gf/bedrooms_images/img001588.jpg,6,bedrooms_images
img004682.jpg,gf/bedrooms_images/img004682.jpg,6,bedrooms_images
img004132.jpg,gf/bedrooms_images/img004132.jpg,6,bedrooms_images
img004432.jpg,gf/bedrooms_images/img004432.jpg,6,bedrooms_images
img002094.jpg,gf/bedrooms_images/img002094.jpg,6,bedrooms_images
img004291.jpg,gf/bedrooms_images/img004291.jpg,6,bedrooms_images
img003829.jpg,gf/bedrooms_images/img003829.jpg,6,bedrooms_images
img001265.jpg,gf/bedrooms_images/img001265.jpg,6,bedrooms_images
img002677.jpg,gf/bedrooms_images/img002677.jpg,6,bedrooms_images
img003059.jpg,gf/bedrooms_images/img003059.jpg,6,bedrooms_images
img001837.jpg,gf/bedrooms_images/img001837.jpg,6,bedrooms_images
img002211.jpg,gf/bedrooms_images/img002211.jpg,6,bedrooms_images
img004348.jpg,gf/bedrooms_images/img004348.jpg,6,bedrooms_images
img000146.jpg,gf/bedrooms_images/img000146.jpg,6,bedrooms_images
img004379.jpg,gf/bedrooms_images/img004379.jpg,6,bedrooms_images
img002344.jpg,gf/bedrooms_images/img002344.jpg,6,bedrooms_images
img002289.jpg,gf/bedrooms_images/img002289.jpg,6,bedrooms_images
img002464.jpg,gf/bedrooms_images/img002464.jpg,6,bedrooms_images
img004365.jpg,gf/bedrooms_images/img004365.jpg,6,bedrooms_images
img000104.jpg,gf/bedrooms_images/img000104.jpg,6,bedrooms_images
img000458.jpg,gf/bedrooms_images/img000458.jpg,6,bedrooms_images
img003160.jpg,gf/bedrooms_images/img003160.jpg,6,bedrooms_images
img002052.jpg,gf/bedrooms_images/img002052.jpg,6,bedrooms_images
img001482.jpg,gf/bedrooms_images/img001482.jpg,6,bedrooms_images
img004418.jpg,gf/bedrooms_images/img004418.jpg,6,bedrooms_images
img002180.jpg,gf/bedrooms_images/img002180.jpg,6,bedrooms_images
img001690.jpg,gf/bedrooms_images/img001690.jpg,6,bedrooms_images
img003006.jpg,gf/bedrooms_images/img003006.jpg,6,bedrooms_images
img004463.jpg,gf/bedrooms_images/img004463.jpg,6,bedrooms_images
img003394.jpg,gf/bedrooms_images/img003394.jpg,6,bedrooms_images
img002066.jpg,gf/bedrooms_images/img002066.jpg,6,bedrooms_images
img000388.jpg,gf/bedrooms_images/img000388.jpg,6,bedrooms_images
img002259.jpg,gf/bedrooms_images/img002259.jpg,6,bedrooms_images
img002872.jpg,gf/bedrooms_images/img002872.jpg,6,bedrooms_images
img002532.jpg,gf/bedrooms_images/img002532.jpg,6,bedrooms_images
img002098.jpg,gf/bedrooms_images/img002098.jpg,6,bedrooms_images
img003242.jpg,gf/bedrooms_images/img003242.jpg,6,bedrooms_images
img002663.jpg,gf/bedrooms_images/img002663.jpg,6,bedrooms_images
img002801.jpg,gf/bedrooms_images/img002801.jpg,6,bedrooms_images
img003491.jpg,gf/bedrooms_images/img003491.jpg,6,bedrooms_images
img004312.jpg,gf/bedrooms_images/img004312.jpg,6,bedrooms_images
img002086.jpg,gf/bedrooms_images/img002086.jpg,6,bedrooms_images
img003673.jpg,gf/bedrooms_images/img003673.jpg,6,bedrooms_images
img000632.jpg,gf/bedrooms_images/img000632.jpg,6,bedrooms_images
img001403.jpg,gf/bedrooms_images/img001403.jpg,6,bedrooms_images
img001864.jpg,gf/bedrooms_images/img001864.jpg,6,bedrooms_images
img000515.jpg,gf/bedrooms_images/img000515.jpg,6,bedrooms_images
img000327.jpg,gf/bedrooms_images/img000327.jpg,6,bedrooms_images
img004424.jpg,gf/bedrooms_images/img004424.jpg,6,bedrooms_images
img004004.jpg,gf/bedrooms_images/img004004.jpg,6,bedrooms_images
img003591.jpg,gf/bedrooms_images/img003591.jpg,6,bedrooms_images
img003628.jpg,gf/bedrooms_images/img003628.jpg,6,bedrooms_images
img003507.jpg,gf/bedrooms_images/img003507.jpg,6,bedrooms_images
img000433.jpg,gf/bedrooms_images/img000433.jpg,6,bedrooms_images
img001576.jpg,gf/bedrooms_images/img001576.jpg,6,bedrooms_images
img000526.jpg,gf/bedrooms_images/img000526.jpg,6,bedrooms_images
img002996.jpg,gf/bedrooms_images/img002996.jpg,6,bedrooms_images
img003432.jpg,gf/bedrooms_images/img003432.jpg,6,bedrooms_images
img000103.jpg,gf/bedrooms_images/img000103.jpg,6,bedrooms_images
img004805.jpg,gf/bedrooms_images/img004805.jpg,6,bedrooms_images
img001313.jpg,gf/bedrooms_images/img001313.jpg,6,bedrooms_images
img001897.jpg,gf/bedrooms_images/img001897.jpg,6,bedrooms_images
img001117.jpg,gf/bedrooms_images/img001117.jpg,6,bedrooms_images
img001900.jpg,gf/bedrooms_images/img001900.jpg,6,bedrooms_images
img004234.jpg,gf/bedrooms_images/img004234.jpg,6,bedrooms_images
img004597.jpg,gf/bedrooms_images/img004597.jpg,6,bedrooms_images
img003145.jpg,gf/bedrooms_images/img003145.jpg,6,bedrooms_images
img002752.jpg,gf/bedrooms_images/img002752.jpg,6,bedrooms_images
img000090.jpg,gf/bedrooms_images/img000090.jpg,6,bedrooms_images
img004576.jpg,gf/bedrooms_images/img004576.jpg,6,bedrooms_images
img000916.jpg,gf/bedrooms_images/img000916.jpg,6,bedrooms_images
img003048.jpg,gf/bedrooms_images/img003048.jpg,6,bedrooms_images
img000918.jpg,gf/bedrooms_images/img000918.jpg,6,bedrooms_images
img002057.jpg,gf/bedrooms_images/img002057.jpg,6,bedrooms_images
img001589.jpg,gf/bedrooms_images/img001589.jpg,6,bedrooms_images
img003248.jpg,gf/bedrooms_images/img003248.jpg,6,bedrooms_images
img002337.jpg,gf/bedrooms_images/img002337.jpg,6,bedrooms_images
img001830.jpg,gf/bedrooms_images/img001830.jpg,6,bedrooms_images
img003871.jpg,gf/bedrooms_images/img003871.jpg,6,bedrooms_images
img004761.jpg,gf/bedrooms_images/img004761.jpg,6,bedrooms_images
img000011.jpg,gf/bedrooms_images/img000011.jpg,6,bedrooms_images
img000836.jpg,gf/bedrooms_images/img000836.jpg,6,bedrooms_images
img002414.jpg,gf/bedrooms_images/img002414.jpg,6,bedrooms_images
img002851.jpg,gf/bedrooms_images/img002851.jpg,6,bedrooms_images
img002568.jpg,gf/bedrooms_images/img002568.jpg,6,bedrooms_images
img003593.jpg,gf/bedrooms_images/img003593.jpg,6,bedrooms_images
img001538.jpg,gf/bedrooms_images/img001538.jpg,6,bedrooms_images
img002332.jpg,gf/bedrooms_images/img002332.jpg,6,bedrooms_images
img004843.jpg,gf/bedrooms_images/img004843.jpg,6,bedrooms_images
img002470.jpg,gf/bedrooms_images/img002470.jpg,6,bedrooms_images
img004412.jpg,gf/bedrooms_images/img004412.jpg,6,bedrooms_images
img002117.jpg,gf/bedrooms_images/img002117.jpg,6,bedrooms_images
img004542.jpg,gf/bedrooms_images/img004542.jpg,6,bedrooms_images
img002443.jpg,gf/bedrooms_images/img002443.jpg,6,bedrooms_images
img003867.jpg,gf/bedrooms_images/img003867.jpg,6,bedrooms_images
img003229.jpg,gf/bedrooms_images/img003229.jpg,6,bedrooms_images
img003091.jpg,gf/bedrooms_images/img003091.jpg,6,bedrooms_images
img003411.jpg,gf/bedrooms_images/img003411.jpg,6,bedrooms_images
img001551.jpg,gf/bedrooms_images/img001551.jpg,6,bedrooms_images
img001699.jpg,gf/bedrooms_images/img001699.jpg,6,bedrooms_images
img003893.jpg,gf/bedrooms_images/img003893.jpg,6,bedrooms_images
img001456.jpg,gf/bedrooms_images/img001456.jpg,6,bedrooms_images
img003939.jpg,gf/bedrooms_images/img003939.jpg,6,bedrooms_images
img004601.jpg,gf/bedrooms_images/img004601.jpg,6,bedrooms_images
img004665.jpg,gf/bedrooms_images/img004665.jpg,6,bedrooms_images
img004339.jpg,gf/bedrooms_images/img004339.jpg,6,bedrooms_images
img002979.jpg,gf/bedrooms_images/img002979.jpg,6,bedrooms_images
img003885.jpg,gf/bedrooms_images/img003885.jpg,6,bedrooms_images
img000168.jpg,gf/bedrooms_images/img000168.jpg,6,bedrooms_images
img004075.jpg,gf/bedrooms_images/img004075.jpg,6,bedrooms_images
img000360.jpg,gf/bedrooms_images/img000360.jpg,6,bedrooms_images
img003754.jpg,gf/bedrooms_images/img003754.jpg,6,bedrooms_images
img004909.jpg,gf/bedrooms_images/img004909.jpg,6,bedrooms_images
img004792.jpg,gf/bedrooms_images/img004792.jpg,6,bedrooms_images
img004064.jpg,gf/bedrooms_images/img004064.jpg,6,bedrooms_images
img001296.jpg,gf/bedrooms_images/img001296.jpg,6,bedrooms_images
img003719.jpg,gf/bedrooms_images/img003719.jpg,6,bedrooms_images
img002488.jpg,gf/bedrooms_images/img002488.jpg,6,bedrooms_images
img001379.jpg,gf/bedrooms_images/img001379.jpg,6,bedrooms_images
img003992.jpg,gf/bedrooms_images/img003992.jpg,6,bedrooms_images
img000585.jpg,gf/bedrooms_images/img000585.jpg,6,bedrooms_images
img000796.jpg,gf/bedrooms_images/img000796.jpg,6,bedrooms_images
img000228.jpg,gf/bedrooms_images/img000228.jpg,6,bedrooms_images
img000043.jpg,gf/bedrooms_images/img000043.jpg,6,bedrooms_images
img003920.jpg,gf/bedrooms_images/img003920.jpg,6,bedrooms_images
img002419.jpg,gf/bedrooms_images/img002419.jpg,6,bedrooms_images
img000560.jpg,gf/bedrooms_images/img000560.jpg,6,bedrooms_images
img003845.jpg,gf/bedrooms_images/img003845.jpg,6,bedrooms_images
img004257.jpg,gf/bedrooms_images/img004257.jpg,6,bedrooms_images
img004671.jpg,gf/bedrooms_images/img004671.jpg,6,bedrooms_images
img002512.jpg,gf/bedrooms_images/img002512.jpg,6,bedrooms_images
img000273.jpg,gf/bedrooms_images/img000273.jpg,6,bedrooms_images
img003298.jpg,gf/bedrooms_images/img003298.jpg,6,bedrooms_images
img001355.jpg,gf/bedrooms_images/img001355.jpg,6,bedrooms_images
img000249.jpg,gf/bedrooms_images/img000249.jpg,6,bedrooms_images
img002389.jpg,gf/bedrooms_images/img002389.jpg,6,bedrooms_images
img004522.jpg,gf/bedrooms_images/img004522.jpg,6,bedrooms_images
img002520.jpg,gf/bedrooms_images/img002520.jpg,6,bedrooms_images
img003873.jpg,gf/bedrooms_images/img003873.jpg,6,bedrooms_images
img002144.jpg,gf/bedrooms_images/img002144.jpg,6,bedrooms_images
img002104.jpg,gf/bedrooms_images/img002104.jpg,6,bedrooms_images
img002199.jpg,gf/bedrooms_images/img002199.jpg,6,bedrooms_images
img002456.jpg,gf/bedrooms_images/img002456.jpg,6,bedrooms_images
img002181.jpg,gf/bedrooms_images/img002181.jpg,6,bedrooms_images
img004569.jpg,gf/bedrooms_images/img004569.jpg,6,bedrooms_images
img003749.jpg,gf/bedrooms_images/img003749.jpg,6,bedrooms_images
img000175.jpg,gf/bedrooms_images/img000175.jpg,6,bedrooms_images
img000912.jpg,gf/bedrooms_images/img000912.jpg,6,bedrooms_images
img000942.jpg,gf/bedrooms_images/img000942.jpg,6,bedrooms_images
img001944.jpg,gf/bedrooms_images/img001944.jpg,6,bedrooms_images
img003385.jpg,gf/bedrooms_images/img003385.jpg,6,bedrooms_images
img001568.jpg,gf/bedrooms_images/img001568.jpg,6,bedrooms_images
img002003.jpg,gf/bedrooms_images/img002003.jpg,6,bedrooms_images
img000221.jpg,gf/bedrooms_images/img000221.jpg,6,bedrooms_images
img001507.jpg,gf/bedrooms_images/img001507.jpg,6,bedrooms_images
img003500.jpg,gf/bedrooms_images/img003500.jpg,6,bedrooms_images
img004497.jpg,gf/bedrooms_images/img004497.jpg,6,bedrooms_images
img002616.jpg,gf/bedrooms_images/img002616.jpg,6,bedrooms_images
img004998.jpg,gf/bedrooms_images/img004998.jpg,6,bedrooms_images
img001442.jpg,gf/bedrooms_images/img001442.jpg,6,bedrooms_images
img001694.jpg,gf/bedrooms_images/img001694.jpg,6,bedrooms_images
img002588.jpg,gf/bedrooms_images/img002588.jpg,6,bedrooms_images
img003890.jpg,gf/bedrooms_images/img003890.jpg,6,bedrooms_images
img004256.jpg,gf/bedrooms_images/img004256.jpg,6,bedrooms_images
img004968.jpg,gf/bedrooms_images/img004968.jpg,6,bedrooms_images
img003626.jpg,gf/bedrooms_images/img003626.jpg,6,bedrooms_images
img000860.jpg,gf/bedrooms_images/img000860.jpg,6,bedrooms_images
img000084.jpg,gf/bedrooms_images/img000084.jpg,6,bedrooms_images
img000428.jpg,gf/bedrooms_images/img000428.jpg,6,bedrooms_images
img004598.jpg,gf/bedrooms_images/img004598.jpg,6,bedrooms_images
img001800.jpg,gf/bedrooms_images/img001800.jpg,6,bedrooms_images
img000300.jpg,gf/bedrooms_images/img000300.jpg,6,bedrooms_images
img001813.jpg,gf/bedrooms_images/img001813.jpg,6,bedrooms_images
img003520.jpg,gf/bedrooms_images/img003520.jpg,6,bedrooms_images
img002654.jpg,gf/bedrooms_images/img002654.jpg,6,bedrooms_images
img000901.jpg,gf/bedrooms_images/img000901.jpg,6,bedrooms_images
img004951.jpg,gf/bedrooms_images/img004951.jpg,6,bedrooms_images
img003494.jpg,gf/bedrooms_images/img003494.jpg,6,bedrooms_images
img001935.jpg,gf/bedrooms_images/img001935.jpg,6,bedrooms_images
img002719.jpg,gf/bedrooms_images/img002719.jpg,6,bedrooms_images
img002218.jpg,gf/bedrooms_images/img002218.jpg,6,bedrooms_images
img002207.jpg,gf/bedrooms_images/img002207.jpg,6,bedrooms_images
img004431.jpg,gf/bedrooms_images/img004431.jpg,6,bedrooms_images
img003613.jpg,gf/bedrooms_images/img003613.jpg,6,bedrooms_images
img002413.jpg,gf/bedrooms_images/img002413.jpg,6,bedrooms_images
img001927.jpg,gf/bedrooms_images/img001927.jpg,6,bedrooms_images
img002575.jpg,gf/bedrooms_images/img002575.jpg,6,bedrooms_images
img003601.jpg,gf/bedrooms_images/img003601.jpg,6,bedrooms_images
img003572.jpg,gf/bedrooms_images/img003572.jpg,6,bedrooms_images
img004053.jpg,gf/bedrooms_images/img004053.jpg,6,bedrooms_images
img004831.jpg,gf/bedrooms_images/img004831.jpg,6,bedrooms_images
img000235.jpg,gf/bedrooms_images/img000235.jpg,6,bedrooms_images
img000490.jpg,gf/bedrooms_images/img000490.jpg,6,bedrooms_images
img003925.jpg,gf/bedrooms_images/img003925.jpg,6,bedrooms_images
img004160.jpg,gf/bedrooms_images/img004160.jpg,6,bedrooms_images
img000062.jpg,gf/bedrooms_images/img000062.jpg,6,bedrooms_images
img002063.jpg,gf/bedrooms_images/img002063.jpg,6,bedrooms_images
img000056.jpg,gf/bedrooms_images/img000056.jpg,6,bedrooms_images
img000710.jpg,gf/bedrooms_images/img000710.jpg,6,bedrooms_images
img001619.jpg,gf/bedrooms_images/img001619.jpg,6,bedrooms_images
img004469.jpg,gf/bedrooms_images/img004469.jpg,6,bedrooms_images
img004775.jpg,gf/bedrooms_images/img004775.jpg,6,bedrooms_images
img002567.jpg,gf/bedrooms_images/img002567.jpg,6,bedrooms_images
img000135.jpg,gf/bedrooms_images/img000135.jpg,6,bedrooms_images
img001569.jpg,gf/bedrooms_images/img001569.jpg,6,bedrooms_images
img004411.jpg,gf/bedrooms_images/img004411.jpg,6,bedrooms_images
img004119.jpg,gf/bedrooms_images/img004119.jpg,6,bedrooms_images
img004313.jpg,gf/bedrooms_images/img004313.jpg,6,bedrooms_images
img004659.jpg,gf/bedrooms_images/img004659.jpg,6,bedrooms_images
img004375.jpg,gf/bedrooms_images/img004375.jpg,6,bedrooms_images
img001594.jpg,gf/bedrooms_images/img001594.jpg,6,bedrooms_images
img001676.jpg,gf/bedrooms_images/img001676.jpg,6,bedrooms_images
img003107.jpg,gf/bedrooms_images/img003107.jpg,6,bedrooms_images
img001040.jpg,gf/bedrooms_images/img001040.jpg,6,bedrooms_images
img002336.jpg,gf/bedrooms_images/img002336.jpg,6,bedrooms_images
img004400.jpg,gf/bedrooms_images/img004400.jpg,6,bedrooms_images
img004326.jpg,gf/bedrooms_images/img004326.jpg,6,bedrooms_images
img004049.jpg,gf/bedrooms_images/img004049.jpg,6,bedrooms_images
img000874.jpg,gf/bedrooms_images/img000874.jpg,6,bedrooms_images
img003682.jpg,gf/bedrooms_images/img003682.jpg,6,bedrooms_images
img001651.jpg,gf/bedrooms_images/img001651.jpg,6,bedrooms_images
img002796.jpg,gf/bedrooms_images/img002796.jpg,6,bedrooms_images
img000456.jpg,gf/bedrooms_images/img000456.jpg,6,bedrooms_images
img000397.jpg,gf/bedrooms_images/img000397.jpg,6,bedrooms_images
img000711.jpg,gf/bedrooms_images/img000711.jpg,6,bedrooms_images
img000687.jpg,gf/bedrooms_images/img000687.jpg,6,bedrooms_images
img003676.jpg,gf/bedrooms_images/img003676.jpg,6,bedrooms_images
img004745.jpg,gf/bedrooms_images/img004745.jpg,6,bedrooms_images
img000290.jpg,gf/bedrooms_images/img000290.jpg,6,bedrooms_images
img003233.jpg,gf/bedrooms_images/img003233.jpg,6,bedrooms_images
img002881.jpg,gf/bedrooms_images/img002881.jpg,6,bedrooms_images
img001953.jpg,gf/bedrooms_images/img001953.jpg,6,bedrooms_images
img000910.jpg,gf/bedrooms_images/img000910.jpg,6,bedrooms_images
img004821.jpg,gf/bedrooms_images/img004821.jpg,6,bedrooms_images
img003503.jpg,gf/bedrooms_images/img003503.jpg,6,bedrooms_images
img001300.jpg,gf/bedrooms_images/img001300.jpg,6,bedrooms_images
img003724.jpg,gf/bedrooms_images/img003724.jpg,6,bedrooms_images
img004718.jpg,gf/bedrooms_images/img004718.jpg,6,bedrooms_images
img000214.jpg,gf/bedrooms_images/img000214.jpg,6,bedrooms_images
img004856.jpg,gf/bedrooms_images/img004856.jpg,6,bedrooms_images
img003044.jpg,gf/bedrooms_images/img003044.jpg,6,bedrooms_images
img002634.jpg,gf/bedrooms_images/img002634.jpg,6,bedrooms_images
img000256.jpg,gf/bedrooms_images/img000256.jpg,6,bedrooms_images
img000429.jpg,gf/bedrooms_images/img000429.jpg,6,bedrooms_images
img004756.jpg,gf/bedrooms_images/img004756.jpg,6,bedrooms_images
img002924.jpg,gf/bedrooms_images/img002924.jpg,6,bedrooms_images
img004380.jpg,gf/bedrooms_images/img004380.jpg,6,bedrooms_images
img000900.jpg,gf/bedrooms_images/img000900.jpg,6,bedrooms_images
img000003.jpg,gf/bedrooms_images/img000003.jpg,6,bedrooms_images
img001050.jpg,gf/bedrooms_images/img001050.jpg,6,bedrooms_images
img001062.jpg,gf/bedrooms_images/img001062.jpg,6,bedrooms_images
img002310.jpg,gf/bedrooms_images/img002310.jpg,6,bedrooms_images
img001680.jpg,gf/bedrooms_images/img001680.jpg,6,bedrooms_images
img003536.jpg,gf/bedrooms_images/img003536.jpg,6,bedrooms_images
img004495.jpg,gf/bedrooms_images/img004495.jpg,6,bedrooms_images
img002769.jpg,gf/bedrooms_images/img002769.jpg,6,bedrooms_images
img001567.jpg,gf/bedrooms_images/img001567.jpg,6,bedrooms_images
img001518.jpg,gf/bedrooms_images/img001518.jpg,6,bedrooms_images
img000072.jpg,gf/bedrooms_images/img000072.jpg,6,bedrooms_images
img003710.jpg,gf/bedrooms_images/img003710.jpg,6,bedrooms_images
img000336.jpg,gf/bedrooms_images/img000336.jpg,6,bedrooms_images
img004305.jpg,gf/bedrooms_images/img004305.jpg,6,bedrooms_images
img003894.jpg,gf/bedrooms_images/img003894.jpg,6,bedrooms_images
img002309.jpg,gf/bedrooms_images/img002309.jpg,6,bedrooms_images
img001872.jpg,gf/bedrooms_images/img001872.jpg,6,bedrooms_images
img002155.jpg,gf/bedrooms_images/img002155.jpg,6,bedrooms_images
img001781.jpg,gf/bedrooms_images/img001781.jpg,6,bedrooms_images
img003327.jpg,gf/bedrooms_images/img003327.jpg,6,bedrooms_images
img004870.jpg,gf/bedrooms_images/img004870.jpg,6,bedrooms_images
img000962.jpg,gf/bedrooms_images/img000962.jpg,6,bedrooms_images
img000907.jpg,gf/bedrooms_images/img000907.jpg,6,bedrooms_images
img003830.jpg,gf/bedrooms_images/img003830.jpg,6,bedrooms_images
img003463.jpg,gf/bedrooms_images/img003463.jpg,6,bedrooms_images
img000494.jpg,gf/bedrooms_images/img000494.jpg,6,bedrooms_images
img002907.jpg,gf/bedrooms_images/img002907.jpg,6,bedrooms_images
img002901.jpg,gf/bedrooms_images/img002901.jpg,6,bedrooms_images
img002544.jpg,gf/bedrooms_images/img002544.jpg,6,bedrooms_images
img004310.jpg,gf/bedrooms_images/img004310.jpg,6,bedrooms_images
img003333.jpg,gf/bedrooms_images/img003333.jpg,6,bedrooms_images
img002842.jpg,gf/bedrooms_images/img002842.jpg,6,bedrooms_images
img003164.jpg,gf/bedrooms_images/img003164.jpg,6,bedrooms_images
img003374.jpg,gf/bedrooms_images/img003374.jpg,6,bedrooms_images
img000204.jpg,gf/bedrooms_images/img000204.jpg,6,bedrooms_images
img002353.jpg,gf/bedrooms_images/img002353.jpg,6,bedrooms_images
img004415.jpg,gf/bedrooms_images/img004415.jpg,6,bedrooms_images
img004813.jpg,gf/bedrooms_images/img004813.jpg,6,bedrooms_images
img001976.jpg,gf/bedrooms_images/img001976.jpg,6,bedrooms_images
img000289.jpg,gf/bedrooms_images/img000289.jpg,6,bedrooms_images
img002149.jpg,gf/bedrooms_images/img002149.jpg,6,bedrooms_images
img004443.jpg,gf/bedrooms_images/img004443.jpg,6,bedrooms_images
img001704.jpg,gf/bedrooms_images/img001704.jpg,6,bedrooms_images
img003098.jpg,gf/bedrooms_images/img003098.jpg,6,bedrooms_images
img001508.jpg,gf/bedrooms_images/img001508.jpg,6,bedrooms_images
img001182.jpg,gf/bedrooms_images/img001182.jpg,6,bedrooms_images
img001905.jpg,gf/bedrooms_images/img001905.jpg,6,bedrooms_images
img000320.jpg,gf/bedrooms_images/img000320.jpg,6,bedrooms_images
img001629.jpg,gf/bedrooms_images/img001629.jpg,6,bedrooms_images
img001908.jpg,gf/bedrooms_images/img001908.jpg,6,bedrooms_images
img004939.jpg,gf/bedrooms_images/img004939.jpg,6,bedrooms_images
img003510.jpg,gf/bedrooms_images/img003510.jpg,6,bedrooms_images
img001169.jpg,gf/bedrooms_images/img001169.jpg,6,bedrooms_images
img003512.jpg,gf/bedrooms_images/img003512.jpg,6,bedrooms_images
img004124.jpg,gf/bedrooms_images/img004124.jpg,6,bedrooms_images
img000609.jpg,gf/bedrooms_images/img000609.jpg,6,bedrooms_images
img002452.jpg,gf/bedrooms_images/img002452.jpg,6,bedrooms_images
img004485.jpg,gf/bedrooms_images/img004485.jpg,6,bedrooms_images
img004855.jpg,gf/bedrooms_images/img004855.jpg,6,bedrooms_images
img003704.jpg,gf/bedrooms_images/img003704.jpg,6,bedrooms_images
img001190.jpg,gf/bedrooms_images/img001190.jpg,6,bedrooms_images
img003154.jpg,gf/bedrooms_images/img003154.jpg,6,bedrooms_images
img000299.jpg,gf/bedrooms_images/img000299.jpg,6,bedrooms_images
img004816.jpg,gf/bedrooms_images/img004816.jpg,6,bedrooms_images
img002992.jpg,gf/bedrooms_images/img002992.jpg,6,bedrooms_images
img004186.jpg,gf/bedrooms_images/img004186.jpg,6,bedrooms_images
img002303.jpg,gf/bedrooms_images/img002303.jpg,6,bedrooms_images
img001739.jpg,gf/bedrooms_images/img001739.jpg,6,bedrooms_images
img002883.jpg,gf/bedrooms_images/img002883.jpg,6,bedrooms_images
img002453.jpg,gf/bedrooms_images/img002453.jpg,6,bedrooms_images
img001270.jpg,gf/bedrooms_images/img001270.jpg,6,bedrooms_images
img002772.jpg,gf/bedrooms_images/img002772.jpg,6,bedrooms_images
img000802.jpg,gf/bedrooms_images/img000802.jpg,6,bedrooms_images
img001945.jpg,gf/bedrooms_images/img001945.jpg,6,bedrooms_images
img002287.jpg,gf/bedrooms_images/img002287.jpg,6,bedrooms_images
img000480.jpg,gf/bedrooms_images/img000480.jpg,6,bedrooms_images
img004332.jpg,gf/bedrooms_images/img004332.jpg,6,bedrooms_images
img000128.jpg,gf/bedrooms_images/img000128.jpg,6,bedrooms_images
img000779.jpg,gf/bedrooms_images/img000779.jpg,6,bedrooms_images
img001599.jpg,gf/bedrooms_images/img001599.jpg,6,bedrooms_images
img001818.jpg,gf/bedrooms_images/img001818.jpg,6,bedrooms_images
img002197.jpg,gf/bedrooms_images/img002197.jpg,6,bedrooms_images
img001140.jpg,gf/bedrooms_images/img001140.jpg,6,bedrooms_images
img003209.jpg,gf/bedrooms_images/img003209.jpg,6,bedrooms_images
img000616.jpg,gf/bedrooms_images/img000616.jpg,6,bedrooms_images
img000391.jpg,gf/bedrooms_images/img000391.jpg,6,bedrooms_images
img004126.jpg,gf/bedrooms_images/img004126.jpg,6,bedrooms_images
img000953.jpg,gf/bedrooms_images/img000953.jpg,6,bedrooms_images
img004768.jpg,gf/bedrooms_images/img004768.jpg,6,bedrooms_images
img001056.jpg,gf/bedrooms_images/img001056.jpg,6,bedrooms_images
img000335.jpg,gf/bedrooms_images/img000335.jpg,6,bedrooms_images
img001823.jpg,gf/bedrooms_images/img001823.jpg,6,bedrooms_images
img002741.jpg,gf/bedrooms_images/img002741.jpg,6,bedrooms_images
img004270.jpg,gf/bedrooms_images/img004270.jpg,6,bedrooms_images
img000042.jpg,gf/bedrooms_images/img000042.jpg,6,bedrooms_images
img002989.jpg,gf/bedrooms_images/img002989.jpg,6,bedrooms_images
img001843.jpg,gf/bedrooms_images/img001843.jpg,6,bedrooms_images
img004673.jpg,gf/bedrooms_images/img004673.jpg,6,bedrooms_images
img003797.jpg,gf/bedrooms_images/img003797.jpg,6,bedrooms_images
img002410.jpg,gf/bedrooms_images/img002410.jpg,6,bedrooms_images
img003646.jpg,gf/bedrooms_images/img003646.jpg,6,bedrooms_images
img004532.jpg,gf/bedrooms_images/img004532.jpg,6,bedrooms_images
img000525.jpg,gf/bedrooms_images/img000525.jpg,6,bedrooms_images
img000245.jpg,gf/bedrooms_images/img000245.jpg,6,bedrooms_images
img002976.jpg,gf/bedrooms_images/img002976.jpg,6,bedrooms_images
img001896.jpg,gf/bedrooms_images/img001896.jpg,6,bedrooms_images
img004095.jpg,gf/bedrooms_images/img004095.jpg,6,bedrooms_images
img001108.jpg,gf/bedrooms_images/img001108.jpg,6,bedrooms_images
img002509.jpg,gf/bedrooms_images/img002509.jpg,6,bedrooms_images
img000704.jpg,gf/bedrooms_images/img000704.jpg,6,bedrooms_images
img003599.jpg,gf/bedrooms_images/img003599.jpg,6,bedrooms_images
img001954.jpg,gf/bedrooms_images/img001954.jpg,6,bedrooms_images
img000211.jpg,gf/bedrooms_images/img000211.jpg,6,bedrooms_images
img003175.jpg,gf/bedrooms_images/img003175.jpg,6,bedrooms_images
img003365.jpg,gf/bedrooms_images/img003365.jpg,6,bedrooms_images
img003693.jpg,gf/bedrooms_images/img003693.jpg,6,bedrooms_images
img002436.jpg,gf/bedrooms_images/img002436.jpg,6,bedrooms_images
img002474.jpg,gf/bedrooms_images/img002474.jpg,6,bedrooms_images
img003851.jpg,gf/bedrooms_images/img003851.jpg,6,bedrooms_images
img004520.jpg,gf/bedrooms_images/img004520.jpg,6,bedrooms_images
img002936.jpg,gf/bedrooms_images/img002936.jpg,6,bedrooms_images
img004525.jpg,gf/bedrooms_images/img004525.jpg,6,bedrooms_images
img004175.jpg,gf/bedrooms_images/img004175.jpg,6,bedrooms_images
img003186.jpg,gf/bedrooms_images/img003186.jpg,6,bedrooms_images
img001688.jpg,gf/bedrooms_images/img001688.jpg,6,bedrooms_images
img004717.jpg,gf/bedrooms_images/img004717.jpg,6,bedrooms_images
img003702.jpg,gf/bedrooms_images/img003702.jpg,6,bedrooms_images
img002561.jpg,gf/bedrooms_images/img002561.jpg,6,bedrooms_images
img002124.jpg,gf/bedrooms_images/img002124.jpg,6,bedrooms_images
img002904.jpg,gf/bedrooms_images/img002904.jpg,6,bedrooms_images
img002272.jpg,gf/bedrooms_images/img002272.jpg,6,bedrooms_images
img003146.jpg,gf/bedrooms_images/img003146.jpg,6,bedrooms_images
img002494.jpg,gf/bedrooms_images/img002494.jpg,6,bedrooms_images
img004625.jpg,gf/bedrooms_images/img004625.jpg,6,bedrooms_images
img001509.jpg,gf/bedrooms_images/img001509.jpg,6,bedrooms_images
img000110.jpg,gf/bedrooms_images/img000110.jpg,6,bedrooms_images
img004516.jpg,gf/bedrooms_images/img004516.jpg,6,bedrooms_images
img001474.jpg,gf/bedrooms_images/img001474.jpg,6,bedrooms_images
img001723.jpg,gf/bedrooms_images/img001723.jpg,6,bedrooms_images
img004737.jpg,gf/bedrooms_images/img004737.jpg,6,bedrooms_images
img002428.jpg,gf/bedrooms_images/img002428.jpg,6,bedrooms_images
img002987.jpg,gf/bedrooms_images/img002987.jpg,6,bedrooms_images
img002168.jpg,gf/bedrooms_images/img002168.jpg,6,bedrooms_images
img004131.jpg,gf/bedrooms_images/img004131.jpg,6,bedrooms_images
img003141.jpg,gf/bedrooms_images/img003141.jpg,6,bedrooms_images
img000199.jpg,gf/bedrooms_images/img000199.jpg,6,bedrooms_images
img004642.jpg,gf/bedrooms_images/img004642.jpg,6,bedrooms_images
img001684.jpg,gf/bedrooms_images/img001684.jpg,6,bedrooms_images
img001399.jpg,gf/bedrooms_images/img001399.jpg,6,bedrooms_images
img004299.jpg,gf/bedrooms_images/img004299.jpg,6,bedrooms_images
img003717.jpg,gf/bedrooms_images/img003717.jpg,6,bedrooms_images
img000561.jpg,gf/bedrooms_images/img000561.jpg,6,bedrooms_images
img002298.jpg,gf/bedrooms_images/img002298.jpg,6,bedrooms_images
img004260.jpg,gf/bedrooms_images/img004260.jpg,6,bedrooms_images
img003171.jpg,gf/bedrooms_images/img003171.jpg,6,bedrooms_images
img001701.jpg,gf/bedrooms_images/img001701.jpg,6,bedrooms_images
img000138.jpg,gf/bedrooms_images/img000138.jpg,6,bedrooms_images
img000885.jpg,gf/bedrooms_images/img000885.jpg,6,bedrooms_images
img000446.jpg,gf/bedrooms_images/img000446.jpg,6,bedrooms_images
img003066.jpg,gf/bedrooms_images/img003066.jpg,6,bedrooms_images
img003075.jpg,gf/bedrooms_images/img003075.jpg,6,bedrooms_images
img001466.jpg,gf/bedrooms_images/img001466.jpg,6,bedrooms_images
img000807.jpg,gf/bedrooms_images/img000807.jpg,6,bedrooms_images
img004581.jpg,gf/bedrooms_images/img004581.jpg,6,bedrooms_images
img002015.jpg,gf/bedrooms_images/img002015.jpg,6,bedrooms_images
img004316.jpg,gf/bedrooms_images/img004316.jpg,6,bedrooms_images
img002252.jpg,gf/bedrooms_images/img002252.jpg,6,bedrooms_images
img001772.jpg,gf/bedrooms_images/img001772.jpg,6,bedrooms_images
img000057.jpg,gf/bedrooms_images/img000057.jpg,6,bedrooms_images
img000007.jpg,gf/bedrooms_images/img000007.jpg,6,bedrooms_images
img004278.jpg,gf/bedrooms_images/img004278.jpg,6,bedrooms_images
img002468.jpg,gf/bedrooms_images/img002468.jpg,6,bedrooms_images
img001510.jpg,gf/bedrooms_images/img001510.jpg,6,bedrooms_images
img004658.jpg,gf/bedrooms_images/img004658.jpg,6,bedrooms_images
img004454.jpg,gf/bedrooms_images/img004454.jpg,6,bedrooms_images
img003899.jpg,gf/bedrooms_images/img003899.jpg,6,bedrooms_images
img003708.jpg,gf/bedrooms_images/img003708.jpg,6,bedrooms_images
img003334.jpg,gf/bedrooms_images/img003334.jpg,6,bedrooms_images
img004147.jpg,gf/bedrooms_images/img004147.jpg,6,bedrooms_images
img001724.jpg,gf/bedrooms_images/img001724.jpg,6,bedrooms_images
img002056.jpg,gf/bedrooms_images/img002056.jpg,6,bedrooms_images
img004464.jpg,gf/bedrooms_images/img004464.jpg,6,bedrooms_images
img002717.jpg,gf/bedrooms_images/img002717.jpg,6,bedrooms_images
img002203.jpg,gf/bedrooms_images/img002203.jpg,6,bedrooms_images
img002457.jpg,gf/bedrooms_images/img002457.jpg,6,bedrooms_images
img000776.jpg,gf/bedrooms_images/img000776.jpg,6,bedrooms_images
img002141.jpg,gf/bedrooms_images/img002141.jpg,6,bedrooms_images
img002923.jpg,gf/bedrooms_images/img002923.jpg,6,bedrooms_images
img001695.jpg,gf/bedrooms_images/img001695.jpg,6,bedrooms_images
img000830.jpg,gf/bedrooms_images/img000830.jpg,6,bedrooms_images
img004385.jpg,gf/bedrooms_images/img004385.jpg,6,bedrooms_images
img002840.jpg,gf/bedrooms_images/img002840.jpg,6,bedrooms_images
img001202.jpg,gf/bedrooms_images/img001202.jpg,6,bedrooms_images
img000255.jpg,gf/bedrooms_images/img000255.jpg,6,bedrooms_images
img002805.jpg,gf/bedrooms_images/img002805.jpg,6,bedrooms_images
img001309.jpg,gf/bedrooms_images/img001309.jpg,6,bedrooms_images
img004093.jpg,gf/bedrooms_images/img004093.jpg,6,bedrooms_images
img004993.jpg,gf/bedrooms_images/img004993.jpg,6,bedrooms_images
img001984.jpg,gf/bedrooms_images/img001984.jpg,6,bedrooms_images
img001674.jpg,gf/bedrooms_images/img001674.jpg,6,bedrooms_images
img004287.jpg,gf/bedrooms_images/img004287.jpg,6,bedrooms_images
img003711.jpg,gf/bedrooms_images/img003711.jpg,6,bedrooms_images
img001233.jpg,gf/bedrooms_images/img001233.jpg,6,bedrooms_images
img002749.jpg,gf/bedrooms_images/img002749.jpg,6,bedrooms_images
img003692.jpg,gf/bedrooms_images/img003692.jpg,6,bedrooms_images
img001939.jpg,gf/bedrooms_images/img001939.jpg,6,bedrooms_images
img000277.jpg,gf/bedrooms_images/img000277.jpg,6,bedrooms_images
img002527.jpg,gf/bedrooms_images/img002527.jpg,6,bedrooms_images
img002401.jpg,gf/bedrooms_images/img002401.jpg,6,bedrooms_images
img003596.jpg,gf/bedrooms_images/img003596.jpg,6,bedrooms_images
img004579.jpg,gf/bedrooms_images/img004579.jpg,6,bedrooms_images
img000892.jpg,gf/bedrooms_images/img000892.jpg,6,bedrooms_images
img003744.jpg,gf/bedrooms_images/img003744.jpg,6,bedrooms_images
img004519.jpg,gf/bedrooms_images/img004519.jpg,6,bedrooms_images
img002542.jpg,gf/bedrooms_images/img002542.jpg,6,bedrooms_images
img003106.jpg,gf/bedrooms_images/img003106.jpg,6,bedrooms_images
img003476.jpg,gf/bedrooms_images/img003476.jpg,6,bedrooms_images
img002280.jpg,gf/bedrooms_images/img002280.jpg,6,bedrooms_images
img000432.jpg,gf/bedrooms_images/img000432.jpg,6,bedrooms_images
img001802.jpg,gf/bedrooms_images/img001802.jpg,6,bedrooms_images
img000627.jpg,gf/bedrooms_images/img000627.jpg,6,bedrooms_images
img004011.jpg,gf/bedrooms_images/img004011.jpg,6,bedrooms_images
img001554.jpg,gf/bedrooms_images/img001554.jpg,6,bedrooms_images
img004694.jpg,gf/bedrooms_images/img004694.jpg,6,bedrooms_images
img001010.jpg,gf/bedrooms_images/img001010.jpg,6,bedrooms_images
img004228.jpg,gf/bedrooms_images/img004228.jpg,6,bedrooms_images
img002172.jpg,gf/bedrooms_images/img002172.jpg,6,bedrooms_images
img004054.jpg,gf/bedrooms_images/img004054.jpg,6,bedrooms_images
img000835.jpg,gf/bedrooms_images/img000835.jpg,6,bedrooms_images
img001498.jpg,gf/bedrooms_images/img001498.jpg,6,bedrooms_images
img001101.jpg,gf/bedrooms_images/img001101.jpg,6,bedrooms_images
img004599.jpg,gf/bedrooms_images/img004599.jpg,6,bedrooms_images
img003793.jpg,gf/bedrooms_images/img003793.jpg,6,bedrooms_images
img002630.jpg,gf/bedrooms_images/img002630.jpg,6,bedrooms_images
img001328.jpg,gf/bedrooms_images/img001328.jpg,6,bedrooms_images
img003172.jpg,gf/bedrooms_images/img003172.jpg,6,bedrooms_images
img002471.jpg,gf/bedrooms_images/img002471.jpg,6,bedrooms_images
img004591.jpg,gf/bedrooms_images/img004591.jpg,6,bedrooms_images
img002136.jpg,gf/bedrooms_images/img002136.jpg,6,bedrooms_images
img003361.jpg,gf/bedrooms_images/img003361.jpg,6,bedrooms_images
img002089.jpg,gf/bedrooms_images/img002089.jpg,6,bedrooms_images
img001773.jpg,gf/bedrooms_images/img001773.jpg,6,bedrooms_images
img002937.jpg,gf/bedrooms_images/img002937.jpg,6,bedrooms_images
img002327.jpg,gf/bedrooms_images/img002327.jpg,6,bedrooms_images
img001645.jpg,gf/bedrooms_images/img001645.jpg,6,bedrooms_images
img000098.jpg,gf/bedrooms_images/img000098.jpg,6,bedrooms_images
img002790.jpg,gf/bedrooms_images/img002790.jpg,6,bedrooms_images
img002915.jpg,gf/bedrooms_images/img002915.jpg,6,bedrooms_images
img003166.jpg,gf/bedrooms_images/img003166.jpg,6,bedrooms_images
img003435.jpg,gf/bedrooms_images/img003435.jpg,6,bedrooms_images
img004636.jpg,gf/bedrooms_images/img004636.jpg,6,bedrooms_images
img001490.jpg,gf/bedrooms_images/img001490.jpg,6,bedrooms_images
img004702.jpg,gf/bedrooms_images/img004702.jpg,6,bedrooms_images
img001063.jpg,gf/bedrooms_images/img001063.jpg,6,bedrooms_images
img003881.jpg,gf/bedrooms_images/img003881.jpg,6,bedrooms_images
img003110.jpg,gf/bedrooms_images/img003110.jpg,6,bedrooms_images
img001341.jpg,gf/bedrooms_images/img001341.jpg,6,bedrooms_images
img001264.jpg,gf/bedrooms_images/img001264.jpg,6,bedrooms_images
img001878.jpg,gf/bedrooms_images/img001878.jpg,6,bedrooms_images
img004282.jpg,gf/bedrooms_images/img004282.jpg,6,bedrooms_images
img004435.jpg,gf/bedrooms_images/img004435.jpg,6,bedrooms_images
img004510.jpg,gf/bedrooms_images/img004510.jpg,6,bedrooms_images
img003429.jpg,gf/bedrooms_images/img003429.jpg,6,bedrooms_images
img004135.jpg,gf/bedrooms_images/img004135.jpg,6,bedrooms_images
img004572.jpg,gf/bedrooms_images/img004572.jpg,6,bedrooms_images
img000841.jpg,gf/bedrooms_images/img000841.jpg,6,bedrooms_images
img003418.jpg,gf/bedrooms_images/img003418.jpg,6,bedrooms_images
img002502.jpg,gf/bedrooms_images/img002502.jpg,6,bedrooms_images
img002550.jpg,gf/bedrooms_images/img002550.jpg,6,bedrooms_images
img003782.jpg,gf/bedrooms_images/img003782.jpg,6,bedrooms_images
img001424.jpg,gf/bedrooms_images/img001424.jpg,6,bedrooms_images
img001679.jpg,gf/bedrooms_images/img001679.jpg,6,bedrooms_images
img004468.jpg,gf/bedrooms_images/img004468.jpg,6,bedrooms_images
img001106.jpg,gf/bedrooms_images/img001106.jpg,6,bedrooms_images
img004822.jpg,gf/bedrooms_images/img004822.jpg,6,bedrooms_images
img001342.jpg,gf/bedrooms_images/img001342.jpg,6,bedrooms_images
img004873.jpg,gf/bedrooms_images/img004873.jpg,6,bedrooms_images
img000412.jpg,gf/bedrooms_images/img000412.jpg,6,bedrooms_images
img002709.jpg,gf/bedrooms_images/img002709.jpg,6,bedrooms_images
img001785.jpg,gf/bedrooms_images/img001785.jpg,6,bedrooms_images
img001047.jpg,gf/bedrooms_images/img001047.jpg,6,bedrooms_images
img004845.jpg,gf/bedrooms_images/img004845.jpg,6,bedrooms_images
img000039.jpg,gf/bedrooms_images/img000039.jpg,6,bedrooms_images
img000060.jpg,gf/bedrooms_images/img000060.jpg,6,bedrooms_images
img003029.jpg,gf/bedrooms_images/img003029.jpg,6,bedrooms_images
img004144.jpg,gf/bedrooms_images/img004144.jpg,6,bedrooms_images
img004136.jpg,gf/bedrooms_images/img004136.jpg,6,bedrooms_images
img003082.jpg,gf/bedrooms_images/img003082.jpg,6,bedrooms_images
img003211.jpg,gf/bedrooms_images/img003211.jpg,6,bedrooms_images
img003779.jpg,gf/bedrooms_images/img003779.jpg,6,bedrooms_images
img004406.jpg,gf/bedrooms_images/img004406.jpg,6,bedrooms_images
img004113.jpg,gf/bedrooms_images/img004113.jpg,6,bedrooms_images
img000809.jpg,gf/bedrooms_images/img000809.jpg,6,bedrooms_images
img002791.jpg,gf/bedrooms_images/img002791.jpg,6,bedrooms_images
img000326.jpg,gf/bedrooms_images/img000326.jpg,6,bedrooms_images
img002945.jpg,gf/bedrooms_images/img002945.jpg,6,bedrooms_images
img004097.jpg,gf/bedrooms_images/img004097.jpg,6,bedrooms_images
img002664.jpg,gf/bedrooms_images/img002664.jpg,6,bedrooms_images
img000621.jpg,gf/bedrooms_images/img000621.jpg,6,bedrooms_images
img002643.jpg,gf/bedrooms_images/img002643.jpg,6,bedrooms_images
img000018.jpg,gf/bedrooms_images/img000018.jpg,6,bedrooms_images
img003556.jpg,gf/bedrooms_images/img003556.jpg,6,bedrooms_images
img001590.jpg,gf/bedrooms_images/img001590.jpg,6,bedrooms_images
img003993.jpg,gf/bedrooms_images/img003993.jpg,6,bedrooms_images
img001683.jpg,gf/bedrooms_images/img001683.jpg,6,bedrooms_images
img004679.jpg,gf/bedrooms_images/img004679.jpg,6,bedrooms_images
img002605.jpg,gf/bedrooms_images/img002605.jpg,6,bedrooms_images
img000275.jpg,gf/bedrooms_images/img000275.jpg,6,bedrooms_images
img002557.jpg,gf/bedrooms_images/img002557.jpg,6,bedrooms_images
img002580.jpg,gf/bedrooms_images/img002580.jpg,6,bedrooms_images
img004192.jpg,gf/bedrooms_images/img004192.jpg,6,bedrooms_images
img003122.jpg,gf/bedrooms_images/img003122.jpg,6,bedrooms_images
img001448.jpg,gf/bedrooms_images/img001448.jpg,6,bedrooms_images
img000575.jpg,gf/bedrooms_images/img000575.jpg,6,bedrooms_images
img004362.jpg,gf/bedrooms_images/img004362.jpg,6,bedrooms_images
img004330.jpg,gf/bedrooms_images/img004330.jpg,6,bedrooms_images
img000557.jpg,gf/bedrooms_images/img000557.jpg,6,bedrooms_images
img002503.jpg,gf/bedrooms_images/img002503.jpg,6,bedrooms_images
img001343.jpg,gf/bedrooms_images/img001343.jpg,6,bedrooms_images
img000777.jpg,gf/bedrooms_images/img000777.jpg,6,bedrooms_images
img000886.jpg,gf/bedrooms_images/img000886.jpg,6,bedrooms_images
img002193.jpg,gf/bedrooms_images/img002193.jpg,6,bedrooms_images
img004791.jpg,gf/bedrooms_images/img004791.jpg,6,bedrooms_images
img003014.jpg,gf/bedrooms_images/img003014.jpg,6,bedrooms_images
img002122.jpg,gf/bedrooms_images/img002122.jpg,6,bedrooms_images
img001615.jpg,gf/bedrooms_images/img001615.jpg,6,bedrooms_images
img000882.jpg,gf/bedrooms_images/img000882.jpg,6,bedrooms_images
img000431.jpg,gf/bedrooms_images/img000431.jpg,6,bedrooms_images
img003983.jpg,gf/bedrooms_images/img003983.jpg,6,bedrooms_images
img000024.jpg,gf/bedrooms_images/img000024.jpg,6,bedrooms_images
img000848.jpg,gf/bedrooms_images/img000848.jpg,6,bedrooms_images
img001386.jpg,gf/bedrooms_images/img001386.jpg,6,bedrooms_images
img002780.jpg,gf/bedrooms_images/img002780.jpg,6,bedrooms_images
img001494.jpg,gf/bedrooms_images/img001494.jpg,6,bedrooms_images
img004076.jpg,gf/bedrooms_images/img004076.jpg,6,bedrooms_images
img000715.jpg,gf/bedrooms_images/img000715.jpg,6,bedrooms_images
img004640.jpg,gf/bedrooms_images/img004640.jpg,6,bedrooms_images
img004037.jpg,gf/bedrooms_images/img004037.jpg,6,bedrooms_images
img004145.jpg,gf/bedrooms_images/img004145.jpg,6,bedrooms_images
img002273.jpg,gf/bedrooms_images/img002273.jpg,6,bedrooms_images
img002205.jpg,gf/bedrooms_images/img002205.jpg,6,bedrooms_images
img001009.jpg,gf/bedrooms_images/img001009.jpg,6,bedrooms_images
img000633.jpg,gf/bedrooms_images/img000633.jpg,6,bedrooms_images
img000846.jpg,gf/bedrooms_images/img000846.jpg,6,bedrooms_images
img002071.jpg,gf/bedrooms_images/img002071.jpg,6,bedrooms_images
img002611.jpg,gf/bedrooms_images/img002611.jpg,6,bedrooms_images
img003641.jpg,gf/bedrooms_images/img003641.jpg,6,bedrooms_images
img004945.jpg,gf/bedrooms_images/img004945.jpg,6,bedrooms_images
img003134.jpg,gf/bedrooms_images/img003134.jpg,6,bedrooms_images
img000157.jpg,gf/bedrooms_images/img000157.jpg,6,bedrooms_images
img003053.jpg,gf/bedrooms_images/img003053.jpg,6,bedrooms_images
img004087.jpg,gf/bedrooms_images/img004087.jpg,6,bedrooms_images
img004851.jpg,gf/bedrooms_images/img004851.jpg,6,bedrooms_images
img000538.jpg,gf/bedrooms_images/img000538.jpg,6,bedrooms_images
img004900.jpg,gf/bedrooms_images/img004900.jpg,6,bedrooms_images
img000421.jpg,gf/bedrooms_images/img000421.jpg,6,bedrooms_images
img000425.jpg,gf/bedrooms_images/img000425.jpg,6,bedrooms_images
img000316.jpg,gf/bedrooms_images/img000316.jpg,6,bedrooms_images
img002800.jpg,gf/bedrooms_images/img002800.jpg,6,bedrooms_images
img000573.jpg,gf/bedrooms_images/img000573.jpg,6,bedrooms_images
img003473.jpg,gf/bedrooms_images/img003473.jpg,6,bedrooms_images
img001955.jpg,gf/bedrooms_images/img001955.jpg,6,bedrooms_images
img002185.jpg,gf/bedrooms_images/img002185.jpg,6,bedrooms_images
img003089.jpg,gf/bedrooms_images/img003089.jpg,6,bedrooms_images
img001207.jpg,gf/bedrooms_images/img001207.jpg,6,bedrooms_images
img001647.jpg,gf/bedrooms_images/img001647.jpg,6,bedrooms_images
img003392.jpg,gf/bedrooms_images/img003392.jpg,6,bedrooms_images
img002935.jpg,gf/bedrooms_images/img002935.jpg,6,bedrooms_images
img003902.jpg,gf/bedrooms_images/img003902.jpg,6,bedrooms_images
img004723.jpg,gf/bedrooms_images/img004723.jpg,6,bedrooms_images
img000463.jpg,gf/bedrooms_images/img000463.jpg,6,bedrooms_images
img003651.jpg,gf/bedrooms_images/img003651.jpg,6,bedrooms_images
img003036.jpg,gf/bedrooms_images/img003036.jpg,6,bedrooms_images
img000276.jpg,gf/bedrooms_images/img000276.jpg,6,bedrooms_images
img002574.jpg,gf/bedrooms_images/img002574.jpg,6,bedrooms_images
img003180.jpg,gf/bedrooms_images/img003180.jpg,6,bedrooms_images
img004253.jpg,gf/bedrooms_images/img004253.jpg,6,bedrooms_images
img000063.jpg,gf/bedrooms_images/img000063.jpg,6,bedrooms_images
img004685.jpg,gf/bedrooms_images/img004685.jpg,6,bedrooms_images
img002283.jpg,gf/bedrooms_images/img002283.jpg,6,bedrooms_images
img003796.jpg,gf/bedrooms_images/img003796.jpg,6,bedrooms_images
img000466.jpg,gf/bedrooms_images/img000466.jpg,6,bedrooms_images
img001731.jpg,gf/bedrooms_images/img001731.jpg,6,bedrooms_images
img003405.jpg,gf/bedrooms_images/img003405.jpg,6,bedrooms_images
img000465.jpg,gf/bedrooms_images/img000465.jpg,6,bedrooms_images
img003787.jpg,gf/bedrooms_images/img003787.jpg,6,bedrooms_images
img001231.jpg,gf/bedrooms_images/img001231.jpg,6,bedrooms_images
img002053.jpg,gf/bedrooms_images/img002053.jpg,6,bedrooms_images
img002369.jpg,gf/bedrooms_images/img002369.jpg,6,bedrooms_images
img003762.jpg,gf/bedrooms_images/img003762.jpg,6,bedrooms_images
img004861.jpg,gf/bedrooms_images/img004861.jpg,6,bedrooms_images
img002427.jpg,gf/bedrooms_images/img002427.jpg,6,bedrooms_images
img002362.jpg,gf/bedrooms_images/img002362.jpg,6,bedrooms_images
img000820.jpg,gf/bedrooms_images/img000820.jpg,6,bedrooms_images
img004965.jpg,gf/bedrooms_images/img004965.jpg,6,bedrooms_images
img001764.jpg,gf/bedrooms_images/img001764.jpg,6,bedrooms_images
img004280.jpg,gf/bedrooms_images/img004280.jpg,6,bedrooms_images
img004006.jpg,gf/bedrooms_images/img004006.jpg,6,bedrooms_images
img001004.jpg,gf/bedrooms_images/img001004.jpg,6,bedrooms_images
img003687.jpg,gf/bedrooms_images/img003687.jpg,6,bedrooms_images
img003060.jpg,gf/bedrooms_images/img003060.jpg,6,bedrooms_images
img002829.jpg,gf/bedrooms_images/img002829.jpg,6,bedrooms_images
img002814.jpg,gf/bedrooms_images/img002814.jpg,6,bedrooms_images
img000294.jpg,gf/bedrooms_images/img000294.jpg,6,bedrooms_images
img001587.jpg,gf/bedrooms_images/img001587.jpg,6,bedrooms_images
img002001.jpg,gf/bedrooms_images/img002001.jpg,6,bedrooms_images
img000262.jpg,gf/bedrooms_images/img000262.jpg,6,bedrooms_images
img004296.jpg,gf/bedrooms_images/img004296.jpg,6,bedrooms_images
img001012.jpg,gf/bedrooms_images/img001012.jpg,6,bedrooms_images
img002040.jpg,gf/bedrooms_images/img002040.jpg,6,bedrooms_images
img002676.jpg,gf/bedrooms_images/img002676.jpg,6,bedrooms_images
img000188.jpg,gf/bedrooms_images/img000188.jpg,6,bedrooms_images
img000311.jpg,gf/bedrooms_images/img000311.jpg,6,bedrooms_images
img000270.jpg,gf/bedrooms_images/img000270.jpg,6,bedrooms_images
img002705.jpg,gf/bedrooms_images/img002705.jpg,6,bedrooms_images
img002396.jpg,gf/bedrooms_images/img002396.jpg,6,bedrooms_images
img002590.jpg,gf/bedrooms_images/img002590.jpg,6,bedrooms_images
img003612.jpg,gf/bedrooms_images/img003612.jpg,6,bedrooms_images
img000385.jpg,gf/bedrooms_images/img000385.jpg,6,bedrooms_images
img004244.jpg,gf/bedrooms_images/img004244.jpg,6,bedrooms_images
img001835.jpg,gf/bedrooms_images/img001835.jpg,6,bedrooms_images
img002438.jpg,gf/bedrooms_images/img002438.jpg,6,bedrooms_images
img000260.jpg,gf/bedrooms_images/img000260.jpg,6,bedrooms_images
img000825.jpg,gf/bedrooms_images/img000825.jpg,6,bedrooms_images
img003794.jpg,gf/bedrooms_images/img003794.jpg,6,bedrooms_images
img004331.jpg,gf/bedrooms_images/img004331.jpg,6,bedrooms_images
img000208.jpg,gf/bedrooms_images/img000208.jpg,6,bedrooms_images
img002114.jpg,gf/bedrooms_images/img002114.jpg,6,bedrooms_images
img002349.jpg,gf/bedrooms_images/img002349.jpg,6,bedrooms_images
img002316.jpg,gf/bedrooms_images/img002316.jpg,6,bedrooms_images
img000971.jpg,gf/bedrooms_images/img000971.jpg,6,bedrooms_images
img000896.jpg,gf/bedrooms_images/img000896.jpg,6,bedrooms_images
img004470.jpg,gf/bedrooms_images/img004470.jpg,6,bedrooms_images
img002525.jpg,gf/bedrooms_images/img002525.jpg,6,bedrooms_images
img000620.jpg,gf/bedrooms_images/img000620.jpg,6,bedrooms_images
img002156.jpg,gf/bedrooms_images/img002156.jpg,6,bedrooms_images
img002887.jpg,gf/bedrooms_images/img002887.jpg,6,bedrooms_images
img000838.jpg,gf/bedrooms_images/img000838.jpg,6,bedrooms_images
img001898.jpg,gf/bedrooms_images/img001898.jpg,6,bedrooms_images
img003824.jpg,gf/bedrooms_images/img003824.jpg,6,bedrooms_images
img003561.jpg,gf/bedrooms_images/img003561.jpg,6,bedrooms_images
img003668.jpg,gf/bedrooms_images/img003668.jpg,6,bedrooms_images
img003820.jpg,gf/bedrooms_images/img003820.jpg,6,bedrooms_images
img004487.jpg,gf/bedrooms_images/img004487.jpg,6,bedrooms_images
img000378.jpg,gf/bedrooms_images/img000378.jpg,6,bedrooms_images
img000944.jpg,gf/bedrooms_images/img000944.jpg,6,bedrooms_images
img002377.jpg,gf/bedrooms_images/img002377.jpg,6,bedrooms_images
img004013.jpg,gf/bedrooms_images/img004013.jpg,6,bedrooms_images
img004226.jpg,gf/bedrooms_images/img004226.jpg,6,bedrooms_images
img001344.jpg,gf/bedrooms_images/img001344.jpg,6,bedrooms_images
img002764.jpg,gf/bedrooms_images/img002764.jpg,6,bedrooms_images
img003474.jpg,gf/bedrooms_images/img003474.jpg,6,bedrooms_images
img002948.jpg,gf/bedrooms_images/img002948.jpg,6,bedrooms_images
img000384.jpg,gf/bedrooms_images/img000384.jpg,6,bedrooms_images
img000938.jpg,gf/bedrooms_images/img000938.jpg,6,bedrooms_images
img003492.jpg,gf/bedrooms_images/img003492.jpg,6,bedrooms_images
img000952.jpg,gf/bedrooms_images/img000952.jpg,6,bedrooms_images
img002913.jpg,gf/bedrooms_images/img002913.jpg,6,bedrooms_images
img004535.jpg,gf/bedrooms_images/img004535.jpg,6,bedrooms_images
img002311.jpg,gf/bedrooms_images/img002311.jpg,6,bedrooms_images
img003604.jpg,gf/bedrooms_images/img003604.jpg,6,bedrooms_images
img004051.jpg,gf/bedrooms_images/img004051.jpg,6,bedrooms_images
img004153.jpg,gf/bedrooms_images/img004153.jpg,6,bedrooms_images
img002062.jpg,gf/bedrooms_images/img002062.jpg,6,bedrooms_images
img002966.jpg,gf/bedrooms_images/img002966.jpg,6,bedrooms_images
img001929.jpg,gf/bedrooms_images/img001929.jpg,6,bedrooms_images
img000352.jpg,gf/bedrooms_images/img000352.jpg,6,bedrooms_images
img002360.jpg,gf/bedrooms_images/img002360.jpg,6,bedrooms_images
img002926.jpg,gf/bedrooms_images/img002926.jpg,6,bedrooms_images
img001439.jpg,gf/bedrooms_images/img001439.jpg,6,bedrooms_images
img004150.jpg,gf/bedrooms_images/img004150.jpg,6,bedrooms_images
img004820.jpg,gf/bedrooms_images/img004820.jpg,6,bedrooms_images
img002459.jpg,gf/bedrooms_images/img002459.jpg,6,bedrooms_images
img002361.jpg,gf/bedrooms_images/img002361.jpg,6,bedrooms_images
img004274.jpg,gf/bedrooms_images/img004274.jpg,6,bedrooms_images
img001522.jpg,gf/bedrooms_images/img001522.jpg,6,bedrooms_images
img002433.jpg,gf/bedrooms_images/img002433.jpg,6,bedrooms_images
img003057.jpg,gf/bedrooms_images/img003057.jpg,6,bedrooms_images
img004882.jpg,gf/bedrooms_images/img004882.jpg,6,bedrooms_images
img004596.jpg,gf/bedrooms_images/img004596.jpg,6,bedrooms_images
img004151.jpg,gf/bedrooms_images/img004151.jpg,6,bedrooms_images
img003265.jpg,gf/bedrooms_images/img003265.jpg,6,bedrooms_images
img002583.jpg,gf/bedrooms_images/img002583.jpg,6,bedrooms_images
img004347.jpg,gf/bedrooms_images/img004347.jpg,6,bedrooms_images
img000855.jpg,gf/bedrooms_images/img000855.jpg,6,bedrooms_images
img003161.jpg,gf/bedrooms_images/img003161.jpg,6,bedrooms_images
img002116.jpg,gf/bedrooms_images/img002116.jpg,6,bedrooms_images
img002069.jpg,gf/bedrooms_images/img002069.jpg,6,bedrooms_images
img002867.jpg,gf/bedrooms_images/img002867.jpg,6,bedrooms_images
img003280.jpg,gf/bedrooms_images/img003280.jpg,6,bedrooms_images
img001870.jpg,gf/bedrooms_images/img001870.jpg,6,bedrooms_images
img003483.jpg,gf/bedrooms_images/img003483.jpg,6,bedrooms_images
img004194.jpg,gf/bedrooms_images/img004194.jpg,6,bedrooms_images
img002088.jpg,gf/bedrooms_images/img002088.jpg,6,bedrooms_images
img004023.jpg,gf/bedrooms_images/img004023.jpg,6,bedrooms_images
img000688.jpg,gf/bedrooms_images/img000688.jpg,6,bedrooms_images
img002489.jpg,gf/bedrooms_images/img002489.jpg,6,bedrooms_images
img002607.jpg,gf/bedrooms_images/img002607.jpg,6,bedrooms_images
img004492.jpg,gf/bedrooms_images/img004492.jpg,6,bedrooms_images
img001713.jpg,gf/bedrooms_images/img001713.jpg,6,bedrooms_images
img004946.jpg,gf/bedrooms_images/img004946.jpg,6,bedrooms_images
img000587.jpg,gf/bedrooms_images/img000587.jpg,6,bedrooms_images
img001302.jpg,gf/bedrooms_images/img001302.jpg,6,bedrooms_images
img001572.jpg,gf/bedrooms_images/img001572.jpg,6,bedrooms_images
img001950.jpg,gf/bedrooms_images/img001950.jpg,6,bedrooms_images
img002869.jpg,gf/bedrooms_images/img002869.jpg,6,bedrooms_images
img003332.jpg,gf/bedrooms_images/img003332.jpg,6,bedrooms_images
img000748.jpg,gf/bedrooms_images/img000748.jpg,6,bedrooms_images
img004593.jpg,gf/bedrooms_images/img004593.jpg,6,bedrooms_images
img001728.jpg,gf/bedrooms_images/img001728.jpg,6,bedrooms_images
img000459.jpg,gf/bedrooms_images/img000459.jpg,6,bedrooms_images
img000757.jpg,gf/bedrooms_images/img000757.jpg,6,bedrooms_images
img001217.jpg,gf/bedrooms_images/img001217.jpg,6,bedrooms_images
img002417.jpg,gf/bedrooms_images/img002417.jpg,6,bedrooms_images
img004202.jpg,gf/bedrooms_images/img004202.jpg,6,bedrooms_images
img004705.jpg,gf/bedrooms_images/img004705.jpg,6,bedrooms_images
img003269.jpg,gf/bedrooms_images/img003269.jpg,6,bedrooms_images
img003208.jpg,gf/bedrooms_images/img003208.jpg,6,bedrooms_images
img000055.jpg,gf/bedrooms_images/img000055.jpg,6,bedrooms_images
img002253.jpg,gf/bedrooms_images/img002253.jpg,6,bedrooms_images
img004447.jpg,gf/bedrooms_images/img004447.jpg,6,bedrooms_images
img004477.jpg,gf/bedrooms_images/img004477.jpg,6,bedrooms_images
img000449.jpg,gf/bedrooms_images/img000449.jpg,6,bedrooms_images
img001016.jpg,gf/bedrooms_images/img001016.jpg,6,bedrooms_images
img000833.jpg,gf/bedrooms_images/img000833.jpg,6,bedrooms_images
img000083.jpg,gf/bedrooms_images/img000083.jpg,6,bedrooms_images
img004116.jpg,gf/bedrooms_images/img004116.jpg,6,bedrooms_images
img004879.jpg,gf/bedrooms_images/img004879.jpg,6,bedrooms_images
img004437.jpg,gf/bedrooms_images/img004437.jpg,6,bedrooms_images
img001625.jpg,gf/bedrooms_images/img001625.jpg,6,bedrooms_images
img000252.jpg,gf/bedrooms_images/img000252.jpg,6,bedrooms_images
img001048.jpg,gf/bedrooms_images/img001048.jpg,6,bedrooms_images
img001373.jpg,gf/bedrooms_images/img001373.jpg,6,bedrooms_images
img002367.jpg,gf/bedrooms_images/img002367.jpg,6,bedrooms_images
img003413.jpg,gf/bedrooms_images/img003413.jpg,6,bedrooms_images
img004501.jpg,gf/bedrooms_images/img004501.jpg,6,bedrooms_images
img000528.jpg,gf/bedrooms_images/img000528.jpg,6,bedrooms_images
img004619.jpg,gf/bedrooms_images/img004619.jpg,6,bedrooms_images
img002425.jpg,gf/bedrooms_images/img002425.jpg,6,bedrooms_images
img000443.jpg,gf/bedrooms_images/img000443.jpg,6,bedrooms_images
img003404.jpg,gf/bedrooms_images/img003404.jpg,6,bedrooms_images
img004046.jpg,gf/bedrooms_images/img004046.jpg,6,bedrooms_images
img000197.jpg,gf/bedrooms_images/img000197.jpg,6,bedrooms_images
img001846.jpg,gf/bedrooms_images/img001846.jpg,6,bedrooms_images
img002446.jpg,gf/bedrooms_images/img002446.jpg,6,bedrooms_images
img003661.jpg,gf/bedrooms_images/img003661.jpg,6,bedrooms_images
img001611.jpg,gf/bedrooms_images/img001611.jpg,6,bedrooms_images
img000107.jpg,gf/bedrooms_images/img000107.jpg,6,bedrooms_images
img003610.jpg,gf/bedrooms_images/img003610.jpg,6,bedrooms_images
img001046.jpg,gf/bedrooms_images/img001046.jpg,6,bedrooms_images
img002866.jpg,gf/bedrooms_images/img002866.jpg,6,bedrooms_images
img003324.jpg,gf/bedrooms_images/img003324.jpg,6,bedrooms_images
img001501.jpg,gf/bedrooms_images/img001501.jpg,6,bedrooms_images
img002187.jpg,gf/bedrooms_images/img002187.jpg,6,bedrooms_images
img002095.jpg,gf/bedrooms_images/img002095.jpg,6,bedrooms_images
img000536.jpg,gf/bedrooms_images/img000536.jpg,6,bedrooms_images
img001000.jpg,gf/bedrooms_images/img001000.jpg,6,bedrooms_images
img001018.jpg,gf/bedrooms_images/img001018.jpg,6,bedrooms_images
img001337.jpg,gf/bedrooms_images/img001337.jpg,6,bedrooms_images
img000341.jpg,gf/bedrooms_images/img000341.jpg,6,bedrooms_images
img004395.jpg,gf/bedrooms_images/img004395.jpg,6,bedrooms_images
img002442.jpg,gf/bedrooms_images/img002442.jpg,6,bedrooms_images
img002163.jpg,gf/bedrooms_images/img002163.jpg,6,bedrooms_images
img002689.jpg,gf/bedrooms_images/img002689.jpg,6,bedrooms_images
img004408.jpg,gf/bedrooms_images/img004408.jpg,6,bedrooms_images
img001884.jpg,gf/bedrooms_images/img001884.jpg,6,bedrooms_images
img003165.jpg,gf/bedrooms_images/img003165.jpg,6,bedrooms_images
img004556.jpg,gf/bedrooms_images/img004556.jpg,6,bedrooms_images
img000743.jpg,gf/bedrooms_images/img000743.jpg,6,bedrooms_images
img001022.jpg,gf/bedrooms_images/img001022.jpg,6,bedrooms_images
img003735.jpg,gf/bedrooms_images/img003735.jpg,6,bedrooms_images
img002480.jpg,gf/bedrooms_images/img002480.jpg,6,bedrooms_images
img000486.jpg,gf/bedrooms_images/img000486.jpg,6,bedrooms_images
img004372.jpg,gf/bedrooms_images/img004372.jpg,6,bedrooms_images
img004911.jpg,gf/bedrooms_images/img004911.jpg,6,bedrooms_images
img000324.jpg,gf/bedrooms_images/img000324.jpg,6,bedrooms_images
img004546.jpg,gf/bedrooms_images/img004546.jpg,6,bedrooms_images
img004906.jpg,gf/bedrooms_images/img004906.jpg,6,bedrooms_images
img004940.jpg,gf/bedrooms_images/img004940.jpg,6,bedrooms_images
img003778.jpg,gf/bedrooms_images/img003778.jpg,6,bedrooms_images
img004201.jpg,gf/bedrooms_images/img004201.jpg,6,bedrooms_images
img004083.jpg,gf/bedrooms_images/img004083.jpg,6,bedrooms_images
img002641.jpg,gf/bedrooms_images/img002641.jpg,6,bedrooms_images
img004897.jpg,gf/bedrooms_images/img004897.jpg,6,bedrooms_images
img002594.jpg,gf/bedrooms_images/img002594.jpg,6,bedrooms_images
img002479.jpg,gf/bedrooms_images/img002479.jpg,6,bedrooms_images
img003375.jpg,gf/bedrooms_images/img003375.jpg,6,bedrooms_images
img002850.jpg,gf/bedrooms_images/img002850.jpg,6,bedrooms_images
img000624.jpg,gf/bedrooms_images/img000624.jpg,6,bedrooms_images
img002775.jpg,gf/bedrooms_images/img002775.jpg,6,bedrooms_images
img004961.jpg,gf/bedrooms_images/img004961.jpg,6,bedrooms_images
img001600.jpg,gf/bedrooms_images/img001600.jpg,6,bedrooms_images
img003906.jpg,gf/bedrooms_images/img003906.jpg,6,bedrooms_images
img000358.jpg,gf/bedrooms_images/img000358.jpg,6,bedrooms_images
img002034.jpg,gf/bedrooms_images/img002034.jpg,6,bedrooms_images
img003592.jpg,gf/bedrooms_images/img003592.jpg,6,bedrooms_images
img001420.jpg,gf/bedrooms_images/img001420.jpg,6,bedrooms_images
img000593.jpg,gf/bedrooms_images/img000593.jpg,6,bedrooms_images
img003433.jpg,gf/bedrooms_images/img003433.jpg,6,bedrooms_images
img004602.jpg,gf/bedrooms_images/img004602.jpg,6,bedrooms_images
img002033.jpg,gf/bedrooms_images/img002033.jpg,6,bedrooms_images
img002977.jpg,gf/bedrooms_images/img002977.jpg,6,bedrooms_images
img002781.jpg,gf/bedrooms_images/img002781.jpg,6,bedrooms_images
img002639.jpg,gf/bedrooms_images/img002639.jpg,6,bedrooms_images
img001820.jpg,gf/bedrooms_images/img001820.jpg,6,bedrooms_images
img001303.jpg,gf/bedrooms_images/img001303.jpg,6,bedrooms_images
img000685.jpg,gf/bedrooms_images/img000685.jpg,6,bedrooms_images
img001603.jpg,gf/bedrooms_images/img001603.jpg,6,bedrooms_images
img001592.jpg,gf/bedrooms_images/img001592.jpg,6,bedrooms_images
img001919.jpg,gf/bedrooms_images/img001919.jpg,6,bedrooms_images
img004754.jpg,gf/bedrooms_images/img004754.jpg,6,bedrooms_images
img002358.jpg,gf/bedrooms_images/img002358.jpg,6,bedrooms_images
img001532.jpg,gf/bedrooms_images/img001532.jpg,6,bedrooms_images
img003378.jpg,gf/bedrooms_images/img003378.jpg,6,bedrooms_images
img003620.jpg,gf/bedrooms_images/img003620.jpg,6,bedrooms_images
img003822.jpg,gf/bedrooms_images/img003822.jpg,6,bedrooms_images
img000021.jpg,gf/bedrooms_images/img000021.jpg,6,bedrooms_images
img001653.jpg,gf/bedrooms_images/img001653.jpg,6,bedrooms_images
img002131.jpg,gf/bedrooms_images/img002131.jpg,6,bedrooms_images
img004976.jpg,gf/bedrooms_images/img004976.jpg,6,bedrooms_images
img003583.jpg,gf/bedrooms_images/img003583.jpg,6,bedrooms_images
img002083.jpg,gf/bedrooms_images/img002083.jpg,6,bedrooms_images
img004220.jpg,gf/bedrooms_images/img004220.jpg,6,bedrooms_images
img004770.jpg,gf/bedrooms_images/img004770.jpg,6,bedrooms_images
img000828.jpg,gf/bedrooms_images/img000828.jpg,6,bedrooms_images
img004840.jpg,gf/bedrooms_images/img004840.jpg,6,bedrooms_images
img001156.jpg,gf/bedrooms_images/img001156.jpg,6,bedrooms_images
img004588.jpg,gf/bedrooms_images/img004588.jpg,6,bedrooms_images
img004511.jpg,gf/bedrooms_images/img004511.jpg,6,bedrooms_images
img000367.jpg,gf/bedrooms_images/img000367.jpg,6,bedrooms_images
img003496.jpg,gf/bedrooms_images/img003496.jpg,6,bedrooms_images
img003377.jpg,gf/bedrooms_images/img003377.jpg,6,bedrooms_images
img001124.jpg,gf/bedrooms_images/img001124.jpg,6,bedrooms_images
img003938.jpg,gf/bedrooms_images/img003938.jpg,6,bedrooms_images
img004570.jpg,gf/bedrooms_images/img004570.jpg,6,bedrooms_images
img002696.jpg,gf/bedrooms_images/img002696.jpg,6,bedrooms_images
img001129.jpg,gf/bedrooms_images/img001129.jpg,6,bedrooms_images
img001670.jpg,gf/bedrooms_images/img001670.jpg,6,bedrooms_images
img002150.jpg,gf/bedrooms_images/img002150.jpg,6,bedrooms_images
img003611.jpg,gf/bedrooms_images/img003611.jpg,6,bedrooms_images
img002856.jpg,gf/bedrooms_images/img002856.jpg,6,bedrooms_images
img004060.jpg,gf/bedrooms_images/img004060.jpg,6,bedrooms_images
img002620.jpg,gf/bedrooms_images/img002620.jpg,6,bedrooms_images
img001006.jpg,gf/bedrooms_images/img001006.jpg,6,bedrooms_images
img004901.jpg,gf/bedrooms_images/img004901.jpg,6,bedrooms_images
img002111.jpg,gf/bedrooms_images/img002111.jpg,6,bedrooms_images
img003274.jpg,gf/bedrooms_images/img003274.jpg,6,bedrooms_images
img000298.jpg,gf/bedrooms_images/img000298.jpg,6,bedrooms_images
img002892.jpg,gf/bedrooms_images/img002892.jpg,6,bedrooms_images
img002260.jpg,gf/bedrooms_images/img002260.jpg,6,bedrooms_images
img003877.jpg,gf/bedrooms_images/img003877.jpg,6,bedrooms_images
img003458.jpg,gf/bedrooms_images/img003458.jpg,6,bedrooms_images
img003691.jpg,gf/bedrooms_images/img003691.jpg,6,bedrooms_images
img001656.jpg,gf/bedrooms_images/img001656.jpg,6,bedrooms_images
img001542.jpg,gf/bedrooms_images/img001542.jpg,6,bedrooms_images
img004695.jpg,gf/bedrooms_images/img004695.jpg,6,bedrooms_images
img000939.jpg,gf/bedrooms_images/img000939.jpg,6,bedrooms_images
img001883.jpg,gf/bedrooms_images/img001883.jpg,6,bedrooms_images
img003574.jpg,gf/bedrooms_images/img003574.jpg,6,bedrooms_images
img003855.jpg,gf/bedrooms_images/img003855.jpg,6,bedrooms_images
img004621.jpg,gf/bedrooms_images/img004621.jpg,6,bedrooms_images
img003125.jpg,gf/bedrooms_images/img003125.jpg,6,bedrooms_images
img000291.jpg,gf/bedrooms_images/img000291.jpg,6,bedrooms_images
img004148.jpg,gf/bedrooms_images/img004148.jpg,6,bedrooms_images
img002130.jpg,gf/bedrooms_images/img002130.jpg,6,bedrooms_images
img002832.jpg,gf/bedrooms_images/img002832.jpg,6,bedrooms_images
img004764.jpg,gf/bedrooms_images/img004764.jpg,6,bedrooms_images
img004414.jpg,gf/bedrooms_images/img004414.jpg,6,bedrooms_images
img000054.jpg,gf/bedrooms_images/img000054.jpg,6,bedrooms_images
img004586.jpg,gf/bedrooms_images/img004586.jpg,6,bedrooms_images
img004241.jpg,gf/bedrooms_images/img004241.jpg,6,bedrooms_images
img003068.jpg,gf/bedrooms_images/img003068.jpg,6,bedrooms_images
img003587.jpg,gf/bedrooms_images/img003587.jpg,6,bedrooms_images
img002341.jpg,gf/bedrooms_images/img002341.jpg,6,bedrooms_images
img000668.jpg,gf/bedrooms_images/img000668.jpg,6,bedrooms_images
img001956.jpg,gf/bedrooms_images/img001956.jpg,6,bedrooms_images
img000563.jpg,gf/bedrooms_images/img000563.jpg,6,bedrooms_images
img004734.jpg,gf/bedrooms_images/img004734.jpg,6,bedrooms_images
img002138.jpg,gf/bedrooms_images/img002138.jpg,6,bedrooms_images
img000706.jpg,gf/bedrooms_images/img000706.jpg,6,bedrooms_images
img004577.jpg,gf/bedrooms_images/img004577.jpg,6,bedrooms_images
img002692.jpg,gf/bedrooms_images/img002692.jpg,6,bedrooms_images
img003379.jpg,gf/bedrooms_images/img003379.jpg,6,bedrooms_images
img002820.jpg,gf/bedrooms_images/img002820.jpg,6,bedrooms_images
img004748.jpg,gf/bedrooms_images/img004748.jpg,6,bedrooms_images
img003471.jpg,gf/bedrooms_images/img003471.jpg,6,bedrooms_images
img002023.jpg,gf/bedrooms_images/img002023.jpg,6,bedrooms_images
img002657.jpg,gf/bedrooms_images/img002657.jpg,6,bedrooms_images
img003655.jpg,gf/bedrooms_images/img003655.jpg,6,bedrooms_images
img000559.jpg,gf/bedrooms_images/img000559.jpg,6,bedrooms_images
img002267.jpg,gf/bedrooms_images/img002267.jpg,6,bedrooms_images
img002835.jpg,gf/bedrooms_images/img002835.jpg,6,bedrooms_images
img000539.jpg,gf/bedrooms_images/img000539.jpg,6,bedrooms_images
img004707.jpg,gf/bedrooms_images/img004707.jpg,6,bedrooms_images
img001274.jpg,gf/bedrooms_images/img001274.jpg,6,bedrooms_images
img002334.jpg,gf/bedrooms_images/img002334.jpg,6,bedrooms_images
img000170.jpg,gf/bedrooms_images/img000170.jpg,6,bedrooms_images
img001223.jpg,gf/bedrooms_images/img001223.jpg,6,bedrooms_images
img004716.jpg,gf/bedrooms_images/img004716.jpg,6,bedrooms_images
img002671.jpg,gf/bedrooms_images/img002671.jpg,6,bedrooms_images
img004540.jpg,gf/bedrooms_images/img004540.jpg,6,bedrooms_images
img003739.jpg,gf/bedrooms_images/img003739.jpg,6,bedrooms_images
img004794.jpg,gf/bedrooms_images/img004794.jpg,6,bedrooms_images
img000740.jpg,gf/bedrooms_images/img000740.jpg,6,bedrooms_images
img003464.jpg,gf/bedrooms_images/img003464.jpg,6,bedrooms_images
img003570.jpg,gf/bedrooms_images/img003570.jpg,6,bedrooms_images
img002292.jpg,gf/bedrooms_images/img002292.jpg,6,bedrooms_images
img000839.jpg,gf/bedrooms_images/img000839.jpg,6,bedrooms_images
img004812.jpg,gf/bedrooms_images/img004812.jpg,6,bedrooms_images
img004251.jpg,gf/bedrooms_images/img004251.jpg,6,bedrooms_images
img000689.jpg,gf/bedrooms_images/img000689.jpg,6,bedrooms_images
img001369.jpg,gf/bedrooms_images/img001369.jpg,6,bedrooms_images
img003389.jpg,gf/bedrooms_images/img003389.jpg,6,bedrooms_images
img003712.jpg,gf/bedrooms_images/img003712.jpg,6,bedrooms_images
img001273.jpg,gf/bedrooms_images/img001273.jpg,6,bedrooms_images
img002350.jpg,gf/bedrooms_images/img002350.jpg,6,bedrooms_images
img003689.jpg,gf/bedrooms_images/img003689.jpg,6,bedrooms_images
img004688.jpg,gf/bedrooms_images/img004688.jpg,6,bedrooms_images
img002854.jpg,gf/bedrooms_images/img002854.jpg,6,bedrooms_images
img000195.jpg,gf/bedrooms_images/img000195.jpg,6,bedrooms_images
img004345.jpg,gf/bedrooms_images/img004345.jpg,6,bedrooms_images
img003187.jpg,gf/bedrooms_images/img003187.jpg,6,bedrooms_images
img003465.jpg,gf/bedrooms_images/img003465.jpg,6,bedrooms_images
img003025.jpg,gf/bedrooms_images/img003025.jpg,6,bedrooms_images
img002143.jpg,gf/bedrooms_images/img002143.jpg,6,bedrooms_images
img002564.jpg,gf/bedrooms_images/img002564.jpg,6,bedrooms_images
img003203.jpg,gf/bedrooms_images/img003203.jpg,6,bedrooms_images
img002965.jpg,gf/bedrooms_images/img002965.jpg,6,bedrooms_images
img000088.jpg,gf/bedrooms_images/img000088.jpg,6,bedrooms_images
img004138.jpg,gf/bedrooms_images/img004138.jpg,6,bedrooms_images
img002347.jpg,gf/bedrooms_images/img002347.jpg,6,bedrooms_images
img003683.jpg,gf/bedrooms_images/img003683.jpg,6,bedrooms_images
img003369.jpg,gf/bedrooms_images/img003369.jpg,6,bedrooms_images
img003244.jpg,gf/bedrooms_images/img003244.jpg,6,bedrooms_images
img004457.jpg,gf/bedrooms_images/img004457.jpg,6,bedrooms_images
img000028.jpg,gf/bedrooms_images/img000028.jpg,6,bedrooms_images
img004558.jpg,gf/bedrooms_images/img004558.jpg,6,bedrooms_images
img001031.jpg,gf/bedrooms_images/img001031.jpg,6,bedrooms_images
img001242.jpg,gf/bedrooms_images/img001242.jpg,6,bedrooms_images
img000196.jpg,gf/bedrooms_images/img000196.jpg,6,bedrooms_images
img001652.jpg,gf/bedrooms_images/img001652.jpg,6,bedrooms_images
img003649.jpg,gf/bedrooms_images/img003649.jpg,6,bedrooms_images
img004410.jpg,gf/bedrooms_images/img004410.jpg,6,bedrooms_images
img000198.jpg,gf/bedrooms_images/img000198.jpg,6,bedrooms_images
img003077.jpg,gf/bedrooms_images/img003077.jpg,6,bedrooms_images
img004623.jpg,gf/bedrooms_images/img004623.jpg,6,bedrooms_images
img004197.jpg,gf/bedrooms_images/img004197.jpg,6,bedrooms_images
img001041.jpg,gf/bedrooms_images/img001041.jpg,6,bedrooms_images
img002614.jpg,gf/bedrooms_images/img002614.jpg,6,bedrooms_images
img003219.jpg,gf/bedrooms_images/img003219.jpg,6,bedrooms_images
img001067.jpg,gf/bedrooms_images/img001067.jpg,6,bedrooms_images
img000122.jpg,gf/bedrooms_images/img000122.jpg,6,bedrooms_images
img003524.jpg,gf/bedrooms_images/img003524.jpg,6,bedrooms_images
img003043.jpg,gf/bedrooms_images/img003043.jpg,6,bedrooms_images
img002424.jpg,gf/bedrooms_images/img002424.jpg,6,bedrooms_images
img004641.jpg,gf/bedrooms_images/img004641.jpg,6,bedrooms_images
img001335.jpg,gf/bedrooms_images/img001335.jpg,6,bedrooms_images
img001787.jpg,gf/bedrooms_images/img001787.jpg,6,bedrooms_images
img002295.jpg,gf/bedrooms_images/img002295.jpg,6,bedrooms_images
img002684.jpg,gf/bedrooms_images/img002684.jpg,6,bedrooms_images
img001064.jpg,gf/bedrooms_images/img001064.jpg,6,bedrooms_images
img000736.jpg,gf/bedrooms_images/img000736.jpg,6,bedrooms_images
img003680.jpg,gf/bedrooms_images/img003680.jpg,6,bedrooms_images
img003272.jpg,gf/bedrooms_images/img003272.jpg,6,bedrooms_images
img002700.jpg,gf/bedrooms_images/img002700.jpg,6,bedrooms_images
img002766.jpg,gf/bedrooms_images/img002766.jpg,6,bedrooms_images
img004898.jpg,gf/bedrooms_images/img004898.jpg,6,bedrooms_images
img000207.jpg,gf/bedrooms_images/img000207.jpg,6,bedrooms_images
img000993.jpg,gf/bedrooms_images/img000993.jpg,6,bedrooms_images
img002451.jpg,gf/bedrooms_images/img002451.jpg,6,bedrooms_images
img000857.jpg,gf/bedrooms_images/img000857.jpg,6,bedrooms_images
img003288.jpg,gf/bedrooms_images/img003288.jpg,6,bedrooms_images
img004073.jpg,gf/bedrooms_images/img004073.jpg,6,bedrooms_images
img004114.jpg,gf/bedrooms_images/img004114.jpg,6,bedrooms_images
img003923.jpg,gf/bedrooms_images/img003923.jpg,6,bedrooms_images
img003055.jpg,gf/bedrooms_images/img003055.jpg,6,bedrooms_images
img002908.jpg,gf/bedrooms_images/img002908.jpg,6,bedrooms_images
img000552.jpg,gf/bedrooms_images/img000552.jpg,6,bedrooms_images
img000149.jpg,gf/bedrooms_images/img000149.jpg,6,bedrooms_images
img001074.jpg,gf/bedrooms_images/img001074.jpg,6,bedrooms_images
img003001.jpg,gf/bedrooms_images/img003001.jpg,6,bedrooms_images
img003928.jpg,gf/bedrooms_images/img003928.jpg,6,bedrooms_images
img001598.jpg,gf/bedrooms_images/img001598.jpg,6,bedrooms_images
img004444.jpg,gf/bedrooms_images/img004444.jpg,6,bedrooms_images
img001868.jpg,gf/bedrooms_images/img001868.jpg,6,bedrooms_images
img003368.jpg,gf/bedrooms_images/img003368.jpg,6,bedrooms_images
img002973.jpg,gf/bedrooms_images/img002973.jpg,6,bedrooms_images
img002975.jpg,gf/bedrooms_images/img002975.jpg,6,bedrooms_images
img001799.jpg,gf/bedrooms_images/img001799.jpg,6,bedrooms_images
img001244.jpg,gf/bedrooms_images/img001244.jpg,6,bedrooms_images
img001751.jpg,gf/bedrooms_images/img001751.jpg,6,bedrooms_images
img001675.jpg,gf/bedrooms_images/img001675.jpg,6,bedrooms_images
img003563.jpg,gf/bedrooms_images/img003563.jpg,6,bedrooms_images
img002516.jpg,gf/bedrooms_images/img002516.jpg,6,bedrooms_images
img001236.jpg,gf/bedrooms_images/img001236.jpg,6,bedrooms_images
img004932.jpg,gf/bedrooms_images/img004932.jpg,6,bedrooms_images
img004161.jpg,gf/bedrooms_images/img004161.jpg,6,bedrooms_images
img002330.jpg,gf/bedrooms_images/img002330.jpg,6,bedrooms_images
img002905.jpg,gf/bedrooms_images/img002905.jpg,6,bedrooms_images
img001791.jpg,gf/bedrooms_images/img001791.jpg,6,bedrooms_images
img000955.jpg,gf/bedrooms_images/img000955.jpg,6,bedrooms_images
img002695.jpg,gf/bedrooms_images/img002695.jpg,6,bedrooms_images
img003270.jpg,gf/bedrooms_images/img003270.jpg,6,bedrooms_images
img001191.jpg,gf/bedrooms_images/img001191.jpg,6,bedrooms_images
img003621.jpg,gf/bedrooms_images/img003621.jpg,6,bedrooms_images
img001960.jpg,gf/bedrooms_images/img001960.jpg,6,bedrooms_images
img004393.jpg,gf/bedrooms_images/img004393.jpg,6,bedrooms_images
img000423.jpg,gf/bedrooms_images/img000423.jpg,6,bedrooms_images
img000803.jpg,gf/bedrooms_images/img000803.jpg,6,bedrooms_images
img000753.jpg,gf/bedrooms_images/img000753.jpg,6,bedrooms_images
img000608.jpg,gf/bedrooms_images/img000608.jpg,6,bedrooms_images
img003246.jpg,gf/bedrooms_images/img003246.jpg,6,bedrooms_images
img000755.jpg,gf/bedrooms_images/img000755.jpg,6,bedrooms_images
img004806.jpg,gf/bedrooms_images/img004806.jpg,6,bedrooms_images
img004819.jpg,gf/bedrooms_images/img004819.jpg,6,bedrooms_images
img001407.jpg,gf/bedrooms_images/img001407.jpg,6,bedrooms_images
img002072.jpg,gf/bedrooms_images/img002072.jpg,6,bedrooms_images
img004846.jpg,gf/bedrooms_images/img004846.jpg,6,bedrooms_images
img000066.jpg,gf/bedrooms_images/img000066.jpg,6,bedrooms_images
img003978.jpg,gf/bedrooms_images/img003978.jpg,6,bedrooms_images
img001891.jpg,gf/bedrooms_images/img001891.jpg,6,bedrooms_images
img000139.jpg,gf/bedrooms_images/img000139.jpg,6,bedrooms_images
img001431.jpg,gf/bedrooms_images/img001431.jpg,6,bedrooms_images
img002465.jpg,gf/bedrooms_images/img002465.jpg,6,bedrooms_images
img004009.jpg,gf/bedrooms_images/img004009.jpg,6,bedrooms_images
img003240.jpg,gf/bedrooms_images/img003240.jpg,6,bedrooms_images
img000712.jpg,gf/bedrooms_images/img000712.jpg,6,bedrooms_images
img003018.jpg,gf/bedrooms_images/img003018.jpg,6,bedrooms_images
img003625.jpg,gf/bedrooms_images/img003625.jpg,6,bedrooms_images
img001371.jpg,gf/bedrooms_images/img001371.jpg,6,bedrooms_images
img004936.jpg,gf/bedrooms_images/img004936.jpg,6,bedrooms_images
img000745.jpg,gf/bedrooms_images/img000745.jpg,6,bedrooms_images
img002258.jpg,gf/bedrooms_images/img002258.jpg,6,bedrooms_images
img004587.jpg,gf/bedrooms_images/img004587.jpg,6,bedrooms_images
img000143.jpg,gf/bedrooms_images/img000143.jpg,6,bedrooms_images
img003959.jpg,gf/bedrooms_images/img003959.jpg,6,bedrooms_images
img003179.jpg,gf/bedrooms_images/img003179.jpg,6,bedrooms_images
img004527.jpg,gf/bedrooms_images/img004527.jpg,6,bedrooms_images
img000878.jpg,gf/bedrooms_images/img000878.jpg,6,bedrooms_images
img004862.jpg,gf/bedrooms_images/img004862.jpg,6,bedrooms_images
img003999.jpg,gf/bedrooms_images/img003999.jpg,6,bedrooms_images
img002100.jpg,gf/bedrooms_images/img002100.jpg,6,bedrooms_images
img003891.jpg,gf/bedrooms_images/img003891.jpg,6,bedrooms_images
img003116.jpg,gf/bedrooms_images/img003116.jpg,6,bedrooms_images
img004104.jpg,gf/bedrooms_images/img004104.jpg,6,bedrooms_images
img002596.jpg,gf/bedrooms_images/img002596.jpg,6,bedrooms_images
img001045.jpg,gf/bedrooms_images/img001045.jpg,6,bedrooms_images
img004058.jpg,gf/bedrooms_images/img004058.jpg,6,bedrooms_images
img003777.jpg,gf/bedrooms_images/img003777.jpg,6,bedrooms_images
img003811.jpg,gf/bedrooms_images/img003811.jpg,6,bedrooms_images
img001381.jpg,gf/bedrooms_images/img001381.jpg,6,bedrooms_images
img001418.jpg,gf/bedrooms_images/img001418.jpg,6,bedrooms_images
img004980.jpg,gf/bedrooms_images/img004980.jpg,6,bedrooms_images
img003812.jpg,gf/bedrooms_images/img003812.jpg,6,bedrooms_images
img000469.jpg,gf/bedrooms_images/img000469.jpg,6,bedrooms_images
img000498.jpg,gf/bedrooms_images/img000498.jpg,6,bedrooms_images
img000751.jpg,gf/bedrooms_images/img000751.jpg,6,bedrooms_images
img003813.jpg,gf/bedrooms_images/img003813.jpg,6,bedrooms_images
img003857.jpg,gf/bedrooms_images/img003857.jpg,6,bedrooms_images
img004506.jpg,gf/bedrooms_images/img004506.jpg,6,bedrooms_images
img004404.jpg,gf/bedrooms_images/img004404.jpg,6,bedrooms_images
img001548.jpg,gf/bedrooms_images/img001548.jpg,6,bedrooms_images
img000832.jpg,gf/bedrooms_images/img000832.jpg,6,bedrooms_images
img000237.jpg,gf/bedrooms_images/img000237.jpg,6,bedrooms_images
img003201.jpg,gf/bedrooms_images/img003201.jpg,6,bedrooms_images
img001452.jpg,gf/bedrooms_images/img001452.jpg,6,bedrooms_images
img000767.jpg,gf/bedrooms_images/img000767.jpg,6,bedrooms_images
img001493.jpg,gf/bedrooms_images/img001493.jpg,6,bedrooms_images
img000363.jpg,gf/bedrooms_images/img000363.jpg,6,bedrooms_images
img002067.jpg,gf/bedrooms_images/img002067.jpg,6,bedrooms_images
img003555.jpg,gf/bedrooms_images/img003555.jpg,6,bedrooms_images
img001492.jpg,gf/bedrooms_images/img001492.jpg,6,bedrooms_images
img000875.jpg,gf/bedrooms_images/img000875.jpg,6,bedrooms_images
img001859.jpg,gf/bedrooms_images/img001859.jpg,6,bedrooms_images
img001535.jpg,gf/bedrooms_images/img001535.jpg,6,bedrooms_images
img004381.jpg,gf/bedrooms_images/img004381.jpg,6,bedrooms_images
img004229.jpg,gf/bedrooms_images/img004229.jpg,6,bedrooms_images
img004612.jpg,gf/bedrooms_images/img004612.jpg,6,bedrooms_images
img002886.jpg,gf/bedrooms_images/img002886.jpg,6,bedrooms_images
img004894.jpg,gf/bedrooms_images/img004894.jpg,6,bedrooms_images
img003594.jpg,gf/bedrooms_images/img003594.jpg,6,bedrooms_images
img001252.jpg,gf/bedrooms_images/img001252.jpg,6,bedrooms_images
img003791.jpg,gf/bedrooms_images/img003791.jpg,6,bedrooms_images
img004336.jpg,gf/bedrooms_images/img004336.jpg,6,bedrooms_images
img004493.jpg,gf/bedrooms_images/img004493.jpg,6,bedrooms_images
img003734.jpg,gf/bedrooms_images/img003734.jpg,6,bedrooms_images
img002158.jpg,gf/bedrooms_images/img002158.jpg,6,bedrooms_images
img002032.jpg,gf/bedrooms_images/img002032.jpg,6,bedrooms_images
img002081.jpg,gf/bedrooms_images/img002081.jpg,6,bedrooms_images
img003093.jpg,gf/bedrooms_images/img003093.jpg,6,bedrooms_images
img001301.jpg,gf/bedrooms_images/img001301.jpg,6,bedrooms_images
img003371.jpg,gf/bedrooms_images/img003371.jpg,6,bedrooms_images
img004357.jpg,gf/bedrooms_images/img004357.jpg,6,bedrooms_images
img004691.jpg,gf/bedrooms_images/img004691.jpg,6,bedrooms_images
img000589.jpg,gf/bedrooms_images/img000589.jpg,6,bedrooms_images
img000698.jpg,gf/bedrooms_images/img000698.jpg,6,bedrooms_images
img000406.jpg,gf/bedrooms_images/img000406.jpg,6,bedrooms_images
img002672.jpg,gf/bedrooms_images/img002672.jpg,6,bedrooms_images
img000392.jpg,gf/bedrooms_images/img000392.jpg,6,bedrooms_images
img001281.jpg,gf/bedrooms_images/img001281.jpg,6,bedrooms_images
img001102.jpg,gf/bedrooms_images/img001102.jpg,6,bedrooms_images
img001847.jpg,gf/bedrooms_images/img001847.jpg,6,bedrooms_images
img001768.jpg,gf/bedrooms_images/img001768.jpg,6,bedrooms_images
img003268.jpg,gf/bedrooms_images/img003268.jpg,6,bedrooms_images
img002962.jpg,gf/bedrooms_images/img002962.jpg,6,bedrooms_images
img002385.jpg,gf/bedrooms_images/img002385.jpg,6,bedrooms_images
img003553.jpg,gf/bedrooms_images/img003553.jpg,6,bedrooms_images
img001637.jpg,gf/bedrooms_images/img001637.jpg,6,bedrooms_images
img004934.jpg,gf/bedrooms_images/img004934.jpg,6,bedrooms_images
img003808.jpg,gf/bedrooms_images/img003808.jpg,6,bedrooms_images
img004134.jpg,gf/bedrooms_images/img004134.jpg,6,bedrooms_images
img004982.jpg,gf/bedrooms_images/img004982.jpg,6,bedrooms_images
img004057.jpg,gf/bedrooms_images/img004057.jpg,6,bedrooms_images
img001662.jpg,gf/bedrooms_images/img001662.jpg,6,bedrooms_images
img000602.jpg,gf/bedrooms_images/img000602.jpg,6,bedrooms_images
img002200.jpg,gf/bedrooms_images/img002200.jpg,6,bedrooms_images
img000665.jpg,gf/bedrooms_images/img000665.jpg,6,bedrooms_images
img000639.jpg,gf/bedrooms_images/img000639.jpg,6,bedrooms_images
img000473.jpg,gf/bedrooms_images/img000473.jpg,6,bedrooms_images
img003364.jpg,gf/bedrooms_images/img003364.jpg,6,bedrooms_images
img000850.jpg,gf/bedrooms_images/img000850.jpg,6,bedrooms_images
img004068.jpg,gf/bedrooms_images/img004068.jpg,6,bedrooms_images
img001171.jpg,gf/bedrooms_images/img001171.jpg,6,bedrooms_images
img000787.jpg,gf/bedrooms_images/img000787.jpg,6,bedrooms_images
img002430.jpg,gf/bedrooms_images/img002430.jpg,6,bedrooms_images
img004881.jpg,gf/bedrooms_images/img004881.jpg,6,bedrooms_images
img001617.jpg,gf/bedrooms_images/img001617.jpg,6,bedrooms_images
img000383.jpg,gf/bedrooms_images/img000383.jpg,6,bedrooms_images
img003953.jpg,gf/bedrooms_images/img003953.jpg,6,bedrooms_images
img004237.jpg,gf/bedrooms_images/img004237.jpg,6,bedrooms_images
img000864.jpg,gf/bedrooms_images/img000864.jpg,6,bedrooms_images
img001368.jpg,gf/bedrooms_images/img001368.jpg,6,bedrooms_images
img003602.jpg,gf/bedrooms_images/img003602.jpg,6,bedrooms_images
img002645.jpg,gf/bedrooms_images/img002645.jpg,6,bedrooms_images
img003307.jpg,gf/bedrooms_images/img003307.jpg,6,bedrooms_images
img000870.jpg,gf/bedrooms_images/img000870.jpg,6,bedrooms_images
img002328.jpg,gf/bedrooms_images/img002328.jpg,6,bedrooms_images
img002440.jpg,gf/bedrooms_images/img002440.jpg,6,bedrooms_images
img002782.jpg,gf/bedrooms_images/img002782.jpg,6,bedrooms_images
img002586.jpg,gf/bedrooms_images/img002586.jpg,6,bedrooms_images
img000282.jpg,gf/bedrooms_images/img000282.jpg,6,bedrooms_images
img002412.jpg,gf/bedrooms_images/img002412.jpg,6,bedrooms_images
img003516.jpg,gf/bedrooms_images/img003516.jpg,6,bedrooms_images
img001841.jpg,gf/bedrooms_images/img001841.jpg,6,bedrooms_images
img000047.jpg,gf/bedrooms_images/img000047.jpg,6,bedrooms_images
img002005.jpg,gf/bedrooms_images/img002005.jpg,6,bedrooms_images
img002125.jpg,gf/bedrooms_images/img002125.jpg,6,bedrooms_images
img002785.jpg,gf/bedrooms_images/img002785.jpg,6,bedrooms_images
img003541.jpg,gf/bedrooms_images/img003541.jpg,6,bedrooms_images
img000972.jpg,gf/bedrooms_images/img000972.jpg,6,bedrooms_images
img000930.jpg,gf/bedrooms_images/img000930.jpg,6,bedrooms_images
img003714.jpg,gf/bedrooms_images/img003714.jpg,6,bedrooms_images
img001544.jpg,gf/bedrooms_images/img001544.jpg,6,bedrooms_images
img001983.jpg,gf/bedrooms_images/img001983.jpg,6,bedrooms_images
img002386.jpg,gf/bedrooms_images/img002386.jpg,6,bedrooms_images
img003659.jpg,gf/bedrooms_images/img003659.jpg,6,bedrooms_images
img002549.jpg,gf/bedrooms_images/img002549.jpg,6,bedrooms_images
img000151.jpg,gf/bedrooms_images/img000151.jpg,6,bedrooms_images
img003961.jpg,gf/bedrooms_images/img003961.jpg,6,bedrooms_images
img002268.jpg,gf/bedrooms_images/img002268.jpg,6,bedrooms_images
img003803.jpg,gf/bedrooms_images/img003803.jpg,6,bedrooms_images
img001831.jpg,gf/bedrooms_images/img001831.jpg,6,bedrooms_images
img004293.jpg,gf/bedrooms_images/img004293.jpg,6,bedrooms_images
img000793.jpg,gf/bedrooms_images/img000793.jpg,6,bedrooms_images
img000004.jpg,gf/bedrooms_images/img000004.jpg,6,bedrooms_images
img002725.jpg,gf/bedrooms_images/img002725.jpg,6,bedrooms_images
img002164.jpg,gf/bedrooms_images/img002164.jpg,6,bedrooms_images
img004243.jpg,gf/bedrooms_images/img004243.jpg,6,bedrooms_images
img000911.jpg,gf/bedrooms_images/img000911.jpg,6,bedrooms_images
img002325.jpg,gf/bedrooms_images/img002325.jpg,6,bedrooms_images
img004165.jpg,gf/bedrooms_images/img004165.jpg,6,bedrooms_images
img004425.jpg,gf/bedrooms_images/img004425.jpg,6,bedrooms_images
img000903.jpg,gf/bedrooms_images/img000903.jpg,6,bedrooms_images
img003972.jpg,gf/bedrooms_images/img003972.jpg,6,bedrooms_images
img001817.jpg,gf/bedrooms_images/img001817.jpg,6,bedrooms_images
img004141.jpg,gf/bedrooms_images/img004141.jpg,6,bedrooms_images
img001163.jpg,gf/bedrooms_images/img001163.jpg,6,bedrooms_images
img000527.jpg,gf/bedrooms_images/img000527.jpg,6,bedrooms_images
img000514.jpg,gf/bedrooms_images/img000514.jpg,6,bedrooms_images
img002941.jpg,gf/bedrooms_images/img002941.jpg,6,bedrooms_images
img004025.jpg,gf/bedrooms_images/img004025.jpg,6,bedrooms_images
img001982.jpg,gf/bedrooms_images/img001982.jpg,6,bedrooms_images
img003084.jpg,gf/bedrooms_images/img003084.jpg,6,bedrooms_images
img004747.jpg,gf/bedrooms_images/img004747.jpg,6,bedrooms_images
img003058.jpg,gf/bedrooms_images/img003058.jpg,6,bedrooms_images
img000884.jpg,gf/bedrooms_images/img000884.jpg,6,bedrooms_images
img004304.jpg,gf/bedrooms_images/img004304.jpg,6,bedrooms_images
img004771.jpg,gf/bedrooms_images/img004771.jpg,6,bedrooms_images
img002757.jpg,gf/bedrooms_images/img002757.jpg,6,bedrooms_images
img002458.jpg,gf/bedrooms_images/img002458.jpg,6,bedrooms_images
img002422.jpg,gf/bedrooms_images/img002422.jpg,6,bedrooms_images
img001155.jpg,gf/bedrooms_images/img001155.jpg,6,bedrooms_images
img001478.jpg,gf/bedrooms_images/img001478.jpg,6,bedrooms_images
img004359.jpg,gf/bedrooms_images/img004359.jpg,6,bedrooms_images
img000811.jpg,gf/bedrooms_images/img000811.jpg,6,bedrooms_images
img000641.jpg,gf/bedrooms_images/img000641.jpg,6,bedrooms_images
img001752.jpg,gf/bedrooms_images/img001752.jpg,6,bedrooms_images
img002622.jpg,gf/bedrooms_images/img002622.jpg,6,bedrooms_images
img001142.jpg,gf/bedrooms_images/img001142.jpg,6,bedrooms_images
img004249.jpg,gf/bedrooms_images/img004249.jpg,6,bedrooms_images
img000176.jpg,gf/bedrooms_images/img000176.jpg,6,bedrooms_images
img004550.jpg,gf/bedrooms_images/img004550.jpg,6,bedrooms_images
img002096.jpg,gf/bedrooms_images/img002096.jpg,6,bedrooms_images
img000109.jpg,gf/bedrooms_images/img000109.jpg,6,bedrooms_images
img000959.jpg,gf/bedrooms_images/img000959.jpg,6,bedrooms_images
img003532.jpg,gf/bedrooms_images/img003532.jpg,6,bedrooms_images
img001119.jpg,gf/bedrooms_images/img001119.jpg,6,bedrooms_images
img003343.jpg,gf/bedrooms_images/img003343.jpg,6,bedrooms_images
img002735.jpg,gf/bedrooms_images/img002735.jpg,6,bedrooms_images
img003552.jpg,gf/bedrooms_images/img003552.jpg,6,bedrooms_images
img004035.jpg,gf/bedrooms_images/img004035.jpg,6,bedrooms_images
img002307.jpg,gf/bedrooms_images/img002307.jpg,6,bedrooms_images
img002343.jpg,gf/bedrooms_images/img002343.jpg,6,bedrooms_images
img004361.jpg,gf/bedrooms_images/img004361.jpg,6,bedrooms_images
img002329.jpg,gf/bedrooms_images/img002329.jpg,6,bedrooms_images
img003932.jpg,gf/bedrooms_images/img003932.jpg,6,bedrooms_images
img001325.jpg,gf/bedrooms_images/img001325.jpg,6,bedrooms_images
img000904.jpg,gf/bedrooms_images/img000904.jpg,6,bedrooms_images
img000509.jpg,gf/bedrooms_images/img000509.jpg,6,bedrooms_images
img002798.jpg,gf/bedrooms_images/img002798.jpg,6,bedrooms_images
img002861.jpg,gf/bedrooms_images/img002861.jpg,6,bedrooms_images
img003168.jpg,gf/bedrooms_images/img003168.jpg,6,bedrooms_images
img001940.jpg,gf/bedrooms_images/img001940.jpg,6,bedrooms_images
img004096.jpg,gf/bedrooms_images/img004096.jpg,6,bedrooms_images
img001902.jpg,gf/bedrooms_images/img001902.jpg,6,bedrooms_images
img004324.jpg,gf/bedrooms_images/img004324.jpg,6,bedrooms_images
img001586.jpg,gf/bedrooms_images/img001586.jpg,6,bedrooms_images
img003688.jpg,gf/bedrooms_images/img003688.jpg,6,bedrooms_images
img002191.jpg,gf/bedrooms_images/img002191.jpg,6,bedrooms_images
img002139.jpg,gf/bedrooms_images/img002139.jpg,6,bedrooms_images
img001489.jpg,gf/bedrooms_images/img001489.jpg,6,bedrooms_images
img004972.jpg,gf/bedrooms_images/img004972.jpg,6,bedrooms_images
img004565.jpg,gf/bedrooms_images/img004565.jpg,6,bedrooms_images
img002723.jpg,gf/bedrooms_images/img002723.jpg,6,bedrooms_images
img000852.jpg,gf/bedrooms_images/img000852.jpg,6,bedrooms_images
img003267.jpg,gf/bedrooms_images/img003267.jpg,6,bedrooms_images
img002599.jpg,gf/bedrooms_images/img002599.jpg,6,bedrooms_images
img004382.jpg,gf/bedrooms_images/img004382.jpg,6,bedrooms_images
img003009.jpg,gf/bedrooms_images/img003009.jpg,6,bedrooms_images
img002740.jpg,gf/bedrooms_images/img002740.jpg,6,bedrooms_images
img004606.jpg,gf/bedrooms_images/img004606.jpg,6,bedrooms_images
img002543.jpg,gf/bedrooms_images/img002543.jpg,6,bedrooms_images
img000372.jpg,gf/bedrooms_images/img000372.jpg,6,bedrooms_images
img002169.jpg,gf/bedrooms_images/img002169.jpg,6,bedrooms_images
img002416.jpg,gf/bedrooms_images/img002416.jpg,6,bedrooms_images
img003936.jpg,gf/bedrooms_images/img003936.jpg,6,bedrooms_images
img004238.jpg,gf/bedrooms_images/img004238.jpg,6,bedrooms_images
img003401.jpg,gf/bedrooms_images/img003401.jpg,6,bedrooms_images
img000765.jpg,gf/bedrooms_images/img000765.jpg,6,bedrooms_images
img003538.jpg,gf/bedrooms_images/img003538.jpg,6,bedrooms_images
img002783.jpg,gf/bedrooms_images/img002783.jpg,6,bedrooms_images
img003238.jpg,gf/bedrooms_images/img003238.jpg,6,bedrooms_images
img001877.jpg,gf/bedrooms_images/img001877.jpg,6,bedrooms_images
img003329.jpg,gf/bedrooms_images/img003329.jpg,6,bedrooms_images
img001446.jpg,gf/bedrooms_images/img001446.jpg,6,bedrooms_images
img001099.jpg,gf/bedrooms_images/img001099.jpg,6,bedrooms_images
img002335.jpg,gf/bedrooms_images/img002335.jpg,6,bedrooms_images
img004790.jpg,gf/bedrooms_images/img004790.jpg,6,bedrooms_images
img003865.jpg,gf/bedrooms_images/img003865.jpg,6,bedrooms_images
img004438.jpg,gf/bedrooms_images/img004438.jpg,6,bedrooms_images
img001150.jpg,gf/bedrooms_images/img001150.jpg,6,bedrooms_images
img001545.jpg,gf/bedrooms_images/img001545.jpg,6,bedrooms_images
img001671.jpg,gf/bedrooms_images/img001671.jpg,6,bedrooms_images
img000301.jpg,gf/bedrooms_images/img000301.jpg,6,bedrooms_images
img000949.jpg,gf/bedrooms_images/img000949.jpg,6,bedrooms_images
img003860.jpg,gf/bedrooms_images/img003860.jpg,6,bedrooms_images
img001094.jpg,gf/bedrooms_images/img001094.jpg,6,bedrooms_images
img004429.jpg,gf/bedrooms_images/img004429.jpg,6,bedrooms_images
img002529.jpg,gf/bedrooms_images/img002529.jpg,6,bedrooms_images
img004928.jpg,gf/bedrooms_images/img004928.jpg,6,bedrooms_images
img000216.jpg,gf/bedrooms_images/img000216.jpg,6,bedrooms_images
img003207.jpg,gf/bedrooms_images/img003207.jpg,6,bedrooms_images
img003525.jpg,gf/bedrooms_images/img003525.jpg,6,bedrooms_images
img001380.jpg,gf/bedrooms_images/img001380.jpg,6,bedrooms_images
img003888.jpg,gf/bedrooms_images/img003888.jpg,6,bedrooms_images
img001871.jpg,gf/bedrooms_images/img001871.jpg,6,bedrooms_images
img003124.jpg,gf/bedrooms_images/img003124.jpg,6,bedrooms_images
img000597.jpg,gf/bedrooms_images/img000597.jpg,6,bedrooms_images
img000293.jpg,gf/bedrooms_images/img000293.jpg,6,bedrooms_images
img004488.jpg,gf/bedrooms_images/img004488.jpg,6,bedrooms_images
img002014.jpg,gf/bedrooms_images/img002014.jpg,6,bedrooms_images
img003766.jpg,gf/bedrooms_images/img003766.jpg,6,bedrooms_images
img000789.jpg,gf/bedrooms_images/img000789.jpg,6,bedrooms_images
img001547.jpg,gf/bedrooms_images/img001547.jpg,6,bedrooms_images
img004719.jpg,gf/bedrooms_images/img004719.jpg,6,bedrooms_images
img000427.jpg,gf/bedrooms_images/img000427.jpg,6,bedrooms_images
img004478.jpg,gf/bedrooms_images/img004478.jpg,6,bedrooms_images
img001205.jpg,gf/bedrooms_images/img001205.jpg,6,bedrooms_images
img003142.jpg,gf/bedrooms_images/img003142.jpg,6,bedrooms_images
img001807.jpg,gf/bedrooms_images/img001807.jpg,6,bedrooms_images
img002828.jpg,gf/bedrooms_images/img002828.jpg,6,bedrooms_images
img001644.jpg,gf/bedrooms_images/img001644.jpg,6,bedrooms_images
img003162.jpg,gf/bedrooms_images/img003162.jpg,6,bedrooms_images
img001575.jpg,gf/bedrooms_images/img001575.jpg,6,bedrooms_images
img000664.jpg,gf/bedrooms_images/img000664.jpg,6,bedrooms_images
img000532.jpg,gf/bedrooms_images/img000532.jpg,6,bedrooms_images
img001284.jpg,gf/bedrooms_images/img001284.jpg,6,bedrooms_images
img002531.jpg,gf/bedrooms_images/img002531.jpg,6,bedrooms_images
img002455.jpg,gf/bedrooms_images/img002455.jpg,6,bedrooms_images
img001922.jpg,gf/bedrooms_images/img001922.jpg,6,bedrooms_images
img003113.jpg,gf/bedrooms_images/img003113.jpg,6,bedrooms_images
img002300.jpg,gf/bedrooms_images/img002300.jpg,6,bedrooms_images
img000801.jpg,gf/bedrooms_images/img000801.jpg,6,bedrooms_images
img000280.jpg,gf/bedrooms_images/img000280.jpg,6,bedrooms_images
img001450.jpg,gf/bedrooms_images/img001450.jpg,6,bedrooms_images
img002715.jpg,gf/bedrooms_images/img002715.jpg,6,bedrooms_images
img000414.jpg,gf/bedrooms_images/img000414.jpg,6,bedrooms_images
img001304.jpg,gf/bedrooms_images/img001304.jpg,6,bedrooms_images
img003481.jpg,gf/bedrooms_images/img003481.jpg,6,bedrooms_images
img000111.jpg,gf/bedrooms_images/img000111.jpg,6,bedrooms_images
img002730.jpg,gf/bedrooms_images/img002730.jpg,6,bedrooms_images
img000074.jpg,gf/bedrooms_images/img000074.jpg,6,bedrooms_images
img000948.jpg,gf/bedrooms_images/img000948.jpg,6,bedrooms_images
img002315.jpg,gf/bedrooms_images/img002315.jpg,6,bedrooms_images
img002871.jpg,gf/bedrooms_images/img002871.jpg,6,bedrooms_images
img003876.jpg,gf/bedrooms_images/img003876.jpg,6,bedrooms_images
img002426.jpg,gf/bedrooms_images/img002426.jpg,6,bedrooms_images
img003660.jpg,gf/bedrooms_images/img003660.jpg,6,bedrooms_images
img000814.jpg,gf/bedrooms_images/img000814.jpg,6,bedrooms_images
img002799.jpg,gf/bedrooms_images/img002799.jpg,6,bedrooms_images
img000902.jpg,gf/bedrooms_images/img000902.jpg,6,bedrooms_images
img002547.jpg,gf/bedrooms_images/img002547.jpg,6,bedrooms_images
img000644.jpg,gf/bedrooms_images/img000644.jpg,6,bedrooms_images
img002967.jpg,gf/bedrooms_images/img002967.jpg,6,bedrooms_images
img001925.jpg,gf/bedrooms_images/img001925.jpg,6,bedrooms_images
img002994.jpg,gf/bedrooms_images/img002994.jpg,6,bedrooms_images
img000051.jpg,gf/bedrooms_images/img000051.jpg,6,bedrooms_images
img004876.jpg,gf/bedrooms_images/img004876.jpg,6,bedrooms_images
img001934.jpg,gf/bedrooms_images/img001934.jpg,6,bedrooms_images
img000764.jpg,gf/bedrooms_images/img000764.jpg,6,bedrooms_images
img002002.jpg,gf/bedrooms_images/img002002.jpg,6,bedrooms_images
img003745.jpg,gf/bedrooms_images/img003745.jpg,6,bedrooms_images
img000769.jpg,gf/bedrooms_images/img000769.jpg,6,bedrooms_images
img004517.jpg,gf/bedrooms_images/img004517.jpg,6,bedrooms_images
img000946.jpg,gf/bedrooms_images/img000946.jpg,6,bedrooms_images
img002507.jpg,gf/bedrooms_images/img002507.jpg,6,bedrooms_images
img004086.jpg,gf/bedrooms_images/img004086.jpg,6,bedrooms_images
img001533.jpg,gf/bedrooms_images/img001533.jpg,6,bedrooms_images
img003861.jpg,gf/bedrooms_images/img003861.jpg,6,bedrooms_images
img000680.jpg,gf/bedrooms_images/img000680.jpg,6,bedrooms_images
img004236.jpg,gf/bedrooms_images/img004236.jpg,6,bedrooms_images
img001408.jpg,gf/bedrooms_images/img001408.jpg,6,bedrooms_images
img003299.jpg,gf/bedrooms_images/img003299.jpg,6,bedrooms_images
img000495.jpg,gf/bedrooms_images/img000495.jpg,6,bedrooms_images
img002372.jpg,gf/bedrooms_images/img002372.jpg,6,bedrooms_images
img001037.jpg,gf/bedrooms_images/img001037.jpg,6,bedrooms_images
img001249.jpg,gf/bedrooms_images/img001249.jpg,6,bedrooms_images
img004566.jpg,gf/bedrooms_images/img004566.jpg,6,bedrooms_images
img003188.jpg,gf/bedrooms_images/img003188.jpg,6,bedrooms_images
img001395.jpg,gf/bedrooms_images/img001395.jpg,6,bedrooms_images
img000049.jpg,gf/bedrooms_images/img000049.jpg,6,bedrooms_images
img003767.jpg,gf/bedrooms_images/img003767.jpg,6,bedrooms_images
img002182.jpg,gf/bedrooms_images/img002182.jpg,6,bedrooms_images
img002036.jpg,gf/bedrooms_images/img002036.jpg,6,bedrooms_images
img000626.jpg,gf/bedrooms_images/img000626.jpg,6,bedrooms_images
img004246.jpg,gf/bedrooms_images/img004246.jpg,6,bedrooms_images
img001970.jpg,gf/bedrooms_images/img001970.jpg,6,bedrooms_images
img000059.jpg,gf/bedrooms_images/img000059.jpg,6,bedrooms_images
img000343.jpg,gf/bedrooms_images/img000343.jpg,6,bedrooms_images
img000738.jpg,gf/bedrooms_images/img000738.jpg,6,bedrooms_images
img002183.jpg,gf/bedrooms_images/img002183.jpg,6,bedrooms_images
img001735.jpg,gf/bedrooms_images/img001735.jpg,6,bedrooms_images
img003131.jpg,gf/bedrooms_images/img003131.jpg,6,bedrooms_images
img000511.jpg,gf/bedrooms_images/img000511.jpg,6,bedrooms_images
img003706.jpg,gf/bedrooms_images/img003706.jpg,6,bedrooms_images
img004033.jpg,gf/bedrooms_images/img004033.jpg,6,bedrooms_images
img004292.jpg,gf/bedrooms_images/img004292.jpg,6,bedrooms_images
img001241.jpg,gf/bedrooms_images/img001241.jpg,6,bedrooms_images
img000940.jpg,gf/bedrooms_images/img000940.jpg,6,bedrooms_images
img003636.jpg,gf/bedrooms_images/img003636.jpg,6,bedrooms_images
img002629.jpg,gf/bedrooms_images/img002629.jpg,6,bedrooms_images
img000682.jpg,gf/bedrooms_images/img000682.jpg,6,bedrooms_images
img002759.jpg,gf/bedrooms_images/img002759.jpg,6,bedrooms_images
img004683.jpg,gf/bedrooms_images/img004683.jpg,6,bedrooms_images
img002364.jpg,gf/bedrooms_images/img002364.jpg,6,bedrooms_images
img000161.jpg,gf/bedrooms_images/img000161.jpg,6,bedrooms_images
img003518.jpg,gf/bedrooms_images/img003518.jpg,6,bedrooms_images
img000754.jpg,gf/bedrooms_images/img000754.jpg,6,bedrooms_images
img002642.jpg,gf/bedrooms_images/img002642.jpg,6,bedrooms_images
img004838.jpg,gf/bedrooms_images/img004838.jpg,6,bedrooms_images
img002896.jpg,gf/bedrooms_images/img002896.jpg,6,bedrooms_images
img001844.jpg,gf/bedrooms_images/img001844.jpg,6,bedrooms_images
img003094.jpg,gf/bedrooms_images/img003094.jpg,6,bedrooms_images
img000163.jpg,gf/bedrooms_images/img000163.jpg,6,bedrooms_images
img001385.jpg,gf/bedrooms_images/img001385.jpg,6,bedrooms_images
img003156.jpg,gf/bedrooms_images/img003156.jpg,6,bedrooms_images
img003184.jpg,gf/bedrooms_images/img003184.jpg,6,bedrooms_images
img004503.jpg,gf/bedrooms_images/img004503.jpg,6,bedrooms_images
img001153.jpg,gf/bedrooms_images/img001153.jpg,6,bedrooms_images
img000899.jpg,gf/bedrooms_images/img000899.jpg,6,bedrooms_images
img003955.jpg,gf/bedrooms_images/img003955.jpg,6,bedrooms_images
img001604.jpg,gf/bedrooms_images/img001604.jpg,6,bedrooms_images
img003085.jpg,gf/bedrooms_images/img003085.jpg,6,bedrooms_images
img000893.jpg,gf/bedrooms_images/img000893.jpg,6,bedrooms_images
img000766.jpg,gf/bedrooms_images/img000766.jpg,6,bedrooms_images
img004530.jpg,gf/bedrooms_images/img004530.jpg,6,bedrooms_images
img002658.jpg,gf/bedrooms_images/img002658.jpg,6,bedrooms_images
img000243.jpg,gf/bedrooms_images/img000243.jpg,6,bedrooms_images
img004026.jpg,gf/bedrooms_images/img004026.jpg,6,bedrooms_images
img004736.jpg,gf/bedrooms_images/img004736.jpg,6,bedrooms_images
img002812.jpg,gf/bedrooms_images/img002812.jpg,6,bedrooms_images
img001561.jpg,gf/bedrooms_images/img001561.jpg,6,bedrooms_images
img003694.jpg,gf/bedrooms_images/img003694.jpg,6,bedrooms_images
img001266.jpg,gf/bedrooms_images/img001266.jpg,6,bedrooms_images
img003261.jpg,gf/bedrooms_images/img003261.jpg,6,bedrooms_images
img000389.jpg,gf/bedrooms_images/img000389.jpg,6,bedrooms_images
img001225.jpg,gf/bedrooms_images/img001225.jpg,6,bedrooms_images
img004193.jpg,gf/bedrooms_images/img004193.jpg,6,bedrooms_images
img000969.jpg,gf/bedrooms_images/img000969.jpg,6,bedrooms_images
img004079.jpg,gf/bedrooms_images/img004079.jpg,6,bedrooms_images
img003469.jpg,gf/bedrooms_images/img003469.jpg,6,bedrooms_images
img004630.jpg,gf/bedrooms_images/img004630.jpg,6,bedrooms_images
img000123.jpg,gf/bedrooms_images/img000123.jpg,6,bedrooms_images
img004204.jpg,gf/bedrooms_images/img004204.jpg,6,bedrooms_images
img000537.jpg,gf/bedrooms_images/img000537.jpg,6,bedrooms_images
img003634.jpg,gf/bedrooms_images/img003634.jpg,6,bedrooms_images
img001816.jpg,gf/bedrooms_images/img001816.jpg,6,bedrooms_images
img002817.jpg,gf/bedrooms_images/img002817.jpg,6,bedrooms_images
img004017.jpg,gf/bedrooms_images/img004017.jpg,6,bedrooms_images
img004727.jpg,gf/bedrooms_images/img004727.jpg,6,bedrooms_images
img002478.jpg,gf/bedrooms_images/img002478.jpg,6,bedrooms_images
img003312.jpg,gf/bedrooms_images/img003312.jpg,6,bedrooms_images
img002824.jpg,gf/bedrooms_images/img002824.jpg,6,bedrooms_images
img004859.jpg,gf/bedrooms_images/img004859.jpg,6,bedrooms_images
img004250.jpg,gf/bedrooms_images/img004250.jpg,6,bedrooms_images
img000205.jpg,gf/bedrooms_images/img000205.jpg,6,bedrooms_images
img001998.jpg,gf/bedrooms_images/img001998.jpg,6,bedrooms_images
img000379.jpg,gf/bedrooms_images/img000379.jpg,6,bedrooms_images
img000741.jpg,gf/bedrooms_images/img000741.jpg,6,bedrooms_images
img004715.jpg,gf/bedrooms_images/img004715.jpg,6,bedrooms_images
img003490.jpg,gf/bedrooms_images/img003490.jpg,6,bedrooms_images
img003905.jpg,gf/bedrooms_images/img003905.jpg,6,bedrooms_images
img001972.jpg,gf/bedrooms_images/img001972.jpg,6,bedrooms_images
img000973.jpg,gf/bedrooms_images/img000973.jpg,6,bedrooms_images
img000919.jpg,gf/bedrooms_images/img000919.jpg,6,bedrooms_images
img001459.jpg,gf/bedrooms_images/img001459.jpg,6,bedrooms_images
img002055.jpg,gf/bedrooms_images/img002055.jpg,6,bedrooms_images
img000167.jpg,gf/bedrooms_images/img000167.jpg,6,bedrooms_images
img004314.jpg,gf/bedrooms_images/img004314.jpg,6,bedrooms_images
img004230.jpg,gf/bedrooms_images/img004230.jpg,6,bedrooms_images
img003360.jpg,gf/bedrooms_images/img003360.jpg,6,bedrooms_images
img000818.jpg,gf/bedrooms_images/img000818.jpg,6,bedrooms_images
img003223.jpg,gf/bedrooms_images/img003223.jpg,6,bedrooms_images
img004769.jpg,gf/bedrooms_images/img004769.jpg,6,bedrooms_images
img004772.jpg,gf/bedrooms_images/img004772.jpg,6,bedrooms_images
img001895.jpg,gf/bedrooms_images/img001895.jpg,6,bedrooms_images
img000985.jpg,gf/bedrooms_images/img000985.jpg,6,bedrooms_images
img004777.jpg,gf/bedrooms_images/img004777.jpg,6,bedrooms_images
img002685.jpg,gf/bedrooms_images/img002685.jpg,6,bedrooms_images
img003130.jpg,gf/bedrooms_images/img003130.jpg,6,bedrooms_images
img002874.jpg,gf/bedrooms_images/img002874.jpg,6,bedrooms_images
img004206.jpg,gf/bedrooms_images/img004206.jpg,6,bedrooms_images
img000984.jpg,gf/bedrooms_images/img000984.jpg,6,bedrooms_images
img000451.jpg,gf/bedrooms_images/img000451.jpg,6,bedrooms_images
img004594.jpg,gf/bedrooms_images/img004594.jpg,6,bedrooms_images
img001414.jpg,gf/bedrooms_images/img001414.jpg,6,bedrooms_images
img003831.jpg,gf/bedrooms_images/img003831.jpg,6,bedrooms_images
img004905.jpg,gf/bedrooms_images/img004905.jpg,6,bedrooms_images
img002690.jpg,gf/bedrooms_images/img002690.jpg,6,bedrooms_images
img004992.jpg,gf/bedrooms_images/img004992.jpg,6,bedrooms_images
img003600.jpg,gf/bedrooms_images/img003600.jpg,6,bedrooms_images
img004262.jpg,gf/bedrooms_images/img004262.jpg,6,bedrooms_images
img000761.jpg,gf/bedrooms_images/img000761.jpg,6,bedrooms_images
img001834.jpg,gf/bedrooms_images/img001834.jpg,6,bedrooms_images
img002173.jpg,gf/bedrooms_images/img002173.jpg,6,bedrooms_images
img001824.jpg,gf/bedrooms_images/img001824.jpg,6,bedrooms_images
img002250.jpg,gf/bedrooms_images/img002250.jpg,6,bedrooms_images
img002633.jpg,gf/bedrooms_images/img002633.jpg,6,bedrooms_images
img003943.jpg,gf/bedrooms_images/img003943.jpg,6,bedrooms_images
img004818.jpg,gf/bedrooms_images/img004818.jpg,6,bedrooms_images
img004512.jpg,gf/bedrooms_images/img004512.jpg,6,bedrooms_images
img000132.jpg,gf/bedrooms_images/img000132.jpg,6,bedrooms_images
img003967.jpg,gf/bedrooms_images/img003967.jpg,6,bedrooms_images
img003963.jpg,gf/bedrooms_images/img003963.jpg,6,bedrooms_images
img002729.jpg,gf/bedrooms_images/img002729.jpg,6,bedrooms_images
img002857.jpg,gf/bedrooms_images/img002857.jpg,6,bedrooms_images
img004027.jpg,gf/bedrooms_images/img004027.jpg,6,bedrooms_images
img000452.jpg,gf/bedrooms_images/img000452.jpg,6,bedrooms_images
img000471.jpg,gf/bedrooms_images/img000471.jpg,6,bedrooms_images
img004107.jpg,gf/bedrooms_images/img004107.jpg,6,bedrooms_images
img003350.jpg,gf/bedrooms_images/img003350.jpg,6,bedrooms_images
img001097.jpg,gf/bedrooms_images/img001097.jpg,6,bedrooms_images
img001008.jpg,gf/bedrooms_images/img001008.jpg,6,bedrooms_images
img001693.jpg,gf/bedrooms_images/img001693.jpg,6,bedrooms_images
img001774.jpg,gf/bedrooms_images/img001774.jpg,6,bedrooms_images
img003086.jpg,gf/bedrooms_images/img003086.jpg,6,bedrooms_images
img000053.jpg,gf/bedrooms_images/img000053.jpg,6,bedrooms_images
img001443.jpg,gf/bedrooms_images/img001443.jpg,6,bedrooms_images
img004269.jpg,gf/bedrooms_images/img004269.jpg,6,bedrooms_images
img001235.jpg,gf/bedrooms_images/img001235.jpg,6,bedrooms_images
img000535.jpg,gf/bedrooms_images/img000535.jpg,6,bedrooms_images
img000571.jpg,gf/bedrooms_images/img000571.jpg,6,bedrooms_images
img004271.jpg,gf/bedrooms_images/img004271.jpg,6,bedrooms_images
img002042.jpg,gf/bedrooms_images/img002042.jpg,6,bedrooms_images
img001692.jpg,gf/bedrooms_images/img001692.jpg,6,bedrooms_images
img004509.jpg,gf/bedrooms_images/img004509.jpg,6,bedrooms_images
img003220.jpg,gf/bedrooms_images/img003220.jpg,6,bedrooms_images
img004024.jpg,gf/bedrooms_images/img004024.jpg,6,bedrooms_images
img002925.jpg,gf/bedrooms_images/img002925.jpg,6,bedrooms_images
img002243.jpg,gf/bedrooms_images/img002243.jpg,6,bedrooms_images
img004766.jpg,gf/bedrooms_images/img004766.jpg,6,bedrooms_images
img001271.jpg,gf/bedrooms_images/img001271.jpg,6,bedrooms_images
img000619.jpg,gf/bedrooms_images/img000619.jpg,6,bedrooms_images
img004931.jpg,gf/bedrooms_images/img004931.jpg,6,bedrooms_images
img004106.jpg,gf/bedrooms_images/img004106.jpg,6,bedrooms_images
img004700.jpg,gf/bedrooms_images/img004700.jpg,6,bedrooms_images
img001330.jpg,gf/bedrooms_images/img001330.jpg,6,bedrooms_images
img003921.jpg,gf/bedrooms_images/img003921.jpg,6,bedrooms_images
img004893.jpg,gf/bedrooms_images/img004893.jpg,6,bedrooms_images
img003652.jpg,gf/bedrooms_images/img003652.jpg,6,bedrooms_images
img000719.jpg,gf/bedrooms_images/img000719.jpg,6,bedrooms_images
img002593.jpg,gf/bedrooms_images/img002593.jpg,6,bedrooms_images
img001257.jpg,gf/bedrooms_images/img001257.jpg,6,bedrooms_images
img002048.jpg,gf/bedrooms_images/img002048.jpg,6,bedrooms_images
img000174.jpg,gf/bedrooms_images/img000174.jpg,6,bedrooms_images
img002080.jpg,gf/bedrooms_images/img002080.jpg,6,bedrooms_images
img001159.jpg,gf/bedrooms_images/img001159.jpg,6,bedrooms_images
img004398.jpg,gf/bedrooms_images/img004398.jpg,6,bedrooms_images
img003765.jpg,gf/bedrooms_images/img003765.jpg,6,bedrooms_images
img000686.jpg,gf/bedrooms_images/img000686.jpg,6,bedrooms_images
img000365.jpg,gf/bedrooms_images/img000365.jpg,6,bedrooms_images
img002497.jpg,gf/bedrooms_images/img002497.jpg,6,bedrooms_images
img000492.jpg,gf/bedrooms_images/img000492.jpg,6,bedrooms_images
img000747.jpg,gf/bedrooms_images/img000747.jpg,6,bedrooms_images
img003505.jpg,gf/bedrooms_images/img003505.jpg,6,bedrooms_images
img001389.jpg,gf/bedrooms_images/img001389.jpg,6,bedrooms_images
img002195.jpg,gf/bedrooms_images/img002195.jpg,6,bedrooms_images
img002706.jpg,gf/bedrooms_images/img002706.jpg,6,bedrooms_images
img003674.jpg,gf/bedrooms_images/img003674.jpg,6,bedrooms_images
img000773.jpg,gf/bedrooms_images/img000773.jpg,6,bedrooms_images
img001515.jpg,gf/bedrooms_images/img001515.jpg,6,bedrooms_images
img002152.jpg,gf/bedrooms_images/img002152.jpg,6,bedrooms_images
img003650.jpg,gf/bedrooms_images/img003650.jpg,6,bedrooms_images
img004016.jpg,gf/bedrooms_images/img004016.jpg,6,bedrooms_images
img003635.jpg,gf/bedrooms_images/img003635.jpg,6,bedrooms_images
img004872.jpg,gf/bedrooms_images/img004872.jpg,6,bedrooms_images
img004327.jpg,gf/bedrooms_images/img004327.jpg,6,bedrooms_images
img004172.jpg,gf/bedrooms_images/img004172.jpg,6,bedrooms_images
img003915.jpg,gf/bedrooms_images/img003915.jpg,6,bedrooms_images
img001017.jpg,gf/bedrooms_images/img001017.jpg,6,bedrooms_images
img000652.jpg,gf/bedrooms_images/img000652.jpg,6,bedrooms_images
img002304.jpg,gf/bedrooms_images/img002304.jpg,6,bedrooms_images
img000780.jpg,gf/bedrooms_images/img000780.jpg,6,bedrooms_images
img004644.jpg,gf/bedrooms_images/img004644.jpg,6,bedrooms_images
img003235.jpg,gf/bedrooms_images/img003235.jpg,6,bedrooms_images
img000234.jpg,gf/bedrooms_images/img000234.jpg,6,bedrooms_images
img003316.jpg,gf/bedrooms_images/img003316.jpg,6,bedrooms_images
img004484.jpg,gf/bedrooms_images/img004484.jpg,6,bedrooms_images
img004711.jpg,gf/bedrooms_images/img004711.jpg,6,bedrooms_images
img000148.jpg,gf/bedrooms_images/img000148.jpg,6,bedrooms_images
img003256.jpg,gf/bedrooms_images/img003256.jpg,6,bedrooms_images
img002862.jpg,gf/bedrooms_images/img002862.jpg,6,bedrooms_images
img004729.jpg,gf/bedrooms_images/img004729.jpg,6,bedrooms_images
img001215.jpg,gf/bedrooms_images/img001215.jpg,6,bedrooms_images
img002530.jpg,gf/bedrooms_images/img002530.jpg,6,bedrooms_images
img003761.jpg,gf/bedrooms_images/img003761.jpg,6,bedrooms_images
img004902.jpg,gf/bedrooms_images/img004902.jpg,6,bedrooms_images
img004369.jpg,gf/bedrooms_images/img004369.jpg,6,bedrooms_images
img003015.jpg,gf/bedrooms_images/img003015.jpg,6,bedrooms_images
img001276.jpg,gf/bedrooms_images/img001276.jpg,6,bedrooms_images
img001290.jpg,gf/bedrooms_images/img001290.jpg,6,bedrooms_images
img003501.jpg,gf/bedrooms_images/img003501.jpg,6,bedrooms_images
img001566.jpg,gf/bedrooms_images/img001566.jpg,6,bedrooms_images
img000375.jpg,gf/bedrooms_images/img000375.jpg,6,bedrooms_images
img003174.jpg,gf/bedrooms_images/img003174.jpg,6,bedrooms_images
img001128.jpg,gf/bedrooms_images/img001128.jpg,6,bedrooms_images
img004445.jpg,gf/bedrooms_images/img004445.jpg,6,bedrooms_images
img003416.jpg,gf/bedrooms_images/img003416.jpg,6,bedrooms_images
img004690.jpg,gf/bedrooms_images/img004690.jpg,6,bedrooms_images
img001019.jpg,gf/bedrooms_images/img001019.jpg,6,bedrooms_images
img000046.jpg,gf/bedrooms_images/img000046.jpg,6,bedrooms_images
img001726.jpg,gf/bedrooms_images/img001726.jpg,6,bedrooms_images
img001784.jpg,gf/bedrooms_images/img001784.jpg,6,bedrooms_images
img002571.jpg,gf/bedrooms_images/img002571.jpg,6,bedrooms_images
img000137.jpg,gf/bedrooms_images/img000137.jpg,6,bedrooms_images
img004118.jpg,gf/bedrooms_images/img004118.jpg,6,bedrooms_images
img000183.jpg,gf/bedrooms_images/img000183.jpg,6,bedrooms_images
img002226.jpg,gf/bedrooms_images/img002226.jpg,6,bedrooms_images
img003653.jpg,gf/bedrooms_images/img003653.jpg,6,bedrooms_images
img000125.jpg,gf/bedrooms_images/img000125.jpg,6,bedrooms_images
img004927.jpg,gf/bedrooms_images/img004927.jpg,6,bedrooms_images
img003391.jpg,gf/bedrooms_images/img003391.jpg,6,bedrooms_images
img004987.jpg,gf/bedrooms_images/img004987.jpg,6,bedrooms_images
img000288.jpg,gf/bedrooms_images/img000288.jpg,6,bedrooms_images
img000241.jpg,gf/bedrooms_images/img000241.jpg,6,bedrooms_images
img004749.jpg,gf/bedrooms_images/img004749.jpg,6,bedrooms_images
img002082.jpg,gf/bedrooms_images/img002082.jpg,6,bedrooms_images
img003062.jpg,gf/bedrooms_images/img003062.jpg,6,bedrooms_images
img003282.jpg,gf/bedrooms_images/img003282.jpg,6,bedrooms_images
img003567.jpg,gf/bedrooms_images/img003567.jpg,6,bedrooms_images
img000158.jpg,gf/bedrooms_images/img000158.jpg,6,bedrooms_images
img002348.jpg,gf/bedrooms_images/img002348.jpg,6,bedrooms_images
img004188.jpg,gf/bedrooms_images/img004188.jpg,6,bedrooms_images
img003842.jpg,gf/bedrooms_images/img003842.jpg,6,bedrooms_images
img001801.jpg,gf/bedrooms_images/img001801.jpg,6,bedrooms_images
img001123.jpg,gf/bedrooms_images/img001123.jpg,6,bedrooms_images
img000631.jpg,gf/bedrooms_images/img000631.jpg,6,bedrooms_images
img002227.jpg,gf/bedrooms_images/img002227.jpg,6,bedrooms_images
img002137.jpg,gf/bedrooms_images/img002137.jpg,6,bedrooms_images
img001999.jpg,gf/bedrooms_images/img001999.jpg,6,bedrooms_images
img002843.jpg,gf/bedrooms_images/img002843.jpg,6,bedrooms_images
img002501.jpg,gf/bedrooms_images/img002501.jpg,6,bedrooms_images
img002165.jpg,gf/bedrooms_images/img002165.jpg,6,bedrooms_images
img003844.jpg,gf/bedrooms_images/img003844.jpg,6,bedrooms_images
img004056.jpg,gf/bedrooms_images/img004056.jpg,6,bedrooms_images
img000586.jpg,gf/bedrooms_images/img000586.jpg,6,bedrooms_images
img004061.jpg,gf/bedrooms_images/img004061.jpg,6,bedrooms_images
img004797.jpg,gf/bedrooms_images/img004797.jpg,6,bedrooms_images
img003325.jpg,gf/bedrooms_images/img003325.jpg,6,bedrooms_images
img002498.jpg,gf/bedrooms_images/img002498.jpg,6,bedrooms_images
img001390.jpg,gf/bedrooms_images/img001390.jpg,6,bedrooms_images
img002171.jpg,gf/bedrooms_images/img002171.jpg,6,bedrooms_images
img002134.jpg,gf/bedrooms_images/img002134.jpg,6,bedrooms_images
img003076.jpg,gf/bedrooms_images/img003076.jpg,6,bedrooms_images
img003331.jpg,gf/bedrooms_images/img003331.jpg,6,bedrooms_images
img003849.jpg,gf/bedrooms_images/img003849.jpg,6,bedrooms_images
img003297.jpg,gf/bedrooms_images/img003297.jpg,6,bedrooms_images
img002608.jpg,gf/bedrooms_images/img002608.jpg,6,bedrooms_images
img001318.jpg,gf/bedrooms_images/img001318.jpg,6,bedrooms_images
img003859.jpg,gf/bedrooms_images/img003859.jpg,6,bedrooms_images
img002077.jpg,gf/bedrooms_images/img002077.jpg,6,bedrooms_images
img004481.jpg,gf/bedrooms_images/img004481.jpg,6,bedrooms_images
img002536.jpg,gf/bedrooms_images/img002536.jpg,6,bedrooms_images
img001110.jpg,gf/bedrooms_images/img001110.jpg,6,bedrooms_images
img001238.jpg,gf/bedrooms_images/img001238.jpg,6,bedrooms_images
img004384.jpg,gf/bedrooms_images/img004384.jpg,6,bedrooms_images
img000422.jpg,gf/bedrooms_images/img000422.jpg,6,bedrooms_images
img004649.jpg,gf/bedrooms_images/img004649.jpg,6,bedrooms_images
img002768.jpg,gf/bedrooms_images/img002768.jpg,6,bedrooms_images
img004000.jpg,gf/bedrooms_images/img004000.jpg,6,bedrooms_images
img003502.jpg,gf/bedrooms_images/img003502.jpg,6,bedrooms_images
img002732.jpg,gf/bedrooms_images/img002732.jpg,6,bedrooms_images
img000244.jpg,gf/bedrooms_images/img000244.jpg,6,bedrooms_images
img001465.jpg,gf/bedrooms_images/img001465.jpg,6,bedrooms_images
img003548.jpg,gf/bedrooms_images/img003548.jpg,6,bedrooms_images
img003258.jpg,gf/bedrooms_images/img003258.jpg,6,bedrooms_images
img001605.jpg,gf/bedrooms_images/img001605.jpg,6,bedrooms_images
img004460.jpg,gf/bedrooms_images/img004460.jpg,6,bedrooms_images
img003347.jpg,gf/bedrooms_images/img003347.jpg,6,bedrooms_images
img002604.jpg,gf/bedrooms_images/img002604.jpg,6,bedrooms_images
img001058.jpg,gf/bedrooms_images/img001058.jpg,6,bedrooms_images
img001852.jpg,gf/bedrooms_images/img001852.jpg,6,bedrooms_images
img003119.jpg,gf/bedrooms_images/img003119.jpg,6,bedrooms_images
img004615.jpg,gf/bedrooms_images/img004615.jpg,6,bedrooms_images
img000438.jpg,gf/bedrooms_images/img000438.jpg,6,bedrooms_images
img004866.jpg,gf/bedrooms_images/img004866.jpg,6,bedrooms_images
img001398.jpg,gf/bedrooms_images/img001398.jpg,6,bedrooms_images
img001892.jpg,gf/bedrooms_images/img001892.jpg,6,bedrooms_images
img003218.jpg,gf/bedrooms_images/img003218.jpg,6,bedrooms_images
img004452.jpg,gf/bedrooms_images/img004452.jpg,6,bedrooms_images
img004760.jpg,gf/bedrooms_images/img004760.jpg,6,bedrooms_images
img002822.jpg,gf/bedrooms_images/img002822.jpg,6,bedrooms_images
img004392.jpg,gf/bedrooms_images/img004392.jpg,6,bedrooms_images
img004701.jpg,gf/bedrooms_images/img004701.jpg,6,bedrooms_images
img004631.jpg,gf/bedrooms_images/img004631.jpg,6,bedrooms_images
img003291.jpg,gf/bedrooms_images/img003291.jpg,6,bedrooms_images
img000474.jpg,gf/bedrooms_images/img000474.jpg,6,bedrooms_images
img000162.jpg,gf/bedrooms_images/img000162.jpg,6,bedrooms_images
img001061.jpg,gf/bedrooms_images/img001061.jpg,6,bedrooms_images
img002727.jpg,gf/bedrooms_images/img002727.jpg,6,bedrooms_images
img000283.jpg,gf/bedrooms_images/img000283.jpg,6,bedrooms_images
img001740.jpg,gf/bedrooms_images/img001740.jpg,6,bedrooms_images
img003497.jpg,gf/bedrooms_images/img003497.jpg,6,bedrooms_images
img000752.jpg,gf/bedrooms_images/img000752.jpg,6,bedrooms_images
img000645.jpg,gf/bedrooms_images/img000645.jpg,6,bedrooms_images
img000600.jpg,gf/bedrooms_images/img000600.jpg,6,bedrooms_images
img003306.jpg,gf/bedrooms_images/img003306.jpg,6,bedrooms_images
img003311.jpg,gf/bedrooms_images/img003311.jpg,6,bedrooms_images
img002879.jpg,gf/bedrooms_images/img002879.jpg,6,bedrooms_images
img001486.jpg,gf/bedrooms_images/img001486.jpg,6,bedrooms_images
img003450.jpg,gf/bedrooms_images/img003450.jpg,6,bedrooms_images
img004154.jpg,gf/bedrooms_images/img004154.jpg,6,bedrooms_images
img000517.jpg,gf/bedrooms_images/img000517.jpg,6,bedrooms_images
img003730.jpg,gf/bedrooms_images/img003730.jpg,6,bedrooms_images
img002237.jpg,gf/bedrooms_images/img002237.jpg,6,bedrooms_images
img004684.jpg,gf/bedrooms_images/img004684.jpg,6,bedrooms_images
img004462.jpg,gf/bedrooms_images/img004462.jpg,6,bedrooms_images
img002375.jpg,gf/bedrooms_images/img002375.jpg,6,bedrooms_images
img003358.jpg,gf/bedrooms_images/img003358.jpg,6,bedrooms_images
img000460.jpg,gf/bedrooms_images/img000460.jpg,6,bedrooms_images
img004634.jpg,gf/bedrooms_images/img004634.jpg,6,bedrooms_images
img001748.jpg,gf/bedrooms_images/img001748.jpg,6,bedrooms_images
img001256.jpg,gf/bedrooms_images/img001256.jpg,6,bedrooms_images
img000347.jpg,gf/bedrooms_images/img000347.jpg,6,bedrooms_images
img003498.jpg,gf/bedrooms_images/img003498.jpg,6,bedrooms_images
img000734.jpg,gf/bedrooms_images/img000734.jpg,6,bedrooms_images
img003722.jpg,gf/bedrooms_images/img003722.jpg,6,bedrooms_images
img001007.jpg,gf/bedrooms_images/img001007.jpg,6,bedrooms_images
img001978.jpg,gf/bedrooms_images/img001978.jpg,6,bedrooms_images
img004967.jpg,gf/bedrooms_images/img004967.jpg,6,bedrooms_images
img001428.jpg,gf/bedrooms_images/img001428.jpg,6,bedrooms_images
img000988.jpg,gf/bedrooms_images/img000988.jpg,6,bedrooms_images
img003459.jpg,gf/bedrooms_images/img003459.jpg,6,bedrooms_images
img000520.jpg,gf/bedrooms_images/img000520.jpg,6,bedrooms_images
img000080.jpg,gf/bedrooms_images/img000080.jpg,6,bedrooms_images
img002493.jpg,gf/bedrooms_images/img002493.jpg,6,bedrooms_images
img000036.jpg,gf/bedrooms_images/img000036.jpg,6,bedrooms_images
img002024.jpg,gf/bedrooms_images/img002024.jpg,6,bedrooms_images
img001702.jpg,gf/bedrooms_images/img001702.jpg,6,bedrooms_images
img004888.jpg,gf/bedrooms_images/img004888.jpg,6,bedrooms_images
img004108.jpg,gf/bedrooms_images/img004108.jpg,6,bedrooms_images
img003370.jpg,gf/bedrooms_images/img003370.jpg,6,bedrooms_images
img002028.jpg,gf/bedrooms_images/img002028.jpg,6,bedrooms_images
img003816.jpg,gf/bedrooms_images/img003816.jpg,6,bedrooms_images
img002447.jpg,gf/bedrooms_images/img002447.jpg,6,bedrooms_images
img004921.jpg,gf/bedrooms_images/img004921.jpg,6,bedrooms_images
img002632.jpg,gf/bedrooms_images/img002632.jpg,6,bedrooms_images
img001449.jpg,gf/bedrooms_images/img001449.jpg,6,bedrooms_images
img000816.jpg,gf/bedrooms_images/img000816.jpg,6,bedrooms_images
img004467.jpg,gf/bedrooms_images/img004467.jpg,6,bedrooms_images
img004085.jpg,gf/bedrooms_images/img004085.jpg,6,bedrooms_images
img004041.jpg,gf/bedrooms_images/img004041.jpg,6,bedrooms_images
img002254.jpg,gf/bedrooms_images/img002254.jpg,6,bedrooms_images
img002274.jpg,gf/bedrooms_images/img002274.jpg,6,bedrooms_images
img004834.jpg,gf/bedrooms_images/img004834.jpg,6,bedrooms_images
img003630.jpg,gf/bedrooms_images/img003630.jpg,6,bedrooms_images
img000744.jpg,gf/bedrooms_images/img000744.jpg,6,bedrooms_images
img004055.jpg,gf/bedrooms_images/img004055.jpg,6,bedrooms_images
img002314.jpg,gf/bedrooms_images/img002314.jpg,6,bedrooms_images
img004917.jpg,gf/bedrooms_images/img004917.jpg,6,bedrooms_images
img000544.jpg,gf/bedrooms_images/img000544.jpg,6,bedrooms_images
img001923.jpg,gf/bedrooms_images/img001923.jpg,6,bedrooms_images
img003454.jpg,gf/bedrooms_images/img003454.jpg,6,bedrooms_images
img004958.jpg,gf/bedrooms_images/img004958.jpg,6,bedrooms_images
img003202.jpg,gf/bedrooms_images/img003202.jpg,6,bedrooms_images
img002297.jpg,gf/bedrooms_images/img002297.jpg,6,bedrooms_images
img004373.jpg,gf/bedrooms_images/img004373.jpg,6,bedrooms_images
img004422.jpg,gf/bedrooms_images/img004422.jpg,6,bedrooms_images
img004209.jpg,gf/bedrooms_images/img004209.jpg,6,bedrooms_images
img001221.jpg,gf/bedrooms_images/img001221.jpg,6,bedrooms_images
img001966.jpg,gf/bedrooms_images/img001966.jpg,6,bedrooms_images
img002499.jpg,gf/bedrooms_images/img002499.jpg,6,bedrooms_images
img002432.jpg,gf/bedrooms_images/img002432.jpg,6,bedrooms_images
img003554.jpg,gf/bedrooms_images/img003554.jpg,6,bedrooms_images
img003011.jpg,gf/bedrooms_images/img003011.jpg,6,bedrooms_images
img001082.jpg,gf/bedrooms_images/img001082.jpg,6,bedrooms_images
img002216.jpg,gf/bedrooms_images/img002216.jpg,6,bedrooms_images
img000542.jpg,gf/bedrooms_images/img000542.jpg,6,bedrooms_images
img003622.jpg,gf/bedrooms_images/img003622.jpg,6,bedrooms_images
img004997.jpg,gf/bedrooms_images/img004997.jpg,6,bedrooms_images
img004014.jpg,gf/bedrooms_images/img004014.jpg,6,bedrooms_images
img004583.jpg,gf/bedrooms_images/img004583.jpg,6,bedrooms_images
img002338.jpg,gf/bedrooms_images/img002338.jpg,6,bedrooms_images
img001070.jpg,gf/bedrooms_images/img001070.jpg,6,bedrooms_images
img001260.jpg,gf/bedrooms_images/img001260.jpg,6,bedrooms_images
img004789.jpg,gf/bedrooms_images/img004789.jpg,6,bedrooms_images
img004675.jpg,gf/bedrooms_images/img004675.jpg,6,bedrooms_images
img001996.jpg,gf/bedrooms_images/img001996.jpg,6,bedrooms_images
img000810.jpg,gf/bedrooms_images/img000810.jpg,6,bedrooms_images
img003985.jpg,gf/bedrooms_images/img003985.jpg,6,bedrooms_images
img001299.jpg,gf/bedrooms_images/img001299.jpg,6,bedrooms_images
img002701.jpg,gf/bedrooms_images/img002701.jpg,6,bedrooms_images
img001698.jpg,gf/bedrooms_images/img001698.jpg,6,bedrooms_images
img004018.jpg,gf/bedrooms_images/img004018.jpg,6,bedrooms_images
img002232.jpg,gf/bedrooms_images/img002232.jpg,6,bedrooms_images
img002517.jpg,gf/bedrooms_images/img002517.jpg,6,bedrooms_images
img001322.jpg,gf/bedrooms_images/img001322.jpg,6,bedrooms_images
img002669.jpg,gf/bedrooms_images/img002669.jpg,6,bedrooms_images
img002984.jpg,gf/bedrooms_images/img002984.jpg,6,bedrooms_images
img000998.jpg,gf/bedrooms_images/img000998.jpg,6,bedrooms_images
img000185.jpg,gf/bedrooms_images/img000185.jpg,6,bedrooms_images
img003970.jpg,gf/bedrooms_images/img003970.jpg,6,bedrooms_images
img003328.jpg,gf/bedrooms_images/img003328.jpg,6,bedrooms_images
img001534.jpg,gf/bedrooms_images/img001534.jpg,6,bedrooms_images
img001732.jpg,gf/bedrooms_images/img001732.jpg,6,bedrooms_images
img001962.jpg,gf/bedrooms_images/img001962.jpg,6,bedrooms_images
img004268.jpg,gf/bedrooms_images/img004268.jpg,6,bedrooms_images
img000370.jpg,gf/bedrooms_images/img000370.jpg,6,bedrooms_images
img002275.jpg,gf/bedrooms_images/img002275.jpg,6,bedrooms_images
img000210.jpg,gf/bedrooms_images/img000210.jpg,6,bedrooms_images
img000461.jpg,gf/bedrooms_images/img000461.jpg,6,bedrooms_images
img003105.jpg,gf/bedrooms_images/img003105.jpg,6,bedrooms_images
img001136.jpg,gf/bedrooms_images/img001136.jpg,6,bedrooms_images
img004120.jpg,gf/bedrooms_images/img004120.jpg,6,bedrooms_images
img004416.jpg,gf/bedrooms_images/img004416.jpg,6,bedrooms_images
img003153.jpg,gf/bedrooms_images/img003153.jpg,6,bedrooms_images
img000845.jpg,gf/bedrooms_images/img000845.jpg,6,bedrooms_images
img000709.jpg,gf/bedrooms_images/img000709.jpg,6,bedrooms_images
img003772.jpg,gf/bedrooms_images/img003772.jpg,6,bedrooms_images
img001089.jpg,gf/bedrooms_images/img001089.jpg,6,bedrooms_images
img002680.jpg,gf/bedrooms_images/img002680.jpg,6,bedrooms_images
img000565.jpg,gf/bedrooms_images/img000565.jpg,6,bedrooms_images
img000377.jpg,gf/bedrooms_images/img000377.jpg,6,bedrooms_images
img004959.jpg,gf/bedrooms_images/img004959.jpg,6,bedrooms_images
img001907.jpg,gf/bedrooms_images/img001907.jpg,6,bedrooms_images
img003916.jpg,gf/bedrooms_images/img003916.jpg,6,bedrooms_images
img004388.jpg,gf/bedrooms_images/img004388.jpg,6,bedrooms_images
img002437.jpg,gf/bedrooms_images/img002437.jpg,6,bedrooms_images
img002748.jpg,gf/bedrooms_images/img002748.jpg,6,bedrooms_images
img000612.jpg,gf/bedrooms_images/img000612.jpg,6,bedrooms_images
img003284.jpg,gf/bedrooms_images/img003284.jpg,6,bedrooms_images
img003196.jpg,gf/bedrooms_images/img003196.jpg,6,bedrooms_images
img002982.jpg,gf/bedrooms_images/img002982.jpg,6,bedrooms_images
img002636.jpg,gf/bedrooms_images/img002636.jpg,6,bedrooms_images
img003827.jpg,gf/bedrooms_images/img003827.jpg,6,bedrooms_images
img002762.jpg,gf/bedrooms_images/img002762.jpg,6,bedrooms_images
img002379.jpg,gf/bedrooms_images/img002379.jpg,6,bedrooms_images
img003864.jpg,gf/bedrooms_images/img003864.jpg,6,bedrooms_images
img001253.jpg,gf/bedrooms_images/img001253.jpg,6,bedrooms_images
img001666.jpg,gf/bedrooms_images/img001666.jpg,6,bedrooms_images
img002355.jpg,gf/bedrooms_images/img002355.jpg,6,bedrooms_images
img002753.jpg,gf/bedrooms_images/img002753.jpg,6,bedrooms_images
img001526.jpg,gf/bedrooms_images/img001526.jpg,6,bedrooms_images
img000350.jpg,gf/bedrooms_images/img000350.jpg,6,bedrooms_images
img001920.jpg,gf/bedrooms_images/img001920.jpg,6,bedrooms_images
img004489.jpg,gf/bedrooms_images/img004489.jpg,6,bedrooms_images
img003097.jpg,gf/bedrooms_images/img003097.jpg,6,bedrooms_images
img001838.jpg,gf/bedrooms_images/img001838.jpg,6,bedrooms_images
img004981.jpg,gf/bedrooms_images/img004981.jpg,6,bedrooms_images
img003818.jpg,gf/bedrooms_images/img003818.jpg,6,bedrooms_images
img000150.jpg,gf/bedrooms_images/img000150.jpg,6,bedrooms_images
img003436.jpg,gf/bedrooms_images/img003436.jpg,6,bedrooms_images
img001187.jpg,gf/bedrooms_images/img001187.jpg,6,bedrooms_images
img003571.jpg,gf/bedrooms_images/img003571.jpg,6,bedrooms_images
img001926.jpg,gf/bedrooms_images/img001926.jpg,6,bedrooms_images
img001199.jpg,gf/bedrooms_images/img001199.jpg,6,bedrooms_images
img004370.jpg,gf/bedrooms_images/img004370.jpg,6,bedrooms_images
img000672.jpg,gf/bedrooms_images/img000672.jpg,6,bedrooms_images
img003227.jpg,gf/bedrooms_images/img003227.jpg,6,bedrooms_images
img000568.jpg,gf/bedrooms_images/img000568.jpg,6,bedrooms_images
img002647.jpg,gf/bedrooms_images/img002647.jpg,6,bedrooms_images
img002245.jpg,gf/bedrooms_images/img002245.jpg,6,bedrooms_images
img003099.jpg,gf/bedrooms_images/img003099.jpg,6,bedrooms_images
img001682.jpg,gf/bedrooms_images/img001682.jpg,6,bedrooms_images
img001357.jpg,gf/bedrooms_images/img001357.jpg,6,bedrooms_images
img003898.jpg,gf/bedrooms_images/img003898.jpg,6,bedrooms_images
img000610.jpg,gf/bedrooms_images/img000610.jpg,6,bedrooms_images
img002145.jpg,gf/bedrooms_images/img002145.jpg,6,bedrooms_images
img003937.jpg,gf/bedrooms_images/img003937.jpg,6,bedrooms_images
img004774.jpg,gf/bedrooms_images/img004774.jpg,6,bedrooms_images
img000742.jpg,gf/bedrooms_images/img000742.jpg,6,bedrooms_images
img003466.jpg,gf/bedrooms_images/img003466.jpg,6,bedrooms_images
img001148.jpg,gf/bedrooms_images/img001148.jpg,6,bedrooms_images
img000180.jpg,gf/bedrooms_images/img000180.jpg,6,bedrooms_images
img002073.jpg,gf/bedrooms_images/img002073.jpg,6,bedrooms_images
img002756.jpg,gf/bedrooms_images/img002756.jpg,6,bedrooms_images
img003366.jpg,gf/bedrooms_images/img003366.jpg,6,bedrooms_images
img000775.jpg,gf/bedrooms_images/img000775.jpg,6,bedrooms_images
img004672.jpg,gf/bedrooms_images/img004672.jpg,6,bedrooms_images
img004078.jpg,gf/bedrooms_images/img004078.jpg,6,bedrooms_images
img003586.jpg,gf/bedrooms_images/img003586.jpg,6,bedrooms_images
img002333.jpg,gf/bedrooms_images/img002333.jpg,6,bedrooms_images
img003662.jpg,gf/bedrooms_images/img003662.jpg,6,bedrooms_images
img004983.jpg,gf/bedrooms_images/img004983.jpg,6,bedrooms_images
img001165.jpg,gf/bedrooms_images/img001165.jpg,6,bedrooms_images
img000760.jpg,gf/bedrooms_images/img000760.jpg,6,bedrooms_images
img004366.jpg,gf/bedrooms_images/img004366.jpg,6,bedrooms_images
img003121.jpg,gf/bedrooms_images/img003121.jpg,6,bedrooms_images
img003821.jpg,gf/bedrooms_images/img003821.jpg,6,bedrooms_images
img004720.jpg,gf/bedrooms_images/img004720.jpg,6,bedrooms_images
img000731.jpg,gf/bedrooms_images/img000731.jpg,6,bedrooms_images
img004248.jpg,gf/bedrooms_images/img004248.jpg,6,bedrooms_images
img000714.jpg,gf/bedrooms_images/img000714.jpg,6,bedrooms_images
img004687.jpg,gf/bedrooms_images/img004687.jpg,6,bedrooms_images
img001881.jpg,gf/bedrooms_images/img001881.jpg,6,bedrooms_images
img002041.jpg,gf/bedrooms_images/img002041.jpg,6,bedrooms_images
img002240.jpg,gf/bedrooms_images/img002240.jpg,6,bedrooms_images
img000485.jpg,gf/bedrooms_images/img000485.jpg,6,bedrooms_images
img000927.jpg,gf/bedrooms_images/img000927.jpg,6,bedrooms_images
img003024.jpg,gf/bedrooms_images/img003024.jpg,6,bedrooms_images
img004240.jpg,gf/bedrooms_images/img004240.jpg,6,bedrooms_images
img001376.jpg,gf/bedrooms_images/img001376.jpg,6,bedrooms_images
img003833.jpg,gf/bedrooms_images/img003833.jpg,6,bedrooms_images
img002993.jpg,gf/bedrooms_images/img002993.jpg,6,bedrooms_images
img002356.jpg,gf/bedrooms_images/img002356.jpg,6,bedrooms_images
img001880.jpg,gf/bedrooms_images/img001880.jpg,6,bedrooms_images
img002506.jpg,gf/bedrooms_images/img002506.jpg,6,bedrooms_images
img003872.jpg,gf/bedrooms_images/img003872.jpg,6,bedrooms_images
img003417.jpg,gf/bedrooms_images/img003417.jpg,6,bedrooms_images
img004994.jpg,gf/bedrooms_images/img004994.jpg,6,bedrooms_images
img004170.jpg,gf/bedrooms_images/img004170.jpg,6,bedrooms_images
img004407.jpg,gf/bedrooms_images/img004407.jpg,6,bedrooms_images
img004191.jpg,gf/bedrooms_images/img004191.jpg,6,bedrooms_images
img001932.jpg,gf/bedrooms_images/img001932.jpg,6,bedrooms_images
img001195.jpg,gf/bedrooms_images/img001195.jpg,6,bedrooms_images
img000887.jpg,gf/bedrooms_images/img000887.jpg,6,bedrooms_images
img001593.jpg,gf/bedrooms_images/img001593.jpg,6,bedrooms_images
img002239.jpg,gf/bedrooms_images/img002239.jpg,6,bedrooms_images
img004798.jpg,gf/bedrooms_images/img004798.jpg,6,bedrooms_images
img002495.jpg,gf/bedrooms_images/img002495.jpg,6,bedrooms_images
img002797.jpg,gf/bedrooms_images/img002797.jpg,6,bedrooms_images
img004094.jpg,gf/bedrooms_images/img004094.jpg,6,bedrooms_images
img000120.jpg,gf/bedrooms_images/img000120.jpg,6,bedrooms_images
img000785.jpg,gf/bedrooms_images/img000785.jpg,6,bedrooms_images
img003927.jpg,gf/bedrooms_images/img003927.jpg,6,bedrooms_images
img000468.jpg,gf/bedrooms_images/img000468.jpg,6,bedrooms_images
img003003.jpg,gf/bedrooms_images/img003003.jpg,6,bedrooms_images
img004082.jpg,gf/bedrooms_images/img004082.jpg,6,bedrooms_images
img004863.jpg,gf/bedrooms_images/img004863.jpg,6,bedrooms_images
img002020.jpg,gf/bedrooms_images/img002020.jpg,6,bedrooms_images
img000304.jpg,gf/bedrooms_images/img000304.jpg,6,bedrooms_images
img001992.jpg,gf/bedrooms_images/img001992.jpg,6,bedrooms_images
img003050.jpg,gf/bedrooms_images/img003050.jpg,6,bedrooms_images
img004080.jpg,gf/bedrooms_images/img004080.jpg,6,bedrooms_images
img000225.jpg,gf/bedrooms_images/img000225.jpg,6,bedrooms_images
img004877.jpg,gf/bedrooms_images/img004877.jpg,6,bedrooms_images
img001234.jpg,gf/bedrooms_images/img001234.jpg,6,bedrooms_images
img002242.jpg,gf/bedrooms_images/img002242.jpg,6,bedrooms_images
img004198.jpg,gf/bedrooms_images/img004198.jpg,6,bedrooms_images
img004580.jpg,gf/bedrooms_images/img004580.jpg,6,bedrooms_images
img001320.jpg,gf/bedrooms_images/img001320.jpg,6,bedrooms_images
img002546.jpg,gf/bedrooms_images/img002546.jpg,6,bedrooms_images
img003697.jpg,gf/bedrooms_images/img003697.jpg,6,bedrooms_images
img000232.jpg,gf/bedrooms_images/img000232.jpg,6,bedrooms_images
img001806.jpg,gf/bedrooms_images/img001806.jpg,6,bedrooms_images
img001712.jpg,gf/bedrooms_images/img001712.jpg,6,bedrooms_images
img004868.jpg,gf/bedrooms_images/img004868.jpg,6,bedrooms_images
img002500.jpg,gf/bedrooms_images/img002500.jpg,6,bedrooms_images
img004195.jpg,gf/bedrooms_images/img004195.jpg,6,bedrooms_images
img002823.jpg,gf/bedrooms_images/img002823.jpg,6,bedrooms_images
img001762.jpg,gf/bedrooms_images/img001762.jpg,6,bedrooms_images
img001315.jpg,gf/bedrooms_images/img001315.jpg,6,bedrooms_images
img000271.jpg,gf/bedrooms_images/img000271.jpg,6,bedrooms_images
img003565.jpg,gf/bedrooms_images/img003565.jpg,6,bedrooms_images
img003519.jpg,gf/bedrooms_images/img003519.jpg,6,bedrooms_images
img003439.jpg,gf/bedrooms_images/img003439.jpg,6,bedrooms_images
img002011.jpg,gf/bedrooms_images/img002011.jpg,6,bedrooms_images
img001845.jpg,gf/bedrooms_images/img001845.jpg,6,bedrooms_images
img004200.jpg,gf/bedrooms_images/img004200.jpg,6,bedrooms_images
img001904.jpg,gf/bedrooms_images/img001904.jpg,6,bedrooms_images
img000572.jpg,gf/bedrooms_images/img000572.jpg,6,bedrooms_images
img000735.jpg,gf/bedrooms_images/img000735.jpg,6,bedrooms_images
img001075.jpg,gf/bedrooms_images/img001075.jpg,6,bedrooms_images
img002837.jpg,gf/bedrooms_images/img002837.jpg,6,bedrooms_images
img000804.jpg,gf/bedrooms_images/img000804.jpg,6,bedrooms_images
img000703.jpg,gf/bedrooms_images/img000703.jpg,6,bedrooms_images
img003800.jpg,gf/bedrooms_images/img003800.jpg,6,bedrooms_images
img002794.jpg,gf/bedrooms_images/img002794.jpg,6,bedrooms_images
img003012.jpg,gf/bedrooms_images/img003012.jpg,6,bedrooms_images
img004913.jpg,gf/bedrooms_images/img004913.jpg,6,bedrooms_images
img000348.jpg,gf/bedrooms_images/img000348.jpg,6,bedrooms_images
img001347.jpg,gf/bedrooms_images/img001347.jpg,6,bedrooms_images
img004301.jpg,gf/bedrooms_images/img004301.jpg,6,bedrooms_images
img004933.jpg,gf/bedrooms_images/img004933.jpg,6,bedrooms_images
img000424.jpg,gf/bedrooms_images/img000424.jpg,6,bedrooms_images
img003764.jpg,gf/bedrooms_images/img003764.jpg,6,bedrooms_images
img001014.jpg,gf/bedrooms_images/img001014.jpg,6,bedrooms_images
img002986.jpg,gf/bedrooms_images/img002986.jpg,6,bedrooms_images
img001013.jpg,gf/bedrooms_images/img001013.jpg,6,bedrooms_images
img003732.jpg,gf/bedrooms_images/img003732.jpg,6,bedrooms_images
img002538.jpg,gf/bedrooms_images/img002538.jpg,6,bedrooms_images
img004603.jpg,gf/bedrooms_images/img004603.jpg,6,bedrooms_images
img003177.jpg,gf/bedrooms_images/img003177.jpg,6,bedrooms_images
img001788.jpg,gf/bedrooms_images/img001788.jpg,6,bedrooms_images
img001524.jpg,gf/bedrooms_images/img001524.jpg,6,bedrooms_images
img002210.jpg,gf/bedrooms_images/img002210.jpg,6,bedrooms_images
img004829.jpg,gf/bedrooms_images/img004829.jpg,6,bedrooms_images
img004887.jpg,gf/bedrooms_images/img004887.jpg,6,bedrooms_images
img004680.jpg,gf/bedrooms_images/img004680.jpg,6,bedrooms_images
img000671.jpg,gf/bedrooms_images/img000671.jpg,6,bedrooms_images
img003698.jpg,gf/bedrooms_images/img003698.jpg,6,bedrooms_images
img001697.jpg,gf/bedrooms_images/img001697.jpg,6,bedrooms_images
img000569.jpg,gf/bedrooms_images/img000569.jpg,6,bedrooms_images
img001073.jpg,gf/bedrooms_images/img001073.jpg,6,bedrooms_images
img003852.jpg,gf/bedrooms_images/img003852.jpg,6,bedrooms_images
img004635.jpg,gf/bedrooms_images/img004635.jpg,6,bedrooms_images
img003965.jpg,gf/bedrooms_images/img003965.jpg,6,bedrooms_images
img004034.jpg,gf/bedrooms_images/img004034.jpg,6,bedrooms_images
img002263.jpg,gf/bedrooms_images/img002263.jpg,6,bedrooms_images
img002910.jpg,gf/bedrooms_images/img002910.jpg,6,bedrooms_images
img001044.jpg,gf/bedrooms_images/img001044.jpg,6,bedrooms_images
img003047.jpg,gf/bedrooms_images/img003047.jpg,6,bedrooms_images
img004825.jpg,gf/bedrooms_images/img004825.jpg,6,bedrooms_images
img003249.jpg,gf/bedrooms_images/img003249.jpg,6,bedrooms_images
img003046.jpg,gf/bedrooms_images/img003046.jpg,6,bedrooms_images
img003826.jpg,gf/bedrooms_images/img003826.jpg,6,bedrooms_images
img001879.jpg,gf/bedrooms_images/img001879.jpg,6,bedrooms_images
img000009.jpg,gf/bedrooms_images/img000009.jpg,6,bedrooms_images
img000121.jpg,gf/bedrooms_images/img000121.jpg,6,bedrooms_images
img002830.jpg,gf/bedrooms_images/img002830.jpg,6,bedrooms_images
img004212.jpg,gf/bedrooms_images/img004212.jpg,6,bedrooms_images
img000344.jpg,gf/bedrooms_images/img000344.jpg,6,bedrooms_images
img002108.jpg,gf/bedrooms_images/img002108.jpg,6,bedrooms_images
img002572.jpg,gf/bedrooms_images/img002572.jpg,6,bedrooms_images
img000663.jpg,gf/bedrooms_images/img000663.jpg,6,bedrooms_images
img003954.jpg,gf/bedrooms_images/img003954.jpg,6,bedrooms_images
img004713.jpg,gf/bedrooms_images/img004713.jpg,6,bedrooms_images
img002484.jpg,gf/bedrooms_images/img002484.jpg,6,bedrooms_images
img001112.jpg,gf/bedrooms_images/img001112.jpg,6,bedrooms_images
img004607.jpg,gf/bedrooms_images/img004607.jpg,6,bedrooms_images
img002960.jpg,gf/bedrooms_images/img002960.jpg,6,bedrooms_images
img004427.jpg,gf/bedrooms_images/img004427.jpg,6,bedrooms_images
img001828.jpg,gf/bedrooms_images/img001828.jpg,6,bedrooms_images
img002420.jpg,gf/bedrooms_images/img002420.jpg,6,bedrooms_images
img003239.jpg,gf/bedrooms_images/img003239.jpg,6,bedrooms_images
img004044.jpg,gf/bedrooms_images/img004044.jpg,6,bedrooms_images
img001874.jpg,gf/bedrooms_images/img001874.jpg,6,bedrooms_images
img004378.jpg,gf/bedrooms_images/img004378.jpg,6,bedrooms_images
img003486.jpg,gf/bedrooms_images/img003486.jpg,6,bedrooms_images
img000218.jpg,gf/bedrooms_images/img000218.jpg,6,bedrooms_images
img004371.jpg,gf/bedrooms_images/img004371.jpg,6,bedrooms_images
img000437.jpg,gf/bedrooms_images/img000437.jpg,6,bedrooms_images
img003472.jpg,gf/bedrooms_images/img003472.jpg,6,bedrooms_images
img002804.jpg,gf/bedrooms_images/img002804.jpg,6,bedrooms_images
img000374.jpg,gf/bedrooms_images/img000374.jpg,6,bedrooms_images
img002928.jpg,gf/bedrooms_images/img002928.jpg,6,bedrooms_images
img000831.jpg,gf/bedrooms_images/img000831.jpg,6,bedrooms_images
img004653.jpg,gf/bedrooms_images/img004653.jpg,6,bedrooms_images
img000599.jpg,gf/bedrooms_images/img000599.jpg,6,bedrooms_images
img000997.jpg,gf/bedrooms_images/img000997.jpg,6,bedrooms_images
img004088.jpg,gf/bedrooms_images/img004088.jpg,6,bedrooms_images
img000295.jpg,gf/bedrooms_images/img000295.jpg,6,bedrooms_images
img002176.jpg,gf/bedrooms_images/img002176.jpg,6,bedrooms_images
img003576.jpg,gf/bedrooms_images/img003576.jpg,6,bedrooms_images
img003263.jpg,gf/bedrooms_images/img003263.jpg,6,bedrooms_images
img002491.jpg,gf/bedrooms_images/img002491.jpg,6,bedrooms_images
img001523.jpg,gf/bedrooms_images/img001523.jpg,6,bedrooms_images
img003279.jpg,gf/bedrooms_images/img003279.jpg,6,bedrooms_images
img001646.jpg,gf/bedrooms_images/img001646.jpg,6,bedrooms_images
img001804.jpg,gf/bedrooms_images/img001804.jpg,6,bedrooms_images
img001519.jpg,gf/bedrooms_images/img001519.jpg,6,bedrooms_images
img000797.jpg,gf/bedrooms_images/img000797.jpg,6,bedrooms_images
img004007.jpg,gf/bedrooms_images/img004007.jpg,6,bedrooms_images
img000792.jpg,gf/bedrooms_images/img000792.jpg,6,bedrooms_images
img001909.jpg,gf/bedrooms_images/img001909.jpg,6,bedrooms_images
img002383.jpg,gf/bedrooms_images/img002383.jpg,6,bedrooms_images
img001749.jpg,gf/bedrooms_images/img001749.jpg,6,bedrooms_images
img002619.jpg,gf/bedrooms_images/img002619.jpg,6,bedrooms_images
img003384.jpg,gf/bedrooms_images/img003384.jpg,6,bedrooms_images
img003679.jpg,gf/bedrooms_images/img003679.jpg,6,bedrooms_images
img004213.jpg,gf/bedrooms_images/img004213.jpg,6,bedrooms_images
img000173.jpg,gf/bedrooms_images/img000173.jpg,6,bedrooms_images
img004563.jpg,gf/bedrooms_images/img004563.jpg,6,bedrooms_images
img003727.jpg,gf/bedrooms_images/img003727.jpg,6,bedrooms_images
img002539.jpg,gf/bedrooms_images/img002539.jpg,6,bedrooms_images
img000192.jpg,gf/bedrooms_images/img000192.jpg,6,bedrooms_images
img002368.jpg,gf/bedrooms_images/img002368.jpg,6,bedrooms_images
img003455.jpg,gf/bedrooms_images/img003455.jpg,6,bedrooms_images
img003348.jpg,gf/bedrooms_images/img003348.jpg,6,bedrooms_images
img001137.jpg,gf/bedrooms_images/img001137.jpg,6,bedrooms_images
img001051.jpg,gf/bedrooms_images/img001051.jpg,6,bedrooms_images
img003064.jpg,gf/bedrooms_images/img003064.jpg,6,bedrooms_images
img002382.jpg,gf/bedrooms_images/img002382.jpg,6,bedrooms_images
img002392.jpg,gf/bedrooms_images/img002392.jpg,6,bedrooms_images
img003276.jpg,gf/bedrooms_images/img003276.jpg,6,bedrooms_images
img000390.jpg,gf/bedrooms_images/img000390.jpg,6,bedrooms_images
img000061.jpg,gf/bedrooms_images/img000061.jpg,6,bedrooms_images
img001210.jpg,gf/bedrooms_images/img001210.jpg,6,bedrooms_images
img003112.jpg,gf/bedrooms_images/img003112.jpg,6,bedrooms_images
img001250.jpg,gf/bedrooms_images/img001250.jpg,6,bedrooms_images
img003550.jpg,gf/bedrooms_images/img003550.jpg,6,bedrooms_images
img000467.jpg,gf/bedrooms_images/img000467.jpg,6,bedrooms_images
img001946.jpg,gf/bedrooms_images/img001946.jpg,6,bedrooms_images
img000279.jpg,gf/bedrooms_images/img000279.jpg,6,bedrooms_images
img002921.jpg,gf/bedrooms_images/img002921.jpg,6,bedrooms_images
img000854.jpg,gf/bedrooms_images/img000854.jpg,6,bedrooms_images
img000126.jpg,gf/bedrooms_images/img000126.jpg,6,bedrooms_images
img001808.jpg,gf/bedrooms_images/img001808.jpg,6,bedrooms_images
img002302.jpg,gf/bedrooms_images/img002302.jpg,6,bedrooms_images
img003838.jpg,gf/bedrooms_images/img003838.jpg,6,bedrooms_images
img003101.jpg,gf/bedrooms_images/img003101.jpg,6,bedrooms_images
img002249.jpg,gf/bedrooms_images/img002249.jpg,6,bedrooms_images
img004219.jpg,gf/bedrooms_images/img004219.jpg,6,bedrooms_images
img003247.jpg,gf/bedrooms_images/img003247.jpg,6,bedrooms_images
img004015.jpg,gf/bedrooms_images/img004015.jpg,6,bedrooms_images
img003482.jpg,gf/bedrooms_images/img003482.jpg,6,bedrooms_images
img002779.jpg,gf/bedrooms_images/img002779.jpg,6,bedrooms_images
img004935.jpg,gf/bedrooms_images/img004935.jpg,6,bedrooms_images
img003294.jpg,gf/bedrooms_images/img003294.jpg,6,bedrooms_images
img001627.jpg,gf/bedrooms_images/img001627.jpg,6,bedrooms_images
img003909.jpg,gf/bedrooms_images/img003909.jpg,6,bedrooms_images
img000588.jpg,gf/bedrooms_images/img000588.jpg,6,bedrooms_images
img001727.jpg,gf/bedrooms_images/img001727.jpg,6,bedrooms_images
img000376.jpg,gf/bedrooms_images/img000376.jpg,6,bedrooms_images
img003000.jpg,gf/bedrooms_images/img003000.jpg,6,bedrooms_images
img002552.jpg,gf/bedrooms_images/img002552.jpg,6,bedrooms_images
img000574.jpg,gf/bedrooms_images/img000574.jpg,6,bedrooms_images
img000439.jpg,gf/bedrooms_images/img000439.jpg,6,bedrooms_images
img004374.jpg,gf/bedrooms_images/img004374.jpg,6,bedrooms_images
img001549.jpg,gf/bedrooms_images/img001549.jpg,6,bedrooms_images
img001733.jpg,gf/bedrooms_images/img001733.jpg,6,bedrooms_images
img001451.jpg,gf/bedrooms_images/img001451.jpg,6,bedrooms_images
img001311.jpg,gf/bedrooms_images/img001311.jpg,6,bedrooms_images
img004782.jpg,gf/bedrooms_images/img004782.jpg,6,bedrooms_images
img003627.jpg,gf/bedrooms_images/img003627.jpg,6,bedrooms_images
img001710.jpg,gf/bedrooms_images/img001710.jpg,6,bedrooms_images
img000184.jpg,gf/bedrooms_images/img000184.jpg,6,bedrooms_images
img000524.jpg,gf/bedrooms_images/img000524.jpg,6,bedrooms_images
img000278.jpg,gf/bedrooms_images/img000278.jpg,6,bedrooms_images
img004155.jpg,gf/bedrooms_images/img004155.jpg,6,bedrooms_images
img000251.jpg,gf/bedrooms_images/img000251.jpg,6,bedrooms_images
img003037.jpg,gf/bedrooms_images/img003037.jpg,6,bedrooms_images
img002448.jpg,gf/bedrooms_images/img002448.jpg,6,bedrooms_images
img003493.jpg,gf/bedrooms_images/img003493.jpg,6,bedrooms_images
img004699.jpg,gf/bedrooms_images/img004699.jpg,6,bedrooms_images
img002626.jpg,gf/bedrooms_images/img002626.jpg,6,bedrooms_images
img003581.jpg,gf/bedrooms_images/img003581.jpg,6,bedrooms_images
img002560.jpg,gf/bedrooms_images/img002560.jpg,6,bedrooms_images
img001421.jpg,gf/bedrooms_images/img001421.jpg,6,bedrooms_images
img001930.jpg,gf/bedrooms_images/img001930.jpg,6,bedrooms_images
img000393.jpg,gf/bedrooms_images/img000393.jpg,6,bedrooms_images
img000634.jpg,gf/bedrooms_images/img000634.jpg,6,bedrooms_images
img004557.jpg,gf/bedrooms_images/img004557.jpg,6,bedrooms_images
img004224.jpg,gf/bedrooms_images/img004224.jpg,6,bedrooms_images
img000762.jpg,gf/bedrooms_images/img000762.jpg,6,bedrooms_images
img004722.jpg,gf/bedrooms_images/img004722.jpg,6,bedrooms_images
img002697.jpg,gf/bedrooms_images/img002697.jpg,6,bedrooms_images
img004800.jpg,gf/bedrooms_images/img004800.jpg,6,bedrooms_images
img004036.jpg,gf/bedrooms_images/img004036.jpg,6,bedrooms_images
img001087.jpg,gf/bedrooms_images/img001087.jpg,6,bedrooms_images
img004476.jpg,gf/bedrooms_images/img004476.jpg,6,bedrooms_images
img004059.jpg,gf/bedrooms_images/img004059.jpg,6,bedrooms_images
img003056.jpg,gf/bedrooms_images/img003056.jpg,6,bedrooms_images
img000253.jpg,gf/bedrooms_images/img000253.jpg,6,bedrooms_images
img001499.jpg,gf/bedrooms_images/img001499.jpg,6,bedrooms_images
img003814.jpg,gf/bedrooms_images/img003814.jpg,6,bedrooms_images
img003390.jpg,gf/bedrooms_images/img003390.jpg,6,bedrooms_images
img001021.jpg,gf/bedrooms_images/img001021.jpg,6,bedrooms_images
img002153.jpg,gf/bedrooms_images/img002153.jpg,6,bedrooms_images
img001553.jpg,gf/bedrooms_images/img001553.jpg,6,bedrooms_images
img002707.jpg,gf/bedrooms_images/img002707.jpg,6,bedrooms_images
img004159.jpg,gf/bedrooms_images/img004159.jpg,6,bedrooms_images
img003461.jpg,gf/bedrooms_images/img003461.jpg,6,bedrooms_images
img004638.jpg,gf/bedrooms_images/img004638.jpg,6,bedrooms_images
img004364.jpg,gf/bedrooms_images/img004364.jpg,6,bedrooms_images
img004289.jpg,gf/bedrooms_images/img004289.jpg,6,bedrooms_images
img000349.jpg,gf/bedrooms_images/img000349.jpg,6,bedrooms_images
img003817.jpg,gf/bedrooms_images/img003817.jpg,6,bedrooms_images
img003183.jpg,gf/bedrooms_images/img003183.jpg,6,bedrooms_images
img002092.jpg,gf/bedrooms_images/img002092.jpg,6,bedrooms_images
img001987.jpg,gf/bedrooms_images/img001987.jpg,6,bedrooms_images
img002738.jpg,gf/bedrooms_images/img002738.jpg,6,bedrooms_images
img002601.jpg,gf/bedrooms_images/img002601.jpg,6,bedrooms_images
img001032.jpg,gf/bedrooms_images/img001032.jpg,6,bedrooms_images
img002387.jpg,gf/bedrooms_images/img002387.jpg,6,bedrooms_images
img002562.jpg,gf/bedrooms_images/img002562.jpg,6,bedrooms_images
img001943.jpg,gf/bedrooms_images/img001943.jpg,6,bedrooms_images
img002064.jpg,gf/bedrooms_images/img002064.jpg,6,bedrooms_images
img004962.jpg,gf/bedrooms_images/img004962.jpg,6,bedrooms_images
img004164.jpg,gf/bedrooms_images/img004164.jpg,6,bedrooms_images
img000914.jpg,gf/bedrooms_images/img000914.jpg,6,bedrooms_images
img002750.jpg,gf/bedrooms_images/img002750.jpg,6,bedrooms_images
img000034.jpg,gf/bedrooms_images/img000034.jpg,6,bedrooms_images
img002888.jpg,gf/bedrooms_images/img002888.jpg,6,bedrooms_images
img000321.jpg,gf/bedrooms_images/img000321.jpg,6,bedrooms_images
img001979.jpg,gf/bedrooms_images/img001979.jpg,6,bedrooms_images
img002751.jpg,gf/bedrooms_images/img002751.jpg,6,bedrooms_images
img003990.jpg,gf/bedrooms_images/img003990.jpg,6,bedrooms_images
img001973.jpg,gf/bedrooms_images/img001973.jpg,6,bedrooms_images
img004610.jpg,gf/bedrooms_images/img004610.jpg,6,bedrooms_images
img000579.jpg,gf/bedrooms_images/img000579.jpg,6,bedrooms_images
img001812.jpg,gf/bedrooms_images/img001812.jpg,6,bedrooms_images
img003544.jpg,gf/bedrooms_images/img003544.jpg,6,bedrooms_images
img002876.jpg,gf/bedrooms_images/img002876.jpg,6,bedrooms_images
img004066.jpg,gf/bedrooms_images/img004066.jpg,6,bedrooms_images
img001364.jpg,gf/bedrooms_images/img001364.jpg,6,bedrooms_images
img001607.jpg,gf/bedrooms_images/img001607.jpg,6,bedrooms_images
img004189.jpg,gf/bedrooms_images/img004189.jpg,6,bedrooms_images
img002988.jpg,gf/bedrooms_images/img002988.jpg,6,bedrooms_images
img003729.jpg,gf/bedrooms_images/img003729.jpg,6,bedrooms_images
img001367.jpg,gf/bedrooms_images/img001367.jpg,6,bedrooms_images
img004300.jpg,gf/bedrooms_images/img004300.jpg,6,bedrooms_images
img002296.jpg,gf/bedrooms_images/img002296.jpg,6,bedrooms_images
img001054.jpg,gf/bedrooms_images/img001054.jpg,6,bedrooms_images
img004970.jpg,gf/bedrooms_images/img004970.jpg,6,bedrooms_images
img004567.jpg,gf/bedrooms_images/img004567.jpg,6,bedrooms_images
img002204.jpg,gf/bedrooms_images/img002204.jpg,6,bedrooms_images
img003195.jpg,gf/bedrooms_images/img003195.jpg,6,bedrooms_images
img000791.jpg,gf/bedrooms_images/img000791.jpg,6,bedrooms_images
img002909.jpg,gf/bedrooms_images/img002909.jpg,6,bedrooms_images
img004784.jpg,gf/bedrooms_images/img004784.jpg,6,bedrooms_images
img001189.jpg,gf/bedrooms_images/img001189.jpg,6,bedrooms_images
img004708.jpg,gf/bedrooms_images/img004708.jpg,6,bedrooms_images
img001511.jpg,gf/bedrooms_images/img001511.jpg,6,bedrooms_images
img002784.jpg,gf/bedrooms_images/img002784.jpg,6,bedrooms_images
img000323.jpg,gf/bedrooms_images/img000323.jpg,6,bedrooms_images
img004003.jpg,gf/bedrooms_images/img004003.jpg,6,bedrooms_images
img003759.jpg,gf/bedrooms_images/img003759.jpg,6,bedrooms_images
img004264.jpg,gf/bedrooms_images/img004264.jpg,6,bedrooms_images
img000164.jpg,gf/bedrooms_images/img000164.jpg,6,bedrooms_images
img002271.jpg,gf/bedrooms_images/img002271.jpg,6,bedrooms_images
img002997.jpg,gf/bedrooms_images/img002997.jpg,6,bedrooms_images
img003935.jpg,gf/bedrooms_images/img003935.jpg,6,bedrooms_images
img003323.jpg,gf/bedrooms_images/img003323.jpg,6,bedrooms_images
img003784.jpg,gf/bedrooms_images/img003784.jpg,6,bedrooms_images
img002045.jpg,gf/bedrooms_images/img002045.jpg,6,bedrooms_images
img001789.jpg,gf/bedrooms_images/img001789.jpg,6,bedrooms_images
img002652.jpg,gf/bedrooms_images/img002652.jpg,6,bedrooms_images
img000067.jpg,gf/bedrooms_images/img000067.jpg,6,bedrooms_images
img002321.jpg,gf/bedrooms_images/img002321.jpg,6,bedrooms_images
img003157.jpg,gf/bedrooms_images/img003157.jpg,6,bedrooms_images
img001218.jpg,gf/bedrooms_images/img001218.jpg,6,bedrooms_images
img001285.jpg,gf/bedrooms_images/img001285.jpg,6,bedrooms_images
img002733.jpg,gf/bedrooms_images/img002733.jpg,6,bedrooms_images
img001122.jpg,gf/bedrooms_images/img001122.jpg,6,bedrooms_images
img000622.jpg,gf/bedrooms_images/img000622.jpg,6,bedrooms_images
img001425.jpg,gf/bedrooms_images/img001425.jpg,6,bedrooms_images
img003947.jpg,gf/bedrooms_images/img003947.jpg,6,bedrooms_images
img001622.jpg,gf/bedrooms_images/img001622.jpg,6,bedrooms_images
img002384.jpg,gf/bedrooms_images/img002384.jpg,6,bedrooms_images
img004990.jpg,gf/bedrooms_images/img004990.jpg,6,bedrooms_images
img003846.jpg,gf/bedrooms_images/img003846.jpg,6,bedrooms_images
img000604.jpg,gf/bedrooms_images/img000604.jpg,6,bedrooms_images
img000345.jpg,gf/bedrooms_images/img000345.jpg,6,bedrooms_images
img002712.jpg,gf/bedrooms_images/img002712.jpg,6,bedrooms_images
img000373.jpg,gf/bedrooms_images/img000373.jpg,6,bedrooms_images
img004554.jpg,gf/bedrooms_images/img004554.jpg,6,bedrooms_images
img004208.jpg,gf/bedrooms_images/img004208.jpg,6,bedrooms_images
img004346.jpg,gf/bedrooms_images/img004346.jpg,6,bedrooms_images
img003991.jpg,gf/bedrooms_images/img003991.jpg,6,bedrooms_images
img003313.jpg,gf/bedrooms_images/img003313.jpg,6,bedrooms_images
img004465.jpg,gf/bedrooms_images/img004465.jpg,6,bedrooms_images
img004394.jpg,gf/bedrooms_images/img004394.jpg,6,bedrooms_images
img000519.jpg,gf/bedrooms_images/img000519.jpg,6,bedrooms_images
img000307.jpg,gf/bedrooms_images/img000307.jpg,6,bedrooms_images
img001639.jpg,gf/bedrooms_images/img001639.jpg,6,bedrooms_images
img000417.jpg,gf/bedrooms_images/img000417.jpg,6,bedrooms_images
img002248.jpg,gf/bedrooms_images/img002248.jpg,6,bedrooms_images
img003021.jpg,gf/bedrooms_images/img003021.jpg,6,bedrooms_images
img000450.jpg,gf/bedrooms_images/img000450.jpg,6,bedrooms_images
img002340.jpg,gf/bedrooms_images/img002340.jpg,6,bedrooms_images
img003419.jpg,gf/bedrooms_images/img003419.jpg,6,bedrooms_images
img004129.jpg,gf/bedrooms_images/img004129.jpg,6,bedrooms_images
img001393.jpg,gf/bedrooms_images/img001393.jpg,6,bedrooms_images
img000545.jpg,gf/bedrooms_images/img000545.jpg,6,bedrooms_images
img000078.jpg,gf/bedrooms_images/img000078.jpg,6,bedrooms_images
img003685.jpg,gf/bedrooms_images/img003685.jpg,6,bedrooms_images
img001502.jpg,gf/bedrooms_images/img001502.jpg,6,bedrooms_images
img000181.jpg,gf/bedrooms_images/img000181.jpg,6,bedrooms_images
img002983.jpg,gf/bedrooms_images/img002983.jpg,6,bedrooms_images
img001606.jpg,gf/bedrooms_images/img001606.jpg,6,bedrooms_images
img002617.jpg,gf/bedrooms_images/img002617.jpg,6,bedrooms_images
img002444.jpg,gf/bedrooms_images/img002444.jpg,6,bedrooms_images
img003578.jpg,gf/bedrooms_images/img003578.jpg,6,bedrooms_images
img002659.jpg,gf/bedrooms_images/img002659.jpg,6,bedrooms_images
img003259.jpg,gf/bedrooms_images/img003259.jpg,6,bedrooms_images
img004019.jpg,gf/bedrooms_images/img004019.jpg,6,bedrooms_images
img002166.jpg,gf/bedrooms_images/img002166.jpg,6,bedrooms_images
img004358.jpg,gf/bedrooms_images/img004358.jpg,6,bedrooms_images
img003221.jpg,gf/bedrooms_images/img003221.jpg,6,bedrooms_images
img002713.jpg,gf/bedrooms_images/img002713.jpg,6,bedrooms_images
img004712.jpg,gf/bedrooms_images/img004712.jpg,6,bedrooms_images
img003143.jpg,gf/bedrooms_images/img003143.jpg,6,bedrooms_images
img004759.jpg,gf/bedrooms_images/img004759.jpg,6,bedrooms_images
img001237.jpg,gf/bedrooms_images/img001237.jpg,6,bedrooms_images
img000112.jpg,gf/bedrooms_images/img000112.jpg,6,bedrooms_images
img000705.jpg,gf/bedrooms_images/img000705.jpg,6,bedrooms_images
img003423.jpg,gf/bedrooms_images/img003423.jpg,6,bedrooms_images
img004505.jpg,gf/bedrooms_images/img004505.jpg,6,bedrooms_images
img001192.jpg,gf/bedrooms_images/img001192.jpg,6,bedrooms_images
img004674.jpg,gf/bedrooms_images/img004674.jpg,6,bedrooms_images
img001323.jpg,gf/bedrooms_images/img001323.jpg,6,bedrooms_images
img002894.jpg,gf/bedrooms_images/img002894.jpg,6,bedrooms_images
img001668.jpg,gf/bedrooms_images/img001668.jpg,6,bedrooms_images
img003214.jpg,gf/bedrooms_images/img003214.jpg,6,bedrooms_images
img003695.jpg,gf/bedrooms_images/img003695.jpg,6,bedrooms_images
img002734.jpg,gf/bedrooms_images/img002734.jpg,6,bedrooms_images
img003643.jpg,gf/bedrooms_images/img003643.jpg,6,bedrooms_images
img003969.jpg,gf/bedrooms_images/img003969.jpg,6,bedrooms_images
img000679.jpg,gf/bedrooms_images/img000679.jpg,6,bedrooms_images
img001028.jpg,gf/bedrooms_images/img001028.jpg,6,bedrooms_images
img002395.jpg,gf/bedrooms_images/img002395.jpg,6,bedrooms_images
img002533.jpg,gf/bedrooms_images/img002533.jpg,6,bedrooms_images
img000409.jpg,gf/bedrooms_images/img000409.jpg,6,bedrooms_images
img003657.jpg,gf/bedrooms_images/img003657.jpg,6,bedrooms_images
img000725.jpg,gf/bedrooms_images/img000725.jpg,6,bedrooms_images
img001810.jpg,gf/bedrooms_images/img001810.jpg,6,bedrooms_images
img004513.jpg,gf/bedrooms_images/img004513.jpg,6,bedrooms_images
img001729.jpg,gf/bedrooms_images/img001729.jpg,6,bedrooms_images
img001402.jpg,gf/bedrooms_images/img001402.jpg,6,bedrooms_images
img002247.jpg,gf/bedrooms_images/img002247.jpg,6,bedrooms_images
img001485.jpg,gf/bedrooms_images/img001485.jpg,6,bedrooms_images
img002175.jpg,gf/bedrooms_images/img002175.jpg,6,bedrooms_images
img004835.jpg,gf/bedrooms_images/img004835.jpg,6,bedrooms_images
img001362.jpg,gf/bedrooms_images/img001362.jpg,6,bedrooms_images
img003087.jpg,gf/bedrooms_images/img003087.jpg,6,bedrooms_images
img001591.jpg,gf/bedrooms_images/img001591.jpg,6,bedrooms_images
img004620.jpg,gf/bedrooms_images/img004620.jpg,6,bedrooms_images
img000699.jpg,gf/bedrooms_images/img000699.jpg,6,bedrooms_images
img004810.jpg,gf/bedrooms_images/img004810.jpg,6,bedrooms_images
img003109.jpg,gf/bedrooms_images/img003109.jpg,6,bedrooms_images
img002598.jpg,gf/bedrooms_images/img002598.jpg,6,bedrooms_images
img000786.jpg,gf/bedrooms_images/img000786.jpg,6,bedrooms_images
img003303.jpg,gf/bedrooms_images/img003303.jpg,6,bedrooms_images
img003940.jpg,gf/bedrooms_images/img003940.jpg,6,bedrooms_images
img002381.jpg,gf/bedrooms_images/img002381.jpg,6,bedrooms_images
img001143.jpg,gf/bedrooms_images/img001143.jpg,6,bedrooms_images
img000250.jpg,gf/bedrooms_images/img000250.jpg,6,bedrooms_images
img001394.jpg,gf/bedrooms_images/img001394.jpg,6,bedrooms_images
img001989.jpg,gf/bedrooms_images/img001989.jpg,6,bedrooms_images
img001621.jpg,gf/bedrooms_images/img001621.jpg,6,bedrooms_images
img001558.jpg,gf/bedrooms_images/img001558.jpg,6,bedrooms_images
img004099.jpg,gf/bedrooms_images/img004099.jpg,6,bedrooms_images
img002934.jpg,gf/bedrooms_images/img002934.jpg,6,bedrooms_images
img004661.jpg,gf/bedrooms_images/img004661.jpg,6,bedrooms_images
img003750.jpg,gf/bedrooms_images/img003750.jpg,6,bedrooms_images
img003421.jpg,gf/bedrooms_images/img003421.jpg,6,bedrooms_images
img000957.jpg,gf/bedrooms_images/img000957.jpg,6,bedrooms_images
img004848.jpg,gf/bedrooms_images/img004848.jpg,6,bedrooms_images
img002891.jpg,gf/bedrooms_images/img002891.jpg,6,bedrooms_images
img000774.jpg,gf/bedrooms_images/img000774.jpg,6,bedrooms_images
img001115.jpg,gf/bedrooms_images/img001115.jpg,6,bedrooms_images
img001434.jpg,gf/bedrooms_images/img001434.jpg,6,bedrooms_images
img004207.jpg,gf/bedrooms_images/img004207.jpg,6,bedrooms_images
img002397.jpg,gf/bedrooms_images/img002397.jpg,6,bedrooms_images
img001964.jpg,gf/bedrooms_images/img001964.jpg,6,bedrooms_images
img001669.jpg,gf/bedrooms_images/img001669.jpg,6,bedrooms_images
img004258.jpg,gf/bedrooms_images/img004258.jpg,6,bedrooms_images
img002403.jpg,gf/bedrooms_images/img002403.jpg,6,bedrooms_images
img002673.jpg,gf/bedrooms_images/img002673.jpg,6,bedrooms_images
img004063.jpg,gf/bedrooms_images/img004063.jpg,6,bedrooms_images
img002224.jpg,gf/bedrooms_images/img002224.jpg,6,bedrooms_images
img004297.jpg,gf/bedrooms_images/img004297.jpg,6,bedrooms_images
img001435.jpg,gf/bedrooms_images/img001435.jpg,6,bedrooms_images
img000510.jpg,gf/bedrooms_images/img000510.jpg,6,bedrooms_images
img003558.jpg,gf/bedrooms_images/img003558.jpg,6,bedrooms_images
img000400.jpg,gf/bedrooms_images/img000400.jpg,6,bedrooms_images
img004494.jpg,gf/bedrooms_images/img004494.jpg,6,bedrooms_images
img004350.jpg,gf/bedrooms_images/img004350.jpg,6,bedrooms_images
img001521.jpg,gf/bedrooms_images/img001521.jpg,6,bedrooms_images
img001176.jpg,gf/bedrooms_images/img001176.jpg,6,bedrooms_images
img003568.jpg,gf/bedrooms_images/img003568.jpg,6,bedrooms_images
img002584.jpg,gf/bedrooms_images/img002584.jpg,6,bedrooms_images
img001201.jpg,gf/bedrooms_images/img001201.jpg,6,bedrooms_images
img003468.jpg,gf/bedrooms_images/img003468.jpg,6,bedrooms_images
img004111.jpg,gf/bedrooms_images/img004111.jpg,6,bedrooms_images
img001375.jpg,gf/bedrooms_images/img001375.jpg,6,bedrooms_images
img002638.jpg,gf/bedrooms_images/img002638.jpg,6,bedrooms_images
img000500.jpg,gf/bedrooms_images/img000500.jpg,6,bedrooms_images
img001308.jpg,gf/bedrooms_images/img001308.jpg,6,bedrooms_images
img000502.jpg,gf/bedrooms_images/img000502.jpg,6,bedrooms_images
img001294.jpg,gf/bedrooms_images/img001294.jpg,6,bedrooms_images
img000750.jpg,gf/bedrooms_images/img000750.jpg,6,bedrooms_images
img000380.jpg,gf/bedrooms_images/img000380.jpg,6,bedrooms_images
img003335.jpg,gf/bedrooms_images/img003335.jpg,6,bedrooms_images
img000967.jpg,gf/bedrooms_images/img000967.jpg,6,bedrooms_images
img000031.jpg,gf/bedrooms_images/img000031.jpg,6,bedrooms_images
img004156.jpg,gf/bedrooms_images/img004156.jpg,6,bedrooms_images
img002972.jpg,gf/bedrooms_images/img002972.jpg,6,bedrooms_images
img000540.jpg,gf/bedrooms_images/img000540.jpg,6,bedrooms_images
img003234.jpg,gf/bedrooms_images/img003234.jpg,6,bedrooms_images
img002487.jpg,gf/bedrooms_images/img002487.jpg,6,bedrooms_images
img004608.jpg,gf/bedrooms_images/img004608.jpg,6,bedrooms_images
img003901.jpg,gf/bedrooms_images/img003901.jpg,6,bedrooms_images
img000678.jpg,gf/bedrooms_images/img000678.jpg,6,bedrooms_images
img001327.jpg,gf/bedrooms_images/img001327.jpg,6,bedrooms_images
img000127.jpg,gf/bedrooms_images/img000127.jpg,6,bedrooms_images
img003148.jpg,gf/bedrooms_images/img003148.jpg,6,bedrooms_images
img003318.jpg,gf/bedrooms_images/img003318.jpg,6,bedrooms_images
img004177.jpg,gf/bedrooms_images/img004177.jpg,6,bedrooms_images
img001078.jpg,gf/bedrooms_images/img001078.jpg,6,bedrooms_images
img003949.jpg,gf/bedrooms_images/img003949.jpg,6,bedrooms_images
img000200.jpg,gf/bedrooms_images/img000200.jpg,6,bedrooms_images
img004303.jpg,gf/bedrooms_images/img004303.jpg,6,bedrooms_images
img004405.jpg,gf/bedrooms_images/img004405.jpg,6,bedrooms_images
img001839.jpg,gf/bedrooms_images/img001839.jpg,6,bedrooms_images
img003647.jpg,gf/bedrooms_images/img003647.jpg,6,bedrooms_images
img000401.jpg,gf/bedrooms_images/img000401.jpg,6,bedrooms_images
img000915.jpg,gf/bedrooms_images/img000915.jpg,6,bedrooms_images
img000582.jpg,gf/bedrooms_images/img000582.jpg,6,bedrooms_images
img004091.jpg,gf/bedrooms_images/img004091.jpg,6,bedrooms_images
img000737.jpg,gf/bedrooms_images/img000737.jpg,6,bedrooms_images
img002947.jpg,gf/bedrooms_images/img002947.jpg,6,bedrooms_images
img003684.jpg,gf/bedrooms_images/img003684.jpg,6,bedrooms_images
img000865.jpg,gf/bedrooms_images/img000865.jpg,6,bedrooms_images
img002774.jpg,gf/bedrooms_images/img002774.jpg,6,bedrooms_images
img001468.jpg,gf/bedrooms_images/img001468.jpg,6,bedrooms_images
img001975.jpg,gf/bedrooms_images/img001975.jpg,6,bedrooms_images
img002595.jpg,gf/bedrooms_images/img002595.jpg,6,bedrooms_images
img002847.jpg,gf/bedrooms_images/img002847.jpg,6,bedrooms_images
img004869.jpg,gf/bedrooms_images/img004869.jpg,6,bedrooms_images
img001777.jpg,gf/bedrooms_images/img001777.jpg,6,bedrooms_images
img004978.jpg,gf/bedrooms_images/img004978.jpg,6,bedrooms_images
img002938.jpg,gf/bedrooms_images/img002938.jpg,6,bedrooms_images
img001188.jpg,gf/bedrooms_images/img001188.jpg,6,bedrooms_images
img001756.jpg,gf/bedrooms_images/img001756.jpg,6,bedrooms_images
img000404.jpg,gf/bedrooms_images/img000404.jpg,6,bedrooms_images
img003924.jpg,gf/bedrooms_images/img003924.jpg,6,bedrooms_images
img004397.jpg,gf/bedrooms_images/img004397.jpg,6,bedrooms_images
img001186.jpg,gf/bedrooms_images/img001186.jpg,6,bedrooms_images
img002510.jpg,gf/bedrooms_images/img002510.jpg,6,bedrooms_images
img001631.jpg,gf/bedrooms_images/img001631.jpg,6,bedrooms_images
img003301.jpg,gf/bedrooms_images/img003301.jpg,6,bedrooms_images
img004676.jpg,gf/bedrooms_images/img004676.jpg,6,bedrooms_images
img002661.jpg,gf/bedrooms_images/img002661.jpg,6,bedrooms_images
img000333.jpg,gf/bedrooms_images/img000333.jpg,6,bedrooms_images
img002991.jpg,gf/bedrooms_images/img002991.jpg,6,bedrooms_images
img003522.jpg,gf/bedrooms_images/img003522.jpg,6,bedrooms_images
img002299.jpg,gf/bedrooms_images/img002299.jpg,6,bedrooms_images
img003580.jpg,gf/bedrooms_images/img003580.jpg,6,bedrooms_images
img004706.jpg,gf/bedrooms_images/img004706.jpg,6,bedrooms_images
img000566.jpg,gf/bedrooms_images/img000566.jpg,6,bedrooms_images
img000922.jpg,gf/bedrooms_images/img000922.jpg,6,bedrooms_images
img003139.jpg,gf/bedrooms_images/img003139.jpg,6,bedrooms_images
img001100.jpg,gf/bedrooms_images/img001100.jpg,6,bedrooms_images
img001423.jpg,gf/bedrooms_images/img001423.jpg,6,bedrooms_images
img000359.jpg,gf/bedrooms_images/img000359.jpg,6,bedrooms_images
img000361.jpg,gf/bedrooms_images/img000361.jpg,6,bedrooms_images
img003181.jpg,gf/bedrooms_images/img003181.jpg,6,bedrooms_images
img000783.jpg,gf/bedrooms_images/img000783.jpg,6,bedrooms_images
img002235.jpg,gf/bedrooms_images/img002235.jpg,6,bedrooms_images
img001125.jpg,gf/bedrooms_images/img001125.jpg,6,bedrooms_images
img004551.jpg,gf/bedrooms_images/img004551.jpg,6,bedrooms_images
img003019.jpg,gf/bedrooms_images/img003019.jpg,6,bedrooms_images
img001214.jpg,gf/bedrooms_images/img001214.jpg,6,bedrooms_images
img002485.jpg,gf/bedrooms_images/img002485.jpg,6,bedrooms_images
img000257.jpg,gf/bedrooms_images/img000257.jpg,6,bedrooms_images
img001744.jpg,gf/bedrooms_images/img001744.jpg,6,bedrooms_images
img004832.jpg,gf/bedrooms_images/img004832.jpg,6,bedrooms_images
img004561.jpg,gf/bedrooms_images/img004561.jpg,6,bedrooms_images
img004963.jpg,gf/bedrooms_images/img004963.jpg,6,bedrooms_images
img003960.jpg,gf/bedrooms_images/img003960.jpg,6,bedrooms_images
img003705.jpg,gf/bedrooms_images/img003705.jpg,6,bedrooms_images
img003320.jpg,gf/bedrooms_images/img003320.jpg,6,bedrooms_images
img001030.jpg,gf/bedrooms_images/img001030.jpg,6,bedrooms_images
img001314.jpg,gf/bedrooms_images/img001314.jpg,6,bedrooms_images
img003595.jpg,gf/bedrooms_images/img003595.jpg,6,bedrooms_images
img002472.jpg,gf/bedrooms_images/img002472.jpg,6,bedrooms_images
img004628.jpg,gf/bedrooms_images/img004628.jpg,6,bedrooms_images
img002587.jpg,gf/bedrooms_images/img002587.jpg,6,bedrooms_images
img004604.jpg,gf/bedrooms_images/img004604.jpg,6,bedrooms_images
img000052.jpg,gf/bedrooms_images/img000052.jpg,6,bedrooms_images
img000263.jpg,gf/bedrooms_images/img000263.jpg,6,bedrooms_images
img001770.jpg,gf/bedrooms_images/img001770.jpg,6,bedrooms_images
img001366.jpg,gf/bedrooms_images/img001366.jpg,6,bedrooms_images
img000037.jpg,gf/bedrooms_images/img000037.jpg,6,bedrooms_images
img002423.jpg,gf/bedrooms_images/img002423.jpg,6,bedrooms_images
img003775.jpg,gf/bedrooms_images/img003775.jpg,6,bedrooms_images
img000129.jpg,gf/bedrooms_images/img000129.jpg,6,bedrooms_images
img004354.jpg,gf/bedrooms_images/img004354.jpg,6,bedrooms_images
img000272.jpg,gf/bedrooms_images/img000272.jpg,6,bedrooms_images
img000991.jpg,gf/bedrooms_images/img000991.jpg,6,bedrooms_images
img003155.jpg,gf/bedrooms_images/img003155.jpg,6,bedrooms_images
img001758.jpg,gf/bedrooms_images/img001758.jpg,6,bedrooms_images
img003016.jpg,gf/bedrooms_images/img003016.jpg,6,bedrooms_images
img001709.jpg,gf/bedrooms_images/img001709.jpg,6,bedrooms_images
img000242.jpg,gf/bedrooms_images/img000242.jpg,6,bedrooms_images
img004010.jpg,gf/bedrooms_images/img004010.jpg,6,bedrooms_images
img000931.jpg,gf/bedrooms_images/img000931.jpg,6,bedrooms_images
img000233.jpg,gf/bedrooms_images/img000233.jpg,6,bedrooms_images
img000029.jpg,gf/bedrooms_images/img000029.jpg,6,bedrooms_images
img001091.jpg,gf/bedrooms_images/img001091.jpg,6,bedrooms_images
img001113.jpg,gf/bedrooms_images/img001113.jpg,6,bedrooms_images
img001144.jpg,gf/bedrooms_images/img001144.jpg,6,bedrooms_images
img003549.jpg,gf/bedrooms_images/img003549.jpg,6,bedrooms_images
img003746.jpg,gf/bedrooms_images/img003746.jpg,6,bedrooms_images
img004589.jpg,gf/bedrooms_images/img004589.jpg,6,bedrooms_images
img000094.jpg,gf/bedrooms_images/img000094.jpg,6,bedrooms_images
img003399.jpg,gf/bedrooms_images/img003399.jpg,6,bedrooms_images
img004491.jpg,gf/bedrooms_images/img004491.jpg,6,bedrooms_images
img001707.jpg,gf/bedrooms_images/img001707.jpg,6,bedrooms_images
img000022.jpg,gf/bedrooms_images/img000022.jpg,6,bedrooms_images
img003147.jpg,gf/bedrooms_images/img003147.jpg,6,bedrooms_images
img000943.jpg,gf/bedrooms_images/img000943.jpg,6,bedrooms_images
img002402.jpg,gf/bedrooms_images/img002402.jpg,6,bedrooms_images
img001903.jpg,gf/bedrooms_images/img001903.jpg,6,bedrooms_images
img002916.jpg,gf/bedrooms_images/img002916.jpg,6,bedrooms_images
img000032.jpg,gf/bedrooms_images/img000032.jpg,6,bedrooms_images
img002038.jpg,gf/bedrooms_images/img002038.jpg,6,bedrooms_images
img001427.jpg,gf/bedrooms_images/img001427.jpg,6,bedrooms_images
img001862.jpg,gf/bedrooms_images/img001862.jpg,6,bedrooms_images
img001796.jpg,gf/bedrooms_images/img001796.jpg,6,bedrooms_images
img001440.jpg,gf/bedrooms_images/img001440.jpg,6,bedrooms_images
img001921.jpg,gf/bedrooms_images/img001921.jpg,6,bedrooms_images
img004176.jpg,gf/bedrooms_images/img004176.jpg,6,bedrooms_images
img002563.jpg,gf/bedrooms_images/img002563.jpg,6,bedrooms_images
img001138.jpg,gf/bedrooms_images/img001138.jpg,6,bedrooms_images
img002746.jpg,gf/bedrooms_images/img002746.jpg,6,bedrooms_images
img000594.jpg,gf/bedrooms_images/img000594.jpg,6,bedrooms_images
img003654.jpg,gf/bedrooms_images/img003654.jpg,6,bedrooms_images
img001105.jpg,gf/bedrooms_images/img001105.jpg,6,bedrooms_images
img000578.jpg,gf/bedrooms_images/img000578.jpg,6,bedrooms_images
img004130.jpg,gf/bedrooms_images/img004130.jpg,6,bedrooms_images
img000292.jpg,gf/bedrooms_images/img000292.jpg,6,bedrooms_images
img000133.jpg,gf/bedrooms_images/img000133.jpg,6,bedrooms_images
img002968.jpg,gf/bedrooms_images/img002968.jpg,6,bedrooms_images
img002477.jpg,gf/bedrooms_images/img002477.jpg,6,bedrooms_images
img000240.jpg,gf/bedrooms_images/img000240.jpg,6,bedrooms_images
img001166.jpg,gf/bedrooms_images/img001166.jpg,6,bedrooms_images
img002482.jpg,gf/bedrooms_images/img002482.jpg,6,bedrooms_images
img003232.jpg,gf/bedrooms_images/img003232.jpg,6,bedrooms_images
img004128.jpg,gf/bedrooms_images/img004128.jpg,6,bedrooms_images
img000976.jpg,gf/bedrooms_images/img000976.jpg,6,bedrooms_images
img004973.jpg,gf/bedrooms_images/img004973.jpg,6,bedrooms_images
img000114.jpg,gf/bedrooms_images/img000114.jpg,6,bedrooms_images
img001406.jpg,gf/bedrooms_images/img001406.jpg,6,bedrooms_images
img002961.jpg,gf/bedrooms_images/img002961.jpg,6,bedrooms_images
img004218.jpg,gf/bedrooms_images/img004218.jpg,6,bedrooms_images
img002686.jpg,gf/bedrooms_images/img002686.jpg,6,bedrooms_images
img004499.jpg,gf/bedrooms_images/img004499.jpg,6,bedrooms_images
img003185.jpg,gf/bedrooms_images/img003185.jpg,6,bedrooms_images
img003408.jpg,gf/bedrooms_images/img003408.jpg,6,bedrooms_images
img004502.jpg,gf/bedrooms_images/img004502.jpg,6,bedrooms_images
img003856.jpg,gf/bedrooms_images/img003856.jpg,6,bedrooms_images
img002720.jpg,gf/bedrooms_images/img002720.jpg,6,bedrooms_images
img001167.jpg,gf/bedrooms_images/img001167.jpg,6,bedrooms_images
img001899.jpg,gf/bedrooms_images/img001899.jpg,6,bedrooms_images
img003281.jpg,gf/bedrooms_images/img003281.jpg,6,bedrooms_images
img001020.jpg,gf/bedrooms_images/img001020.jpg,6,bedrooms_images
img004957.jpg,gf/bedrooms_images/img004957.jpg,6,bedrooms_images
img003854.jpg,gf/bedrooms_images/img003854.jpg,6,bedrooms_images
img000101.jpg,gf/bedrooms_images/img000101.jpg,6,bedrooms_images
img000928.jpg,gf/bedrooms_images/img000928.jpg,6,bedrooms_images
img001334.jpg,gf/bedrooms_images/img001334.jpg,6,bedrooms_images
img000945.jpg,gf/bedrooms_images/img000945.jpg,6,bedrooms_images
img000983.jpg,gf/bedrooms_images/img000983.jpg,6,bedrooms_images
img001853.jpg,gf/bedrooms_images/img001853.jpg,6,bedrooms_images
img002070.jpg,gf/bedrooms_images/img002070.jpg,6,bedrooms_images
img003892.jpg,gf/bedrooms_images/img003892.jpg,6,bedrooms_images
img003477.jpg,gf/bedrooms_images/img003477.jpg,6,bedrooms_images
img002293.jpg,gf/bedrooms_images/img002293.jpg,6,bedrooms_images
img000269.jpg,gf/bedrooms_images/img000269.jpg,6,bedrooms_images
img000342.jpg,gf/bedrooms_images/img000342.jpg,6,bedrooms_images
img002454.jpg,gf/bedrooms_images/img002454.jpg,6,bedrooms_images
img001783.jpg,gf/bedrooms_images/img001783.jpg,6,bedrooms_images
img001193.jpg,gf/bedrooms_images/img001193.jpg,6,bedrooms_images
img001400.jpg,gf/bedrooms_images/img001400.jpg,6,bedrooms_images
img000236.jpg,gf/bedrooms_images/img000236.jpg,6,bedrooms_images
img001947.jpg,gf/bedrooms_images/img001947.jpg,6,bedrooms_images
img002198.jpg,gf/bedrooms_images/img002198.jpg,6,bedrooms_images
img002773.jpg,gf/bedrooms_images/img002773.jpg,6,bedrooms_images
img004803.jpg,gf/bedrooms_images/img004803.jpg,6,bedrooms_images
img003900.jpg,gf/bedrooms_images/img003900.jpg,6,bedrooms_images
img001132.jpg,gf/bedrooms_images/img001132.jpg,6,bedrooms_images
img004552.jpg,gf/bedrooms_images/img004552.jpg,6,bedrooms_images
img001340.jpg,gf/bedrooms_images/img001340.jpg,6,bedrooms_images
img003225.jpg,gf/bedrooms_images/img003225.jpg,6,bedrooms_images
img000328.jpg,gf/bedrooms_images/img000328.jpg,6,bedrooms_images
img000974.jpg,gf/bedrooms_images/img000974.jpg,6,bedrooms_images
img004763.jpg,gf/bedrooms_images/img004763.jpg,6,bedrooms_images
img004891.jpg,gf/bedrooms_images/img004891.jpg,6,bedrooms_images
img004995.jpg,gf/bedrooms_images/img004995.jpg,6,bedrooms_images
img002914.jpg,gf/bedrooms_images/img002914.jpg,6,bedrooms_images
img002838.jpg,gf/bedrooms_images/img002838.jpg,6,bedrooms_images
img001949.jpg,gf/bedrooms_images/img001949.jpg,6,bedrooms_images
img000119.jpg,gf/bedrooms_images/img000119.jpg,6,bedrooms_images
img003768.jpg,gf/bedrooms_images/img003768.jpg,6,bedrooms_images
img003709.jpg,gf/bedrooms_images/img003709.jpg,6,bedrooms_images
img001951.jpg,gf/bedrooms_images/img001951.jpg,6,bedrooms_images
img001579.jpg,gf/bedrooms_images/img001579.jpg,6,bedrooms_images
img004245.jpg,gf/bedrooms_images/img004245.jpg,6,bedrooms_images
img002579.jpg,gf/bedrooms_images/img002579.jpg,6,bedrooms_images
img001496.jpg,gf/bedrooms_images/img001496.jpg,6,bedrooms_images
img001109.jpg,gf/bedrooms_images/img001109.jpg,6,bedrooms_images
img001912.jpg,gf/bedrooms_images/img001912.jpg,6,bedrooms_images
img003178.jpg,gf/bedrooms_images/img003178.jpg,6,bedrooms_images
img001239.jpg,gf/bedrooms_images/img001239.jpg,6,bedrooms_images
img004886.jpg,gf/bedrooms_images/img004886.jpg,6,bedrooms_images
img004703.jpg,gf/bedrooms_images/img004703.jpg,6,bedrooms_images
img001826.jpg,gf/bedrooms_images/img001826.jpg,6,bedrooms_images
img001689.jpg,gf/bedrooms_images/img001689.jpg,6,bedrooms_images
img004949.jpg,gf/bedrooms_images/img004949.jpg,6,bedrooms_images
img004315.jpg,gf/bedrooms_images/img004315.jpg,6,bedrooms_images
img001088.jpg,gf/bedrooms_images/img001088.jpg,6,bedrooms_images
img001360.jpg,gf/bedrooms_images/img001360.jpg,6,bedrooms_images
img000499.jpg,gf/bedrooms_images/img000499.jpg,6,bedrooms_images
img002394.jpg,gf/bedrooms_images/img002394.jpg,6,bedrooms_images
img003740.jpg,gf/bedrooms_images/img003740.jpg,6,bedrooms_images
img002825.jpg,gf/bedrooms_images/img002825.jpg,6,bedrooms_images
img003410.jpg,gf/bedrooms_images/img003410.jpg,6,bedrooms_images
img004735.jpg,gf/bedrooms_images/img004735.jpg,6,bedrooms_images
img000001.jpg,gf/bedrooms_images/img000001.jpg,6,bedrooms_images
img001505.jpg,gf/bedrooms_images/img001505.jpg,6,bedrooms_images
img000995.jpg,gf/bedrooms_images/img000995.jpg,6,bedrooms_images
img003129.jpg,gf/bedrooms_images/img003129.jpg,6,bedrooms_images
img001331.jpg,gf/bedrooms_images/img001331.jpg,6,bedrooms_images
img004677.jpg,gf/bedrooms_images/img004677.jpg,6,bedrooms_images
img004697.jpg,gf/bedrooms_images/img004697.jpg,6,bedrooms_images
img001277.jpg,gf/bedrooms_images/img001277.jpg,6,bedrooms_images
img001288.jpg,gf/bedrooms_images/img001288.jpg,6,bedrooms_images
img003135.jpg,gf/bedrooms_images/img003135.jpg,6,bedrooms_images
img004042.jpg,gf/bedrooms_images/img004042.jpg,6,bedrooms_images
img000016.jpg,gf/bedrooms_images/img000016.jpg,6,bedrooms_images
img004352.jpg,gf/bedrooms_images/img004352.jpg,6,bedrooms_images
img000010.jpg,gf/bedrooms_images/img000010.jpg,6,bedrooms_images
img000530.jpg,gf/bedrooms_images/img000530.jpg,6,bedrooms_images
img001152.jpg,gf/bedrooms_images/img001152.jpg,6,bedrooms_images
img000662.jpg,gf/bedrooms_images/img000662.jpg,6,bedrooms_images
img001095.jpg,gf/bedrooms_images/img001095.jpg,6,bedrooms_images
img002711.jpg,gf/bedrooms_images/img002711.jpg,6,bedrooms_images
img004799.jpg,gf/bedrooms_images/img004799.jpg,6,bedrooms_images
img003974.jpg,gf/bedrooms_images/img003974.jpg,6,bedrooms_images
img000658.jpg,gf/bedrooms_images/img000658.jpg,6,bedrooms_images
img003266.jpg,gf/bedrooms_images/img003266.jpg,6,bedrooms_images
img001003.jpg,gf/bedrooms_images/img001003.jpg,6,bedrooms_images
img004276.jpg,gf/bedrooms_images/img004276.jpg,6,bedrooms_images
img002687.jpg,gf/bedrooms_images/img002687.jpg,6,bedrooms_images
img000099.jpg,gf/bedrooms_images/img000099.jpg,6,bedrooms_images
img001613.jpg,gf/bedrooms_images/img001613.jpg,6,bedrooms_images
img004555.jpg,gf/bedrooms_images/img004555.jpg,6,bedrooms_images
img003802.jpg,gf/bedrooms_images/img003802.jpg,6,bedrooms_images
img000445.jpg,gf/bedrooms_images/img000445.jpg,6,bedrooms_images
img004780.jpg,gf/bedrooms_images/img004780.jpg,6,bedrooms_images
img000917.jpg,gf/bedrooms_images/img000917.jpg,6,bedrooms_images
img001480.jpg,gf/bedrooms_images/img001480.jpg,6,bedrooms_images
img001240.jpg,gf/bedrooms_images/img001240.jpg,6,bedrooms_images
img004860.jpg,gf/bedrooms_images/img004860.jpg,6,bedrooms_images
img001280.jpg,gf/bedrooms_images/img001280.jpg,6,bedrooms_images
img003771.jpg,gf/bedrooms_images/img003771.jpg,6,bedrooms_images
img000613.jpg,gf/bedrooms_images/img000613.jpg,6,bedrooms_images
img004744.jpg,gf/bedrooms_images/img004744.jpg,6,bedrooms_images
img000749.jpg,gf/bedrooms_images/img000749.jpg,6,bedrooms_images
img003287.jpg,gf/bedrooms_images/img003287.jpg,6,bedrooms_images
img003834.jpg,gf/bedrooms_images/img003834.jpg,6,bedrooms_images
img001814.jpg,gf/bedrooms_images/img001814.jpg,6,bedrooms_images
img004143.jpg,gf/bedrooms_images/img004143.jpg,6,bedrooms_images
img002285.jpg,gf/bedrooms_images/img002285.jpg,6,bedrooms_images
img001391.jpg,gf/bedrooms_images/img001391.jpg,6,bedrooms_images
img004288.jpg,gf/bedrooms_images/img004288.jpg,6,bedrooms_images
img003511.jpg,gf/bedrooms_images/img003511.jpg,6,bedrooms_images
img002651.jpg,gf/bedrooms_images/img002651.jpg,6,bedrooms_images
img002628.jpg,gf/bedrooms_images/img002628.jpg,6,bedrooms_images
img001180.jpg,gf/bedrooms_images/img001180.jpg,6,bedrooms_images
img004306.jpg,gf/bedrooms_images/img004306.jpg,6,bedrooms_images
img002025.jpg,gf/bedrooms_images/img002025.jpg,6,bedrooms_images
img001463.jpg,gf/bedrooms_images/img001463.jpg,6,bedrooms_images
img004342.jpg,gf/bedrooms_images/img004342.jpg,6,bedrooms_images
img004664.jpg,gf/bedrooms_images/img004664.jpg,6,bedrooms_images
img001937.jpg,gf/bedrooms_images/img001937.jpg,6,bedrooms_images
img001353.jpg,gf/bedrooms_images/img001353.jpg,6,bedrooms_images
img001654.jpg,gf/bedrooms_images/img001654.jpg,6,bedrooms_images
img003470.jpg,gf/bedrooms_images/img003470.jpg,6,bedrooms_images
img001672.jpg,gf/bedrooms_images/img001672.jpg,6,bedrooms_images
img001941.jpg,gf/bedrooms_images/img001941.jpg,6,bedrooms_images
img004964.jpg,gf/bedrooms_images/img004964.jpg,6,bedrooms_images
img003388.jpg,gf/bedrooms_images/img003388.jpg,6,bedrooms_images
img000026.jpg,gf/bedrooms_images/img000026.jpg,6,bedrooms_images
img003770.jpg,gf/bedrooms_images/img003770.jpg,6,bedrooms_images
img001083.jpg,gf/bedrooms_images/img001083.jpg,6,bedrooms_images
img000142.jpg,gf/bedrooms_images/img000142.jpg,6,bedrooms_images
img003126.jpg,gf/bedrooms_images/img003126.jpg,6,bedrooms_images
img001687.jpg,gf/bedrooms_images/img001687.jpg,6,bedrooms_images
img004283.jpg,gf/bedrooms_images/img004283.jpg,6,bedrooms_images
img004953.jpg,gf/bedrooms_images/img004953.jpg,6,bedrooms_images
img003715.jpg,gf/bedrooms_images/img003715.jpg,6,bedrooms_images
img004180.jpg,gf/bedrooms_images/img004180.jpg,6,bedrooms_images
img001481.jpg,gf/bedrooms_images/img001481.jpg,6,bedrooms_images
img003295.jpg,gf/bedrooms_images/img003295.jpg,6,bedrooms_images
img004442.jpg,gf/bedrooms_images/img004442.jpg,6,bedrooms_images
img004536.jpg,gf/bedrooms_images/img004536.jpg,6,bedrooms_images
img004389.jpg,gf/bedrooms_images/img004389.jpg,6,bedrooms_images
img003286.jpg,gf/bedrooms_images/img003286.jpg,6,bedrooms_images
img000124.jpg,gf/bedrooms_images/img000124.jpg,6,bedrooms_images
img001858.jpg,gf/bedrooms_images/img001858.jpg,6,bedrooms_images
img003606.jpg,gf/bedrooms_images/img003606.jpg,6,bedrooms_images
img003798.jpg,gf/bedrooms_images/img003798.jpg,6,bedrooms_images
img001310.jpg,gf/bedrooms_images/img001310.jpg,6,bedrooms_images
img004152.jpg,gf/bedrooms_images/img004152.jpg,6,bedrooms_images
img000646.jpg,gf/bedrooms_images/img000646.jpg,6,bedrooms_images
img004239.jpg,gf/bedrooms_images/img004239.jpg,6,bedrooms_images
img002839.jpg,gf/bedrooms_images/img002839.jpg,6,bedrooms_images
img003529.jpg,gf/bedrooms_images/img003529.jpg,6,bedrooms_images
img002849.jpg,gf/bedrooms_images/img002849.jpg,6,bedrooms_images
img004827.jpg,gf/bedrooms_images/img004827.jpg,6,bedrooms_images
img002770.jpg,gf/bedrooms_images/img002770.jpg,6,bedrooms_images
img004343.jpg,gf/bedrooms_images/img004343.jpg,6,bedrooms_images
img001794.jpg,gf/bedrooms_images/img001794.jpg,6,bedrooms_images
img004652.jpg,gf/bedrooms_images/img004652.jpg,6,bedrooms_images
img000238.jpg,gf/bedrooms_images/img000238.jpg,6,bedrooms_images
img000475.jpg,gf/bedrooms_images/img000475.jpg,6,bedrooms_images
img003479.jpg,gf/bedrooms_images/img003479.jpg,6,bedrooms_images
img002222.jpg,gf/bedrooms_images/img002222.jpg,6,bedrooms_images
img002091.jpg,gf/bedrooms_images/img002091.jpg,6,bedrooms_images
img000656.jpg,gf/bedrooms_images/img000656.jpg,6,bedrooms_images
img000209.jpg,gf/bedrooms_images/img000209.jpg,6,bedrooms_images
img004979.jpg,gf/bedrooms_images/img004979.jpg,6,bedrooms_images
img004403.jpg,gf/bedrooms_images/img004403.jpg,6,bedrooms_images
img002911.jpg,gf/bedrooms_images/img002911.jpg,6,bedrooms_images
img001039.jpg,gf/bedrooms_images/img001039.jpg,6,bedrooms_images
img002233.jpg,gf/bedrooms_images/img002233.jpg,6,bedrooms_images
img004317.jpg,gf/bedrooms_images/img004317.jpg,6,bedrooms_images
img000642.jpg,gf/bedrooms_images/img000642.jpg,6,bedrooms_images
img002877.jpg,gf/bedrooms_images/img002877.jpg,6,bedrooms_images
img001609.jpg,gf/bedrooms_images/img001609.jpg,6,bedrooms_images
img001856.jpg,gf/bedrooms_images/img001856.jpg,6,bedrooms_images
img000086.jpg,gf/bedrooms_images/img000086.jpg,6,bedrooms_images
img004943.jpg,gf/bedrooms_images/img004943.jpg,6,bedrooms_images
img001220.jpg,gf/bedrooms_images/img001220.jpg,6,bedrooms_images
img002577.jpg,gf/bedrooms_images/img002577.jpg,6,bedrooms_images
img001261.jpg,gf/bedrooms_images/img001261.jpg,6,bedrooms_images
img000554.jpg,gf/bedrooms_images/img000554.jpg,6,bedrooms_images
img000607.jpg,gf/bedrooms_images/img000607.jpg,6,bedrooms_images
img000364.jpg,gf/bedrooms_images/img000364.jpg,6,bedrooms_images
img003640.jpg,gf/bedrooms_images/img003640.jpg,6,bedrooms_images
img004496.jpg,gf/bedrooms_images/img004496.jpg,6,bedrooms_images
img003092.jpg,gf/bedrooms_images/img003092.jpg,6,bedrooms_images
img001127.jpg,gf/bedrooms_images/img001127.jpg,6,bedrooms_images
img000497.jpg,gf/bedrooms_images/img000497.jpg,6,bedrooms_images
img004069.jpg,gf/bedrooms_images/img004069.jpg,6,bedrooms_images
img001995.jpg,gf/bedrooms_images/img001995.jpg,6,bedrooms_images
img002523.jpg,gf/bedrooms_images/img002523.jpg,6,bedrooms_images
img000302.jpg,gf/bedrooms_images/img000302.jpg,6,bedrooms_images
img000733.jpg,gf/bedrooms_images/img000733.jpg,6,bedrooms_images
img004547.jpg,gf/bedrooms_images/img004547.jpg,6,bedrooms_images
img002462.jpg,gf/bedrooms_images/img002462.jpg,6,bedrooms_images
img001457.jpg,gf/bedrooms_images/img001457.jpg,6,bedrooms_images
img000630.jpg,gf/bedrooms_images/img000630.jpg,6,bedrooms_images
img000156.jpg,gf/bedrooms_images/img000156.jpg,6,bedrooms_images
img004458.jpg,gf/bedrooms_images/img004458.jpg,6,bedrooms_images
img000454.jpg,gf/bedrooms_images/img000454.jpg,6,bedrooms_images
img002930.jpg,gf/bedrooms_images/img002930.jpg,6,bedrooms_images
img002932.jpg,gf/bedrooms_images/img002932.jpg,6,bedrooms_images
img001411.jpg,gf/bedrooms_images/img001411.jpg,6,bedrooms_images
img001350.jpg,gf/bedrooms_images/img001350.jpg,6,bedrooms_images
img000635.jpg,gf/bedrooms_images/img000635.jpg,6,bedrooms_images
img004889.jpg,gf/bedrooms_images/img004889.jpg,6,bedrooms_images
img004544.jpg,gf/bedrooms_images/img004544.jpg,6,bedrooms_images
img003446.jpg,gf/bedrooms_images/img003446.jpg,6,bedrooms_images
img000897.jpg,gf/bedrooms_images/img000897.jpg,6,bedrooms_images
img001620.jpg,gf/bedrooms_images/img001620.jpg,6,bedrooms_images
img004629.jpg,gf/bedrooms_images/img004629.jpg,6,bedrooms_images
img002019.jpg,gf/bedrooms_images/img002019.jpg,6,bedrooms_images
img002084.jpg,gf/bedrooms_images/img002084.jpg,6,bedrooms_images
img000826.jpg,gf/bedrooms_images/img000826.jpg,6,bedrooms_images
img003030.jpg,gf/bedrooms_images/img003030.jpg,6,bedrooms_images
img003292.jpg,gf/bedrooms_images/img003292.jpg,6,bedrooms_images
img000863.jpg,gf/bedrooms_images/img000863.jpg,6,bedrooms_images
img004390.jpg,gf/bedrooms_images/img004390.jpg,6,bedrooms_images
img001780.jpg,gf/bedrooms_images/img001780.jpg,6,bedrooms_images
img000583.jpg,gf/bedrooms_images/img000583.jpg,6,bedrooms_images
img004125.jpg,gf/bedrooms_images/img004125.jpg,6,bedrooms_images
img004724.jpg,gf/bedrooms_images/img004724.jpg,6,bedrooms_images
img004728.jpg,gf/bedrooms_images/img004728.jpg,6,bedrooms_images
img004885.jpg,gf/bedrooms_images/img004885.jpg,6,bedrooms_images
img004090.jpg,gf/bedrooms_images/img004090.jpg,6,bedrooms_images
img003562.jpg,gf/bedrooms_images/img003562.jpg,6,bedrooms_images
img004815.jpg,gf/bedrooms_images/img004815.jpg,6,bedrooms_images
img000657.jpg,gf/bedrooms_images/img000657.jpg,6,bedrooms_images
img001798.jpg,gf/bedrooms_images/img001798.jpg,6,bedrooms_images
img000027.jpg,gf/bedrooms_images/img000027.jpg,6,bedrooms_images
img002637.jpg,gf/bedrooms_images/img002637.jpg,6,bedrooms_images
img001875.jpg,gf/bedrooms_images/img001875.jpg,6,bedrooms_images
img002068.jpg,gf/bedrooms_images/img002068.jpg,6,bedrooms_images
img002229.jpg,gf/bedrooms_images/img002229.jpg,6,bedrooms_images
img004539.jpg,gf/bedrooms_images/img004539.jpg,6,bedrooms_images
img003559.jpg,gf/bedrooms_images/img003559.jpg,6,bedrooms_images
img001339.jpg,gf/bedrooms_images/img001339.jpg,6,bedrooms_images
img002318.jpg,gf/bedrooms_images/img002318.jpg,6,bedrooms_images
img001181.jpg,gf/bedrooms_images/img001181.jpg,6,bedrooms_images
img002434.jpg,gf/bedrooms_images/img002434.jpg,6,bedrooms_images
img004383.jpg,gf/bedrooms_images/img004383.jpg,6,bedrooms_images
img000654.jpg,gf/bedrooms_images/img000654.jpg,6,bedrooms_images
img001514.jpg,gf/bedrooms_images/img001514.jpg,6,bedrooms_images
img003197.jpg,gf/bedrooms_images/img003197.jpg,6,bedrooms_images
img004830.jpg,gf/bedrooms_images/img004830.jpg,6,bedrooms_images
img002266.jpg,gf/bedrooms_images/img002266.jpg,6,bedrooms_images
img003237.jpg,gf/bedrooms_images/img003237.jpg,6,bedrooms_images
img000044.jpg,gf/bedrooms_images/img000044.jpg,6,bedrooms_images
img003675.jpg,gf/bedrooms_images/img003675.jpg,6,bedrooms_images
img002331.jpg,gf/bedrooms_images/img002331.jpg,6,bedrooms_images
img004786.jpg,gf/bedrooms_images/img004786.jpg,6,bedrooms_images
img000014.jpg,gf/bedrooms_images/img000014.jpg,6,bedrooms_images
img003033.jpg,gf/bedrooms_images/img003033.jpg,6,bedrooms_images
img000674.jpg,gf/bedrooms_images/img000674.jpg,6,bedrooms_images
img001936.jpg,gf/bedrooms_images/img001936.jpg,6,bedrooms_images
img001401.jpg,gf/bedrooms_images/img001401.jpg,6,bedrooms_images
img001107.jpg,gf/bedrooms_images/img001107.jpg,6,bedrooms_images
img002231.jpg,gf/bedrooms_images/img002231.jpg,6,bedrooms_images
img001894.jpg,gf/bedrooms_images/img001894.jpg,6,bedrooms_images
img002135.jpg,gf/bedrooms_images/img002135.jpg,6,bedrooms_images
img002184.jpg,gf/bedrooms_images/img002184.jpg,6,bedrooms_images
img002553.jpg,gf/bedrooms_images/img002553.jpg,6,bedrooms_images
img001971.jpg,gf/bedrooms_images/img001971.jpg,6,bedrooms_images
img004335.jpg,gf/bedrooms_images/img004335.jpg,6,bedrooms_images
img001577.jpg,gf/bedrooms_images/img001577.jpg,6,bedrooms_images
img004883.jpg,gf/bedrooms_images/img004883.jpg,6,bedrooms_images
img004573.jpg,gf/bedrooms_images/img004573.jpg,6,bedrooms_images
img001500.jpg,gf/bedrooms_images/img001500.jpg,6,bedrooms_images
img000979.jpg,gf/bedrooms_images/img000979.jpg,6,bedrooms_images
img002995.jpg,gf/bedrooms_images/img002995.jpg,6,bedrooms_images
img003609.jpg,gf/bedrooms_images/img003609.jpg,6,bedrooms_images
img003198.jpg,gf/bedrooms_images/img003198.jpg,6,bedrooms_images
img004340.jpg,gf/bedrooms_images/img004340.jpg,6,bedrooms_images
img002421.jpg,gf/bedrooms_images/img002421.jpg,6,bedrooms_images
img001351.jpg,gf/bedrooms_images/img001351.jpg,6,bedrooms_images
img002157.jpg,gf/bedrooms_images/img002157.jpg,6,bedrooms_images
img003950.jpg,gf/bedrooms_images/img003950.jpg,6,bedrooms_images
img000095.jpg,gf/bedrooms_images/img000095.jpg,6,bedrooms_images
img001914.jpg,gf/bedrooms_images/img001914.jpg,6,bedrooms_images
img001857.jpg,gf/bedrooms_images/img001857.jpg,6,bedrooms_images
img000254.jpg,gf/bedrooms_images/img000254.jpg,6,bedrooms_images
img000033.jpg,gf/bedrooms_images/img000033.jpg,6,bedrooms_images
img001230.jpg,gf/bedrooms_images/img001230.jpg,6,bedrooms_images
img002793.jpg,gf/bedrooms_images/img002793.jpg,6,bedrooms_images
img000206.jpg,gf/bedrooms_images/img000206.jpg,6,bedrooms_images
img004272.jpg,gf/bedrooms_images/img004272.jpg,6,bedrooms_images
img000487.jpg,gf/bedrooms_images/img000487.jpg,6,bedrooms_images
img000817.jpg,gf/bedrooms_images/img000817.jpg,6,bedrooms_images
img003241.jpg,gf/bedrooms_images/img003241.jpg,6,bedrooms_images
img002255.jpg,gf/bedrooms_images/img002255.jpg,6,bedrooms_images
img004726.jpg,gf/bedrooms_images/img004726.jpg,6,bedrooms_images
img004399.jpg,gf/bedrooms_images/img004399.jpg,6,bedrooms_images
img002747.jpg,gf/bedrooms_images/img002747.jpg,6,bedrooms_images
img000075.jpg,gf/bedrooms_images/img000075.jpg,6,bedrooms_images
img000768.jpg,gf/bedrooms_images/img000768.jpg,6,bedrooms_images
img001722.jpg,gf/bedrooms_images/img001722.jpg,6,bedrooms_images
img003847.jpg,gf/bedrooms_images/img003847.jpg,6,bedrooms_images
img001275.jpg,gf/bedrooms_images/img001275.jpg,6,bedrooms_images
img004746.jpg,gf/bedrooms_images/img004746.jpg,6,bedrooms_images
img004941.jpg,gf/bedrooms_images/img004941.jpg,6,bedrooms_images
img004109.jpg,gf/bedrooms_images/img004109.jpg,6,bedrooms_images
img003308.jpg,gf/bedrooms_images/img003308.jpg,6,bedrooms_images
img000643.jpg,gf/bedrooms_images/img000643.jpg,6,bedrooms_images
img004353.jpg,gf/bedrooms_images/img004353.jpg,6,bedrooms_images
img001410.jpg,gf/bedrooms_images/img001410.jpg,6,bedrooms_images
img000960.jpg,gf/bedrooms_images/img000960.jpg,6,bedrooms_images
img000019.jpg,gf/bedrooms_images/img000019.jpg,6,bedrooms_images
img003728.jpg,gf/bedrooms_images/img003728.jpg,6,bedrooms_images
img001200.jpg,gf/bedrooms_images/img001200.jpg,6,bedrooms_images
img001793.jpg,gf/bedrooms_images/img001793.jpg,6,bedrooms_images
img003887.jpg,gf/bedrooms_images/img003887.jpg,6,bedrooms_images
img000160.jpg,gf/bedrooms_images/img000160.jpg,6,bedrooms_images
img000843.jpg,gf/bedrooms_images/img000843.jpg,6,bedrooms_images
img001634.jpg,gf/bedrooms_images/img001634.jpg,6,bedrooms_images
img003979.jpg,gf/bedrooms_images/img003979.jpg,6,bedrooms_images
img000891.jpg,gf/bedrooms_images/img000891.jpg,6,bedrooms_images
img002123.jpg,gf/bedrooms_images/img002123.jpg,6,bedrooms_images
img003533.jpg,gf/bedrooms_images/img003533.jpg,6,bedrooms_images
img000868.jpg,gf/bedrooms_images/img000868.jpg,6,bedrooms_images
img004895.jpg,gf/bedrooms_images/img004895.jpg,6,bedrooms_images
img003236.jpg,gf/bedrooms_images/img003236.jpg,6,bedrooms_images
img000576.jpg,gf/bedrooms_images/img000576.jpg,6,bedrooms_images
img004714.jpg,gf/bedrooms_images/img004714.jpg,6,bedrooms_images
img001601.jpg,gf/bedrooms_images/img001601.jpg,6,bedrooms_images
img001757.jpg,gf/bedrooms_images/img001757.jpg,6,bedrooms_images
img002606.jpg,gf/bedrooms_images/img002606.jpg,6,bedrooms_images
img002345.jpg,gf/bedrooms_images/img002345.jpg,6,bedrooms_images
img001659.jpg,gf/bedrooms_images/img001659.jpg,6,bedrooms_images
img000274.jpg,gf/bedrooms_images/img000274.jpg,6,bedrooms_images
img001632.jpg,gf/bedrooms_images/img001632.jpg,6,bedrooms_images
img001372.jpg,gf/bedrooms_images/img001372.jpg,6,bedrooms_images
img004926.jpg,gf/bedrooms_images/img004926.jpg,6,bedrooms_images
img000082.jpg,gf/bedrooms_images/img000082.jpg,6,bedrooms_images
img000822.jpg,gf/bedrooms_images/img000822.jpg,6,bedrooms_images
img003123.jpg,gf/bedrooms_images/img003123.jpg,6,bedrooms_images
img003262.jpg,gf/bedrooms_images/img003262.jpg,6,bedrooms_images
img002366.jpg,gf/bedrooms_images/img002366.jpg,6,bedrooms_images
img001873.jpg,gf/bedrooms_images/img001873.jpg,6,bedrooms_images
img002602.jpg,gf/bedrooms_images/img002602.jpg,6,bedrooms_images
img001988.jpg,gf/bedrooms_images/img001988.jpg,6,bedrooms_images
img004842.jpg,gf/bedrooms_images/img004842.jpg,6,bedrooms_images
img004731.jpg,gf/bedrooms_images/img004731.jpg,6,bedrooms_images
img002744.jpg,gf/bedrooms_images/img002744.jpg,6,bedrooms_images
img003551.jpg,gf/bedrooms_images/img003551.jpg,6,bedrooms_images
img000313.jpg,gf/bedrooms_images/img000313.jpg,6,bedrooms_images
img002018.jpg,gf/bedrooms_images/img002018.jpg,6,bedrooms_images
img003100.jpg,gf/bedrooms_images/img003100.jpg,6,bedrooms_images
img003743.jpg,gf/bedrooms_images/img003743.jpg,6,bedrooms_images
img003805.jpg,gf/bedrooms_images/img003805.jpg,6,bedrooms_images
img004065.jpg,gf/bedrooms_images/img004065.jpg,6,bedrooms_images
img001938.jpg,gf/bedrooms_images/img001938.jpg,6,bedrooms_images
img004295.jpg,gf/bedrooms_images/img004295.jpg,6,bedrooms_images
img003344.jpg,gf/bedrooms_images/img003344.jpg,6,bedrooms_images
img000041.jpg,gf/bedrooms_images/img000041.jpg,6,bedrooms_images
img001025.jpg,gf/bedrooms_images/img001025.jpg,6,bedrooms_images
img003853.jpg,gf/bedrooms_images/img003853.jpg,6,bedrooms_images
img004062.jpg,gf/bedrooms_images/img004062.jpg,6,bedrooms_images
img001760.jpg,gf/bedrooms_images/img001760.jpg,6,bedrooms_images
img000782.jpg,gf/bedrooms_images/img000782.jpg,6,bedrooms_images
img003102.jpg,gf/bedrooms_images/img003102.jpg,6,bedrooms_images
img003747.jpg,gf/bedrooms_images/img003747.jpg,6,bedrooms_images
img003128.jpg,gf/bedrooms_images/img003128.jpg,6,bedrooms_images
img003189.jpg,gf/bedrooms_images/img003189.jpg,6,bedrooms_images
img000978.jpg,gf/bedrooms_images/img000978.jpg,6,bedrooms_images
img003934.jpg,gf/bedrooms_images/img003934.jpg,6,bedrooms_images
img000503.jpg,gf/bedrooms_images/img000503.jpg,6,bedrooms_images
img001383.jpg,gf/bedrooms_images/img001383.jpg,6,bedrooms_images
img002054.jpg,gf/bedrooms_images/img002054.jpg,6,bedrooms_images
img003457.jpg,gf/bedrooms_images/img003457.jpg,6,bedrooms_images
img001887.jpg,gf/bedrooms_images/img001887.jpg,6,bedrooms_images
img001866.jpg,gf/bedrooms_images/img001866.jpg,6,bedrooms_images
img003456.jpg,gf/bedrooms_images/img003456.jpg,6,bedrooms_images
img003310.jpg,gf/bedrooms_images/img003310.jpg,6,bedrooms_images
img001809.jpg,gf/bedrooms_images/img001809.jpg,6,bedrooms_images
img004765.jpg,gf/bedrooms_images/img004765.jpg,6,bedrooms_images
img001377.jpg,gf/bedrooms_images/img001377.jpg,6,bedrooms_images
img004559.jpg,gf/bedrooms_images/img004559.jpg,6,bedrooms_images
img000701.jpg,gf/bedrooms_images/img000701.jpg,6,bedrooms_images
img002006.jpg,gf/bedrooms_images/img002006.jpg,6,bedrooms_images
img000856.jpg,gf/bedrooms_images/img000856.jpg,6,bedrooms_images
img001840.jpg,gf/bedrooms_images/img001840.jpg,6,bedrooms_images
img003788.jpg,gf/bedrooms_images/img003788.jpg,6,bedrooms_images
img001778.jpg,gf/bedrooms_images/img001778.jpg,6,bedrooms_images
img004914.jpg,gf/bedrooms_images/img004914.jpg,6,bedrooms_images
img000203.jpg,gf/bedrooms_images/img000203.jpg,6,bedrooms_images
img001387.jpg,gf/bedrooms_images/img001387.jpg,6,bedrooms_images
img002890.jpg,gf/bedrooms_images/img002890.jpg,6,bedrooms_images
img004227.jpg,gf/bedrooms_images/img004227.jpg,6,bedrooms_images
img001718.jpg,gf/bedrooms_images/img001718.jpg,6,bedrooms_images
img003231.jpg,gf/bedrooms_images/img003231.jpg,6,bedrooms_images
img001797.jpg,gf/bedrooms_images/img001797.jpg,6,bedrooms_images
img002615.jpg,gf/bedrooms_images/img002615.jpg,6,bedrooms_images
img003884.jpg,gf/bedrooms_images/img003884.jpg,6,bedrooms_images
img003190.jpg,gf/bedrooms_images/img003190.jpg,6,bedrooms_images
img000889.jpg,gf/bedrooms_images/img000889.jpg,6,bedrooms_images
img004259.jpg,gf/bedrooms_images/img004259.jpg,6,bedrooms_images
img004534.jpg,gf/bedrooms_images/img004534.jpg,6,bedrooms_images
img001667.jpg,gf/bedrooms_images/img001667.jpg,6,bedrooms_images
img003870.jpg,gf/bedrooms_images/img003870.jpg,6,bedrooms_images
img003878.jpg,gf/bedrooms_images/img003878.jpg,6,bedrooms_images
img000681.jpg,gf/bedrooms_images/img000681.jpg,6,bedrooms_images
img003061.jpg,gf/bedrooms_images/img003061.jpg,6,bedrooms_images
img002090.jpg,gf/bedrooms_images/img002090.jpg,6,bedrooms_images
img001289.jpg,gf/bedrooms_images/img001289.jpg,6,bedrooms_images
img004950.jpg,gf/bedrooms_images/img004950.jpg,6,bedrooms_images
img003971.jpg,gf/bedrooms_images/img003971.jpg,6,bedrooms_images
img003528.jpg,gf/bedrooms_images/img003528.jpg,6,bedrooms_images
img001641.jpg,gf/bedrooms_images/img001641.jpg,6,bedrooms_images
img002050.jpg,gf/bedrooms_images/img002050.jpg,6,bedrooms_images
img004922.jpg,gf/bedrooms_images/img004922.jpg,6,bedrooms_images
img004645.jpg,gf/bedrooms_images/img004645.jpg,6,bedrooms_images
img003564.jpg,gf/bedrooms_images/img003564.jpg,6,bedrooms_images
img003748.jpg,gf/bedrooms_images/img003748.jpg,6,bedrooms_images
img003677.jpg,gf/bedrooms_images/img003677.jpg,6,bedrooms_images
img004333.jpg,gf/bedrooms_images/img004333.jpg,6,bedrooms_images
img000501.jpg,gf/bedrooms_images/img000501.jpg,6,bedrooms_images
img000758.jpg,gf/bedrooms_images/img000758.jpg,6,bedrooms_images
img000187.jpg,gf/bedrooms_images/img000187.jpg,6,bedrooms_images
img000134.jpg,gf/bedrooms_images/img000134.jpg,6,bedrooms_images
img003616.jpg,gf/bedrooms_images/img003616.jpg,6,bedrooms_images
img004637.jpg,gf/bedrooms_images/img004637.jpg,6,bedrooms_images
img001916.jpg,gf/bedrooms_images/img001916.jpg,6,bedrooms_images
img004614.jpg,gf/bedrooms_images/img004614.jpg,6,bedrooms_images
img003879.jpg,gf/bedrooms_images/img003879.jpg,6,bedrooms_images
img004752.jpg,gf/bedrooms_images/img004752.jpg,6,bedrooms_images
img001096.jpg,gf/bedrooms_images/img001096.jpg,6,bedrooms_images
img000851.jpg,gf/bedrooms_images/img000851.jpg,6,bedrooms_images
img000598.jpg,gf/bedrooms_images/img000598.jpg,6,bedrooms_images
img003585.jpg,gf/bedrooms_images/img003585.jpg,6,bedrooms_images
img004553.jpg,gf/bedrooms_images/img004553.jpg,6,bedrooms_images
img000523.jpg,gf/bedrooms_images/img000523.jpg,6,bedrooms_images
img000309.jpg,gf/bedrooms_images/img000309.jpg,6,bedrooms_images
img001616.jpg,gf/bedrooms_images/img001616.jpg,6,bedrooms_images
img002610.jpg,gf/bedrooms_images/img002610.jpg,6,bedrooms_images
img002581.jpg,gf/bedrooms_images/img002581.jpg,6,bedrooms_images
img002582.jpg,gf/bedrooms_images/img002582.jpg,6,bedrooms_images
img000992.jpg,gf/bedrooms_images/img000992.jpg,6,bedrooms_images
img000130.jpg,gf/bedrooms_images/img000130.jpg,6,bedrooms_images
img002408.jpg,gf/bedrooms_images/img002408.jpg,6,bedrooms_images
img004420.jpg,gf/bedrooms_images/img004420.jpg,6,bedrooms_images
img003998.jpg,gf/bedrooms_images/img003998.jpg,6,bedrooms_images
img001968.jpg,gf/bedrooms_images/img001968.jpg,6,bedrooms_images
img002660.jpg,gf/bedrooms_images/img002660.jpg,6,bedrooms_images
img001560.jpg,gf/bedrooms_images/img001560.jpg,6,bedrooms_images
img000145.jpg,gf/bedrooms_images/img000145.jpg,6,bedrooms_images
img002535.jpg,gf/bedrooms_images/img002535.jpg,6,bedrooms_images
img004533.jpg,gf/bedrooms_images/img004533.jpg,6,bedrooms_images
img000858.jpg,gf/bedrooms_images/img000858.jpg,6,bedrooms_images
img003340.jpg,gf/bedrooms_images/img003340.jpg,6,bedrooms_images
img003437.jpg,gf/bedrooms_images/img003437.jpg,6,bedrooms_images
img004660.jpg,gf/bedrooms_images/img004660.jpg,6,bedrooms_images
img004325.jpg,gf/bedrooms_images/img004325.jpg,6,bedrooms_images
img001178.jpg,gf/bedrooms_images/img001178.jpg,6,bedrooms_images
img001247.jpg,gf/bedrooms_images/img001247.jpg,6,bedrooms_images
img004430.jpg,gf/bedrooms_images/img004430.jpg,6,bedrooms_images
img003863.jpg,gf/bedrooms_images/img003863.jpg,6,bedrooms_images
img002792.jpg,gf/bedrooms_images/img002792.jpg,6,bedrooms_images
img003769.jpg,gf/bedrooms_images/img003769.jpg,6,bedrooms_images
img001292.jpg,gf/bedrooms_images/img001292.jpg,6,bedrooms_images
img001445.jpg,gf/bedrooms_images/img001445.jpg,6,bedrooms_images
img003648.jpg,gf/bedrooms_images/img003648.jpg,6,bedrooms_images
img003882.jpg,gf/bedrooms_images/img003882.jpg,6,bedrooms_images
img001461.jpg,gf/bedrooms_images/img001461.jpg,6,bedrooms_images
img002551.jpg,gf/bedrooms_images/img002551.jpg,6,bedrooms_images
img002238.jpg,gf/bedrooms_images/img002238.jpg,6,bedrooms_images
img000512.jpg,gf/bedrooms_images/img000512.jpg,6,bedrooms_images
img004627.jpg,gf/bedrooms_images/img004627.jpg,6,bedrooms_images
img002405.jpg,gf/bedrooms_images/img002405.jpg,6,bedrooms_images
img004183.jpg,gf/bedrooms_images/img004183.jpg,6,bedrooms_images
img001134.jpg,gf/bedrooms_images/img001134.jpg,6,bedrooms_images
img001848.jpg,gf/bedrooms_images/img001848.jpg,6,bedrooms_images
img002754.jpg,gf/bedrooms_images/img002754.jpg,6,bedrooms_images
img000220.jpg,gf/bedrooms_images/img000220.jpg,6,bedrooms_images
img000085.jpg,gf/bedrooms_images/img000085.jpg,6,bedrooms_images
img001079.jpg,gf/bedrooms_images/img001079.jpg,6,bedrooms_images
img000772.jpg,gf/bedrooms_images/img000772.jpg,6,bedrooms_images
img002241.jpg,gf/bedrooms_images/img002241.jpg,6,bedrooms_images
img000696.jpg,gf/bedrooms_images/img000696.jpg,6,bedrooms_images
img000844.jpg,gf/bedrooms_images/img000844.jpg,6,bedrooms_images
img002378.jpg,gf/bedrooms_images/img002378.jpg,6,bedrooms_images
img006719.jpg,gf/ffhq_images/img006719.jpg,6,ffhq_images
img009462.jpg,gf/ffhq_images/img009462.jpg,6,ffhq_images
img008934.jpg,gf/ffhq_images/img008934.jpg,6,ffhq_images
img006664.jpg,gf/ffhq_images/img006664.jpg,6,ffhq_images
img009657.jpg,gf/ffhq_images/img009657.jpg,6,ffhq_images
img008267.jpg,gf/ffhq_images/img008267.jpg,6,ffhq_images
img007472.jpg,gf/ffhq_images/img007472.jpg,6,ffhq_images
img009156.jpg,gf/ffhq_images/img009156.jpg,6,ffhq_images
img007223.jpg,gf/ffhq_images/img007223.jpg,6,ffhq_images
img006567.jpg,gf/ffhq_images/img006567.jpg,6,ffhq_images
img005918.jpg,gf/ffhq_images/img005918.jpg,6,ffhq_images
img007465.jpg,gf/ffhq_images/img007465.jpg,6,ffhq_images
img005083.jpg,gf/ffhq_images/img005083.jpg,6,ffhq_images
img009692.jpg,gf/ffhq_images/img009692.jpg,6,ffhq_images
img009460.jpg,gf/ffhq_images/img009460.jpg,6,ffhq_images
img007678.jpg,gf/ffhq_images/img007678.jpg,6,ffhq_images
img009245.jpg,gf/ffhq_images/img009245.jpg,6,ffhq_images
img006761.jpg,gf/ffhq_images/img006761.jpg,6,ffhq_images
img008087.jpg,gf/ffhq_images/img008087.jpg,6,ffhq_images
img007579.jpg,gf/ffhq_images/img007579.jpg,6,ffhq_images
img005112.jpg,gf/ffhq_images/img005112.jpg,6,ffhq_images
img005638.jpg,gf/ffhq_images/img005638.jpg,6,ffhq_images
img007288.jpg,gf/ffhq_images/img007288.jpg,6,ffhq_images
img007268.jpg,gf/ffhq_images/img007268.jpg,6,ffhq_images
img006600.jpg,gf/ffhq_images/img006600.jpg,6,ffhq_images
img007327.jpg,gf/ffhq_images/img007327.jpg,6,ffhq_images
img007081.jpg,gf/ffhq_images/img007081.jpg,6,ffhq_images
img005521.jpg,gf/ffhq_images/img005521.jpg,6,ffhq_images
img005169.jpg,gf/ffhq_images/img005169.jpg,6,ffhq_images
img009203.jpg,gf/ffhq_images/img009203.jpg,6,ffhq_images
img008958.jpg,gf/ffhq_images/img008958.jpg,6,ffhq_images
img005713.jpg,gf/ffhq_images/img005713.jpg,6,ffhq_images
img008444.jpg,gf/ffhq_images/img008444.jpg,6,ffhq_images
img007136.jpg,gf/ffhq_images/img007136.jpg,6,ffhq_images
img009585.jpg,gf/ffhq_images/img009585.jpg,6,ffhq_images
img006062.jpg,gf/ffhq_images/img006062.jpg,6,ffhq_images
img005672.jpg,gf/ffhq_images/img005672.jpg,6,ffhq_images
img008657.jpg,gf/ffhq_images/img008657.jpg,6,ffhq_images
img006829.jpg,gf/ffhq_images/img006829.jpg,6,ffhq_images
img005302.jpg,gf/ffhq_images/img005302.jpg,6,ffhq_images
img006098.jpg,gf/ffhq_images/img006098.jpg,6,ffhq_images
img008191.jpg,gf/ffhq_images/img008191.jpg,6,ffhq_images
img007846.jpg,gf/ffhq_images/img007846.jpg,6,ffhq_images
img009872.jpg,gf/ffhq_images/img009872.jpg,6,ffhq_images
img005761.jpg,gf/ffhq_images/img005761.jpg,6,ffhq_images
img005390.jpg,gf/ffhq_images/img005390.jpg,6,ffhq_images
img007578.jpg,gf/ffhq_images/img007578.jpg,6,ffhq_images
img007773.jpg,gf/ffhq_images/img007773.jpg,6,ffhq_images
img005999.jpg,gf/ffhq_images/img005999.jpg,6,ffhq_images
img007311.jpg,gf/ffhq_images/img007311.jpg,6,ffhq_images
img005611.jpg,gf/ffhq_images/img005611.jpg,6,ffhq_images
img006780.jpg,gf/ffhq_images/img006780.jpg,6,ffhq_images
img008928.jpg,gf/ffhq_images/img008928.jpg,6,ffhq_images
img009698.jpg,gf/ffhq_images/img009698.jpg,6,ffhq_images
img005383.jpg,gf/ffhq_images/img005383.jpg,6,ffhq_images
img008801.jpg,gf/ffhq_images/img008801.jpg,6,ffhq_images
img005745.jpg,gf/ffhq_images/img005745.jpg,6,ffhq_images
img007646.jpg,gf/ffhq_images/img007646.jpg,6,ffhq_images
img009539.jpg,gf/ffhq_images/img009539.jpg,6,ffhq_images
img007704.jpg,gf/ffhq_images/img007704.jpg,6,ffhq_images
img006634.jpg,gf/ffhq_images/img006634.jpg,6,ffhq_images
img005776.jpg,gf/ffhq_images/img005776.jpg,6,ffhq_images
img009421.jpg,gf/ffhq_images/img009421.jpg,6,ffhq_images
img005135.jpg,gf/ffhq_images/img005135.jpg,6,ffhq_images
img006248.jpg,gf/ffhq_images/img006248.jpg,6,ffhq_images
img008894.jpg,gf/ffhq_images/img008894.jpg,6,ffhq_images
img005949.jpg,gf/ffhq_images/img005949.jpg,6,ffhq_images
img006685.jpg,gf/ffhq_images/img006685.jpg,6,ffhq_images
img007685.jpg,gf/ffhq_images/img007685.jpg,6,ffhq_images
img009219.jpg,gf/ffhq_images/img009219.jpg,6,ffhq_images
img007993.jpg,gf/ffhq_images/img007993.jpg,6,ffhq_images
img006979.jpg,gf/ffhq_images/img006979.jpg,6,ffhq_images
img006627.jpg,gf/ffhq_images/img006627.jpg,6,ffhq_images
img009678.jpg,gf/ffhq_images/img009678.jpg,6,ffhq_images
img009897.jpg,gf/ffhq_images/img009897.jpg,6,ffhq_images
img005863.jpg,gf/ffhq_images/img005863.jpg,6,ffhq_images
img006768.jpg,gf/ffhq_images/img006768.jpg,6,ffhq_images
img008009.jpg,gf/ffhq_images/img008009.jpg,6,ffhq_images
img008276.jpg,gf/ffhq_images/img008276.jpg,6,ffhq_images
img009859.jpg,gf/ffhq_images/img009859.jpg,6,ffhq_images
img009215.jpg,gf/ffhq_images/img009215.jpg,6,ffhq_images
img009484.jpg,gf/ffhq_images/img009484.jpg,6,ffhq_images
img008221.jpg,gf/ffhq_images/img008221.jpg,6,ffhq_images
img005334.jpg,gf/ffhq_images/img005334.jpg,6,ffhq_images
img006128.jpg,gf/ffhq_images/img006128.jpg,6,ffhq_images
img008319.jpg,gf/ffhq_images/img008319.jpg,6,ffhq_images
img009575.jpg,gf/ffhq_images/img009575.jpg,6,ffhq_images
img007848.jpg,gf/ffhq_images/img007848.jpg,6,ffhq_images
img007698.jpg,gf/ffhq_images/img007698.jpg,6,ffhq_images
img006713.jpg,gf/ffhq_images/img006713.jpg,6,ffhq_images
img008637.jpg,gf/ffhq_images/img008637.jpg,6,ffhq_images
img006840.jpg,gf/ffhq_images/img006840.jpg,6,ffhq_images
img009712.jpg,gf/ffhq_images/img009712.jpg,6,ffhq_images
img007023.jpg,gf/ffhq_images/img007023.jpg,6,ffhq_images
img008501.jpg,gf/ffhq_images/img008501.jpg,6,ffhq_images
img007507.jpg,gf/ffhq_images/img007507.jpg,6,ffhq_images
img005434.jpg,gf/ffhq_images/img005434.jpg,6,ffhq_images
img005520.jpg,gf/ffhq_images/img005520.jpg,6,ffhq_images
img009808.jpg,gf/ffhq_images/img009808.jpg,6,ffhq_images
img008163.jpg,gf/ffhq_images/img008163.jpg,6,ffhq_images
img009027.jpg,gf/ffhq_images/img009027.jpg,6,ffhq_images
img006608.jpg,gf/ffhq_images/img006608.jpg,6,ffhq_images
img005595.jpg,gf/ffhq_images/img005595.jpg,6,ffhq_images
img006851.jpg,gf/ffhq_images/img006851.jpg,6,ffhq_images
img007204.jpg,gf/ffhq_images/img007204.jpg,6,ffhq_images
img006084.jpg,gf/ffhq_images/img006084.jpg,6,ffhq_images
img008554.jpg,gf/ffhq_images/img008554.jpg,6,ffhq_images
img006714.jpg,gf/ffhq_images/img006714.jpg,6,ffhq_images
img006723.jpg,gf/ffhq_images/img006723.jpg,6,ffhq_images
img007979.jpg,gf/ffhq_images/img007979.jpg,6,ffhq_images
img006120.jpg,gf/ffhq_images/img006120.jpg,6,ffhq_images
img008050.jpg,gf/ffhq_images/img008050.jpg,6,ffhq_images
img005953.jpg,gf/ffhq_images/img005953.jpg,6,ffhq_images
img007414.jpg,gf/ffhq_images/img007414.jpg,6,ffhq_images
img009380.jpg,gf/ffhq_images/img009380.jpg,6,ffhq_images
img005139.jpg,gf/ffhq_images/img005139.jpg,6,ffhq_images
img005171.jpg,gf/ffhq_images/img005171.jpg,6,ffhq_images
img006011.jpg,gf/ffhq_images/img006011.jpg,6,ffhq_images
img008966.jpg,gf/ffhq_images/img008966.jpg,6,ffhq_images
img006418.jpg,gf/ffhq_images/img006418.jpg,6,ffhq_images
img006571.jpg,gf/ffhq_images/img006571.jpg,6,ffhq_images
img008499.jpg,gf/ffhq_images/img008499.jpg,6,ffhq_images
img006230.jpg,gf/ffhq_images/img006230.jpg,6,ffhq_images
img006199.jpg,gf/ffhq_images/img006199.jpg,6,ffhq_images
img008923.jpg,gf/ffhq_images/img008923.jpg,6,ffhq_images
img005537.jpg,gf/ffhq_images/img005537.jpg,6,ffhq_images
img005032.jpg,gf/ffhq_images/img005032.jpg,6,ffhq_images
img006776.jpg,gf/ffhq_images/img006776.jpg,6,ffhq_images
img006367.jpg,gf/ffhq_images/img006367.jpg,6,ffhq_images
img007606.jpg,gf/ffhq_images/img007606.jpg,6,ffhq_images
img007353.jpg,gf/ffhq_images/img007353.jpg,6,ffhq_images
img009693.jpg,gf/ffhq_images/img009693.jpg,6,ffhq_images
img006455.jpg,gf/ffhq_images/img006455.jpg,6,ffhq_images
img008131.jpg,gf/ffhq_images/img008131.jpg,6,ffhq_images
img008236.jpg,gf/ffhq_images/img008236.jpg,6,ffhq_images
img006200.jpg,gf/ffhq_images/img006200.jpg,6,ffhq_images
img008063.jpg,gf/ffhq_images/img008063.jpg,6,ffhq_images
img009605.jpg,gf/ffhq_images/img009605.jpg,6,ffhq_images
img006927.jpg,gf/ffhq_images/img006927.jpg,6,ffhq_images
img005429.jpg,gf/ffhq_images/img005429.jpg,6,ffhq_images
img008479.jpg,gf/ffhq_images/img008479.jpg,6,ffhq_images
img006249.jpg,gf/ffhq_images/img006249.jpg,6,ffhq_images
img009378.jpg,gf/ffhq_images/img009378.jpg,6,ffhq_images
img005930.jpg,gf/ffhq_images/img005930.jpg,6,ffhq_images
img005470.jpg,gf/ffhq_images/img005470.jpg,6,ffhq_images
img006480.jpg,gf/ffhq_images/img006480.jpg,6,ffhq_images
img008613.jpg,gf/ffhq_images/img008613.jpg,6,ffhq_images
img007058.jpg,gf/ffhq_images/img007058.jpg,6,ffhq_images
img008546.jpg,gf/ffhq_images/img008546.jpg,6,ffhq_images
img008843.jpg,gf/ffhq_images/img008843.jpg,6,ffhq_images
img009732.jpg,gf/ffhq_images/img009732.jpg,6,ffhq_images
img005155.jpg,gf/ffhq_images/img005155.jpg,6,ffhq_images
img006264.jpg,gf/ffhq_images/img006264.jpg,6,ffhq_images
img007415.jpg,gf/ffhq_images/img007415.jpg,6,ffhq_images
img005386.jpg,gf/ffhq_images/img005386.jpg,6,ffhq_images
img006878.jpg,gf/ffhq_images/img006878.jpg,6,ffhq_images
img005353.jpg,gf/ffhq_images/img005353.jpg,6,ffhq_images
img005253.jpg,gf/ffhq_images/img005253.jpg,6,ffhq_images
img005508.jpg,gf/ffhq_images/img005508.jpg,6,ffhq_images
img007745.jpg,gf/ffhq_images/img007745.jpg,6,ffhq_images
img006117.jpg,gf/ffhq_images/img006117.jpg,6,ffhq_images
img005131.jpg,gf/ffhq_images/img005131.jpg,6,ffhq_images
img006980.jpg,gf/ffhq_images/img006980.jpg,6,ffhq_images
img005052.jpg,gf/ffhq_images/img005052.jpg,6,ffhq_images
img007832.jpg,gf/ffhq_images/img007832.jpg,6,ffhq_images
img007304.jpg,gf/ffhq_images/img007304.jpg,6,ffhq_images
img007320.jpg,gf/ffhq_images/img007320.jpg,6,ffhq_images
img006206.jpg,gf/ffhq_images/img006206.jpg,6,ffhq_images
img005859.jpg,gf/ffhq_images/img005859.jpg,6,ffhq_images
img008000.jpg,gf/ffhq_images/img008000.jpg,6,ffhq_images
img006201.jpg,gf/ffhq_images/img006201.jpg,6,ffhq_images
img008124.jpg,gf/ffhq_images/img008124.jpg,6,ffhq_images
img006353.jpg,gf/ffhq_images/img006353.jpg,6,ffhq_images
img005124.jpg,gf/ffhq_images/img005124.jpg,6,ffhq_images
img009881.jpg,gf/ffhq_images/img009881.jpg,6,ffhq_images
img009699.jpg,gf/ffhq_images/img009699.jpg,6,ffhq_images
img007990.jpg,gf/ffhq_images/img007990.jpg,6,ffhq_images
img008598.jpg,gf/ffhq_images/img008598.jpg,6,ffhq_images
img005433.jpg,gf/ffhq_images/img005433.jpg,6,ffhq_images
img005694.jpg,gf/ffhq_images/img005694.jpg,6,ffhq_images
img006457.jpg,gf/ffhq_images/img006457.jpg,6,ffhq_images
img008578.jpg,gf/ffhq_images/img008578.jpg,6,ffhq_images
img009736.jpg,gf/ffhq_images/img009736.jpg,6,ffhq_images
img009614.jpg,gf/ffhq_images/img009614.jpg,6,ffhq_images
img008709.jpg,gf/ffhq_images/img008709.jpg,6,ffhq_images
img007160.jpg,gf/ffhq_images/img007160.jpg,6,ffhq_images
img006068.jpg,gf/ffhq_images/img006068.jpg,6,ffhq_images
img006937.jpg,gf/ffhq_images/img006937.jpg,6,ffhq_images
img005703.jpg,gf/ffhq_images/img005703.jpg,6,ffhq_images
img007450.jpg,gf/ffhq_images/img007450.jpg,6,ffhq_images
img006273.jpg,gf/ffhq_images/img006273.jpg,6,ffhq_images
img009428.jpg,gf/ffhq_images/img009428.jpg,6,ffhq_images
img007310.jpg,gf/ffhq_images/img007310.jpg,6,ffhq_images
img007133.jpg,gf/ffhq_images/img007133.jpg,6,ffhq_images
img006496.jpg,gf/ffhq_images/img006496.jpg,6,ffhq_images
img007849.jpg,gf/ffhq_images/img007849.jpg,6,ffhq_images
img005726.jpg,gf/ffhq_images/img005726.jpg,6,ffhq_images
img008950.jpg,gf/ffhq_images/img008950.jpg,6,ffhq_images
img005242.jpg,gf/ffhq_images/img005242.jpg,6,ffhq_images
img008376.jpg,gf/ffhq_images/img008376.jpg,6,ffhq_images
img007756.jpg,gf/ffhq_images/img007756.jpg,6,ffhq_images
img007902.jpg,gf/ffhq_images/img007902.jpg,6,ffhq_images
img006171.jpg,gf/ffhq_images/img006171.jpg,6,ffhq_images
img008243.jpg,gf/ffhq_images/img008243.jpg,6,ffhq_images
img007729.jpg,gf/ffhq_images/img007729.jpg,6,ffhq_images
img008202.jpg,gf/ffhq_images/img008202.jpg,6,ffhq_images
img009758.jpg,gf/ffhq_images/img009758.jpg,6,ffhq_images
img009756.jpg,gf/ffhq_images/img009756.jpg,6,ffhq_images
img005108.jpg,gf/ffhq_images/img005108.jpg,6,ffhq_images
img005376.jpg,gf/ffhq_images/img005376.jpg,6,ffhq_images
img005955.jpg,gf/ffhq_images/img005955.jpg,6,ffhq_images
img009903.jpg,gf/ffhq_images/img009903.jpg,6,ffhq_images
img008373.jpg,gf/ffhq_images/img008373.jpg,6,ffhq_images
img005451.jpg,gf/ffhq_images/img005451.jpg,6,ffhq_images
img008959.jpg,gf/ffhq_images/img008959.jpg,6,ffhq_images
img009899.jpg,gf/ffhq_images/img009899.jpg,6,ffhq_images
img006414.jpg,gf/ffhq_images/img006414.jpg,6,ffhq_images
img006415.jpg,gf/ffhq_images/img006415.jpg,6,ffhq_images
img008691.jpg,gf/ffhq_images/img008691.jpg,6,ffhq_images
img006311.jpg,gf/ffhq_images/img006311.jpg,6,ffhq_images
img007230.jpg,gf/ffhq_images/img007230.jpg,6,ffhq_images
img006187.jpg,gf/ffhq_images/img006187.jpg,6,ffhq_images
img008533.jpg,gf/ffhq_images/img008533.jpg,6,ffhq_images
img007157.jpg,gf/ffhq_images/img007157.jpg,6,ffhq_images
img009792.jpg,gf/ffhq_images/img009792.jpg,6,ffhq_images
img007546.jpg,gf/ffhq_images/img007546.jpg,6,ffhq_images
img009851.jpg,gf/ffhq_images/img009851.jpg,6,ffhq_images
img005867.jpg,gf/ffhq_images/img005867.jpg,6,ffhq_images
img006722.jpg,gf/ffhq_images/img006722.jpg,6,ffhq_images
img006857.jpg,gf/ffhq_images/img006857.jpg,6,ffhq_images
img007280.jpg,gf/ffhq_images/img007280.jpg,6,ffhq_images
img005805.jpg,gf/ffhq_images/img005805.jpg,6,ffhq_images
img007276.jpg,gf/ffhq_images/img007276.jpg,6,ffhq_images
img009149.jpg,gf/ffhq_images/img009149.jpg,6,ffhq_images
img006943.jpg,gf/ffhq_images/img006943.jpg,6,ffhq_images
img007241.jpg,gf/ffhq_images/img007241.jpg,6,ffhq_images
img007418.jpg,gf/ffhq_images/img007418.jpg,6,ffhq_images
img008134.jpg,gf/ffhq_images/img008134.jpg,6,ffhq_images
img008619.jpg,gf/ffhq_images/img008619.jpg,6,ffhq_images
img008899.jpg,gf/ffhq_images/img008899.jpg,6,ffhq_images
img006576.jpg,gf/ffhq_images/img006576.jpg,6,ffhq_images
img008652.jpg,gf/ffhq_images/img008652.jpg,6,ffhq_images
img007532.jpg,gf/ffhq_images/img007532.jpg,6,ffhq_images
img005492.jpg,gf/ffhq_images/img005492.jpg,6,ffhq_images
img008206.jpg,gf/ffhq_images/img008206.jpg,6,ffhq_images
img007723.jpg,gf/ffhq_images/img007723.jpg,6,ffhq_images
img007423.jpg,gf/ffhq_images/img007423.jpg,6,ffhq_images
img008165.jpg,gf/ffhq_images/img008165.jpg,6,ffhq_images
img009259.jpg,gf/ffhq_images/img009259.jpg,6,ffhq_images
img005895.jpg,gf/ffhq_images/img005895.jpg,6,ffhq_images
img008259.jpg,gf/ffhq_images/img008259.jpg,6,ffhq_images
img005871.jpg,gf/ffhq_images/img005871.jpg,6,ffhq_images
img005602.jpg,gf/ffhq_images/img005602.jpg,6,ffhq_images
img009526.jpg,gf/ffhq_images/img009526.jpg,6,ffhq_images
img008565.jpg,gf/ffhq_images/img008565.jpg,6,ffhq_images
img009564.jpg,gf/ffhq_images/img009564.jpg,6,ffhq_images
img007044.jpg,gf/ffhq_images/img007044.jpg,6,ffhq_images
img006606.jpg,gf/ffhq_images/img006606.jpg,6,ffhq_images
img007053.jpg,gf/ffhq_images/img007053.jpg,6,ffhq_images
img005768.jpg,gf/ffhq_images/img005768.jpg,6,ffhq_images
img006918.jpg,gf/ffhq_images/img006918.jpg,6,ffhq_images
img007524.jpg,gf/ffhq_images/img007524.jpg,6,ffhq_images
img009480.jpg,gf/ffhq_images/img009480.jpg,6,ffhq_images
img009140.jpg,gf/ffhq_images/img009140.jpg,6,ffhq_images
img005263.jpg,gf/ffhq_images/img005263.jpg,6,ffhq_images
img005457.jpg,gf/ffhq_images/img005457.jpg,6,ffhq_images
img006967.jpg,gf/ffhq_images/img006967.jpg,6,ffhq_images
img007611.jpg,gf/ffhq_images/img007611.jpg,6,ffhq_images
img007291.jpg,gf/ffhq_images/img007291.jpg,6,ffhq_images
img007492.jpg,gf/ffhq_images/img007492.jpg,6,ffhq_images
img006139.jpg,gf/ffhq_images/img006139.jpg,6,ffhq_images
img007024.jpg,gf/ffhq_images/img007024.jpg,6,ffhq_images
img006763.jpg,gf/ffhq_images/img006763.jpg,6,ffhq_images
img008378.jpg,gf/ffhq_images/img008378.jpg,6,ffhq_images
img007766.jpg,gf/ffhq_images/img007766.jpg,6,ffhq_images
img005360.jpg,gf/ffhq_images/img005360.jpg,6,ffhq_images
img006507.jpg,gf/ffhq_images/img006507.jpg,6,ffhq_images
img005597.jpg,gf/ffhq_images/img005597.jpg,6,ffhq_images
img005008.jpg,gf/ffhq_images/img005008.jpg,6,ffhq_images
img009243.jpg,gf/ffhq_images/img009243.jpg,6,ffhq_images
img007825.jpg,gf/ffhq_images/img007825.jpg,6,ffhq_images
img005446.jpg,gf/ffhq_images/img005446.jpg,6,ffhq_images
img005818.jpg,gf/ffhq_images/img005818.jpg,6,ffhq_images
img005001.jpg,gf/ffhq_images/img005001.jpg,6,ffhq_images
img005739.jpg,gf/ffhq_images/img005739.jpg,6,ffhq_images
img008510.jpg,gf/ffhq_images/img008510.jpg,6,ffhq_images
img005109.jpg,gf/ffhq_images/img005109.jpg,6,ffhq_images
img006779.jpg,gf/ffhq_images/img006779.jpg,6,ffhq_images
img007517.jpg,gf/ffhq_images/img007517.jpg,6,ffhq_images
img007357.jpg,gf/ffhq_images/img007357.jpg,6,ffhq_images
img006370.jpg,gf/ffhq_images/img006370.jpg,6,ffhq_images
img005154.jpg,gf/ffhq_images/img005154.jpg,6,ffhq_images
img007401.jpg,gf/ffhq_images/img007401.jpg,6,ffhq_images
img005625.jpg,gf/ffhq_images/img005625.jpg,6,ffhq_images
img005201.jpg,gf/ffhq_images/img005201.jpg,6,ffhq_images
img008897.jpg,gf/ffhq_images/img008897.jpg,6,ffhq_images
img005362.jpg,gf/ffhq_images/img005362.jpg,6,ffhq_images
img009052.jpg,gf/ffhq_images/img009052.jpg,6,ffhq_images
img009536.jpg,gf/ffhq_images/img009536.jpg,6,ffhq_images
img005847.jpg,gf/ffhq_images/img005847.jpg,6,ffhq_images
img007057.jpg,gf/ffhq_images/img007057.jpg,6,ffhq_images
img009342.jpg,gf/ffhq_images/img009342.jpg,6,ffhq_images
img005853.jpg,gf/ffhq_images/img005853.jpg,6,ffhq_images
img009888.jpg,gf/ffhq_images/img009888.jpg,6,ffhq_images
img009789.jpg,gf/ffhq_images/img009789.jpg,6,ffhq_images
img007981.jpg,gf/ffhq_images/img007981.jpg,6,ffhq_images
img008653.jpg,gf/ffhq_images/img008653.jpg,6,ffhq_images
img008189.jpg,gf/ffhq_images/img008189.jpg,6,ffhq_images
img006762.jpg,gf/ffhq_images/img006762.jpg,6,ffhq_images
img007921.jpg,gf/ffhq_images/img007921.jpg,6,ffhq_images
img009747.jpg,gf/ffhq_images/img009747.jpg,6,ffhq_images
img005958.jpg,gf/ffhq_images/img005958.jpg,6,ffhq_images
img007808.jpg,gf/ffhq_images/img007808.jpg,6,ffhq_images
img009450.jpg,gf/ffhq_images/img009450.jpg,6,ffhq_images
img007477.jpg,gf/ffhq_images/img007477.jpg,6,ffhq_images
img008645.jpg,gf/ffhq_images/img008645.jpg,6,ffhq_images
img005481.jpg,gf/ffhq_images/img005481.jpg,6,ffhq_images
img007202.jpg,gf/ffhq_images/img007202.jpg,6,ffhq_images
img005910.jpg,gf/ffhq_images/img005910.jpg,6,ffhq_images
img008682.jpg,gf/ffhq_images/img008682.jpg,6,ffhq_images
img007299.jpg,gf/ffhq_images/img007299.jpg,6,ffhq_images
img005883.jpg,gf/ffhq_images/img005883.jpg,6,ffhq_images
img005538.jpg,gf/ffhq_images/img005538.jpg,6,ffhq_images
img005961.jpg,gf/ffhq_images/img005961.jpg,6,ffhq_images
img006053.jpg,gf/ffhq_images/img006053.jpg,6,ffhq_images
img006333.jpg,gf/ffhq_images/img006333.jpg,6,ffhq_images
img007488.jpg,gf/ffhq_images/img007488.jpg,6,ffhq_images
img006395.jpg,gf/ffhq_images/img006395.jpg,6,ffhq_images
img009412.jpg,gf/ffhq_images/img009412.jpg,6,ffhq_images
img007095.jpg,gf/ffhq_images/img007095.jpg,6,ffhq_images
img008788.jpg,gf/ffhq_images/img008788.jpg,6,ffhq_images
img005764.jpg,gf/ffhq_images/img005764.jpg,6,ffhq_images
img007735.jpg,gf/ffhq_images/img007735.jpg,6,ffhq_images
img005392.jpg,gf/ffhq_images/img005392.jpg,6,ffhq_images
img005975.jpg,gf/ffhq_images/img005975.jpg,6,ffhq_images
img007819.jpg,gf/ffhq_images/img007819.jpg,6,ffhq_images
img006144.jpg,gf/ffhq_images/img006144.jpg,6,ffhq_images
img009457.jpg,gf/ffhq_images/img009457.jpg,6,ffhq_images
img009566.jpg,gf/ffhq_images/img009566.jpg,6,ffhq_images
img008413.jpg,gf/ffhq_images/img008413.jpg,6,ffhq_images
img009600.jpg,gf/ffhq_images/img009600.jpg,6,ffhq_images
img008989.jpg,gf/ffhq_images/img008989.jpg,6,ffhq_images
img006076.jpg,gf/ffhq_images/img006076.jpg,6,ffhq_images
img005664.jpg,gf/ffhq_images/img005664.jpg,6,ffhq_images
img008723.jpg,gf/ffhq_images/img008723.jpg,6,ffhq_images
img007953.jpg,gf/ffhq_images/img007953.jpg,6,ffhq_images
img007453.jpg,gf/ffhq_images/img007453.jpg,6,ffhq_images
img006049.jpg,gf/ffhq_images/img006049.jpg,6,ffhq_images
img005497.jpg,gf/ffhq_images/img005497.jpg,6,ffhq_images
img008886.jpg,gf/ffhq_images/img008886.jpg,6,ffhq_images
img007290.jpg,gf/ffhq_images/img007290.jpg,6,ffhq_images
img005828.jpg,gf/ffhq_images/img005828.jpg,6,ffhq_images
img009943.jpg,gf/ffhq_images/img009943.jpg,6,ffhq_images
img008329.jpg,gf/ffhq_images/img008329.jpg,6,ffhq_images
img007189.jpg,gf/ffhq_images/img007189.jpg,6,ffhq_images
img007934.jpg,gf/ffhq_images/img007934.jpg,6,ffhq_images
img005799.jpg,gf/ffhq_images/img005799.jpg,6,ffhq_images
img006034.jpg,gf/ffhq_images/img006034.jpg,6,ffhq_images
img008965.jpg,gf/ffhq_images/img008965.jpg,6,ffhq_images
img008957.jpg,gf/ffhq_images/img008957.jpg,6,ffhq_images
img009298.jpg,gf/ffhq_images/img009298.jpg,6,ffhq_images
img005324.jpg,gf/ffhq_images/img005324.jpg,6,ffhq_images
img008817.jpg,gf/ffhq_images/img008817.jpg,6,ffhq_images
img006443.jpg,gf/ffhq_images/img006443.jpg,6,ffhq_images
img007844.jpg,gf/ffhq_images/img007844.jpg,6,ffhq_images
img009296.jpg,gf/ffhq_images/img009296.jpg,6,ffhq_images
img008531.jpg,gf/ffhq_images/img008531.jpg,6,ffhq_images
img005003.jpg,gf/ffhq_images/img005003.jpg,6,ffhq_images
img007413.jpg,gf/ffhq_images/img007413.jpg,6,ffhq_images
img007892.jpg,gf/ffhq_images/img007892.jpg,6,ffhq_images
img009041.jpg,gf/ffhq_images/img009041.jpg,6,ffhq_images
img005336.jpg,gf/ffhq_images/img005336.jpg,6,ffhq_images
img009674.jpg,gf/ffhq_images/img009674.jpg,6,ffhq_images
img005133.jpg,gf/ffhq_images/img005133.jpg,6,ffhq_images
img008127.jpg,gf/ffhq_images/img008127.jpg,6,ffhq_images
img006374.jpg,gf/ffhq_images/img006374.jpg,6,ffhq_images
img008631.jpg,gf/ffhq_images/img008631.jpg,6,ffhq_images
img007560.jpg,gf/ffhq_images/img007560.jpg,6,ffhq_images
img005224.jpg,gf/ffhq_images/img005224.jpg,6,ffhq_images
img008495.jpg,gf/ffhq_images/img008495.jpg,6,ffhq_images
img009986.jpg,gf/ffhq_images/img009986.jpg,6,ffhq_images
img006357.jpg,gf/ffhq_images/img006357.jpg,6,ffhq_images
img008170.jpg,gf/ffhq_images/img008170.jpg,6,ffhq_images
img006202.jpg,gf/ffhq_images/img006202.jpg,6,ffhq_images
img005312.jpg,gf/ffhq_images/img005312.jpg,6,ffhq_images
img006157.jpg,gf/ffhq_images/img006157.jpg,6,ffhq_images
img009991.jpg,gf/ffhq_images/img009991.jpg,6,ffhq_images
img007619.jpg,gf/ffhq_images/img007619.jpg,6,ffhq_images
img005380.jpg,gf/ffhq_images/img005380.jpg,6,ffhq_images
img005455.jpg,gf/ffhq_images/img005455.jpg,6,ffhq_images
img007878.jpg,gf/ffhq_images/img007878.jpg,6,ffhq_images
img008962.jpg,gf/ffhq_images/img008962.jpg,6,ffhq_images
img008365.jpg,gf/ffhq_images/img008365.jpg,6,ffhq_images
img008015.jpg,gf/ffhq_images/img008015.jpg,6,ffhq_images
img006896.jpg,gf/ffhq_images/img006896.jpg,6,ffhq_images
img006952.jpg,gf/ffhq_images/img006952.jpg,6,ffhq_images
img005134.jpg,gf/ffhq_images/img005134.jpg,6,ffhq_images
img008409.jpg,gf/ffhq_images/img008409.jpg,6,ffhq_images
img007125.jpg,gf/ffhq_images/img007125.jpg,6,ffhq_images
img009820.jpg,gf/ffhq_images/img009820.jpg,6,ffhq_images
img009830.jpg,gf/ffhq_images/img009830.jpg,6,ffhq_images
img005825.jpg,gf/ffhq_images/img005825.jpg,6,ffhq_images
img007457.jpg,gf/ffhq_images/img007457.jpg,6,ffhq_images
img007937.jpg,gf/ffhq_images/img007937.jpg,6,ffhq_images
img008067.jpg,gf/ffhq_images/img008067.jpg,6,ffhq_images
img008798.jpg,gf/ffhq_images/img008798.jpg,6,ffhq_images
img005613.jpg,gf/ffhq_images/img005613.jpg,6,ffhq_images
img006995.jpg,gf/ffhq_images/img006995.jpg,6,ffhq_images
img006394.jpg,gf/ffhq_images/img006394.jpg,6,ffhq_images
img006303.jpg,gf/ffhq_images/img006303.jpg,6,ffhq_images
img009774.jpg,gf/ffhq_images/img009774.jpg,6,ffhq_images
img005790.jpg,gf/ffhq_images/img005790.jpg,6,ffhq_images
img009621.jpg,gf/ffhq_images/img009621.jpg,6,ffhq_images
img008203.jpg,gf/ffhq_images/img008203.jpg,6,ffhq_images
img008377.jpg,gf/ffhq_images/img008377.jpg,6,ffhq_images
img008591.jpg,gf/ffhq_images/img008591.jpg,6,ffhq_images
img008910.jpg,gf/ffhq_images/img008910.jpg,6,ffhq_images
img005351.jpg,gf/ffhq_images/img005351.jpg,6,ffhq_images
img005974.jpg,gf/ffhq_images/img005974.jpg,6,ffhq_images
img005330.jpg,gf/ffhq_images/img005330.jpg,6,ffhq_images
img006646.jpg,gf/ffhq_images/img006646.jpg,6,ffhq_images
img009947.jpg,gf/ffhq_images/img009947.jpg,6,ffhq_images
img006843.jpg,gf/ffhq_images/img006843.jpg,6,ffhq_images
img008539.jpg,gf/ffhq_images/img008539.jpg,6,ffhq_images
img008340.jpg,gf/ffhq_images/img008340.jpg,6,ffhq_images
img006048.jpg,gf/ffhq_images/img006048.jpg,6,ffhq_images
img006100.jpg,gf/ffhq_images/img006100.jpg,6,ffhq_images
img009734.jpg,gf/ffhq_images/img009734.jpg,6,ffhq_images
img006727.jpg,gf/ffhq_images/img006727.jpg,6,ffhq_images
img008032.jpg,gf/ffhq_images/img008032.jpg,6,ffhq_images
img007511.jpg,gf/ffhq_images/img007511.jpg,6,ffhq_images
img008068.jpg,gf/ffhq_images/img008068.jpg,6,ffhq_images
img006905.jpg,gf/ffhq_images/img006905.jpg,6,ffhq_images
img006767.jpg,gf/ffhq_images/img006767.jpg,6,ffhq_images
img006340.jpg,gf/ffhq_images/img006340.jpg,6,ffhq_images
img005172.jpg,gf/ffhq_images/img005172.jpg,6,ffhq_images
img008238.jpg,gf/ffhq_images/img008238.jpg,6,ffhq_images
img008593.jpg,gf/ffhq_images/img008593.jpg,6,ffhq_images
img009810.jpg,gf/ffhq_images/img009810.jpg,6,ffhq_images
img006090.jpg,gf/ffhq_images/img006090.jpg,6,ffhq_images
img006268.jpg,gf/ffhq_images/img006268.jpg,6,ffhq_images
img007795.jpg,gf/ffhq_images/img007795.jpg,6,ffhq_images
img005007.jpg,gf/ffhq_images/img005007.jpg,6,ffhq_images
img005839.jpg,gf/ffhq_images/img005839.jpg,6,ffhq_images
img009691.jpg,gf/ffhq_images/img009691.jpg,6,ffhq_images
img006283.jpg,gf/ffhq_images/img006283.jpg,6,ffhq_images
img008807.jpg,gf/ffhq_images/img008807.jpg,6,ffhq_images
img007254.jpg,gf/ffhq_images/img007254.jpg,6,ffhq_images
img007008.jpg,gf/ffhq_images/img007008.jpg,6,ffhq_images
img009854.jpg,gf/ffhq_images/img009854.jpg,6,ffhq_images
img008315.jpg,gf/ffhq_images/img008315.jpg,6,ffhq_images
img005830.jpg,gf/ffhq_images/img005830.jpg,6,ffhq_images
img009790.jpg,gf/ffhq_images/img009790.jpg,6,ffhq_images
img009400.jpg,gf/ffhq_images/img009400.jpg,6,ffhq_images
img006753.jpg,gf/ffhq_images/img006753.jpg,6,ffhq_images
img008002.jpg,gf/ffhq_images/img008002.jpg,6,ffhq_images
img006401.jpg,gf/ffhq_images/img006401.jpg,6,ffhq_images
img007348.jpg,gf/ffhq_images/img007348.jpg,6,ffhq_images
img007066.jpg,gf/ffhq_images/img007066.jpg,6,ffhq_images
img005751.jpg,gf/ffhq_images/img005751.jpg,6,ffhq_images
img007433.jpg,gf/ffhq_images/img007433.jpg,6,ffhq_images
img006836.jpg,gf/ffhq_images/img006836.jpg,6,ffhq_images
img008392.jpg,gf/ffhq_images/img008392.jpg,6,ffhq_images
img005405.jpg,gf/ffhq_images/img005405.jpg,6,ffhq_images
img009661.jpg,gf/ffhq_images/img009661.jpg,6,ffhq_images
img008138.jpg,gf/ffhq_images/img008138.jpg,6,ffhq_images
img007677.jpg,gf/ffhq_images/img007677.jpg,6,ffhq_images
img007567.jpg,gf/ffhq_images/img007567.jpg,6,ffhq_images
img007279.jpg,gf/ffhq_images/img007279.jpg,6,ffhq_images
img008169.jpg,gf/ffhq_images/img008169.jpg,6,ffhq_images
img005291.jpg,gf/ffhq_images/img005291.jpg,6,ffhq_images
img009823.jpg,gf/ffhq_images/img009823.jpg,6,ffhq_images
img007487.jpg,gf/ffhq_images/img007487.jpg,6,ffhq_images
img009121.jpg,gf/ffhq_images/img009121.jpg,6,ffhq_images
img008585.jpg,gf/ffhq_images/img008585.jpg,6,ffhq_images
img008417.jpg,gf/ffhq_images/img008417.jpg,6,ffhq_images
img007900.jpg,gf/ffhq_images/img007900.jpg,6,ffhq_images
img007502.jpg,gf/ffhq_images/img007502.jpg,6,ffhq_images
img005938.jpg,gf/ffhq_images/img005938.jpg,6,ffhq_images
img005313.jpg,gf/ffhq_images/img005313.jpg,6,ffhq_images
img007164.jpg,gf/ffhq_images/img007164.jpg,6,ffhq_images
img006697.jpg,gf/ffhq_images/img006697.jpg,6,ffhq_images
img007041.jpg,gf/ffhq_images/img007041.jpg,6,ffhq_images
img007489.jpg,gf/ffhq_images/img007489.jpg,6,ffhq_images
img009353.jpg,gf/ffhq_images/img009353.jpg,6,ffhq_images
img005269.jpg,gf/ffhq_images/img005269.jpg,6,ffhq_images
img005967.jpg,gf/ffhq_images/img005967.jpg,6,ffhq_images
img008891.jpg,gf/ffhq_images/img008891.jpg,6,ffhq_images
img006330.jpg,gf/ffhq_images/img006330.jpg,6,ffhq_images
img006578.jpg,gf/ffhq_images/img006578.jpg,6,ffhq_images
img009931.jpg,gf/ffhq_images/img009931.jpg,6,ffhq_images
img006985.jpg,gf/ffhq_images/img006985.jpg,6,ffhq_images
img007270.jpg,gf/ffhq_images/img007270.jpg,6,ffhq_images
img007872.jpg,gf/ffhq_images/img007872.jpg,6,ffhq_images
img008862.jpg,gf/ffhq_images/img008862.jpg,6,ffhq_images
img005189.jpg,gf/ffhq_images/img005189.jpg,6,ffhq_images
img009404.jpg,gf/ffhq_images/img009404.jpg,6,ffhq_images
img009508.jpg,gf/ffhq_images/img009508.jpg,6,ffhq_images
img009195.jpg,gf/ffhq_images/img009195.jpg,6,ffhq_images
img005186.jpg,gf/ffhq_images/img005186.jpg,6,ffhq_images
img006923.jpg,gf/ffhq_images/img006923.jpg,6,ffhq_images
img005834.jpg,gf/ffhq_images/img005834.jpg,6,ffhq_images
img008791.jpg,gf/ffhq_images/img008791.jpg,6,ffhq_images
img009962.jpg,gf/ffhq_images/img009962.jpg,6,ffhq_images
img009409.jpg,gf/ffhq_images/img009409.jpg,6,ffhq_images
img009376.jpg,gf/ffhq_images/img009376.jpg,6,ffhq_images
img007720.jpg,gf/ffhq_images/img007720.jpg,6,ffhq_images
img008528.jpg,gf/ffhq_images/img008528.jpg,6,ffhq_images
img006618.jpg,gf/ffhq_images/img006618.jpg,6,ffhq_images
img009940.jpg,gf/ffhq_images/img009940.jpg,6,ffhq_images
img005150.jpg,gf/ffhq_images/img005150.jpg,6,ffhq_images
img006681.jpg,gf/ffhq_images/img006681.jpg,6,ffhq_images
img007484.jpg,gf/ffhq_images/img007484.jpg,6,ffhq_images
img007568.jpg,gf/ffhq_images/img007568.jpg,6,ffhq_images
img006383.jpg,gf/ffhq_images/img006383.jpg,6,ffhq_images
img005743.jpg,gf/ffhq_images/img005743.jpg,6,ffhq_images
img009099.jpg,gf/ffhq_images/img009099.jpg,6,ffhq_images
img007858.jpg,gf/ffhq_images/img007858.jpg,6,ffhq_images
img005604.jpg,gf/ffhq_images/img005604.jpg,6,ffhq_images
img008734.jpg,gf/ffhq_images/img008734.jpg,6,ffhq_images
img007707.jpg,gf/ffhq_images/img007707.jpg,6,ffhq_images
img007797.jpg,gf/ffhq_images/img007797.jpg,6,ffhq_images
img008492.jpg,gf/ffhq_images/img008492.jpg,6,ffhq_images
img008003.jpg,gf/ffhq_images/img008003.jpg,6,ffhq_images
img006381.jpg,gf/ffhq_images/img006381.jpg,6,ffhq_images
img008125.jpg,gf/ffhq_images/img008125.jpg,6,ffhq_images
img007497.jpg,gf/ffhq_images/img007497.jpg,6,ffhq_images
img006038.jpg,gf/ffhq_images/img006038.jpg,6,ffhq_images
img005084.jpg,gf/ffhq_images/img005084.jpg,6,ffhq_images
img009583.jpg,gf/ffhq_images/img009583.jpg,6,ffhq_images
img008792.jpg,gf/ffhq_images/img008792.jpg,6,ffhq_images
img009671.jpg,gf/ffhq_images/img009671.jpg,6,ffhq_images
img005416.jpg,gf/ffhq_images/img005416.jpg,6,ffhq_images
img005998.jpg,gf/ffhq_images/img005998.jpg,6,ffhq_images
img006089.jpg,gf/ffhq_images/img006089.jpg,6,ffhq_images
img005123.jpg,gf/ffhq_images/img005123.jpg,6,ffhq_images
img007158.jpg,gf/ffhq_images/img007158.jpg,6,ffhq_images
img006427.jpg,gf/ffhq_images/img006427.jpg,6,ffhq_images
img007659.jpg,gf/ffhq_images/img007659.jpg,6,ffhq_images
img006736.jpg,gf/ffhq_images/img006736.jpg,6,ffhq_images
img006554.jpg,gf/ffhq_images/img006554.jpg,6,ffhq_images
img009362.jpg,gf/ffhq_images/img009362.jpg,6,ffhq_images
img008364.jpg,gf/ffhq_images/img008364.jpg,6,ffhq_images
img007840.jpg,gf/ffhq_images/img007840.jpg,6,ffhq_images
img009870.jpg,gf/ffhq_images/img009870.jpg,6,ffhq_images
img008730.jpg,gf/ffhq_images/img008730.jpg,6,ffhq_images
img008778.jpg,gf/ffhq_images/img008778.jpg,6,ffhq_images
img005545.jpg,gf/ffhq_images/img005545.jpg,6,ffhq_images
img005682.jpg,gf/ffhq_images/img005682.jpg,6,ffhq_images
img006870.jpg,gf/ffhq_images/img006870.jpg,6,ffhq_images
img006472.jpg,gf/ffhq_images/img006472.jpg,6,ffhq_images
img007552.jpg,gf/ffhq_images/img007552.jpg,6,ffhq_images
img009270.jpg,gf/ffhq_images/img009270.jpg,6,ffhq_images
img009619.jpg,gf/ffhq_images/img009619.jpg,6,ffhq_images
img007017.jpg,gf/ffhq_images/img007017.jpg,6,ffhq_images
img008681.jpg,gf/ffhq_images/img008681.jpg,6,ffhq_images
img006661.jpg,gf/ffhq_images/img006661.jpg,6,ffhq_images
img005165.jpg,gf/ffhq_images/img005165.jpg,6,ffhq_images
img007550.jpg,gf/ffhq_images/img007550.jpg,6,ffhq_images
img006301.jpg,gf/ffhq_images/img006301.jpg,6,ffhq_images
img005803.jpg,gf/ffhq_images/img005803.jpg,6,ffhq_images
img005164.jpg,gf/ffhq_images/img005164.jpg,6,ffhq_images
img009548.jpg,gf/ffhq_images/img009548.jpg,6,ffhq_images
img005605.jpg,gf/ffhq_images/img005605.jpg,6,ffhq_images
img007446.jpg,gf/ffhq_images/img007446.jpg,6,ffhq_images
img006087.jpg,gf/ffhq_images/img006087.jpg,6,ffhq_images
img007845.jpg,gf/ffhq_images/img007845.jpg,6,ffhq_images
img005278.jpg,gf/ffhq_images/img005278.jpg,6,ffhq_images
img007179.jpg,gf/ffhq_images/img007179.jpg,6,ffhq_images
img009573.jpg,gf/ffhq_images/img009573.jpg,6,ffhq_images
img009429.jpg,gf/ffhq_images/img009429.jpg,6,ffhq_images
img006642.jpg,gf/ffhq_images/img006642.jpg,6,ffhq_images
img008743.jpg,gf/ffhq_images/img008743.jpg,6,ffhq_images
img006106.jpg,gf/ffhq_images/img006106.jpg,6,ffhq_images
img005640.jpg,gf/ffhq_images/img005640.jpg,6,ffhq_images
img007909.jpg,gf/ffhq_images/img007909.jpg,6,ffhq_images
img007987.jpg,gf/ffhq_images/img007987.jpg,6,ffhq_images
img005651.jpg,gf/ffhq_images/img005651.jpg,6,ffhq_images
img006872.jpg,gf/ffhq_images/img006872.jpg,6,ffhq_images
img006947.jpg,gf/ffhq_images/img006947.jpg,6,ffhq_images
img005864.jpg,gf/ffhq_images/img005864.jpg,6,ffhq_images
img008938.jpg,gf/ffhq_images/img008938.jpg,6,ffhq_images
img005494.jpg,gf/ffhq_images/img005494.jpg,6,ffhq_images
img008371.jpg,gf/ffhq_images/img008371.jpg,6,ffhq_images
img009336.jpg,gf/ffhq_images/img009336.jpg,6,ffhq_images
img006360.jpg,gf/ffhq_images/img006360.jpg,6,ffhq_images
img009695.jpg,gf/ffhq_images/img009695.jpg,6,ffhq_images
img005996.jpg,gf/ffhq_images/img005996.jpg,6,ffhq_images
img007033.jpg,gf/ffhq_images/img007033.jpg,6,ffhq_images
img005858.jpg,gf/ffhq_images/img005858.jpg,6,ffhq_images
img006127.jpg,gf/ffhq_images/img006127.jpg,6,ffhq_images
img009470.jpg,gf/ffhq_images/img009470.jpg,6,ffhq_images
img007765.jpg,gf/ffhq_images/img007765.jpg,6,ffhq_images
img008352.jpg,gf/ffhq_images/img008352.jpg,6,ffhq_images
img005534.jpg,gf/ffhq_images/img005534.jpg,6,ffhq_images
img008925.jpg,gf/ffhq_images/img008925.jpg,6,ffhq_images
img009557.jpg,gf/ffhq_images/img009557.jpg,6,ffhq_images
img008518.jpg,gf/ffhq_images/img008518.jpg,6,ffhq_images
img005557.jpg,gf/ffhq_images/img005557.jpg,6,ffhq_images
img009982.jpg,gf/ffhq_images/img009982.jpg,6,ffhq_images
img007468.jpg,gf/ffhq_images/img007468.jpg,6,ffhq_images
img008683.jpg,gf/ffhq_images/img008683.jpg,6,ffhq_images
img005436.jpg,gf/ffhq_images/img005436.jpg,6,ffhq_images
img008198.jpg,gf/ffhq_images/img008198.jpg,6,ffhq_images
img006701.jpg,gf/ffhq_images/img006701.jpg,6,ffhq_images
img007618.jpg,gf/ffhq_images/img007618.jpg,6,ffhq_images
img005552.jpg,gf/ffhq_images/img005552.jpg,6,ffhq_images
img009338.jpg,gf/ffhq_images/img009338.jpg,6,ffhq_images
img005143.jpg,gf/ffhq_images/img005143.jpg,6,ffhq_images
img005031.jpg,gf/ffhq_images/img005031.jpg,6,ffhq_images
img006226.jpg,gf/ffhq_images/img006226.jpg,6,ffhq_images
img008146.jpg,gf/ffhq_images/img008146.jpg,6,ffhq_images
img005852.jpg,gf/ffhq_images/img005852.jpg,6,ffhq_images
img008744.jpg,gf/ffhq_images/img008744.jpg,6,ffhq_images
img009513.jpg,gf/ffhq_images/img009513.jpg,6,ffhq_images
img009472.jpg,gf/ffhq_images/img009472.jpg,6,ffhq_images
img006096.jpg,gf/ffhq_images/img006096.jpg,6,ffhq_images
img007755.jpg,gf/ffhq_images/img007755.jpg,6,ffhq_images
img006290.jpg,gf/ffhq_images/img006290.jpg,6,ffhq_images
img008629.jpg,gf/ffhq_images/img008629.jpg,6,ffhq_images
img007246.jpg,gf/ffhq_images/img007246.jpg,6,ffhq_images
img007496.jpg,gf/ffhq_images/img007496.jpg,6,ffhq_images
img009494.jpg,gf/ffhq_images/img009494.jpg,6,ffhq_images
img005483.jpg,gf/ffhq_images/img005483.jpg,6,ffhq_images
img008922.jpg,gf/ffhq_images/img008922.jpg,6,ffhq_images
img008829.jpg,gf/ffhq_images/img008829.jpg,6,ffhq_images
img009164.jpg,gf/ffhq_images/img009164.jpg,6,ffhq_images
img007547.jpg,gf/ffhq_images/img007547.jpg,6,ffhq_images
img007941.jpg,gf/ffhq_images/img007941.jpg,6,ffhq_images
img006682.jpg,gf/ffhq_images/img006682.jpg,6,ffhq_images
img007714.jpg,gf/ffhq_images/img007714.jpg,6,ffhq_images
img006877.jpg,gf/ffhq_images/img006877.jpg,6,ffhq_images
img006186.jpg,gf/ffhq_images/img006186.jpg,6,ffhq_images
img005368.jpg,gf/ffhq_images/img005368.jpg,6,ffhq_images
img008328.jpg,gf/ffhq_images/img008328.jpg,6,ffhq_images
img006579.jpg,gf/ffhq_images/img006579.jpg,6,ffhq_images
img008193.jpg,gf/ffhq_images/img008193.jpg,6,ffhq_images
img008056.jpg,gf/ffhq_images/img008056.jpg,6,ffhq_images
img007775.jpg,gf/ffhq_images/img007775.jpg,6,ffhq_images
img009455.jpg,gf/ffhq_images/img009455.jpg,6,ffhq_images
img008478.jpg,gf/ffhq_images/img008478.jpg,6,ffhq_images
img005099.jpg,gf/ffhq_images/img005099.jpg,6,ffhq_images
img007837.jpg,gf/ffhq_images/img007837.jpg,6,ffhq_images
img005585.jpg,gf/ffhq_images/img005585.jpg,6,ffhq_images
img009767.jpg,gf/ffhq_images/img009767.jpg,6,ffhq_images
img007625.jpg,gf/ffhq_images/img007625.jpg,6,ffhq_images
img005340.jpg,gf/ffhq_images/img005340.jpg,6,ffhq_images
img007404.jpg,gf/ffhq_images/img007404.jpg,6,ffhq_images
img009651.jpg,gf/ffhq_images/img009651.jpg,6,ffhq_images
img008693.jpg,gf/ffhq_images/img008693.jpg,6,ffhq_images
img009025.jpg,gf/ffhq_images/img009025.jpg,6,ffhq_images
img009800.jpg,gf/ffhq_images/img009800.jpg,6,ffhq_images
img005522.jpg,gf/ffhq_images/img005522.jpg,6,ffhq_images
img005884.jpg,gf/ffhq_images/img005884.jpg,6,ffhq_images
img006662.jpg,gf/ffhq_images/img006662.jpg,6,ffhq_images
img009043.jpg,gf/ffhq_images/img009043.jpg,6,ffhq_images
img007952.jpg,gf/ffhq_images/img007952.jpg,6,ffhq_images
img009843.jpg,gf/ffhq_images/img009843.jpg,6,ffhq_images
img007490.jpg,gf/ffhq_images/img007490.jpg,6,ffhq_images
img005295.jpg,gf/ffhq_images/img005295.jpg,6,ffhq_images
img008179.jpg,gf/ffhq_images/img008179.jpg,6,ffhq_images
img008600.jpg,gf/ffhq_images/img008600.jpg,6,ffhq_images
img009261.jpg,gf/ffhq_images/img009261.jpg,6,ffhq_images
img007804.jpg,gf/ffhq_images/img007804.jpg,6,ffhq_images
img005228.jpg,gf/ffhq_images/img005228.jpg,6,ffhq_images
img007792.jpg,gf/ffhq_images/img007792.jpg,6,ffhq_images
img006207.jpg,gf/ffhq_images/img006207.jpg,6,ffhq_images
img009131.jpg,gf/ffhq_images/img009131.jpg,6,ffhq_images
img008706.jpg,gf/ffhq_images/img008706.jpg,6,ffhq_images
img007950.jpg,gf/ffhq_images/img007950.jpg,6,ffhq_images
img008632.jpg,gf/ffhq_images/img008632.jpg,6,ffhq_images
img006094.jpg,gf/ffhq_images/img006094.jpg,6,ffhq_images
img008912.jpg,gf/ffhq_images/img008912.jpg,6,ffhq_images
img009447.jpg,gf/ffhq_images/img009447.jpg,6,ffhq_images
img007983.jpg,gf/ffhq_images/img007983.jpg,6,ffhq_images
img005513.jpg,gf/ffhq_images/img005513.jpg,6,ffhq_images
img008646.jpg,gf/ffhq_images/img008646.jpg,6,ffhq_images
img008130.jpg,gf/ffhq_images/img008130.jpg,6,ffhq_images
img005519.jpg,gf/ffhq_images/img005519.jpg,6,ffhq_images
img006960.jpg,gf/ffhq_images/img006960.jpg,6,ffhq_images
img006045.jpg,gf/ffhq_images/img006045.jpg,6,ffhq_images
img005826.jpg,gf/ffhq_images/img005826.jpg,6,ffhq_images
img009906.jpg,gf/ffhq_images/img009906.jpg,6,ffhq_images
img007734.jpg,gf/ffhq_images/img007734.jpg,6,ffhq_images
img008940.jpg,gf/ffhq_images/img008940.jpg,6,ffhq_images
img008295.jpg,gf/ffhq_images/img008295.jpg,6,ffhq_images
img007563.jpg,gf/ffhq_images/img007563.jpg,6,ffhq_images
img006778.jpg,gf/ffhq_images/img006778.jpg,6,ffhq_images
img005093.jpg,gf/ffhq_images/img005093.jpg,6,ffhq_images
img005107.jpg,gf/ffhq_images/img005107.jpg,6,ffhq_images
img006765.jpg,gf/ffhq_images/img006765.jpg,6,ffhq_images
img009359.jpg,gf/ffhq_images/img009359.jpg,6,ffhq_images
img009125.jpg,gf/ffhq_images/img009125.jpg,6,ffhq_images
img006184.jpg,gf/ffhq_images/img006184.jpg,6,ffhq_images
img008151.jpg,gf/ffhq_images/img008151.jpg,6,ffhq_images
img009852.jpg,gf/ffhq_images/img009852.jpg,6,ffhq_images
img007416.jpg,gf/ffhq_images/img007416.jpg,6,ffhq_images
img006834.jpg,gf/ffhq_images/img006834.jpg,6,ffhq_images
img007318.jpg,gf/ffhq_images/img007318.jpg,6,ffhq_images
img007604.jpg,gf/ffhq_images/img007604.jpg,6,ffhq_images
img005453.jpg,gf/ffhq_images/img005453.jpg,6,ffhq_images
img005675.jpg,gf/ffhq_images/img005675.jpg,6,ffhq_images
img008426.jpg,gf/ffhq_images/img008426.jpg,6,ffhq_images
img006282.jpg,gf/ffhq_images/img006282.jpg,6,ffhq_images
img005068.jpg,gf/ffhq_images/img005068.jpg,6,ffhq_images
img007881.jpg,gf/ffhq_images/img007881.jpg,6,ffhq_images
img007282.jpg,gf/ffhq_images/img007282.jpg,6,ffhq_images
img007554.jpg,gf/ffhq_images/img007554.jpg,6,ffhq_images
img005890.jpg,gf/ffhq_images/img005890.jpg,6,ffhq_images
img007365.jpg,gf/ffhq_images/img007365.jpg,6,ffhq_images
img007856.jpg,gf/ffhq_images/img007856.jpg,6,ffhq_images
img008671.jpg,gf/ffhq_images/img008671.jpg,6,ffhq_images
img006059.jpg,gf/ffhq_images/img006059.jpg,6,ffhq_images
img007648.jpg,gf/ffhq_images/img007648.jpg,6,ffhq_images
img009158.jpg,gf/ffhq_images/img009158.jpg,6,ffhq_images
img009646.jpg,gf/ffhq_images/img009646.jpg,6,ffhq_images
img008556.jpg,gf/ffhq_images/img008556.jpg,6,ffhq_images
img006416.jpg,gf/ffhq_images/img006416.jpg,6,ffhq_images
img008446.jpg,gf/ffhq_images/img008446.jpg,6,ffhq_images
img007478.jpg,gf/ffhq_images/img007478.jpg,6,ffhq_images
img007528.jpg,gf/ffhq_images/img007528.jpg,6,ffhq_images
img006651.jpg,gf/ffhq_images/img006651.jpg,6,ffhq_images
img008419.jpg,gf/ffhq_images/img008419.jpg,6,ffhq_images
img008584.jpg,gf/ffhq_images/img008584.jpg,6,ffhq_images
img005763.jpg,gf/ffhq_images/img005763.jpg,6,ffhq_images
img006614.jpg,gf/ffhq_images/img006614.jpg,6,ffhq_images
img005746.jpg,gf/ffhq_images/img005746.jpg,6,ffhq_images
img005254.jpg,gf/ffhq_images/img005254.jpg,6,ffhq_images
img006992.jpg,gf/ffhq_images/img006992.jpg,6,ffhq_images
img005702.jpg,gf/ffhq_images/img005702.jpg,6,ffhq_images
img005323.jpg,gf/ffhq_images/img005323.jpg,6,ffhq_images
img005646.jpg,gf/ffhq_images/img005646.jpg,6,ffhq_images
img005002.jpg,gf/ffhq_images/img005002.jpg,6,ffhq_images
img008698.jpg,gf/ffhq_images/img008698.jpg,6,ffhq_images
img005333.jpg,gf/ffhq_images/img005333.jpg,6,ffhq_images
img009231.jpg,gf/ffhq_images/img009231.jpg,6,ffhq_images
img009987.jpg,gf/ffhq_images/img009987.jpg,6,ffhq_images
img008864.jpg,gf/ffhq_images/img008864.jpg,6,ffhq_images
img007559.jpg,gf/ffhq_images/img007559.jpg,6,ffhq_images
img007689.jpg,gf/ffhq_images/img007689.jpg,6,ffhq_images
img008901.jpg,gf/ffhq_images/img008901.jpg,6,ffhq_images
img009624.jpg,gf/ffhq_images/img009624.jpg,6,ffhq_images
img006250.jpg,gf/ffhq_images/img006250.jpg,6,ffhq_images
img008853.jpg,gf/ffhq_images/img008853.jpg,6,ffhq_images
img009910.jpg,gf/ffhq_images/img009910.jpg,6,ffhq_images
img009890.jpg,gf/ffhq_images/img009890.jpg,6,ffhq_images
img005677.jpg,gf/ffhq_images/img005677.jpg,6,ffhq_images
img009132.jpg,gf/ffhq_images/img009132.jpg,6,ffhq_images
img005016.jpg,gf/ffhq_images/img005016.jpg,6,ffhq_images
img008678.jpg,gf/ffhq_images/img008678.jpg,6,ffhq_images
img006795.jpg,gf/ffhq_images/img006795.jpg,6,ffhq_images
img007255.jpg,gf/ffhq_images/img007255.jpg,6,ffhq_images
img005460.jpg,gf/ffhq_images/img005460.jpg,6,ffhq_images
img008482.jpg,gf/ffhq_images/img008482.jpg,6,ffhq_images
img009113.jpg,gf/ffhq_images/img009113.jpg,6,ffhq_images
img007834.jpg,gf/ffhq_images/img007834.jpg,6,ffhq_images
img007617.jpg,gf/ffhq_images/img007617.jpg,6,ffhq_images
img006091.jpg,gf/ffhq_images/img006091.jpg,6,ffhq_images
img006813.jpg,gf/ffhq_images/img006813.jpg,6,ffhq_images
img007718.jpg,gf/ffhq_images/img007718.jpg,6,ffhq_images
img006822.jpg,gf/ffhq_images/img006822.jpg,6,ffhq_images
img005474.jpg,gf/ffhq_images/img005474.jpg,6,ffhq_images
img008545.jpg,gf/ffhq_images/img008545.jpg,6,ffhq_images
img007692.jpg,gf/ffhq_images/img007692.jpg,6,ffhq_images
img007883.jpg,gf/ffhq_images/img007883.jpg,6,ffhq_images
img007343.jpg,gf/ffhq_images/img007343.jpg,6,ffhq_images
img006291.jpg,gf/ffhq_images/img006291.jpg,6,ffhq_images
img008732.jpg,gf/ffhq_images/img008732.jpg,6,ffhq_images
img005911.jpg,gf/ffhq_images/img005911.jpg,6,ffhq_images
img008610.jpg,gf/ffhq_images/img008610.jpg,6,ffhq_images
img008771.jpg,gf/ffhq_images/img008771.jpg,6,ffhq_images
img007051.jpg,gf/ffhq_images/img007051.jpg,6,ffhq_images
img008289.jpg,gf/ffhq_images/img008289.jpg,6,ffhq_images
img009610.jpg,gf/ffhq_images/img009610.jpg,6,ffhq_images
img005789.jpg,gf/ffhq_images/img005789.jpg,6,ffhq_images
img006316.jpg,gf/ffhq_images/img006316.jpg,6,ffhq_images
img005430.jpg,gf/ffhq_images/img005430.jpg,6,ffhq_images
img007454.jpg,gf/ffhq_images/img007454.jpg,6,ffhq_images
img006581.jpg,gf/ffhq_images/img006581.jpg,6,ffhq_images
img009107.jpg,gf/ffhq_images/img009107.jpg,6,ffhq_images
img009130.jpg,gf/ffhq_images/img009130.jpg,6,ffhq_images
img008182.jpg,gf/ffhq_images/img008182.jpg,6,ffhq_images
img009081.jpg,gf/ffhq_images/img009081.jpg,6,ffhq_images
img008007.jpg,gf/ffhq_images/img008007.jpg,6,ffhq_images
img009635.jpg,gf/ffhq_images/img009635.jpg,6,ffhq_images
img006653.jpg,gf/ffhq_images/img006653.jpg,6,ffhq_images
img008733.jpg,gf/ffhq_images/img008733.jpg,6,ffhq_images
img008096.jpg,gf/ffhq_images/img008096.jpg,6,ffhq_images
img006663.jpg,gf/ffhq_images/img006663.jpg,6,ffhq_images
img006232.jpg,gf/ffhq_images/img006232.jpg,6,ffhq_images
img006596.jpg,gf/ffhq_images/img006596.jpg,6,ffhq_images
img006482.jpg,gf/ffhq_images/img006482.jpg,6,ffhq_images
img007159.jpg,gf/ffhq_images/img007159.jpg,6,ffhq_images
img005443.jpg,gf/ffhq_images/img005443.jpg,6,ffhq_images
img008844.jpg,gf/ffhq_images/img008844.jpg,6,ffhq_images
img007417.jpg,gf/ffhq_images/img007417.jpg,6,ffhq_images
img007976.jpg,gf/ffhq_images/img007976.jpg,6,ffhq_images
img005802.jpg,gf/ffhq_images/img005802.jpg,6,ffhq_images
img009393.jpg,gf/ffhq_images/img009393.jpg,6,ffhq_images
img006043.jpg,gf/ffhq_images/img006043.jpg,6,ffhq_images
img005056.jpg,gf/ffhq_images/img005056.jpg,6,ffhq_images
img007585.jpg,gf/ffhq_images/img007585.jpg,6,ffhq_images
img006130.jpg,gf/ffhq_images/img006130.jpg,6,ffhq_images
img009082.jpg,gf/ffhq_images/img009082.jpg,6,ffhq_images
img005345.jpg,gf/ffhq_images/img005345.jpg,6,ffhq_images
img009833.jpg,gf/ffhq_images/img009833.jpg,6,ffhq_images
img007548.jpg,gf/ffhq_images/img007548.jpg,6,ffhq_images
img006433.jpg,gf/ffhq_images/img006433.jpg,6,ffhq_images
img009708.jpg,gf/ffhq_images/img009708.jpg,6,ffhq_images
img008400.jpg,gf/ffhq_images/img008400.jpg,6,ffhq_images
img008560.jpg,gf/ffhq_images/img008560.jpg,6,ffhq_images
img005496.jpg,gf/ffhq_images/img005496.jpg,6,ffhq_images
img007992.jpg,gf/ffhq_images/img007992.jpg,6,ffhq_images
img007458.jpg,gf/ffhq_images/img007458.jpg,6,ffhq_images
img009507.jpg,gf/ffhq_images/img009507.jpg,6,ffhq_images
img005170.jpg,gf/ffhq_images/img005170.jpg,6,ffhq_images
img008813.jpg,gf/ffhq_images/img008813.jpg,6,ffhq_images
img006660.jpg,gf/ffhq_images/img006660.jpg,6,ffhq_images
img009349.jpg,gf/ffhq_images/img009349.jpg,6,ffhq_images
img005411.jpg,gf/ffhq_images/img005411.jpg,6,ffhq_images
img007924.jpg,gf/ffhq_images/img007924.jpg,6,ffhq_images
img007660.jpg,gf/ffhq_images/img007660.jpg,6,ffhq_images
img008079.jpg,gf/ffhq_images/img008079.jpg,6,ffhq_images
img005901.jpg,gf/ffhq_images/img005901.jpg,6,ffhq_images
img007091.jpg,gf/ffhq_images/img007091.jpg,6,ffhq_images
img009618.jpg,gf/ffhq_images/img009618.jpg,6,ffhq_images
img005775.jpg,gf/ffhq_images/img005775.jpg,6,ffhq_images
img009794.jpg,gf/ffhq_images/img009794.jpg,6,ffhq_images
img005861.jpg,gf/ffhq_images/img005861.jpg,6,ffhq_images
img009718.jpg,gf/ffhq_images/img009718.jpg,6,ffhq_images
img009089.jpg,gf/ffhq_images/img009089.jpg,6,ffhq_images
img006439.jpg,gf/ffhq_images/img006439.jpg,6,ffhq_images
img009280.jpg,gf/ffhq_images/img009280.jpg,6,ffhq_images
img007132.jpg,gf/ffhq_images/img007132.jpg,6,ffhq_images
img007250.jpg,gf/ffhq_images/img007250.jpg,6,ffhq_images
img005849.jpg,gf/ffhq_images/img005849.jpg,6,ffhq_images
img006548.jpg,gf/ffhq_images/img006548.jpg,6,ffhq_images
img008060.jpg,gf/ffhq_images/img008060.jpg,6,ffhq_images
img006400.jpg,gf/ffhq_images/img006400.jpg,6,ffhq_images
img005873.jpg,gf/ffhq_images/img005873.jpg,6,ffhq_images
img008832.jpg,gf/ffhq_images/img008832.jpg,6,ffhq_images
img006771.jpg,gf/ffhq_images/img006771.jpg,6,ffhq_images
img007391.jpg,gf/ffhq_images/img007391.jpg,6,ffhq_images
img006276.jpg,gf/ffhq_images/img006276.jpg,6,ffhq_images
img006446.jpg,gf/ffhq_images/img006446.jpg,6,ffhq_images
img006501.jpg,gf/ffhq_images/img006501.jpg,6,ffhq_images
img008775.jpg,gf/ffhq_images/img008775.jpg,6,ffhq_images
img009084.jpg,gf/ffhq_images/img009084.jpg,6,ffhq_images
img006358.jpg,gf/ffhq_images/img006358.jpg,6,ffhq_images
img009260.jpg,gf/ffhq_images/img009260.jpg,6,ffhq_images
img008705.jpg,gf/ffhq_images/img008705.jpg,6,ffhq_images
img008042.jpg,gf/ffhq_images/img008042.jpg,6,ffhq_images
img007345.jpg,gf/ffhq_images/img007345.jpg,6,ffhq_images
img005662.jpg,gf/ffhq_images/img005662.jpg,6,ffhq_images
img009998.jpg,gf/ffhq_images/img009998.jpg,6,ffhq_images
img007308.jpg,gf/ffhq_images/img007308.jpg,6,ffhq_images
img009374.jpg,gf/ffhq_images/img009374.jpg,6,ffhq_images
img005936.jpg,gf/ffhq_images/img005936.jpg,6,ffhq_images
img006329.jpg,gf/ffhq_images/img006329.jpg,6,ffhq_images
img007767.jpg,gf/ffhq_images/img007767.jpg,6,ffhq_images
img006488.jpg,gf/ffhq_images/img006488.jpg,6,ffhq_images
img005509.jpg,gf/ffhq_images/img005509.jpg,6,ffhq_images
img008936.jpg,gf/ffhq_images/img008936.jpg,6,ffhq_images
img007155.jpg,gf/ffhq_images/img007155.jpg,6,ffhq_images
img005264.jpg,gf/ffhq_images/img005264.jpg,6,ffhq_images
img009430.jpg,gf/ffhq_images/img009430.jpg,6,ffhq_images
img007525.jpg,gf/ffhq_images/img007525.jpg,6,ffhq_images
img007013.jpg,gf/ffhq_images/img007013.jpg,6,ffhq_images
img006359.jpg,gf/ffhq_images/img006359.jpg,6,ffhq_images
img007184.jpg,gf/ffhq_images/img007184.jpg,6,ffhq_images
img007222.jpg,gf/ffhq_images/img007222.jpg,6,ffhq_images
img006365.jpg,gf/ffhq_images/img006365.jpg,6,ffhq_images
img006341.jpg,gf/ffhq_images/img006341.jpg,6,ffhq_images
img006470.jpg,gf/ffhq_images/img006470.jpg,6,ffhq_images
img008462.jpg,gf/ffhq_images/img008462.jpg,6,ffhq_images
img007264.jpg,gf/ffhq_images/img007264.jpg,6,ffhq_images
img007984.jpg,gf/ffhq_images/img007984.jpg,6,ffhq_images
img006656.jpg,gf/ffhq_images/img006656.jpg,6,ffhq_images
img006973.jpg,gf/ffhq_images/img006973.jpg,6,ffhq_images
img006752.jpg,gf/ffhq_images/img006752.jpg,6,ffhq_images
img009253.jpg,gf/ffhq_images/img009253.jpg,6,ffhq_images
img009126.jpg,gf/ffhq_images/img009126.jpg,6,ffhq_images
img009937.jpg,gf/ffhq_images/img009937.jpg,6,ffhq_images
img008083.jpg,gf/ffhq_images/img008083.jpg,6,ffhq_images
img009207.jpg,gf/ffhq_images/img009207.jpg,6,ffhq_images
img008964.jpg,gf/ffhq_images/img008964.jpg,6,ffhq_images
img008239.jpg,gf/ffhq_images/img008239.jpg,6,ffhq_images
img005845.jpg,gf/ffhq_images/img005845.jpg,6,ffhq_images
img009519.jpg,gf/ffhq_images/img009519.jpg,6,ffhq_images
img009967.jpg,gf/ffhq_images/img009967.jpg,6,ffhq_images
img009092.jpg,gf/ffhq_images/img009092.jpg,6,ffhq_images
img009326.jpg,gf/ffhq_images/img009326.jpg,6,ffhq_images
img008089.jpg,gf/ffhq_images/img008089.jpg,6,ffhq_images
img007285.jpg,gf/ffhq_images/img007285.jpg,6,ffhq_images
img009965.jpg,gf/ffhq_images/img009965.jpg,6,ffhq_images
img009889.jpg,gf/ffhq_images/img009889.jpg,6,ffhq_images
img009821.jpg,gf/ffhq_images/img009821.jpg,6,ffhq_images
img008235.jpg,gf/ffhq_images/img008235.jpg,6,ffhq_images
img007913.jpg,gf/ffhq_images/img007913.jpg,6,ffhq_images
img005624.jpg,gf/ffhq_images/img005624.jpg,6,ffhq_images
img008098.jpg,gf/ffhq_images/img008098.jpg,6,ffhq_images
img005270.jpg,gf/ffhq_images/img005270.jpg,6,ffhq_images
img005294.jpg,gf/ffhq_images/img005294.jpg,6,ffhq_images
img006940.jpg,gf/ffhq_images/img006940.jpg,6,ffhq_images
img008986.jpg,gf/ffhq_images/img008986.jpg,6,ffhq_images
img009978.jpg,gf/ffhq_images/img009978.jpg,6,ffhq_images
img005267.jpg,gf/ffhq_images/img005267.jpg,6,ffhq_images
img006574.jpg,gf/ffhq_images/img006574.jpg,6,ffhq_images
img006545.jpg,gf/ffhq_images/img006545.jpg,6,ffhq_images
img006490.jpg,gf/ffhq_images/img006490.jpg,6,ffhq_images
img006549.jpg,gf/ffhq_images/img006549.jpg,6,ffhq_images
img005516.jpg,gf/ffhq_images/img005516.jpg,6,ffhq_images
img006218.jpg,gf/ffhq_images/img006218.jpg,6,ffhq_images
img009185.jpg,gf/ffhq_images/img009185.jpg,6,ffhq_images
img006764.jpg,gf/ffhq_images/img006764.jpg,6,ffhq_images
img006019.jpg,gf/ffhq_images/img006019.jpg,6,ffhq_images
img005326.jpg,gf/ffhq_images/img005326.jpg,6,ffhq_images
img005641.jpg,gf/ffhq_images/img005641.jpg,6,ffhq_images
img005349.jpg,gf/ffhq_images/img005349.jpg,6,ffhq_images
img007809.jpg,gf/ffhq_images/img007809.jpg,6,ffhq_images
img008246.jpg,gf/ffhq_images/img008246.jpg,6,ffhq_images
img006954.jpg,gf/ffhq_images/img006954.jpg,6,ffhq_images
img007045.jpg,gf/ffhq_images/img007045.jpg,6,ffhq_images
img009236.jpg,gf/ffhq_images/img009236.jpg,6,ffhq_images
img006237.jpg,gf/ffhq_images/img006237.jpg,6,ffhq_images
img005244.jpg,gf/ffhq_images/img005244.jpg,6,ffhq_images
img009524.jpg,gf/ffhq_images/img009524.jpg,6,ffhq_images
img006841.jpg,gf/ffhq_images/img006841.jpg,6,ffhq_images
img007394.jpg,gf/ffhq_images/img007394.jpg,6,ffhq_images
img009831.jpg,gf/ffhq_images/img009831.jpg,6,ffhq_images
img007989.jpg,gf/ffhq_images/img007989.jpg,6,ffhq_images
img006742.jpg,gf/ffhq_images/img006742.jpg,6,ffhq_images
img006777.jpg,gf/ffhq_images/img006777.jpg,6,ffhq_images
img008344.jpg,gf/ffhq_images/img008344.jpg,6,ffhq_images
img007985.jpg,gf/ffhq_images/img007985.jpg,6,ffhq_images
img008926.jpg,gf/ffhq_images/img008926.jpg,6,ffhq_images
img006628.jpg,gf/ffhq_images/img006628.jpg,6,ffhq_images
img009103.jpg,gf/ffhq_images/img009103.jpg,6,ffhq_images
img009885.jpg,gf/ffhq_images/img009885.jpg,6,ffhq_images
img008240.jpg,gf/ffhq_images/img008240.jpg,6,ffhq_images
img008464.jpg,gf/ffhq_images/img008464.jpg,6,ffhq_images
img006532.jpg,gf/ffhq_images/img006532.jpg,6,ffhq_images
img008005.jpg,gf/ffhq_images/img008005.jpg,6,ffhq_images
img006148.jpg,gf/ffhq_images/img006148.jpg,6,ffhq_images
img008264.jpg,gf/ffhq_images/img008264.jpg,6,ffhq_images
img006617.jpg,gf/ffhq_images/img006617.jpg,6,ffhq_images
img007010.jpg,gf/ffhq_images/img007010.jpg,6,ffhq_images
img006709.jpg,gf/ffhq_images/img006709.jpg,6,ffhq_images
img006566.jpg,gf/ffhq_images/img006566.jpg,6,ffhq_images
img008162.jpg,gf/ffhq_images/img008162.jpg,6,ffhq_images
img009063.jpg,gf/ffhq_images/img009063.jpg,6,ffhq_images
img009662.jpg,gf/ffhq_images/img009662.jpg,6,ffhq_images
img008062.jpg,gf/ffhq_images/img008062.jpg,6,ffhq_images
img005185.jpg,gf/ffhq_images/img005185.jpg,6,ffhq_images
img006875.jpg,gf/ffhq_images/img006875.jpg,6,ffhq_images
img006965.jpg,gf/ffhq_images/img006965.jpg,6,ffhq_images
img008437.jpg,gf/ffhq_images/img008437.jpg,6,ffhq_images
img008209.jpg,gf/ffhq_images/img008209.jpg,6,ffhq_images
img008192.jpg,gf/ffhq_images/img008192.jpg,6,ffhq_images
img008316.jpg,gf/ffhq_images/img008316.jpg,6,ffhq_images
img009538.jpg,gf/ffhq_images/img009538.jpg,6,ffhq_images
img008603.jpg,gf/ffhq_images/img008603.jpg,6,ffhq_images
img008566.jpg,gf/ffhq_images/img008566.jpg,6,ffhq_images
img007588.jpg,gf/ffhq_images/img007588.jpg,6,ffhq_images
img005907.jpg,gf/ffhq_images/img005907.jpg,6,ffhq_images
img006247.jpg,gf/ffhq_images/img006247.jpg,6,ffhq_images
img008643.jpg,gf/ffhq_images/img008643.jpg,6,ffhq_images
img006097.jpg,gf/ffhq_images/img006097.jpg,6,ffhq_images
img008581.jpg,gf/ffhq_images/img008581.jpg,6,ffhq_images
img005529.jpg,gf/ffhq_images/img005529.jpg,6,ffhq_images
img006919.jpg,gf/ffhq_images/img006919.jpg,6,ffhq_images
img008863.jpg,gf/ffhq_images/img008863.jpg,6,ffhq_images
img009741.jpg,gf/ffhq_images/img009741.jpg,6,ffhq_images
img006119.jpg,gf/ffhq_images/img006119.jpg,6,ffhq_images
img007002.jpg,gf/ffhq_images/img007002.jpg,6,ffhq_images
img005014.jpg,gf/ffhq_images/img005014.jpg,6,ffhq_images
img007389.jpg,gf/ffhq_images/img007389.jpg,6,ffhq_images
img005198.jpg,gf/ffhq_images/img005198.jpg,6,ffhq_images
img008351.jpg,gf/ffhq_images/img008351.jpg,6,ffhq_images
img007527.jpg,gf/ffhq_images/img007527.jpg,6,ffhq_images
img008348.jpg,gf/ffhq_images/img008348.jpg,6,ffhq_images
img008427.jpg,gf/ffhq_images/img008427.jpg,6,ffhq_images
img008001.jpg,gf/ffhq_images/img008001.jpg,6,ffhq_images
img008356.jpg,gf/ffhq_images/img008356.jpg,6,ffhq_images
img008717.jpg,gf/ffhq_images/img008717.jpg,6,ffhq_images
img009660.jpg,gf/ffhq_images/img009660.jpg,6,ffhq_images
img009649.jpg,gf/ffhq_images/img009649.jpg,6,ffhq_images
img006783.jpg,gf/ffhq_images/img006783.jpg,6,ffhq_images
img009724.jpg,gf/ffhq_images/img009724.jpg,6,ffhq_images
img007319.jpg,gf/ffhq_images/img007319.jpg,6,ffhq_images
img009036.jpg,gf/ffhq_images/img009036.jpg,6,ffhq_images
img005214.jpg,gf/ffhq_images/img005214.jpg,6,ffhq_images
img007897.jpg,gf/ffhq_images/img007897.jpg,6,ffhq_images
img006700.jpg,gf/ffhq_images/img006700.jpg,6,ffhq_images
img007314.jpg,gf/ffhq_images/img007314.jpg,6,ffhq_images
img008692.jpg,gf/ffhq_images/img008692.jpg,6,ffhq_images
img007186.jpg,gf/ffhq_images/img007186.jpg,6,ffhq_images
img008654.jpg,gf/ffhq_images/img008654.jpg,6,ffhq_images
img005685.jpg,gf/ffhq_images/img005685.jpg,6,ffhq_images
img007405.jpg,gf/ffhq_images/img007405.jpg,6,ffhq_images
img008121.jpg,gf/ffhq_images/img008121.jpg,6,ffhq_images
img005989.jpg,gf/ffhq_images/img005989.jpg,6,ffhq_images
img005782.jpg,gf/ffhq_images/img005782.jpg,6,ffhq_images
img007036.jpg,gf/ffhq_images/img007036.jpg,6,ffhq_images
img009620.jpg,gf/ffhq_images/img009620.jpg,6,ffhq_images
img009780.jpg,gf/ffhq_images/img009780.jpg,6,ffhq_images
img006032.jpg,gf/ffhq_images/img006032.jpg,6,ffhq_images
img007295.jpg,gf/ffhq_images/img007295.jpg,6,ffhq_images
img009015.jpg,gf/ffhq_images/img009015.jpg,6,ffhq_images
img005141.jpg,gf/ffhq_images/img005141.jpg,6,ffhq_images
img007732.jpg,gf/ffhq_images/img007732.jpg,6,ffhq_images
img008551.jpg,gf/ffhq_images/img008551.jpg,6,ffhq_images
img008808.jpg,gf/ffhq_images/img008808.jpg,6,ffhq_images
img005565.jpg,gf/ffhq_images/img005565.jpg,6,ffhq_images
img007542.jpg,gf/ffhq_images/img007542.jpg,6,ffhq_images
img006423.jpg,gf/ffhq_images/img006423.jpg,6,ffhq_images
img007898.jpg,gf/ffhq_images/img007898.jpg,6,ffhq_images
img008738.jpg,gf/ffhq_images/img008738.jpg,6,ffhq_images
img006338.jpg,gf/ffhq_images/img006338.jpg,6,ffhq_images
img009234.jpg,gf/ffhq_images/img009234.jpg,6,ffhq_images
img006853.jpg,gf/ffhq_images/img006853.jpg,6,ffhq_images
img009371.jpg,gf/ffhq_images/img009371.jpg,6,ffhq_images
img007278.jpg,gf/ffhq_images/img007278.jpg,6,ffhq_images
img009907.jpg,gf/ffhq_images/img009907.jpg,6,ffhq_images
img005912.jpg,gf/ffhq_images/img005912.jpg,6,ffhq_images
img007575.jpg,gf/ffhq_images/img007575.jpg,6,ffhq_images
img008006.jpg,gf/ffhq_images/img008006.jpg,6,ffhq_images
img008487.jpg,gf/ffhq_images/img008487.jpg,6,ffhq_images
img007555.jpg,gf/ffhq_images/img007555.jpg,6,ffhq_images
img006582.jpg,gf/ffhq_images/img006582.jpg,6,ffhq_images
img007232.jpg,gf/ffhq_images/img007232.jpg,6,ffhq_images
img008620.jpg,gf/ffhq_images/img008620.jpg,6,ffhq_images
img008960.jpg,gf/ffhq_images/img008960.jpg,6,ffhq_images
img008199.jpg,gf/ffhq_images/img008199.jpg,6,ffhq_images
img005469.jpg,gf/ffhq_images/img005469.jpg,6,ffhq_images
img009709.jpg,gf/ffhq_images/img009709.jpg,6,ffhq_images
img007192.jpg,gf/ffhq_images/img007192.jpg,6,ffhq_images
img007105.jpg,gf/ffhq_images/img007105.jpg,6,ffhq_images
img006399.jpg,gf/ffhq_images/img006399.jpg,6,ffhq_images
img007991.jpg,gf/ffhq_images/img007991.jpg,6,ffhq_images
img007437.jpg,gf/ffhq_images/img007437.jpg,6,ffhq_images
img008224.jpg,gf/ffhq_images/img008224.jpg,6,ffhq_images
img005928.jpg,gf/ffhq_images/img005928.jpg,6,ffhq_images
img008745.jpg,gf/ffhq_images/img008745.jpg,6,ffhq_images
img009861.jpg,gf/ffhq_images/img009861.jpg,6,ffhq_images
img006680.jpg,gf/ffhq_images/img006680.jpg,6,ffhq_images
img009598.jpg,gf/ffhq_images/img009598.jpg,6,ffhq_images
img009945.jpg,gf/ffhq_images/img009945.jpg,6,ffhq_images
img007779.jpg,gf/ffhq_images/img007779.jpg,6,ffhq_images
img009481.jpg,gf/ffhq_images/img009481.jpg,6,ffhq_images
img006310.jpg,gf/ffhq_images/img006310.jpg,6,ffhq_images
img009828.jpg,gf/ffhq_images/img009828.jpg,6,ffhq_images
img008804.jpg,gf/ffhq_images/img008804.jpg,6,ffhq_images
img006083.jpg,gf/ffhq_images/img006083.jpg,6,ffhq_images
img007211.jpg,gf/ffhq_images/img007211.jpg,6,ffhq_images
img008219.jpg,gf/ffhq_images/img008219.jpg,6,ffhq_images
img007610.jpg,gf/ffhq_images/img007610.jpg,6,ffhq_images
img009922.jpg,gf/ffhq_images/img009922.jpg,6,ffhq_images
img008153.jpg,gf/ffhq_images/img008153.jpg,6,ffhq_images
img005603.jpg,gf/ffhq_images/img005603.jpg,6,ffhq_images
img005009.jpg,gf/ffhq_images/img005009.jpg,6,ffhq_images
img005561.jpg,gf/ffhq_images/img005561.jpg,6,ffhq_images
img006669.jpg,gf/ffhq_images/img006669.jpg,6,ffhq_images
img005205.jpg,gf/ffhq_images/img005205.jpg,6,ffhq_images
img007620.jpg,gf/ffhq_images/img007620.jpg,6,ffhq_images
img005053.jpg,gf/ffhq_images/img005053.jpg,6,ffhq_images
img007824.jpg,gf/ffhq_images/img007824.jpg,6,ffhq_images
img008480.jpg,gf/ffhq_images/img008480.jpg,6,ffhq_images
img008662.jpg,gf/ffhq_images/img008662.jpg,6,ffhq_images
img005965.jpg,gf/ffhq_images/img005965.jpg,6,ffhq_images
img006811.jpg,gf/ffhq_images/img006811.jpg,6,ffhq_images
img008115.jpg,gf/ffhq_images/img008115.jpg,6,ffhq_images
img006694.jpg,gf/ffhq_images/img006694.jpg,6,ffhq_images
img007535.jpg,gf/ffhq_images/img007535.jpg,6,ffhq_images
img005426.jpg,gf/ffhq_images/img005426.jpg,6,ffhq_images
img005512.jpg,gf/ffhq_images/img005512.jpg,6,ffhq_images
img005137.jpg,gf/ffhq_images/img005137.jpg,6,ffhq_images
img009782.jpg,gf/ffhq_images/img009782.jpg,6,ffhq_images
img007920.jpg,gf/ffhq_images/img007920.jpg,6,ffhq_images
img009002.jpg,gf/ffhq_images/img009002.jpg,6,ffhq_images
img009728.jpg,gf/ffhq_images/img009728.jpg,6,ffhq_images
img007977.jpg,gf/ffhq_images/img007977.jpg,6,ffhq_images
img007810.jpg,gf/ffhq_images/img007810.jpg,6,ffhq_images
img006499.jpg,gf/ffhq_images/img006499.jpg,6,ffhq_images
img005749.jpg,gf/ffhq_images/img005749.jpg,6,ffhq_images
img009443.jpg,gf/ffhq_images/img009443.jpg,6,ffhq_images
img005962.jpg,gf/ffhq_images/img005962.jpg,6,ffhq_images
img008992.jpg,gf/ffhq_images/img008992.jpg,6,ffhq_images
img006956.jpg,gf/ffhq_images/img006956.jpg,6,ffhq_images
img007335.jpg,gf/ffhq_images/img007335.jpg,6,ffhq_images
img007749.jpg,gf/ffhq_images/img007749.jpg,6,ffhq_images
img008350.jpg,gf/ffhq_images/img008350.jpg,6,ffhq_images
img009003.jpg,gf/ffhq_images/img009003.jpg,6,ffhq_images
img009864.jpg,gf/ffhq_images/img009864.jpg,6,ffhq_images
img008336.jpg,gf/ffhq_images/img008336.jpg,6,ffhq_images
img008942.jpg,gf/ffhq_images/img008942.jpg,6,ffhq_images
img009740.jpg,gf/ffhq_images/img009740.jpg,6,ffhq_images
img009521.jpg,gf/ffhq_images/img009521.jpg,6,ffhq_images
img005709.jpg,gf/ffhq_images/img005709.jpg,6,ffhq_images
img007536.jpg,gf/ffhq_images/img007536.jpg,6,ffhq_images
img008684.jpg,gf/ffhq_images/img008684.jpg,6,ffhq_images
img005419.jpg,gf/ffhq_images/img005419.jpg,6,ffhq_images
img006489.jpg,gf/ffhq_images/img006489.jpg,6,ffhq_images
img005197.jpg,gf/ffhq_images/img005197.jpg,6,ffhq_images
img007462.jpg,gf/ffhq_images/img007462.jpg,6,ffhq_images
img006485.jpg,gf/ffhq_images/img006485.jpg,6,ffhq_images
img009835.jpg,gf/ffhq_images/img009835.jpg,6,ffhq_images
img009297.jpg,gf/ffhq_images/img009297.jpg,6,ffhq_images
img007609.jpg,gf/ffhq_images/img007609.jpg,6,ffhq_images
img008347.jpg,gf/ffhq_images/img008347.jpg,6,ffhq_images
img007955.jpg,gf/ffhq_images/img007955.jpg,6,ffhq_images
img007736.jpg,gf/ffhq_images/img007736.jpg,6,ffhq_images
img006476.jpg,gf/ffhq_images/img006476.jpg,6,ffhq_images
img005514.jpg,gf/ffhq_images/img005514.jpg,6,ffhq_images
img007600.jpg,gf/ffhq_images/img007600.jpg,6,ffhq_images
img007973.jpg,gf/ffhq_images/img007973.jpg,6,ffhq_images
img005909.jpg,gf/ffhq_images/img005909.jpg,6,ffhq_images
img008218.jpg,gf/ffhq_images/img008218.jpg,6,ffhq_images
img009714.jpg,gf/ffhq_images/img009714.jpg,6,ffhq_images
img009643.jpg,gf/ffhq_images/img009643.jpg,6,ffhq_images
img009180.jpg,gf/ffhq_images/img009180.jpg,6,ffhq_images
img006711.jpg,gf/ffhq_images/img006711.jpg,6,ffhq_images
img006658.jpg,gf/ffhq_images/img006658.jpg,6,ffhq_images
img007853.jpg,gf/ffhq_images/img007853.jpg,6,ffhq_images
img008690.jpg,gf/ffhq_images/img008690.jpg,6,ffhq_images
img005827.jpg,gf/ffhq_images/img005827.jpg,6,ffhq_images
img009383.jpg,gf/ffhq_images/img009383.jpg,6,ffhq_images
img007782.jpg,gf/ffhq_images/img007782.jpg,6,ffhq_images
img007713.jpg,gf/ffhq_images/img007713.jpg,6,ffhq_images
img006014.jpg,gf/ffhq_images/img006014.jpg,6,ffhq_images
img008846.jpg,gf/ffhq_images/img008846.jpg,6,ffhq_images
img009723.jpg,gf/ffhq_images/img009723.jpg,6,ffhq_images
img005006.jpg,gf/ffhq_images/img005006.jpg,6,ffhq_images
img009948.jpg,gf/ffhq_images/img009948.jpg,6,ffhq_images
img009097.jpg,gf/ffhq_images/img009097.jpg,6,ffhq_images
img007614.jpg,gf/ffhq_images/img007614.jpg,6,ffhq_images
img006143.jpg,gf/ffhq_images/img006143.jpg,6,ffhq_images
img009554.jpg,gf/ffhq_images/img009554.jpg,6,ffhq_images
img007763.jpg,gf/ffhq_images/img007763.jpg,6,ffhq_images
img007208.jpg,gf/ffhq_images/img007208.jpg,6,ffhq_images
img008157.jpg,gf/ffhq_images/img008157.jpg,6,ffhq_images
img009317.jpg,gf/ffhq_images/img009317.jpg,6,ffhq_images
img009522.jpg,gf/ffhq_images/img009522.jpg,6,ffhq_images
img006023.jpg,gf/ffhq_images/img006023.jpg,6,ffhq_images
img009748.jpg,gf/ffhq_images/img009748.jpg,6,ffhq_images
img005610.jpg,gf/ffhq_images/img005610.jpg,6,ffhq_images
img009787.jpg,gf/ffhq_images/img009787.jpg,6,ffhq_images
img007483.jpg,gf/ffhq_images/img007483.jpg,6,ffhq_images
img009276.jpg,gf/ffhq_images/img009276.jpg,6,ffhq_images
img008639.jpg,gf/ffhq_images/img008639.jpg,6,ffhq_images
img006193.jpg,gf/ffhq_images/img006193.jpg,6,ffhq_images
img006088.jpg,gf/ffhq_images/img006088.jpg,6,ffhq_images
img009059.jpg,gf/ffhq_images/img009059.jpg,6,ffhq_images
img009129.jpg,gf/ffhq_images/img009129.jpg,6,ffhq_images
img005012.jpg,gf/ffhq_images/img005012.jpg,6,ffhq_images
img006665.jpg,gf/ffhq_images/img006665.jpg,6,ffhq_images
img008345.jpg,gf/ffhq_images/img008345.jpg,6,ffhq_images
img009744.jpg,gf/ffhq_images/img009744.jpg,6,ffhq_images
img005077.jpg,gf/ffhq_images/img005077.jpg,6,ffhq_images
img005010.jpg,gf/ffhq_images/img005010.jpg,6,ffhq_images
img005272.jpg,gf/ffhq_images/img005272.jpg,6,ffhq_images
img007380.jpg,gf/ffhq_images/img007380.jpg,6,ffhq_images
img009238.jpg,gf/ffhq_images/img009238.jpg,6,ffhq_images
img008985.jpg,gf/ffhq_images/img008985.jpg,6,ffhq_images
img007551.jpg,gf/ffhq_images/img007551.jpg,6,ffhq_images
img008401.jpg,gf/ffhq_images/img008401.jpg,6,ffhq_images
img008951.jpg,gf/ffhq_images/img008951.jpg,6,ffhq_images
img009075.jpg,gf/ffhq_images/img009075.jpg,6,ffhq_images
img005793.jpg,gf/ffhq_images/img005793.jpg,6,ffhq_images
img006671.jpg,gf/ffhq_images/img006671.jpg,6,ffhq_images
img006474.jpg,gf/ffhq_images/img006474.jpg,6,ffhq_images
img008655.jpg,gf/ffhq_images/img008655.jpg,6,ffhq_images
img007422.jpg,gf/ffhq_images/img007422.jpg,6,ffhq_images
img009143.jpg,gf/ffhq_images/img009143.jpg,6,ffhq_images
img007850.jpg,gf/ffhq_images/img007850.jpg,6,ffhq_images
img006468.jpg,gf/ffhq_images/img006468.jpg,6,ffhq_images
img008113.jpg,gf/ffhq_images/img008113.jpg,6,ffhq_images
img007531.jpg,gf/ffhq_images/img007531.jpg,6,ffhq_images
img008093.jpg,gf/ffhq_images/img008093.jpg,6,ffhq_images
img008187.jpg,gf/ffhq_images/img008187.jpg,6,ffhq_images
img006562.jpg,gf/ffhq_images/img006562.jpg,6,ffhq_images
img009273.jpg,gf/ffhq_images/img009273.jpg,6,ffhq_images
img008895.jpg,gf/ffhq_images/img008895.jpg,6,ffhq_images
img008498.jpg,gf/ffhq_images/img008498.jpg,6,ffhq_images
img006284.jpg,gf/ffhq_images/img006284.jpg,6,ffhq_images
img008879.jpg,gf/ffhq_images/img008879.jpg,6,ffhq_images
img008758.jpg,gf/ffhq_images/img008758.jpg,6,ffhq_images
img005623.jpg,gf/ffhq_images/img005623.jpg,6,ffhq_images
img008913.jpg,gf/ffhq_images/img008913.jpg,6,ffhq_images
img006396.jpg,gf/ffhq_images/img006396.jpg,6,ffhq_images
img006009.jpg,gf/ffhq_images/img006009.jpg,6,ffhq_images
img008257.jpg,gf/ffhq_images/img008257.jpg,6,ffhq_images
img009333.jpg,gf/ffhq_images/img009333.jpg,6,ffhq_images
img006775.jpg,gf/ffhq_images/img006775.jpg,6,ffhq_images
img007038.jpg,gf/ffhq_images/img007038.jpg,6,ffhq_images
img005378.jpg,gf/ffhq_images/img005378.jpg,6,ffhq_images
img006215.jpg,gf/ffhq_images/img006215.jpg,6,ffhq_images
img009282.jpg,gf/ffhq_images/img009282.jpg,6,ffhq_images
img007347.jpg,gf/ffhq_images/img007347.jpg,6,ffhq_images
img008397.jpg,gf/ffhq_images/img008397.jpg,6,ffhq_images
img005885.jpg,gf/ffhq_images/img005885.jpg,6,ffhq_images
img009171.jpg,gf/ffhq_images/img009171.jpg,6,ffhq_images
img006786.jpg,gf/ffhq_images/img006786.jpg,6,ffhq_images
img006287.jpg,gf/ffhq_images/img006287.jpg,6,ffhq_images
img005144.jpg,gf/ffhq_images/img005144.jpg,6,ffhq_images
img008856.jpg,gf/ffhq_images/img008856.jpg,6,ffhq_images
img009563.jpg,gf/ffhq_images/img009563.jpg,6,ffhq_images
img005837.jpg,gf/ffhq_images/img005837.jpg,6,ffhq_images
img007886.jpg,gf/ffhq_images/img007886.jpg,6,ffhq_images
img005249.jpg,gf/ffhq_images/img005249.jpg,6,ffhq_images
img009932.jpg,gf/ffhq_images/img009932.jpg,6,ffhq_images
img006307.jpg,gf/ffhq_images/img006307.jpg,6,ffhq_images
img009894.jpg,gf/ffhq_images/img009894.jpg,6,ffhq_images
img009941.jpg,gf/ffhq_images/img009941.jpg,6,ffhq_images
img008293.jpg,gf/ffhq_images/img008293.jpg,6,ffhq_images
img006118.jpg,gf/ffhq_images/img006118.jpg,6,ffhq_images
img008496.jpg,gf/ffhq_images/img008496.jpg,6,ffhq_images
img008664.jpg,gf/ffhq_images/img008664.jpg,6,ffhq_images
img007998.jpg,gf/ffhq_images/img007998.jpg,6,ffhq_images
img009939.jpg,gf/ffhq_images/img009939.jpg,6,ffhq_images
img007481.jpg,gf/ffhq_images/img007481.jpg,6,ffhq_images
img005447.jpg,gf/ffhq_images/img005447.jpg,6,ffhq_images
img009228.jpg,gf/ffhq_images/img009228.jpg,6,ffhq_images
img009214.jpg,gf/ffhq_images/img009214.jpg,6,ffhq_images
img005329.jpg,gf/ffhq_images/img005329.jpg,6,ffhq_images
img006224.jpg,gf/ffhq_images/img006224.jpg,6,ffhq_images
img009788.jpg,gf/ffhq_images/img009788.jpg,6,ffhq_images
img007443.jpg,gf/ffhq_images/img007443.jpg,6,ffhq_images
img005737.jpg,gf/ffhq_images/img005737.jpg,6,ffhq_images
img006021.jpg,gf/ffhq_images/img006021.jpg,6,ffhq_images
img009556.jpg,gf/ffhq_images/img009556.jpg,6,ffhq_images
img006880.jpg,gf/ffhq_images/img006880.jpg,6,ffhq_images
img009512.jpg,gf/ffhq_images/img009512.jpg,6,ffhq_images
img006513.jpg,gf/ffhq_images/img006513.jpg,6,ffhq_images
img006766.jpg,gf/ffhq_images/img006766.jpg,6,ffhq_images
img008277.jpg,gf/ffhq_images/img008277.jpg,6,ffhq_images
img008133.jpg,gf/ffhq_images/img008133.jpg,6,ffhq_images
img008389.jpg,gf/ffhq_images/img008389.jpg,6,ffhq_images
img007516.jpg,gf/ffhq_images/img007516.jpg,6,ffhq_images
img005524.jpg,gf/ffhq_images/img005524.jpg,6,ffhq_images
img006312.jpg,gf/ffhq_images/img006312.jpg,6,ffhq_images
img005874.jpg,gf/ffhq_images/img005874.jpg,6,ffhq_images
img008725.jpg,gf/ffhq_images/img008725.jpg,6,ffhq_images
img008074.jpg,gf/ffhq_images/img008074.jpg,6,ffhq_images
img005223.jpg,gf/ffhq_images/img005223.jpg,6,ffhq_images
img009305.jpg,gf/ffhq_images/img009305.jpg,6,ffhq_images
img005922.jpg,gf/ffhq_images/img005922.jpg,6,ffhq_images
img007668.jpg,gf/ffhq_images/img007668.jpg,6,ffhq_images
img005070.jpg,gf/ffhq_images/img005070.jpg,6,ffhq_images
img009111.jpg,gf/ffhq_images/img009111.jpg,6,ffhq_images
img006589.jpg,gf/ffhq_images/img006589.jpg,6,ffhq_images
img006592.jpg,gf/ffhq_images/img006592.jpg,6,ffhq_images
img008027.jpg,gf/ffhq_images/img008027.jpg,6,ffhq_images
img006138.jpg,gf/ffhq_images/img006138.jpg,6,ffhq_images
img007904.jpg,gf/ffhq_images/img007904.jpg,6,ffhq_images
img006017.jpg,gf/ffhq_images/img006017.jpg,6,ffhq_images
img008041.jpg,gf/ffhq_images/img008041.jpg,6,ffhq_images
img005467.jpg,gf/ffhq_images/img005467.jpg,6,ffhq_images
img008248.jpg,gf/ffhq_images/img008248.jpg,6,ffhq_images
img006601.jpg,gf/ffhq_images/img006601.jpg,6,ffhq_images
img006619.jpg,gf/ffhq_images/img006619.jpg,6,ffhq_images
img008108.jpg,gf/ffhq_images/img008108.jpg,6,ffhq_images
img008393.jpg,gf/ffhq_images/img008393.jpg,6,ffhq_images
img008103.jpg,gf/ffhq_images/img008103.jpg,6,ffhq_images
img005756.jpg,gf/ffhq_images/img005756.jpg,6,ffhq_images
img008102.jpg,gf/ffhq_images/img008102.jpg,6,ffhq_images
img007438.jpg,gf/ffhq_images/img007438.jpg,6,ffhq_images
img008229.jpg,gf/ffhq_images/img008229.jpg,6,ffhq_images
img008746.jpg,gf/ffhq_images/img008746.jpg,6,ffhq_images
img006173.jpg,gf/ffhq_images/img006173.jpg,6,ffhq_images
img008760.jpg,gf/ffhq_images/img008760.jpg,6,ffhq_images
img005423.jpg,gf/ffhq_images/img005423.jpg,6,ffhq_images
img007523.jpg,gf/ffhq_images/img007523.jpg,6,ffhq_images
img006067.jpg,gf/ffhq_images/img006067.jpg,6,ffhq_images
img007108.jpg,gf/ffhq_images/img007108.jpg,6,ffhq_images
img007593.jpg,gf/ffhq_images/img007593.jpg,6,ffhq_images
img005005.jpg,gf/ffhq_images/img005005.jpg,6,ffhq_images
img005667.jpg,gf/ffhq_images/img005667.jpg,6,ffhq_images
img008609.jpg,gf/ffhq_images/img008609.jpg,6,ffhq_images
img007366.jpg,gf/ffhq_images/img007366.jpg,6,ffhq_images
img008382.jpg,gf/ffhq_images/img008382.jpg,6,ffhq_images
img005571.jpg,gf/ffhq_images/img005571.jpg,6,ffhq_images
img009024.jpg,gf/ffhq_images/img009024.jpg,6,ffhq_images
img006528.jpg,gf/ffhq_images/img006528.jpg,6,ffhq_images
img007513.jpg,gf/ffhq_images/img007513.jpg,6,ffhq_images
img009518.jpg,gf/ffhq_images/img009518.jpg,6,ffhq_images
img007602.jpg,gf/ffhq_images/img007602.jpg,6,ffhq_images
img008245.jpg,gf/ffhq_images/img008245.jpg,6,ffhq_images
img005755.jpg,gf/ffhq_images/img005755.jpg,6,ffhq_images
img007945.jpg,gf/ffhq_images/img007945.jpg,6,ffhq_images
img005645.jpg,gf/ffhq_images/img005645.jpg,6,ffhq_images
img005731.jpg,gf/ffhq_images/img005731.jpg,6,ffhq_images
img008557.jpg,gf/ffhq_images/img008557.jpg,6,ffhq_images
img005925.jpg,gf/ffhq_images/img005925.jpg,6,ffhq_images
img006413.jpg,gf/ffhq_images/img006413.jpg,6,ffhq_images
img005840.jpg,gf/ffhq_images/img005840.jpg,6,ffhq_images
img007237.jpg,gf/ffhq_images/img007237.jpg,6,ffhq_images
img005021.jpg,gf/ffhq_images/img005021.jpg,6,ffhq_images
img005546.jpg,gf/ffhq_images/img005546.jpg,6,ffhq_images
img006225.jpg,gf/ffhq_images/img006225.jpg,6,ffhq_images
img005115.jpg,gf/ffhq_images/img005115.jpg,6,ffhq_images
img008208.jpg,gf/ffhq_images/img008208.jpg,6,ffhq_images
img009316.jpg,gf/ffhq_images/img009316.jpg,6,ffhq_images
img009389.jpg,gf/ffhq_images/img009389.jpg,6,ffhq_images
img007030.jpg,gf/ffhq_images/img007030.jpg,6,ffhq_images
img008282.jpg,gf/ffhq_images/img008282.jpg,6,ffhq_images
img008099.jpg,gf/ffhq_images/img008099.jpg,6,ffhq_images
img006856.jpg,gf/ffhq_images/img006856.jpg,6,ffhq_images
img007089.jpg,gf/ffhq_images/img007089.jpg,6,ffhq_images
img009865.jpg,gf/ffhq_images/img009865.jpg,6,ffhq_images
img005723.jpg,gf/ffhq_images/img005723.jpg,6,ffhq_images
img005820.jpg,gf/ffhq_images/img005820.jpg,6,ffhq_images
img008396.jpg,gf/ffhq_images/img008396.jpg,6,ffhq_images
img005130.jpg,gf/ffhq_images/img005130.jpg,6,ffhq_images
img009892.jpg,gf/ffhq_images/img009892.jpg,6,ffhq_images
img007408.jpg,gf/ffhq_images/img007408.jpg,6,ffhq_images
img006150.jpg,gf/ffhq_images/img006150.jpg,6,ffhq_images
img006343.jpg,gf/ffhq_images/img006343.jpg,6,ffhq_images
img007929.jpg,gf/ffhq_images/img007929.jpg,6,ffhq_images
img007193.jpg,gf/ffhq_images/img007193.jpg,6,ffhq_images
img006572.jpg,gf/ffhq_images/img006572.jpg,6,ffhq_images
img005050.jpg,gf/ffhq_images/img005050.jpg,6,ffhq_images
img005321.jpg,gf/ffhq_images/img005321.jpg,6,ffhq_images
img005580.jpg,gf/ffhq_images/img005580.jpg,6,ffhq_images
img009680.jpg,gf/ffhq_images/img009680.jpg,6,ffhq_images
img005153.jpg,gf/ffhq_images/img005153.jpg,6,ffhq_images
img006825.jpg,gf/ffhq_images/img006825.jpg,6,ffhq_images
img007412.jpg,gf/ffhq_images/img007412.jpg,6,ffhq_images
img009127.jpg,gf/ffhq_images/img009127.jpg,6,ffhq_images
img009818.jpg,gf/ffhq_images/img009818.jpg,6,ffhq_images
img008210.jpg,gf/ffhq_images/img008210.jpg,6,ffhq_images
img006345.jpg,gf/ffhq_images/img006345.jpg,6,ffhq_images
img009574.jpg,gf/ffhq_images/img009574.jpg,6,ffhq_images
img006467.jpg,gf/ffhq_images/img006467.jpg,6,ffhq_images
img006912.jpg,gf/ffhq_images/img006912.jpg,6,ffhq_images
img008306.jpg,gf/ffhq_images/img008306.jpg,6,ffhq_images
img007733.jpg,gf/ffhq_images/img007733.jpg,6,ffhq_images
img006146.jpg,gf/ffhq_images/img006146.jpg,6,ffhq_images
img007300.jpg,gf/ffhq_images/img007300.jpg,6,ffhq_images
img007194.jpg,gf/ffhq_images/img007194.jpg,6,ffhq_images
img006378.jpg,gf/ffhq_images/img006378.jpg,6,ffhq_images
img008727.jpg,gf/ffhq_images/img008727.jpg,6,ffhq_images
img007510.jpg,gf/ffhq_images/img007510.jpg,6,ffhq_images
img009340.jpg,gf/ffhq_images/img009340.jpg,6,ffhq_images
img007149.jpg,gf/ffhq_images/img007149.jpg,6,ffhq_images
img009920.jpg,gf/ffhq_images/img009920.jpg,6,ffhq_images
img005196.jpg,gf/ffhq_images/img005196.jpg,6,ffhq_images
img006964.jpg,gf/ffhq_images/img006964.jpg,6,ffhq_images
img005668.jpg,gf/ffhq_images/img005668.jpg,6,ffhq_images
img007381.jpg,gf/ffhq_images/img007381.jpg,6,ffhq_images
img009160.jpg,gf/ffhq_images/img009160.jpg,6,ffhq_images
img008527.jpg,gf/ffhq_images/img008527.jpg,6,ffhq_images
img006314.jpg,gf/ffhq_images/img006314.jpg,6,ffhq_images
img008696.jpg,gf/ffhq_images/img008696.jpg,6,ffhq_images
img009220.jpg,gf/ffhq_images/img009220.jpg,6,ffhq_images
img007663.jpg,gf/ffhq_images/img007663.jpg,6,ffhq_images
img006271.jpg,gf/ffhq_images/img006271.jpg,6,ffhq_images
img009271.jpg,gf/ffhq_images/img009271.jpg,6,ffhq_images
img005663.jpg,gf/ffhq_images/img005663.jpg,6,ffhq_images
img007399.jpg,gf/ffhq_images/img007399.jpg,6,ffhq_images
img008335.jpg,gf/ffhq_images/img008335.jpg,6,ffhq_images
img008516.jpg,gf/ffhq_images/img008516.jpg,6,ffhq_images
img007859.jpg,gf/ffhq_images/img007859.jpg,6,ffhq_images
img006406.jpg,gf/ffhq_images/img006406.jpg,6,ffhq_images
img007452.jpg,gf/ffhq_images/img007452.jpg,6,ffhq_images
img005388.jpg,gf/ffhq_images/img005388.jpg,6,ffhq_images
img009543.jpg,gf/ffhq_images/img009543.jpg,6,ffhq_images
img006459.jpg,gf/ffhq_images/img006459.jpg,6,ffhq_images
img007445.jpg,gf/ffhq_images/img007445.jpg,6,ffhq_images
img009836.jpg,gf/ffhq_images/img009836.jpg,6,ffhq_images
img008391.jpg,gf/ffhq_images/img008391.jpg,6,ffhq_images
img006580.jpg,gf/ffhq_images/img006580.jpg,6,ffhq_images
img006033.jpg,gf/ffhq_images/img006033.jpg,6,ffhq_images
img006285.jpg,gf/ffhq_images/img006285.jpg,6,ffhq_images
img006527.jpg,gf/ffhq_images/img006527.jpg,6,ffhq_images
img009797.jpg,gf/ffhq_images/img009797.jpg,6,ffhq_images
img005157.jpg,gf/ffhq_images/img005157.jpg,6,ffhq_images
img005843.jpg,gf/ffhq_images/img005843.jpg,6,ffhq_images
img005587.jpg,gf/ffhq_images/img005587.jpg,6,ffhq_images
img005752.jpg,gf/ffhq_images/img005752.jpg,6,ffhq_images
img007317.jpg,gf/ffhq_images/img007317.jpg,6,ffhq_images
img009424.jpg,gf/ffhq_images/img009424.jpg,6,ffhq_images
img007889.jpg,gf/ffhq_images/img007889.jpg,6,ffhq_images
img009432.jpg,gf/ffhq_images/img009432.jpg,6,ffhq_images
img009977.jpg,gf/ffhq_images/img009977.jpg,6,ffhq_images
img009352.jpg,gf/ffhq_images/img009352.jpg,6,ffhq_images
img005459.jpg,gf/ffhq_images/img005459.jpg,6,ffhq_images
img006801.jpg,gf/ffhq_images/img006801.jpg,6,ffhq_images
img009653.jpg,gf/ffhq_images/img009653.jpg,6,ffhq_images
img008070.jpg,gf/ffhq_images/img008070.jpg,6,ffhq_images
img009727.jpg,gf/ffhq_images/img009727.jpg,6,ffhq_images
img008514.jpg,gf/ffhq_images/img008514.jpg,6,ffhq_images
img006951.jpg,gf/ffhq_images/img006951.jpg,6,ffhq_images
img005243.jpg,gf/ffhq_images/img005243.jpg,6,ffhq_images
img006275.jpg,gf/ffhq_images/img006275.jpg,6,ffhq_images
img009304.jpg,gf/ffhq_images/img009304.jpg,6,ffhq_images
img008731.jpg,gf/ffhq_images/img008731.jpg,6,ffhq_images
img006125.jpg,gf/ffhq_images/img006125.jpg,6,ffhq_images
img006839.jpg,gf/ffhq_images/img006839.jpg,6,ffhq_images
img009759.jpg,gf/ffhq_images/img009759.jpg,6,ffhq_images
img009591.jpg,gf/ffhq_images/img009591.jpg,6,ffhq_images
img005772.jpg,gf/ffhq_images/img005772.jpg,6,ffhq_images
img005541.jpg,gf/ffhq_images/img005541.jpg,6,ffhq_images
img007007.jpg,gf/ffhq_images/img007007.jpg,6,ffhq_images
img008534.jpg,gf/ffhq_images/img008534.jpg,6,ffhq_images
img008509.jpg,gf/ffhq_images/img008509.jpg,6,ffhq_images
img008755.jpg,gf/ffhq_images/img008755.jpg,6,ffhq_images
img005935.jpg,gf/ffhq_images/img005935.jpg,6,ffhq_images
img008076.jpg,gf/ffhq_images/img008076.jpg,6,ffhq_images
img005728.jpg,gf/ffhq_images/img005728.jpg,6,ffhq_images
img007712.jpg,gf/ffhq_images/img007712.jpg,6,ffhq_images
img008135.jpg,gf/ffhq_images/img008135.jpg,6,ffhq_images
img009972.jpg,gf/ffhq_images/img009972.jpg,6,ffhq_images
img009064.jpg,gf/ffhq_images/img009064.jpg,6,ffhq_images
img009221.jpg,gf/ffhq_images/img009221.jpg,6,ffhq_images
img007675.jpg,gf/ffhq_images/img007675.jpg,6,ffhq_images
img005148.jpg,gf/ffhq_images/img005148.jpg,6,ffhq_images
img007480.jpg,gf/ffhq_images/img007480.jpg,6,ffhq_images
img005835.jpg,gf/ffhq_images/img005835.jpg,6,ffhq_images
img005527.jpg,gf/ffhq_images/img005527.jpg,6,ffhq_images
img005072.jpg,gf/ffhq_images/img005072.jpg,6,ffhq_images
img009771.jpg,gf/ffhq_images/img009771.jpg,6,ffhq_images
img008161.jpg,gf/ffhq_images/img008161.jpg,6,ffhq_images
img006655.jpg,gf/ffhq_images/img006655.jpg,6,ffhq_images
img005304.jpg,gf/ffhq_images/img005304.jpg,6,ffhq_images
img008796.jpg,gf/ffhq_images/img008796.jpg,6,ffhq_images
img009137.jpg,gf/ffhq_images/img009137.jpg,6,ffhq_images
img008059.jpg,gf/ffhq_images/img008059.jpg,6,ffhq_images
img007474.jpg,gf/ffhq_images/img007474.jpg,6,ffhq_images
img007504.jpg,gf/ffhq_images/img007504.jpg,6,ffhq_images
img006242.jpg,gf/ffhq_images/img006242.jpg,6,ffhq_images
img007716.jpg,gf/ffhq_images/img007716.jpg,6,ffhq_images
img005045.jpg,gf/ffhq_images/img005045.jpg,6,ffhq_images
img007999.jpg,gf/ffhq_images/img007999.jpg,6,ffhq_images
img005966.jpg,gf/ffhq_images/img005966.jpg,6,ffhq_images
img006388.jpg,gf/ffhq_images/img006388.jpg,6,ffhq_images
img008917.jpg,gf/ffhq_images/img008917.jpg,6,ffhq_images
img005379.jpg,gf/ffhq_images/img005379.jpg,6,ffhq_images
img005246.jpg,gf/ffhq_images/img005246.jpg,6,ffhq_images
img008119.jpg,gf/ffhq_images/img008119.jpg,6,ffhq_images
img006337.jpg,gf/ffhq_images/img006337.jpg,6,ffhq_images
img005988.jpg,gf/ffhq_images/img005988.jpg,6,ffhq_images
img005232.jpg,gf/ffhq_images/img005232.jpg,6,ffhq_images
img009145.jpg,gf/ffhq_images/img009145.jpg,6,ffhq_images
img007974.jpg,gf/ffhq_images/img007974.jpg,6,ffhq_images
img007730.jpg,gf/ffhq_images/img007730.jpg,6,ffhq_images
img006911.jpg,gf/ffhq_images/img006911.jpg,6,ffhq_images
img009725.jpg,gf/ffhq_images/img009725.jpg,6,ffhq_images
img008057.jpg,gf/ffhq_images/img008057.jpg,6,ffhq_images
img006561.jpg,gf/ffhq_images/img006561.jpg,6,ffhq_images
img007870.jpg,gf/ffhq_images/img007870.jpg,6,ffhq_images
img005692.jpg,gf/ffhq_images/img005692.jpg,6,ffhq_images
img008784.jpg,gf/ffhq_images/img008784.jpg,6,ffhq_images
img006610.jpg,gf/ffhq_images/img006610.jpg,6,ffhq_images
img008447.jpg,gf/ffhq_images/img008447.jpg,6,ffhq_images
img005686.jpg,gf/ffhq_images/img005686.jpg,6,ffhq_images
img008449.jpg,gf/ffhq_images/img008449.jpg,6,ffhq_images
img005311.jpg,gf/ffhq_images/img005311.jpg,6,ffhq_images
img006564.jpg,gf/ffhq_images/img006564.jpg,6,ffhq_images
img005680.jpg,gf/ffhq_images/img005680.jpg,6,ffhq_images
img009576.jpg,gf/ffhq_images/img009576.jpg,6,ffhq_images
img005397.jpg,gf/ffhq_images/img005397.jpg,6,ffhq_images
img008166.jpg,gf/ffhq_images/img008166.jpg,6,ffhq_images
img009411.jpg,gf/ffhq_images/img009411.jpg,6,ffhq_images
img009418.jpg,gf/ffhq_images/img009418.jpg,6,ffhq_images
img006085.jpg,gf/ffhq_images/img006085.jpg,6,ffhq_images
img009473.jpg,gf/ffhq_images/img009473.jpg,6,ffhq_images
img006987.jpg,gf/ffhq_images/img006987.jpg,6,ffhq_images
img009364.jpg,gf/ffhq_images/img009364.jpg,6,ffhq_images
img005684.jpg,gf/ffhq_images/img005684.jpg,6,ffhq_images
img009837.jpg,gf/ffhq_images/img009837.jpg,6,ffhq_images
img007503.jpg,gf/ffhq_images/img007503.jpg,6,ffhq_images
img007243.jpg,gf/ffhq_images/img007243.jpg,6,ffhq_images
img009705.jpg,gf/ffhq_images/img009705.jpg,6,ffhq_images
img008826.jpg,gf/ffhq_images/img008826.jpg,6,ffhq_images
img008065.jpg,gf/ffhq_images/img008065.jpg,6,ffhq_images
img009050.jpg,gf/ffhq_images/img009050.jpg,6,ffhq_images
img005944.jpg,gf/ffhq_images/img005944.jpg,6,ffhq_images
img009406.jpg,gf/ffhq_images/img009406.jpg,6,ffhq_images
img007467.jpg,gf/ffhq_images/img007467.jpg,6,ffhq_images
img008848.jpg,gf/ffhq_images/img008848.jpg,6,ffhq_images
img005059.jpg,gf/ffhq_images/img005059.jpg,6,ffhq_images
img007647.jpg,gf/ffhq_images/img007647.jpg,6,ffhq_images
img005239.jpg,gf/ffhq_images/img005239.jpg,6,ffhq_images
img008110.jpg,gf/ffhq_images/img008110.jpg,6,ffhq_images
img006890.jpg,gf/ffhq_images/img006890.jpg,6,ffhq_images
img008126.jpg,gf/ffhq_images/img008126.jpg,6,ffhq_images
img007284.jpg,gf/ffhq_images/img007284.jpg,6,ffhq_images
img009413.jpg,gf/ffhq_images/img009413.jpg,6,ffhq_images
img006044.jpg,gf/ffhq_images/img006044.jpg,6,ffhq_images
img008676.jpg,gf/ffhq_images/img008676.jpg,6,ffhq_images
img009775.jpg,gf/ffhq_images/img009775.jpg,6,ffhq_images
img006500.jpg,gf/ffhq_images/img006500.jpg,6,ffhq_images
img007777.jpg,gf/ffhq_images/img007777.jpg,6,ffhq_images
img009776.jpg,gf/ffhq_images/img009776.jpg,6,ffhq_images
img005493.jpg,gf/ffhq_images/img005493.jpg,6,ffhq_images
img005718.jpg,gf/ffhq_images/img005718.jpg,6,ffhq_images
img008954.jpg,gf/ffhq_images/img008954.jpg,6,ffhq_images
img008685.jpg,gf/ffhq_images/img008685.jpg,6,ffhq_images
img008385.jpg,gf/ffhq_images/img008385.jpg,6,ffhq_images
img005490.jpg,gf/ffhq_images/img005490.jpg,6,ffhq_images
img006366.jpg,gf/ffhq_images/img006366.jpg,6,ffhq_images
img008590.jpg,gf/ffhq_images/img008590.jpg,6,ffhq_images
img005940.jpg,gf/ffhq_images/img005940.jpg,6,ffhq_images
img008136.jpg,gf/ffhq_images/img008136.jpg,6,ffhq_images
img008797.jpg,gf/ffhq_images/img008797.jpg,6,ffhq_images
img005125.jpg,gf/ffhq_images/img005125.jpg,6,ffhq_images
img008411.jpg,gf/ffhq_images/img008411.jpg,6,ffhq_images
img005919.jpg,gf/ffhq_images/img005919.jpg,6,ffhq_images
img009968.jpg,gf/ffhq_images/img009968.jpg,6,ffhq_images
img007152.jpg,gf/ffhq_images/img007152.jpg,6,ffhq_images
img006921.jpg,gf/ffhq_images/img006921.jpg,6,ffhq_images
img005510.jpg,gf/ffhq_images/img005510.jpg,6,ffhq_images
img009046.jpg,gf/ffhq_images/img009046.jpg,6,ffhq_images
img007173.jpg,gf/ffhq_images/img007173.jpg,6,ffhq_images
img005220.jpg,gf/ffhq_images/img005220.jpg,6,ffhq_images
img006866.jpg,gf/ffhq_images/img006866.jpg,6,ffhq_images
img008721.jpg,gf/ffhq_images/img008721.jpg,6,ffhq_images
img006342.jpg,gf/ffhq_images/img006342.jpg,6,ffhq_images
img005046.jpg,gf/ffhq_images/img005046.jpg,6,ffhq_images
img007156.jpg,gf/ffhq_images/img007156.jpg,6,ffhq_images
img007893.jpg,gf/ffhq_images/img007893.jpg,6,ffhq_images
img009315.jpg,gf/ffhq_images/img009315.jpg,6,ffhq_images
img006465.jpg,gf/ffhq_images/img006465.jpg,6,ffhq_images
img009045.jpg,gf/ffhq_images/img009045.jpg,6,ffhq_images
img009348.jpg,gf/ffhq_images/img009348.jpg,6,ffhq_images
img008156.jpg,gf/ffhq_images/img008156.jpg,6,ffhq_images
img005679.jpg,gf/ffhq_images/img005679.jpg,6,ffhq_images
img007653.jpg,gf/ffhq_images/img007653.jpg,6,ffhq_images
img009553.jpg,gf/ffhq_images/img009553.jpg,6,ffhq_images
img009753.jpg,gf/ffhq_images/img009753.jpg,6,ffhq_images
img009921.jpg,gf/ffhq_images/img009921.jpg,6,ffhq_images
img008249.jpg,gf/ffhq_images/img008249.jpg,6,ffhq_images
img008680.jpg,gf/ffhq_images/img008680.jpg,6,ffhq_images
img009672.jpg,gf/ffhq_images/img009672.jpg,6,ffhq_images
img006072.jpg,gf/ffhq_images/img006072.jpg,6,ffhq_images
img006042.jpg,gf/ffhq_images/img006042.jpg,6,ffhq_images
img008004.jpg,gf/ffhq_images/img008004.jpg,6,ffhq_images
img009511.jpg,gf/ffhq_images/img009511.jpg,6,ffhq_images
img005660.jpg,gf/ffhq_images/img005660.jpg,6,ffhq_images
img005178.jpg,gf/ffhq_images/img005178.jpg,6,ffhq_images
img005393.jpg,gf/ffhq_images/img005393.jpg,6,ffhq_images
img005175.jpg,gf/ffhq_images/img005175.jpg,6,ffhq_images
img007269.jpg,gf/ffhq_images/img007269.jpg,6,ffhq_images
img006525.jpg,gf/ffhq_images/img006525.jpg,6,ffhq_images
img008256.jpg,gf/ffhq_images/img008256.jpg,6,ffhq_images
img007340.jpg,gf/ffhq_images/img007340.jpg,6,ffhq_images
img007298.jpg,gf/ffhq_images/img007298.jpg,6,ffhq_images
img009390.jpg,gf/ffhq_images/img009390.jpg,6,ffhq_images
img008536.jpg,gf/ffhq_images/img008536.jpg,6,ffhq_images
img008058.jpg,gf/ffhq_images/img008058.jpg,6,ffhq_images
img006464.jpg,gf/ffhq_images/img006464.jpg,6,ffhq_images
img006408.jpg,gf/ffhq_images/img006408.jpg,6,ffhq_images
img009777.jpg,gf/ffhq_images/img009777.jpg,6,ffhq_images
img006563.jpg,gf/ffhq_images/img006563.jpg,6,ffhq_images
img007820.jpg,gf/ffhq_images/img007820.jpg,6,ffhq_images
img005222.jpg,gf/ffhq_images/img005222.jpg,6,ffhq_images
img005791.jpg,gf/ffhq_images/img005791.jpg,6,ffhq_images
img007169.jpg,gf/ffhq_images/img007169.jpg,6,ffhq_images
img009488.jpg,gf/ffhq_images/img009488.jpg,6,ffhq_images
img008650.jpg,gf/ffhq_images/img008650.jpg,6,ffhq_images
img008325.jpg,gf/ffhq_images/img008325.jpg,6,ffhq_images
img009112.jpg,gf/ffhq_images/img009112.jpg,6,ffhq_images
img007188.jpg,gf/ffhq_images/img007188.jpg,6,ffhq_images
img005445.jpg,gf/ffhq_images/img005445.jpg,6,ffhq_images
img005705.jpg,gf/ffhq_images/img005705.jpg,6,ffhq_images
img008790.jpg,gf/ffhq_images/img008790.jpg,6,ffhq_images
img006868.jpg,gf/ffhq_images/img006868.jpg,6,ffhq_images
img007354.jpg,gf/ffhq_images/img007354.jpg,6,ffhq_images
img006620.jpg,gf/ffhq_images/img006620.jpg,6,ffhq_images
img005132.jpg,gf/ffhq_images/img005132.jpg,6,ffhq_images
img008226.jpg,gf/ffhq_images/img008226.jpg,6,ffhq_images
img008889.jpg,gf/ffhq_images/img008889.jpg,6,ffhq_images
img006002.jpg,gf/ffhq_images/img006002.jpg,6,ffhq_images
img009030.jpg,gf/ffhq_images/img009030.jpg,6,ffhq_images
img007957.jpg,gf/ffhq_images/img007957.jpg,6,ffhq_images
img009444.jpg,gf/ffhq_images/img009444.jpg,6,ffhq_images
img009912.jpg,gf/ffhq_images/img009912.jpg,6,ffhq_images
img008290.jpg,gf/ffhq_images/img008290.jpg,6,ffhq_images
img009904.jpg,gf/ffhq_images/img009904.jpg,6,ffhq_images
img005166.jpg,gf/ffhq_images/img005166.jpg,6,ffhq_images
img005831.jpg,gf/ffhq_images/img005831.jpg,6,ffhq_images
img006706.jpg,gf/ffhq_images/img006706.jpg,6,ffhq_images
img007148.jpg,gf/ffhq_images/img007148.jpg,6,ffhq_images
img007665.jpg,gf/ffhq_images/img007665.jpg,6,ffhq_images
img007768.jpg,gf/ffhq_images/img007768.jpg,6,ffhq_images
img005061.jpg,gf/ffhq_images/img005061.jpg,6,ffhq_images
img009592.jpg,gf/ffhq_images/img009592.jpg,6,ffhq_images
img008297.jpg,gf/ffhq_images/img008297.jpg,6,ffhq_images
img005916.jpg,gf/ffhq_images/img005916.jpg,6,ffhq_images
img007292.jpg,gf/ffhq_images/img007292.jpg,6,ffhq_images
img005060.jpg,gf/ffhq_images/img005060.jpg,6,ffhq_images
img009552.jpg,gf/ffhq_images/img009552.jpg,6,ffhq_images
img005103.jpg,gf/ffhq_images/img005103.jpg,6,ffhq_images
img006611.jpg,gf/ffhq_images/img006611.jpg,6,ffhq_images
img005026.jpg,gf/ffhq_images/img005026.jpg,6,ffhq_images
img007975.jpg,gf/ffhq_images/img007975.jpg,6,ffhq_images
img007130.jpg,gf/ffhq_images/img007130.jpg,6,ffhq_images
img007706.jpg,gf/ffhq_images/img007706.jpg,6,ffhq_images
img008242.jpg,gf/ffhq_images/img008242.jpg,6,ffhq_images
img007016.jpg,gf/ffhq_images/img007016.jpg,6,ffhq_images
img008728.jpg,gf/ffhq_images/img008728.jpg,6,ffhq_images
img009248.jpg,gf/ffhq_images/img009248.jpg,6,ffhq_images
img005174.jpg,gf/ffhq_images/img005174.jpg,6,ffhq_images
img009737.jpg,gf/ffhq_images/img009737.jpg,6,ffhq_images
img008865.jpg,gf/ffhq_images/img008865.jpg,6,ffhq_images
img007644.jpg,gf/ffhq_images/img007644.jpg,6,ffhq_images
img005173.jpg,gf/ffhq_images/img005173.jpg,6,ffhq_images
img008402.jpg,gf/ffhq_images/img008402.jpg,6,ffhq_images
img007891.jpg,gf/ffhq_images/img007891.jpg,6,ffhq_images
img006820.jpg,gf/ffhq_images/img006820.jpg,6,ffhq_images
img009655.jpg,gf/ffhq_images/img009655.jpg,6,ffhq_images
img008362.jpg,gf/ffhq_images/img008362.jpg,6,ffhq_images
img007672.jpg,gf/ffhq_images/img007672.jpg,6,ffhq_images
img009274.jpg,gf/ffhq_images/img009274.jpg,6,ffhq_images
img005444.jpg,gf/ffhq_images/img005444.jpg,6,ffhq_images
img005548.jpg,gf/ffhq_images/img005548.jpg,6,ffhq_images
img009014.jpg,gf/ffhq_images/img009014.jpg,6,ffhq_images
img007935.jpg,gf/ffhq_images/img007935.jpg,6,ffhq_images
img009039.jpg,gf/ffhq_images/img009039.jpg,6,ffhq_images
img008383.jpg,gf/ffhq_images/img008383.jpg,6,ffhq_images
img008703.jpg,gf/ffhq_images/img008703.jpg,6,ffhq_images
img006422.jpg,gf/ffhq_images/img006422.jpg,6,ffhq_images
img005569.jpg,gf/ffhq_images/img005569.jpg,6,ffhq_images
img005712.jpg,gf/ffhq_images/img005712.jpg,6,ffhq_images
img006063.jpg,gf/ffhq_images/img006063.jpg,6,ffhq_images
img008854.jpg,gf/ffhq_images/img008854.jpg,6,ffhq_images
img006643.jpg,gf/ffhq_images/img006643.jpg,6,ffhq_images
img006838.jpg,gf/ffhq_images/img006838.jpg,6,ffhq_images
img005503.jpg,gf/ffhq_images/img005503.jpg,6,ffhq_images
img006934.jpg,gf/ffhq_images/img006934.jpg,6,ffhq_images
img005683.jpg,gf/ffhq_images/img005683.jpg,6,ffhq_images
img006803.jpg,gf/ffhq_images/img006803.jpg,6,ffhq_images
img007127.jpg,gf/ffhq_images/img007127.jpg,6,ffhq_images
img009150.jpg,gf/ffhq_images/img009150.jpg,6,ffhq_images
img007673.jpg,gf/ffhq_images/img007673.jpg,6,ffhq_images
img009189.jpg,gf/ffhq_images/img009189.jpg,6,ffhq_images
img007960.jpg,gf/ffhq_images/img007960.jpg,6,ffhq_images
img006471.jpg,gf/ffhq_images/img006471.jpg,6,ffhq_images
img008626.jpg,gf/ffhq_images/img008626.jpg,6,ffhq_images
img005556.jpg,gf/ffhq_images/img005556.jpg,6,ffhq_images
img006254.jpg,gf/ffhq_images/img006254.jpg,6,ffhq_images
img008275.jpg,gf/ffhq_images/img008275.jpg,6,ffhq_images
img007026.jpg,gf/ffhq_images/img007026.jpg,6,ffhq_images
img008287.jpg,gf/ffhq_images/img008287.jpg,6,ffhq_images
img007637.jpg,gf/ffhq_images/img007637.jpg,6,ffhq_images
img005306.jpg,gf/ffhq_images/img005306.jpg,6,ffhq_images
img007741.jpg,gf/ffhq_images/img007741.jpg,6,ffhq_images
img007069.jpg,gf/ffhq_images/img007069.jpg,6,ffhq_images
img007721.jpg,gf/ffhq_images/img007721.jpg,6,ffhq_images
img007875.jpg,gf/ffhq_images/img007875.jpg,6,ffhq_images
img009783.jpg,gf/ffhq_images/img009783.jpg,6,ffhq_images
img006481.jpg,gf/ffhq_images/img006481.jpg,6,ffhq_images
img006863.jpg,gf/ffhq_images/img006863.jpg,6,ffhq_images
img005122.jpg,gf/ffhq_images/img005122.jpg,6,ffhq_images
img009478.jpg,gf/ffhq_images/img009478.jpg,6,ffhq_images
img006412.jpg,gf/ffhq_images/img006412.jpg,6,ffhq_images
img006266.jpg,gf/ffhq_images/img006266.jpg,6,ffhq_images
img009845.jpg,gf/ffhq_images/img009845.jpg,6,ffhq_images
img005461.jpg,gf/ffhq_images/img005461.jpg,6,ffhq_images
img009802.jpg,gf/ffhq_images/img009802.jpg,6,ffhq_images
img009291.jpg,gf/ffhq_images/img009291.jpg,6,ffhq_images
img005299.jpg,gf/ffhq_images/img005299.jpg,6,ffhq_images
img007306.jpg,gf/ffhq_images/img007306.jpg,6,ffhq_images
img005697.jpg,gf/ffhq_images/img005697.jpg,6,ffhq_images
img007822.jpg,gf/ffhq_images/img007822.jpg,6,ffhq_images
img007331.jpg,gf/ffhq_images/img007331.jpg,6,ffhq_images
img009175.jpg,gf/ffhq_images/img009175.jpg,6,ffhq_images
img005236.jpg,gf/ffhq_images/img005236.jpg,6,ffhq_images
img009469.jpg,gf/ffhq_images/img009469.jpg,6,ffhq_images
img009031.jpg,gf/ffhq_images/img009031.jpg,6,ffhq_images
img008636.jpg,gf/ffhq_images/img008636.jpg,6,ffhq_images
img006746.jpg,gf/ffhq_images/img006746.jpg,6,ffhq_images
img009436.jpg,gf/ffhq_images/img009436.jpg,6,ffhq_images
img007135.jpg,gf/ffhq_images/img007135.jpg,6,ffhq_images
img008823.jpg,gf/ffhq_images/img008823.jpg,6,ffhq_images
img009072.jpg,gf/ffhq_images/img009072.jpg,6,ffhq_images
img008649.jpg,gf/ffhq_images/img008649.jpg,6,ffhq_images
img006031.jpg,gf/ffhq_images/img006031.jpg,6,ffhq_images
img009640.jpg,gf/ffhq_images/img009640.jpg,6,ffhq_images
img006991.jpg,gf/ffhq_images/img006991.jpg,6,ffhq_images
img006510.jpg,gf/ffhq_images/img006510.jpg,6,ffhq_images
img005851.jpg,gf/ffhq_images/img005851.jpg,6,ffhq_images
img008494.jpg,gf/ffhq_images/img008494.jpg,6,ffhq_images
img009537.jpg,gf/ffhq_images/img009537.jpg,6,ffhq_images
img007833.jpg,gf/ffhq_images/img007833.jpg,6,ffhq_images
img007456.jpg,gf/ffhq_images/img007456.jpg,6,ffhq_images
img005719.jpg,gf/ffhq_images/img005719.jpg,6,ffhq_images
img009492.jpg,gf/ffhq_images/img009492.jpg,6,ffhq_images
img009735.jpg,gf/ffhq_images/img009735.jpg,6,ffhq_images
img009572.jpg,gf/ffhq_images/img009572.jpg,6,ffhq_images
img008288.jpg,gf/ffhq_images/img008288.jpg,6,ffhq_images
img007341.jpg,gf/ffhq_images/img007341.jpg,6,ffhq_images
img009992.jpg,gf/ffhq_images/img009992.jpg,6,ffhq_images
img005628.jpg,gf/ffhq_images/img005628.jpg,6,ffhq_images
img006434.jpg,gf/ffhq_images/img006434.jpg,6,ffhq_images
img006175.jpg,gf/ffhq_images/img006175.jpg,6,ffhq_images
img009138.jpg,gf/ffhq_images/img009138.jpg,6,ffhq_images
img009979.jpg,gf/ffhq_images/img009979.jpg,6,ffhq_images
img005502.jpg,gf/ffhq_images/img005502.jpg,6,ffhq_images
img009247.jpg,gf/ffhq_images/img009247.jpg,6,ffhq_images
img008084.jpg,gf/ffhq_images/img008084.jpg,6,ffhq_images
img009608.jpg,gf/ffhq_images/img009608.jpg,6,ffhq_images
img008375.jpg,gf/ffhq_images/img008375.jpg,6,ffhq_images
img006787.jpg,gf/ffhq_images/img006787.jpg,6,ffhq_images
img007358.jpg,gf/ffhq_images/img007358.jpg,6,ffhq_images
img009190.jpg,gf/ffhq_images/img009190.jpg,6,ffhq_images
img007636.jpg,gf/ffhq_images/img007636.jpg,6,ffhq_images
img007828.jpg,gf/ffhq_images/img007828.jpg,6,ffhq_images
img009176.jpg,gf/ffhq_images/img009176.jpg,6,ffhq_images
img008181.jpg,gf/ffhq_images/img008181.jpg,6,ffhq_images
img009958.jpg,gf/ffhq_images/img009958.jpg,6,ffhq_images
img009489.jpg,gf/ffhq_images/img009489.jpg,6,ffhq_images
img007390.jpg,gf/ffhq_images/img007390.jpg,6,ffhq_images
img008552.jpg,gf/ffhq_images/img008552.jpg,6,ffhq_images
img005984.jpg,gf/ffhq_images/img005984.jpg,6,ffhq_images
img007688.jpg,gf/ffhq_images/img007688.jpg,6,ffhq_images
img006071.jpg,gf/ffhq_images/img006071.jpg,6,ffhq_images
img005364.jpg,gf/ffhq_images/img005364.jpg,6,ffhq_images
img005190.jpg,gf/ffhq_images/img005190.jpg,6,ffhq_images
img005578.jpg,gf/ffhq_images/img005578.jpg,6,ffhq_images
img009090.jpg,gf/ffhq_images/img009090.jpg,6,ffhq_images
img008024.jpg,gf/ffhq_images/img008024.jpg,6,ffhq_images
img006174.jpg,gf/ffhq_images/img006174.jpg,6,ffhq_images
img006845.jpg,gf/ffhq_images/img006845.jpg,6,ffhq_images
img006804.jpg,gf/ffhq_images/img006804.jpg,6,ffhq_images
img005937.jpg,gf/ffhq_images/img005937.jpg,6,ffhq_images
img009997.jpg,gf/ffhq_images/img009997.jpg,6,ffhq_images
img005475.jpg,gf/ffhq_images/img005475.jpg,6,ffhq_images
img007494.jpg,gf/ffhq_images/img007494.jpg,6,ffhq_images
img009898.jpg,gf/ffhq_images/img009898.jpg,6,ffhq_images
img008851.jpg,gf/ffhq_images/img008851.jpg,6,ffhq_images
img005615.jpg,gf/ffhq_images/img005615.jpg,6,ffhq_images
img006624.jpg,gf/ffhq_images/img006624.jpg,6,ffhq_images
img008885.jpg,gf/ffhq_images/img008885.jpg,6,ffhq_images
img008739.jpg,gf/ffhq_images/img008739.jpg,6,ffhq_images
img005128.jpg,gf/ffhq_images/img005128.jpg,6,ffhq_images
img005908.jpg,gf/ffhq_images/img005908.jpg,6,ffhq_images
img008754.jpg,gf/ffhq_images/img008754.jpg,6,ffhq_images
img006893.jpg,gf/ffhq_images/img006893.jpg,6,ffhq_images
img009959.jpg,gf/ffhq_images/img009959.jpg,6,ffhq_images
img008694.jpg,gf/ffhq_images/img008694.jpg,6,ffhq_images
img009625.jpg,gf/ffhq_images/img009625.jpg,6,ffhq_images
img007063.jpg,gf/ffhq_images/img007063.jpg,6,ffhq_images
img005698.jpg,gf/ffhq_images/img005698.jpg,6,ffhq_images
img005736.jpg,gf/ffhq_images/img005736.jpg,6,ffhq_images
img005377.jpg,gf/ffhq_images/img005377.jpg,6,ffhq_images
img005221.jpg,gf/ffhq_images/img005221.jpg,6,ffhq_images
img008463.jpg,gf/ffhq_images/img008463.jpg,6,ffhq_images
img008524.jpg,gf/ffhq_images/img008524.jpg,6,ffhq_images
img007760.jpg,gf/ffhq_images/img007760.jpg,6,ffhq_images
img009108.jpg,gf/ffhq_images/img009108.jpg,6,ffhq_images
img005281.jpg,gf/ffhq_images/img005281.jpg,6,ffhq_images
img007633.jpg,gf/ffhq_images/img007633.jpg,6,ffhq_images
img005314.jpg,gf/ffhq_images/img005314.jpg,6,ffhq_images
img007441.jpg,gf/ffhq_images/img007441.jpg,6,ffhq_images
img007435.jpg,gf/ffhq_images/img007435.jpg,6,ffhq_images
img008214.jpg,gf/ffhq_images/img008214.jpg,6,ffhq_images
img007103.jpg,gf/ffhq_images/img007103.jpg,6,ffhq_images
img007964.jpg,gf/ffhq_images/img007964.jpg,6,ffhq_images
img006506.jpg,gf/ffhq_images/img006506.jpg,6,ffhq_images
img009634.jpg,gf/ffhq_images/img009634.jpg,6,ffhq_images
img008037.jpg,gf/ffhq_images/img008037.jpg,6,ffhq_images
img009914.jpg,gf/ffhq_images/img009914.jpg,6,ffhq_images
img005690.jpg,gf/ffhq_images/img005690.jpg,6,ffhq_images
img007406.jpg,gf/ffhq_images/img007406.jpg,6,ffhq_images
img009879.jpg,gf/ffhq_images/img009879.jpg,6,ffhq_images
img005420.jpg,gf/ffhq_images/img005420.jpg,6,ffhq_images
img008785.jpg,gf/ffhq_images/img008785.jpg,6,ffhq_images
img006203.jpg,gf/ffhq_images/img006203.jpg,6,ffhq_images
img005848.jpg,gf/ffhq_images/img005848.jpg,6,ffhq_images
img009711.jpg,gf/ffhq_images/img009711.jpg,6,ffhq_images
img009255.jpg,gf/ffhq_images/img009255.jpg,6,ffhq_images
img006814.jpg,gf/ffhq_images/img006814.jpg,6,ffhq_images
img009161.jpg,gf/ffhq_images/img009161.jpg,6,ffhq_images
img008196.jpg,gf/ffhq_images/img008196.jpg,6,ffhq_images
img008660.jpg,gf/ffhq_images/img008660.jpg,6,ffhq_images
img005779.jpg,gf/ffhq_images/img005779.jpg,6,ffhq_images
img006124.jpg,gf/ffhq_images/img006124.jpg,6,ffhq_images
img009361.jpg,gf/ffhq_images/img009361.jpg,6,ffhq_images
img009996.jpg,gf/ffhq_images/img009996.jpg,6,ffhq_images
img007780.jpg,gf/ffhq_images/img007780.jpg,6,ffhq_images
img007943.jpg,gf/ffhq_images/img007943.jpg,6,ffhq_images
img009704.jpg,gf/ffhq_images/img009704.jpg,6,ffhq_images
img005606.jpg,gf/ffhq_images/img005606.jpg,6,ffhq_images
img008064.jpg,gf/ffhq_images/img008064.jpg,6,ffhq_images
img007233.jpg,gf/ffhq_images/img007233.jpg,6,ffhq_images
img008010.jpg,gf/ffhq_images/img008010.jpg,6,ffhq_images
img005550.jpg,gf/ffhq_images/img005550.jpg,6,ffhq_images
img005525.jpg,gf/ffhq_images/img005525.jpg,6,ffhq_images
img007882.jpg,gf/ffhq_images/img007882.jpg,6,ffhq_images
img008517.jpg,gf/ffhq_images/img008517.jpg,6,ffhq_images
img006953.jpg,gf/ffhq_images/img006953.jpg,6,ffhq_images
img008461.jpg,gf/ffhq_images/img008461.jpg,6,ffhq_images
img005629.jpg,gf/ffhq_images/img005629.jpg,6,ffhq_images
img009049.jpg,gf/ffhq_images/img009049.jpg,6,ffhq_images
img005753.jpg,gf/ffhq_images/img005753.jpg,6,ffhq_images
img008884.jpg,gf/ffhq_images/img008884.jpg,6,ffhq_images
img007796.jpg,gf/ffhq_images/img007796.jpg,6,ffhq_images
img009503.jpg,gf/ffhq_images/img009503.jpg,6,ffhq_images
img005744.jpg,gf/ffhq_images/img005744.jpg,6,ffhq_images
img009242.jpg,gf/ffhq_images/img009242.jpg,6,ffhq_images
img009074.jpg,gf/ffhq_images/img009074.jpg,6,ffhq_images
img007522.jpg,gf/ffhq_images/img007522.jpg,6,ffhq_images
img005117.jpg,gf/ffhq_images/img005117.jpg,6,ffhq_images
img005410.jpg,gf/ffhq_images/img005410.jpg,6,ffhq_images
img006932.jpg,gf/ffhq_images/img006932.jpg,6,ffhq_images
img007376.jpg,gf/ffhq_images/img007376.jpg,6,ffhq_images
img009946.jpg,gf/ffhq_images/img009946.jpg,6,ffhq_images
img005924.jpg,gf/ffhq_images/img005924.jpg,6,ffhq_images
img007229.jpg,gf/ffhq_images/img007229.jpg,6,ffhq_images
img008920.jpg,gf/ffhq_images/img008920.jpg,6,ffhq_images
img008667.jpg,gf/ffhq_images/img008667.jpg,6,ffhq_images
img008742.jpg,gf/ffhq_images/img008742.jpg,6,ffhq_images
img009670.jpg,gf/ffhq_images/img009670.jpg,6,ffhq_images
img006041.jpg,gf/ffhq_images/img006041.jpg,6,ffhq_images
img007205.jpg,gf/ffhq_images/img007205.jpg,6,ffhq_images
img005284.jpg,gf/ffhq_images/img005284.jpg,6,ffhq_images
img007079.jpg,gf/ffhq_images/img007079.jpg,6,ffhq_images
img007383.jpg,gf/ffhq_images/img007383.jpg,6,ffhq_images
img007969.jpg,gf/ffhq_images/img007969.jpg,6,ffhq_images
img007544.jpg,gf/ffhq_images/img007544.jpg,6,ffhq_images
img006267.jpg,gf/ffhq_images/img006267.jpg,6,ffhq_images
img006297.jpg,gf/ffhq_images/img006297.jpg,6,ffhq_images
img008625.jpg,gf/ffhq_images/img008625.jpg,6,ffhq_images
img007336.jpg,gf/ffhq_images/img007336.jpg,6,ffhq_images
img008488.jpg,gf/ffhq_images/img008488.jpg,6,ffhq_images
img006702.jpg,gf/ffhq_images/img006702.jpg,6,ffhq_images
img007880.jpg,gf/ffhq_images/img007880.jpg,6,ffhq_images
img006487.jpg,gf/ffhq_images/img006487.jpg,6,ffhq_images
img009000.jpg,gf/ffhq_images/img009000.jpg,6,ffhq_images
img008230.jpg,gf/ffhq_images/img008230.jpg,6,ffhq_images
img005600.jpg,gf/ffhq_images/img005600.jpg,6,ffhq_images
img007022.jpg,gf/ffhq_images/img007022.jpg,6,ffhq_images
img006892.jpg,gf/ffhq_images/img006892.jpg,6,ffhq_images
img007099.jpg,gf/ffhq_images/img007099.jpg,6,ffhq_images
img006348.jpg,gf/ffhq_images/img006348.jpg,6,ffhq_images
img006223.jpg,gf/ffhq_images/img006223.jpg,6,ffhq_images
img007630.jpg,gf/ffhq_images/img007630.jpg,6,ffhq_images
img006030.jpg,gf/ffhq_images/img006030.jpg,6,ffhq_images
img005923.jpg,gf/ffhq_images/img005923.jpg,6,ffhq_images
img005069.jpg,gf/ffhq_images/img005069.jpg,6,ffhq_images
img007054.jpg,gf/ffhq_images/img007054.jpg,6,ffhq_images
img006347.jpg,gf/ffhq_images/img006347.jpg,6,ffhq_images
img009078.jpg,gf/ffhq_images/img009078.jpg,6,ffhq_images
img006469.jpg,gf/ffhq_images/img006469.jpg,6,ffhq_images
img006064.jpg,gf/ffhq_images/img006064.jpg,6,ffhq_images
img007838.jpg,gf/ffhq_images/img007838.jpg,6,ffhq_images
img008342.jpg,gf/ffhq_images/img008342.jpg,6,ffhq_images
img008941.jpg,gf/ffhq_images/img008941.jpg,6,ffhq_images
img007728.jpg,gf/ffhq_images/img007728.jpg,6,ffhq_images
img008716.jpg,gf/ffhq_images/img008716.jpg,6,ffhq_images
img009263.jpg,gf/ffhq_images/img009263.jpg,6,ffhq_images
img005633.jpg,gf/ffhq_images/img005633.jpg,6,ffhq_images
img007396.jpg,gf/ffhq_images/img007396.jpg,6,ffhq_images
img007592.jpg,gf/ffhq_images/img007592.jpg,6,ffhq_images
img005428.jpg,gf/ffhq_images/img005428.jpg,6,ffhq_images
img009832.jpg,gf/ffhq_images/img009832.jpg,6,ffhq_images
img008820.jpg,gf/ffhq_images/img008820.jpg,6,ffhq_images
img006405.jpg,gf/ffhq_images/img006405.jpg,6,ffhq_images
img009811.jpg,gf/ffhq_images/img009811.jpg,6,ffhq_images
img009707.jpg,gf/ffhq_images/img009707.jpg,6,ffhq_images
img006512.jpg,gf/ffhq_images/img006512.jpg,6,ffhq_images
img006990.jpg,gf/ffhq_images/img006990.jpg,6,ffhq_images
img009182.jpg,gf/ffhq_images/img009182.jpg,6,ffhq_images
img008172.jpg,gf/ffhq_images/img008172.jpg,6,ffhq_images
img007323.jpg,gf/ffhq_images/img007323.jpg,6,ffhq_images
img005904.jpg,gf/ffhq_images/img005904.jpg,6,ffhq_images
img006871.jpg,gf/ffhq_images/img006871.jpg,6,ffhq_images
img009427.jpg,gf/ffhq_images/img009427.jpg,6,ffhq_images
img009159.jpg,gf/ffhq_images/img009159.jpg,6,ffhq_images
img008595.jpg,gf/ffhq_images/img008595.jpg,6,ffhq_images
img009479.jpg,gf/ffhq_images/img009479.jpg,6,ffhq_images
img006047.jpg,gf/ffhq_images/img006047.jpg,6,ffhq_images
img008977.jpg,gf/ffhq_images/img008977.jpg,6,ffhq_images
img007337.jpg,gf/ffhq_images/img007337.jpg,6,ffhq_images
img007196.jpg,gf/ffhq_images/img007196.jpg,6,ffhq_images
img006666.jpg,gf/ffhq_images/img006666.jpg,6,ffhq_images
img006251.jpg,gf/ffhq_images/img006251.jpg,6,ffhq_images
img006537.jpg,gf/ffhq_images/img006537.jpg,6,ffhq_images
img006629.jpg,gf/ffhq_images/img006629.jpg,6,ffhq_images
img008740.jpg,gf/ffhq_images/img008740.jpg,6,ffhq_images
img005096.jpg,gf/ffhq_images/img005096.jpg,6,ffhq_images
img009077.jpg,gf/ffhq_images/img009077.jpg,6,ffhq_images
img008022.jpg,gf/ffhq_images/img008022.jpg,6,ffhq_images
img005335.jpg,gf/ffhq_images/img005335.jpg,6,ffhq_images
img009586.jpg,gf/ffhq_images/img009586.jpg,6,ffhq_images
img006741.jpg,gf/ffhq_images/img006741.jpg,6,ffhq_images
img008540.jpg,gf/ffhq_images/img008540.jpg,6,ffhq_images
img009983.jpg,gf/ffhq_images/img009983.jpg,6,ffhq_images
img009860.jpg,gf/ffhq_images/img009860.jpg,6,ffhq_images
img007717.jpg,gf/ffhq_images/img007717.jpg,6,ffhq_images
img007918.jpg,gf/ffhq_images/img007918.jpg,6,ffhq_images
img007123.jpg,gf/ffhq_images/img007123.jpg,6,ffhq_images
img008670.jpg,gf/ffhq_images/img008670.jpg,6,ffhq_images
img007245.jpg,gf/ffhq_images/img007245.jpg,6,ffhq_images
img009966.jpg,gf/ffhq_images/img009966.jpg,6,ffhq_images
img008341.jpg,gf/ffhq_images/img008341.jpg,6,ffhq_images
img008200.jpg,gf/ffhq_images/img008200.jpg,6,ffhq_images
img009760.jpg,gf/ffhq_images/img009760.jpg,6,ffhq_images
img005886.jpg,gf/ffhq_images/img005886.jpg,6,ffhq_images
img006909.jpg,gf/ffhq_images/img006909.jpg,6,ffhq_images
img006683.jpg,gf/ffhq_images/img006683.jpg,6,ffhq_images
img009088.jpg,gf/ffhq_images/img009088.jpg,6,ffhq_images
img008622.jpg,gf/ffhq_images/img008622.jpg,6,ffhq_images
img006599.jpg,gf/ffhq_images/img006599.jpg,6,ffhq_images
img007351.jpg,gf/ffhq_images/img007351.jpg,6,ffhq_images
img008485.jpg,gf/ffhq_images/img008485.jpg,6,ffhq_images
img008973.jpg,gf/ffhq_images/img008973.jpg,6,ffhq_images
img006436.jpg,gf/ffhq_images/img006436.jpg,6,ffhq_images
img008194.jpg,gf/ffhq_images/img008194.jpg,6,ffhq_images
img007671.jpg,gf/ffhq_images/img007671.jpg,6,ffhq_images
img006306.jpg,gf/ffhq_images/img006306.jpg,6,ffhq_images
img006000.jpg,gf/ffhq_images/img006000.jpg,6,ffhq_images
img007221.jpg,gf/ffhq_images/img007221.jpg,6,ffhq_images
img007473.jpg,gf/ffhq_images/img007473.jpg,6,ffhq_images
img005729.jpg,gf/ffhq_images/img005729.jpg,6,ffhq_images
img009119.jpg,gf/ffhq_images/img009119.jpg,6,ffhq_images
img005024.jpg,gf/ffhq_images/img005024.jpg,6,ffhq_images
img009577.jpg,gf/ffhq_images/img009577.jpg,6,ffhq_images
img006116.jpg,gf/ffhq_images/img006116.jpg,6,ffhq_images
img006533.jpg,gf/ffhq_images/img006533.jpg,6,ffhq_images
img006373.jpg,gf/ffhq_images/img006373.jpg,6,ffhq_images
img007088.jpg,gf/ffhq_images/img007088.jpg,6,ffhq_images
img008066.jpg,gf/ffhq_images/img008066.jpg,6,ffhq_images
img005477.jpg,gf/ffhq_images/img005477.jpg,6,ffhq_images
img008783.jpg,gf/ffhq_images/img008783.jpg,6,ffhq_images
img005424.jpg,gf/ffhq_images/img005424.jpg,6,ffhq_images
img009240.jpg,gf/ffhq_images/img009240.jpg,6,ffhq_images
img005240.jpg,gf/ffhq_images/img005240.jpg,6,ffhq_images
img005160.jpg,gf/ffhq_images/img005160.jpg,6,ffhq_images
img009104.jpg,gf/ffhq_images/img009104.jpg,6,ffhq_images
img006540.jpg,gf/ffhq_images/img006540.jpg,6,ffhq_images
img005757.jpg,gf/ffhq_images/img005757.jpg,6,ffhq_images
img009330.jpg,gf/ffhq_images/img009330.jpg,6,ffhq_images
img009279.jpg,gf/ffhq_images/img009279.jpg,6,ffhq_images
img005727.jpg,gf/ffhq_images/img005727.jpg,6,ffhq_images
img009439.jpg,gf/ffhq_images/img009439.jpg,6,ffhq_images
img008529.jpg,gf/ffhq_images/img008529.jpg,6,ffhq_images
img005337.jpg,gf/ffhq_images/img005337.jpg,6,ffhq_images
img009101.jpg,gf/ffhq_images/img009101.jpg,6,ffhq_images
img009752.jpg,gf/ffhq_images/img009752.jpg,6,ffhq_images
img006597.jpg,gf/ffhq_images/img006597.jpg,6,ffhq_images
img007240.jpg,gf/ffhq_images/img007240.jpg,6,ffhq_images
img009442.jpg,gf/ffhq_images/img009442.jpg,6,ffhq_images
img005609.jpg,gf/ffhq_images/img005609.jpg,6,ffhq_images
img006796.jpg,gf/ffhq_images/img006796.jpg,6,ffhq_images
img007387.jpg,gf/ffhq_images/img007387.jpg,6,ffhq_images
img006441.jpg,gf/ffhq_images/img006441.jpg,6,ffhq_images
img007916.jpg,gf/ffhq_images/img007916.jpg,6,ffhq_images
img006962.jpg,gf/ffhq_images/img006962.jpg,6,ffhq_images
img006710.jpg,gf/ffhq_images/img006710.jpg,6,ffhq_images
img008122.jpg,gf/ffhq_images/img008122.jpg,6,ffhq_images
img008271.jpg,gf/ffhq_images/img008271.jpg,6,ffhq_images
img006632.jpg,gf/ffhq_images/img006632.jpg,6,ffhq_images
img007709.jpg,gf/ffhq_images/img007709.jpg,6,ffhq_images
img006587.jpg,gf/ffhq_images/img006587.jpg,6,ffhq_images
img009971.jpg,gf/ffhq_images/img009971.jpg,6,ffhq_images
img006058.jpg,gf/ffhq_images/img006058.jpg,6,ffhq_images
img005816.jpg,gf/ffhq_images/img005816.jpg,6,ffhq_images
img006056.jpg,gf/ffhq_images/img006056.jpg,6,ffhq_images
img006749.jpg,gf/ffhq_images/img006749.jpg,6,ffhq_images
img007925.jpg,gf/ffhq_images/img007925.jpg,6,ffhq_images
img007586.jpg,gf/ffhq_images/img007586.jpg,6,ffhq_images
img006082.jpg,gf/ffhq_images/img006082.jpg,6,ffhq_images
img007031.jpg,gf/ffhq_images/img007031.jpg,6,ffhq_images
img007182.jpg,gf/ffhq_images/img007182.jpg,6,ffhq_images
img006495.jpg,gf/ffhq_images/img006495.jpg,6,ffhq_images
img008759.jpg,gf/ffhq_images/img008759.jpg,6,ffhq_images
img005952.jpg,gf/ffhq_images/img005952.jpg,6,ffhq_images
img009475.jpg,gf/ffhq_images/img009475.jpg,6,ffhq_images
img006060.jpg,gf/ffhq_images/img006060.jpg,6,ffhq_images
img008638.jpg,gf/ffhq_images/img008638.jpg,6,ffhq_images
img009916.jpg,gf/ffhq_images/img009916.jpg,6,ffhq_images
img009567.jpg,gf/ffhq_images/img009567.jpg,6,ffhq_images
img006065.jpg,gf/ffhq_images/img006065.jpg,6,ffhq_images
img006637.jpg,gf/ffhq_images/img006637.jpg,6,ffhq_images
img009936.jpg,gf/ffhq_images/img009936.jpg,6,ffhq_images
img008112.jpg,gf/ffhq_images/img008112.jpg,6,ffhq_images
img007321.jpg,gf/ffhq_images/img007321.jpg,6,ffhq_images
img006259.jpg,gf/ffhq_images/img006259.jpg,6,ffhq_images
img007064.jpg,gf/ffhq_images/img007064.jpg,6,ffhq_images
img005889.jpg,gf/ffhq_images/img005889.jpg,6,ffhq_images
img006830.jpg,gf/ffhq_images/img006830.jpg,6,ffhq_images
img009490.jpg,gf/ffhq_images/img009490.jpg,6,ffhq_images
img007093.jpg,gf/ffhq_images/img007093.jpg,6,ffhq_images
img006631.jpg,gf/ffhq_images/img006631.jpg,6,ffhq_images
img005297.jpg,gf/ffhq_images/img005297.jpg,6,ffhq_images
img008611.jpg,gf/ffhq_images/img008611.jpg,6,ffhq_images
img005456.jpg,gf/ffhq_images/img005456.jpg,6,ffhq_images
img009980.jpg,gf/ffhq_images/img009980.jpg,6,ffhq_images
img007719.jpg,gf/ffhq_images/img007719.jpg,6,ffhq_images
img006504.jpg,gf/ffhq_images/img006504.jpg,6,ffhq_images
img007752.jpg,gf/ffhq_images/img007752.jpg,6,ffhq_images
img009523.jpg,gf/ffhq_images/img009523.jpg,6,ffhq_images
img008422.jpg,gf/ffhq_images/img008422.jpg,6,ffhq_images
img006493.jpg,gf/ffhq_images/img006493.jpg,6,ffhq_images
img007338.jpg,gf/ffhq_images/img007338.jpg,6,ffhq_images
img007876.jpg,gf/ffhq_images/img007876.jpg,6,ffhq_images
img007739.jpg,gf/ffhq_images/img007739.jpg,6,ffhq_images
img006914.jpg,gf/ffhq_images/img006914.jpg,6,ffhq_images
img008159.jpg,gf/ffhq_images/img008159.jpg,6,ffhq_images
img005231.jpg,gf/ffhq_images/img005231.jpg,6,ffhq_images
img008323.jpg,gf/ffhq_images/img008323.jpg,6,ffhq_images
img006081.jpg,gf/ffhq_images/img006081.jpg,6,ffhq_images
img008634.jpg,gf/ffhq_images/img008634.jpg,6,ffhq_images
img006121.jpg,gf/ffhq_images/img006121.jpg,6,ffhq_images
img005120.jpg,gf/ffhq_images/img005120.jpg,6,ffhq_images
img007799.jpg,gf/ffhq_images/img007799.jpg,6,ffhq_images
img008441.jpg,gf/ffhq_images/img008441.jpg,6,ffhq_images
img009866.jpg,gf/ffhq_images/img009866.jpg,6,ffhq_images
img009942.jpg,gf/ffhq_images/img009942.jpg,6,ffhq_images
img008669.jpg,gf/ffhq_images/img008669.jpg,6,ffhq_images
img007907.jpg,gf/ffhq_images/img007907.jpg,6,ffhq_images
img008828.jpg,gf/ffhq_images/img008828.jpg,6,ffhq_images
img009584.jpg,gf/ffhq_images/img009584.jpg,6,ffhq_images
img005711.jpg,gf/ffhq_images/img005711.jpg,6,ffhq_images
img009650.jpg,gf/ffhq_images/img009650.jpg,6,ffhq_images
img006867.jpg,gf/ffhq_images/img006867.jpg,6,ffhq_images
img006140.jpg,gf/ffhq_images/img006140.jpg,6,ffhq_images
img006069.jpg,gf/ffhq_images/img006069.jpg,6,ffhq_images
img009188.jpg,gf/ffhq_images/img009188.jpg,6,ffhq_images
img009147.jpg,gf/ffhq_images/img009147.jpg,6,ffhq_images
img009750.jpg,gf/ffhq_images/img009750.jpg,6,ffhq_images
img009222.jpg,gf/ffhq_images/img009222.jpg,6,ffhq_images
img008354.jpg,gf/ffhq_images/img008354.jpg,6,ffhq_images
img007032.jpg,gf/ffhq_images/img007032.jpg,6,ffhq_images
img009017.jpg,gf/ffhq_images/img009017.jpg,6,ffhq_images
img008550.jpg,gf/ffhq_images/img008550.jpg,6,ffhq_images
img005759.jpg,gf/ffhq_images/img005759.jpg,6,ffhq_images
img007190.jpg,gf/ffhq_images/img007190.jpg,6,ffhq_images
img008278.jpg,gf/ffhq_images/img008278.jpg,6,ffhq_images
img005394.jpg,gf/ffhq_images/img005394.jpg,6,ffhq_images
img008152.jpg,gf/ffhq_images/img008152.jpg,6,ffhq_images
img008020.jpg,gf/ffhq_images/img008020.jpg,6,ffhq_images
img008563.jpg,gf/ffhq_images/img008563.jpg,6,ffhq_images
img006678.jpg,gf/ffhq_images/img006678.jpg,6,ffhq_images
img005781.jpg,gf/ffhq_images/img005781.jpg,6,ffhq_images
img006959.jpg,gf/ffhq_images/img006959.jpg,6,ffhq_images
img008176.jpg,gf/ffhq_images/img008176.jpg,6,ffhq_images
img009644.jpg,gf/ffhq_images/img009644.jpg,6,ffhq_images
img009745.jpg,gf/ffhq_images/img009745.jpg,6,ffhq_images
img008773.jpg,gf/ffhq_images/img008773.jpg,6,ffhq_images
img009277.jpg,gf/ffhq_images/img009277.jpg,6,ffhq_images
img006204.jpg,gf/ffhq_images/img006204.jpg,6,ffhq_images
img006509.jpg,gf/ffhq_images/img006509.jpg,6,ffhq_images
img008833.jpg,gf/ffhq_images/img008833.jpg,6,ffhq_images
img006942.jpg,gf/ffhq_images/img006942.jpg,6,ffhq_images
img006181.jpg,gf/ffhq_images/img006181.jpg,6,ffhq_images
img008605.jpg,gf/ffhq_images/img008605.jpg,6,ffhq_images
img009285.jpg,gf/ffhq_images/img009285.jpg,6,ffhq_images
img008811.jpg,gf/ffhq_images/img008811.jpg,6,ffhq_images
img009710.jpg,gf/ffhq_images/img009710.jpg,6,ffhq_images
img006824.jpg,gf/ffhq_images/img006824.jpg,6,ffhq_images
img008142.jpg,gf/ffhq_images/img008142.jpg,6,ffhq_images
img008292.jpg,gf/ffhq_images/img008292.jpg,6,ffhq_images
img006243.jpg,gf/ffhq_images/img006243.jpg,6,ffhq_images
img009847.jpg,gf/ffhq_images/img009847.jpg,6,ffhq_images
img008008.jpg,gf/ffhq_images/img008008.jpg,6,ffhq_images
img009970.jpg,gf/ffhq_images/img009970.jpg,6,ffhq_images
img007247.jpg,gf/ffhq_images/img007247.jpg,6,ffhq_images
img005972.jpg,gf/ffhq_images/img005972.jpg,6,ffhq_images
img005206.jpg,gf/ffhq_images/img005206.jpg,6,ffhq_images
img006673.jpg,gf/ffhq_images/img006673.jpg,6,ffhq_images
img008404.jpg,gf/ffhq_images/img008404.jpg,6,ffhq_images
img007786.jpg,gf/ffhq_images/img007786.jpg,6,ffhq_images
img007018.jpg,gf/ffhq_images/img007018.jpg,6,ffhq_images
img009381.jpg,gf/ffhq_images/img009381.jpg,6,ffhq_images
img006636.jpg,gf/ffhq_images/img006636.jpg,6,ffhq_images
img006052.jpg,gf/ffhq_images/img006052.jpg,6,ffhq_images
img009295.jpg,gf/ffhq_images/img009295.jpg,6,ffhq_images
img007841.jpg,gf/ffhq_images/img007841.jpg,6,ffhq_images
img007259.jpg,gf/ffhq_images/img007259.jpg,6,ffhq_images
img005310.jpg,gf/ffhq_images/img005310.jpg,6,ffhq_images
img005762.jpg,gf/ffhq_images/img005762.jpg,6,ffhq_images
img009124.jpg,gf/ffhq_images/img009124.jpg,6,ffhq_images
img009290.jpg,gf/ffhq_images/img009290.jpg,6,ffhq_images
img009626.jpg,gf/ffhq_images/img009626.jpg,6,ffhq_images
img006654.jpg,gf/ffhq_images/img006654.jpg,6,ffhq_images
img008815.jpg,gf/ffhq_images/img008815.jpg,6,ffhq_images
img007112.jpg,gf/ffhq_images/img007112.jpg,6,ffhq_images
img005417.jpg,gf/ffhq_images/img005417.jpg,6,ffhq_images
img005233.jpg,gf/ffhq_images/img005233.jpg,6,ffhq_images
img005813.jpg,gf/ffhq_images/img005813.jpg,6,ffhq_images
img006007.jpg,gf/ffhq_images/img006007.jpg,6,ffhq_images
img009067.jpg,gf/ffhq_images/img009067.jpg,6,ffhq_images
img009183.jpg,gf/ffhq_images/img009183.jpg,6,ffhq_images
img006886.jpg,gf/ffhq_images/img006886.jpg,6,ffhq_images
img008120.jpg,gf/ffhq_images/img008120.jpg,6,ffhq_images
img008699.jpg,gf/ffhq_images/img008699.jpg,6,ffhq_images
img006810.jpg,gf/ffhq_images/img006810.jpg,6,ffhq_images
img008875.jpg,gf/ffhq_images/img008875.jpg,6,ffhq_images
img005558.jpg,gf/ffhq_images/img005558.jpg,6,ffhq_images
img006286.jpg,gf/ffhq_images/img006286.jpg,6,ffhq_images
img007589.jpg,gf/ffhq_images/img007589.jpg,6,ffhq_images
img007227.jpg,gf/ffhq_images/img007227.jpg,6,ffhq_images
img007077.jpg,gf/ffhq_images/img007077.jpg,6,ffhq_images
img008898.jpg,gf/ffhq_images/img008898.jpg,6,ffhq_images
img009633.jpg,gf/ffhq_images/img009633.jpg,6,ffhq_images
img007039.jpg,gf/ffhq_images/img007039.jpg,6,ffhq_images
img008588.jpg,gf/ffhq_images/img008588.jpg,6,ffhq_images
img006926.jpg,gf/ffhq_images/img006926.jpg,6,ffhq_images
img009703.jpg,gf/ffhq_images/img009703.jpg,6,ffhq_images
img007378.jpg,gf/ffhq_images/img007378.jpg,6,ffhq_images
img007613.jpg,gf/ffhq_images/img007613.jpg,6,ffhq_images
img007787.jpg,gf/ffhq_images/img007787.jpg,6,ffhq_images
img006339.jpg,gf/ffhq_images/img006339.jpg,6,ffhq_images
img005710.jpg,gf/ffhq_images/img005710.jpg,6,ffhq_images
img007750.jpg,gf/ffhq_images/img007750.jpg,6,ffhq_images
img008575.jpg,gf/ffhq_images/img008575.jpg,6,ffhq_images
img007252.jpg,gf/ffhq_images/img007252.jpg,6,ffhq_images
img007553.jpg,gf/ffhq_images/img007553.jpg,6,ffhq_images
img008451.jpg,gf/ffhq_images/img008451.jpg,6,ffhq_images
img008273.jpg,gf/ffhq_images/img008273.jpg,6,ffhq_images
img008943.jpg,gf/ffhq_images/img008943.jpg,6,ffhq_images
img006523.jpg,gf/ffhq_images/img006523.jpg,6,ffhq_images
img005931.jpg,gf/ffhq_images/img005931.jpg,6,ffhq_images
img008425.jpg,gf/ffhq_images/img008425.jpg,6,ffhq_images
img008623.jpg,gf/ffhq_images/img008623.jpg,6,ffhq_images
img008756.jpg,gf/ffhq_images/img008756.jpg,6,ffhq_images
img009867.jpg,gf/ffhq_images/img009867.jpg,6,ffhq_images
img005841.jpg,gf/ffhq_images/img005841.jpg,6,ffhq_images
img009134.jpg,gf/ffhq_images/img009134.jpg,6,ffhq_images
img005257.jpg,gf/ffhq_images/img005257.jpg,6,ffhq_images
img005146.jpg,gf/ffhq_images/img005146.jpg,6,ffhq_images
img009901.jpg,gf/ffhq_images/img009901.jpg,6,ffhq_images
img009399.jpg,gf/ffhq_images/img009399.jpg,6,ffhq_images
img007332.jpg,gf/ffhq_images/img007332.jpg,6,ffhq_images
img005567.jpg,gf/ffhq_images/img005567.jpg,6,ffhq_images
img005089.jpg,gf/ffhq_images/img005089.jpg,6,ffhq_images
img008147.jpg,gf/ffhq_images/img008147.jpg,6,ffhq_images
img009360.jpg,gf/ffhq_images/img009360.jpg,6,ffhq_images
img009396.jpg,gf/ffhq_images/img009396.jpg,6,ffhq_images
img009445.jpg,gf/ffhq_images/img009445.jpg,6,ffhq_images
img005271.jpg,gf/ffhq_images/img005271.jpg,6,ffhq_images
img008589.jpg,gf/ffhq_images/img008589.jpg,6,ffhq_images
img007812.jpg,gf/ffhq_images/img007812.jpg,6,ffhq_images
img008374.jpg,gf/ffhq_images/img008374.jpg,6,ffhq_images
img005993.jpg,gf/ffhq_images/img005993.jpg,6,ffhq_images
img006331.jpg,gf/ffhq_images/img006331.jpg,6,ffhq_images
img007397.jpg,gf/ffhq_images/img007397.jpg,6,ffhq_images
img008094.jpg,gf/ffhq_images/img008094.jpg,6,ffhq_images
img009350.jpg,gf/ffhq_images/img009350.jpg,6,ffhq_images
img009525.jpg,gf/ffhq_images/img009525.jpg,6,ffhq_images
img009541.jpg,gf/ffhq_images/img009541.jpg,6,ffhq_images
img006690.jpg,gf/ffhq_images/img006690.jpg,6,ffhq_images
img007557.jpg,gf/ffhq_images/img007557.jpg,6,ffhq_images
img007342.jpg,gf/ffhq_images/img007342.jpg,6,ffhq_images
img007294.jpg,gf/ffhq_images/img007294.jpg,6,ffhq_images
img007817.jpg,gf/ffhq_images/img007817.jpg,6,ffhq_images
img007576.jpg,gf/ffhq_images/img007576.jpg,6,ffhq_images
img009302.jpg,gf/ffhq_images/img009302.jpg,6,ffhq_images
img008205.jpg,gf/ffhq_images/img008205.jpg,6,ffhq_images
img008953.jpg,gf/ffhq_images/img008953.jpg,6,ffhq_images
img005040.jpg,gf/ffhq_images/img005040.jpg,6,ffhq_images
img005636.jpg,gf/ffhq_images/img005636.jpg,6,ffhq_images
img008839.jpg,gf/ffhq_images/img008839.jpg,6,ffhq_images
img007628.jpg,gf/ffhq_images/img007628.jpg,6,ffhq_images
img005647.jpg,gf/ffhq_images/img005647.jpg,6,ffhq_images
img005226.jpg,gf/ffhq_images/img005226.jpg,6,ffhq_images
img007424.jpg,gf/ffhq_images/img007424.jpg,6,ffhq_images
img006605.jpg,gf/ffhq_images/img006605.jpg,6,ffhq_images
img009581.jpg,gf/ffhq_images/img009581.jpg,6,ffhq_images
img006623.jpg,gf/ffhq_images/img006623.jpg,6,ffhq_images
img006183.jpg,gf/ffhq_images/img006183.jpg,6,ffhq_images
img007932.jpg,gf/ffhq_images/img007932.jpg,6,ffhq_images
img007393.jpg,gf/ffhq_images/img007393.jpg,6,ffhq_images
img006734.jpg,gf/ffhq_images/img006734.jpg,6,ffhq_images
img009225.jpg,gf/ffhq_images/img009225.jpg,6,ffhq_images
img005208.jpg,gf/ffhq_images/img005208.jpg,6,ffhq_images
img009749.jpg,gf/ffhq_images/img009749.jpg,6,ffhq_images
img006560.jpg,gf/ffhq_images/img006560.jpg,6,ffhq_images
img009087.jpg,gf/ffhq_images/img009087.jpg,6,ffhq_images
img006299.jpg,gf/ffhq_images/img006299.jpg,6,ffhq_images
img006380.jpg,gf/ffhq_images/img006380.jpg,6,ffhq_images
img009497.jpg,gf/ffhq_images/img009497.jpg,6,ffhq_images
img006534.jpg,gf/ffhq_images/img006534.jpg,6,ffhq_images
img006922.jpg,gf/ffhq_images/img006922.jpg,6,ffhq_images
img007076.jpg,gf/ffhq_images/img007076.jpg,6,ffhq_images
img007747.jpg,gf/ffhq_images/img007747.jpg,6,ffhq_images
img005758.jpg,gf/ffhq_images/img005758.jpg,6,ffhq_images
img006361.jpg,gf/ffhq_images/img006361.jpg,6,ffhq_images
img006325.jpg,gf/ffhq_images/img006325.jpg,6,ffhq_images
img008538.jpg,gf/ffhq_images/img008538.jpg,6,ffhq_images
img007180.jpg,gf/ffhq_images/img007180.jpg,6,ffhq_images
img005879.jpg,gf/ffhq_images/img005879.jpg,6,ffhq_images
img008572.jpg,gf/ffhq_images/img008572.jpg,6,ffhq_images
img006774.jpg,gf/ffhq_images/img006774.jpg,6,ffhq_images
img008818.jpg,gf/ffhq_images/img008818.jpg,6,ffhq_images
img006751.jpg,gf/ffhq_images/img006751.jpg,6,ffhq_images
img009467.jpg,gf/ffhq_images/img009467.jpg,6,ffhq_images
img008410.jpg,gf/ffhq_images/img008410.jpg,6,ffhq_images
img006197.jpg,gf/ffhq_images/img006197.jpg,6,ffhq_images
img008795.jpg,gf/ffhq_images/img008795.jpg,6,ffhq_images
img007333.jpg,gf/ffhq_images/img007333.jpg,6,ffhq_images
img008160.jpg,gf/ffhq_images/img008160.jpg,6,ffhq_images
img009433.jpg,gf/ffhq_images/img009433.jpg,6,ffhq_images
img007400.jpg,gf/ffhq_images/img007400.jpg,6,ffhq_images
img008770.jpg,gf/ffhq_images/img008770.jpg,6,ffhq_images
img007178.jpg,gf/ffhq_images/img007178.jpg,6,ffhq_images
img005235.jpg,gf/ffhq_images/img005235.jpg,6,ffhq_images
img005971.jpg,gf/ffhq_images/img005971.jpg,6,ffhq_images
img009435.jpg,gf/ffhq_images/img009435.jpg,6,ffhq_images
img007793.jpg,gf/ffhq_images/img007793.jpg,6,ffhq_images
img007171.jpg,gf/ffhq_images/img007171.jpg,6,ffhq_images
img005707.jpg,gf/ffhq_images/img005707.jpg,6,ffhq_images
img008890.jpg,gf/ffhq_images/img008890.jpg,6,ffhq_images
img006717.jpg,gf/ffhq_images/img006717.jpg,6,ffhq_images
img008326.jpg,gf/ffhq_images/img008326.jpg,6,ffhq_images
img005211.jpg,gf/ffhq_images/img005211.jpg,6,ffhq_images
img008188.jpg,gf/ffhq_images/img008188.jpg,6,ffhq_images
img009004.jpg,gf/ffhq_images/img009004.jpg,6,ffhq_images
img008233.jpg,gf/ffhq_images/img008233.jpg,6,ffhq_images
img005876.jpg,gf/ffhq_images/img005876.jpg,6,ffhq_images
img005251.jpg,gf/ffhq_images/img005251.jpg,6,ffhq_images
img008532.jpg,gf/ffhq_images/img008532.jpg,6,ffhq_images
img008998.jpg,gf/ffhq_images/img008998.jpg,6,ffhq_images
img006539.jpg,gf/ffhq_images/img006539.jpg,6,ffhq_images
img007944.jpg,gf/ffhq_images/img007944.jpg,6,ffhq_images
img006707.jpg,gf/ffhq_images/img006707.jpg,6,ffhq_images
img009686.jpg,gf/ffhq_images/img009686.jpg,6,ffhq_images
img006957.jpg,gf/ffhq_images/img006957.jpg,6,ffhq_images
img008574.jpg,gf/ffhq_images/img008574.jpg,6,ffhq_images
img005653.jpg,gf/ffhq_images/img005653.jpg,6,ffhq_images
img007203.jpg,gf/ffhq_images/img007203.jpg,6,ffhq_images
img009913.jpg,gf/ffhq_images/img009913.jpg,6,ffhq_images
img007624.jpg,gf/ffhq_images/img007624.jpg,6,ffhq_images
img007147.jpg,gf/ffhq_images/img007147.jpg,6,ffhq_images
img006595.jpg,gf/ffhq_images/img006595.jpg,6,ffhq_images
img008855.jpg,gf/ffhq_images/img008855.jpg,6,ffhq_images
img009738.jpg,gf/ffhq_images/img009738.jpg,6,ffhq_images
img005878.jpg,gf/ffhq_images/img005878.jpg,6,ffhq_images
img009688.jpg,gf/ffhq_images/img009688.jpg,6,ffhq_images
img008924.jpg,gf/ffhq_images/img008924.jpg,6,ffhq_images
img005593.jpg,gf/ffhq_images/img005593.jpg,6,ffhq_images
img009051.jpg,gf/ffhq_images/img009051.jpg,6,ffhq_images
img005402.jpg,gf/ffhq_images/img005402.jpg,6,ffhq_images
img005808.jpg,gf/ffhq_images/img005808.jpg,6,ffhq_images
img009327.jpg,gf/ffhq_images/img009327.jpg,6,ffhq_images
img007514.jpg,gf/ffhq_images/img007514.jpg,6,ffhq_images
img007601.jpg,gf/ffhq_images/img007601.jpg,6,ffhq_images
img006114.jpg,gf/ffhq_images/img006114.jpg,6,ffhq_images
img007982.jpg,gf/ffhq_images/img007982.jpg,6,ffhq_images
img007476.jpg,gf/ffhq_images/img007476.jpg,6,ffhq_images
img007212.jpg,gf/ffhq_images/img007212.jpg,6,ffhq_images
img006332.jpg,gf/ffhq_images/img006332.jpg,6,ffhq_images
img009648.jpg,gf/ffhq_images/img009648.jpg,6,ffhq_images
img006565.jpg,gf/ffhq_images/img006565.jpg,6,ffhq_images
img006295.jpg,gf/ffhq_images/img006295.jpg,6,ffhq_images
img008251.jpg,gf/ffhq_images/img008251.jpg,6,ffhq_images
img009883.jpg,gf/ffhq_images/img009883.jpg,6,ffhq_images
img007140.jpg,gf/ffhq_images/img007140.jpg,6,ffhq_images
img006302.jpg,gf/ffhq_images/img006302.jpg,6,ffhq_images
img008180.jpg,gf/ffhq_images/img008180.jpg,6,ffhq_images
img006108.jpg,gf/ffhq_images/img006108.jpg,6,ffhq_images
img008916.jpg,gf/ffhq_images/img008916.jpg,6,ffhq_images
img008583.jpg,gf/ffhq_images/img008583.jpg,6,ffhq_images
img008014.jpg,gf/ffhq_images/img008014.jpg,6,ffhq_images
img006281.jpg,gf/ffhq_images/img006281.jpg,6,ffhq_images
img005017.jpg,gf/ffhq_images/img005017.jpg,6,ffhq_images
img008786.jpg,gf/ffhq_images/img008786.jpg,6,ffhq_images
img005765.jpg,gf/ffhq_images/img005765.jpg,6,ffhq_images
img005898.jpg,gf/ffhq_images/img005898.jpg,6,ffhq_images
img008387.jpg,gf/ffhq_images/img008387.jpg,6,ffhq_images
img006151.jpg,gf/ffhq_images/img006151.jpg,6,ffhq_images
img006122.jpg,gf/ffhq_images/img006122.jpg,6,ffhq_images
img007499.jpg,gf/ffhq_images/img007499.jpg,6,ffhq_images
img006831.jpg,gf/ffhq_images/img006831.jpg,6,ffhq_images
img008346.jpg,gf/ffhq_images/img008346.jpg,6,ffhq_images
img006644.jpg,gf/ffhq_images/img006644.jpg,6,ffhq_images
img007727.jpg,gf/ffhq_images/img007727.jpg,6,ffhq_images
img006368.jpg,gf/ffhq_images/img006368.jpg,6,ffhq_images
img006529.jpg,gf/ffhq_images/img006529.jpg,6,ffhq_images
img009452.jpg,gf/ffhq_images/img009452.jpg,6,ffhq_images
img005258.jpg,gf/ffhq_images/img005258.jpg,6,ffhq_images
img009281.jpg,gf/ffhq_images/img009281.jpg,6,ffhq_images
img005715.jpg,gf/ffhq_images/img005715.jpg,6,ffhq_images
img005968.jpg,gf/ffhq_images/img005968.jpg,6,ffhq_images
img005945.jpg,gf/ffhq_images/img005945.jpg,6,ffhq_images
img007896.jpg,gf/ffhq_images/img007896.jpg,6,ffhq_images
img007043.jpg,gf/ffhq_images/img007043.jpg,6,ffhq_images
img005535.jpg,gf/ffhq_images/img005535.jpg,6,ffhq_images
img005425.jpg,gf/ffhq_images/img005425.jpg,6,ffhq_images
img005631.jpg,gf/ffhq_images/img005631.jpg,6,ffhq_images
img008034.jpg,gf/ffhq_images/img008034.jpg,6,ffhq_images
img009612.jpg,gf/ffhq_images/img009612.jpg,6,ffhq_images
img007078.jpg,gf/ffhq_images/img007078.jpg,6,ffhq_images
img006672.jpg,gf/ffhq_images/img006672.jpg,6,ffhq_images
img009139.jpg,gf/ffhq_images/img009139.jpg,6,ffhq_images
img008011.jpg,gf/ffhq_images/img008011.jpg,6,ffhq_images
img009122.jpg,gf/ffhq_images/img009122.jpg,6,ffhq_images
img007330.jpg,gf/ffhq_images/img007330.jpg,6,ffhq_images
img006222.jpg,gf/ffhq_images/img006222.jpg,6,ffhq_images
img009375.jpg,gf/ffhq_images/img009375.jpg,6,ffhq_images
img007540.jpg,gf/ffhq_images/img007540.jpg,6,ffhq_images
img009720.jpg,gf/ffhq_images/img009720.jpg,6,ffhq_images
img006046.jpg,gf/ffhq_images/img006046.jpg,6,ffhq_images
img008955.jpg,gf/ffhq_images/img008955.jpg,6,ffhq_images
img005543.jpg,gf/ffhq_images/img005543.jpg,6,ffhq_images
img007469.jpg,gf/ffhq_images/img007469.jpg,6,ffhq_images
img005407.jpg,gf/ffhq_images/img005407.jpg,6,ffhq_images
img007118.jpg,gf/ffhq_images/img007118.jpg,6,ffhq_images
img006153.jpg,gf/ffhq_images/img006153.jpg,6,ffhq_images
img007040.jpg,gf/ffhq_images/img007040.jpg,6,ffhq_images
img005634.jpg,gf/ffhq_images/img005634.jpg,6,ffhq_images
img006145.jpg,gf/ffhq_images/img006145.jpg,6,ffhq_images
img005381.jpg,gf/ffhq_images/img005381.jpg,6,ffhq_images
img008663.jpg,gf/ffhq_images/img008663.jpg,6,ffhq_images
img007968.jpg,gf/ffhq_images/img007968.jpg,6,ffhq_images
img005947.jpg,gf/ffhq_images/img005947.jpg,6,ffhq_images
img006757.jpg,gf/ffhq_images/img006757.jpg,6,ffhq_images
img007029.jpg,gf/ffhq_images/img007029.jpg,6,ffhq_images
img006460.jpg,gf/ffhq_images/img006460.jpg,6,ffhq_images
img008881.jpg,gf/ffhq_images/img008881.jpg,6,ffhq_images
img008471.jpg,gf/ffhq_images/img008471.jpg,6,ffhq_images
img006521.jpg,gf/ffhq_images/img006521.jpg,6,ffhq_images
img009344.jpg,gf/ffhq_images/img009344.jpg,6,ffhq_images
img005102.jpg,gf/ffhq_images/img005102.jpg,6,ffhq_images
img005104.jpg,gf/ffhq_images/img005104.jpg,6,ffhq_images
img008129.jpg,gf/ffhq_images/img008129.jpg,6,ffhq_images
img006040.jpg,gf/ffhq_images/img006040.jpg,6,ffhq_images
img008440.jpg,gf/ffhq_images/img008440.jpg,6,ffhq_images
img006211.jpg,gf/ffhq_images/img006211.jpg,6,ffhq_images
img009700.jpg,gf/ffhq_images/img009700.jpg,6,ffhq_images
img009168.jpg,gf/ffhq_images/img009168.jpg,6,ffhq_images
img007757.jpg,gf/ffhq_images/img007757.jpg,6,ffhq_images
img007126.jpg,gf/ffhq_images/img007126.jpg,6,ffhq_images
img009981.jpg,gf/ffhq_images/img009981.jpg,6,ffhq_images
img006362.jpg,gf/ffhq_images/img006362.jpg,6,ffhq_images
img008987.jpg,gf/ffhq_images/img008987.jpg,6,ffhq_images
img007216.jpg,gf/ffhq_images/img007216.jpg,6,ffhq_images
img007167.jpg,gf/ffhq_images/img007167.jpg,6,ffhq_images
img007566.jpg,gf/ffhq_images/img007566.jpg,6,ffhq_images
img007262.jpg,gf/ffhq_images/img007262.jpg,6,ffhq_images
img005358.jpg,gf/ffhq_images/img005358.jpg,6,ffhq_images
img005899.jpg,gf/ffhq_images/img005899.jpg,6,ffhq_images
img009199.jpg,gf/ffhq_images/img009199.jpg,6,ffhq_images
img005673.jpg,gf/ffhq_images/img005673.jpg,6,ffhq_images
img007942.jpg,gf/ffhq_images/img007942.jpg,6,ffhq_images
img006543.jpg,gf/ffhq_images/img006543.jpg,6,ffhq_images
img008543.jpg,gf/ffhq_images/img008543.jpg,6,ffhq_images
img005421.jpg,gf/ffhq_images/img005421.jpg,6,ffhq_images
img007500.jpg,gf/ffhq_images/img007500.jpg,6,ffhq_images
img005850.jpg,gf/ffhq_images/img005850.jpg,6,ffhq_images
img005979.jpg,gf/ffhq_images/img005979.jpg,6,ffhq_images
img009194.jpg,gf/ffhq_images/img009194.jpg,6,ffhq_images
img007561.jpg,gf/ffhq_images/img007561.jpg,6,ffhq_images
img009071.jpg,gf/ffhq_images/img009071.jpg,6,ffhq_images
img005085.jpg,gf/ffhq_images/img005085.jpg,6,ffhq_images
img006167.jpg,gf/ffhq_images/img006167.jpg,6,ffhq_images
img006160.jpg,gf/ffhq_images/img006160.jpg,6,ffhq_images
img007864.jpg,gf/ffhq_images/img007864.jpg,6,ffhq_images
img009102.jpg,gf/ffhq_images/img009102.jpg,6,ffhq_images
img006475.jpg,gf/ffhq_images/img006475.jpg,6,ffhq_images
img005894.jpg,gf/ffhq_images/img005894.jpg,6,ffhq_images
img008806.jpg,gf/ffhq_images/img008806.jpg,6,ffhq_images
img008555.jpg,gf/ffhq_images/img008555.jpg,6,ffhq_images
img009306.jpg,gf/ffhq_images/img009306.jpg,6,ffhq_images
img008687.jpg,gf/ffhq_images/img008687.jpg,6,ffhq_images
img009751.jpg,gf/ffhq_images/img009751.jpg,6,ffhq_images
img006317.jpg,gf/ffhq_images/img006317.jpg,6,ffhq_images
img009252.jpg,gf/ffhq_images/img009252.jpg,6,ffhq_images
img009668.jpg,gf/ffhq_images/img009668.jpg,6,ffhq_images
img009520.jpg,gf/ffhq_images/img009520.jpg,6,ffhq_images
img005616.jpg,gf/ffhq_images/img005616.jpg,6,ffhq_images
img006677.jpg,gf/ffhq_images/img006677.jpg,6,ffhq_images
img005076.jpg,gf/ffhq_images/img005076.jpg,6,ffhq_images
img009431.jpg,gf/ffhq_images/img009431.jpg,6,ffhq_images
img005982.jpg,gf/ffhq_images/img005982.jpg,6,ffhq_images
img006808.jpg,gf/ffhq_images/img006808.jpg,6,ffhq_images
img006172.jpg,gf/ffhq_images/img006172.jpg,6,ffhq_images
img006879.jpg,gf/ffhq_images/img006879.jpg,6,ffhq_images
img007798.jpg,gf/ffhq_images/img007798.jpg,6,ffhq_images
img008327.jpg,gf/ffhq_images/img008327.jpg,6,ffhq_images
img007061.jpg,gf/ffhq_images/img007061.jpg,6,ffhq_images
img005215.jpg,gf/ffhq_images/img005215.jpg,6,ffhq_images
img008586.jpg,gf/ffhq_images/img008586.jpg,6,ffhq_images
img008627.jpg,gf/ffhq_images/img008627.jpg,6,ffhq_images
img009217.jpg,gf/ffhq_images/img009217.jpg,6,ffhq_images
img005665.jpg,gf/ffhq_images/img005665.jpg,6,ffhq_images
img009571.jpg,gf/ffhq_images/img009571.jpg,6,ffhq_images
img009701.jpg,gf/ffhq_images/img009701.jpg,6,ffhq_images
img007805.jpg,gf/ffhq_images/img007805.jpg,6,ffhq_images
img006676.jpg,gf/ffhq_images/img006676.jpg,6,ffhq_images
img007829.jpg,gf/ffhq_images/img007829.jpg,6,ffhq_images
img007996.jpg,gf/ffhq_images/img007996.jpg,6,ffhq_images
img009006.jpg,gf/ffhq_images/img009006.jpg,6,ffhq_images
img009451.jpg,gf/ffhq_images/img009451.jpg,6,ffhq_images
img005586.jpg,gf/ffhq_images/img005586.jpg,6,ffhq_images
img005370.jpg,gf/ffhq_images/img005370.jpg,6,ffhq_images
img006241.jpg,gf/ffhq_images/img006241.jpg,6,ffhq_images
img005161.jpg,gf/ffhq_images/img005161.jpg,6,ffhq_images
img009590.jpg,gf/ffhq_images/img009590.jpg,6,ffhq_images
img005195.jpg,gf/ffhq_images/img005195.jpg,6,ffhq_images
img005075.jpg,gf/ffhq_images/img005075.jpg,6,ffhq_images
img006612.jpg,gf/ffhq_images/img006612.jpg,6,ffhq_images
img005860.jpg,gf/ffhq_images/img005860.jpg,6,ffhq_images
img005807.jpg,gf/ffhq_images/img005807.jpg,6,ffhq_images
img006730.jpg,gf/ffhq_images/img006730.jpg,6,ffhq_images
img006586.jpg,gf/ffhq_images/img006586.jpg,6,ffhq_images
img007411.jpg,gf/ffhq_images/img007411.jpg,6,ffhq_images
img006842.jpg,gf/ffhq_images/img006842.jpg,6,ffhq_images
img005478.jpg,gf/ffhq_images/img005478.jpg,6,ffhq_images
img008053.jpg,gf/ffhq_images/img008053.jpg,6,ffhq_images
img005577.jpg,gf/ffhq_images/img005577.jpg,6,ffhq_images
img005348.jpg,gf/ffhq_images/img005348.jpg,6,ffhq_images
img005959.jpg,gf/ffhq_images/img005959.jpg,6,ffhq_images
img009637.jpg,gf/ffhq_images/img009637.jpg,6,ffhq_images
img008780.jpg,gf/ffhq_images/img008780.jpg,6,ffhq_images
img006981.jpg,gf/ffhq_images/img006981.jpg,6,ffhq_images
img007350.jpg,gf/ffhq_images/img007350.jpg,6,ffhq_images
img009420.jpg,gf/ffhq_images/img009420.jpg,6,ffhq_images
img005957.jpg,gf/ffhq_images/img005957.jpg,6,ffhq_images
img006154.jpg,gf/ffhq_images/img006154.jpg,6,ffhq_images
img006326.jpg,gf/ffhq_images/img006326.jpg,6,ffhq_images
img005584.jpg,gf/ffhq_images/img005584.jpg,6,ffhq_images
img009322.jpg,gf/ffhq_images/img009322.jpg,6,ffhq_images
img006494.jpg,gf/ffhq_images/img006494.jpg,6,ffhq_images
img006003.jpg,gf/ffhq_images/img006003.jpg,6,ffhq_images
img005247.jpg,gf/ffhq_images/img005247.jpg,6,ffhq_images
img009560.jpg,gf/ffhq_images/img009560.jpg,6,ffhq_images
img007027.jpg,gf/ffhq_images/img007027.jpg,6,ffhq_images
img009905.jpg,gf/ffhq_images/img009905.jpg,6,ffhq_images
img008311.jpg,gf/ffhq_images/img008311.jpg,6,ffhq_images
img007967.jpg,gf/ffhq_images/img007967.jpg,6,ffhq_images
img005767.jpg,gf/ffhq_images/img005767.jpg,6,ffhq_images
img006903.jpg,gf/ffhq_images/img006903.jpg,6,ffhq_images
img008842.jpg,gf/ffhq_images/img008842.jpg,6,ffhq_images
img005048.jpg,gf/ffhq_images/img005048.jpg,6,ffhq_images
img006294.jpg,gf/ffhq_images/img006294.jpg,6,ffhq_images
img007046.jpg,gf/ffhq_images/img007046.jpg,6,ffhq_images
img007605.jpg,gf/ffhq_images/img007605.jpg,6,ffhq_images
img008576.jpg,gf/ffhq_images/img008576.jpg,6,ffhq_images
img007742.jpg,gf/ffhq_images/img007742.jpg,6,ffhq_images
img008476.jpg,gf/ffhq_images/img008476.jpg,6,ffhq_images
img005905.jpg,gf/ffhq_images/img005905.jpg,6,ffhq_images
img005110.jpg,gf/ffhq_images/img005110.jpg,6,ffhq_images
img005750.jpg,gf/ffhq_images/img005750.jpg,6,ffhq_images
img006898.jpg,gf/ffhq_images/img006898.jpg,6,ffhq_images
img009807.jpg,gf/ffhq_images/img009807.jpg,6,ffhq_images
img006385.jpg,gf/ffhq_images/img006385.jpg,6,ffhq_images
img009562.jpg,gf/ffhq_images/img009562.jpg,6,ffhq_images
img009235.jpg,gf/ffhq_images/img009235.jpg,6,ffhq_images
img007085.jpg,gf/ffhq_images/img007085.jpg,6,ffhq_images
img006453.jpg,gf/ffhq_images/img006453.jpg,6,ffhq_images
img007460.jpg,gf/ffhq_images/img007460.jpg,6,ffhq_images
img009437.jpg,gf/ffhq_images/img009437.jpg,6,ffhq_images
img006891.jpg,gf/ffhq_images/img006891.jpg,6,ffhq_images
img005754.jpg,gf/ffhq_images/img005754.jpg,6,ffhq_images
img007226.jpg,gf/ffhq_images/img007226.jpg,6,ffhq_images
img009026.jpg,gf/ffhq_images/img009026.jpg,6,ffhq_images
img006724.jpg,gf/ffhq_images/img006724.jpg,6,ffhq_images
img007281.jpg,gf/ffhq_images/img007281.jpg,6,ffhq_images
img009405.jpg,gf/ffhq_images/img009405.jpg,6,ffhq_images
img007565.jpg,gf/ffhq_images/img007565.jpg,6,ffhq_images
img007634.jpg,gf/ffhq_images/img007634.jpg,6,ffhq_images
img006334.jpg,gf/ffhq_images/img006334.jpg,6,ffhq_images
img008878.jpg,gf/ffhq_images/img008878.jpg,6,ffhq_images
img008752.jpg,gf/ffhq_images/img008752.jpg,6,ffhq_images
img008932.jpg,gf/ffhq_images/img008932.jpg,6,ffhq_images
img008919.jpg,gf/ffhq_images/img008919.jpg,6,ffhq_images
img007420.jpg,gf/ffhq_images/img007420.jpg,6,ffhq_images
img007608.jpg,gf/ffhq_images/img007608.jpg,6,ffhq_images
img006350.jpg,gf/ffhq_images/img006350.jpg,6,ffhq_images
img005300.jpg,gf/ffhq_images/img005300.jpg,6,ffhq_images
img005265.jpg,gf/ffhq_images/img005265.jpg,6,ffhq_images
img009504.jpg,gf/ffhq_images/img009504.jpg,6,ffhq_images
img005601.jpg,gf/ffhq_images/img005601.jpg,6,ffhq_images
img007495.jpg,gf/ffhq_images/img007495.jpg,6,ffhq_images
img008448.jpg,gf/ffhq_images/img008448.jpg,6,ffhq_images
img005396.jpg,gf/ffhq_images/img005396.jpg,6,ffhq_images
img009264.jpg,gf/ffhq_images/img009264.jpg,6,ffhq_images
img005815.jpg,gf/ffhq_images/img005815.jpg,6,ffhq_images
img008370.jpg,gf/ffhq_images/img008370.jpg,6,ffhq_images
img006999.jpg,gf/ffhq_images/img006999.jpg,6,ffhq_images
img009669.jpg,gf/ffhq_images/img009669.jpg,6,ffhq_images
img008553.jpg,gf/ffhq_images/img008553.jpg,6,ffhq_images
img008380.jpg,gf/ffhq_images/img008380.jpg,6,ffhq_images
img009988.jpg,gf/ffhq_images/img009988.jpg,6,ffhq_images
img005275.jpg,gf/ffhq_images/img005275.jpg,6,ffhq_images
img005361.jpg,gf/ffhq_images/img005361.jpg,6,ffhq_images
img009895.jpg,gf/ffhq_images/img009895.jpg,6,ffhq_images
img009367.jpg,gf/ffhq_images/img009367.jpg,6,ffhq_images
img009757.jpg,gf/ffhq_images/img009757.jpg,6,ffhq_images
img007109.jpg,gf/ffhq_images/img007109.jpg,6,ffhq_images
img009363.jpg,gf/ffhq_images/img009363.jpg,6,ffhq_images
img006649.jpg,gf/ffhq_images/img006649.jpg,6,ffhq_images
img009033.jpg,gf/ffhq_images/img009033.jpg,6,ffhq_images
img008961.jpg,gf/ffhq_images/img008961.jpg,6,ffhq_images
img006524.jpg,gf/ffhq_images/img006524.jpg,6,ffhq_images
img008465.jpg,gf/ffhq_images/img008465.jpg,6,ffhq_images
img005773.jpg,gf/ffhq_images/img005773.jpg,6,ffhq_images
img008819.jpg,gf/ffhq_images/img008819.jpg,6,ffhq_images
img005486.jpg,gf/ffhq_images/img005486.jpg,6,ffhq_images
img005013.jpg,gf/ffhq_images/img005013.jpg,6,ffhq_images
img008768.jpg,gf/ffhq_images/img008768.jpg,6,ffhq_images
img009547.jpg,gf/ffhq_images/img009547.jpg,6,ffhq_images
img009773.jpg,gf/ffhq_images/img009773.jpg,6,ffhq_images
img007971.jpg,gf/ffhq_images/img007971.jpg,6,ffhq_images
img009397.jpg,gf/ffhq_images/img009397.jpg,6,ffhq_images
img006020.jpg,gf/ffhq_images/img006020.jpg,6,ffhq_images
img006258.jpg,gf/ffhq_images/img006258.jpg,6,ffhq_images
img009013.jpg,gf/ffhq_images/img009013.jpg,6,ffhq_images
img007543.jpg,gf/ffhq_images/img007543.jpg,6,ffhq_images
img009471.jpg,gf/ffhq_images/img009471.jpg,6,ffhq_images
img007293.jpg,gf/ffhq_images/img007293.jpg,6,ffhq_images
img008019.jpg,gf/ffhq_images/img008019.jpg,6,ffhq_images
img005204.jpg,gf/ffhq_images/img005204.jpg,6,ffhq_images
img006392.jpg,gf/ffhq_images/img006392.jpg,6,ffhq_images
img005044.jpg,gf/ffhq_images/img005044.jpg,6,ffhq_images
img006479.jpg,gf/ffhq_images/img006479.jpg,6,ffhq_images
img005639.jpg,gf/ffhq_images/img005639.jpg,6,ffhq_images
img008644.jpg,gf/ffhq_images/img008644.jpg,6,ffhq_images
img007778.jpg,gf/ffhq_images/img007778.jpg,6,ffhq_images
img009849.jpg,gf/ffhq_images/img009849.jpg,6,ffhq_images
img007028.jpg,gf/ffhq_images/img007028.jpg,6,ffhq_images
img009358.jpg,gf/ffhq_images/img009358.jpg,6,ffhq_images
img007774.jpg,gf/ffhq_images/img007774.jpg,6,ffhq_images
img005399.jpg,gf/ffhq_images/img005399.jpg,6,ffhq_images
img008106.jpg,gf/ffhq_images/img008106.jpg,6,ffhq_images
img006169.jpg,gf/ffhq_images/img006169.jpg,6,ffhq_images
img009456.jpg,gf/ffhq_images/img009456.jpg,6,ffhq_images
img005181.jpg,gf/ffhq_images/img005181.jpg,6,ffhq_images
img007655.jpg,gf/ffhq_images/img007655.jpg,6,ffhq_images
img006179.jpg,gf/ffhq_images/img006179.jpg,6,ffhq_images
img005954.jpg,gf/ffhq_images/img005954.jpg,6,ffhq_images
img005280.jpg,gf/ffhq_images/img005280.jpg,6,ffhq_images
img009900.jpg,gf/ffhq_images/img009900.jpg,6,ffhq_images
img007403.jpg,gf/ffhq_images/img007403.jpg,6,ffhq_images
img005716.jpg,gf/ffhq_images/img005716.jpg,6,ffhq_images
img009951.jpg,gf/ffhq_images/img009951.jpg,6,ffhq_images
img005279.jpg,gf/ffhq_images/img005279.jpg,6,ffhq_images
img006503.jpg,gf/ffhq_images/img006503.jpg,6,ffhq_images
img006155.jpg,gf/ffhq_images/img006155.jpg,6,ffhq_images
img005747.jpg,gf/ffhq_images/img005747.jpg,6,ffhq_images
img007025.jpg,gf/ffhq_images/img007025.jpg,6,ffhq_images
img009170.jpg,gf/ffhq_images/img009170.jpg,6,ffhq_images
img008635.jpg,gf/ffhq_images/img008635.jpg,6,ffhq_images
img009527.jpg,gf/ffhq_images/img009527.jpg,6,ffhq_images
img006869.jpg,gf/ffhq_images/img006869.jpg,6,ffhq_images
img006837.jpg,gf/ffhq_images/img006837.jpg,6,ffhq_images
img009561.jpg,gf/ffhq_images/img009561.jpg,6,ffhq_images
img006958.jpg,gf/ffhq_images/img006958.jpg,6,ffhq_images
img009613.jpg,gf/ffhq_images/img009613.jpg,6,ffhq_images
img006322.jpg,gf/ffhq_images/img006322.jpg,6,ffhq_images
img007097.jpg,gf/ffhq_images/img007097.jpg,6,ffhq_images
img009954.jpg,gf/ffhq_images/img009954.jpg,6,ffhq_images
img008827.jpg,gf/ffhq_images/img008827.jpg,6,ffhq_images
img007537.jpg,gf/ffhq_images/img007537.jpg,6,ffhq_images
img008128.jpg,gf/ffhq_images/img008128.jpg,6,ffhq_images
img009023.jpg,gf/ffhq_images/img009023.jpg,6,ffhq_images
img009909.jpg,gf/ffhq_images/img009909.jpg,6,ffhq_images
img008781.jpg,gf/ffhq_images/img008781.jpg,6,ffhq_images
img009382.jpg,gf/ffhq_images/img009382.jpg,6,ffhq_images
img005183.jpg,gf/ffhq_images/img005183.jpg,6,ffhq_images
img006180.jpg,gf/ffhq_images/img006180.jpg,6,ffhq_images
img008318.jpg,gf/ffhq_images/img008318.jpg,6,ffhq_images
img009664.jpg,gf/ffhq_images/img009664.jpg,6,ffhq_images
img009636.jpg,gf/ffhq_images/img009636.jpg,6,ffhq_images
img006615.jpg,gf/ffhq_images/img006615.jpg,6,ffhq_images
img009365.jpg,gf/ffhq_images/img009365.jpg,6,ffhq_images
img006894.jpg,gf/ffhq_images/img006894.jpg,6,ffhq_images
img006910.jpg,gf/ffhq_images/img006910.jpg,6,ffhq_images
img005506.jpg,gf/ffhq_images/img005506.jpg,6,ffhq_images
img008661.jpg,gf/ffhq_images/img008661.jpg,6,ffhq_images
img008834.jpg,gf/ffhq_images/img008834.jpg,6,ffhq_images
img009549.jpg,gf/ffhq_images/img009549.jpg,6,ffhq_images
img006240.jpg,gf/ffhq_images/img006240.jpg,6,ffhq_images
img005528.jpg,gf/ffhq_images/img005528.jpg,6,ffhq_images
img008052.jpg,gf/ffhq_images/img008052.jpg,6,ffhq_images
img006966.jpg,gf/ffhq_images/img006966.jpg,6,ffhq_images
img009884.jpg,gf/ffhq_images/img009884.jpg,6,ffhq_images
img008981.jpg,gf/ffhq_images/img008981.jpg,6,ffhq_images
img008512.jpg,gf/ffhq_images/img008512.jpg,6,ffhq_images
img008296.jpg,gf/ffhq_images/img008296.jpg,6,ffhq_images
img006438.jpg,gf/ffhq_images/img006438.jpg,6,ffhq_images
img009768.jpg,gf/ffhq_images/img009768.jpg,6,ffhq_images
img006466.jpg,gf/ffhq_images/img006466.jpg,6,ffhq_images
img005177.jpg,gf/ffhq_images/img005177.jpg,6,ffhq_images
img006447.jpg,gf/ffhq_images/img006447.jpg,6,ffhq_images
img007905.jpg,gf/ffhq_images/img007905.jpg,6,ffhq_images
img008719.jpg,gf/ffhq_images/img008719.jpg,6,ffhq_images
img005049.jpg,gf/ffhq_images/img005049.jpg,6,ffhq_images
img008285.jpg,gf/ffhq_images/img008285.jpg,6,ffhq_images
img009858.jpg,gf/ffhq_images/img009858.jpg,6,ffhq_images
img005207.jpg,gf/ffhq_images/img005207.jpg,6,ffhq_images
img009606.jpg,gf/ffhq_images/img009606.jpg,6,ffhq_images
img009772.jpg,gf/ffhq_images/img009772.jpg,6,ffhq_images
img007986.jpg,gf/ffhq_images/img007986.jpg,6,ffhq_images
img005706.jpg,gf/ffhq_images/img005706.jpg,6,ffhq_images
img006508.jpg,gf/ffhq_images/img006508.jpg,6,ffhq_images
img005187.jpg,gf/ffhq_images/img005187.jpg,6,ffhq_images
img005856.jpg,gf/ffhq_images/img005856.jpg,6,ffhq_images
img005331.jpg,gf/ffhq_images/img005331.jpg,6,ffhq_images
img005342.jpg,gf/ffhq_images/img005342.jpg,6,ffhq_images
img005241.jpg,gf/ffhq_images/img005241.jpg,6,ffhq_images
img006997.jpg,gf/ffhq_images/img006997.jpg,6,ffhq_images
img008360.jpg,gf/ffhq_images/img008360.jpg,6,ffhq_images
img005473.jpg,gf/ffhq_images/img005473.jpg,6,ffhq_images
img008672.jpg,gf/ffhq_images/img008672.jpg,6,ffhq_images
img007003.jpg,gf/ffhq_images/img007003.jpg,6,ffhq_images
img005095.jpg,gf/ffhq_images/img005095.jpg,6,ffhq_images
img007379.jpg,gf/ffhq_images/img007379.jpg,6,ffhq_images
img005678.jpg,gf/ffhq_images/img005678.jpg,6,ffhq_images
img009506.jpg,gf/ffhq_images/img009506.jpg,6,ffhq_images
img009935.jpg,gf/ffhq_images/img009935.jpg,6,ffhq_images
img006516.jpg,gf/ffhq_images/img006516.jpg,6,ffhq_images
img007616.jpg,gf/ffhq_images/img007616.jpg,6,ffhq_images
img005780.jpg,gf/ffhq_images/img005780.jpg,6,ffhq_images
img009482.jpg,gf/ffhq_images/img009482.jpg,6,ffhq_images
img009656.jpg,gf/ffhq_images/img009656.jpg,6,ffhq_images
img007363.jpg,gf/ffhq_images/img007363.jpg,6,ffhq_images
img007664.jpg,gf/ffhq_images/img007664.jpg,6,ffhq_images
img005608.jpg,gf/ffhq_images/img005608.jpg,6,ffhq_images
img005471.jpg,gf/ffhq_images/img005471.jpg,6,ffhq_images
img007627.jpg,gf/ffhq_images/img007627.jpg,6,ffhq_images
img009826.jpg,gf/ffhq_images/img009826.jpg,6,ffhq_images
img009069.jpg,gf/ffhq_images/img009069.jpg,6,ffhq_images
img006147.jpg,gf/ffhq_images/img006147.jpg,6,ffhq_images
img005350.jpg,gf/ffhq_images/img005350.jpg,6,ffhq_images
img009308.jpg,gf/ffhq_images/img009308.jpg,6,ffhq_images
img009813.jpg,gf/ffhq_images/img009813.jpg,6,ffhq_images
img006210.jpg,gf/ffhq_images/img006210.jpg,6,ffhq_images
img009639.jpg,gf/ffhq_images/img009639.jpg,6,ffhq_images
img009654.jpg,gf/ffhq_images/img009654.jpg,6,ffhq_images
img005261.jpg,gf/ffhq_images/img005261.jpg,6,ffhq_images
img006421.jpg,gf/ffhq_images/img006421.jpg,6,ffhq_images
img006721.jpg,gf/ffhq_images/img006721.jpg,6,ffhq_images
img008405.jpg,gf/ffhq_images/img008405.jpg,6,ffhq_images
img007603.jpg,gf/ffhq_images/img007603.jpg,6,ffhq_images
img006941.jpg,gf/ffhq_images/img006941.jpg,6,ffhq_images
img006982.jpg,gf/ffhq_images/img006982.jpg,6,ffhq_images
img008035.jpg,gf/ffhq_images/img008035.jpg,6,ffhq_images
img005563.jpg,gf/ffhq_images/img005563.jpg,6,ffhq_images
img009401.jpg,gf/ffhq_images/img009401.jpg,6,ffhq_images
img008137.jpg,gf/ffhq_images/img008137.jpg,6,ffhq_images
img007154.jpg,gf/ffhq_images/img007154.jpg,6,ffhq_images
img007324.jpg,gf/ffhq_images/img007324.jpg,6,ffhq_images
img006817.jpg,gf/ffhq_images/img006817.jpg,6,ffhq_images
img006270.jpg,gf/ffhq_images/img006270.jpg,6,ffhq_images
img007861.jpg,gf/ffhq_images/img007861.jpg,6,ffhq_images
img007071.jpg,gf/ffhq_images/img007071.jpg,6,ffhq_images
img008472.jpg,gf/ffhq_images/img008472.jpg,6,ffhq_images
img009233.jpg,gf/ffhq_images/img009233.jpg,6,ffhq_images
img006164.jpg,gf/ffhq_images/img006164.jpg,6,ffhq_images
img007122.jpg,gf/ffhq_images/img007122.jpg,6,ffhq_images
img007271.jpg,gf/ffhq_images/img007271.jpg,6,ffhq_images
img005438.jpg,gf/ffhq_images/img005438.jpg,6,ffhq_images
img005472.jpg,gf/ffhq_images/img005472.jpg,6,ffhq_images
img007666.jpg,gf/ffhq_images/img007666.jpg,6,ffhq_images
img006635.jpg,gf/ffhq_images/img006635.jpg,6,ffhq_images
img005620.jpg,gf/ffhq_images/img005620.jpg,6,ffhq_images
img007702.jpg,gf/ffhq_images/img007702.jpg,6,ffhq_images
img005051.jpg,gf/ffhq_images/img005051.jpg,6,ffhq_images
img007315.jpg,gf/ffhq_images/img007315.jpg,6,ffhq_images
img008439.jpg,gf/ffhq_images/img008439.jpg,6,ffhq_images
img009391.jpg,gf/ffhq_images/img009391.jpg,6,ffhq_images
img005927.jpg,gf/ffhq_images/img005927.jpg,6,ffhq_images
img005041.jpg,gf/ffhq_images/img005041.jpg,6,ffhq_images
img005973.jpg,gf/ffhq_images/img005973.jpg,6,ffhq_images
img005289.jpg,gf/ffhq_images/img005289.jpg,6,ffhq_images
img005320.jpg,gf/ffhq_images/img005320.jpg,6,ffhq_images
img009902.jpg,gf/ffhq_images/img009902.jpg,6,ffhq_images
img005501.jpg,gf/ffhq_images/img005501.jpg,6,ffhq_images
img005487.jpg,gf/ffhq_images/img005487.jpg,6,ffhq_images
img005316.jpg,gf/ffhq_images/img005316.jpg,6,ffhq_images
img008474.jpg,gf/ffhq_images/img008474.jpg,6,ffhq_images
img007596.jpg,gf/ffhq_images/img007596.jpg,6,ffhq_images
img009570.jpg,gf/ffhq_images/img009570.jpg,6,ffhq_images
img005836.jpg,gf/ffhq_images/img005836.jpg,6,ffhq_images
img009812.jpg,gf/ffhq_images/img009812.jpg,6,ffhq_images
img007034.jpg,gf/ffhq_images/img007034.jpg,6,ffhq_images
img005234.jpg,gf/ffhq_images/img005234.jpg,6,ffhq_images
img008628.jpg,gf/ffhq_images/img008628.jpg,6,ffhq_images
img006899.jpg,gf/ffhq_images/img006899.jpg,6,ffhq_images
img005787.jpg,gf/ffhq_images/img005787.jpg,6,ffhq_images
img008835.jpg,gf/ffhq_images/img008835.jpg,6,ffhq_images
img008369.jpg,gf/ffhq_images/img008369.jpg,6,ffhq_images
img008812.jpg,gf/ffhq_images/img008812.jpg,6,ffhq_images
img006008.jpg,gf/ffhq_images/img006008.jpg,6,ffhq_images
img009011.jpg,gf/ffhq_images/img009011.jpg,6,ffhq_images
img008927.jpg,gf/ffhq_images/img008927.jpg,6,ffhq_images
img008303.jpg,gf/ffhq_images/img008303.jpg,6,ffhq_images
img006192.jpg,gf/ffhq_images/img006192.jpg,6,ffhq_images
img009839.jpg,gf/ffhq_images/img009839.jpg,6,ffhq_images
img006791.jpg,gf/ffhq_images/img006791.jpg,6,ffhq_images
img008647.jpg,gf/ffhq_images/img008647.jpg,6,ffhq_images
img005637.jpg,gf/ffhq_images/img005637.jpg,6,ffhq_images
img007931.jpg,gf/ffhq_images/img007931.jpg,6,ffhq_images
img008686.jpg,gf/ffhq_images/img008686.jpg,6,ffhq_images
img007622.jpg,gf/ffhq_images/img007622.jpg,6,ffhq_images
img007863.jpg,gf/ffhq_images/img007863.jpg,6,ffhq_images
img007009.jpg,gf/ffhq_images/img007009.jpg,6,ffhq_images
img005401.jpg,gf/ffhq_images/img005401.jpg,6,ffhq_images
img007138.jpg,gf/ffhq_images/img007138.jpg,6,ffhq_images
img006328.jpg,gf/ffhq_images/img006328.jpg,6,ffhq_images
img009167.jpg,gf/ffhq_images/img009167.jpg,6,ffhq_images
img008984.jpg,gf/ffhq_images/img008984.jpg,6,ffhq_images
img009329.jpg,gf/ffhq_images/img009329.jpg,6,ffhq_images
img005992.jpg,gf/ffhq_images/img005992.jpg,6,ffhq_images
img007894.jpg,gf/ffhq_images/img007894.jpg,6,ffhq_images
img008764.jpg,gf/ffhq_images/img008764.jpg,6,ffhq_images
img009184.jpg,gf/ffhq_images/img009184.jpg,6,ffhq_images
img006070.jpg,gf/ffhq_images/img006070.jpg,6,ffhq_images
img006440.jpg,gf/ffhq_images/img006440.jpg,6,ffhq_images
img006555.jpg,gf/ffhq_images/img006555.jpg,6,ffhq_images
img009357.jpg,gf/ffhq_images/img009357.jpg,6,ffhq_images
img005025.jpg,gf/ffhq_images/img005025.jpg,6,ffhq_images
img007067.jpg,gf/ffhq_images/img007067.jpg,6,ffhq_images
img009944.jpg,gf/ffhq_images/img009944.jpg,6,ffhq_images
img008602.jpg,gf/ffhq_images/img008602.jpg,6,ffhq_images
img008435.jpg,gf/ffhq_images/img008435.jpg,6,ffhq_images
img006253.jpg,gf/ffhq_images/img006253.jpg,6,ffhq_images
img005829.jpg,gf/ffhq_images/img005829.jpg,6,ffhq_images
img006657.jpg,gf/ffhq_images/img006657.jpg,6,ffhq_images
img005464.jpg,gf/ffhq_images/img005464.jpg,6,ffhq_images
img006300.jpg,gf/ffhq_images/img006300.jpg,6,ffhq_images
img005532.jpg,gf/ffhq_images/img005532.jpg,6,ffhq_images
img005691.jpg,gf/ffhq_images/img005691.jpg,6,ffhq_images
img006622.jpg,gf/ffhq_images/img006622.jpg,6,ffhq_images
img007650.jpg,gf/ffhq_images/img007650.jpg,6,ffhq_images
img007037.jpg,gf/ffhq_images/img007037.jpg,6,ffhq_images
img006216.jpg,gf/ffhq_images/img006216.jpg,6,ffhq_images
img005367.jpg,gf/ffhq_images/img005367.jpg,6,ffhq_images
img005986.jpg,gf/ffhq_images/img005986.jpg,6,ffhq_images
img008700.jpg,gf/ffhq_images/img008700.jpg,6,ffhq_images
img009109.jpg,gf/ffhq_images/img009109.jpg,6,ffhq_images
img009300.jpg,gf/ffhq_images/img009300.jpg,6,ffhq_images
img008177.jpg,gf/ffhq_images/img008177.jpg,6,ffhq_images
img005042.jpg,gf/ffhq_images/img005042.jpg,6,ffhq_images
img009602.jpg,gf/ffhq_images/img009602.jpg,6,ffhq_images
img007119.jpg,gf/ffhq_images/img007119.jpg,6,ffhq_images
img008887.jpg,gf/ffhq_images/img008887.jpg,6,ffhq_images
img005365.jpg,gf/ffhq_images/img005365.jpg,6,ffhq_images
img009632.jpg,gf/ffhq_images/img009632.jpg,6,ffhq_images
img008260.jpg,gf/ffhq_images/img008260.jpg,6,ffhq_images
img006788.jpg,gf/ffhq_images/img006788.jpg,6,ffhq_images
img005327.jpg,gf/ffhq_images/img005327.jpg,6,ffhq_images
img008308.jpg,gf/ffhq_images/img008308.jpg,6,ffhq_images
img005332.jpg,gf/ffhq_images/img005332.jpg,6,ffhq_images
img007128.jpg,gf/ffhq_images/img007128.jpg,6,ffhq_images
img008983.jpg,gf/ffhq_images/img008983.jpg,6,ffhq_images
img009032.jpg,gf/ffhq_images/img009032.jpg,6,ffhq_images
img005448.jpg,gf/ffhq_images/img005448.jpg,6,ffhq_images
img007217.jpg,gf/ffhq_images/img007217.jpg,6,ffhq_images
img006252.jpg,gf/ffhq_images/img006252.jpg,6,ffhq_images
img005575.jpg,gf/ffhq_images/img005575.jpg,6,ffhq_images
img008866.jpg,gf/ffhq_images/img008866.jpg,6,ffhq_images
img007073.jpg,gf/ffhq_images/img007073.jpg,6,ffhq_images
img009517.jpg,gf/ffhq_images/img009517.jpg,6,ffhq_images
img006744.jpg,gf/ffhq_images/img006744.jpg,6,ffhq_images
img005028.jpg,gf/ffhq_images/img005028.jpg,6,ffhq_images
img008968.jpg,gf/ffhq_images/img008968.jpg,6,ffhq_images
img008047.jpg,gf/ffhq_images/img008047.jpg,6,ffhq_images
img008677.jpg,gf/ffhq_images/img008677.jpg,6,ffhq_images
img009589.jpg,gf/ffhq_images/img009589.jpg,6,ffhq_images
img006650.jpg,gf/ffhq_images/img006650.jpg,6,ffhq_images
img007493.jpg,gf/ffhq_images/img007493.jpg,6,ffhq_images
img008974.jpg,gf/ffhq_images/img008974.jpg,6,ffhq_images
img008423.jpg,gf/ffhq_images/img008423.jpg,6,ffhq_images
img009440.jpg,gf/ffhq_images/img009440.jpg,6,ffhq_images
img007369.jpg,gf/ffhq_images/img007369.jpg,6,ffhq_images
img009162.jpg,gf/ffhq_images/img009162.jpg,6,ffhq_images
img008711.jpg,gf/ffhq_images/img008711.jpg,6,ffhq_images
img008197.jpg,gf/ffhq_images/img008197.jpg,6,ffhq_images
img007632.jpg,gf/ffhq_images/img007632.jpg,6,ffhq_images
img008227.jpg,gf/ffhq_images/img008227.jpg,6,ffhq_images
img009853.jpg,gf/ffhq_images/img009853.jpg,6,ffhq_images
img007384.jpg,gf/ffhq_images/img007384.jpg,6,ffhq_images
img009761.jpg,gf/ffhq_images/img009761.jpg,6,ffhq_images
img006559.jpg,gf/ffhq_images/img006559.jpg,6,ffhq_images
img007402.jpg,gf/ffhq_images/img007402.jpg,6,ffhq_images
img007948.jpg,gf/ffhq_images/img007948.jpg,6,ffhq_images
img005882.jpg,gf/ffhq_images/img005882.jpg,6,ffhq_images
img007362.jpg,gf/ffhq_images/img007362.jpg,6,ffhq_images
img006221.jpg,gf/ffhq_images/img006221.jpg,6,ffhq_images
img006452.jpg,gf/ffhq_images/img006452.jpg,6,ffhq_images
img005431.jpg,gf/ffhq_images/img005431.jpg,6,ffhq_images
img008737.jpg,gf/ffhq_images/img008737.jpg,6,ffhq_images
img006616.jpg,gf/ffhq_images/img006616.jpg,6,ffhq_images
img009531.jpg,gf/ffhq_images/img009531.jpg,6,ffhq_images
img005347.jpg,gf/ffhq_images/img005347.jpg,6,ffhq_images
img007258.jpg,gf/ffhq_images/img007258.jpg,6,ffhq_images
img008044.jpg,gf/ffhq_images/img008044.jpg,6,ffhq_images
img005987.jpg,gf/ffhq_images/img005987.jpg,6,ffhq_images
img005308.jpg,gf/ffhq_images/img005308.jpg,6,ffhq_images
img009323.jpg,gf/ffhq_images/img009323.jpg,6,ffhq_images
img008244.jpg,gf/ffhq_images/img008244.jpg,6,ffhq_images
img007197.jpg,gf/ffhq_images/img007197.jpg,6,ffhq_images
img008258.jpg,gf/ffhq_images/img008258.jpg,6,ffhq_images
img005644.jpg,gf/ffhq_images/img005644.jpg,6,ffhq_images
img009034.jpg,gf/ffhq_images/img009034.jpg,6,ffhq_images
img005995.jpg,gf/ffhq_images/img005995.jpg,6,ffhq_images
img009268.jpg,gf/ffhq_images/img009268.jpg,6,ffhq_images
img009029.jpg,gf/ffhq_images/img009029.jpg,6,ffhq_images
img009209.jpg,gf/ffhq_images/img009209.jpg,6,ffhq_images
img005573.jpg,gf/ffhq_images/img005573.jpg,6,ffhq_images
img005649.jpg,gf/ffhq_images/img005649.jpg,6,ffhq_images
img006963.jpg,gf/ffhq_images/img006963.jpg,6,ffhq_images
img009152.jpg,gf/ffhq_images/img009152.jpg,6,ffhq_images
img007344.jpg,gf/ffhq_images/img007344.jpg,6,ffhq_images
img005319.jpg,gf/ffhq_images/img005319.jpg,6,ffhq_images
img005276.jpg,gf/ffhq_images/img005276.jpg,6,ffhq_images
img007776.jpg,gf/ffhq_images/img007776.jpg,6,ffhq_images
img007455.jpg,gf/ffhq_images/img007455.jpg,6,ffhq_images
img008228.jpg,gf/ffhq_images/img008228.jpg,6,ffhq_images
img008467.jpg,gf/ffhq_images/img008467.jpg,6,ffhq_images
img006491.jpg,gf/ffhq_images/img006491.jpg,6,ffhq_images
img007015.jpg,gf/ffhq_images/img007015.jpg,6,ffhq_images
img006262.jpg,gf/ffhq_images/img006262.jpg,6,ffhq_images
img007346.jpg,gf/ffhq_images/img007346.jpg,6,ffhq_images
img008468.jpg,gf/ffhq_images/img008468.jpg,6,ffhq_images
img006569.jpg,gf/ffhq_images/img006569.jpg,6,ffhq_images
img007373.jpg,gf/ffhq_images/img007373.jpg,6,ffhq_images
img006546.jpg,gf/ffhq_images/img006546.jpg,6,ffhq_images
img008993.jpg,gf/ffhq_images/img008993.jpg,6,ffhq_images
img005588.jpg,gf/ffhq_images/img005588.jpg,6,ffhq_images
img009815.jpg,gf/ffhq_images/img009815.jpg,6,ffhq_images
img009528.jpg,gf/ffhq_images/img009528.jpg,6,ffhq_images
img007871.jpg,gf/ffhq_images/img007871.jpg,6,ffhq_images
img005526.jpg,gf/ffhq_images/img005526.jpg,6,ffhq_images
img005439.jpg,gf/ffhq_images/img005439.jpg,6,ffhq_images
img005607.jpg,gf/ffhq_images/img005607.jpg,6,ffhq_images
img008481.jpg,gf/ffhq_images/img008481.jpg,6,ffhq_images
img009372.jpg,gf/ffhq_images/img009372.jpg,6,ffhq_images
img009928.jpg,gf/ffhq_images/img009928.jpg,6,ffhq_images
img005163.jpg,gf/ffhq_images/img005163.jpg,6,ffhq_images
img006924.jpg,gf/ffhq_images/img006924.jpg,6,ffhq_images
img009354.jpg,gf/ffhq_images/img009354.jpg,6,ffhq_images
img006613.jpg,gf/ffhq_images/img006613.jpg,6,ffhq_images
img008298.jpg,gf/ffhq_images/img008298.jpg,6,ffhq_images
img007275.jpg,gf/ffhq_images/img007275.jpg,6,ffhq_images
img006568.jpg,gf/ffhq_images/img006568.jpg,6,ffhq_images
img006319.jpg,gf/ffhq_images/img006319.jpg,6,ffhq_images
img009213.jpg,gf/ffhq_images/img009213.jpg,6,ffhq_images
img006901.jpg,gf/ffhq_images/img006901.jpg,6,ffhq_images
img008814.jpg,gf/ffhq_images/img008814.jpg,6,ffhq_images
img006712.jpg,gf/ffhq_images/img006712.jpg,6,ffhq_images
img007428.jpg,gf/ffhq_images/img007428.jpg,6,ffhq_images
img009809.jpg,gf/ffhq_images/img009809.jpg,6,ffhq_images
img007505.jpg,gf/ffhq_images/img007505.jpg,6,ffhq_images
img008304.jpg,gf/ffhq_images/img008304.jpg,6,ffhq_images
img005466.jpg,gf/ffhq_images/img005466.jpg,6,ffhq_images
img005307.jpg,gf/ffhq_images/img005307.jpg,6,ffhq_images
img009020.jpg,gf/ffhq_images/img009020.jpg,6,ffhq_images
img008946.jpg,gf/ffhq_images/img008946.jpg,6,ffhq_images
img005868.jpg,gf/ffhq_images/img005868.jpg,6,ffhq_images
img006012.jpg,gf/ffhq_images/img006012.jpg,6,ffhq_images
img007590.jpg,gf/ffhq_images/img007590.jpg,6,ffhq_images
img008486.jpg,gf/ffhq_images/img008486.jpg,6,ffhq_images
img009763.jpg,gf/ffhq_images/img009763.jpg,6,ffhq_images
img006638.jpg,gf/ffhq_images/img006638.jpg,6,ffhq_images
img006750.jpg,gf/ffhq_images/img006750.jpg,6,ffhq_images
img008506.jpg,gf/ffhq_images/img008506.jpg,6,ffhq_images
img008880.jpg,gf/ffhq_images/img008880.jpg,6,ffhq_images
img006936.jpg,gf/ffhq_images/img006936.jpg,6,ffhq_images
img008092.jpg,gf/ffhq_images/img008092.jpg,6,ffhq_images
img005282.jpg,gf/ffhq_images/img005282.jpg,6,ffhq_images
img007684.jpg,gf/ffhq_images/img007684.jpg,6,ffhq_images
img005893.jpg,gf/ffhq_images/img005893.jpg,6,ffhq_images
img009441.jpg,gf/ffhq_images/img009441.jpg,6,ffhq_images
img009919.jpg,gf/ffhq_images/img009919.jpg,6,ffhq_images
img007802.jpg,gf/ffhq_images/img007802.jpg,6,ffhq_images
img005086.jpg,gf/ffhq_images/img005086.jpg,6,ffhq_images
img008416.jpg,gf/ffhq_images/img008416.jpg,6,ffhq_images
img006402.jpg,gf/ffhq_images/img006402.jpg,6,ffhq_images
img008656.jpg,gf/ffhq_images/img008656.jpg,6,ffhq_images
img005136.jpg,gf/ffhq_images/img005136.jpg,6,ffhq_images
img009957.jpg,gf/ffhq_images/img009957.jpg,6,ffhq_images
img008123.jpg,gf/ffhq_images/img008123.jpg,6,ffhq_images
img008972.jpg,gf/ffhq_images/img008972.jpg,6,ffhq_images
img008903.jpg,gf/ffhq_images/img008903.jpg,6,ffhq_images
img006968.jpg,gf/ffhq_images/img006968.jpg,6,ffhq_images
img006483.jpg,gf/ffhq_images/img006483.jpg,6,ffhq_images
img007687.jpg,gf/ffhq_images/img007687.jpg,6,ffhq_images
img006429.jpg,gf/ffhq_images/img006429.jpg,6,ffhq_images
img006748.jpg,gf/ffhq_images/img006748.jpg,6,ffhq_images
img008313.jpg,gf/ffhq_images/img008313.jpg,6,ffhq_images
img006393.jpg,gf/ffhq_images/img006393.jpg,6,ffhq_images
img007035.jpg,gf/ffhq_images/img007035.jpg,6,ffhq_images
img008072.jpg,gf/ffhq_images/img008072.jpg,6,ffhq_images
img005838.jpg,gf/ffhq_images/img005838.jpg,6,ffhq_images
img008521.jpg,gf/ffhq_images/img008521.jpg,6,ffhq_images
img005504.jpg,gf/ffhq_images/img005504.jpg,6,ffhq_images
img009385.jpg,gf/ffhq_images/img009385.jpg,6,ffhq_images
img007248.jpg,gf/ffhq_images/img007248.jpg,6,ffhq_images
img005689.jpg,gf/ffhq_images/img005689.jpg,6,ffhq_images
img008028.jpg,gf/ffhq_images/img008028.jpg,6,ffhq_images
img005517.jpg,gf/ffhq_images/img005517.jpg,6,ffhq_images
img009154.jpg,gf/ffhq_images/img009154.jpg,6,ffhq_images
img007267.jpg,gf/ffhq_images/img007267.jpg,6,ffhq_images
img005769.jpg,gf/ffhq_images/img005769.jpg,6,ffhq_images
img007056.jpg,gf/ffhq_images/img007056.jpg,6,ffhq_images
img009208.jpg,gf/ffhq_images/img009208.jpg,6,ffhq_images
img007661.jpg,gf/ffhq_images/img007661.jpg,6,ffhq_images
img006006.jpg,gf/ffhq_images/img006006.jpg,6,ffhq_images
img006409.jpg,gf/ffhq_images/img006409.jpg,6,ffhq_images
img005933.jpg,gf/ffhq_images/img005933.jpg,6,ffhq_images
img008334.jpg,gf/ffhq_images/img008334.jpg,6,ffhq_images
img009715.jpg,gf/ffhq_images/img009715.jpg,6,ffhq_images
img006770.jpg,gf/ffhq_images/img006770.jpg,6,ffhq_images
img008722.jpg,gf/ffhq_images/img008722.jpg,6,ffhq_images
img006015.jpg,gf/ffhq_images/img006015.jpg,6,ffhq_images
img006977.jpg,gf/ffhq_images/img006977.jpg,6,ffhq_images
img006633.jpg,gf/ffhq_images/img006633.jpg,6,ffhq_images
img007939.jpg,gf/ffhq_images/img007939.jpg,6,ffhq_images
img006168.jpg,gf/ffhq_images/img006168.jpg,6,ffhq_images
img005105.jpg,gf/ffhq_images/img005105.jpg,6,ffhq_images
img007951.jpg,gf/ffhq_images/img007951.jpg,6,ffhq_images
img006293.jpg,gf/ffhq_images/img006293.jpg,6,ffhq_images
img009254.jpg,gf/ffhq_images/img009254.jpg,6,ffhq_images
img007303.jpg,gf/ffhq_images/img007303.jpg,6,ffhq_images
img005111.jpg,gf/ffhq_images/img005111.jpg,6,ffhq_images
img008017.jpg,gf/ffhq_images/img008017.jpg,6,ffhq_images
img008777.jpg,gf/ffhq_images/img008777.jpg,6,ffhq_images
img008757.jpg,gf/ffhq_images/img008757.jpg,6,ffhq_images
img007407.jpg,gf/ffhq_images/img007407.jpg,6,ffhq_images
img007731.jpg,gf/ffhq_images/img007731.jpg,6,ffhq_images
img007475.jpg,gf/ffhq_images/img007475.jpg,6,ffhq_images
img008850.jpg,gf/ffhq_images/img008850.jpg,6,ffhq_images
img005225.jpg,gf/ffhq_images/img005225.jpg,6,ffhq_images
img007691.jpg,gf/ffhq_images/img007691.jpg,6,ffhq_images
img005515.jpg,gf/ffhq_images/img005515.jpg,6,ffhq_images
img008363.jpg,gf/ffhq_images/img008363.jpg,6,ffhq_images
img009929.jpg,gf/ffhq_images/img009929.jpg,6,ffhq_images
img005341.jpg,gf/ffhq_images/img005341.jpg,6,ffhq_images
img008975.jpg,gf/ffhq_images/img008975.jpg,6,ffhq_images
img005142.jpg,gf/ffhq_images/img005142.jpg,6,ffhq_images
img007072.jpg,gf/ffhq_images/img007072.jpg,6,ffhq_images
img008520.jpg,gf/ffhq_images/img008520.jpg,6,ffhq_images
img008088.jpg,gf/ffhq_images/img008088.jpg,6,ffhq_images
img006260.jpg,gf/ffhq_images/img006260.jpg,6,ffhq_images
img008241.jpg,gf/ffhq_images/img008241.jpg,6,ffhq_images
img008013.jpg,gf/ffhq_images/img008013.jpg,6,ffhq_images
img009345.jpg,gf/ffhq_images/img009345.jpg,6,ffhq_images
img009312.jpg,gf/ffhq_images/img009312.jpg,6,ffhq_images
img005227.jpg,gf/ffhq_images/img005227.jpg,6,ffhq_images
img007388.jpg,gf/ffhq_images/img007388.jpg,6,ffhq_images
img006261.jpg,gf/ffhq_images/img006261.jpg,6,ffhq_images
img006906.jpg,gf/ffhq_images/img006906.jpg,6,ffhq_images
img006377.jpg,gf/ffhq_images/img006377.jpg,6,ffhq_images
img007277.jpg,gf/ffhq_images/img007277.jpg,6,ffhq_images
img008502.jpg,gf/ffhq_images/img008502.jpg,6,ffhq_images
img006451.jpg,gf/ffhq_images/img006451.jpg,6,ffhq_images
img007356.jpg,gf/ffhq_images/img007356.jpg,6,ffhq_images
img005630.jpg,gf/ffhq_images/img005630.jpg,6,ffhq_images
img007257.jpg,gf/ffhq_images/img007257.jpg,6,ffhq_images
img008577.jpg,gf/ffhq_images/img008577.jpg,6,ffhq_images
img006716.jpg,gf/ffhq_images/img006716.jpg,6,ffhq_images
img007933.jpg,gf/ffhq_images/img007933.jpg,6,ffhq_images
img008803.jpg,gf/ffhq_images/img008803.jpg,6,ffhq_images
img009346.jpg,gf/ffhq_images/img009346.jpg,6,ffhq_images
img009042.jpg,gf/ffhq_images/img009042.jpg,6,ffhq_images
img005440.jpg,gf/ffhq_images/img005440.jpg,6,ffhq_images
img009135.jpg,gf/ffhq_images/img009135.jpg,6,ffhq_images
img008847.jpg,gf/ffhq_images/img008847.jpg,6,ffhq_images
img007448.jpg,gf/ffhq_images/img007448.jpg,6,ffhq_images
img006194.jpg,gf/ffhq_images/img006194.jpg,6,ffhq_images
img005500.jpg,gf/ffhq_images/img005500.jpg,6,ffhq_images
img005929.jpg,gf/ffhq_images/img005929.jpg,6,ffhq_images
img009995.jpg,gf/ffhq_images/img009995.jpg,6,ffhq_images
img006588.jpg,gf/ffhq_images/img006588.jpg,6,ffhq_images
img009151.jpg,gf/ffhq_images/img009151.jpg,6,ffhq_images
img009516.jpg,gf/ffhq_images/img009516.jpg,6,ffhq_images
img006547.jpg,gf/ffhq_images/img006547.jpg,6,ffhq_images
img007162.jpg,gf/ffhq_images/img007162.jpg,6,ffhq_images
img009320.jpg,gf/ffhq_images/img009320.jpg,6,ffhq_images
img009873.jpg,gf/ffhq_images/img009873.jpg,6,ffhq_images
img005192.jpg,gf/ffhq_images/img005192.jpg,6,ffhq_images
img006821.jpg,gf/ffhq_images/img006821.jpg,6,ffhq_images
img006156.jpg,gf/ffhq_images/img006156.jpg,6,ffhq_images
img005293.jpg,gf/ffhq_images/img005293.jpg,6,ffhq_images
img008337.jpg,gf/ffhq_images/img008337.jpg,6,ffhq_images
img005821.jpg,gf/ffhq_images/img005821.jpg,6,ffhq_images
img005688.jpg,gf/ffhq_images/img005688.jpg,6,ffhq_images
img008215.jpg,gf/ffhq_images/img008215.jpg,6,ffhq_images
img005039.jpg,gf/ffhq_images/img005039.jpg,6,ffhq_images
img006136.jpg,gf/ffhq_images/img006136.jpg,6,ffhq_images
img008330.jpg,gf/ffhq_images/img008330.jpg,6,ffhq_images
img007923.jpg,gf/ffhq_images/img007923.jpg,6,ffhq_images
img009133.jpg,gf/ffhq_images/img009133.jpg,6,ffhq_images
img009641.jpg,gf/ffhq_images/img009641.jpg,6,ffhq_images
img005671.jpg,gf/ffhq_images/img005671.jpg,6,ffhq_images
img006134.jpg,gf/ffhq_images/img006134.jpg,6,ffhq_images
img006372.jpg,gf/ffhq_images/img006372.jpg,6,ffhq_images
img005216.jpg,gf/ffhq_images/img005216.jpg,6,ffhq_images
img006442.jpg,gf/ffhq_images/img006442.jpg,6,ffhq_images
img005375.jpg,gf/ffhq_images/img005375.jpg,6,ffhq_images
img009403.jpg,gf/ffhq_images/img009403.jpg,6,ffhq_images
img009706.jpg,gf/ffhq_images/img009706.jpg,6,ffhq_images
img008456.jpg,gf/ffhq_images/img008456.jpg,6,ffhq_images
img007821.jpg,gf/ffhq_images/img007821.jpg,6,ffhq_images
img005435.jpg,gf/ffhq_images/img005435.jpg,6,ffhq_images
img008673.jpg,gf/ffhq_images/img008673.jpg,6,ffhq_images
img006815.jpg,gf/ffhq_images/img006815.jpg,6,ffhq_images
img009762.jpg,gf/ffhq_images/img009762.jpg,6,ffhq_images
img007005.jpg,gf/ffhq_images/img007005.jpg,6,ffhq_images
img006213.jpg,gf/ffhq_images/img006213.jpg,6,ffhq_images
img006593.jpg,gf/ffhq_images/img006593.jpg,6,ffhq_images
img008082.jpg,gf/ffhq_images/img008082.jpg,6,ffhq_images
img007367.jpg,gf/ffhq_images/img007367.jpg,6,ffhq_images
img008607.jpg,gf/ffhq_images/img008607.jpg,6,ffhq_images
img008320.jpg,gf/ffhq_images/img008320.jpg,6,ffhq_images
img005934.jpg,gf/ffhq_images/img005934.jpg,6,ffhq_images
img005151.jpg,gf/ffhq_images/img005151.jpg,6,ffhq_images
img009550.jpg,gf/ffhq_images/img009550.jpg,6,ffhq_images
img009645.jpg,gf/ffhq_images/img009645.jpg,6,ffhq_images
img009765.jpg,gf/ffhq_images/img009765.jpg,6,ffhq_images
img007075.jpg,gf/ffhq_images/img007075.jpg,6,ffhq_images
img007339.jpg,gf/ffhq_images/img007339.jpg,6,ffhq_images
img009157.jpg,gf/ffhq_images/img009157.jpg,6,ffhq_images
img005309.jpg,gf/ffhq_images/img005309.jpg,6,ffhq_images
img009334.jpg,gf/ffhq_images/img009334.jpg,6,ffhq_images
img008779.jpg,gf/ffhq_images/img008779.jpg,6,ffhq_images
img005598.jpg,gf/ffhq_images/img005598.jpg,6,ffhq_images
img009675.jpg,gf/ffhq_images/img009675.jpg,6,ffhq_images
img006720.jpg,gf/ffhq_images/img006720.jpg,6,ffhq_images
img006111.jpg,gf/ffhq_images/img006111.jpg,6,ffhq_images
img007978.jpg,gf/ffhq_images/img007978.jpg,6,ffhq_images
img009491.jpg,gf/ffhq_images/img009491.jpg,6,ffhq_images
img005266.jpg,gf/ffhq_images/img005266.jpg,6,ffhq_images
img009262.jpg,gf/ffhq_images/img009262.jpg,6,ffhq_images
img005176.jpg,gf/ffhq_images/img005176.jpg,6,ffhq_images
img007137.jpg,gf/ffhq_images/img007137.jpg,6,ffhq_images
img009994.jpg,gf/ffhq_images/img009994.jpg,6,ffhq_images
img008333.jpg,gf/ffhq_images/img008333.jpg,6,ffhq_images
img005092.jpg,gf/ffhq_images/img005092.jpg,6,ffhq_images
img007580.jpg,gf/ffhq_images/img007580.jpg,6,ffhq_images
img005618.jpg,gf/ffhq_images/img005618.jpg,6,ffhq_images
img009461.jpg,gf/ffhq_images/img009461.jpg,6,ffhq_images
img007794.jpg,gf/ffhq_images/img007794.jpg,6,ffhq_images
img007639.jpg,gf/ffhq_images/img007639.jpg,6,ffhq_images
img008836.jpg,gf/ffhq_images/img008836.jpg,6,ffhq_images
img007329.jpg,gf/ffhq_images/img007329.jpg,6,ffhq_images
img007911.jpg,gf/ffhq_images/img007911.jpg,6,ffhq_images
img005369.jpg,gf/ffhq_images/img005369.jpg,6,ffhq_images
img007172.jpg,gf/ffhq_images/img007172.jpg,6,ffhq_images
img005659.jpg,gf/ffhq_images/img005659.jpg,6,ffhq_images
img009915.jpg,gf/ffhq_images/img009915.jpg,6,ffhq_images
img006073.jpg,gf/ffhq_images/img006073.jpg,6,ffhq_images
img005277.jpg,gf/ffhq_images/img005277.jpg,6,ffhq_images
img009118.jpg,gf/ffhq_images/img009118.jpg,6,ffhq_images
img005806.jpg,gf/ffhq_images/img005806.jpg,6,ffhq_images
img008573.jpg,gf/ffhq_images/img008573.jpg,6,ffhq_images
img009599.jpg,gf/ffhq_images/img009599.jpg,6,ffhq_images
img005812.jpg,gf/ffhq_images/img005812.jpg,6,ffhq_images
img007783.jpg,gf/ffhq_images/img007783.jpg,6,ffhq_images
img005372.jpg,gf/ffhq_images/img005372.jpg,6,ffhq_images
img008579.jpg,gf/ffhq_images/img008579.jpg,6,ffhq_images
img009053.jpg,gf/ffhq_images/img009053.jpg,6,ffhq_images
img005704.jpg,gf/ffhq_images/img005704.jpg,6,ffhq_images
img008996.jpg,gf/ffhq_images/img008996.jpg,6,ffhq_images
img009594.jpg,gf/ffhq_images/img009594.jpg,6,ffhq_images
img007096.jpg,gf/ffhq_images/img007096.jpg,6,ffhq_images
img008720.jpg,gf/ffhq_images/img008720.jpg,6,ffhq_images
img006626.jpg,gf/ffhq_images/img006626.jpg,6,ffhq_images
img006159.jpg,gf/ffhq_images/img006159.jpg,6,ffhq_images
img005479.jpg,gf/ffhq_images/img005479.jpg,6,ffhq_images
img009191.jpg,gf/ffhq_images/img009191.jpg,6,ffhq_images
img005676.jpg,gf/ffhq_images/img005676.jpg,6,ffhq_images
img007251.jpg,gf/ffhq_images/img007251.jpg,6,ffhq_images
img006386.jpg,gf/ffhq_images/img006386.jpg,6,ffhq_images
img005147.jpg,gf/ffhq_images/img005147.jpg,6,ffhq_images
img006170.jpg,gf/ffhq_images/img006170.jpg,6,ffhq_images
img009096.jpg,gf/ffhq_images/img009096.jpg,6,ffhq_images
img009373.jpg,gf/ffhq_images/img009373.jpg,6,ffhq_images
img008763.jpg,gf/ffhq_images/img008763.jpg,6,ffhq_images
img007427.jpg,gf/ffhq_images/img007427.jpg,6,ffhq_images
img006598.jpg,gf/ffhq_images/img006598.jpg,6,ffhq_images
img008976.jpg,gf/ffhq_images/img008976.jpg,6,ffhq_images
img007062.jpg,gf/ffhq_images/img007062.jpg,6,ffhq_images
img009623.jpg,gf/ffhq_images/img009623.jpg,6,ffhq_images
img007842.jpg,gf/ffhq_images/img007842.jpg,6,ffhq_images
img007236.jpg,gf/ffhq_images/img007236.jpg,6,ffhq_images
img007274.jpg,gf/ffhq_images/img007274.jpg,6,ffhq_images
img006123.jpg,gf/ffhq_images/img006123.jpg,6,ffhq_images
img006417.jpg,gf/ffhq_images/img006417.jpg,6,ffhq_images
img005482.jpg,gf/ffhq_images/img005482.jpg,6,ffhq_images
img008368.jpg,gf/ffhq_images/img008368.jpg,6,ffhq_images
img005870.jpg,gf/ffhq_images/img005870.jpg,6,ffhq_images
img006035.jpg,gf/ffhq_images/img006035.jpg,6,ffhq_images
img009284.jpg,gf/ffhq_images/img009284.jpg,6,ffhq_images
img009476.jpg,gf/ffhq_images/img009476.jpg,6,ffhq_images
img007656.jpg,gf/ffhq_images/img007656.jpg,6,ffhq_images
img008168.jpg,gf/ffhq_images/img008168.jpg,6,ffhq_images
img008911.jpg,gf/ffhq_images/img008911.jpg,6,ffhq_images
img006758.jpg,gf/ffhq_images/img006758.jpg,6,ffhq_images
img009838.jpg,gf/ffhq_images/img009838.jpg,6,ffhq_images
img005832.jpg,gf/ffhq_images/img005832.jpg,6,ffhq_images
img005287.jpg,gf/ffhq_images/img005287.jpg,6,ffhq_images
img009174.jpg,gf/ffhq_images/img009174.jpg,6,ffhq_images
img007092.jpg,gf/ffhq_images/img007092.jpg,6,ffhq_images
img008689.jpg,gf/ffhq_images/img008689.jpg,6,ffhq_images
img007658.jpg,gf/ffhq_images/img007658.jpg,6,ffhq_images
img008939.jpg,gf/ffhq_images/img008939.jpg,6,ffhq_images
img005191.jpg,gf/ffhq_images/img005191.jpg,6,ffhq_images
img006196.jpg,gf/ffhq_images/img006196.jpg,6,ffhq_images
img009844.jpg,gf/ffhq_images/img009844.jpg,6,ffhq_images
img005179.jpg,gf/ffhq_images/img005179.jpg,6,ffhq_images
img009116.jpg,gf/ffhq_images/img009116.jpg,6,ffhq_images
img005400.jpg,gf/ffhq_images/img005400.jpg,6,ffhq_images
img005654.jpg,gf/ffhq_images/img005654.jpg,6,ffhq_images
img006245.jpg,gf/ffhq_images/img006245.jpg,6,ffhq_images
img005081.jpg,gf/ffhq_images/img005081.jpg,6,ffhq_images
img005657.jpg,gf/ffhq_images/img005657.jpg,6,ffhq_images
img009755.jpg,gf/ffhq_images/img009755.jpg,6,ffhq_images
img006354.jpg,gf/ffhq_images/img006354.jpg,6,ffhq_images
img007836.jpg,gf/ffhq_images/img007836.jpg,6,ffhq_images
img008849.jpg,gf/ffhq_images/img008849.jpg,6,ffhq_images
img006917.jpg,gf/ffhq_images/img006917.jpg,6,ffhq_images
img007313.jpg,gf/ffhq_images/img007313.jpg,6,ffhq_images
img005113.jpg,gf/ffhq_images/img005113.jpg,6,ffhq_images
img009893.jpg,gf/ffhq_images/img009893.jpg,6,ffhq_images
img009146.jpg,gf/ffhq_images/img009146.jpg,6,ffhq_images
img005701.jpg,gf/ffhq_images/img005701.jpg,6,ffhq_images
img008794.jpg,gf/ffhq_images/img008794.jpg,6,ffhq_images
img008031.jpg,gf/ffhq_images/img008031.jpg,6,ffhq_images
img008570.jpg,gf/ffhq_images/img008570.jpg,6,ffhq_images
img009269.jpg,gf/ffhq_images/img009269.jpg,6,ffhq_images
img005877.jpg,gf/ffhq_images/img005877.jpg,6,ffhq_images
img007191.jpg,gf/ffhq_images/img007191.jpg,6,ffhq_images
img009163.jpg,gf/ffhq_images/img009163.jpg,6,ffhq_images
img006308.jpg,gf/ffhq_images/img006308.jpg,6,ffhq_images
img008395.jpg,gf/ffhq_images/img008395.jpg,6,ffhq_images
img005286.jpg,gf/ffhq_images/img005286.jpg,6,ffhq_images
img006816.jpg,gf/ffhq_images/img006816.jpg,6,ffhq_images
img009142.jpg,gf/ffhq_images/img009142.jpg,6,ffhq_images
img006802.jpg,gf/ffhq_images/img006802.jpg,6,ffhq_images
img006086.jpg,gf/ffhq_images/img006086.jpg,6,ffhq_images
img008310.jpg,gf/ffhq_images/img008310.jpg,6,ffhq_images
img007244.jpg,gf/ffhq_images/img007244.jpg,6,ffhq_images
img007440.jpg,gf/ffhq_images/img007440.jpg,6,ffhq_images
img009717.jpg,gf/ffhq_images/img009717.jpg,6,ffhq_images
img008567.jpg,gf/ffhq_images/img008567.jpg,6,ffhq_images
img005384.jpg,gf/ffhq_images/img005384.jpg,6,ffhq_images
img009582.jpg,gf/ffhq_images/img009582.jpg,6,ffhq_images
img007470.jpg,gf/ffhq_images/img007470.jpg,6,ffhq_images
img009474.jpg,gf/ffhq_images/img009474.jpg,6,ffhq_images
img005395.jpg,gf/ffhq_images/img005395.jpg,6,ffhq_images
img007371.jpg,gf/ffhq_images/img007371.jpg,6,ffhq_images
img007385.jpg,gf/ffhq_images/img007385.jpg,6,ffhq_images
img006792.jpg,gf/ffhq_images/img006792.jpg,6,ffhq_images
img008933.jpg,gf/ffhq_images/img008933.jpg,6,ffhq_images
img005540.jpg,gf/ffhq_images/img005540.jpg,6,ffhq_images
img007104.jpg,gf/ffhq_images/img007104.jpg,6,ffhq_images
img008612.jpg,gf/ffhq_images/img008612.jpg,6,ffhq_images
img006189.jpg,gf/ffhq_images/img006189.jpg,6,ffhq_images
img005564.jpg,gf/ffhq_images/img005564.jpg,6,ffhq_images
img009206.jpg,gf/ffhq_images/img009206.jpg,6,ffhq_images
img007382.jpg,gf/ffhq_images/img007382.jpg,6,ffhq_images
img005619.jpg,gf/ffhq_images/img005619.jpg,6,ffhq_images
img006212.jpg,gf/ffhq_images/img006212.jpg,6,ffhq_images
img005450.jpg,gf/ffhq_images/img005450.jpg,6,ffhq_images
img006577.jpg,gf/ffhq_images/img006577.jpg,6,ffhq_images
img005844.jpg,gf/ffhq_images/img005844.jpg,6,ffhq_images
img008155.jpg,gf/ffhq_images/img008155.jpg,6,ffhq_images
img008403.jpg,gf/ffhq_images/img008403.jpg,6,ffhq_images
img007781.jpg,gf/ffhq_images/img007781.jpg,6,ffhq_images
img005869.jpg,gf/ffhq_images/img005869.jpg,6,ffhq_images
img008061.jpg,gf/ffhq_images/img008061.jpg,6,ffhq_images
img005717.jpg,gf/ffhq_images/img005717.jpg,6,ffhq_images
img009696.jpg,gf/ffhq_images/img009696.jpg,6,ffhq_images
img007410.jpg,gf/ffhq_images/img007410.jpg,6,ffhq_images
img006988.jpg,gf/ffhq_images/img006988.jpg,6,ffhq_images
img007855.jpg,gf/ffhq_images/img007855.jpg,6,ffhq_images
img006461.jpg,gf/ffhq_images/img006461.jpg,6,ffhq_images
img007640.jpg,gf/ffhq_images/img007640.jpg,6,ffhq_images
img009514.jpg,gf/ffhq_images/img009514.jpg,6,ffhq_images
img006280.jpg,gf/ffhq_images/img006280.jpg,6,ffhq_images
img006729.jpg,gf/ffhq_images/img006729.jpg,6,ffhq_images
img008511.jpg,gf/ffhq_images/img008511.jpg,6,ffhq_images
img009955.jpg,gf/ffhq_images/img009955.jpg,6,ffhq_images
img006234.jpg,gf/ffhq_images/img006234.jpg,6,ffhq_images
img006387.jpg,gf/ffhq_images/img006387.jpg,6,ffhq_images
img007814.jpg,gf/ffhq_images/img007814.jpg,6,ffhq_images
img005055.jpg,gf/ffhq_images/img005055.jpg,6,ffhq_images
img006590.jpg,gf/ffhq_images/img006590.jpg,6,ffhq_images
img007145.jpg,gf/ffhq_images/img007145.jpg,6,ffhq_images
img008642.jpg,gf/ffhq_images/img008642.jpg,6,ffhq_images
img007914.jpg,gf/ffhq_images/img007914.jpg,6,ffhq_images
img005100.jpg,gf/ffhq_images/img005100.jpg,6,ffhq_images
img006972.jpg,gf/ffhq_images/img006972.jpg,6,ffhq_images
img008398.jpg,gf/ffhq_images/img008398.jpg,6,ffhq_images
img006432.jpg,gf/ffhq_images/img006432.jpg,6,ffhq_images
img009018.jpg,gf/ffhq_images/img009018.jpg,6,ffhq_images
img005398.jpg,gf/ffhq_images/img005398.jpg,6,ffhq_images
img008454.jpg,gf/ffhq_images/img008454.jpg,6,ffhq_images
img007215.jpg,gf/ffhq_images/img007215.jpg,6,ffhq_images
img007296.jpg,gf/ffhq_images/img007296.jpg,6,ffhq_images
img009509.jpg,gf/ffhq_images/img009509.jpg,6,ffhq_images
img008519.jpg,gf/ffhq_images/img008519.jpg,6,ffhq_images
img009227.jpg,gf/ffhq_images/img009227.jpg,6,ffhq_images
img008937.jpg,gf/ffhq_images/img008937.jpg,6,ffhq_images
img006074.jpg,gf/ffhq_images/img006074.jpg,6,ffhq_images
img008185.jpg,gf/ffhq_images/img008185.jpg,6,ffhq_images
img007302.jpg,gf/ffhq_images/img007302.jpg,6,ffhq_images
img008030.jpg,gf/ffhq_images/img008030.jpg,6,ffhq_images
img008561.jpg,gf/ffhq_images/img008561.jpg,6,ffhq_images
img006873.jpg,gf/ffhq_images/img006873.jpg,6,ffhq_images
img009658.jpg,gf/ffhq_images/img009658.jpg,6,ffhq_images
img008231.jpg,gf/ffhq_images/img008231.jpg,6,ffhq_images
img005900.jpg,gf/ffhq_images/img005900.jpg,6,ffhq_images
img007679.jpg,gf/ffhq_images/img007679.jpg,6,ffhq_images
img006149.jpg,gf/ffhq_images/img006149.jpg,6,ffhq_images
img007726.jpg,gf/ffhq_images/img007726.jpg,6,ffhq_images
img005020.jpg,gf/ffhq_images/img005020.jpg,6,ffhq_images
img006798.jpg,gf/ffhq_images/img006798.jpg,6,ffhq_images
img006945.jpg,gf/ffhq_images/img006945.jpg,6,ffhq_images
img007629.jpg,gf/ffhq_images/img007629.jpg,6,ffhq_images
img008736.jpg,gf/ffhq_images/img008736.jpg,6,ffhq_images
img008483.jpg,gf/ffhq_images/img008483.jpg,6,ffhq_images
img007328.jpg,gf/ffhq_images/img007328.jpg,6,ffhq_images
img008302.jpg,gf/ffhq_images/img008302.jpg,6,ffhq_images
img008971.jpg,gf/ffhq_images/img008971.jpg,6,ffhq_images
img009321.jpg,gf/ffhq_images/img009321.jpg,6,ffhq_images
img008204.jpg,gf/ffhq_images/img008204.jpg,6,ffhq_images
img008980.jpg,gf/ffhq_images/img008980.jpg,6,ffhq_images
img005219.jpg,gf/ffhq_images/img005219.jpg,6,ffhq_images
img008101.jpg,gf/ffhq_images/img008101.jpg,6,ffhq_images
img008424.jpg,gf/ffhq_images/img008424.jpg,6,ffhq_images
img006036.jpg,gf/ffhq_images/img006036.jpg,6,ffhq_images
img008641.jpg,gf/ffhq_images/img008641.jpg,6,ffhq_images
img006570.jpg,gf/ffhq_images/img006570.jpg,6,ffhq_images
img009743.jpg,gf/ffhq_images/img009743.jpg,6,ffhq_images
img005560.jpg,gf/ffhq_images/img005560.jpg,6,ffhq_images
img005082.jpg,gf/ffhq_images/img005082.jpg,6,ffhq_images
img005156.jpg,gf/ffhq_images/img005156.jpg,6,ffhq_images
img009679.jpg,gf/ffhq_images/img009679.jpg,6,ffhq_images
img007375.jpg,gf/ffhq_images/img007375.jpg,6,ffhq_images
img006272.jpg,gf/ffhq_images/img006272.jpg,6,ffhq_images
img007800.jpg,gf/ffhq_images/img007800.jpg,6,ffhq_images
img006961.jpg,gf/ffhq_images/img006961.jpg,6,ffhq_images
img006823.jpg,gf/ffhq_images/img006823.jpg,6,ffhq_images
img008963.jpg,gf/ffhq_images/img008963.jpg,6,ffhq_images
img006691.jpg,gf/ffhq_images/img006691.jpg,6,ffhq_images
img008802.jpg,gf/ffhq_images/img008802.jpg,6,ffhq_images
img009871.jpg,gf/ffhq_images/img009871.jpg,6,ffhq_images
img007865.jpg,gf/ffhq_images/img007865.jpg,6,ffhq_images
img009419.jpg,gf/ffhq_images/img009419.jpg,6,ffhq_images
img006699.jpg,gf/ffhq_images/img006699.jpg,6,ffhq_images
img006784.jpg,gf/ffhq_images/img006784.jpg,6,ffhq_images
img007116.jpg,gf/ffhq_images/img007116.jpg,6,ffhq_images
img007509.jpg,gf/ffhq_images/img007509.jpg,6,ffhq_images
img008473.jpg,gf/ffhq_images/img008473.jpg,6,ffhq_images
img009198.jpg,gf/ffhq_images/img009198.jpg,6,ffhq_images
img008458.jpg,gf/ffhq_images/img008458.jpg,6,ffhq_images
img009927.jpg,gf/ffhq_images/img009927.jpg,6,ffhq_images
img008947.jpg,gf/ffhq_images/img008947.jpg,6,ffhq_images
img009722.jpg,gf/ffhq_images/img009722.jpg,6,ffhq_images
img009249.jpg,gf/ffhq_images/img009249.jpg,6,ffhq_images
img005387.jpg,gf/ffhq_images/img005387.jpg,6,ffhq_images
img006550.jpg,gf/ffhq_images/img006550.jpg,6,ffhq_images
img008945.jpg,gf/ffhq_images/img008945.jpg,6,ffhq_images
img005720.jpg,gf/ffhq_images/img005720.jpg,6,ffhq_images
img008489.jpg,gf/ffhq_images/img008489.jpg,6,ffhq_images
img008036.jpg,gf/ffhq_images/img008036.jpg,6,ffhq_images
img008355.jpg,gf/ffhq_images/img008355.jpg,6,ffhq_images
img007459.jpg,gf/ffhq_images/img007459.jpg,6,ffhq_images
img008484.jpg,gf/ffhq_images/img008484.jpg,6,ffhq_images
img006103.jpg,gf/ffhq_images/img006103.jpg,6,ffhq_images
img007638.jpg,gf/ffhq_images/img007638.jpg,6,ffhq_images
img007722.jpg,gf/ffhq_images/img007722.jpg,6,ffhq_images
img009341.jpg,gf/ffhq_images/img009341.jpg,6,ffhq_images
img007908.jpg,gf/ffhq_images/img007908.jpg,6,ffhq_images
img009073.jpg,gf/ffhq_images/img009073.jpg,6,ffhq_images
img008714.jpg,gf/ffhq_images/img008714.jpg,6,ffhq_images
img009925.jpg,gf/ffhq_images/img009925.jpg,6,ffhq_images
img009817.jpg,gf/ffhq_images/img009817.jpg,6,ffhq_images
img005318.jpg,gf/ffhq_images/img005318.jpg,6,ffhq_images
img005248.jpg,gf/ffhq_images/img005248.jpg,6,ffhq_images
img009009.jpg,gf/ffhq_images/img009009.jpg,6,ffhq_images
img009803.jpg,gf/ffhq_images/img009803.jpg,6,ffhq_images
img005004.jpg,gf/ffhq_images/img005004.jpg,6,ffhq_images
img007055.jpg,gf/ffhq_images/img007055.jpg,6,ffhq_images
img006231.jpg,gf/ffhq_images/img006231.jpg,6,ffhq_images
img007084.jpg,gf/ffhq_images/img007084.jpg,6,ffhq_images
img008821.jpg,gf/ffhq_images/img008821.jpg,6,ffhq_images
img006165.jpg,gf/ffhq_images/img006165.jpg,6,ffhq_images
img009993.jpg,gf/ffhq_images/img009993.jpg,6,ffhq_images
img005238.jpg,gf/ffhq_images/img005238.jpg,6,ffhq_images
img008080.jpg,gf/ffhq_images/img008080.jpg,6,ffhq_images
img009784.jpg,gf/ffhq_images/img009784.jpg,6,ffhq_images
img007789.jpg,gf/ffhq_images/img007789.jpg,6,ffhq_images
img008596.jpg,gf/ffhq_images/img008596.jpg,6,ffhq_images
img008026.jpg,gf/ffhq_images/img008026.jpg,6,ffhq_images
img008171.jpg,gf/ffhq_images/img008171.jpg,6,ffhq_images
img005462.jpg,gf/ffhq_images/img005462.jpg,6,ffhq_images
img006739.jpg,gf/ffhq_images/img006739.jpg,6,ffhq_images
img009485.jpg,gf/ffhq_images/img009485.jpg,6,ffhq_images
img009402.jpg,gf/ffhq_images/img009402.jpg,6,ffhq_images
img006364.jpg,gf/ffhq_images/img006364.jpg,6,ffhq_images
img006209.jpg,gf/ffhq_images/img006209.jpg,6,ffhq_images
img006994.jpg,gf/ffhq_images/img006994.jpg,6,ffhq_images
img006865.jpg,gf/ffhq_images/img006865.jpg,6,ffhq_images
img006793.jpg,gf/ffhq_images/img006793.jpg,6,ffhq_images
img007439.jpg,gf/ffhq_images/img007439.jpg,6,ffhq_images
img009825.jpg,gf/ffhq_images/img009825.jpg,6,ffhq_images
img008388.jpg,gf/ffhq_images/img008388.jpg,6,ffhq_images
img007583.jpg,gf/ffhq_images/img007583.jpg,6,ffhq_images
img009079.jpg,gf/ffhq_images/img009079.jpg,6,ffhq_images
img006538.jpg,gf/ffhq_images/img006538.jpg,6,ffhq_images
img007754.jpg,gf/ffhq_images/img007754.jpg,6,ffhq_images
img008118.jpg,gf/ffhq_images/img008118.jpg,6,ffhq_images
img008710.jpg,gf/ffhq_images/img008710.jpg,6,ffhq_images
img005783.jpg,gf/ffhq_images/img005783.jpg,6,ffhq_images
img007101.jpg,gf/ffhq_images/img007101.jpg,6,ffhq_images
img009076.jpg,gf/ffhq_images/img009076.jpg,6,ffhq_images
img008420.jpg,gf/ffhq_images/img008420.jpg,6,ffhq_images
img009246.jpg,gf/ffhq_images/img009246.jpg,6,ffhq_images
img009652.jpg,gf/ffhq_images/img009652.jpg,6,ffhq_images
img006908.jpg,gf/ffhq_images/img006908.jpg,6,ffhq_images
img009796.jpg,gf/ffhq_images/img009796.jpg,6,ffhq_images
img006887.jpg,gf/ffhq_images/img006887.jpg,6,ffhq_images
img007662.jpg,gf/ffhq_images/img007662.jpg,6,ffhq_images
img006955.jpg,gf/ffhq_images/img006955.jpg,6,ffhq_images
img008633.jpg,gf/ffhq_images/img008633.jpg,6,ffhq_images
img008029.jpg,gf/ffhq_images/img008029.jpg,6,ffhq_images
img008896.jpg,gf/ffhq_images/img008896.jpg,6,ffhq_images
img006526.jpg,gf/ffhq_images/img006526.jpg,6,ffhq_images
img008688.jpg,gf/ffhq_images/img008688.jpg,6,ffhq_images
img009148.jpg,gf/ffhq_images/img009148.jpg,6,ffhq_images
img005338.jpg,gf/ffhq_images/img005338.jpg,6,ffhq_images
img005167.jpg,gf/ffhq_images/img005167.jpg,6,ffhq_images
img007873.jpg,gf/ffhq_images/img007873.jpg,6,ffhq_images
img008535.jpg,gf/ffhq_images/img008535.jpg,6,ffhq_images
img006832.jpg,gf/ffhq_images/img006832.jpg,6,ffhq_images
img006827.jpg,gf/ffhq_images/img006827.jpg,6,ffhq_images
img005964.jpg,gf/ffhq_images/img005964.jpg,6,ffhq_images
img007253.jpg,gf/ffhq_images/img007253.jpg,6,ffhq_images
img006602.jpg,gf/ffhq_images/img006602.jpg,6,ffhq_images
img009410.jpg,gf/ffhq_images/img009410.jpg,6,ffhq_images
img007146.jpg,gf/ffhq_images/img007146.jpg,6,ffhq_images
img005199.jpg,gf/ffhq_images/img005199.jpg,6,ffhq_images
img005994.jpg,gf/ffhq_images/img005994.jpg,6,ffhq_images
img006698.jpg,gf/ffhq_images/img006698.jpg,6,ffhq_images
img008571.jpg,gf/ffhq_images/img008571.jpg,6,ffhq_images
img005946.jpg,gf/ffhq_images/img005946.jpg,6,ffhq_images
img009197.jpg,gf/ffhq_images/img009197.jpg,6,ffhq_images
img007094.jpg,gf/ffhq_images/img007094.jpg,6,ffhq_images
img005106.jpg,gf/ffhq_images/img005106.jpg,6,ffhq_images
img006382.jpg,gf/ffhq_images/img006382.jpg,6,ffhq_images
img005237.jpg,gf/ffhq_images/img005237.jpg,6,ffhq_images
img009314.jpg,gf/ffhq_images/img009314.jpg,6,ffhq_images
img005210.jpg,gf/ffhq_images/img005210.jpg,6,ffhq_images
img008291.jpg,gf/ffhq_images/img008291.jpg,6,ffhq_images
img009388.jpg,gf/ffhq_images/img009388.jpg,6,ffhq_images
img005748.jpg,gf/ffhq_images/img005748.jpg,6,ffhq_images
img007711.jpg,gf/ffhq_images/img007711.jpg,6,ffhq_images
img009035.jpg,gf/ffhq_images/img009035.jpg,6,ffhq_images
img005256.jpg,gf/ffhq_images/img005256.jpg,6,ffhq_images
img009779.jpg,gf/ffhq_images/img009779.jpg,6,ffhq_images
img008753.jpg,gf/ffhq_images/img008753.jpg,6,ffhq_images
img007392.jpg,gf/ffhq_images/img007392.jpg,6,ffhq_images
img007451.jpg,gf/ffhq_images/img007451.jpg,6,ffhq_images
img005094.jpg,gf/ffhq_images/img005094.jpg,6,ffhq_images
img009569.jpg,gf/ffhq_images/img009569.jpg,6,ffhq_images
img008995.jpg,gf/ffhq_images/img008995.jpg,6,ffhq_images
img009822.jpg,gf/ffhq_images/img009822.jpg,6,ffhq_images
img006705.jpg,gf/ffhq_images/img006705.jpg,6,ffhq_images
img009801.jpg,gf/ffhq_images/img009801.jpg,6,ffhq_images
img007087.jpg,gf/ffhq_images/img007087.jpg,6,ffhq_images
img006732.jpg,gf/ffhq_images/img006732.jpg,6,ffhq_images
img006684.jpg,gf/ffhq_images/img006684.jpg,6,ffhq_images
img008265.jpg,gf/ffhq_images/img008265.jpg,6,ffhq_images
img007098.jpg,gf/ffhq_images/img007098.jpg,6,ffhq_images
img006889.jpg,gf/ffhq_images/img006889.jpg,6,ffhq_images
img006695.jpg,gf/ffhq_images/img006695.jpg,6,ffhq_images
img007769.jpg,gf/ffhq_images/img007769.jpg,6,ffhq_images
img008091.jpg,gf/ffhq_images/img008091.jpg,6,ffhq_images
img008580.jpg,gf/ffhq_images/img008580.jpg,6,ffhq_images
img009631.jpg,gf/ffhq_images/img009631.jpg,6,ffhq_images
img006522.jpg,gf/ffhq_images/img006522.jpg,6,ffhq_images
img008765.jpg,gf/ffhq_images/img008765.jpg,6,ffhq_images
img005846.jpg,gf/ffhq_images/img005846.jpg,6,ffhq_images
img009287.jpg,gf/ffhq_images/img009287.jpg,6,ffhq_images
img008967.jpg,gf/ffhq_images/img008967.jpg,6,ffhq_images
img006099.jpg,gf/ffhq_images/img006099.jpg,6,ffhq_images
img009990.jpg,gf/ffhq_images/img009990.jpg,6,ffhq_images
img005058.jpg,gf/ffhq_images/img005058.jpg,6,ffhq_images
img006426.jpg,gf/ffhq_images/img006426.jpg,6,ffhq_images
img008822.jpg,gf/ffhq_images/img008822.jpg,6,ffhq_images
img005824.jpg,gf/ffhq_images/img005824.jpg,6,ffhq_images
img008907.jpg,gf/ffhq_images/img008907.jpg,6,ffhq_images
img006389.jpg,gf/ffhq_images/img006389.jpg,6,ffhq_images
img007151.jpg,gf/ffhq_images/img007151.jpg,6,ffhq_images
img006897.jpg,gf/ffhq_images/img006897.jpg,6,ffhq_images
img006454.jpg,gf/ffhq_images/img006454.jpg,6,ffhq_images
img007573.jpg,gf/ffhq_images/img007573.jpg,6,ffhq_images
img008838.jpg,gf/ffhq_images/img008838.jpg,6,ffhq_images
img008982.jpg,gf/ffhq_images/img008982.jpg,6,ffhq_images
img005359.jpg,gf/ffhq_images/img005359.jpg,6,ffhq_images
img005296.jpg,gf/ffhq_images/img005296.jpg,6,ffhq_images
img008268.jpg,gf/ffhq_images/img008268.jpg,6,ffhq_images
img008541.jpg,gf/ffhq_images/img008541.jpg,6,ffhq_images
img007102.jpg,gf/ffhq_images/img007102.jpg,6,ffhq_images
img007785.jpg,gf/ffhq_images/img007785.jpg,6,ffhq_images
img008428.jpg,gf/ffhq_images/img008428.jpg,6,ffhq_images
img009223.jpg,gf/ffhq_images/img009223.jpg,6,ffhq_images
img008361.jpg,gf/ffhq_images/img008361.jpg,6,ffhq_images
img009224.jpg,gf/ffhq_images/img009224.jpg,6,ffhq_images
img005064.jpg,gf/ffhq_images/img005064.jpg,6,ffhq_images
img007466.jpg,gf/ffhq_images/img007466.jpg,6,ffhq_images
img005268.jpg,gf/ffhq_images/img005268.jpg,6,ffhq_images
img005997.jpg,gf/ffhq_images/img005997.jpg,6,ffhq_images
img005054.jpg,gf/ffhq_images/img005054.jpg,6,ffhq_images
img007652.jpg,gf/ffhq_images/img007652.jpg,6,ffhq_images
img009908.jpg,gf/ffhq_images/img009908.jpg,6,ffhq_images
img009044.jpg,gf/ffhq_images/img009044.jpg,6,ffhq_images
img008143.jpg,gf/ffhq_images/img008143.jpg,6,ffhq_images
img008870.jpg,gf/ffhq_images/img008870.jpg,6,ffhq_images
img009086.jpg,gf/ffhq_images/img009086.jpg,6,ffhq_images
img008284.jpg,gf/ffhq_images/img008284.jpg,6,ffhq_images
img009487.jpg,gf/ffhq_images/img009487.jpg,6,ffhq_images
img008860.jpg,gf/ffhq_images/img008860.jpg,6,ffhq_images
img007163.jpg,gf/ffhq_images/img007163.jpg,6,ffhq_images
img007599.jpg,gf/ffhq_images/img007599.jpg,6,ffhq_images
img008871.jpg,gf/ffhq_images/img008871.jpg,6,ffhq_images
img008183.jpg,gf/ffhq_images/img008183.jpg,6,ffhq_images
img006289.jpg,gf/ffhq_images/img006289.jpg,6,ffhq_images
img005023.jpg,gf/ffhq_images/img005023.jpg,6,ffhq_images
img005903.jpg,gf/ffhq_images/img005903.jpg,6,ffhq_images
img009434.jpg,gf/ffhq_images/img009434.jpg,6,ffhq_images
img006498.jpg,gf/ffhq_images/img006498.jpg,6,ffhq_images
img008307.jpg,gf/ffhq_images/img008307.jpg,6,ffhq_images
img008421.jpg,gf/ffhq_images/img008421.jpg,6,ffhq_images
img008407.jpg,gf/ffhq_images/img008407.jpg,6,ffhq_images
img009186.jpg,gf/ffhq_images/img009186.jpg,6,ffhq_images
img006102.jpg,gf/ffhq_images/img006102.jpg,6,ffhq_images
img009205.jpg,gf/ffhq_images/img009205.jpg,6,ffhq_images
img005553.jpg,gf/ffhq_images/img005553.jpg,6,ffhq_images
img009795.jpg,gf/ffhq_images/img009795.jpg,6,ffhq_images
img005906.jpg,gf/ffhq_images/img005906.jpg,6,ffhq_images
img005412.jpg,gf/ffhq_images/img005412.jpg,6,ffhq_images
img005062.jpg,gf/ffhq_images/img005062.jpg,6,ffhq_images
img007761.jpg,gf/ffhq_images/img007761.jpg,6,ffhq_images
img008254.jpg,gf/ffhq_images/img008254.jpg,6,ffhq_images
img009366.jpg,gf/ffhq_images/img009366.jpg,6,ffhq_images
img005977.jpg,gf/ffhq_images/img005977.jpg,6,ffhq_images
img006335.jpg,gf/ffhq_images/img006335.jpg,6,ffhq_images
img007512.jpg,gf/ffhq_images/img007512.jpg,6,ffhq_images
img005480.jpg,gf/ffhq_images/img005480.jpg,6,ffhq_images
img009468.jpg,gf/ffhq_images/img009468.jpg,6,ffhq_images
img008718.jpg,gf/ffhq_images/img008718.jpg,6,ffhq_images
img005159.jpg,gf/ffhq_images/img005159.jpg,6,ffhq_images
img007649.jpg,gf/ffhq_images/img007649.jpg,6,ffhq_images
img008701.jpg,gf/ffhq_images/img008701.jpg,6,ffhq_images
img005740.jpg,gf/ffhq_images/img005740.jpg,6,ffhq_images
img005063.jpg,gf/ffhq_images/img005063.jpg,6,ffhq_images
img008497.jpg,gf/ffhq_images/img008497.jpg,6,ffhq_images
img006277.jpg,gf/ffhq_images/img006277.jpg,6,ffhq_images
img006850.jpg,gf/ffhq_images/img006850.jpg,6,ffhq_images
img007260.jpg,gf/ffhq_images/img007260.jpg,6,ffhq_images
img006692.jpg,gf/ffhq_images/img006692.jpg,6,ffhq_images
img008704.jpg,gf/ffhq_images/img008704.jpg,6,ffhq_images
img006309.jpg,gf/ffhq_images/img006309.jpg,6,ffhq_images
img009578.jpg,gf/ffhq_images/img009578.jpg,6,ffhq_images
img006016.jpg,gf/ffhq_images/img006016.jpg,6,ffhq_images
img008568.jpg,gf/ffhq_images/img008568.jpg,6,ffhq_images
img008217.jpg,gf/ffhq_images/img008217.jpg,6,ffhq_images
img005305.jpg,gf/ffhq_images/img005305.jpg,6,ffhq_images
img007515.jpg,gf/ffhq_images/img007515.jpg,6,ffhq_images
img005734.jpg,gf/ffhq_images/img005734.jpg,6,ffhq_images
img007117.jpg,gf/ffhq_images/img007117.jpg,6,ffhq_images
img009659.jpg,gf/ffhq_images/img009659.jpg,6,ffhq_images
img008845.jpg,gf/ffhq_images/img008845.jpg,6,ffhq_images
img009785.jpg,gf/ffhq_images/img009785.jpg,6,ffhq_images
img008874.jpg,gf/ffhq_images/img008874.jpg,6,ffhq_images
img009786.jpg,gf/ffhq_images/img009786.jpg,6,ffhq_images
img007238.jpg,gf/ffhq_images/img007238.jpg,6,ffhq_images
img005549.jpg,gf/ffhq_images/img005549.jpg,6,ffhq_images
img005465.jpg,gf/ffhq_images/img005465.jpg,6,ffhq_images
img005414.jpg,gf/ffhq_images/img005414.jpg,6,ffhq_images
img008097.jpg,gf/ffhq_images/img008097.jpg,6,ffhq_images
img006819.jpg,gf/ffhq_images/img006819.jpg,6,ffhq_images
img009611.jpg,gf/ffhq_images/img009611.jpg,6,ffhq_images
img007587.jpg,gf/ffhq_images/img007587.jpg,6,ffhq_images
img005180.jpg,gf/ffhq_images/img005180.jpg,6,ffhq_images
img007758.jpg,gf/ffhq_images/img007758.jpg,6,ffhq_images
img008314.jpg,gf/ffhq_images/img008314.jpg,6,ffhq_images
img009764.jpg,gf/ffhq_images/img009764.jpg,6,ffhq_images
img008548.jpg,gf/ffhq_images/img008548.jpg,6,ffhq_images
img005339.jpg,gf/ffhq_images/img005339.jpg,6,ffhq_images
img006809.jpg,gf/ffhq_images/img006809.jpg,6,ffhq_images
img009464.jpg,gf/ffhq_images/img009464.jpg,6,ffhq_images
img009856.jpg,gf/ffhq_images/img009856.jpg,6,ffhq_images
img009181.jpg,gf/ffhq_images/img009181.jpg,6,ffhq_images
img007309.jpg,gf/ffhq_images/img007309.jpg,6,ffhq_images
img006703.jpg,gf/ffhq_images/img006703.jpg,6,ffhq_images
img006437.jpg,gf/ffhq_images/img006437.jpg,6,ffhq_images
img005786.jpg,gf/ffhq_images/img005786.jpg,6,ffhq_images
img009218.jpg,gf/ffhq_images/img009218.jpg,6,ffhq_images
img008453.jpg,gf/ffhq_images/img008453.jpg,6,ffhq_images
img006667.jpg,gf/ffhq_images/img006667.jpg,6,ffhq_images
img005043.jpg,gf/ffhq_images/img005043.jpg,6,ffhq_images
img008748.jpg,gf/ffhq_images/img008748.jpg,6,ffhq_images
img007168.jpg,gf/ffhq_images/img007168.jpg,6,ffhq_images
img005632.jpg,gf/ffhq_images/img005632.jpg,6,ffhq_images
img008338.jpg,gf/ffhq_images/img008338.jpg,6,ffhq_images
img008359.jpg,gf/ffhq_images/img008359.jpg,6,ffhq_images
img006844.jpg,gf/ffhq_images/img006844.jpg,6,ffhq_images
img008051.jpg,gf/ffhq_images/img008051.jpg,6,ffhq_images
img007843.jpg,gf/ffhq_images/img007843.jpg,6,ffhq_images
img009438.jpg,gf/ffhq_images/img009438.jpg,6,ffhq_images
img005950.jpg,gf/ffhq_images/img005950.jpg,6,ffhq_images
img005796.jpg,gf/ffhq_images/img005796.jpg,6,ffhq_images
img007042.jpg,gf/ffhq_images/img007042.jpg,6,ffhq_images
img007361.jpg,gf/ffhq_images/img007361.jpg,6,ffhq_images
img006818.jpg,gf/ffhq_images/img006818.jpg,6,ffhq_images
img007748.jpg,gf/ffhq_images/img007748.jpg,6,ffhq_images
img006024.jpg,gf/ffhq_images/img006024.jpg,6,ffhq_images
img009202.jpg,gf/ffhq_images/img009202.jpg,6,ffhq_images
img009453.jpg,gf/ffhq_images/img009453.jpg,6,ffhq_images
img009196.jpg,gf/ffhq_images/img009196.jpg,6,ffhq_images
img009241.jpg,gf/ffhq_images/img009241.jpg,6,ffhq_images
img007862.jpg,gf/ffhq_images/img007862.jpg,6,ffhq_images
img005872.jpg,gf/ffhq_images/img005872.jpg,6,ffhq_images
img007421.jpg,gf/ffhq_images/img007421.jpg,6,ffhq_images
img006029.jpg,gf/ffhq_images/img006029.jpg,6,ffhq_images
img007060.jpg,gf/ffhq_images/img007060.jpg,6,ffhq_images
img009211.jpg,gf/ffhq_images/img009211.jpg,6,ffhq_images
img007165.jpg,gf/ffhq_images/img007165.jpg,6,ffhq_images
img007695.jpg,gf/ffhq_images/img007695.jpg,6,ffhq_images
img006404.jpg,gf/ffhq_images/img006404.jpg,6,ffhq_images
img007052.jpg,gf/ffhq_images/img007052.jpg,6,ffhq_images
img009458.jpg,gf/ffhq_images/img009458.jpg,6,ffhq_images
img008617.jpg,gf/ffhq_images/img008617.jpg,6,ffhq_images
img009386.jpg,gf/ffhq_images/img009386.jpg,6,ffhq_images
img007936.jpg,gf/ffhq_images/img007936.jpg,6,ffhq_images
img009505.jpg,gf/ffhq_images/img009505.jpg,6,ffhq_images
img009593.jpg,gf/ffhq_images/img009593.jpg,6,ffhq_images
img008505.jpg,gf/ffhq_images/img008505.jpg,6,ffhq_images
img005182.jpg,gf/ffhq_images/img005182.jpg,6,ffhq_images
img008921.jpg,gf/ffhq_images/img008921.jpg,6,ffhq_images
img009256.jpg,gf/ffhq_images/img009256.jpg,6,ffhq_images
img006855.jpg,gf/ffhq_images/img006855.jpg,6,ffhq_images
img006939.jpg,gf/ffhq_images/img006939.jpg,6,ffhq_images
img005771.jpg,gf/ffhq_images/img005771.jpg,6,ffhq_images
img005245.jpg,gf/ffhq_images/img005245.jpg,6,ffhq_images
img007161.jpg,gf/ffhq_images/img007161.jpg,6,ffhq_images
img005554.jpg,gf/ffhq_images/img005554.jpg,6,ffhq_images
img009595.jpg,gf/ffhq_images/img009595.jpg,6,ffhq_images
img005523.jpg,gf/ffhq_images/img005523.jpg,6,ffhq_images
img006411.jpg,gf/ffhq_images/img006411.jpg,6,ffhq_images
img005366.jpg,gf/ffhq_images/img005366.jpg,6,ffhq_images
img005027.jpg,gf/ffhq_images/img005027.jpg,6,ffhq_images
img007187.jpg,gf/ffhq_images/img007187.jpg,6,ffhq_images
img007997.jpg,gf/ffhq_images/img007997.jpg,6,ffhq_images
img007607.jpg,gf/ffhq_images/img007607.jpg,6,ffhq_images
img008252.jpg,gf/ffhq_images/img008252.jpg,6,ffhq_images
img007521.jpg,gf/ffhq_images/img007521.jpg,6,ffhq_images
img007249.jpg,gf/ffhq_images/img007249.jpg,6,ffhq_images
img008150.jpg,gf/ffhq_images/img008150.jpg,6,ffhq_images
img009702.jpg,gf/ffhq_images/img009702.jpg,6,ffhq_images
img006986.jpg,gf/ffhq_images/img006986.jpg,6,ffhq_images
img007444.jpg,gf/ffhq_images/img007444.jpg,6,ffhq_images
img007100.jpg,gf/ffhq_images/img007100.jpg,6,ffhq_images
img009415.jpg,gf/ffhq_images/img009415.jpg,6,ffhq_images
img007200.jpg,gf/ffhq_images/img007200.jpg,6,ffhq_images
img009719.jpg,gf/ffhq_images/img009719.jpg,6,ffhq_images
img006585.jpg,gf/ffhq_images/img006585.jpg,6,ffhq_images
img007419.jpg,gf/ffhq_images/img007419.jpg,6,ffhq_images
img006078.jpg,gf/ffhq_images/img006078.jpg,6,ffhq_images
img006916.jpg,gf/ffhq_images/img006916.jpg,6,ffhq_images
img008443.jpg,gf/ffhq_images/img008443.jpg,6,ffhq_images
img008918.jpg,gf/ffhq_images/img008918.jpg,6,ffhq_images
img005298.jpg,gf/ffhq_images/img005298.jpg,6,ffhq_images
img007312.jpg,gf/ffhq_images/img007312.jpg,6,ffhq_images
img005404.jpg,gf/ffhq_images/img005404.jpg,6,ffhq_images
img009934.jpg,gf/ffhq_images/img009934.jpg,6,ffhq_images
img009283.jpg,gf/ffhq_images/img009283.jpg,6,ffhq_images
img005542.jpg,gf/ffhq_images/img005542.jpg,6,ffhq_images
img008184.jpg,gf/ffhq_images/img008184.jpg,6,ffhq_images
img009961.jpg,gf/ffhq_images/img009961.jpg,6,ffhq_images
img005555.jpg,gf/ffhq_images/img005555.jpg,6,ffhq_images
img007297.jpg,gf/ffhq_images/img007297.jpg,6,ffhq_images
img009179.jpg,gf/ffhq_images/img009179.jpg,6,ffhq_images
img007827.jpg,gf/ffhq_images/img007827.jpg,6,ffhq_images
img006799.jpg,gf/ffhq_images/img006799.jpg,6,ffhq_images
img005073.jpg,gf/ffhq_images/img005073.jpg,6,ffhq_images
img008679.jpg,gf/ffhq_images/img008679.jpg,6,ffhq_images
img007139.jpg,gf/ffhq_images/img007139.jpg,6,ffhq_images
img007654.jpg,gf/ffhq_images/img007654.jpg,6,ffhq_images
img006419.jpg,gf/ffhq_images/img006419.jpg,6,ffhq_images
img008353.jpg,gf/ffhq_images/img008353.jpg,6,ffhq_images
img008558.jpg,gf/ffhq_images/img008558.jpg,6,ffhq_images
img008491.jpg,gf/ffhq_images/img008491.jpg,6,ffhq_images
img006142.jpg,gf/ffhq_images/img006142.jpg,6,ffhq_images
img008430.jpg,gf/ffhq_images/img008430.jpg,6,ffhq_images
img005029.jpg,gf/ffhq_images/img005029.jpg,6,ffhq_images
img007919.jpg,gf/ffhq_images/img007919.jpg,6,ffhq_images
img006190.jpg,gf/ffhq_images/img006190.jpg,6,ffhq_images
img005976.jpg,gf/ffhq_images/img005976.jpg,6,ffhq_images
img006162.jpg,gf/ffhq_images/img006162.jpg,6,ffhq_images
img007442.jpg,gf/ffhq_images/img007442.jpg,6,ffhq_images
img005290.jpg,gf/ffhq_images/img005290.jpg,6,ffhq_images
img006846.jpg,gf/ffhq_images/img006846.jpg,6,ffhq_images
img008263.jpg,gf/ffhq_images/img008263.jpg,6,ffhq_images
img009984.jpg,gf/ffhq_images/img009984.jpg,6,ffhq_images
img007047.jpg,gf/ffhq_images/img007047.jpg,6,ffhq_images
img007000.jpg,gf/ffhq_images/img007000.jpg,6,ffhq_images
img005437.jpg,gf/ffhq_images/img005437.jpg,6,ffhq_images
img005811.jpg,gf/ffhq_images/img005811.jpg,6,ffhq_images
img009416.jpg,gf/ffhq_images/img009416.jpg,6,ffhq_images
img009328.jpg,gf/ffhq_images/img009328.jpg,6,ffhq_images
img009216.jpg,gf/ffhq_images/img009216.jpg,6,ffhq_images
img006135.jpg,gf/ffhq_images/img006135.jpg,6,ffhq_images
img008544.jpg,gf/ffhq_images/img008544.jpg,6,ffhq_images
img006025.jpg,gf/ffhq_images/img006025.jpg,6,ffhq_images
img006244.jpg,gf/ffhq_images/img006244.jpg,6,ffhq_images
img009226.jpg,gf/ffhq_images/img009226.jpg,6,ffhq_images
img008164.jpg,gf/ffhq_images/img008164.jpg,6,ffhq_images
img009293.jpg,gf/ffhq_images/img009293.jpg,6,ffhq_images
img009267.jpg,gf/ffhq_images/img009267.jpg,6,ffhq_images
img007917.jpg,gf/ffhq_images/img007917.jpg,6,ffhq_images
img007286.jpg,gf/ffhq_images/img007286.jpg,6,ffhq_images
img005454.jpg,gf/ffhq_images/img005454.jpg,6,ffhq_images
img006198.jpg,gf/ffhq_images/img006198.jpg,6,ffhq_images
img006263.jpg,gf/ffhq_images/img006263.jpg,6,ffhq_images
img006745.jpg,gf/ffhq_images/img006745.jpg,6,ffhq_images
img005980.jpg,gf/ffhq_images/img005980.jpg,6,ffhq_images
img009989.jpg,gf/ffhq_images/img009989.jpg,6,ffhq_images
img008867.jpg,gf/ffhq_images/img008867.jpg,6,ffhq_images
img006519.jpg,gf/ffhq_images/img006519.jpg,6,ffhq_images
img008490.jpg,gf/ffhq_images/img008490.jpg,6,ffhq_images
img006410.jpg,gf/ffhq_images/img006410.jpg,6,ffhq_images
img009060.jpg,gf/ffhq_images/img009060.jpg,6,ffhq_images
img005458.jpg,gf/ffhq_images/img005458.jpg,6,ffhq_images
img008012.jpg,gf/ffhq_images/img008012.jpg,6,ffhq_images
img007431.jpg,gf/ffhq_images/img007431.jpg,6,ffhq_images
img008582.jpg,gf/ffhq_images/img008582.jpg,6,ffhq_images
img007558.jpg,gf/ffhq_images/img007558.jpg,6,ffhq_images
img008222.jpg,gf/ffhq_images/img008222.jpg,6,ffhq_images
img008452.jpg,gf/ffhq_images/img008452.jpg,6,ffhq_images
img005033.jpg,gf/ffhq_images/img005033.jpg,6,ffhq_images
img007946.jpg,gf/ffhq_images/img007946.jpg,6,ffhq_images
img008232.jpg,gf/ffhq_images/img008232.jpg,6,ffhq_images
img007014.jpg,gf/ffhq_images/img007014.jpg,6,ffhq_images
img005019.jpg,gf/ffhq_images/img005019.jpg,6,ffhq_images
img007114.jpg,gf/ffhq_images/img007114.jpg,6,ffhq_images
img009918.jpg,gf/ffhq_images/img009918.jpg,6,ffhq_images
img009251.jpg,gf/ffhq_images/img009251.jpg,6,ffhq_images
img009510.jpg,gf/ffhq_images/img009510.jpg,6,ffhq_images
img005566.jpg,gf/ffhq_images/img005566.jpg,6,ffhq_images
img006398.jpg,gf/ffhq_images/img006398.jpg,6,ffhq_images
img008270.jpg,gf/ffhq_images/img008270.jpg,6,ffhq_images
img008018.jpg,gf/ffhq_images/img008018.jpg,6,ffhq_images
img006944.jpg,gf/ffhq_images/img006944.jpg,6,ffhq_images
img007065.jpg,gf/ffhq_images/img007065.jpg,6,ffhq_images
img005626.jpg,gf/ffhq_images/img005626.jpg,6,ffhq_images
img005273.jpg,gf/ffhq_images/img005273.jpg,6,ffhq_images
img006304.jpg,gf/ffhq_images/img006304.jpg,6,ffhq_images
img008269.jpg,gf/ffhq_images/img008269.jpg,6,ffhq_images
img005687.jpg,gf/ffhq_images/img005687.jpg,6,ffhq_images
img008178.jpg,gf/ffhq_images/img008178.jpg,6,ffhq_images
img009056.jpg,gf/ffhq_images/img009056.jpg,6,ffhq_images
img008247.jpg,gf/ffhq_images/img008247.jpg,6,ffhq_images
img008148.jpg,gf/ffhq_images/img008148.jpg,6,ffhq_images
img006993.jpg,gf/ffhq_images/img006993.jpg,6,ffhq_images
img006726.jpg,gf/ffhq_images/img006726.jpg,6,ffhq_images
img009392.jpg,gf/ffhq_images/img009392.jpg,6,ffhq_images
img006107.jpg,gf/ffhq_images/img006107.jpg,6,ffhq_images
img009155.jpg,gf/ffhq_images/img009155.jpg,6,ffhq_images
img005533.jpg,gf/ffhq_images/img005533.jpg,6,ffhq_images
img009275.jpg,gf/ffhq_images/img009275.jpg,6,ffhq_images
img005939.jpg,gf/ffhq_images/img005939.jpg,6,ffhq_images
img008805.jpg,gf/ffhq_images/img008805.jpg,6,ffhq_images
img007866.jpg,gf/ffhq_images/img007866.jpg,6,ffhq_images
img007364.jpg,gf/ffhq_images/img007364.jpg,6,ffhq_images
img007201.jpg,gf/ffhq_images/img007201.jpg,6,ffhq_images
img009721.jpg,gf/ffhq_images/img009721.jpg,6,ffhq_images
img006864.jpg,gf/ffhq_images/img006864.jpg,6,ffhq_images
img007669.jpg,gf/ffhq_images/img007669.jpg,6,ffhq_images
img007068.jpg,gf/ffhq_images/img007068.jpg,6,ffhq_images
img005422.jpg,gf/ffhq_images/img005422.jpg,6,ffhq_images
img009091.jpg,gf/ffhq_images/img009091.jpg,6,ffhq_images
img006584.jpg,gf/ffhq_images/img006584.jpg,6,ffhq_images
img007004.jpg,gf/ffhq_images/img007004.jpg,6,ffhq_images
img007520.jpg,gf/ffhq_images/img007520.jpg,6,ffhq_images
img005622.jpg,gf/ffhq_images/img005622.jpg,6,ffhq_images
img007266.jpg,gf/ffhq_images/img007266.jpg,6,ffhq_images
img009369.jpg,gf/ffhq_images/img009369.jpg,6,ffhq_images
img007926.jpg,gf/ffhq_images/img007926.jpg,6,ffhq_images
img007724.jpg,gf/ffhq_images/img007724.jpg,6,ffhq_images
img007129.jpg,gf/ffhq_images/img007129.jpg,6,ffhq_images
img007738.jpg,gf/ffhq_images/img007738.jpg,6,ffhq_images
img007482.jpg,gf/ffhq_images/img007482.jpg,6,ffhq_images
img008726.jpg,gf/ffhq_images/img008726.jpg,6,ffhq_images
img007556.jpg,gf/ffhq_images/img007556.jpg,6,ffhq_images
img009555.jpg,gf/ffhq_images/img009555.jpg,6,ffhq_images
img008712.jpg,gf/ffhq_images/img008712.jpg,6,ffhq_images
img006781.jpg,gf/ffhq_images/img006781.jpg,6,ffhq_images
img006520.jpg,gf/ffhq_images/img006520.jpg,6,ffhq_images
img008317.jpg,gf/ffhq_images/img008317.jpg,6,ffhq_images
img009022.jpg,gf/ffhq_images/img009022.jpg,6,ffhq_images
img007690.jpg,gf/ffhq_images/img007690.jpg,6,ffhq_images
img005328.jpg,gf/ffhq_images/img005328.jpg,6,ffhq_images
img007572.jpg,gf/ffhq_images/img007572.jpg,6,ffhq_images
img005942.jpg,gf/ffhq_images/img005942.jpg,6,ffhq_images
img006946.jpg,gf/ffhq_images/img006946.jpg,6,ffhq_images
img007113.jpg,gf/ffhq_images/img007113.jpg,6,ffhq_images
img007170.jpg,gf/ffhq_images/img007170.jpg,6,ffhq_images
img005047.jpg,gf/ffhq_images/img005047.jpg,6,ffhq_images
img009601.jpg,gf/ffhq_images/img009601.jpg,6,ffhq_images
img009237.jpg,gf/ffhq_images/img009237.jpg,6,ffhq_images
img006292.jpg,gf/ffhq_images/img006292.jpg,6,ffhq_images
img005036.jpg,gf/ffhq_images/img005036.jpg,6,ffhq_images
img009535.jpg,gf/ffhq_images/img009535.jpg,6,ffhq_images
img006541.jpg,gf/ffhq_images/img006541.jpg,6,ffhq_images
img005491.jpg,gf/ffhq_images/img005491.jpg,6,ffhq_images
img009766.jpg,gf/ffhq_images/img009766.jpg,6,ffhq_images
img007994.jpg,gf/ffhq_images/img007994.jpg,6,ffhq_images
img009540.jpg,gf/ffhq_images/img009540.jpg,6,ffhq_images
img009950.jpg,gf/ffhq_images/img009950.jpg,6,ffhq_images
img009272.jpg,gf/ffhq_images/img009272.jpg,6,ffhq_images
img006556.jpg,gf/ffhq_images/img006556.jpg,6,ffhq_images
img006704.jpg,gf/ffhq_images/img006704.jpg,6,ffhq_images
img009850.jpg,gf/ffhq_images/img009850.jpg,6,ffhq_images
img006229.jpg,gf/ffhq_images/img006229.jpg,6,ffhq_images
img006228.jpg,gf/ffhq_images/img006228.jpg,6,ffhq_images
img005129.jpg,gf/ffhq_images/img005129.jpg,6,ffhq_images
img005097.jpg,gf/ffhq_images/img005097.jpg,6,ffhq_images
img006093.jpg,gf/ffhq_images/img006093.jpg,6,ffhq_images
img006950.jpg,gf/ffhq_images/img006950.jpg,6,ffhq_images
img009110.jpg,gf/ffhq_images/img009110.jpg,6,ffhq_images
img006858.jpg,gf/ffhq_images/img006858.jpg,6,ffhq_images
img008225.jpg,gf/ffhq_images/img008225.jpg,6,ffhq_images
img007626.jpg,gf/ffhq_images/img007626.jpg,6,ffhq_images
img005531.jpg,gf/ffhq_images/img005531.jpg,6,ffhq_images
img007377.jpg,gf/ffhq_images/img007377.jpg,6,ffhq_images
img006789.jpg,gf/ffhq_images/img006789.jpg,6,ffhq_images
img005914.jpg,gf/ffhq_images/img005914.jpg,6,ffhq_images
img005943.jpg,gf/ffhq_images/img005943.jpg,6,ffhq_images
img008876.jpg,gf/ffhq_images/img008876.jpg,6,ffhq_images
img005087.jpg,gf/ffhq_images/img005087.jpg,6,ffhq_images
img008432.jpg,gf/ffhq_images/img008432.jpg,6,ffhq_images
img007645.jpg,gf/ffhq_images/img007645.jpg,6,ffhq_images
img007643.jpg,gf/ffhq_images/img007643.jpg,6,ffhq_images
img005408.jpg,gf/ffhq_images/img005408.jpg,6,ffhq_images
img007111.jpg,gf/ffhq_images/img007111.jpg,6,ffhq_images
img006375.jpg,gf/ffhq_images/img006375.jpg,6,ffhq_images
img009684.jpg,gf/ffhq_images/img009684.jpg,6,ffhq_images
img009414.jpg,gf/ffhq_images/img009414.jpg,6,ffhq_images
img009545.jpg,gf/ffhq_images/img009545.jpg,6,ffhq_images
img008107.jpg,gf/ffhq_images/img008107.jpg,6,ffhq_images
img007083.jpg,gf/ffhq_images/img007083.jpg,6,ffhq_images
img006129.jpg,gf/ffhq_images/img006129.jpg,6,ffhq_images
img006227.jpg,gf/ffhq_images/img006227.jpg,6,ffhq_images
img007301.jpg,gf/ffhq_images/img007301.jpg,6,ffhq_images
img005880.jpg,gf/ffhq_images/img005880.jpg,6,ffhq_images
img007398.jpg,gf/ffhq_images/img007398.jpg,6,ffhq_images
img009178.jpg,gf/ffhq_images/img009178.jpg,6,ffhq_images
img009603.jpg,gf/ffhq_images/img009603.jpg,6,ffhq_images
img009021.jpg,gf/ffhq_images/img009021.jpg,6,ffhq_images
img005655.jpg,gf/ffhq_images/img005655.jpg,6,ffhq_images
img008132.jpg,gf/ffhq_images/img008132.jpg,6,ffhq_images
img005441.jpg,gf/ffhq_images/img005441.jpg,6,ffhq_images
img008751.jpg,gf/ffhq_images/img008751.jpg,6,ffhq_images
img007764.jpg,gf/ffhq_images/img007764.jpg,6,ffhq_images
img008266.jpg,gf/ffhq_images/img008266.jpg,6,ffhq_images
img009887.jpg,gf/ffhq_images/img009887.jpg,6,ffhq_images
img008253.jpg,gf/ffhq_images/img008253.jpg,6,ffhq_images
img008167.jpg,gf/ffhq_images/img008167.jpg,6,ffhq_images
img009726.jpg,gf/ffhq_images/img009726.jpg,6,ffhq_images
img005865.jpg,gf/ffhq_images/img005865.jpg,6,ffhq_images
img008281.jpg,gf/ffhq_images/img008281.jpg,6,ffhq_images
img009974.jpg,gf/ffhq_images/img009974.jpg,6,ffhq_images
img008262.jpg,gf/ffhq_images/img008262.jpg,6,ffhq_images
img005288.jpg,gf/ffhq_images/img005288.jpg,6,ffhq_images
img009466.jpg,gf/ffhq_images/img009466.jpg,6,ffhq_images
img009681.jpg,gf/ffhq_images/img009681.jpg,6,ffhq_images
img006833.jpg,gf/ffhq_images/img006833.jpg,6,ffhq_images
img005317.jpg,gf/ffhq_images/img005317.jpg,6,ffhq_images
img008415.jpg,gf/ffhq_images/img008415.jpg,6,ffhq_images
img005038.jpg,gf/ffhq_images/img005038.jpg,6,ffhq_images
img006428.jpg,gf/ffhq_images/img006428.jpg,6,ffhq_images
img006641.jpg,gf/ffhq_images/img006641.jpg,6,ffhq_images
img009318.jpg,gf/ffhq_images/img009318.jpg,6,ffhq_images
img007538.jpg,gf/ffhq_images/img007538.jpg,6,ffhq_images
img005080.jpg,gf/ffhq_images/img005080.jpg,6,ffhq_images
img008902.jpg,gf/ffhq_images/img008902.jpg,6,ffhq_images
img007857.jpg,gf/ffhq_images/img007857.jpg,6,ffhq_images
img005617.jpg,gf/ffhq_images/img005617.jpg,6,ffhq_images
img009609.jpg,gf/ffhq_images/img009609.jpg,6,ffhq_images
img006740.jpg,gf/ffhq_images/img006740.jpg,6,ffhq_images
img005194.jpg,gf/ffhq_images/img005194.jpg,6,ffhq_images
img007214.jpg,gf/ffhq_images/img007214.jpg,6,ffhq_images
img007355.jpg,gf/ffhq_images/img007355.jpg,6,ffhq_images
img009377.jpg,gf/ffhq_images/img009377.jpg,6,ffhq_images
img008274.jpg,gf/ffhq_images/img008274.jpg,6,ffhq_images
img008549.jpg,gf/ffhq_images/img008549.jpg,6,ffhq_images
img006233.jpg,gf/ffhq_images/img006233.jpg,6,ffhq_images
img008294.jpg,gf/ffhq_images/img008294.jpg,6,ffhq_images
img006915.jpg,gf/ffhq_images/img006915.jpg,6,ffhq_images
img005582.jpg,gf/ffhq_images/img005582.jpg,6,ffhq_images
img006949.jpg,gf/ffhq_images/img006949.jpg,6,ffhq_images
img009229.jpg,gf/ffhq_images/img009229.jpg,6,ffhq_images
img005915.jpg,gf/ffhq_images/img005915.jpg,6,ffhq_images
img009663.jpg,gf/ffhq_images/img009663.jpg,6,ffhq_images
img005355.jpg,gf/ffhq_images/img005355.jpg,6,ffhq_images
img009250.jpg,gf/ffhq_images/img009250.jpg,6,ffhq_images
img008695.jpg,gf/ffhq_images/img008695.jpg,6,ffhq_images
img007436.jpg,gf/ffhq_images/img007436.jpg,6,ffhq_images
img006975.jpg,gf/ffhq_images/img006975.jpg,6,ffhq_images
img009542.jpg,gf/ffhq_images/img009542.jpg,6,ffhq_images
img006900.jpg,gf/ffhq_images/img006900.jpg,6,ffhq_images
img008769.jpg,gf/ffhq_images/img008769.jpg,6,ffhq_images
img007218.jpg,gf/ffhq_images/img007218.jpg,6,ffhq_images
img009926.jpg,gf/ffhq_images/img009926.jpg,6,ffhq_images
img006315.jpg,gf/ffhq_images/img006315.jpg,6,ffhq_images
img005116.jpg,gf/ffhq_images/img005116.jpg,6,ffhq_images
img005627.jpg,gf/ffhq_images/img005627.jpg,6,ffhq_images
img005403.jpg,gf/ffhq_images/img005403.jpg,6,ffhq_images
img008475.jpg,gf/ffhq_images/img008475.jpg,6,ffhq_images
img007359.jpg,gf/ffhq_images/img007359.jpg,6,ffhq_images
img008078.jpg,gf/ffhq_images/img008078.jpg,6,ffhq_images
img007938.jpg,gf/ffhq_images/img007938.jpg,6,ffhq_images
img006603.jpg,gf/ffhq_images/img006603.jpg,6,ffhq_images
img008095.jpg,gf/ffhq_images/img008095.jpg,6,ffhq_images
img008442.jpg,gf/ffhq_images/img008442.jpg,6,ffhq_images
img006514.jpg,gf/ffhq_images/img006514.jpg,6,ffhq_images
img007940.jpg,gf/ffhq_images/img007940.jpg,6,ffhq_images
img005594.jpg,gf/ffhq_images/img005594.jpg,6,ffhq_images
img006055.jpg,gf/ffhq_images/img006055.jpg,6,ffhq_images
img007115.jpg,gf/ffhq_images/img007115.jpg,6,ffhq_images
img005209.jpg,gf/ffhq_images/img005209.jpg,6,ffhq_images
img006772.jpg,gf/ffhq_images/img006772.jpg,6,ffhq_images
img007868.jpg,gf/ffhq_images/img007868.jpg,6,ffhq_images
img008789.jpg,gf/ffhq_images/img008789.jpg,6,ffhq_images
img007471.jpg,gf/ffhq_images/img007471.jpg,6,ffhq_images
img009848.jpg,gf/ffhq_images/img009848.jpg,6,ffhq_images
img008525.jpg,gf/ffhq_images/img008525.jpg,6,ffhq_images
img009806.jpg,gf/ffhq_images/img009806.jpg,6,ffhq_images
img009565.jpg,gf/ffhq_images/img009565.jpg,6,ffhq_images
img006737.jpg,gf/ffhq_images/img006737.jpg,6,ffhq_images
img008841.jpg,gf/ffhq_images/img008841.jpg,6,ffhq_images
img009200.jpg,gf/ffhq_images/img009200.jpg,6,ffhq_images
img009244.jpg,gf/ffhq_images/img009244.jpg,6,ffhq_images
img005804.jpg,gf/ffhq_images/img005804.jpg,6,ffhq_images
img009337.jpg,gf/ffhq_images/img009337.jpg,6,ffhq_images
img008457.jpg,gf/ffhq_images/img008457.jpg,6,ffhq_images
img009530.jpg,gf/ffhq_images/img009530.jpg,6,ffhq_images
img007591.jpg,gf/ffhq_images/img007591.jpg,6,ffhq_images
img008234.jpg,gf/ffhq_images/img008234.jpg,6,ffhq_images
img005596.jpg,gf/ffhq_images/img005596.jpg,6,ffhq_images
img009587.jpg,gf/ffhq_images/img009587.jpg,6,ffhq_images
img007681.jpg,gf/ffhq_images/img007681.jpg,6,ffhq_images
img007784.jpg,gf/ffhq_images/img007784.jpg,6,ffhq_images
img007867.jpg,gf/ffhq_images/img007867.jpg,6,ffhq_images
img008523.jpg,gf/ffhq_images/img008523.jpg,6,ffhq_images
img006948.jpg,gf/ffhq_images/img006948.jpg,6,ffhq_images
img005642.jpg,gf/ffhq_images/img005642.jpg,6,ffhq_images
img008069.jpg,gf/ffhq_images/img008069.jpg,6,ffhq_images
img006557.jpg,gf/ffhq_images/img006557.jpg,6,ffhq_images
img005415.jpg,gf/ffhq_images/img005415.jpg,6,ffhq_images
img009061.jpg,gf/ffhq_images/img009061.jpg,6,ffhq_images
img007972.jpg,gf/ffhq_images/img007972.jpg,6,ffhq_images
img007771.jpg,gf/ffhq_images/img007771.jpg,6,ffhq_images
img007048.jpg,gf/ffhq_images/img007048.jpg,6,ffhq_images
img007887.jpg,gf/ffhq_images/img007887.jpg,6,ffhq_images
img005568.jpg,gf/ffhq_images/img005568.jpg,6,ffhq_images
img009010.jpg,gf/ffhq_images/img009010.jpg,6,ffhq_images
img006800.jpg,gf/ffhq_images/img006800.jpg,6,ffhq_images
img006027.jpg,gf/ffhq_images/img006027.jpg,6,ffhq_images
img009055.jpg,gf/ffhq_images/img009055.jpg,6,ffhq_images
img009265.jpg,gf/ffhq_images/img009265.jpg,6,ffhq_images
img009355.jpg,gf/ffhq_images/img009355.jpg,6,ffhq_images
img009115.jpg,gf/ffhq_images/img009115.jpg,6,ffhq_images
img007839.jpg,gf/ffhq_images/img007839.jpg,6,ffhq_images
img007508.jpg,gf/ffhq_images/img007508.jpg,6,ffhq_images
img008564.jpg,gf/ffhq_images/img008564.jpg,6,ffhq_images
img005030.jpg,gf/ffhq_images/img005030.jpg,6,ffhq_images
img006728.jpg,gf/ffhq_images/img006728.jpg,6,ffhq_images
img008837.jpg,gf/ffhq_images/img008837.jpg,6,ffhq_images
img006583.jpg,gf/ffhq_images/img006583.jpg,6,ffhq_images
img006356.jpg,gf/ffhq_images/img006356.jpg,6,ffhq_images
img006812.jpg,gf/ffhq_images/img006812.jpg,6,ffhq_images
img005356.jpg,gf/ffhq_images/img005356.jpg,6,ffhq_images
img007144.jpg,gf/ffhq_images/img007144.jpg,6,ffhq_images
img005489.jpg,gf/ffhq_images/img005489.jpg,6,ffhq_images
img005544.jpg,gf/ffhq_images/img005544.jpg,6,ffhq_images
img008039.jpg,gf/ffhq_images/img008039.jpg,6,ffhq_images
img008301.jpg,gf/ffhq_images/img008301.jpg,6,ffhq_images
img007519.jpg,gf/ffhq_images/img007519.jpg,6,ffhq_images
img006754.jpg,gf/ffhq_images/img006754.jpg,6,ffhq_images
img007970.jpg,gf/ffhq_images/img007970.jpg,6,ffhq_images
img008892.jpg,gf/ffhq_images/img008892.jpg,6,ffhq_images
img005476.jpg,gf/ffhq_images/img005476.jpg,6,ffhq_images
img009483.jpg,gf/ffhq_images/img009483.jpg,6,ffhq_images
img009642.jpg,gf/ffhq_images/img009642.jpg,6,ffhq_images
img005854.jpg,gf/ffhq_images/img005854.jpg,6,ffhq_images
img006621.jpg,gf/ffhq_images/img006621.jpg,6,ffhq_images
img005406.jpg,gf/ffhq_images/img005406.jpg,6,ffhq_images
img008762.jpg,gf/ffhq_images/img008762.jpg,6,ffhq_images
img009370.jpg,gf/ffhq_images/img009370.jpg,6,ffhq_images
img009769.jpg,gf/ffhq_images/img009769.jpg,6,ffhq_images
img005498.jpg,gf/ffhq_images/img005498.jpg,6,ffhq_images
img008914.jpg,gf/ffhq_images/img008914.jpg,6,ffhq_images
img007884.jpg,gf/ffhq_images/img007884.jpg,6,ffhq_images
img008145.jpg,gf/ffhq_images/img008145.jpg,6,ffhq_images
img005897.jpg,gf/ffhq_images/img005897.jpg,6,ffhq_images
img008615.jpg,gf/ffhq_images/img008615.jpg,6,ffhq_images
img008466.jpg,gf/ffhq_images/img008466.jpg,6,ffhq_images
img006420.jpg,gf/ffhq_images/img006420.jpg,6,ffhq_images
img005891.jpg,gf/ffhq_images/img005891.jpg,6,ffhq_images
img008237.jpg,gf/ffhq_images/img008237.jpg,6,ffhq_images
img006862.jpg,gf/ffhq_images/img006862.jpg,6,ffhq_images
img009325.jpg,gf/ffhq_images/img009325.jpg,6,ffhq_images
img009875.jpg,gf/ffhq_images/img009875.jpg,6,ffhq_images
img006369.jpg,gf/ffhq_images/img006369.jpg,6,ffhq_images
img008055.jpg,gf/ffhq_images/img008055.jpg,6,ffhq_images
img007686.jpg,gf/ffhq_images/img007686.jpg,6,ffhq_images
img005325.jpg,gf/ffhq_images/img005325.jpg,6,ffhq_images
img009303.jpg,gf/ffhq_images/img009303.jpg,6,ffhq_images
img008707.jpg,gf/ffhq_images/img008707.jpg,6,ffhq_images
img009617.jpg,gf/ffhq_images/img009617.jpg,6,ffhq_images
img007224.jpg,gf/ffhq_images/img007224.jpg,6,ffhq_images
img006363.jpg,gf/ffhq_images/img006363.jpg,6,ffhq_images
img007815.jpg,gf/ffhq_images/img007815.jpg,6,ffhq_images
img009239.jpg,gf/ffhq_images/img009239.jpg,6,ffhq_images
img009501.jpg,gf/ffhq_images/img009501.jpg,6,ffhq_images
img008594.jpg,gf/ffhq_images/img008594.jpg,6,ffhq_images
img009324.jpg,gf/ffhq_images/img009324.jpg,6,ffhq_images
img009007.jpg,gf/ffhq_images/img009007.jpg,6,ffhq_images
img007176.jpg,gf/ffhq_images/img007176.jpg,6,ffhq_images
img006884.jpg,gf/ffhq_images/img006884.jpg,6,ffhq_images
img009016.jpg,gf/ffhq_images/img009016.jpg,6,ffhq_images
img005948.jpg,gf/ffhq_images/img005948.jpg,6,ffhq_images
img005722.jpg,gf/ffhq_images/img005722.jpg,6,ffhq_images
img006630.jpg,gf/ffhq_images/img006630.jpg,6,ffhq_images
img006391.jpg,gf/ffhq_images/img006391.jpg,6,ffhq_images
img009289.jpg,gf/ffhq_images/img009289.jpg,6,ffhq_images
img007349.jpg,gf/ffhq_images/img007349.jpg,6,ffhq_images
img008991.jpg,gf/ffhq_images/img008991.jpg,6,ffhq_images
img007491.jpg,gf/ffhq_images/img007491.jpg,6,ffhq_images
img009729.jpg,gf/ffhq_images/img009729.jpg,6,ffhq_images
img008979.jpg,gf/ffhq_images/img008979.jpg,6,ffhq_images
img006445.jpg,gf/ffhq_images/img006445.jpg,6,ffhq_images
img009100.jpg,gf/ffhq_images/img009100.jpg,6,ffhq_images
img006938.jpg,gf/ffhq_images/img006938.jpg,6,ffhq_images
img006026.jpg,gf/ffhq_images/img006026.jpg,6,ffhq_images
img005262.jpg,gf/ffhq_images/img005262.jpg,6,ffhq_images
img006305.jpg,gf/ffhq_images/img006305.jpg,6,ffhq_images
img006558.jpg,gf/ffhq_images/img006558.jpg,6,ffhq_images
img009095.jpg,gf/ffhq_images/img009095.jpg,6,ffhq_images
img007584.jpg,gf/ffhq_images/img007584.jpg,6,ffhq_images
img006349.jpg,gf/ffhq_images/img006349.jpg,6,ffhq_images
img009933.jpg,gf/ffhq_images/img009933.jpg,6,ffhq_images
img008049.jpg,gf/ffhq_images/img008049.jpg,6,ffhq_images
img008630.jpg,gf/ffhq_images/img008630.jpg,6,ffhq_images
img008090.jpg,gf/ffhq_images/img008090.jpg,6,ffhq_images
img007737.jpg,gf/ffhq_images/img007737.jpg,6,ffhq_images
img007623.jpg,gf/ffhq_images/img007623.jpg,6,ffhq_images
img008999.jpg,gf/ffhq_images/img008999.jpg,6,ffhq_images
img007582.jpg,gf/ffhq_images/img007582.jpg,6,ffhq_images
img008513.jpg,gf/ffhq_images/img008513.jpg,6,ffhq_images
img008592.jpg,gf/ffhq_images/img008592.jpg,6,ffhq_images
img008944.jpg,gf/ffhq_images/img008944.jpg,6,ffhq_images
img006066.jpg,gf/ffhq_images/img006066.jpg,6,ffhq_images
img009799.jpg,gf/ffhq_images/img009799.jpg,6,ffhq_images
img006095.jpg,gf/ffhq_images/img006095.jpg,6,ffhq_images
img009173.jpg,gf/ffhq_images/img009173.jpg,6,ffhq_images
img005229.jpg,gf/ffhq_images/img005229.jpg,6,ffhq_images
img007949.jpg,gf/ffhq_images/img007949.jpg,6,ffhq_images
img007334.jpg,gf/ffhq_images/img007334.jpg,6,ffhq_images
img007699.jpg,gf/ffhq_images/img007699.jpg,6,ffhq_images
img006188.jpg,gf/ffhq_images/img006188.jpg,6,ffhq_images
img006756.jpg,gf/ffhq_images/img006756.jpg,6,ffhq_images
img009529.jpg,gf/ffhq_images/img009529.jpg,6,ffhq_images
img008201.jpg,gf/ffhq_images/img008201.jpg,6,ffhq_images
img006640.jpg,gf/ffhq_images/img006640.jpg,6,ffhq_images
img009963.jpg,gf/ffhq_images/img009963.jpg,6,ffhq_images
img007901.jpg,gf/ffhq_images/img007901.jpg,6,ffhq_images
img009923.jpg,gf/ffhq_images/img009923.jpg,6,ffhq_images
img009647.jpg,gf/ffhq_images/img009647.jpg,6,ffhq_images
img009459.jpg,gf/ffhq_images/img009459.jpg,6,ffhq_images
img008665.jpg,gf/ffhq_images/img008665.jpg,6,ffhq_images
img006195.jpg,gf/ffhq_images/img006195.jpg,6,ffhq_images
img008559.jpg,gf/ffhq_images/img008559.jpg,6,ffhq_images
img005551.jpg,gf/ffhq_images/img005551.jpg,6,ffhq_images
img007956.jpg,gf/ffhq_images/img007956.jpg,6,ffhq_images
img006976.jpg,gf/ffhq_images/img006976.jpg,6,ffhq_images
img008547.jpg,gf/ffhq_images/img008547.jpg,6,ffhq_images
img005932.jpg,gf/ffhq_images/img005932.jpg,6,ffhq_images
img009136.jpg,gf/ffhq_images/img009136.jpg,6,ffhq_images
img005592.jpg,gf/ffhq_images/img005592.jpg,6,ffhq_images
img006236.jpg,gf/ffhq_images/img006236.jpg,6,ffhq_images
img005583.jpg,gf/ffhq_images/img005583.jpg,6,ffhq_images
img005590.jpg,gf/ffhq_images/img005590.jpg,6,ffhq_images
img008668.jpg,gf/ffhq_images/img008668.jpg,6,ffhq_images
img005184.jpg,gf/ffhq_images/img005184.jpg,6,ffhq_images
img006001.jpg,gf/ffhq_images/img006001.jpg,6,ffhq_images
img009687.jpg,gf/ffhq_images/img009687.jpg,6,ffhq_images
img008394.jpg,gf/ffhq_images/img008394.jpg,6,ffhq_images
img007676.jpg,gf/ffhq_images/img007676.jpg,6,ffhq_images
img008408.jpg,gf/ffhq_images/img008408.jpg,6,ffhq_images
img007409.jpg,gf/ffhq_images/img007409.jpg,6,ffhq_images
img006769.jpg,gf/ffhq_images/img006769.jpg,6,ffhq_images
img007746.jpg,gf/ffhq_images/img007746.jpg,6,ffhq_images
img008500.jpg,gf/ffhq_images/img008500.jpg,6,ffhq_images
img006105.jpg,gf/ffhq_images/img006105.jpg,6,ffhq_images
img008140.jpg,gf/ffhq_images/img008140.jpg,6,ffhq_images
img005322.jpg,gf/ffhq_images/img005322.jpg,6,ffhq_images
img008195.jpg,gf/ffhq_images/img008195.jpg,6,ffhq_images
img007177.jpg,gf/ffhq_images/img007177.jpg,6,ffhq_images
img008873.jpg,gf/ffhq_images/img008873.jpg,6,ffhq_images
img005733.jpg,gf/ffhq_images/img005733.jpg,6,ffhq_images
img005887.jpg,gf/ffhq_images/img005887.jpg,6,ffhq_images
img006531.jpg,gf/ffhq_images/img006531.jpg,6,ffhq_images
img008081.jpg,gf/ffhq_images/img008081.jpg,6,ffhq_images
img005344.jpg,gf/ffhq_images/img005344.jpg,6,ffhq_images
img008869.jpg,gf/ffhq_images/img008869.jpg,6,ffhq_images
img005098.jpg,gf/ffhq_images/img005098.jpg,6,ffhq_images
img007762.jpg,gf/ffhq_images/img007762.jpg,6,ffhq_images
img008774.jpg,gf/ffhq_images/img008774.jpg,6,ffhq_images
img008043.jpg,gf/ffhq_images/img008043.jpg,6,ffhq_images
img006542.jpg,gf/ffhq_images/img006542.jpg,6,ffhq_images
img009855.jpg,gf/ffhq_images/img009855.jpg,6,ffhq_images
img008624.jpg,gf/ffhq_images/img008624.jpg,6,ffhq_images
img009408.jpg,gf/ffhq_images/img009408.jpg,6,ffhq_images
img009630.jpg,gf/ffhq_images/img009630.jpg,6,ffhq_images
img009886.jpg,gf/ffhq_images/img009886.jpg,6,ffhq_images
img007213.jpg,gf/ffhq_images/img007213.jpg,6,ffhq_images
img005833.jpg,gf/ffhq_images/img005833.jpg,6,ffhq_images
img005648.jpg,gf/ffhq_images/img005648.jpg,6,ffhq_images
img009544.jpg,gf/ffhq_images/img009544.jpg,6,ffhq_images
img005488.jpg,gf/ffhq_images/img005488.jpg,6,ffhq_images
img009500.jpg,gf/ffhq_images/img009500.jpg,6,ffhq_images
img009857.jpg,gf/ffhq_images/img009857.jpg,6,ffhq_images
img008086.jpg,gf/ffhq_images/img008086.jpg,6,ffhq_images
img005951.jpg,gf/ffhq_images/img005951.jpg,6,ffhq_images
img007386.jpg,gf/ffhq_images/img007386.jpg,6,ffhq_images
img008952.jpg,gf/ffhq_images/img008952.jpg,6,ffhq_images
img005978.jpg,gf/ffhq_images/img005978.jpg,6,ffhq_images
img007595.jpg,gf/ffhq_images/img007595.jpg,6,ffhq_images
img008399.jpg,gf/ffhq_images/img008399.jpg,6,ffhq_images
img007642.jpg,gf/ffhq_images/img007642.jpg,6,ffhq_images
img008048.jpg,gf/ffhq_images/img008048.jpg,6,ffhq_images
img007708.jpg,gf/ffhq_images/img007708.jpg,6,ffhq_images
img009395.jpg,gf/ffhq_images/img009395.jpg,6,ffhq_images
img005941.jpg,gf/ffhq_images/img005941.jpg,6,ffhq_images
img009791.jpg,gf/ffhq_images/img009791.jpg,6,ffhq_images
img007694.jpg,gf/ffhq_images/img007694.jpg,6,ffhq_images
img005650.jpg,gf/ffhq_images/img005650.jpg,6,ffhq_images
img005212.jpg,gf/ffhq_images/img005212.jpg,6,ffhq_images
img005371.jpg,gf/ffhq_images/img005371.jpg,6,ffhq_images
img009301.jpg,gf/ffhq_images/img009301.jpg,6,ffhq_images
img008412.jpg,gf/ffhq_images/img008412.jpg,6,ffhq_images
img005202.jpg,gf/ffhq_images/img005202.jpg,6,ffhq_images
img009368.jpg,gf/ffhq_images/img009368.jpg,6,ffhq_images
img005725.jpg,gf/ffhq_images/img005725.jpg,6,ffhq_images
img008431.jpg,gf/ffhq_images/img008431.jpg,6,ffhq_images
img006718.jpg,gf/ffhq_images/img006718.jpg,6,ffhq_images
img006217.jpg,gf/ffhq_images/img006217.jpg,6,ffhq_images
img008312.jpg,gf/ffhq_images/img008312.jpg,6,ffhq_images
img006163.jpg,gf/ffhq_images/img006163.jpg,6,ffhq_images
img009398.jpg,gf/ffhq_images/img009398.jpg,6,ffhq_images
img008931.jpg,gf/ffhq_images/img008931.jpg,6,ffhq_images
img008648.jpg,gf/ffhq_images/img008648.jpg,6,ffhq_images
img005814.jpg,gf/ffhq_images/img005814.jpg,6,ffhq_images
img009973.jpg,gf/ffhq_images/img009973.jpg,6,ffhq_images
img009827.jpg,gf/ffhq_images/img009827.jpg,6,ffhq_images
img006785.jpg,gf/ffhq_images/img006785.jpg,6,ffhq_images
img009558.jpg,gf/ffhq_images/img009558.jpg,6,ffhq_images
img006805.jpg,gf/ffhq_images/img006805.jpg,6,ffhq_images
img009840.jpg,gf/ffhq_images/img009840.jpg,6,ffhq_images
img007174.jpg,gf/ffhq_images/img007174.jpg,6,ffhq_images
img007581.jpg,gf/ffhq_images/img007581.jpg,6,ffhq_images
img008085.jpg,gf/ffhq_images/img008085.jpg,6,ffhq_images
img009187.jpg,gf/ffhq_images/img009187.jpg,6,ffhq_images
img006881.jpg,gf/ffhq_images/img006881.jpg,6,ffhq_images
img005250.jpg,gf/ffhq_images/img005250.jpg,6,ffhq_images
img008190.jpg,gf/ffhq_images/img008190.jpg,6,ffhq_images
img006688.jpg,gf/ffhq_images/img006688.jpg,6,ffhq_images
img008139.jpg,gf/ffhq_images/img008139.jpg,6,ffhq_images
img007961.jpg,gf/ffhq_images/img007961.jpg,6,ffhq_images
img005798.jpg,gf/ffhq_images/img005798.jpg,6,ffhq_images
img009896.jpg,gf/ffhq_images/img009896.jpg,6,ffhq_images
img008767.jpg,gf/ffhq_images/img008767.jpg,6,ffhq_images
img005484.jpg,gf/ffhq_images/img005484.jpg,6,ffhq_images
img006318.jpg,gf/ffhq_images/img006318.jpg,6,ffhq_images
img008445.jpg,gf/ffhq_images/img008445.jpg,6,ffhq_images
img006113.jpg,gf/ffhq_images/img006113.jpg,6,ffhq_images
img006449.jpg,gf/ffhq_images/img006449.jpg,6,ffhq_images
img007479.jpg,gf/ffhq_images/img007479.jpg,6,ffhq_images
img005742.jpg,gf/ffhq_images/img005742.jpg,6,ffhq_images
img009463.jpg,gf/ffhq_images/img009463.jpg,6,ffhq_images
img008651.jpg,gf/ffhq_images/img008651.jpg,6,ffhq_images
img005579.jpg,gf/ffhq_images/img005579.jpg,6,ffhq_images
img005658.jpg,gf/ffhq_images/img005658.jpg,6,ffhq_images
img006112.jpg,gf/ffhq_images/img006112.jpg,6,ffhq_images
img008109.jpg,gf/ffhq_images/img008109.jpg,6,ffhq_images
img009877.jpg,gf/ffhq_images/img009877.jpg,6,ffhq_images
img009204.jpg,gf/ffhq_images/img009204.jpg,6,ffhq_images
img006298.jpg,gf/ffhq_images/img006298.jpg,6,ffhq_images
img008994.jpg,gf/ffhq_images/img008994.jpg,6,ffhq_images
img009172.jpg,gf/ffhq_images/img009172.jpg,6,ffhq_images
img005057.jpg,gf/ffhq_images/img005057.jpg,6,ffhq_images
img007674.jpg,gf/ffhq_images/img007674.jpg,6,ffhq_images
img007429.jpg,gf/ffhq_images/img007429.jpg,6,ffhq_images
img009299.jpg,gf/ffhq_images/img009299.jpg,6,ffhq_images
img009098.jpg,gf/ffhq_images/img009098.jpg,6,ffhq_images
img005785.jpg,gf/ffhq_images/img005785.jpg,6,ffhq_images
img007374.jpg,gf/ffhq_images/img007374.jpg,6,ffhq_images
img005656.jpg,gf/ffhq_images/img005656.jpg,6,ffhq_images
img006239.jpg,gf/ffhq_images/img006239.jpg,6,ffhq_images
img005855.jpg,gf/ffhq_images/img005855.jpg,6,ffhq_images
img009177.jpg,gf/ffhq_images/img009177.jpg,6,ffhq_images
img008173.jpg,gf/ffhq_images/img008173.jpg,6,ffhq_images
img008929.jpg,gf/ffhq_images/img008929.jpg,6,ffhq_images
img007564.jpg,gf/ffhq_images/img007564.jpg,6,ffhq_images
img005354.jpg,gf/ffhq_images/img005354.jpg,6,ffhq_images
img007818.jpg,gf/ffhq_images/img007818.jpg,6,ffhq_images
img008305.jpg,gf/ffhq_images/img008305.jpg,6,ffhq_images
img009829.jpg,gf/ffhq_images/img009829.jpg,6,ffhq_images
img005074.jpg,gf/ffhq_images/img005074.jpg,6,ffhq_images
img005274.jpg,gf/ffhq_images/img005274.jpg,6,ffhq_images
img007263.jpg,gf/ffhq_images/img007263.jpg,6,ffhq_images
img006397.jpg,gf/ffhq_images/img006397.jpg,6,ffhq_images
img009924.jpg,gf/ffhq_images/img009924.jpg,6,ffhq_images
img007370.jpg,gf/ffhq_images/img007370.jpg,6,ffhq_images
img006794.jpg,gf/ffhq_images/img006794.jpg,6,ffhq_images
img009628.jpg,gf/ffhq_images/img009628.jpg,6,ffhq_images
img008970.jpg,gf/ffhq_images/img008970.jpg,6,ffhq_images
img006371.jpg,gf/ffhq_images/img006371.jpg,6,ffhq_images
img006344.jpg,gf/ffhq_images/img006344.jpg,6,ffhq_images
img008904.jpg,gf/ffhq_images/img008904.jpg,6,ffhq_images
img008104.jpg,gf/ffhq_images/img008104.jpg,6,ffhq_images
img006907.jpg,gf/ffhq_images/img006907.jpg,6,ffhq_images
img005432.jpg,gf/ffhq_images/img005432.jpg,6,ffhq_images
img008537.jpg,gf/ffhq_images/img008537.jpg,6,ffhq_images
img006885.jpg,gf/ffhq_images/img006885.jpg,6,ffhq_images
img008616.jpg,gf/ffhq_images/img008616.jpg,6,ffhq_images
img007360.jpg,gf/ffhq_images/img007360.jpg,6,ffhq_images
img009532.jpg,gf/ffhq_images/img009532.jpg,6,ffhq_images
img009673.jpg,gf/ffhq_images/img009673.jpg,6,ffhq_images
img006530.jpg,gf/ffhq_images/img006530.jpg,6,ffhq_images
img009448.jpg,gf/ffhq_images/img009448.jpg,6,ffhq_images
img006609.jpg,gf/ffhq_images/img006609.jpg,6,ffhq_images
img008175.jpg,gf/ffhq_images/img008175.jpg,6,ffhq_images
img008174.jpg,gf/ffhq_images/img008174.jpg,6,ffhq_images
img009969.jpg,gf/ffhq_images/img009969.jpg,6,ffhq_images
img007020.jpg,gf/ffhq_images/img007020.jpg,6,ffhq_images
img005088.jpg,gf/ffhq_images/img005088.jpg,6,ffhq_images
img006935.jpg,gf/ffhq_images/img006935.jpg,6,ffhq_images
img007166.jpg,gf/ffhq_images/img007166.jpg,6,ffhq_images
img007012.jpg,gf/ffhq_images/img007012.jpg,6,ffhq_images
img005730.jpg,gf/ffhq_images/img005730.jpg,6,ffhq_images
img007449.jpg,gf/ffhq_images/img007449.jpg,6,ffhq_images
img008459.jpg,gf/ffhq_images/img008459.jpg,6,ffhq_images
img006219.jpg,gf/ffhq_images/img006219.jpg,6,ffhq_images
img008250.jpg,gf/ffhq_images/img008250.jpg,6,ffhq_images
img008949.jpg,gf/ffhq_images/img008949.jpg,6,ffhq_images
img007959.jpg,gf/ffhq_images/img007959.jpg,6,ffhq_images
img007143.jpg,gf/ffhq_images/img007143.jpg,6,ffhq_images
img006456.jpg,gf/ffhq_images/img006456.jpg,6,ffhq_images
img005599.jpg,gf/ffhq_images/img005599.jpg,6,ffhq_images
img006486.jpg,gf/ffhq_images/img006486.jpg,6,ffhq_images
img006177.jpg,gf/ffhq_images/img006177.jpg,6,ffhq_images
img008793.jpg,gf/ffhq_images/img008793.jpg,6,ffhq_images
img008075.jpg,gf/ffhq_images/img008075.jpg,6,ffhq_images
img009080.jpg,gf/ffhq_images/img009080.jpg,6,ffhq_images
img007272.jpg,gf/ffhq_images/img007272.jpg,6,ffhq_images
img009588.jpg,gf/ffhq_images/img009588.jpg,6,ffhq_images
img007175.jpg,gf/ffhq_images/img007175.jpg,6,ffhq_images
img005714.jpg,gf/ffhq_images/img005714.jpg,6,ffhq_images
img007021.jpg,gf/ffhq_images/img007021.jpg,6,ffhq_images
img008956.jpg,gf/ffhq_images/img008956.jpg,6,ffhq_images
img006536.jpg,gf/ffhq_images/img006536.jpg,6,ffhq_images
img008766.jpg,gf/ffhq_images/img008766.jpg,6,ffhq_images
img006502.jpg,gf/ffhq_images/img006502.jpg,6,ffhq_images
img007910.jpg,gf/ffhq_images/img007910.jpg,6,ffhq_images
img005382.jpg,gf/ffhq_images/img005382.jpg,6,ffhq_images
img007667.jpg,gf/ffhq_images/img007667.jpg,6,ffhq_images
img009596.jpg,gf/ffhq_images/img009596.jpg,6,ffhq_images
img006324.jpg,gf/ffhq_images/img006324.jpg,6,ffhq_images
img009805.jpg,gf/ffhq_images/img009805.jpg,6,ffhq_images
img006970.jpg,gf/ffhq_images/img006970.jpg,6,ffhq_images
img007988.jpg,gf/ffhq_images/img007988.jpg,6,ffhq_images
img008909.jpg,gf/ffhq_images/img008909.jpg,6,ffhq_images
img007195.jpg,gf/ffhq_images/img007195.jpg,6,ffhq_images
img006265.jpg,gf/ffhq_images/img006265.jpg,6,ffhq_images
img008077.jpg,gf/ffhq_images/img008077.jpg,6,ffhq_images
img005413.jpg,gf/ffhq_images/img005413.jpg,6,ffhq_images
img006013.jpg,gf/ffhq_images/img006013.jpg,6,ffhq_images
img005149.jpg,gf/ffhq_images/img005149.jpg,6,ffhq_images
img009976.jpg,gf/ffhq_images/img009976.jpg,6,ffhq_images
img006039.jpg,gf/ffhq_images/img006039.jpg,6,ffhq_images
img007847.jpg,gf/ffhq_images/img007847.jpg,6,ffhq_images
img007198.jpg,gf/ffhq_images/img007198.jpg,6,ffhq_images
img005696.jpg,gf/ffhq_images/img005696.jpg,6,ffhq_images
img009746.jpg,gf/ffhq_images/img009746.jpg,6,ffhq_images
img008158.jpg,gf/ffhq_images/img008158.jpg,6,ffhq_images
img006274.jpg,gf/ffhq_images/img006274.jpg,6,ffhq_images
img006544.jpg,gf/ffhq_images/img006544.jpg,6,ffhq_images
img008824.jpg,gf/ffhq_images/img008824.jpg,6,ffhq_images
img008800.jpg,gf/ffhq_images/img008800.jpg,6,ffhq_images
img006639.jpg,gf/ffhq_images/img006639.jpg,6,ffhq_images
img006861.jpg,gf/ffhq_images/img006861.jpg,6,ffhq_images
img009201.jpg,gf/ffhq_images/img009201.jpg,6,ffhq_images
img007631.jpg,gf/ffhq_images/img007631.jpg,6,ffhq_images
img005875.jpg,gf/ffhq_images/img005875.jpg,6,ffhq_images
img009666.jpg,gf/ffhq_images/img009666.jpg,6,ffhq_images
img007141.jpg,gf/ffhq_images/img007141.jpg,6,ffhq_images
img007670.jpg,gf/ffhq_images/img007670.jpg,6,ffhq_images
img008799.jpg,gf/ffhq_images/img008799.jpg,6,ffhq_images
img008569.jpg,gf/ffhq_images/img008569.jpg,6,ffhq_images
img008872.jpg,gf/ffhq_images/img008872.jpg,6,ffhq_images
img006238.jpg,gf/ffhq_images/img006238.jpg,6,ffhq_images
img007501.jpg,gf/ffhq_images/img007501.jpg,6,ffhq_images
img008697.jpg,gf/ffhq_images/img008697.jpg,6,ffhq_images
img008877.jpg,gf/ffhq_images/img008877.jpg,6,ffhq_images
img006904.jpg,gf/ffhq_images/img006904.jpg,6,ffhq_images
img006425.jpg,gf/ffhq_images/img006425.jpg,6,ffhq_images
img006517.jpg,gf/ffhq_images/img006517.jpg,6,ffhq_images
img006659.jpg,gf/ffhq_images/img006659.jpg,6,ffhq_images
img005888.jpg,gf/ffhq_images/img005888.jpg,6,ffhq_images
img007930.jpg,gf/ffhq_images/img007930.jpg,6,ffhq_images
img005699.jpg,gf/ffhq_images/img005699.jpg,6,ffhq_images
img009685.jpg,gf/ffhq_images/img009685.jpg,6,ffhq_images
img005652.jpg,gf/ffhq_images/img005652.jpg,6,ffhq_images
img005015.jpg,gf/ffhq_images/img005015.jpg,6,ffhq_images
img008212.jpg,gf/ffhq_images/img008212.jpg,6,ffhq_images
img007710.jpg,gf/ffhq_images/img007710.jpg,6,ffhq_images
img007851.jpg,gf/ffhq_images/img007851.jpg,6,ffhq_images
img006895.jpg,gf/ffhq_images/img006895.jpg,6,ffhq_images
img009880.jpg,gf/ffhq_images/img009880.jpg,6,ffhq_images
img008023.jpg,gf/ffhq_images/img008023.jpg,6,ffhq_images
img008640.jpg,gf/ffhq_images/img008640.jpg,6,ffhq_images
img006806.jpg,gf/ffhq_images/img006806.jpg,6,ffhq_images
img007207.jpg,gf/ffhq_images/img007207.jpg,6,ffhq_images
img009288.jpg,gf/ffhq_images/img009288.jpg,6,ffhq_images
img006883.jpg,gf/ffhq_images/img006883.jpg,6,ffhq_images
img008255.jpg,gf/ffhq_images/img008255.jpg,6,ffhq_images
img005669.jpg,gf/ffhq_images/img005669.jpg,6,ffhq_images
img008366.jpg,gf/ffhq_images/img008366.jpg,6,ffhq_images
img009716.jpg,gf/ffhq_images/img009716.jpg,6,ffhq_images
img006075.jpg,gf/ffhq_images/img006075.jpg,6,ffhq_images
img006996.jpg,gf/ffhq_images/img006996.jpg,6,ffhq_images
img009123.jpg,gf/ffhq_images/img009123.jpg,6,ffhq_images
img008033.jpg,gf/ffhq_images/img008033.jpg,6,ffhq_images
img007434.jpg,gf/ffhq_images/img007434.jpg,6,ffhq_images
img009105.jpg,gf/ffhq_images/img009105.jpg,6,ffhq_images
img007289.jpg,gf/ffhq_images/img007289.jpg,6,ffhq_images
img009842.jpg,gf/ffhq_images/img009842.jpg,6,ffhq_images
img008436.jpg,gf/ffhq_images/img008436.jpg,6,ffhq_images
img008599.jpg,gf/ffhq_images/img008599.jpg,6,ffhq_images
img007086.jpg,gf/ffhq_images/img007086.jpg,6,ffhq_images
img008859.jpg,gf/ffhq_images/img008859.jpg,6,ffhq_images
img009258.jpg,gf/ffhq_images/img009258.jpg,6,ffhq_images
img007657.jpg,gf/ffhq_images/img007657.jpg,6,ffhq_images
img007621.jpg,gf/ffhq_images/img007621.jpg,6,ffhq_images
img007219.jpg,gf/ffhq_images/img007219.jpg,6,ffhq_images
img006178.jpg,gf/ffhq_images/img006178.jpg,6,ffhq_images
img006336.jpg,gf/ffhq_images/img006336.jpg,6,ffhq_images
img009210.jpg,gf/ffhq_images/img009210.jpg,6,ffhq_images
img005283.jpg,gf/ffhq_images/img005283.jpg,6,ffhq_images
img007534.jpg,gf/ffhq_images/img007534.jpg,6,ffhq_images
img007807.jpg,gf/ffhq_images/img007807.jpg,6,ffhq_images
img006573.jpg,gf/ffhq_images/img006573.jpg,6,ffhq_images
img005926.jpg,gf/ffhq_images/img005926.jpg,6,ffhq_images
img008935.jpg,gf/ffhq_images/img008935.jpg,6,ffhq_images
img009446.jpg,gf/ffhq_images/img009446.jpg,6,ffhq_images
img006902.jpg,gf/ffhq_images/img006902.jpg,6,ffhq_images
img009533.jpg,gf/ffhq_images/img009533.jpg,6,ffhq_images
img008708.jpg,gf/ffhq_images/img008708.jpg,6,ffhq_images
img008433.jpg,gf/ffhq_images/img008433.jpg,6,ffhq_images
img007273.jpg,gf/ffhq_images/img007273.jpg,6,ffhq_images
img009120.jpg,gf/ffhq_images/img009120.jpg,6,ffhq_images
img008621.jpg,gf/ffhq_images/img008621.jpg,6,ffhq_images
img008930.jpg,gf/ffhq_images/img008930.jpg,6,ffhq_images
img005037.jpg,gf/ffhq_images/img005037.jpg,6,ffhq_images
img008300.jpg,gf/ffhq_images/img008300.jpg,6,ffhq_images
img005794.jpg,gf/ffhq_images/img005794.jpg,6,ffhq_images
img006929.jpg,gf/ffhq_images/img006929.jpg,6,ffhq_images
img008358.jpg,gf/ffhq_images/img008358.jpg,6,ffhq_images
img006687.jpg,gf/ffhq_images/img006687.jpg,6,ffhq_images
img005741.jpg,gf/ffhq_images/img005741.jpg,6,ffhq_images
img007835.jpg,gf/ffhq_images/img007835.jpg,6,ffhq_images
img006715.jpg,gf/ffhq_images/img006715.jpg,6,ffhq_images
img007885.jpg,gf/ffhq_images/img007885.jpg,6,ffhq_images
img006050.jpg,gf/ffhq_images/img006050.jpg,6,ffhq_images
img005724.jpg,gf/ffhq_images/img005724.jpg,6,ffhq_images
img006594.jpg,gf/ffhq_images/img006594.jpg,6,ffhq_images
img005770.jpg,gf/ffhq_images/img005770.jpg,6,ffhq_images
img006645.jpg,gf/ffhq_images/img006645.jpg,6,ffhq_images
img005285.jpg,gf/ffhq_images/img005285.jpg,6,ffhq_images
img008477.jpg,gf/ffhq_images/img008477.jpg,6,ffhq_images
img007134.jpg,gf/ffhq_images/img007134.jpg,6,ffhq_images
img007461.jpg,gf/ffhq_images/img007461.jpg,6,ffhq_images
img007744.jpg,gf/ffhq_images/img007744.jpg,6,ffhq_images
img009604.jpg,gf/ffhq_images/img009604.jpg,6,ffhq_images
img007811.jpg,gf/ffhq_images/img007811.jpg,6,ffhq_images
img006057.jpg,gf/ffhq_images/img006057.jpg,6,ffhq_images
img005708.jpg,gf/ffhq_images/img005708.jpg,6,ffhq_images
img006989.jpg,gf/ffhq_images/img006989.jpg,6,ffhq_images
img005700.jpg,gf/ffhq_images/img005700.jpg,6,ffhq_images
img007050.jpg,gf/ffhq_images/img007050.jpg,6,ffhq_images
img008141.jpg,gf/ffhq_images/img008141.jpg,6,ffhq_images
img007954.jpg,gf/ffhq_images/img007954.jpg,6,ffhq_images
img007498.jpg,gf/ffhq_images/img007498.jpg,6,ffhq_images
img006133.jpg,gf/ffhq_images/img006133.jpg,6,ffhq_images
img005539.jpg,gf/ffhq_images/img005539.jpg,6,ffhq_images
img005896.jpg,gf/ffhq_images/img005896.jpg,6,ffhq_images
img009028.jpg,gf/ffhq_images/img009028.jpg,6,ffhq_images
img009597.jpg,gf/ffhq_images/img009597.jpg,6,ffhq_images
img007790.jpg,gf/ffhq_images/img007790.jpg,6,ffhq_images
img008905.jpg,gf/ffhq_images/img008905.jpg,6,ffhq_images
img009387.jpg,gf/ffhq_images/img009387.jpg,6,ffhq_images
img007697.jpg,gf/ffhq_images/img007697.jpg,6,ffhq_images
img007877.jpg,gf/ffhq_images/img007877.jpg,6,ffhq_images
img006462.jpg,gf/ffhq_images/img006462.jpg,6,ffhq_images
img005960.jpg,gf/ffhq_images/img005960.jpg,6,ffhq_images
img006854.jpg,gf/ffhq_images/img006854.jpg,6,ffhq_images
img006185.jpg,gf/ffhq_images/img006185.jpg,6,ffhq_images
img009465.jpg,gf/ffhq_images/img009465.jpg,6,ffhq_images
img006920.jpg,gf/ffhq_images/img006920.jpg,6,ffhq_images
img009580.jpg,gf/ffhq_images/img009580.jpg,6,ffhq_images
img007598.jpg,gf/ffhq_images/img007598.jpg,6,ffhq_images
img006110.jpg,gf/ffhq_images/img006110.jpg,6,ffhq_images
img006320.jpg,gf/ffhq_images/img006320.jpg,6,ffhq_images
img008503.jpg,gf/ffhq_images/img008503.jpg,6,ffhq_images
img008207.jpg,gf/ffhq_images/img008207.jpg,6,ffhq_images
img007683.jpg,gf/ffhq_images/img007683.jpg,6,ffhq_images
img006214.jpg,gf/ffhq_images/img006214.jpg,6,ffhq_images
img007526.jpg,gf/ffhq_images/img007526.jpg,6,ffhq_images
img006458.jpg,gf/ffhq_images/img006458.jpg,6,ffhq_images
img007816.jpg,gf/ffhq_images/img007816.jpg,6,ffhq_images
img008724.jpg,gf/ffhq_images/img008724.jpg,6,ffhq_images
img006738.jpg,gf/ffhq_images/img006738.jpg,6,ffhq_images
img008868.jpg,gf/ffhq_images/img008868.jpg,6,ffhq_images
img007239.jpg,gf/ffhq_images/img007239.jpg,6,ffhq_images
img005857.jpg,gf/ffhq_images/img005857.jpg,6,ffhq_images
img007153.jpg,gf/ffhq_images/img007153.jpg,6,ffhq_images
img006733.jpg,gf/ffhq_images/img006733.jpg,6,ffhq_images
img008618.jpg,gf/ffhq_images/img008618.jpg,6,ffhq_images
img007001.jpg,gf/ffhq_images/img007001.jpg,6,ffhq_images
img006484.jpg,gf/ffhq_images/img006484.jpg,6,ffhq_images
img009153.jpg,gf/ffhq_images/img009153.jpg,6,ffhq_images
img007305.jpg,gf/ffhq_images/img007305.jpg,6,ffhq_images
img009278.jpg,gf/ffhq_images/img009278.jpg,6,ffhq_images
img006279.jpg,gf/ffhq_images/img006279.jpg,6,ffhq_images
img005681.jpg,gf/ffhq_images/img005681.jpg,6,ffhq_images
img006384.jpg,gf/ffhq_images/img006384.jpg,6,ffhq_images
img009117.jpg,gf/ffhq_images/img009117.jpg,6,ffhq_images
img007322.jpg,gf/ffhq_images/img007322.jpg,6,ffhq_images
img005352.jpg,gf/ffhq_images/img005352.jpg,6,ffhq_images
img008809.jpg,gf/ffhq_images/img008809.jpg,6,ffhq_images
img009730.jpg,gf/ffhq_images/img009730.jpg,6,ffhq_images
img005259.jpg,gf/ffhq_images/img005259.jpg,6,ffhq_images
img005969.jpg,gf/ffhq_images/img005969.jpg,6,ffhq_images
img009094.jpg,gf/ffhq_images/img009094.jpg,6,ffhq_images
img006141.jpg,gf/ffhq_images/img006141.jpg,6,ffhq_images
img009804.jpg,gf/ffhq_images/img009804.jpg,6,ffhq_images
img009863.jpg,gf/ffhq_images/img009863.jpg,6,ffhq_images
img006852.jpg,gf/ffhq_images/img006852.jpg,6,ffhq_images
img008299.jpg,gf/ffhq_images/img008299.jpg,6,ffhq_images
img005674.jpg,gf/ffhq_images/img005674.jpg,6,ffhq_images
img008969.jpg,gf/ffhq_images/img008969.jpg,6,ffhq_images
img009911.jpg,gf/ffhq_images/img009911.jpg,6,ffhq_images
img006849.jpg,gf/ffhq_images/img006849.jpg,6,ffhq_images
img005792.jpg,gf/ffhq_images/img005792.jpg,6,ffhq_images
img007541.jpg,gf/ffhq_images/img007541.jpg,6,ffhq_images
img007826.jpg,gf/ffhq_images/img007826.jpg,6,ffhq_images
img009778.jpg,gf/ffhq_images/img009778.jpg,6,ffhq_images
img008223.jpg,gf/ffhq_images/img008223.jpg,6,ffhq_images
img005427.jpg,gf/ffhq_images/img005427.jpg,6,ffhq_images
img006327.jpg,gf/ffhq_images/img006327.jpg,6,ffhq_images
img006755.jpg,gf/ffhq_images/img006755.jpg,6,ffhq_images
img006077.jpg,gf/ffhq_images/img006077.jpg,6,ffhq_images
img007879.jpg,gf/ffhq_images/img007879.jpg,6,ffhq_images
img005572.jpg,gf/ffhq_images/img005572.jpg,6,ffhq_images
img005230.jpg,gf/ffhq_images/img005230.jpg,6,ffhq_images
img006321.jpg,gf/ffhq_images/img006321.jpg,6,ffhq_images
img006379.jpg,gf/ffhq_images/img006379.jpg,6,ffhq_images
img008825.jpg,gf/ffhq_images/img008825.jpg,6,ffhq_images
img009230.jpg,gf/ffhq_images/img009230.jpg,6,ffhq_images
img008272.jpg,gf/ffhq_images/img008272.jpg,6,ffhq_images
img009846.jpg,gf/ffhq_images/img009846.jpg,6,ffhq_images
img005576.jpg,gf/ffhq_images/img005576.jpg,6,ffhq_images
img005570.jpg,gf/ffhq_images/img005570.jpg,6,ffhq_images
img007287.jpg,gf/ffhq_images/img007287.jpg,6,ffhq_images
img007915.jpg,gf/ffhq_images/img007915.jpg,6,ffhq_images
img005067.jpg,gf/ffhq_images/img005067.jpg,6,ffhq_images
img005303.jpg,gf/ffhq_images/img005303.jpg,6,ffhq_images
img005066.jpg,gf/ffhq_images/img005066.jpg,6,ffhq_images
img009999.jpg,gf/ffhq_images/img009999.jpg,6,ffhq_images
img008429.jpg,gf/ffhq_images/img008429.jpg,6,ffhq_images
img009868.jpg,gf/ffhq_images/img009868.jpg,6,ffhq_images
img007641.jpg,gf/ffhq_images/img007641.jpg,6,ffhq_images
img007183.jpg,gf/ffhq_images/img007183.jpg,6,ffhq_images
img008493.jpg,gf/ffhq_images/img008493.jpg,6,ffhq_images
img005152.jpg,gf/ffhq_images/img005152.jpg,6,ffhq_images
img006679.jpg,gf/ffhq_images/img006679.jpg,6,ffhq_images
img005200.jpg,gf/ffhq_images/img005200.jpg,6,ffhq_images
img006984.jpg,gf/ffhq_images/img006984.jpg,6,ffhq_images
img005559.jpg,gf/ffhq_images/img005559.jpg,6,ffhq_images
img009874.jpg,gf/ffhq_images/img009874.jpg,6,ffhq_images
img008261.jpg,gf/ffhq_images/img008261.jpg,6,ffhq_images
img009486.jpg,gf/ffhq_images/img009486.jpg,6,ffhq_images
img009093.jpg,gf/ffhq_images/img009093.jpg,6,ffhq_images
img009310.jpg,gf/ffhq_images/img009310.jpg,6,ffhq_images
img007121.jpg,gf/ffhq_images/img007121.jpg,6,ffhq_images
img008211.jpg,gf/ffhq_images/img008211.jpg,6,ffhq_images
img005801.jpg,gf/ffhq_images/img005801.jpg,6,ffhq_images
img005635.jpg,gf/ffhq_images/img005635.jpg,6,ffhq_images
img009169.jpg,gf/ffhq_images/img009169.jpg,6,ffhq_images
img007696.jpg,gf/ffhq_images/img007696.jpg,6,ffhq_images
img009824.jpg,gf/ffhq_images/img009824.jpg,6,ffhq_images
img008882.jpg,gf/ffhq_images/img008882.jpg,6,ffhq_images
img008071.jpg,gf/ffhq_images/img008071.jpg,6,ffhq_images
img009938.jpg,gf/ffhq_images/img009938.jpg,6,ffhq_images
img009331.jpg,gf/ffhq_images/img009331.jpg,6,ffhq_images
img005126.jpg,gf/ffhq_images/img005126.jpg,6,ffhq_images
img008604.jpg,gf/ffhq_images/img008604.jpg,6,ffhq_images
img008608.jpg,gf/ffhq_images/img008608.jpg,6,ffhq_images
img006647.jpg,gf/ffhq_images/img006647.jpg,6,ffhq_images
img006323.jpg,gf/ffhq_images/img006323.jpg,6,ffhq_images
img007242.jpg,gf/ffhq_images/img007242.jpg,6,ffhq_images
img006010.jpg,gf/ffhq_images/img006010.jpg,6,ffhq_images
img007185.jpg,gf/ffhq_images/img007185.jpg,6,ffhq_images
img007049.jpg,gf/ffhq_images/img007049.jpg,6,ffhq_images
img006998.jpg,gf/ffhq_images/img006998.jpg,6,ffhq_images
img005418.jpg,gf/ffhq_images/img005418.jpg,6,ffhq_images
img009422.jpg,gf/ffhq_images/img009422.jpg,6,ffhq_images
img006313.jpg,gf/ffhq_images/img006313.jpg,6,ffhq_images
img008038.jpg,gf/ffhq_images/img008038.jpg,6,ffhq_images
img008893.jpg,gf/ffhq_images/img008893.jpg,6,ffhq_images
img006435.jpg,gf/ffhq_images/img006435.jpg,6,ffhq_images
img008406.jpg,gf/ffhq_images/img008406.jpg,6,ffhq_images
img007206.jpg,gf/ffhq_images/img007206.jpg,6,ffhq_images
img008332.jpg,gf/ffhq_images/img008332.jpg,6,ffhq_images
img006607.jpg,gf/ffhq_images/img006607.jpg,6,ffhq_images
img009058.jpg,gf/ffhq_images/img009058.jpg,6,ffhq_images
img009065.jpg,gf/ffhq_images/img009065.jpg,6,ffhq_images
img006969.jpg,gf/ffhq_images/img006969.jpg,6,ffhq_images
img005985.jpg,gf/ffhq_images/img005985.jpg,6,ffhq_images
img006054.jpg,gf/ffhq_images/img006054.jpg,6,ffhq_images
img008508.jpg,gf/ffhq_images/img008508.jpg,6,ffhq_images
img007577.jpg,gf/ffhq_images/img007577.jpg,6,ffhq_images
img009085.jpg,gf/ffhq_images/img009085.jpg,6,ffhq_images
img008666.jpg,gf/ffhq_images/img008666.jpg,6,ffhq_images
img005983.jpg,gf/ffhq_images/img005983.jpg,6,ffhq_images
img009332.jpg,gf/ffhq_images/img009332.jpg,6,ffhq_images
img005800.jpg,gf/ffhq_images/img005800.jpg,6,ffhq_images
img008343.jpg,gf/ffhq_images/img008343.jpg,6,ffhq_images
img009038.jpg,gf/ffhq_images/img009038.jpg,6,ffhq_images
img005301.jpg,gf/ffhq_images/img005301.jpg,6,ffhq_images
img005612.jpg,gf/ffhq_images/img005612.jpg,6,ffhq_images
img009083.jpg,gf/ffhq_images/img009083.jpg,6,ffhq_images
img007352.jpg,gf/ffhq_images/img007352.jpg,6,ffhq_images
img005866.jpg,gf/ffhq_images/img005866.jpg,6,ffhq_images
img008220.jpg,gf/ffhq_images/img008220.jpg,6,ffhq_images
img005809.jpg,gf/ffhq_images/img005809.jpg,6,ffhq_images
img008852.jpg,gf/ffhq_images/img008852.jpg,6,ffhq_images
img009579.jpg,gf/ffhq_images/img009579.jpg,6,ffhq_images
img005695.jpg,gf/ffhq_images/img005695.jpg,6,ffhq_images
img009426.jpg,gf/ffhq_images/img009426.jpg,6,ffhq_images
img009607.jpg,gf/ffhq_images/img009607.jpg,6,ffhq_images
img007801.jpg,gf/ffhq_images/img007801.jpg,6,ffhq_images
img008729.jpg,gf/ffhq_images/img008729.jpg,6,ffhq_images
img007325.jpg,gf/ffhq_images/img007325.jpg,6,ffhq_images
img007425.jpg,gf/ffhq_images/img007425.jpg,6,ffhq_images
img005589.jpg,gf/ffhq_images/img005589.jpg,6,ffhq_images
img007530.jpg,gf/ffhq_images/img007530.jpg,6,ffhq_images
img007740.jpg,gf/ffhq_images/img007740.jpg,6,ffhq_images
img005442.jpg,gf/ffhq_images/img005442.jpg,6,ffhq_images
img005902.jpg,gf/ffhq_images/img005902.jpg,6,ffhq_images
img006079.jpg,gf/ffhq_images/img006079.jpg,6,ffhq_images
img005168.jpg,gf/ffhq_images/img005168.jpg,6,ffhq_images
img008504.jpg,gf/ffhq_images/img008504.jpg,6,ffhq_images
img008988.jpg,gf/ffhq_images/img008988.jpg,6,ffhq_images
img005784.jpg,gf/ffhq_images/img005784.jpg,6,ffhq_images
img007715.jpg,gf/ffhq_images/img007715.jpg,6,ffhq_images
img008840.jpg,gf/ffhq_images/img008840.jpg,6,ffhq_images
img006115.jpg,gf/ffhq_images/img006115.jpg,6,ffhq_images
img006505.jpg,gf/ffhq_images/img006505.jpg,6,ffhq_images
img007463.jpg,gf/ffhq_images/img007463.jpg,6,ffhq_images
img008046.jpg,gf/ffhq_images/img008046.jpg,6,ffhq_images
img006158.jpg,gf/ffhq_images/img006158.jpg,6,ffhq_images
img009454.jpg,gf/ffhq_images/img009454.jpg,6,ffhq_images
img006424.jpg,gf/ffhq_images/img006424.jpg,6,ffhq_images
img007107.jpg,gf/ffhq_images/img007107.jpg,6,ffhq_images
img007110.jpg,gf/ffhq_images/img007110.jpg,6,ffhq_images
img007705.jpg,gf/ffhq_images/img007705.jpg,6,ffhq_images
img006176.jpg,gf/ffhq_images/img006176.jpg,6,ffhq_images
img007326.jpg,gf/ffhq_images/img007326.jpg,6,ffhq_images
img008750.jpg,gf/ffhq_images/img008750.jpg,6,ffhq_images
img009384.jpg,gf/ffhq_images/img009384.jpg,6,ffhq_images
img006848.jpg,gf/ffhq_images/img006848.jpg,6,ffhq_images
img005621.jpg,gf/ffhq_images/img005621.jpg,6,ffhq_images
img005518.jpg,gf/ffhq_images/img005518.jpg,6,ffhq_images
img008349.jpg,gf/ffhq_images/img008349.jpg,6,ffhq_images
img007150.jpg,gf/ffhq_images/img007150.jpg,6,ffhq_images
img008702.jpg,gf/ffhq_images/img008702.jpg,6,ffhq_images
img007181.jpg,gf/ffhq_images/img007181.jpg,6,ffhq_images
img005778.jpg,gf/ffhq_images/img005778.jpg,6,ffhq_images
img006104.jpg,gf/ffhq_images/img006104.jpg,6,ffhq_images
img008309.jpg,gf/ffhq_images/img008309.jpg,6,ffhq_images
img008830.jpg,gf/ffhq_images/img008830.jpg,6,ffhq_images
img007074.jpg,gf/ffhq_images/img007074.jpg,6,ffhq_images
img006080.jpg,gf/ffhq_images/img006080.jpg,6,ffhq_images
img009141.jpg,gf/ffhq_images/img009141.jpg,6,ffhq_images
img006876.jpg,gf/ffhq_images/img006876.jpg,6,ffhq_images
img006913.jpg,gf/ffhq_images/img006913.jpg,6,ffhq_images
img009417.jpg,gf/ffhq_images/img009417.jpg,6,ffhq_images
img008470.jpg,gf/ffhq_images/img008470.jpg,6,ffhq_images
img005970.jpg,gf/ffhq_images/img005970.jpg,6,ffhq_images
img006092.jpg,gf/ffhq_images/img006092.jpg,6,ffhq_images
img008100.jpg,gf/ffhq_images/img008100.jpg,6,ffhq_images
img007788.jpg,gf/ffhq_images/img007788.jpg,6,ffhq_images
img009166.jpg,gf/ffhq_images/img009166.jpg,6,ffhq_images
img008507.jpg,gf/ffhq_images/img008507.jpg,6,ffhq_images
img008861.jpg,gf/ffhq_images/img008861.jpg,6,ffhq_images
img006131.jpg,gf/ffhq_images/img006131.jpg,6,ffhq_images
img009057.jpg,gf/ffhq_images/img009057.jpg,6,ffhq_images
img006874.jpg,gf/ffhq_images/img006874.jpg,6,ffhq_images
img009781.jpg,gf/ffhq_images/img009781.jpg,6,ffhq_images
img007701.jpg,gf/ffhq_images/img007701.jpg,6,ffhq_images
img008117.jpg,gf/ffhq_images/img008117.jpg,6,ffhq_images
img005203.jpg,gf/ffhq_images/img005203.jpg,6,ffhq_images
img006407.jpg,gf/ffhq_images/img006407.jpg,6,ffhq_images
img006807.jpg,gf/ffhq_images/img006807.jpg,6,ffhq_images
img007958.jpg,gf/ffhq_images/img007958.jpg,6,ffhq_images
img006235.jpg,gf/ffhq_images/img006235.jpg,6,ffhq_images
img005614.jpg,gf/ffhq_images/img005614.jpg,6,ffhq_images
img007693.jpg,gf/ffhq_images/img007693.jpg,6,ffhq_images
img008450.jpg,gf/ffhq_images/img008450.jpg,6,ffhq_images
img006205.jpg,gf/ffhq_images/img006205.jpg,6,ffhq_images
img007852.jpg,gf/ffhq_images/img007852.jpg,6,ffhq_images
img007082.jpg,gf/ffhq_images/img007082.jpg,6,ffhq_images
img006246.jpg,gf/ffhq_images/img006246.jpg,6,ffhq_images
img008469.jpg,gf/ffhq_images/img008469.jpg,6,ffhq_images
img006152.jpg,gf/ffhq_images/img006152.jpg,6,ffhq_images
img008144.jpg,gf/ffhq_images/img008144.jpg,6,ffhq_images
img007539.jpg,gf/ffhq_images/img007539.jpg,6,ffhq_images
img007947.jpg,gf/ffhq_images/img007947.jpg,6,ffhq_images
img005391.jpg,gf/ffhq_images/img005391.jpg,6,ffhq_images
img007594.jpg,gf/ffhq_images/img007594.jpg,6,ffhq_images
img009515.jpg,gf/ffhq_images/img009515.jpg,6,ffhq_images
img009953.jpg,gf/ffhq_images/img009953.jpg,6,ffhq_images
img009286.jpg,gf/ffhq_images/img009286.jpg,6,ffhq_images
img008114.jpg,gf/ffhq_images/img008114.jpg,6,ffhq_images
img007651.jpg,gf/ffhq_images/img007651.jpg,6,ffhq_images
img005738.jpg,gf/ffhq_images/img005738.jpg,6,ffhq_images
img008948.jpg,gf/ffhq_images/img008948.jpg,6,ffhq_images
img005078.jpg,gf/ffhq_images/img005078.jpg,6,ffhq_images
img007464.jpg,gf/ffhq_images/img007464.jpg,6,ffhq_images
img007965.jpg,gf/ffhq_images/img007965.jpg,6,ffhq_images
img009742.jpg,gf/ffhq_images/img009742.jpg,6,ffhq_images
img007209.jpg,gf/ffhq_images/img007209.jpg,6,ffhq_images
img007912.jpg,gf/ffhq_images/img007912.jpg,6,ffhq_images
img009676.jpg,gf/ffhq_images/img009676.jpg,6,ffhq_images
img009683.jpg,gf/ffhq_images/img009683.jpg,6,ffhq_images
img005760.jpg,gf/ffhq_images/img005760.jpg,6,ffhq_images
img005121.jpg,gf/ffhq_images/img005121.jpg,6,ffhq_images
img006696.jpg,gf/ffhq_images/img006696.jpg,6,ffhq_images
img007106.jpg,gf/ffhq_images/img007106.jpg,6,ffhq_images
img008279.jpg,gf/ffhq_images/img008279.jpg,6,ffhq_images
img009192.jpg,gf/ffhq_images/img009192.jpg,6,ffhq_images
img007874.jpg,gf/ffhq_images/img007874.jpg,6,ffhq_images
img007753.jpg,gf/ffhq_images/img007753.jpg,6,ffhq_images
img006790.jpg,gf/ffhq_images/img006790.jpg,6,ffhq_images
img005145.jpg,gf/ffhq_images/img005145.jpg,6,ffhq_images
img009834.jpg,gf/ffhq_images/img009834.jpg,6,ffhq_images
img006351.jpg,gf/ffhq_images/img006351.jpg,6,ffhq_images
img009985.jpg,gf/ffhq_images/img009985.jpg,6,ffhq_images
img008659.jpg,gf/ffhq_images/img008659.jpg,6,ffhq_images
img008522.jpg,gf/ffhq_images/img008522.jpg,6,ffhq_images
img007813.jpg,gf/ffhq_images/img007813.jpg,6,ffhq_images
img009697.jpg,gf/ffhq_images/img009697.jpg,6,ffhq_images
img007791.jpg,gf/ffhq_images/img007791.jpg,6,ffhq_images
img008735.jpg,gf/ffhq_images/img008735.jpg,6,ffhq_images
img008782.jpg,gf/ffhq_images/img008782.jpg,6,ffhq_images
img009956.jpg,gf/ffhq_images/img009956.jpg,6,ffhq_images
img007120.jpg,gf/ffhq_images/img007120.jpg,6,ffhq_images
img009335.jpg,gf/ffhq_images/img009335.jpg,6,ffhq_images
img006826.jpg,gf/ffhq_images/img006826.jpg,6,ffhq_images
img006535.jpg,gf/ffhq_images/img006535.jpg,6,ffhq_images
img005990.jpg,gf/ffhq_images/img005990.jpg,6,ffhq_images
img006860.jpg,gf/ffhq_images/img006860.jpg,6,ffhq_images
img006390.jpg,gf/ffhq_images/img006390.jpg,6,ffhq_images
img009841.jpg,gf/ffhq_images/img009841.jpg,6,ffhq_images
img007899.jpg,gf/ffhq_images/img007899.jpg,6,ffhq_images
img009713.jpg,gf/ffhq_images/img009713.jpg,6,ffhq_images
img005218.jpg,gf/ffhq_images/img005218.jpg,6,ffhq_images
img009319.jpg,gf/ffhq_images/img009319.jpg,6,ffhq_images
img008674.jpg,gf/ffhq_images/img008674.jpg,6,ffhq_images
img005468.jpg,gf/ffhq_images/img005468.jpg,6,ffhq_images
img007831.jpg,gf/ffhq_images/img007831.jpg,6,ffhq_images
img009882.jpg,gf/ffhq_images/img009882.jpg,6,ffhq_images
img009068.jpg,gf/ffhq_images/img009068.jpg,6,ffhq_images
img006137.jpg,gf/ffhq_images/img006137.jpg,6,ffhq_images
img007485.jpg,gf/ffhq_images/img007485.jpg,6,ffhq_images
img006978.jpg,gf/ffhq_images/img006978.jpg,6,ffhq_images
img008213.jpg,gf/ffhq_images/img008213.jpg,6,ffhq_images
img007743.jpg,gf/ffhq_images/img007743.jpg,6,ffhq_images
img007220.jpg,gf/ffhq_images/img007220.jpg,6,ffhq_images
img005661.jpg,gf/ffhq_images/img005661.jpg,6,ffhq_images
img008111.jpg,gf/ffhq_images/img008111.jpg,6,ffhq_images
img008761.jpg,gf/ffhq_images/img008761.jpg,6,ffhq_images
img005920.jpg,gf/ffhq_images/img005920.jpg,6,ffhq_images
img008997.jpg,gf/ffhq_images/img008997.jpg,6,ffhq_images
img006828.jpg,gf/ffhq_images/img006828.jpg,6,ffhq_images
img009689.jpg,gf/ffhq_images/img009689.jpg,6,ffhq_images
img005963.jpg,gf/ffhq_images/img005963.jpg,6,ffhq_images
img006689.jpg,gf/ffhq_images/img006689.jpg,6,ffhq_images
img009917.jpg,gf/ffhq_images/img009917.jpg,6,ffhq_images
img009106.jpg,gf/ffhq_images/img009106.jpg,6,ffhq_images
img006759.jpg,gf/ffhq_images/img006759.jpg,6,ffhq_images
img005536.jpg,gf/ffhq_images/img005536.jpg,6,ffhq_images
img005991.jpg,gf/ffhq_images/img005991.jpg,6,ffhq_images
img006648.jpg,gf/ffhq_images/img006648.jpg,6,ffhq_images
img007869.jpg,gf/ffhq_images/img007869.jpg,6,ffhq_images
img006004.jpg,gf/ffhq_images/img006004.jpg,6,ffhq_images
img009502.jpg,gf/ffhq_images/img009502.jpg,6,ffhq_images
img008414.jpg,gf/ffhq_images/img008414.jpg,6,ffhq_images
img008900.jpg,gf/ffhq_images/img008900.jpg,6,ffhq_images
img005774.jpg,gf/ffhq_images/img005774.jpg,6,ffhq_images
img005346.jpg,gf/ffhq_images/img005346.jpg,6,ffhq_images
img008116.jpg,gf/ffhq_images/img008116.jpg,6,ffhq_images
img009638.jpg,gf/ffhq_images/img009638.jpg,6,ffhq_images
img007806.jpg,gf/ffhq_images/img007806.jpg,6,ffhq_images
img007210.jpg,gf/ffhq_images/img007210.jpg,6,ffhq_images
img005693.jpg,gf/ffhq_images/img005693.jpg,6,ffhq_images
img005252.jpg,gf/ffhq_images/img005252.jpg,6,ffhq_images
img009114.jpg,gf/ffhq_images/img009114.jpg,6,ffhq_images
img006355.jpg,gf/ffhq_images/img006355.jpg,6,ffhq_images
img005119.jpg,gf/ffhq_images/img005119.jpg,6,ffhq_images
img005292.jpg,gf/ffhq_images/img005292.jpg,6,ffhq_images
img005090.jpg,gf/ffhq_images/img005090.jpg,6,ffhq_images
img007562.jpg,gf/ffhq_images/img007562.jpg,6,ffhq_images
img006296.jpg,gf/ffhq_images/img006296.jpg,6,ffhq_images
img005035.jpg,gf/ffhq_images/img005035.jpg,6,ffhq_images
img005118.jpg,gf/ffhq_images/img005118.jpg,6,ffhq_images
img006109.jpg,gf/ffhq_images/img006109.jpg,6,ffhq_images
img009615.jpg,gf/ffhq_images/img009615.jpg,6,ffhq_images
img007615.jpg,gf/ffhq_images/img007615.jpg,6,ffhq_images
img006743.jpg,gf/ffhq_images/img006743.jpg,6,ffhq_images
img009949.jpg,gf/ffhq_images/img009949.jpg,6,ffhq_images
img005034.jpg,gf/ffhq_images/img005034.jpg,6,ffhq_images
img009616.jpg,gf/ffhq_images/img009616.jpg,6,ffhq_images
img007571.jpg,gf/ffhq_images/img007571.jpg,6,ffhq_images
img007682.jpg,gf/ffhq_images/img007682.jpg,6,ffhq_images
img006061.jpg,gf/ffhq_images/img006061.jpg,6,ffhq_images
img005343.jpg,gf/ffhq_images/img005343.jpg,6,ffhq_images
img008857.jpg,gf/ffhq_images/img008857.jpg,6,ffhq_images
img007529.jpg,gf/ffhq_images/img007529.jpg,6,ffhq_images
img007142.jpg,gf/ffhq_images/img007142.jpg,6,ffhq_images
img008384.jpg,gf/ffhq_images/img008384.jpg,6,ffhq_images
img007533.jpg,gf/ffhq_images/img007533.jpg,6,ffhq_images
img005810.jpg,gf/ffhq_images/img005810.jpg,6,ffhq_images
img005721.jpg,gf/ffhq_images/img005721.jpg,6,ffhq_images
img005018.jpg,gf/ffhq_images/img005018.jpg,6,ffhq_images
img007430.jpg,gf/ffhq_images/img007430.jpg,6,ffhq_images
img007980.jpg,gf/ffhq_images/img007980.jpg,6,ffhq_images
img008367.jpg,gf/ffhq_images/img008367.jpg,6,ffhq_images
img006403.jpg,gf/ffhq_images/img006403.jpg,6,ffhq_images
img006928.jpg,gf/ffhq_images/img006928.jpg,6,ffhq_images
img008045.jpg,gf/ffhq_images/img008045.jpg,6,ffhq_images
img009407.jpg,gf/ffhq_images/img009407.jpg,6,ffhq_images
img009559.jpg,gf/ffhq_images/img009559.jpg,6,ffhq_images
img008675.jpg,gf/ffhq_images/img008675.jpg,6,ffhq_images
img008658.jpg,gf/ffhq_images/img008658.jpg,6,ffhq_images
img005385.jpg,gf/ffhq_images/img005385.jpg,6,ffhq_images
img009754.jpg,gf/ffhq_images/img009754.jpg,6,ffhq_images
img006797.jpg,gf/ffhq_images/img006797.jpg,6,ffhq_images
img007830.jpg,gf/ffhq_images/img007830.jpg,6,ffhq_images
img005591.jpg,gf/ffhq_images/img005591.jpg,6,ffhq_images
img008073.jpg,gf/ffhq_images/img008073.jpg,6,ffhq_images
img005981.jpg,gf/ffhq_images/img005981.jpg,6,ffhq_images
img005463.jpg,gf/ffhq_images/img005463.jpg,6,ffhq_images
img005735.jpg,gf/ffhq_images/img005735.jpg,6,ffhq_images
img006553.jpg,gf/ffhq_images/img006553.jpg,6,ffhq_images
img008357.jpg,gf/ffhq_images/img008357.jpg,6,ffhq_images
img005079.jpg,gf/ffhq_images/img005079.jpg,6,ffhq_images
img008858.jpg,gf/ffhq_images/img008858.jpg,6,ffhq_images
img007506.jpg,gf/ffhq_images/img007506.jpg,6,ffhq_images
img007922.jpg,gf/ffhq_images/img007922.jpg,6,ffhq_images
img006269.jpg,gf/ffhq_images/img006269.jpg,6,ffhq_images
img006022.jpg,gf/ffhq_images/img006022.jpg,6,ffhq_images
img008515.jpg,gf/ffhq_images/img008515.jpg,6,ffhq_images
img006725.jpg,gf/ffhq_images/img006725.jpg,6,ffhq_images
img007700.jpg,gf/ffhq_images/img007700.jpg,6,ffhq_images
img009449.jpg,gf/ffhq_images/img009449.jpg,6,ffhq_images
img005357.jpg,gf/ffhq_images/img005357.jpg,6,ffhq_images
img009499.jpg,gf/ffhq_images/img009499.jpg,6,ffhq_images
img009040.jpg,gf/ffhq_images/img009040.jpg,6,ffhq_images
img006708.jpg,gf/ffhq_images/img006708.jpg,6,ffhq_images
img008381.jpg,gf/ffhq_images/img008381.jpg,6,ffhq_images
img007265.jpg,gf/ffhq_images/img007265.jpg,6,ffhq_images
img005373.jpg,gf/ffhq_images/img005373.jpg,6,ffhq_images
img008016.jpg,gf/ffhq_images/img008016.jpg,6,ffhq_images
img009351.jpg,gf/ffhq_images/img009351.jpg,6,ffhq_images
img005795.jpg,gf/ffhq_images/img005795.jpg,6,ffhq_images
img006492.jpg,gf/ffhq_images/img006492.jpg,6,ffhq_images
img006278.jpg,gf/ffhq_images/img006278.jpg,6,ffhq_images
img005670.jpg,gf/ffhq_images/img005670.jpg,6,ffhq_images
img007426.jpg,gf/ffhq_images/img007426.jpg,6,ffhq_images
img005389.jpg,gf/ffhq_images/img005389.jpg,6,ffhq_images
img007569.jpg,gf/ffhq_images/img007569.jpg,6,ffhq_images
img006652.jpg,gf/ffhq_images/img006652.jpg,6,ffhq_images
img007751.jpg,gf/ffhq_images/img007751.jpg,6,ffhq_images
img008915.jpg,gf/ffhq_images/img008915.jpg,6,ffhq_images
img007228.jpg,gf/ffhq_images/img007228.jpg,6,ffhq_images
img009019.jpg,gf/ffhq_images/img009019.jpg,6,ffhq_images
img009165.jpg,gf/ffhq_images/img009165.jpg,6,ffhq_images
img006983.jpg,gf/ffhq_images/img006983.jpg,6,ffhq_images
img009816.jpg,gf/ffhq_images/img009816.jpg,6,ffhq_images
img005255.jpg,gf/ffhq_images/img005255.jpg,6,ffhq_images
img009394.jpg,gf/ffhq_images/img009394.jpg,6,ffhq_images
img007316.jpg,gf/ffhq_images/img007316.jpg,6,ffhq_images
img009343.jpg,gf/ffhq_images/img009343.jpg,6,ffhq_images
img006346.jpg,gf/ffhq_images/img006346.jpg,6,ffhq_images
img009001.jpg,gf/ffhq_images/img009001.jpg,6,ffhq_images
img005766.jpg,gf/ffhq_images/img005766.jpg,6,ffhq_images
img009257.jpg,gf/ffhq_images/img009257.jpg,6,ffhq_images
img007725.jpg,gf/ffhq_images/img007725.jpg,6,ffhq_images
img006182.jpg,gf/ffhq_images/img006182.jpg,6,ffhq_images
img007256.jpg,gf/ffhq_images/img007256.jpg,6,ffhq_images
img005315.jpg,gf/ffhq_images/img005315.jpg,6,ffhq_images
img009379.jpg,gf/ffhq_images/img009379.jpg,6,ffhq_images
img007635.jpg,gf/ffhq_images/img007635.jpg,6,ffhq_images
img005409.jpg,gf/ffhq_images/img005409.jpg,6,ffhq_images
img009048.jpg,gf/ffhq_images/img009048.jpg,6,ffhq_images
img005162.jpg,gf/ffhq_images/img005162.jpg,6,ffhq_images
img009493.jpg,gf/ffhq_images/img009493.jpg,6,ffhq_images
img009128.jpg,gf/ffhq_images/img009128.jpg,6,ffhq_images
img007234.jpg,gf/ffhq_images/img007234.jpg,6,ffhq_images
img009739.jpg,gf/ffhq_images/img009739.jpg,6,ffhq_images
img009733.jpg,gf/ffhq_images/img009733.jpg,6,ffhq_images
img006208.jpg,gf/ffhq_images/img006208.jpg,6,ffhq_images
img009356.jpg,gf/ffhq_images/img009356.jpg,6,ffhq_images
img005449.jpg,gf/ffhq_images/img005449.jpg,6,ffhq_images
img005363.jpg,gf/ffhq_images/img005363.jpg,6,ffhq_images
img006450.jpg,gf/ffhq_images/img006450.jpg,6,ffhq_images
img009347.jpg,gf/ffhq_images/img009347.jpg,6,ffhq_images
img006126.jpg,gf/ffhq_images/img006126.jpg,6,ffhq_images
img006686.jpg,gf/ffhq_images/img006686.jpg,6,ffhq_images
img005213.jpg,gf/ffhq_images/img005213.jpg,6,ffhq_images
img005138.jpg,gf/ffhq_images/img005138.jpg,6,ffhq_images
img006760.jpg,gf/ffhq_images/img006760.jpg,6,ffhq_images
img006256.jpg,gf/ffhq_images/img006256.jpg,6,ffhq_images
img009770.jpg,gf/ffhq_images/img009770.jpg,6,ffhq_images
img007368.jpg,gf/ffhq_images/img007368.jpg,6,ffhq_images
img005217.jpg,gf/ffhq_images/img005217.jpg,6,ffhq_images
img006191.jpg,gf/ffhq_images/img006191.jpg,6,ffhq_images
img007231.jpg,gf/ffhq_images/img007231.jpg,6,ffhq_images
img006444.jpg,gf/ffhq_images/img006444.jpg,6,ffhq_images
img008054.jpg,gf/ffhq_images/img008054.jpg,6,ffhq_images
img007549.jpg,gf/ffhq_images/img007549.jpg,6,ffhq_images
img008542.jpg,gf/ffhq_images/img008542.jpg,6,ffhq_images
img007372.jpg,gf/ffhq_images/img007372.jpg,6,ffhq_images
img005956.jpg,gf/ffhq_images/img005956.jpg,6,ffhq_images
img006604.jpg,gf/ffhq_images/img006604.jpg,6,ffhq_images
img009975.jpg,gf/ffhq_images/img009975.jpg,6,ffhq_images
img008597.jpg,gf/ffhq_images/img008597.jpg,6,ffhq_images
img008331.jpg,gf/ffhq_images/img008331.jpg,6,ffhq_images
img007235.jpg,gf/ffhq_images/img007235.jpg,6,ffhq_images
img008978.jpg,gf/ffhq_images/img008978.jpg,6,ffhq_images
img007995.jpg,gf/ffhq_images/img007995.jpg,6,ffhq_images
img009070.jpg,gf/ffhq_images/img009070.jpg,6,ffhq_images
img007772.jpg,gf/ffhq_images/img007772.jpg,6,ffhq_images
img005530.jpg,gf/ffhq_images/img005530.jpg,6,ffhq_images
img008280.jpg,gf/ffhq_images/img008280.jpg,6,ffhq_images
img009677.jpg,gf/ffhq_images/img009677.jpg,6,ffhq_images
img006835.jpg,gf/ffhq_images/img006835.jpg,6,ffhq_images
img007225.jpg,gf/ffhq_images/img007225.jpg,6,ffhq_images
img009498.jpg,gf/ffhq_images/img009498.jpg,6,ffhq_images
img009952.jpg,gf/ffhq_images/img009952.jpg,6,ffhq_images
img009425.jpg,gf/ffhq_images/img009425.jpg,6,ffhq_images
img008216.jpg,gf/ffhq_images/img008216.jpg,6,ffhq_images
img007597.jpg,gf/ffhq_images/img007597.jpg,6,ffhq_images
img006473.jpg,gf/ffhq_images/img006473.jpg,6,ffhq_images
img006511.jpg,gf/ffhq_images/img006511.jpg,6,ffhq_images
img007019.jpg,gf/ffhq_images/img007019.jpg,6,ffhq_images
img008772.jpg,gf/ffhq_images/img008772.jpg,6,ffhq_images
img005505.jpg,gf/ffhq_images/img005505.jpg,6,ffhq_images
img006747.jpg,gf/ffhq_images/img006747.jpg,6,ffhq_images
img005732.jpg,gf/ffhq_images/img005732.jpg,6,ffhq_images
img009477.jpg,gf/ffhq_images/img009477.jpg,6,ffhq_images
img007860.jpg,gf/ffhq_images/img007860.jpg,6,ffhq_images
img009627.jpg,gf/ffhq_images/img009627.jpg,6,ffhq_images
img005101.jpg,gf/ffhq_images/img005101.jpg,6,ffhq_images
img005777.jpg,gf/ffhq_images/img005777.jpg,6,ffhq_images
img007823.jpg,gf/ffhq_images/img007823.jpg,6,ffhq_images
img009793.jpg,gf/ffhq_images/img009793.jpg,6,ffhq_images
img008741.jpg,gf/ffhq_images/img008741.jpg,6,ffhq_images
img009930.jpg,gf/ffhq_images/img009930.jpg,6,ffhq_images
img009496.jpg,gf/ffhq_images/img009496.jpg,6,ffhq_images
img008715.jpg,gf/ffhq_images/img008715.jpg,6,ffhq_images
img007486.jpg,gf/ffhq_images/img007486.jpg,6,ffhq_images
img009423.jpg,gf/ffhq_images/img009423.jpg,6,ffhq_images
img005921.jpg,gf/ffhq_images/img005921.jpg,6,ffhq_images
img009876.jpg,gf/ffhq_images/img009876.jpg,6,ffhq_images
img007895.jpg,gf/ffhq_images/img007895.jpg,6,ffhq_images
img009862.jpg,gf/ffhq_images/img009862.jpg,6,ffhq_images
img005797.jpg,gf/ffhq_images/img005797.jpg,6,ffhq_images
img008390.jpg,gf/ffhq_images/img008390.jpg,6,ffhq_images
img008105.jpg,gf/ffhq_images/img008105.jpg,6,ffhq_images
img005788.jpg,gf/ffhq_images/img005788.jpg,6,ffhq_images
img007803.jpg,gf/ffhq_images/img007803.jpg,6,ffhq_images
img008186.jpg,gf/ffhq_images/img008186.jpg,6,ffhq_images
img007070.jpg,gf/ffhq_images/img007070.jpg,6,ffhq_images
img009667.jpg,gf/ffhq_images/img009667.jpg,6,ffhq_images
img006497.jpg,gf/ffhq_images/img006497.jpg,6,ffhq_images
img005114.jpg,gf/ffhq_images/img005114.jpg,6,ffhq_images
img005547.jpg,gf/ffhq_images/img005547.jpg,6,ffhq_images
img007962.jpg,gf/ffhq_images/img007962.jpg,6,ffhq_images
img005892.jpg,gf/ffhq_images/img005892.jpg,6,ffhq_images
img006925.jpg,gf/ffhq_images/img006925.jpg,6,ffhq_images
img005495.jpg,gf/ffhq_images/img005495.jpg,6,ffhq_images
img006166.jpg,gf/ffhq_images/img006166.jpg,6,ffhq_images
img005140.jpg,gf/ffhq_images/img005140.jpg,6,ffhq_images
img005822.jpg,gf/ffhq_images/img005822.jpg,6,ffhq_images
img008283.jpg,gf/ffhq_images/img008283.jpg,6,ffhq_images
img009629.jpg,gf/ffhq_images/img009629.jpg,6,ffhq_images
img006668.jpg,gf/ffhq_images/img006668.jpg,6,ffhq_images
img008379.jpg,gf/ffhq_images/img008379.jpg,6,ffhq_images
img007131.jpg,gf/ffhq_images/img007131.jpg,6,ffhq_images
img006552.jpg,gf/ffhq_images/img006552.jpg,6,ffhq_images
img008526.jpg,gf/ffhq_images/img008526.jpg,6,ffhq_images
img008816.jpg,gf/ffhq_images/img008816.jpg,6,ffhq_images
img009037.jpg,gf/ffhq_images/img009037.jpg,6,ffhq_images
img009292.jpg,gf/ffhq_images/img009292.jpg,6,ffhq_images
img007283.jpg,gf/ffhq_images/img007283.jpg,6,ffhq_images
img005507.jpg,gf/ffhq_images/img005507.jpg,6,ffhq_images
img009731.jpg,gf/ffhq_images/img009731.jpg,6,ffhq_images
img005011.jpg,gf/ffhq_images/img005011.jpg,6,ffhq_images
img005158.jpg,gf/ffhq_images/img005158.jpg,6,ffhq_images
img008372.jpg,gf/ffhq_images/img008372.jpg,6,ffhq_images
img008455.jpg,gf/ffhq_images/img008455.jpg,6,ffhq_images
img006735.jpg,gf/ffhq_images/img006735.jpg,6,ffhq_images
img007090.jpg,gf/ffhq_images/img007090.jpg,6,ffhq_images
img005022.jpg,gf/ffhq_images/img005022.jpg,6,ffhq_images
img005065.jpg,gf/ffhq_images/img005065.jpg,6,ffhq_images
img007059.jpg,gf/ffhq_images/img007059.jpg,6,ffhq_images
img006463.jpg,gf/ffhq_images/img006463.jpg,6,ffhq_images
img009266.jpg,gf/ffhq_images/img009266.jpg,6,ffhq_images
img006518.jpg,gf/ffhq_images/img006518.jpg,6,ffhq_images
img009054.jpg,gf/ffhq_images/img009054.jpg,6,ffhq_images
img007928.jpg,gf/ffhq_images/img007928.jpg,6,ffhq_images
img007432.jpg,gf/ffhq_images/img007432.jpg,6,ffhq_images
img007890.jpg,gf/ffhq_images/img007890.jpg,6,ffhq_images
img006551.jpg,gf/ffhq_images/img006551.jpg,6,ffhq_images
img009066.jpg,gf/ffhq_images/img009066.jpg,6,ffhq_images
img008776.jpg,gf/ffhq_images/img008776.jpg,6,ffhq_images
img006448.jpg,gf/ffhq_images/img006448.jpg,6,ffhq_images
img008339.jpg,gf/ffhq_images/img008339.jpg,6,ffhq_images
img009960.jpg,gf/ffhq_images/img009960.jpg,6,ffhq_images
img006859.jpg,gf/ffhq_images/img006859.jpg,6,ffhq_images
img009339.jpg,gf/ffhq_images/img009339.jpg,6,ffhq_images
img008787.jpg,gf/ffhq_images/img008787.jpg,6,ffhq_images
img008990.jpg,gf/ffhq_images/img008990.jpg,6,ffhq_images
img006971.jpg,gf/ffhq_images/img006971.jpg,6,ffhq_images
img006220.jpg,gf/ffhq_images/img006220.jpg,6,ffhq_images
img006882.jpg,gf/ffhq_images/img006882.jpg,6,ffhq_images
img009005.jpg,gf/ffhq_images/img009005.jpg,6,ffhq_images
img008154.jpg,gf/ffhq_images/img008154.jpg,6,ffhq_images
img009534.jpg,gf/ffhq_images/img009534.jpg,6,ffhq_images
img008749.jpg,gf/ffhq_images/img008749.jpg,6,ffhq_images
img007006.jpg,gf/ffhq_images/img007006.jpg,6,ffhq_images
img008713.jpg,gf/ffhq_images/img008713.jpg,6,ffhq_images
img009212.jpg,gf/ffhq_images/img009212.jpg,6,ffhq_images
img005817.jpg,gf/ffhq_images/img005817.jpg,6,ffhq_images
img008021.jpg,gf/ffhq_images/img008021.jpg,6,ffhq_images
img006005.jpg,gf/ffhq_images/img006005.jpg,6,ffhq_images
img005643.jpg,gf/ffhq_images/img005643.jpg,6,ffhq_images
img007395.jpg,gf/ffhq_images/img007395.jpg,6,ffhq_images
img007966.jpg,gf/ffhq_images/img007966.jpg,6,ffhq_images
img008587.jpg,gf/ffhq_images/img008587.jpg,6,ffhq_images
img006430.jpg,gf/ffhq_images/img006430.jpg,6,ffhq_images
img009008.jpg,gf/ffhq_images/img009008.jpg,6,ffhq_images
img006101.jpg,gf/ffhq_images/img006101.jpg,6,ffhq_images
img007011.jpg,gf/ffhq_images/img007011.jpg,6,ffhq_images
img005452.jpg,gf/ffhq_images/img005452.jpg,6,ffhq_images
img008460.jpg,gf/ffhq_images/img008460.jpg,6,ffhq_images
img007261.jpg,gf/ffhq_images/img007261.jpg,6,ffhq_images
img008562.jpg,gf/ffhq_images/img008562.jpg,6,ffhq_images
img008614.jpg,gf/ffhq_images/img008614.jpg,6,ffhq_images
img009682.jpg,gf/ffhq_images/img009682.jpg,6,ffhq_images
img006257.jpg,gf/ffhq_images/img006257.jpg,6,ffhq_images
img007906.jpg,gf/ffhq_images/img007906.jpg,6,ffhq_images
img005485.jpg,gf/ffhq_images/img005485.jpg,6,ffhq_images
img009568.jpg,gf/ffhq_images/img009568.jpg,6,ffhq_images
img006731.jpg,gf/ffhq_images/img006731.jpg,6,ffhq_images
img006575.jpg,gf/ffhq_images/img006575.jpg,6,ffhq_images
img006930.jpg,gf/ffhq_images/img006930.jpg,6,ffhq_images
img009814.jpg,gf/ffhq_images/img009814.jpg,6,ffhq_images
img006477.jpg,gf/ffhq_images/img006477.jpg,6,ffhq_images
img009307.jpg,gf/ffhq_images/img009307.jpg,6,ffhq_images
img008434.jpg,gf/ffhq_images/img008434.jpg,6,ffhq_images
img007545.jpg,gf/ffhq_images/img007545.jpg,6,ffhq_images
img006515.jpg,gf/ffhq_images/img006515.jpg,6,ffhq_images
img008906.jpg,gf/ffhq_images/img008906.jpg,6,ffhq_images
img006847.jpg,gf/ffhq_images/img006847.jpg,6,ffhq_images
img005071.jpg,gf/ffhq_images/img005071.jpg,6,ffhq_images
img007518.jpg,gf/ffhq_images/img007518.jpg,6,ffhq_images
img009193.jpg,gf/ffhq_images/img009193.jpg,6,ffhq_images
img009551.jpg,gf/ffhq_images/img009551.jpg,6,ffhq_images
img008831.jpg,gf/ffhq_images/img008831.jpg,6,ffhq_images
img007963.jpg,gf/ffhq_images/img007963.jpg,6,ffhq_images
img007759.jpg,gf/ffhq_images/img007759.jpg,6,ffhq_images
img005581.jpg,gf/ffhq_images/img005581.jpg,6,ffhq_images
img008322.jpg,gf/ffhq_images/img008322.jpg,6,ffhq_images
img005091.jpg,gf/ffhq_images/img005091.jpg,6,ffhq_images
img006028.jpg,gf/ffhq_images/img006028.jpg,6,ffhq_images
img006161.jpg,gf/ffhq_images/img006161.jpg,6,ffhq_images
img007570.jpg,gf/ffhq_images/img007570.jpg,6,ffhq_images
img006773.jpg,gf/ffhq_images/img006773.jpg,6,ffhq_images
img009495.jpg,gf/ffhq_images/img009495.jpg,6,ffhq_images
img006670.jpg,gf/ffhq_images/img006670.jpg,6,ffhq_images
img008530.jpg,gf/ffhq_images/img008530.jpg,6,ffhq_images
img007199.jpg,gf/ffhq_images/img007199.jpg,6,ffhq_images
img009012.jpg,gf/ffhq_images/img009012.jpg,6,ffhq_images
img006675.jpg,gf/ffhq_images/img006675.jpg,6,ffhq_images
img009313.jpg,gf/ffhq_images/img009313.jpg,6,ffhq_images
img009819.jpg,gf/ffhq_images/img009819.jpg,6,ffhq_images
img009062.jpg,gf/ffhq_images/img009062.jpg,6,ffhq_images
img005188.jpg,gf/ffhq_images/img005188.jpg,6,ffhq_images
img008438.jpg,gf/ffhq_images/img008438.jpg,6,ffhq_images
img006376.jpg,gf/ffhq_images/img006376.jpg,6,ffhq_images
img008883.jpg,gf/ffhq_images/img008883.jpg,6,ffhq_images
img008606.jpg,gf/ffhq_images/img008606.jpg,6,ffhq_images
img006037.jpg,gf/ffhq_images/img006037.jpg,6,ffhq_images
img006693.jpg,gf/ffhq_images/img006693.jpg,6,ffhq_images
img006352.jpg,gf/ffhq_images/img006352.jpg,6,ffhq_images
img006478.jpg,gf/ffhq_images/img006478.jpg,6,ffhq_images
img007927.jpg,gf/ffhq_images/img007927.jpg,6,ffhq_images
img007574.jpg,gf/ffhq_images/img007574.jpg,6,ffhq_images
img008418.jpg,gf/ffhq_images/img008418.jpg,6,ffhq_images
img005127.jpg,gf/ffhq_images/img005127.jpg,6,ffhq_images
img006782.jpg,gf/ffhq_images/img006782.jpg,6,ffhq_images
img005374.jpg,gf/ffhq_images/img005374.jpg,6,ffhq_images
img008040.jpg,gf/ffhq_images/img008040.jpg,6,ffhq_images
img007680.jpg,gf/ffhq_images/img007680.jpg,6,ffhq_images
img005666.jpg,gf/ffhq_images/img005666.jpg,6,ffhq_images
img006255.jpg,gf/ffhq_images/img006255.jpg,6,ffhq_images
img005562.jpg,gf/ffhq_images/img005562.jpg,6,ffhq_images
img009144.jpg,gf/ffhq_images/img009144.jpg,6,ffhq_images
img007770.jpg,gf/ffhq_images/img007770.jpg,6,ffhq_images
img006888.jpg,gf/ffhq_images/img006888.jpg,6,ffhq_images
img006625.jpg,gf/ffhq_images/img006625.jpg,6,ffhq_images
img007612.jpg,gf/ffhq_images/img007612.jpg,6,ffhq_images
img006931.jpg,gf/ffhq_images/img006931.jpg,6,ffhq_images
img005511.jpg,gf/ffhq_images/img005511.jpg,6,ffhq_images
img007080.jpg,gf/ffhq_images/img007080.jpg,6,ffhq_images
img007447.jpg,gf/ffhq_images/img007447.jpg,6,ffhq_images
img006674.jpg,gf/ffhq_images/img006674.jpg,6,ffhq_images
img006051.jpg,gf/ffhq_images/img006051.jpg,6,ffhq_images
img005193.jpg,gf/ffhq_images/img005193.jpg,6,ffhq_images
img009694.jpg,gf/ffhq_images/img009694.jpg,6,ffhq_images
img006933.jpg,gf/ffhq_images/img006933.jpg,6,ffhq_images
img006974.jpg,gf/ffhq_images/img006974.jpg,6,ffhq_images
img005823.jpg,gf/ffhq_images/img005823.jpg,6,ffhq_images
img008386.jpg,gf/ffhq_images/img008386.jpg,6,ffhq_images
img009311.jpg,gf/ffhq_images/img009311.jpg,6,ffhq_images
img009690.jpg,gf/ffhq_images/img009690.jpg,6,ffhq_images
img006591.jpg,gf/ffhq_images/img006591.jpg,6,ffhq_images
img006288.jpg,gf/ffhq_images/img006288.jpg,6,ffhq_images
img009665.jpg,gf/ffhq_images/img009665.jpg,6,ffhq_images
img009294.jpg,gf/ffhq_images/img009294.jpg,6,ffhq_images
img009869.jpg,gf/ffhq_images/img009869.jpg,6,ffhq_images
img009232.jpg,gf/ffhq_images/img009232.jpg,6,ffhq_images
img006132.jpg,gf/ffhq_images/img006132.jpg,6,ffhq_images
img005862.jpg,gf/ffhq_images/img005862.jpg,6,ffhq_images
img007703.jpg,gf/ffhq_images/img007703.jpg,6,ffhq_images
img009047.jpg,gf/ffhq_images/img009047.jpg,6,ffhq_images
img008149.jpg,gf/ffhq_images/img008149.jpg,6,ffhq_images
img006431.jpg,gf/ffhq_images/img006431.jpg,6,ffhq_images
img005917.jpg,gf/ffhq_images/img005917.jpg,6,ffhq_images
img005842.jpg,gf/ffhq_images/img005842.jpg,6,ffhq_images
img007903.jpg,gf/ffhq_images/img007903.jpg,6,ffhq_images
img007124.jpg,gf/ffhq_images/img007124.jpg,6,ffhq_images
img008321.jpg,gf/ffhq_images/img008321.jpg,6,ffhq_images
img008810.jpg,gf/ffhq_images/img008810.jpg,6,ffhq_images
img009309.jpg,gf/ffhq_images/img009309.jpg,6,ffhq_images
img009622.jpg,gf/ffhq_images/img009622.jpg,6,ffhq_images
img009891.jpg,gf/ffhq_images/img009891.jpg,6,ffhq_images
img005574.jpg,gf/ffhq_images/img005574.jpg,6,ffhq_images
img005819.jpg,gf/ffhq_images/img005819.jpg,6,ffhq_images
img008025.jpg,gf/ffhq_images/img008025.jpg,6,ffhq_images
img008286.jpg,gf/ffhq_images/img008286.jpg,6,ffhq_images
img006018.jpg,gf/ffhq_images/img006018.jpg,6,ffhq_images
img008908.jpg,gf/ffhq_images/img008908.jpg,6,ffhq_images
img005881.jpg,gf/ffhq_images/img005881.jpg,6,ffhq_images
img009546.jpg,gf/ffhq_images/img009546.jpg,6,ffhq_images
img008747.jpg,gf/ffhq_images/img008747.jpg,6,ffhq_images
img007854.jpg,gf/ffhq_images/img007854.jpg,6,ffhq_images
img005913.jpg,gf/ffhq_images/img005913.jpg,6,ffhq_images
img008888.jpg,gf/ffhq_images/img008888.jpg,6,ffhq_images
img008601.jpg,gf/ffhq_images/img008601.jpg,6,ffhq_images
img008324.jpg,gf/ffhq_images/img008324.jpg,6,ffhq_images
img009878.jpg,gf/ffhq_images/img009878.jpg,6,ffhq_images
img007888.jpg,gf/ffhq_images/img007888.jpg,6,ffhq_images
img005000.jpg,gf/ffhq_images/img005000.jpg,6,ffhq_images
img005260.jpg,gf/ffhq_images/img005260.jpg,6,ffhq_images
img009798.jpg,gf/ffhq_images/img009798.jpg,6,ffhq_images
img009964.jpg,gf/ffhq_images/img009964.jpg,6,ffhq_images
img005499.jpg,gf/ffhq_images/img005499.jpg,6,ffhq_images
img007307.jpg,gf/ffhq_images/img007307.jpg,6,ffhq_images
