filename,image_path,target,category
img000000.jpg,landscape/images/img000000.jpg,0,
img000001.jpg,landscape/images/img000001.jpg,0,
img000002.jpg,landscape/images/img000002.jpg,0,
img000003.jpg,landscape/images/img000003.jpg,0,
img000004.jpg,landscape/images/img000004.jpg,0,
img000005.jpg,landscape/images/img000005.jpg,0,
img000006.jpg,landscape/images/img000006.jpg,0,
img000007.jpg,landscape/images/img000007.jpg,0,
img000008.jpg,landscape/images/img000008.jpg,0,
img000009.jpg,landscape/images/img000009.jpg,0,
img000010.jpg,landscape/images/img000010.jpg,0,
img000011.jpg,landscape/images/img000011.jpg,0,
img000012.jpg,landscape/images/img000012.jpg,0,
img000013.jpg,landscape/images/img000013.jpg,0,
img000014.jpg,landscape/images/img000014.jpg,0,
img000015.jpg,landscape/images/img000015.jpg,0,
img000016.jpg,landscape/images/img000016.jpg,0,
img000017.jpg,landscape/images/img000017.jpg,0,
img000018.jpg,landscape/images/img000018.jpg,0,
img000019.jpg,landscape/images/img000019.jpg,0,
img000020.jpg,landscape/images/img000020.jpg,0,
img000021.jpg,landscape/images/img000021.jpg,0,
img000022.jpg,landscape/images/img000022.jpg,0,
img000023.jpg,landscape/images/img000023.jpg,0,
img000024.jpg,landscape/images/img000024.jpg,0,
img000025.jpg,landscape/images/img000025.jpg,0,
img000026.jpg,landscape/images/img000026.jpg,0,
img000027.jpg,landscape/images/img000027.jpg,0,
img000028.jpg,landscape/images/img000028.jpg,0,
img000029.jpg,landscape/images/img000029.jpg,0,
img000030.jpg,landscape/images/img000030.jpg,0,
img000031.jpg,landscape/images/img000031.jpg,0,
img000032.jpg,landscape/images/img000032.jpg,0,
img000033.jpg,landscape/images/img000033.jpg,0,
img000034.jpg,landscape/images/img000034.jpg,0,
img000035.jpg,landscape/images/img000035.jpg,0,
img000036.jpg,landscape/images/img000036.jpg,0,
img000037.jpg,landscape/images/img000037.jpg,0,
img000038.jpg,landscape/images/img000038.jpg,0,
img000039.jpg,landscape/images/img000039.jpg,0,
img000040.jpg,landscape/images/img000040.jpg,0,
img000041.jpg,landscape/images/img000041.jpg,0,
img000042.jpg,landscape/images/img000042.jpg,0,
img000043.jpg,landscape/images/img000043.jpg,0,
img000044.jpg,landscape/images/img000044.jpg,0,
img000045.jpg,landscape/images/img000045.jpg,0,
img000046.jpg,landscape/images/img000046.jpg,0,
img000047.jpg,landscape/images/img000047.jpg,0,
img000048.jpg,landscape/images/img000048.jpg,0,
img000049.jpg,landscape/images/img000049.jpg,0,
img000050.jpg,landscape/images/img000050.jpg,0,
img000051.jpg,landscape/images/img000051.jpg,0,
img000052.jpg,landscape/images/img000052.jpg,0,
img000053.jpg,landscape/images/img000053.jpg,0,
img000054.jpg,landscape/images/img000054.jpg,0,
img000055.jpg,landscape/images/img000055.jpg,0,
img000056.jpg,landscape/images/img000056.jpg,0,
img000057.jpg,landscape/images/img000057.jpg,0,
img000058.jpg,landscape/images/img000058.jpg,0,
img000059.jpg,landscape/images/img000059.jpg,0,
img000060.jpg,landscape/images/img000060.jpg,0,
img000061.jpg,landscape/images/img000061.jpg,0,
img000062.jpg,landscape/images/img000062.jpg,0,
img000063.jpg,landscape/images/img000063.jpg,0,
img000064.jpg,landscape/images/img000064.jpg,0,
img000065.jpg,landscape/images/img000065.jpg,0,
img000066.jpg,landscape/images/img000066.jpg,0,
img000067.jpg,landscape/images/img000067.jpg,0,
img000068.jpg,landscape/images/img000068.jpg,0,
img000069.jpg,landscape/images/img000069.jpg,0,
img000070.jpg,landscape/images/img000070.jpg,0,
img000071.jpg,landscape/images/img000071.jpg,0,
img000072.jpg,landscape/images/img000072.jpg,0,
img000073.jpg,landscape/images/img000073.jpg,0,
img000074.jpg,landscape/images/img000074.jpg,0,
img000075.jpg,landscape/images/img000075.jpg,0,
img000076.jpg,landscape/images/img000076.jpg,0,
img000077.jpg,landscape/images/img000077.jpg,0,
img000078.jpg,landscape/images/img000078.jpg,0,
img000079.jpg,landscape/images/img000079.jpg,0,
img000080.jpg,landscape/images/img000080.jpg,0,
img000081.jpg,landscape/images/img000081.jpg,0,
img000082.jpg,landscape/images/img000082.jpg,0,
img000083.jpg,landscape/images/img000083.jpg,0,
img000084.jpg,landscape/images/img000084.jpg,0,
img000085.jpg,landscape/images/img000085.jpg,0,
img000086.jpg,landscape/images/img000086.jpg,0,
img000087.jpg,landscape/images/img000087.jpg,0,
img000088.jpg,landscape/images/img000088.jpg,0,
img000089.jpg,landscape/images/img000089.jpg,0,
img000090.jpg,landscape/images/img000090.jpg,0,
img000091.jpg,landscape/images/img000091.jpg,0,
img000092.jpg,landscape/images/img000092.jpg,0,
img000093.jpg,landscape/images/img000093.jpg,0,
img000094.jpg,landscape/images/img000094.jpg,0,
img000095.jpg,landscape/images/img000095.jpg,0,
img000096.jpg,landscape/images/img000096.jpg,0,
img000097.jpg,landscape/images/img000097.jpg,0,
img000098.jpg,landscape/images/img000098.jpg,0,
img000099.jpg,landscape/images/img000099.jpg,0,
img000100.jpg,landscape/images/img000100.jpg,0,
img000101.jpg,landscape/images/img000101.jpg,0,
img000102.jpg,landscape/images/img000102.jpg,0,
img000103.jpg,landscape/images/img000103.jpg,0,
img000104.jpg,landscape/images/img000104.jpg,0,
img000105.jpg,landscape/images/img000105.jpg,0,
img000106.jpg,landscape/images/img000106.jpg,0,
img000107.jpg,landscape/images/img000107.jpg,0,
img000108.jpg,landscape/images/img000108.jpg,0,
img000109.jpg,landscape/images/img000109.jpg,0,
img000110.jpg,landscape/images/img000110.jpg,0,
img000111.jpg,landscape/images/img000111.jpg,0,
img000112.jpg,landscape/images/img000112.jpg,0,
img000113.jpg,landscape/images/img000113.jpg,0,
img000114.jpg,landscape/images/img000114.jpg,0,
img000115.jpg,landscape/images/img000115.jpg,0,
img000116.jpg,landscape/images/img000116.jpg,0,
img000117.jpg,landscape/images/img000117.jpg,0,
img000118.jpg,landscape/images/img000118.jpg,0,
img000119.jpg,landscape/images/img000119.jpg,0,
img000120.jpg,landscape/images/img000120.jpg,0,
img000121.jpg,landscape/images/img000121.jpg,0,
img000122.jpg,landscape/images/img000122.jpg,0,
img000123.jpg,landscape/images/img000123.jpg,0,
img000124.jpg,landscape/images/img000124.jpg,0,
img000125.jpg,landscape/images/img000125.jpg,0,
img000126.jpg,landscape/images/img000126.jpg,0,
img000127.jpg,landscape/images/img000127.jpg,0,
img000128.jpg,landscape/images/img000128.jpg,0,
img000129.jpg,landscape/images/img000129.jpg,0,
img000130.jpg,landscape/images/img000130.jpg,0,
img000131.jpg,landscape/images/img000131.jpg,0,
img000132.jpg,landscape/images/img000132.jpg,0,
img000133.jpg,landscape/images/img000133.jpg,0,
img000134.jpg,landscape/images/img000134.jpg,0,
img000135.jpg,landscape/images/img000135.jpg,0,
img000136.jpg,landscape/images/img000136.jpg,0,
img000137.jpg,landscape/images/img000137.jpg,0,
img000138.jpg,landscape/images/img000138.jpg,0,
img000139.jpg,landscape/images/img000139.jpg,0,
img000140.jpg,landscape/images/img000140.jpg,0,
img000141.jpg,landscape/images/img000141.jpg,0,
img000142.jpg,landscape/images/img000142.jpg,0,
img000143.jpg,landscape/images/img000143.jpg,0,
img000144.jpg,landscape/images/img000144.jpg,0,
img000145.jpg,landscape/images/img000145.jpg,0,
img000146.jpg,landscape/images/img000146.jpg,0,
img000147.jpg,landscape/images/img000147.jpg,0,
img000148.jpg,landscape/images/img000148.jpg,0,
img000149.jpg,landscape/images/img000149.jpg,0,
img000150.jpg,landscape/images/img000150.jpg,0,
img000151.jpg,landscape/images/img000151.jpg,0,
img000152.jpg,landscape/images/img000152.jpg,0,
img000153.jpg,landscape/images/img000153.jpg,0,
img000154.jpg,landscape/images/img000154.jpg,0,
img000155.jpg,landscape/images/img000155.jpg,0,
img000156.jpg,landscape/images/img000156.jpg,0,
img000157.jpg,landscape/images/img000157.jpg,0,
img000158.jpg,landscape/images/img000158.jpg,0,
img000159.jpg,landscape/images/img000159.jpg,0,
img000160.jpg,landscape/images/img000160.jpg,0,
img000161.jpg,landscape/images/img000161.jpg,0,
img000162.jpg,landscape/images/img000162.jpg,0,
img000163.jpg,landscape/images/img000163.jpg,0,
img000164.jpg,landscape/images/img000164.jpg,0,
img000165.jpg,landscape/images/img000165.jpg,0,
img000166.jpg,landscape/images/img000166.jpg,0,
img000167.jpg,landscape/images/img000167.jpg,0,
img000168.jpg,landscape/images/img000168.jpg,0,
img000169.jpg,landscape/images/img000169.jpg,0,
img000170.jpg,landscape/images/img000170.jpg,0,
img000171.jpg,landscape/images/img000171.jpg,0,
img000172.jpg,landscape/images/img000172.jpg,0,
img000173.jpg,landscape/images/img000173.jpg,0,
img000174.jpg,landscape/images/img000174.jpg,0,
img000175.jpg,landscape/images/img000175.jpg,0,
img000176.jpg,landscape/images/img000176.jpg,0,
img000177.jpg,landscape/images/img000177.jpg,0,
img000178.jpg,landscape/images/img000178.jpg,0,
img000179.jpg,landscape/images/img000179.jpg,0,
img000180.jpg,landscape/images/img000180.jpg,0,
img000181.jpg,landscape/images/img000181.jpg,0,
img000182.jpg,landscape/images/img000182.jpg,0,
img000183.jpg,landscape/images/img000183.jpg,0,
img000184.jpg,landscape/images/img000184.jpg,0,
img000185.jpg,landscape/images/img000185.jpg,0,
img000186.jpg,landscape/images/img000186.jpg,0,
img000187.jpg,landscape/images/img000187.jpg,0,
img000188.jpg,landscape/images/img000188.jpg,0,
img000189.jpg,landscape/images/img000189.jpg,0,
img000190.jpg,landscape/images/img000190.jpg,0,
img000191.jpg,landscape/images/img000191.jpg,0,
img000192.jpg,landscape/images/img000192.jpg,0,
img000193.jpg,landscape/images/img000193.jpg,0,
img000194.jpg,landscape/images/img000194.jpg,0,
img000195.jpg,landscape/images/img000195.jpg,0,
img000196.jpg,landscape/images/img000196.jpg,0,
img000197.jpg,landscape/images/img000197.jpg,0,
img000198.jpg,landscape/images/img000198.jpg,0,
img000199.jpg,landscape/images/img000199.jpg,0,
img000200.jpg,landscape/images/img000200.jpg,0,
img000201.jpg,landscape/images/img000201.jpg,0,
img000202.jpg,landscape/images/img000202.jpg,0,
img000203.jpg,landscape/images/img000203.jpg,0,
img000204.jpg,landscape/images/img000204.jpg,0,
img000205.jpg,landscape/images/img000205.jpg,0,
img000206.jpg,landscape/images/img000206.jpg,0,
img000207.jpg,landscape/images/img000207.jpg,0,
img000208.jpg,landscape/images/img000208.jpg,0,
img000209.jpg,landscape/images/img000209.jpg,0,
img000210.jpg,landscape/images/img000210.jpg,0,
img000211.jpg,landscape/images/img000211.jpg,0,
img000212.jpg,landscape/images/img000212.jpg,0,
img000213.jpg,landscape/images/img000213.jpg,0,
img000214.jpg,landscape/images/img000214.jpg,0,
img000215.jpg,landscape/images/img000215.jpg,0,
img000216.jpg,landscape/images/img000216.jpg,0,
img000217.jpg,landscape/images/img000217.jpg,0,
img000218.jpg,landscape/images/img000218.jpg,0,
img000219.jpg,landscape/images/img000219.jpg,0,
img000220.jpg,landscape/images/img000220.jpg,0,
img000221.jpg,landscape/images/img000221.jpg,0,
img000222.jpg,landscape/images/img000222.jpg,0,
img000223.jpg,landscape/images/img000223.jpg,0,
img000224.jpg,landscape/images/img000224.jpg,0,
img000225.jpg,landscape/images/img000225.jpg,0,
img000226.jpg,landscape/images/img000226.jpg,0,
img000227.jpg,landscape/images/img000227.jpg,0,
img000228.jpg,landscape/images/img000228.jpg,0,
img000229.jpg,landscape/images/img000229.jpg,0,
img000230.jpg,landscape/images/img000230.jpg,0,
img000231.jpg,landscape/images/img000231.jpg,0,
img000232.jpg,landscape/images/img000232.jpg,0,
img000233.jpg,landscape/images/img000233.jpg,0,
img000234.jpg,landscape/images/img000234.jpg,0,
img000235.jpg,landscape/images/img000235.jpg,0,
img000236.jpg,landscape/images/img000236.jpg,0,
img000237.jpg,landscape/images/img000237.jpg,0,
img000238.jpg,landscape/images/img000238.jpg,0,
img000239.jpg,landscape/images/img000239.jpg,0,
img000240.jpg,landscape/images/img000240.jpg,0,
img000241.jpg,landscape/images/img000241.jpg,0,
img000242.jpg,landscape/images/img000242.jpg,0,
img000243.jpg,landscape/images/img000243.jpg,0,
img000244.jpg,landscape/images/img000244.jpg,0,
img000245.jpg,landscape/images/img000245.jpg,0,
img000246.jpg,landscape/images/img000246.jpg,0,
img000247.jpg,landscape/images/img000247.jpg,0,
img000248.jpg,landscape/images/img000248.jpg,0,
img000249.jpg,landscape/images/img000249.jpg,0,
img000250.jpg,landscape/images/img000250.jpg,0,
img000251.jpg,landscape/images/img000251.jpg,0,
img000252.jpg,landscape/images/img000252.jpg,0,
img000253.jpg,landscape/images/img000253.jpg,0,
img000254.jpg,landscape/images/img000254.jpg,0,
img000255.jpg,landscape/images/img000255.jpg,0,
img000256.jpg,landscape/images/img000256.jpg,0,
img000257.jpg,landscape/images/img000257.jpg,0,
img000258.jpg,landscape/images/img000258.jpg,0,
img000259.jpg,landscape/images/img000259.jpg,0,
img000260.jpg,landscape/images/img000260.jpg,0,
img000261.jpg,landscape/images/img000261.jpg,0,
img000262.jpg,landscape/images/img000262.jpg,0,
img000263.jpg,landscape/images/img000263.jpg,0,
img000264.jpg,landscape/images/img000264.jpg,0,
img000265.jpg,landscape/images/img000265.jpg,0,
img000266.jpg,landscape/images/img000266.jpg,0,
img000267.jpg,landscape/images/img000267.jpg,0,
img000268.jpg,landscape/images/img000268.jpg,0,
img000269.jpg,landscape/images/img000269.jpg,0,
img000270.jpg,landscape/images/img000270.jpg,0,
img000271.jpg,landscape/images/img000271.jpg,0,
img000272.jpg,landscape/images/img000272.jpg,0,
img000273.jpg,landscape/images/img000273.jpg,0,
img000274.jpg,landscape/images/img000274.jpg,0,
img000275.jpg,landscape/images/img000275.jpg,0,
img000276.jpg,landscape/images/img000276.jpg,0,
img000277.jpg,landscape/images/img000277.jpg,0,
img000278.jpg,landscape/images/img000278.jpg,0,
img000279.jpg,landscape/images/img000279.jpg,0,
img000280.jpg,landscape/images/img000280.jpg,0,
img000281.jpg,landscape/images/img000281.jpg,0,
img000282.jpg,landscape/images/img000282.jpg,0,
img000283.jpg,landscape/images/img000283.jpg,0,
img000284.jpg,landscape/images/img000284.jpg,0,
img000285.jpg,landscape/images/img000285.jpg,0,
img000286.jpg,landscape/images/img000286.jpg,0,
img000287.jpg,landscape/images/img000287.jpg,0,
img000288.jpg,landscape/images/img000288.jpg,0,
img000289.jpg,landscape/images/img000289.jpg,0,
img000290.jpg,landscape/images/img000290.jpg,0,
img000291.jpg,landscape/images/img000291.jpg,0,
img000292.jpg,landscape/images/img000292.jpg,0,
img000293.jpg,landscape/images/img000293.jpg,0,
img000294.jpg,landscape/images/img000294.jpg,0,
img000295.jpg,landscape/images/img000295.jpg,0,
img000296.jpg,landscape/images/img000296.jpg,0,
img000297.jpg,landscape/images/img000297.jpg,0,
img000298.jpg,landscape/images/img000298.jpg,0,
img000299.jpg,landscape/images/img000299.jpg,0,
img000300.jpg,landscape/images/img000300.jpg,0,
img000301.jpg,landscape/images/img000301.jpg,0,
img000302.jpg,landscape/images/img000302.jpg,0,
img000303.jpg,landscape/images/img000303.jpg,0,
img000304.jpg,landscape/images/img000304.jpg,0,
img000305.jpg,landscape/images/img000305.jpg,0,
img000306.jpg,landscape/images/img000306.jpg,0,
img000307.jpg,landscape/images/img000307.jpg,0,
img000308.jpg,landscape/images/img000308.jpg,0,
img000309.jpg,landscape/images/img000309.jpg,0,
img000310.jpg,landscape/images/img000310.jpg,0,
img000311.jpg,landscape/images/img000311.jpg,0,
img000312.jpg,landscape/images/img000312.jpg,0,
img000313.jpg,landscape/images/img000313.jpg,0,
img000314.jpg,landscape/images/img000314.jpg,0,
img000315.jpg,landscape/images/img000315.jpg,0,
img000316.jpg,landscape/images/img000316.jpg,0,
img000317.jpg,landscape/images/img000317.jpg,0,
img000318.jpg,landscape/images/img000318.jpg,0,
img000319.jpg,landscape/images/img000319.jpg,0,
img000320.jpg,landscape/images/img000320.jpg,0,
img000321.jpg,landscape/images/img000321.jpg,0,
img000322.jpg,landscape/images/img000322.jpg,0,
img000323.jpg,landscape/images/img000323.jpg,0,
img000324.jpg,landscape/images/img000324.jpg,0,
img000325.jpg,landscape/images/img000325.jpg,0,
img000326.jpg,landscape/images/img000326.jpg,0,
img000327.jpg,landscape/images/img000327.jpg,0,
img000328.jpg,landscape/images/img000328.jpg,0,
img000329.jpg,landscape/images/img000329.jpg,0,
img000330.jpg,landscape/images/img000330.jpg,0,
img000331.jpg,landscape/images/img000331.jpg,0,
img000332.jpg,landscape/images/img000332.jpg,0,
img000333.jpg,landscape/images/img000333.jpg,0,
img000334.jpg,landscape/images/img000334.jpg,0,
img000335.jpg,landscape/images/img000335.jpg,0,
img000336.jpg,landscape/images/img000336.jpg,0,
img000337.jpg,landscape/images/img000337.jpg,0,
img000338.jpg,landscape/images/img000338.jpg,0,
img000339.jpg,landscape/images/img000339.jpg,0,
img000340.jpg,landscape/images/img000340.jpg,0,
img000341.jpg,landscape/images/img000341.jpg,0,
img000342.jpg,landscape/images/img000342.jpg,0,
img000343.jpg,landscape/images/img000343.jpg,0,
img000344.jpg,landscape/images/img000344.jpg,0,
img000345.jpg,landscape/images/img000345.jpg,0,
img000346.jpg,landscape/images/img000346.jpg,0,
img000347.jpg,landscape/images/img000347.jpg,0,
img000348.jpg,landscape/images/img000348.jpg,0,
img000349.jpg,landscape/images/img000349.jpg,0,
img000350.jpg,landscape/images/img000350.jpg,0,
img000351.jpg,landscape/images/img000351.jpg,0,
img000352.jpg,landscape/images/img000352.jpg,0,
img000353.jpg,landscape/images/img000353.jpg,0,
img000354.jpg,landscape/images/img000354.jpg,0,
img000355.jpg,landscape/images/img000355.jpg,0,
img000356.jpg,landscape/images/img000356.jpg,0,
img000357.jpg,landscape/images/img000357.jpg,0,
img000358.jpg,landscape/images/img000358.jpg,0,
img000359.jpg,landscape/images/img000359.jpg,0,
img000360.jpg,landscape/images/img000360.jpg,0,
img000361.jpg,landscape/images/img000361.jpg,0,
img000362.jpg,landscape/images/img000362.jpg,0,
img000363.jpg,landscape/images/img000363.jpg,0,
img000364.jpg,landscape/images/img000364.jpg,0,
img000365.jpg,landscape/images/img000365.jpg,0,
img000366.jpg,landscape/images/img000366.jpg,0,
img000367.jpg,landscape/images/img000367.jpg,0,
img000368.jpg,landscape/images/img000368.jpg,0,
img000369.jpg,landscape/images/img000369.jpg,0,
img000370.jpg,landscape/images/img000370.jpg,0,
img000371.jpg,landscape/images/img000371.jpg,0,
img000372.jpg,landscape/images/img000372.jpg,0,
img000373.jpg,landscape/images/img000373.jpg,0,
img000374.jpg,landscape/images/img000374.jpg,0,
img000375.jpg,landscape/images/img000375.jpg,0,
img000376.jpg,landscape/images/img000376.jpg,0,
img000377.jpg,landscape/images/img000377.jpg,0,
img000378.jpg,landscape/images/img000378.jpg,0,
img000379.jpg,landscape/images/img000379.jpg,0,
img000380.jpg,landscape/images/img000380.jpg,0,
img000381.jpg,landscape/images/img000381.jpg,0,
img000382.jpg,landscape/images/img000382.jpg,0,
img000383.jpg,landscape/images/img000383.jpg,0,
img000384.jpg,landscape/images/img000384.jpg,0,
img000385.jpg,landscape/images/img000385.jpg,0,
img000386.jpg,landscape/images/img000386.jpg,0,
img000387.jpg,landscape/images/img000387.jpg,0,
img000388.jpg,landscape/images/img000388.jpg,0,
img000389.jpg,landscape/images/img000389.jpg,0,
img000390.jpg,landscape/images/img000390.jpg,0,
img000391.jpg,landscape/images/img000391.jpg,0,
img000392.jpg,landscape/images/img000392.jpg,0,
img000393.jpg,landscape/images/img000393.jpg,0,
img000394.jpg,landscape/images/img000394.jpg,0,
img000395.jpg,landscape/images/img000395.jpg,0,
img000396.jpg,landscape/images/img000396.jpg,0,
img000397.jpg,landscape/images/img000397.jpg,0,
img000398.jpg,landscape/images/img000398.jpg,0,
img000399.jpg,landscape/images/img000399.jpg,0,
img000400.jpg,landscape/images/img000400.jpg,0,
img000401.jpg,landscape/images/img000401.jpg,0,
img000402.jpg,landscape/images/img000402.jpg,0,
img000403.jpg,landscape/images/img000403.jpg,0,
img000404.jpg,landscape/images/img000404.jpg,0,
img000405.jpg,landscape/images/img000405.jpg,0,
img000406.jpg,landscape/images/img000406.jpg,0,
img000407.jpg,landscape/images/img000407.jpg,0,
img000408.jpg,landscape/images/img000408.jpg,0,
img000409.jpg,landscape/images/img000409.jpg,0,
img000410.jpg,landscape/images/img000410.jpg,0,
img000411.jpg,landscape/images/img000411.jpg,0,
img000412.jpg,landscape/images/img000412.jpg,0,
img000413.jpg,landscape/images/img000413.jpg,0,
img000414.jpg,landscape/images/img000414.jpg,0,
img000415.jpg,landscape/images/img000415.jpg,0,
img000416.jpg,landscape/images/img000416.jpg,0,
img000417.jpg,landscape/images/img000417.jpg,0,
img000418.jpg,landscape/images/img000418.jpg,0,
img000419.jpg,landscape/images/img000419.jpg,0,
img000420.jpg,landscape/images/img000420.jpg,0,
img000421.jpg,landscape/images/img000421.jpg,0,
img000422.jpg,landscape/images/img000422.jpg,0,
img000423.jpg,landscape/images/img000423.jpg,0,
img000424.jpg,landscape/images/img000424.jpg,0,
img000425.jpg,landscape/images/img000425.jpg,0,
img000426.jpg,landscape/images/img000426.jpg,0,
img000427.jpg,landscape/images/img000427.jpg,0,
img000428.jpg,landscape/images/img000428.jpg,0,
img000429.jpg,landscape/images/img000429.jpg,0,
img000430.jpg,landscape/images/img000430.jpg,0,
img000431.jpg,landscape/images/img000431.jpg,0,
img000432.jpg,landscape/images/img000432.jpg,0,
img000433.jpg,landscape/images/img000433.jpg,0,
img000434.jpg,landscape/images/img000434.jpg,0,
img000435.jpg,landscape/images/img000435.jpg,0,
img000436.jpg,landscape/images/img000436.jpg,0,
img000437.jpg,landscape/images/img000437.jpg,0,
img000438.jpg,landscape/images/img000438.jpg,0,
img000439.jpg,landscape/images/img000439.jpg,0,
img000440.jpg,landscape/images/img000440.jpg,0,
img000441.jpg,landscape/images/img000441.jpg,0,
img000442.jpg,landscape/images/img000442.jpg,0,
img000443.jpg,landscape/images/img000443.jpg,0,
img000444.jpg,landscape/images/img000444.jpg,0,
img000445.jpg,landscape/images/img000445.jpg,0,
img000446.jpg,landscape/images/img000446.jpg,0,
img000447.jpg,landscape/images/img000447.jpg,0,
img000448.jpg,landscape/images/img000448.jpg,0,
img000449.jpg,landscape/images/img000449.jpg,0,
img000450.jpg,landscape/images/img000450.jpg,0,
img000451.jpg,landscape/images/img000451.jpg,0,
img000452.jpg,landscape/images/img000452.jpg,0,
img000453.jpg,landscape/images/img000453.jpg,0,
img000454.jpg,landscape/images/img000454.jpg,0,
img000455.jpg,landscape/images/img000455.jpg,0,
img000456.jpg,landscape/images/img000456.jpg,0,
img000457.jpg,landscape/images/img000457.jpg,0,
img000458.jpg,landscape/images/img000458.jpg,0,
img000459.jpg,landscape/images/img000459.jpg,0,
img000460.jpg,landscape/images/img000460.jpg,0,
img000461.jpg,landscape/images/img000461.jpg,0,
img000462.jpg,landscape/images/img000462.jpg,0,
img000463.jpg,landscape/images/img000463.jpg,0,
img000464.jpg,landscape/images/img000464.jpg,0,
img000465.jpg,landscape/images/img000465.jpg,0,
img000466.jpg,landscape/images/img000466.jpg,0,
img000467.jpg,landscape/images/img000467.jpg,0,
img000468.jpg,landscape/images/img000468.jpg,0,
img000469.jpg,landscape/images/img000469.jpg,0,
img000470.jpg,landscape/images/img000470.jpg,0,
img000471.jpg,landscape/images/img000471.jpg,0,
img000472.jpg,landscape/images/img000472.jpg,0,
img000473.jpg,landscape/images/img000473.jpg,0,
img000474.jpg,landscape/images/img000474.jpg,0,
img000475.jpg,landscape/images/img000475.jpg,0,
img000476.jpg,landscape/images/img000476.jpg,0,
img000477.jpg,landscape/images/img000477.jpg,0,
img000478.jpg,landscape/images/img000478.jpg,0,
img000479.jpg,landscape/images/img000479.jpg,0,
img000480.jpg,landscape/images/img000480.jpg,0,
img000481.jpg,landscape/images/img000481.jpg,0,
img000482.jpg,landscape/images/img000482.jpg,0,
img000483.jpg,landscape/images/img000483.jpg,0,
img000484.jpg,landscape/images/img000484.jpg,0,
img000485.jpg,landscape/images/img000485.jpg,0,
img000486.jpg,landscape/images/img000486.jpg,0,
img000487.jpg,landscape/images/img000487.jpg,0,
img000488.jpg,landscape/images/img000488.jpg,0,
img000489.jpg,landscape/images/img000489.jpg,0,
img000490.jpg,landscape/images/img000490.jpg,0,
img000491.jpg,landscape/images/img000491.jpg,0,
img000492.jpg,landscape/images/img000492.jpg,0,
img000493.jpg,landscape/images/img000493.jpg,0,
img000494.jpg,landscape/images/img000494.jpg,0,
img000495.jpg,landscape/images/img000495.jpg,0,
img000496.jpg,landscape/images/img000496.jpg,0,
img000497.jpg,landscape/images/img000497.jpg,0,
img000498.jpg,landscape/images/img000498.jpg,0,
img000499.jpg,landscape/images/img000499.jpg,0,
img000500.jpg,landscape/images/img000500.jpg,0,
img000501.jpg,landscape/images/img000501.jpg,0,
img000502.jpg,landscape/images/img000502.jpg,0,
img000503.jpg,landscape/images/img000503.jpg,0,
img000504.jpg,landscape/images/img000504.jpg,0,
img000505.jpg,landscape/images/img000505.jpg,0,
img000506.jpg,landscape/images/img000506.jpg,0,
img000507.jpg,landscape/images/img000507.jpg,0,
img000508.jpg,landscape/images/img000508.jpg,0,
img000509.jpg,landscape/images/img000509.jpg,0,
img000510.jpg,landscape/images/img000510.jpg,0,
img000511.jpg,landscape/images/img000511.jpg,0,
img000512.jpg,landscape/images/img000512.jpg,0,
img000513.jpg,landscape/images/img000513.jpg,0,
img000514.jpg,landscape/images/img000514.jpg,0,
img000515.jpg,landscape/images/img000515.jpg,0,
img000516.jpg,landscape/images/img000516.jpg,0,
img000517.jpg,landscape/images/img000517.jpg,0,
img000518.jpg,landscape/images/img000518.jpg,0,
img000519.jpg,landscape/images/img000519.jpg,0,
img000520.jpg,landscape/images/img000520.jpg,0,
img000521.jpg,landscape/images/img000521.jpg,0,
img000522.jpg,landscape/images/img000522.jpg,0,
img000523.jpg,landscape/images/img000523.jpg,0,
img000524.jpg,landscape/images/img000524.jpg,0,
img000525.jpg,landscape/images/img000525.jpg,0,
img000526.jpg,landscape/images/img000526.jpg,0,
img000527.jpg,landscape/images/img000527.jpg,0,
img000528.jpg,landscape/images/img000528.jpg,0,
img000529.jpg,landscape/images/img000529.jpg,0,
img000530.jpg,landscape/images/img000530.jpg,0,
img000531.jpg,landscape/images/img000531.jpg,0,
img000532.jpg,landscape/images/img000532.jpg,0,
img000533.jpg,landscape/images/img000533.jpg,0,
img000534.jpg,landscape/images/img000534.jpg,0,
img000535.jpg,landscape/images/img000535.jpg,0,
img000536.jpg,landscape/images/img000536.jpg,0,
img000537.jpg,landscape/images/img000537.jpg,0,
img000538.jpg,landscape/images/img000538.jpg,0,
img000539.jpg,landscape/images/img000539.jpg,0,
img000540.jpg,landscape/images/img000540.jpg,0,
img000541.jpg,landscape/images/img000541.jpg,0,
img000542.jpg,landscape/images/img000542.jpg,0,
img000543.jpg,landscape/images/img000543.jpg,0,
img000544.jpg,landscape/images/img000544.jpg,0,
img000545.jpg,landscape/images/img000545.jpg,0,
img000546.jpg,landscape/images/img000546.jpg,0,
img000547.jpg,landscape/images/img000547.jpg,0,
img000548.jpg,landscape/images/img000548.jpg,0,
img000549.jpg,landscape/images/img000549.jpg,0,
img000550.jpg,landscape/images/img000550.jpg,0,
img000551.jpg,landscape/images/img000551.jpg,0,
img000552.jpg,landscape/images/img000552.jpg,0,
img000553.jpg,landscape/images/img000553.jpg,0,
img000554.jpg,landscape/images/img000554.jpg,0,
img000555.jpg,landscape/images/img000555.jpg,0,
img000556.jpg,landscape/images/img000556.jpg,0,
img000557.jpg,landscape/images/img000557.jpg,0,
img000558.jpg,landscape/images/img000558.jpg,0,
img000559.jpg,landscape/images/img000559.jpg,0,
img000560.jpg,landscape/images/img000560.jpg,0,
img000561.jpg,landscape/images/img000561.jpg,0,
img000562.jpg,landscape/images/img000562.jpg,0,
img000563.jpg,landscape/images/img000563.jpg,0,
img000564.jpg,landscape/images/img000564.jpg,0,
img000565.jpg,landscape/images/img000565.jpg,0,
img000566.jpg,landscape/images/img000566.jpg,0,
img000567.jpg,landscape/images/img000567.jpg,0,
img000568.jpg,landscape/images/img000568.jpg,0,
img000569.jpg,landscape/images/img000569.jpg,0,
img000570.jpg,landscape/images/img000570.jpg,0,
img000571.jpg,landscape/images/img000571.jpg,0,
img000572.jpg,landscape/images/img000572.jpg,0,
img000573.jpg,landscape/images/img000573.jpg,0,
img000574.jpg,landscape/images/img000574.jpg,0,
img000575.jpg,landscape/images/img000575.jpg,0,
img000576.jpg,landscape/images/img000576.jpg,0,
img000577.jpg,landscape/images/img000577.jpg,0,
img000578.jpg,landscape/images/img000578.jpg,0,
img000579.jpg,landscape/images/img000579.jpg,0,
img000580.jpg,landscape/images/img000580.jpg,0,
img000581.jpg,landscape/images/img000581.jpg,0,
img000582.jpg,landscape/images/img000582.jpg,0,
img000583.jpg,landscape/images/img000583.jpg,0,
img000584.jpg,landscape/images/img000584.jpg,0,
img000585.jpg,landscape/images/img000585.jpg,0,
img000586.jpg,landscape/images/img000586.jpg,0,
img000587.jpg,landscape/images/img000587.jpg,0,
img000588.jpg,landscape/images/img000588.jpg,0,
img000589.jpg,landscape/images/img000589.jpg,0,
img000590.jpg,landscape/images/img000590.jpg,0,
img000591.jpg,landscape/images/img000591.jpg,0,
img000592.jpg,landscape/images/img000592.jpg,0,
img000593.jpg,landscape/images/img000593.jpg,0,
img000594.jpg,landscape/images/img000594.jpg,0,
img000595.jpg,landscape/images/img000595.jpg,0,
img000596.jpg,landscape/images/img000596.jpg,0,
img000597.jpg,landscape/images/img000597.jpg,0,
img000598.jpg,landscape/images/img000598.jpg,0,
img000599.jpg,landscape/images/img000599.jpg,0,
img000600.jpg,landscape/images/img000600.jpg,0,
img000601.jpg,landscape/images/img000601.jpg,0,
img000602.jpg,landscape/images/img000602.jpg,0,
img000603.jpg,landscape/images/img000603.jpg,0,
img000604.jpg,landscape/images/img000604.jpg,0,
img000605.jpg,landscape/images/img000605.jpg,0,
img000606.jpg,landscape/images/img000606.jpg,0,
img000607.jpg,landscape/images/img000607.jpg,0,
img000608.jpg,landscape/images/img000608.jpg,0,
img000609.jpg,landscape/images/img000609.jpg,0,
img000610.jpg,landscape/images/img000610.jpg,0,
img000611.jpg,landscape/images/img000611.jpg,0,
img000612.jpg,landscape/images/img000612.jpg,0,
img000613.jpg,landscape/images/img000613.jpg,0,
img000614.jpg,landscape/images/img000614.jpg,0,
img000615.jpg,landscape/images/img000615.jpg,0,
img000616.jpg,landscape/images/img000616.jpg,0,
img000617.jpg,landscape/images/img000617.jpg,0,
img000618.jpg,landscape/images/img000618.jpg,0,
img000619.jpg,landscape/images/img000619.jpg,0,
img000620.jpg,landscape/images/img000620.jpg,0,
img000621.jpg,landscape/images/img000621.jpg,0,
img000622.jpg,landscape/images/img000622.jpg,0,
img000623.jpg,landscape/images/img000623.jpg,0,
img000624.jpg,landscape/images/img000624.jpg,0,
img000625.jpg,landscape/images/img000625.jpg,0,
img000626.jpg,landscape/images/img000626.jpg,0,
img000627.jpg,landscape/images/img000627.jpg,0,
img000628.jpg,landscape/images/img000628.jpg,0,
img000629.jpg,landscape/images/img000629.jpg,0,
img000630.jpg,landscape/images/img000630.jpg,0,
img000631.jpg,landscape/images/img000631.jpg,0,
img000632.jpg,landscape/images/img000632.jpg,0,
img000633.jpg,landscape/images/img000633.jpg,0,
img000634.jpg,landscape/images/img000634.jpg,0,
img000635.jpg,landscape/images/img000635.jpg,0,
img000636.jpg,landscape/images/img000636.jpg,0,
img000637.jpg,landscape/images/img000637.jpg,0,
img000638.jpg,landscape/images/img000638.jpg,0,
img000639.jpg,landscape/images/img000639.jpg,0,
img000640.jpg,landscape/images/img000640.jpg,0,
img000641.jpg,landscape/images/img000641.jpg,0,
img000642.jpg,landscape/images/img000642.jpg,0,
img000643.jpg,landscape/images/img000643.jpg,0,
img000644.jpg,landscape/images/img000644.jpg,0,
img000645.jpg,landscape/images/img000645.jpg,0,
img000646.jpg,landscape/images/img000646.jpg,0,
img000647.jpg,landscape/images/img000647.jpg,0,
img000648.jpg,landscape/images/img000648.jpg,0,
img000649.jpg,landscape/images/img000649.jpg,0,
img000650.jpg,landscape/images/img000650.jpg,0,
img000651.jpg,landscape/images/img000651.jpg,0,
img000652.jpg,landscape/images/img000652.jpg,0,
img000653.jpg,landscape/images/img000653.jpg,0,
img000654.jpg,landscape/images/img000654.jpg,0,
img000655.jpg,landscape/images/img000655.jpg,0,
img000656.jpg,landscape/images/img000656.jpg,0,
img000657.jpg,landscape/images/img000657.jpg,0,
img000658.jpg,landscape/images/img000658.jpg,0,
img000659.jpg,landscape/images/img000659.jpg,0,
img000660.jpg,landscape/images/img000660.jpg,0,
img000661.jpg,landscape/images/img000661.jpg,0,
img000662.jpg,landscape/images/img000662.jpg,0,
img000663.jpg,landscape/images/img000663.jpg,0,
img000664.jpg,landscape/images/img000664.jpg,0,
img000665.jpg,landscape/images/img000665.jpg,0,
img000666.jpg,landscape/images/img000666.jpg,0,
img000667.jpg,landscape/images/img000667.jpg,0,
img000668.jpg,landscape/images/img000668.jpg,0,
img000669.jpg,landscape/images/img000669.jpg,0,
img000670.jpg,landscape/images/img000670.jpg,0,
img000671.jpg,landscape/images/img000671.jpg,0,
img000672.jpg,landscape/images/img000672.jpg,0,
img000673.jpg,landscape/images/img000673.jpg,0,
img000674.jpg,landscape/images/img000674.jpg,0,
img000675.jpg,landscape/images/img000675.jpg,0,
img000676.jpg,landscape/images/img000676.jpg,0,
img000677.jpg,landscape/images/img000677.jpg,0,
img000678.jpg,landscape/images/img000678.jpg,0,
img000679.jpg,landscape/images/img000679.jpg,0,
img000680.jpg,landscape/images/img000680.jpg,0,
img000681.jpg,landscape/images/img000681.jpg,0,
img000682.jpg,landscape/images/img000682.jpg,0,
img000683.jpg,landscape/images/img000683.jpg,0,
img000684.jpg,landscape/images/img000684.jpg,0,
img000685.jpg,landscape/images/img000685.jpg,0,
img000686.jpg,landscape/images/img000686.jpg,0,
img000687.jpg,landscape/images/img000687.jpg,0,
img000688.jpg,landscape/images/img000688.jpg,0,
img000689.jpg,landscape/images/img000689.jpg,0,
img000690.jpg,landscape/images/img000690.jpg,0,
img000691.jpg,landscape/images/img000691.jpg,0,
img000692.jpg,landscape/images/img000692.jpg,0,
img000693.jpg,landscape/images/img000693.jpg,0,
img000694.jpg,landscape/images/img000694.jpg,0,
img000695.jpg,landscape/images/img000695.jpg,0,
img000696.jpg,landscape/images/img000696.jpg,0,
img000697.jpg,landscape/images/img000697.jpg,0,
img000698.jpg,landscape/images/img000698.jpg,0,
img000699.jpg,landscape/images/img000699.jpg,0,
img000700.jpg,landscape/images/img000700.jpg,0,
img000701.jpg,landscape/images/img000701.jpg,0,
img000702.jpg,landscape/images/img000702.jpg,0,
img000703.jpg,landscape/images/img000703.jpg,0,
img000704.jpg,landscape/images/img000704.jpg,0,
img000705.jpg,landscape/images/img000705.jpg,0,
img000706.jpg,landscape/images/img000706.jpg,0,
img000707.jpg,landscape/images/img000707.jpg,0,
img000708.jpg,landscape/images/img000708.jpg,0,
img000709.jpg,landscape/images/img000709.jpg,0,
img000710.jpg,landscape/images/img000710.jpg,0,
img000711.jpg,landscape/images/img000711.jpg,0,
img000712.jpg,landscape/images/img000712.jpg,0,
img000713.jpg,landscape/images/img000713.jpg,0,
img000714.jpg,landscape/images/img000714.jpg,0,
img000715.jpg,landscape/images/img000715.jpg,0,
img000716.jpg,landscape/images/img000716.jpg,0,
img000717.jpg,landscape/images/img000717.jpg,0,
img000718.jpg,landscape/images/img000718.jpg,0,
img000719.jpg,landscape/images/img000719.jpg,0,
img000720.jpg,landscape/images/img000720.jpg,0,
img000721.jpg,landscape/images/img000721.jpg,0,
img000722.jpg,landscape/images/img000722.jpg,0,
img000723.jpg,landscape/images/img000723.jpg,0,
img000724.jpg,landscape/images/img000724.jpg,0,
img000725.jpg,landscape/images/img000725.jpg,0,
img000726.jpg,landscape/images/img000726.jpg,0,
img000727.jpg,landscape/images/img000727.jpg,0,
img000728.jpg,landscape/images/img000728.jpg,0,
img000729.jpg,landscape/images/img000729.jpg,0,
img000730.jpg,landscape/images/img000730.jpg,0,
img000731.jpg,landscape/images/img000731.jpg,0,
img000732.jpg,landscape/images/img000732.jpg,0,
img000733.jpg,landscape/images/img000733.jpg,0,
img000734.jpg,landscape/images/img000734.jpg,0,
img000735.jpg,landscape/images/img000735.jpg,0,
img000736.jpg,landscape/images/img000736.jpg,0,
img000737.jpg,landscape/images/img000737.jpg,0,
img000738.jpg,landscape/images/img000738.jpg,0,
img000739.jpg,landscape/images/img000739.jpg,0,
img000740.jpg,landscape/images/img000740.jpg,0,
img000741.jpg,landscape/images/img000741.jpg,0,
img000742.jpg,landscape/images/img000742.jpg,0,
img000743.jpg,landscape/images/img000743.jpg,0,
img000744.jpg,landscape/images/img000744.jpg,0,
img000745.jpg,landscape/images/img000745.jpg,0,
img000746.jpg,landscape/images/img000746.jpg,0,
img000747.jpg,landscape/images/img000747.jpg,0,
img000748.jpg,landscape/images/img000748.jpg,0,
img000749.jpg,landscape/images/img000749.jpg,0,
img000750.jpg,landscape/images/img000750.jpg,0,
img000751.jpg,landscape/images/img000751.jpg,0,
img000752.jpg,landscape/images/img000752.jpg,0,
img000753.jpg,landscape/images/img000753.jpg,0,
img000754.jpg,landscape/images/img000754.jpg,0,
img000755.jpg,landscape/images/img000755.jpg,0,
img000756.jpg,landscape/images/img000756.jpg,0,
img000757.jpg,landscape/images/img000757.jpg,0,
img000758.jpg,landscape/images/img000758.jpg,0,
img000759.jpg,landscape/images/img000759.jpg,0,
img000760.jpg,landscape/images/img000760.jpg,0,
img000761.jpg,landscape/images/img000761.jpg,0,
img000762.jpg,landscape/images/img000762.jpg,0,
img000763.jpg,landscape/images/img000763.jpg,0,
img000764.jpg,landscape/images/img000764.jpg,0,
img000765.jpg,landscape/images/img000765.jpg,0,
img000766.jpg,landscape/images/img000766.jpg,0,
img000767.jpg,landscape/images/img000767.jpg,0,
img000768.jpg,landscape/images/img000768.jpg,0,
img000769.jpg,landscape/images/img000769.jpg,0,
img000770.jpg,landscape/images/img000770.jpg,0,
img000771.jpg,landscape/images/img000771.jpg,0,
img000772.jpg,landscape/images/img000772.jpg,0,
img000773.jpg,landscape/images/img000773.jpg,0,
img000774.jpg,landscape/images/img000774.jpg,0,
img000775.jpg,landscape/images/img000775.jpg,0,
img000776.jpg,landscape/images/img000776.jpg,0,
img000777.jpg,landscape/images/img000777.jpg,0,
img000778.jpg,landscape/images/img000778.jpg,0,
img000779.jpg,landscape/images/img000779.jpg,0,
img000780.jpg,landscape/images/img000780.jpg,0,
img000781.jpg,landscape/images/img000781.jpg,0,
img000782.jpg,landscape/images/img000782.jpg,0,
img000783.jpg,landscape/images/img000783.jpg,0,
img000784.jpg,landscape/images/img000784.jpg,0,
img000785.jpg,landscape/images/img000785.jpg,0,
img000786.jpg,landscape/images/img000786.jpg,0,
img000787.jpg,landscape/images/img000787.jpg,0,
img000788.jpg,landscape/images/img000788.jpg,0,
img000789.jpg,landscape/images/img000789.jpg,0,
img000790.jpg,landscape/images/img000790.jpg,0,
img000791.jpg,landscape/images/img000791.jpg,0,
img000792.jpg,landscape/images/img000792.jpg,0,
img000793.jpg,landscape/images/img000793.jpg,0,
img000794.jpg,landscape/images/img000794.jpg,0,
img000795.jpg,landscape/images/img000795.jpg,0,
img000796.jpg,landscape/images/img000796.jpg,0,
img000797.jpg,landscape/images/img000797.jpg,0,
img000798.jpg,landscape/images/img000798.jpg,0,
img000799.jpg,landscape/images/img000799.jpg,0,
img000800.jpg,landscape/images/img000800.jpg,0,
img000801.jpg,landscape/images/img000801.jpg,0,
img000802.jpg,landscape/images/img000802.jpg,0,
img000803.jpg,landscape/images/img000803.jpg,0,
img000804.jpg,landscape/images/img000804.jpg,0,
img000805.jpg,landscape/images/img000805.jpg,0,
img000806.jpg,landscape/images/img000806.jpg,0,
img000807.jpg,landscape/images/img000807.jpg,0,
img000808.jpg,landscape/images/img000808.jpg,0,
img000809.jpg,landscape/images/img000809.jpg,0,
img000810.jpg,landscape/images/img000810.jpg,0,
img000811.jpg,landscape/images/img000811.jpg,0,
img000812.jpg,landscape/images/img000812.jpg,0,
img000813.jpg,landscape/images/img000813.jpg,0,
img000814.jpg,landscape/images/img000814.jpg,0,
img000815.jpg,landscape/images/img000815.jpg,0,
img000816.jpg,landscape/images/img000816.jpg,0,
img000817.jpg,landscape/images/img000817.jpg,0,
img000818.jpg,landscape/images/img000818.jpg,0,
img000819.jpg,landscape/images/img000819.jpg,0,
img000820.jpg,landscape/images/img000820.jpg,0,
img000821.jpg,landscape/images/img000821.jpg,0,
img000822.jpg,landscape/images/img000822.jpg,0,
img000823.jpg,landscape/images/img000823.jpg,0,
img000824.jpg,landscape/images/img000824.jpg,0,
img000825.jpg,landscape/images/img000825.jpg,0,
img000826.jpg,landscape/images/img000826.jpg,0,
img000827.jpg,landscape/images/img000827.jpg,0,
img000828.jpg,landscape/images/img000828.jpg,0,
img000829.jpg,landscape/images/img000829.jpg,0,
img000830.jpg,landscape/images/img000830.jpg,0,
img000831.jpg,landscape/images/img000831.jpg,0,
img000832.jpg,landscape/images/img000832.jpg,0,
img000833.jpg,landscape/images/img000833.jpg,0,
img000834.jpg,landscape/images/img000834.jpg,0,
img000835.jpg,landscape/images/img000835.jpg,0,
img000836.jpg,landscape/images/img000836.jpg,0,
img000837.jpg,landscape/images/img000837.jpg,0,
img000838.jpg,landscape/images/img000838.jpg,0,
img000839.jpg,landscape/images/img000839.jpg,0,
img000840.jpg,landscape/images/img000840.jpg,0,
img000841.jpg,landscape/images/img000841.jpg,0,
img000842.jpg,landscape/images/img000842.jpg,0,
img000843.jpg,landscape/images/img000843.jpg,0,
img000844.jpg,landscape/images/img000844.jpg,0,
img000845.jpg,landscape/images/img000845.jpg,0,
img000846.jpg,landscape/images/img000846.jpg,0,
img000847.jpg,landscape/images/img000847.jpg,0,
img000848.jpg,landscape/images/img000848.jpg,0,
img000849.jpg,landscape/images/img000849.jpg,0,
img000850.jpg,landscape/images/img000850.jpg,0,
img000851.jpg,landscape/images/img000851.jpg,0,
img000852.jpg,landscape/images/img000852.jpg,0,
img000853.jpg,landscape/images/img000853.jpg,0,
img000854.jpg,landscape/images/img000854.jpg,0,
img000855.jpg,landscape/images/img000855.jpg,0,
img000856.jpg,landscape/images/img000856.jpg,0,
img000857.jpg,landscape/images/img000857.jpg,0,
img000858.jpg,landscape/images/img000858.jpg,0,
img000859.jpg,landscape/images/img000859.jpg,0,
img000860.jpg,landscape/images/img000860.jpg,0,
img000861.jpg,landscape/images/img000861.jpg,0,
img000862.jpg,landscape/images/img000862.jpg,0,
img000863.jpg,landscape/images/img000863.jpg,0,
img000864.jpg,landscape/images/img000864.jpg,0,
img000865.jpg,landscape/images/img000865.jpg,0,
img000866.jpg,landscape/images/img000866.jpg,0,
img000867.jpg,landscape/images/img000867.jpg,0,
img000868.jpg,landscape/images/img000868.jpg,0,
img000869.jpg,landscape/images/img000869.jpg,0,
img000870.jpg,landscape/images/img000870.jpg,0,
img000871.jpg,landscape/images/img000871.jpg,0,
img000872.jpg,landscape/images/img000872.jpg,0,
img000873.jpg,landscape/images/img000873.jpg,0,
img000874.jpg,landscape/images/img000874.jpg,0,
img000875.jpg,landscape/images/img000875.jpg,0,
img000876.jpg,landscape/images/img000876.jpg,0,
img000877.jpg,landscape/images/img000877.jpg,0,
img000878.jpg,landscape/images/img000878.jpg,0,
img000879.jpg,landscape/images/img000879.jpg,0,
img000880.jpg,landscape/images/img000880.jpg,0,
img000881.jpg,landscape/images/img000881.jpg,0,
img000882.jpg,landscape/images/img000882.jpg,0,
img000883.jpg,landscape/images/img000883.jpg,0,
img000884.jpg,landscape/images/img000884.jpg,0,
img000885.jpg,landscape/images/img000885.jpg,0,
img000886.jpg,landscape/images/img000886.jpg,0,
img000887.jpg,landscape/images/img000887.jpg,0,
img000888.jpg,landscape/images/img000888.jpg,0,
img000889.jpg,landscape/images/img000889.jpg,0,
img000890.jpg,landscape/images/img000890.jpg,0,
img000891.jpg,landscape/images/img000891.jpg,0,
img000892.jpg,landscape/images/img000892.jpg,0,
img000893.jpg,landscape/images/img000893.jpg,0,
img000894.jpg,landscape/images/img000894.jpg,0,
img000895.jpg,landscape/images/img000895.jpg,0,
img000896.jpg,landscape/images/img000896.jpg,0,
img000897.jpg,landscape/images/img000897.jpg,0,
img000898.jpg,landscape/images/img000898.jpg,0,
img000899.jpg,landscape/images/img000899.jpg,0,
img000900.jpg,landscape/images/img000900.jpg,0,
img000901.jpg,landscape/images/img000901.jpg,0,
img000902.jpg,landscape/images/img000902.jpg,0,
img000903.jpg,landscape/images/img000903.jpg,0,
img000904.jpg,landscape/images/img000904.jpg,0,
img000905.jpg,landscape/images/img000905.jpg,0,
img000906.jpg,landscape/images/img000906.jpg,0,
img000907.jpg,landscape/images/img000907.jpg,0,
img000908.jpg,landscape/images/img000908.jpg,0,
img000909.jpg,landscape/images/img000909.jpg,0,
img000910.jpg,landscape/images/img000910.jpg,0,
img000911.jpg,landscape/images/img000911.jpg,0,
img000912.jpg,landscape/images/img000912.jpg,0,
img000913.jpg,landscape/images/img000913.jpg,0,
img000914.jpg,landscape/images/img000914.jpg,0,
img000915.jpg,landscape/images/img000915.jpg,0,
img000916.jpg,landscape/images/img000916.jpg,0,
img000917.jpg,landscape/images/img000917.jpg,0,
img000918.jpg,landscape/images/img000918.jpg,0,
img000919.jpg,landscape/images/img000919.jpg,0,
img000920.jpg,landscape/images/img000920.jpg,0,
img000921.jpg,landscape/images/img000921.jpg,0,
img000922.jpg,landscape/images/img000922.jpg,0,
img000923.jpg,landscape/images/img000923.jpg,0,
img000924.jpg,landscape/images/img000924.jpg,0,
img000925.jpg,landscape/images/img000925.jpg,0,
img000926.jpg,landscape/images/img000926.jpg,0,
img000927.jpg,landscape/images/img000927.jpg,0,
img000928.jpg,landscape/images/img000928.jpg,0,
img000929.jpg,landscape/images/img000929.jpg,0,
img000930.jpg,landscape/images/img000930.jpg,0,
img000931.jpg,landscape/images/img000931.jpg,0,
img000932.jpg,landscape/images/img000932.jpg,0,
img000933.jpg,landscape/images/img000933.jpg,0,
img000934.jpg,landscape/images/img000934.jpg,0,
img000935.jpg,landscape/images/img000935.jpg,0,
img000936.jpg,landscape/images/img000936.jpg,0,
img000937.jpg,landscape/images/img000937.jpg,0,
img000938.jpg,landscape/images/img000938.jpg,0,
img000939.jpg,landscape/images/img000939.jpg,0,
img000940.jpg,landscape/images/img000940.jpg,0,
img000941.jpg,landscape/images/img000941.jpg,0,
img000942.jpg,landscape/images/img000942.jpg,0,
img000943.jpg,landscape/images/img000943.jpg,0,
img000944.jpg,landscape/images/img000944.jpg,0,
img000945.jpg,landscape/images/img000945.jpg,0,
img000946.jpg,landscape/images/img000946.jpg,0,
img000947.jpg,landscape/images/img000947.jpg,0,
img000948.jpg,landscape/images/img000948.jpg,0,
img000949.jpg,landscape/images/img000949.jpg,0,
img000950.jpg,landscape/images/img000950.jpg,0,
img000951.jpg,landscape/images/img000951.jpg,0,
img000952.jpg,landscape/images/img000952.jpg,0,
img000953.jpg,landscape/images/img000953.jpg,0,
img000954.jpg,landscape/images/img000954.jpg,0,
img000955.jpg,landscape/images/img000955.jpg,0,
img000956.jpg,landscape/images/img000956.jpg,0,
img000957.jpg,landscape/images/img000957.jpg,0,
img000958.jpg,landscape/images/img000958.jpg,0,
img000959.jpg,landscape/images/img000959.jpg,0,
img000960.jpg,landscape/images/img000960.jpg,0,
img000961.jpg,landscape/images/img000961.jpg,0,
img000962.jpg,landscape/images/img000962.jpg,0,
img000963.jpg,landscape/images/img000963.jpg,0,
img000964.jpg,landscape/images/img000964.jpg,0,
img000965.jpg,landscape/images/img000965.jpg,0,
img000966.jpg,landscape/images/img000966.jpg,0,
img000967.jpg,landscape/images/img000967.jpg,0,
img000968.jpg,landscape/images/img000968.jpg,0,
img000969.jpg,landscape/images/img000969.jpg,0,
img000970.jpg,landscape/images/img000970.jpg,0,
img000971.jpg,landscape/images/img000971.jpg,0,
img000972.jpg,landscape/images/img000972.jpg,0,
img000973.jpg,landscape/images/img000973.jpg,0,
img000974.jpg,landscape/images/img000974.jpg,0,
img000975.jpg,landscape/images/img000975.jpg,0,
img000976.jpg,landscape/images/img000976.jpg,0,
img000977.jpg,landscape/images/img000977.jpg,0,
img000978.jpg,landscape/images/img000978.jpg,0,
img000979.jpg,landscape/images/img000979.jpg,0,
img000980.jpg,landscape/images/img000980.jpg,0,
img000981.jpg,landscape/images/img000981.jpg,0,
img000982.jpg,landscape/images/img000982.jpg,0,
img000983.jpg,landscape/images/img000983.jpg,0,
img000984.jpg,landscape/images/img000984.jpg,0,
img000985.jpg,landscape/images/img000985.jpg,0,
img000986.jpg,landscape/images/img000986.jpg,0,
img000987.jpg,landscape/images/img000987.jpg,0,
img000988.jpg,landscape/images/img000988.jpg,0,
img000989.jpg,landscape/images/img000989.jpg,0,
img000990.jpg,landscape/images/img000990.jpg,0,
img000991.jpg,landscape/images/img000991.jpg,0,
img000992.jpg,landscape/images/img000992.jpg,0,
img000993.jpg,landscape/images/img000993.jpg,0,
img000994.jpg,landscape/images/img000994.jpg,0,
img000995.jpg,landscape/images/img000995.jpg,0,
img000996.jpg,landscape/images/img000996.jpg,0,
img000997.jpg,landscape/images/img000997.jpg,0,
img000998.jpg,landscape/images/img000998.jpg,0,
img000999.jpg,landscape/images/img000999.jpg,0,
img001000.jpg,landscape/images/img001000.jpg,0,
img001001.jpg,landscape/images/img001001.jpg,0,
img001002.jpg,landscape/images/img001002.jpg,0,
img001003.jpg,landscape/images/img001003.jpg,0,
img001004.jpg,landscape/images/img001004.jpg,0,
img001005.jpg,landscape/images/img001005.jpg,0,
img001006.jpg,landscape/images/img001006.jpg,0,
img001007.jpg,landscape/images/img001007.jpg,0,
img001008.jpg,landscape/images/img001008.jpg,0,
img001009.jpg,landscape/images/img001009.jpg,0,
img001010.jpg,landscape/images/img001010.jpg,0,
img001011.jpg,landscape/images/img001011.jpg,0,
img001012.jpg,landscape/images/img001012.jpg,0,
img001013.jpg,landscape/images/img001013.jpg,0,
img001014.jpg,landscape/images/img001014.jpg,0,
img001015.jpg,landscape/images/img001015.jpg,0,
img001016.jpg,landscape/images/img001016.jpg,0,
img001017.jpg,landscape/images/img001017.jpg,0,
img001018.jpg,landscape/images/img001018.jpg,0,
img001019.jpg,landscape/images/img001019.jpg,0,
img001020.jpg,landscape/images/img001020.jpg,0,
img001021.jpg,landscape/images/img001021.jpg,0,
img001022.jpg,landscape/images/img001022.jpg,0,
img001023.jpg,landscape/images/img001023.jpg,0,
img001024.jpg,landscape/images/img001024.jpg,0,
img001025.jpg,landscape/images/img001025.jpg,0,
img001026.jpg,landscape/images/img001026.jpg,0,
img001027.jpg,landscape/images/img001027.jpg,0,
img001028.jpg,landscape/images/img001028.jpg,0,
img001029.jpg,landscape/images/img001029.jpg,0,
img001030.jpg,landscape/images/img001030.jpg,0,
img001031.jpg,landscape/images/img001031.jpg,0,
img001032.jpg,landscape/images/img001032.jpg,0,
img001033.jpg,landscape/images/img001033.jpg,0,
img001034.jpg,landscape/images/img001034.jpg,0,
img001035.jpg,landscape/images/img001035.jpg,0,
img001036.jpg,landscape/images/img001036.jpg,0,
img001037.jpg,landscape/images/img001037.jpg,0,
img001038.jpg,landscape/images/img001038.jpg,0,
img001039.jpg,landscape/images/img001039.jpg,0,
img001040.jpg,landscape/images/img001040.jpg,0,
img001041.jpg,landscape/images/img001041.jpg,0,
img001042.jpg,landscape/images/img001042.jpg,0,
img001043.jpg,landscape/images/img001043.jpg,0,
img001044.jpg,landscape/images/img001044.jpg,0,
img001045.jpg,landscape/images/img001045.jpg,0,
img001046.jpg,landscape/images/img001046.jpg,0,
img001047.jpg,landscape/images/img001047.jpg,0,
img001048.jpg,landscape/images/img001048.jpg,0,
img001049.jpg,landscape/images/img001049.jpg,0,
img001050.jpg,landscape/images/img001050.jpg,0,
img001051.jpg,landscape/images/img001051.jpg,0,
img001052.jpg,landscape/images/img001052.jpg,0,
img001053.jpg,landscape/images/img001053.jpg,0,
img001054.jpg,landscape/images/img001054.jpg,0,
img001055.jpg,landscape/images/img001055.jpg,0,
img001056.jpg,landscape/images/img001056.jpg,0,
img001057.jpg,landscape/images/img001057.jpg,0,
img001058.jpg,landscape/images/img001058.jpg,0,
img001059.jpg,landscape/images/img001059.jpg,0,
img001060.jpg,landscape/images/img001060.jpg,0,
img001061.jpg,landscape/images/img001061.jpg,0,
img001062.jpg,landscape/images/img001062.jpg,0,
img001063.jpg,landscape/images/img001063.jpg,0,
img001064.jpg,landscape/images/img001064.jpg,0,
img001065.jpg,landscape/images/img001065.jpg,0,
img001066.jpg,landscape/images/img001066.jpg,0,
img001067.jpg,landscape/images/img001067.jpg,0,
img001068.jpg,landscape/images/img001068.jpg,0,
img001069.jpg,landscape/images/img001069.jpg,0,
img001070.jpg,landscape/images/img001070.jpg,0,
img001071.jpg,landscape/images/img001071.jpg,0,
img001072.jpg,landscape/images/img001072.jpg,0,
img001073.jpg,landscape/images/img001073.jpg,0,
img001074.jpg,landscape/images/img001074.jpg,0,
img001075.jpg,landscape/images/img001075.jpg,0,
img001076.jpg,landscape/images/img001076.jpg,0,
img001077.jpg,landscape/images/img001077.jpg,0,
img001078.jpg,landscape/images/img001078.jpg,0,
img001079.jpg,landscape/images/img001079.jpg,0,
img001080.jpg,landscape/images/img001080.jpg,0,
img001081.jpg,landscape/images/img001081.jpg,0,
img001082.jpg,landscape/images/img001082.jpg,0,
img001083.jpg,landscape/images/img001083.jpg,0,
img001084.jpg,landscape/images/img001084.jpg,0,
img001085.jpg,landscape/images/img001085.jpg,0,
img001086.jpg,landscape/images/img001086.jpg,0,
img001087.jpg,landscape/images/img001087.jpg,0,
img001088.jpg,landscape/images/img001088.jpg,0,
img001089.jpg,landscape/images/img001089.jpg,0,
img001090.jpg,landscape/images/img001090.jpg,0,
img001091.jpg,landscape/images/img001091.jpg,0,
img001092.jpg,landscape/images/img001092.jpg,0,
img001093.jpg,landscape/images/img001093.jpg,0,
img001094.jpg,landscape/images/img001094.jpg,0,
img001095.jpg,landscape/images/img001095.jpg,0,
img001096.jpg,landscape/images/img001096.jpg,0,
img001097.jpg,landscape/images/img001097.jpg,0,
img001098.jpg,landscape/images/img001098.jpg,0,
img001099.jpg,landscape/images/img001099.jpg,0,
img001100.jpg,landscape/images/img001100.jpg,0,
img001101.jpg,landscape/images/img001101.jpg,0,
img001102.jpg,landscape/images/img001102.jpg,0,
img001103.jpg,landscape/images/img001103.jpg,0,
img001104.jpg,landscape/images/img001104.jpg,0,
img001105.jpg,landscape/images/img001105.jpg,0,
img001106.jpg,landscape/images/img001106.jpg,0,
img001107.jpg,landscape/images/img001107.jpg,0,
img001108.jpg,landscape/images/img001108.jpg,0,
img001109.jpg,landscape/images/img001109.jpg,0,
img001110.jpg,landscape/images/img001110.jpg,0,
img001111.jpg,landscape/images/img001111.jpg,0,
img001112.jpg,landscape/images/img001112.jpg,0,
img001113.jpg,landscape/images/img001113.jpg,0,
img001114.jpg,landscape/images/img001114.jpg,0,
img001115.jpg,landscape/images/img001115.jpg,0,
img001116.jpg,landscape/images/img001116.jpg,0,
img001117.jpg,landscape/images/img001117.jpg,0,
img001118.jpg,landscape/images/img001118.jpg,0,
img001119.jpg,landscape/images/img001119.jpg,0,
img001120.jpg,landscape/images/img001120.jpg,0,
img001121.jpg,landscape/images/img001121.jpg,0,
img001122.jpg,landscape/images/img001122.jpg,0,
img001123.jpg,landscape/images/img001123.jpg,0,
img001124.jpg,landscape/images/img001124.jpg,0,
img001125.jpg,landscape/images/img001125.jpg,0,
img001126.jpg,landscape/images/img001126.jpg,0,
img001127.jpg,landscape/images/img001127.jpg,0,
img001128.jpg,landscape/images/img001128.jpg,0,
img001129.jpg,landscape/images/img001129.jpg,0,
img001130.jpg,landscape/images/img001130.jpg,0,
img001131.jpg,landscape/images/img001131.jpg,0,
img001132.jpg,landscape/images/img001132.jpg,0,
img001133.jpg,landscape/images/img001133.jpg,0,
img001134.jpg,landscape/images/img001134.jpg,0,
img001135.jpg,landscape/images/img001135.jpg,0,
img001136.jpg,landscape/images/img001136.jpg,0,
img001137.jpg,landscape/images/img001137.jpg,0,
img001138.jpg,landscape/images/img001138.jpg,0,
img001139.jpg,landscape/images/img001139.jpg,0,
img001140.jpg,landscape/images/img001140.jpg,0,
img001141.jpg,landscape/images/img001141.jpg,0,
img001142.jpg,landscape/images/img001142.jpg,0,
img001143.jpg,landscape/images/img001143.jpg,0,
img001144.jpg,landscape/images/img001144.jpg,0,
img001145.jpg,landscape/images/img001145.jpg,0,
img001146.jpg,landscape/images/img001146.jpg,0,
img001147.jpg,landscape/images/img001147.jpg,0,
img001148.jpg,landscape/images/img001148.jpg,0,
img001149.jpg,landscape/images/img001149.jpg,0,
img001150.jpg,landscape/images/img001150.jpg,0,
img001151.jpg,landscape/images/img001151.jpg,0,
img001152.jpg,landscape/images/img001152.jpg,0,
img001153.jpg,landscape/images/img001153.jpg,0,
img001154.jpg,landscape/images/img001154.jpg,0,
img001155.jpg,landscape/images/img001155.jpg,0,
img001156.jpg,landscape/images/img001156.jpg,0,
img001157.jpg,landscape/images/img001157.jpg,0,
img001158.jpg,landscape/images/img001158.jpg,0,
img001159.jpg,landscape/images/img001159.jpg,0,
img001160.jpg,landscape/images/img001160.jpg,0,
img001161.jpg,landscape/images/img001161.jpg,0,
img001162.jpg,landscape/images/img001162.jpg,0,
img001163.jpg,landscape/images/img001163.jpg,0,
img001164.jpg,landscape/images/img001164.jpg,0,
img001165.jpg,landscape/images/img001165.jpg,0,
img001166.jpg,landscape/images/img001166.jpg,0,
img001167.jpg,landscape/images/img001167.jpg,0,
img001168.jpg,landscape/images/img001168.jpg,0,
img001169.jpg,landscape/images/img001169.jpg,0,
img001170.jpg,landscape/images/img001170.jpg,0,
img001171.jpg,landscape/images/img001171.jpg,0,
img001172.jpg,landscape/images/img001172.jpg,0,
img001173.jpg,landscape/images/img001173.jpg,0,
img001174.jpg,landscape/images/img001174.jpg,0,
img001175.jpg,landscape/images/img001175.jpg,0,
img001176.jpg,landscape/images/img001176.jpg,0,
img001177.jpg,landscape/images/img001177.jpg,0,
img001178.jpg,landscape/images/img001178.jpg,0,
img001179.jpg,landscape/images/img001179.jpg,0,
img001180.jpg,landscape/images/img001180.jpg,0,
img001181.jpg,landscape/images/img001181.jpg,0,
img001182.jpg,landscape/images/img001182.jpg,0,
img001183.jpg,landscape/images/img001183.jpg,0,
img001184.jpg,landscape/images/img001184.jpg,0,
img001185.jpg,landscape/images/img001185.jpg,0,
img001186.jpg,landscape/images/img001186.jpg,0,
img001187.jpg,landscape/images/img001187.jpg,0,
img001188.jpg,landscape/images/img001188.jpg,0,
img001189.jpg,landscape/images/img001189.jpg,0,
img001190.jpg,landscape/images/img001190.jpg,0,
img001191.jpg,landscape/images/img001191.jpg,0,
img001192.jpg,landscape/images/img001192.jpg,0,
img001193.jpg,landscape/images/img001193.jpg,0,
img001194.jpg,landscape/images/img001194.jpg,0,
img001195.jpg,landscape/images/img001195.jpg,0,
img001196.jpg,landscape/images/img001196.jpg,0,
img001197.jpg,landscape/images/img001197.jpg,0,
img001198.jpg,landscape/images/img001198.jpg,0,
img001199.jpg,landscape/images/img001199.jpg,0,
img001200.jpg,landscape/images/img001200.jpg,0,
img001201.jpg,landscape/images/img001201.jpg,0,
img001202.jpg,landscape/images/img001202.jpg,0,
img001203.jpg,landscape/images/img001203.jpg,0,
img001204.jpg,landscape/images/img001204.jpg,0,
img001205.jpg,landscape/images/img001205.jpg,0,
img001206.jpg,landscape/images/img001206.jpg,0,
img001207.jpg,landscape/images/img001207.jpg,0,
img001208.jpg,landscape/images/img001208.jpg,0,
img001209.jpg,landscape/images/img001209.jpg,0,
img001210.jpg,landscape/images/img001210.jpg,0,
img001211.jpg,landscape/images/img001211.jpg,0,
img001212.jpg,landscape/images/img001212.jpg,0,
img001213.jpg,landscape/images/img001213.jpg,0,
img001214.jpg,landscape/images/img001214.jpg,0,
img001215.jpg,landscape/images/img001215.jpg,0,
img001216.jpg,landscape/images/img001216.jpg,0,
img001217.jpg,landscape/images/img001217.jpg,0,
img001218.jpg,landscape/images/img001218.jpg,0,
img001219.jpg,landscape/images/img001219.jpg,0,
img001220.jpg,landscape/images/img001220.jpg,0,
img001221.jpg,landscape/images/img001221.jpg,0,
img001222.jpg,landscape/images/img001222.jpg,0,
img001223.jpg,landscape/images/img001223.jpg,0,
img001224.jpg,landscape/images/img001224.jpg,0,
img001225.jpg,landscape/images/img001225.jpg,0,
img001226.jpg,landscape/images/img001226.jpg,0,
img001227.jpg,landscape/images/img001227.jpg,0,
img001228.jpg,landscape/images/img001228.jpg,0,
img001229.jpg,landscape/images/img001229.jpg,0,
img001230.jpg,landscape/images/img001230.jpg,0,
img001231.jpg,landscape/images/img001231.jpg,0,
img001232.jpg,landscape/images/img001232.jpg,0,
img001233.jpg,landscape/images/img001233.jpg,0,
img001234.jpg,landscape/images/img001234.jpg,0,
img001235.jpg,landscape/images/img001235.jpg,0,
img001236.jpg,landscape/images/img001236.jpg,0,
img001237.jpg,landscape/images/img001237.jpg,0,
img001238.jpg,landscape/images/img001238.jpg,0,
img001239.jpg,landscape/images/img001239.jpg,0,
img001240.jpg,landscape/images/img001240.jpg,0,
img001241.jpg,landscape/images/img001241.jpg,0,
img001242.jpg,landscape/images/img001242.jpg,0,
img001243.jpg,landscape/images/img001243.jpg,0,
img001244.jpg,landscape/images/img001244.jpg,0,
img001245.jpg,landscape/images/img001245.jpg,0,
img001246.jpg,landscape/images/img001246.jpg,0,
img001247.jpg,landscape/images/img001247.jpg,0,
img001248.jpg,landscape/images/img001248.jpg,0,
img001249.jpg,landscape/images/img001249.jpg,0,
img001250.jpg,landscape/images/img001250.jpg,0,
img001251.jpg,landscape/images/img001251.jpg,0,
img001252.jpg,landscape/images/img001252.jpg,0,
img001253.jpg,landscape/images/img001253.jpg,0,
img001254.jpg,landscape/images/img001254.jpg,0,
img001255.jpg,landscape/images/img001255.jpg,0,
img001256.jpg,landscape/images/img001256.jpg,0,
img001257.jpg,landscape/images/img001257.jpg,0,
img001258.jpg,landscape/images/img001258.jpg,0,
img001259.jpg,landscape/images/img001259.jpg,0,
img001260.jpg,landscape/images/img001260.jpg,0,
img001261.jpg,landscape/images/img001261.jpg,0,
img001262.jpg,landscape/images/img001262.jpg,0,
img001263.jpg,landscape/images/img001263.jpg,0,
img001264.jpg,landscape/images/img001264.jpg,0,
img001265.jpg,landscape/images/img001265.jpg,0,
img001266.jpg,landscape/images/img001266.jpg,0,
img001267.jpg,landscape/images/img001267.jpg,0,
img001268.jpg,landscape/images/img001268.jpg,0,
img001269.jpg,landscape/images/img001269.jpg,0,
img001270.jpg,landscape/images/img001270.jpg,0,
img001271.jpg,landscape/images/img001271.jpg,0,
img001272.jpg,landscape/images/img001272.jpg,0,
img001273.jpg,landscape/images/img001273.jpg,0,
img001274.jpg,landscape/images/img001274.jpg,0,
img001275.jpg,landscape/images/img001275.jpg,0,
img001276.jpg,landscape/images/img001276.jpg,0,
img001277.jpg,landscape/images/img001277.jpg,0,
img001278.jpg,landscape/images/img001278.jpg,0,
img001279.jpg,landscape/images/img001279.jpg,0,
img001280.jpg,landscape/images/img001280.jpg,0,
img001281.jpg,landscape/images/img001281.jpg,0,
img001282.jpg,landscape/images/img001282.jpg,0,
img001283.jpg,landscape/images/img001283.jpg,0,
img001284.jpg,landscape/images/img001284.jpg,0,
img001285.jpg,landscape/images/img001285.jpg,0,
img001286.jpg,landscape/images/img001286.jpg,0,
img001287.jpg,landscape/images/img001287.jpg,0,
img001288.jpg,landscape/images/img001288.jpg,0,
img001289.jpg,landscape/images/img001289.jpg,0,
img001290.jpg,landscape/images/img001290.jpg,0,
img001291.jpg,landscape/images/img001291.jpg,0,
img001292.jpg,landscape/images/img001292.jpg,0,
img001293.jpg,landscape/images/img001293.jpg,0,
img001294.jpg,landscape/images/img001294.jpg,0,
img001295.jpg,landscape/images/img001295.jpg,0,
img001296.jpg,landscape/images/img001296.jpg,0,
img001297.jpg,landscape/images/img001297.jpg,0,
img001298.jpg,landscape/images/img001298.jpg,0,
img001299.jpg,landscape/images/img001299.jpg,0,
img001300.jpg,landscape/images/img001300.jpg,0,
img001301.jpg,landscape/images/img001301.jpg,0,
img001302.jpg,landscape/images/img001302.jpg,0,
img001303.jpg,landscape/images/img001303.jpg,0,
img001304.jpg,landscape/images/img001304.jpg,0,
img001305.jpg,landscape/images/img001305.jpg,0,
img001306.jpg,landscape/images/img001306.jpg,0,
img001307.jpg,landscape/images/img001307.jpg,0,
img001308.jpg,landscape/images/img001308.jpg,0,
img001309.jpg,landscape/images/img001309.jpg,0,
img001310.jpg,landscape/images/img001310.jpg,0,
img001311.jpg,landscape/images/img001311.jpg,0,
img001312.jpg,landscape/images/img001312.jpg,0,
img001313.jpg,landscape/images/img001313.jpg,0,
img001314.jpg,landscape/images/img001314.jpg,0,
img001315.jpg,landscape/images/img001315.jpg,0,
img001316.jpg,landscape/images/img001316.jpg,0,
img001317.jpg,landscape/images/img001317.jpg,0,
img001318.jpg,landscape/images/img001318.jpg,0,
img001319.jpg,landscape/images/img001319.jpg,0,
img001320.jpg,landscape/images/img001320.jpg,0,
img001321.jpg,landscape/images/img001321.jpg,0,
img001322.jpg,landscape/images/img001322.jpg,0,
img001323.jpg,landscape/images/img001323.jpg,0,
img001324.jpg,landscape/images/img001324.jpg,0,
img001325.jpg,landscape/images/img001325.jpg,0,
img001326.jpg,landscape/images/img001326.jpg,0,
img001327.jpg,landscape/images/img001327.jpg,0,
img001328.jpg,landscape/images/img001328.jpg,0,
img001329.jpg,landscape/images/img001329.jpg,0,
img001330.jpg,landscape/images/img001330.jpg,0,
img001331.jpg,landscape/images/img001331.jpg,0,
img001332.jpg,landscape/images/img001332.jpg,0,
img001333.jpg,landscape/images/img001333.jpg,0,
img001334.jpg,landscape/images/img001334.jpg,0,
img001335.jpg,landscape/images/img001335.jpg,0,
img001336.jpg,landscape/images/img001336.jpg,0,
img001337.jpg,landscape/images/img001337.jpg,0,
img001338.jpg,landscape/images/img001338.jpg,0,
img001339.jpg,landscape/images/img001339.jpg,0,
img001340.jpg,landscape/images/img001340.jpg,0,
img001341.jpg,landscape/images/img001341.jpg,0,
img001342.jpg,landscape/images/img001342.jpg,0,
img001343.jpg,landscape/images/img001343.jpg,0,
img001344.jpg,landscape/images/img001344.jpg,0,
img001345.jpg,landscape/images/img001345.jpg,0,
img001346.jpg,landscape/images/img001346.jpg,0,
img001347.jpg,landscape/images/img001347.jpg,0,
img001348.jpg,landscape/images/img001348.jpg,0,
img001349.jpg,landscape/images/img001349.jpg,0,
img001350.jpg,landscape/images/img001350.jpg,0,
img001351.jpg,landscape/images/img001351.jpg,0,
img001352.jpg,landscape/images/img001352.jpg,0,
img001353.jpg,landscape/images/img001353.jpg,0,
img001354.jpg,landscape/images/img001354.jpg,0,
img001355.jpg,landscape/images/img001355.jpg,0,
img001356.jpg,landscape/images/img001356.jpg,0,
img001357.jpg,landscape/images/img001357.jpg,0,
img001358.jpg,landscape/images/img001358.jpg,0,
img001359.jpg,landscape/images/img001359.jpg,0,
img001360.jpg,landscape/images/img001360.jpg,0,
img001361.jpg,landscape/images/img001361.jpg,0,
img001362.jpg,landscape/images/img001362.jpg,0,
img001363.jpg,landscape/images/img001363.jpg,0,
img001364.jpg,landscape/images/img001364.jpg,0,
img001365.jpg,landscape/images/img001365.jpg,0,
img001366.jpg,landscape/images/img001366.jpg,0,
img001367.jpg,landscape/images/img001367.jpg,0,
img001368.jpg,landscape/images/img001368.jpg,0,
img001369.jpg,landscape/images/img001369.jpg,0,
img001370.jpg,landscape/images/img001370.jpg,0,
img001371.jpg,landscape/images/img001371.jpg,0,
img001372.jpg,landscape/images/img001372.jpg,0,
img001373.jpg,landscape/images/img001373.jpg,0,
img001374.jpg,landscape/images/img001374.jpg,0,
img001375.jpg,landscape/images/img001375.jpg,0,
img001376.jpg,landscape/images/img001376.jpg,0,
img001377.jpg,landscape/images/img001377.jpg,0,
img001378.jpg,landscape/images/img001378.jpg,0,
img001379.jpg,landscape/images/img001379.jpg,0,
img001380.jpg,landscape/images/img001380.jpg,0,
img001381.jpg,landscape/images/img001381.jpg,0,
img001382.jpg,landscape/images/img001382.jpg,0,
img001383.jpg,landscape/images/img001383.jpg,0,
img001384.jpg,landscape/images/img001384.jpg,0,
img001385.jpg,landscape/images/img001385.jpg,0,
img001386.jpg,landscape/images/img001386.jpg,0,
img001387.jpg,landscape/images/img001387.jpg,0,
img001388.jpg,landscape/images/img001388.jpg,0,
img001389.jpg,landscape/images/img001389.jpg,0,
img001390.jpg,landscape/images/img001390.jpg,0,
img001391.jpg,landscape/images/img001391.jpg,0,
img001392.jpg,landscape/images/img001392.jpg,0,
img001393.jpg,landscape/images/img001393.jpg,0,
img001394.jpg,landscape/images/img001394.jpg,0,
img001395.jpg,landscape/images/img001395.jpg,0,
img001396.jpg,landscape/images/img001396.jpg,0,
img001397.jpg,landscape/images/img001397.jpg,0,
img001398.jpg,landscape/images/img001398.jpg,0,
img001399.jpg,landscape/images/img001399.jpg,0,
img001400.jpg,landscape/images/img001400.jpg,0,
img001401.jpg,landscape/images/img001401.jpg,0,
img001402.jpg,landscape/images/img001402.jpg,0,
img001403.jpg,landscape/images/img001403.jpg,0,
img001404.jpg,landscape/images/img001404.jpg,0,
img001405.jpg,landscape/images/img001405.jpg,0,
img001406.jpg,landscape/images/img001406.jpg,0,
img001407.jpg,landscape/images/img001407.jpg,0,
img001408.jpg,landscape/images/img001408.jpg,0,
img001409.jpg,landscape/images/img001409.jpg,0,
img001410.jpg,landscape/images/img001410.jpg,0,
img001411.jpg,landscape/images/img001411.jpg,0,
img001412.jpg,landscape/images/img001412.jpg,0,
img001413.jpg,landscape/images/img001413.jpg,0,
img001414.jpg,landscape/images/img001414.jpg,0,
img001415.jpg,landscape/images/img001415.jpg,0,
img001416.jpg,landscape/images/img001416.jpg,0,
img001417.jpg,landscape/images/img001417.jpg,0,
img001418.jpg,landscape/images/img001418.jpg,0,
img001419.jpg,landscape/images/img001419.jpg,0,
img001420.jpg,landscape/images/img001420.jpg,0,
img001421.jpg,landscape/images/img001421.jpg,0,
img001422.jpg,landscape/images/img001422.jpg,0,
img001423.jpg,landscape/images/img001423.jpg,0,
img001424.jpg,landscape/images/img001424.jpg,0,
img001425.jpg,landscape/images/img001425.jpg,0,
img001426.jpg,landscape/images/img001426.jpg,0,
img001427.jpg,landscape/images/img001427.jpg,0,
img001428.jpg,landscape/images/img001428.jpg,0,
img001429.jpg,landscape/images/img001429.jpg,0,
img001430.jpg,landscape/images/img001430.jpg,0,
img001431.jpg,landscape/images/img001431.jpg,0,
img001432.jpg,landscape/images/img001432.jpg,0,
img001433.jpg,landscape/images/img001433.jpg,0,
img001434.jpg,landscape/images/img001434.jpg,0,
img001435.jpg,landscape/images/img001435.jpg,0,
img001436.jpg,landscape/images/img001436.jpg,0,
img001437.jpg,landscape/images/img001437.jpg,0,
img001438.jpg,landscape/images/img001438.jpg,0,
img001439.jpg,landscape/images/img001439.jpg,0,
img001440.jpg,landscape/images/img001440.jpg,0,
img001441.jpg,landscape/images/img001441.jpg,0,
img001442.jpg,landscape/images/img001442.jpg,0,
img001443.jpg,landscape/images/img001443.jpg,0,
img001444.jpg,landscape/images/img001444.jpg,0,
img001445.jpg,landscape/images/img001445.jpg,0,
img001446.jpg,landscape/images/img001446.jpg,0,
img001447.jpg,landscape/images/img001447.jpg,0,
img001448.jpg,landscape/images/img001448.jpg,0,
img001449.jpg,landscape/images/img001449.jpg,0,
img001450.jpg,landscape/images/img001450.jpg,0,
img001451.jpg,landscape/images/img001451.jpg,0,
img001452.jpg,landscape/images/img001452.jpg,0,
img001453.jpg,landscape/images/img001453.jpg,0,
img001454.jpg,landscape/images/img001454.jpg,0,
img001455.jpg,landscape/images/img001455.jpg,0,
img001456.jpg,landscape/images/img001456.jpg,0,
img001457.jpg,landscape/images/img001457.jpg,0,
img001458.jpg,landscape/images/img001458.jpg,0,
img001459.jpg,landscape/images/img001459.jpg,0,
img001460.jpg,landscape/images/img001460.jpg,0,
img001461.jpg,landscape/images/img001461.jpg,0,
img001462.jpg,landscape/images/img001462.jpg,0,
img001463.jpg,landscape/images/img001463.jpg,0,
img001464.jpg,landscape/images/img001464.jpg,0,
img001465.jpg,landscape/images/img001465.jpg,0,
img001466.jpg,landscape/images/img001466.jpg,0,
img001467.jpg,landscape/images/img001467.jpg,0,
img001468.jpg,landscape/images/img001468.jpg,0,
img001469.jpg,landscape/images/img001469.jpg,0,
img001470.jpg,landscape/images/img001470.jpg,0,
img001471.jpg,landscape/images/img001471.jpg,0,
img001472.jpg,landscape/images/img001472.jpg,0,
img001473.jpg,landscape/images/img001473.jpg,0,
img001474.jpg,landscape/images/img001474.jpg,0,
img001475.jpg,landscape/images/img001475.jpg,0,
img001476.jpg,landscape/images/img001476.jpg,0,
img001477.jpg,landscape/images/img001477.jpg,0,
img001478.jpg,landscape/images/img001478.jpg,0,
img001479.jpg,landscape/images/img001479.jpg,0,
img001480.jpg,landscape/images/img001480.jpg,0,
img001481.jpg,landscape/images/img001481.jpg,0,
img001482.jpg,landscape/images/img001482.jpg,0,
img001483.jpg,landscape/images/img001483.jpg,0,
img001484.jpg,landscape/images/img001484.jpg,0,
img001485.jpg,landscape/images/img001485.jpg,0,
img001486.jpg,landscape/images/img001486.jpg,0,
img001487.jpg,landscape/images/img001487.jpg,0,
img001488.jpg,landscape/images/img001488.jpg,0,
img001489.jpg,landscape/images/img001489.jpg,0,
img001490.jpg,landscape/images/img001490.jpg,0,
img001491.jpg,landscape/images/img001491.jpg,0,
img001492.jpg,landscape/images/img001492.jpg,0,
img001493.jpg,landscape/images/img001493.jpg,0,
img001494.jpg,landscape/images/img001494.jpg,0,
img001495.jpg,landscape/images/img001495.jpg,0,
img001496.jpg,landscape/images/img001496.jpg,0,
img001497.jpg,landscape/images/img001497.jpg,0,
img001498.jpg,landscape/images/img001498.jpg,0,
img001499.jpg,landscape/images/img001499.jpg,0,
img001500.jpg,landscape/images/img001500.jpg,0,
img001501.jpg,landscape/images/img001501.jpg,0,
img001502.jpg,landscape/images/img001502.jpg,0,
img001503.jpg,landscape/images/img001503.jpg,0,
img001504.jpg,landscape/images/img001504.jpg,0,
img001505.jpg,landscape/images/img001505.jpg,0,
img001506.jpg,landscape/images/img001506.jpg,0,
img001507.jpg,landscape/images/img001507.jpg,0,
img001508.jpg,landscape/images/img001508.jpg,0,
img001509.jpg,landscape/images/img001509.jpg,0,
img001510.jpg,landscape/images/img001510.jpg,0,
img001511.jpg,landscape/images/img001511.jpg,0,
img001512.jpg,landscape/images/img001512.jpg,0,
img001513.jpg,landscape/images/img001513.jpg,0,
img001514.jpg,landscape/images/img001514.jpg,0,
img001515.jpg,landscape/images/img001515.jpg,0,
img001516.jpg,landscape/images/img001516.jpg,0,
img001517.jpg,landscape/images/img001517.jpg,0,
img001518.jpg,landscape/images/img001518.jpg,0,
img001519.jpg,landscape/images/img001519.jpg,0,
img001520.jpg,landscape/images/img001520.jpg,0,
img001521.jpg,landscape/images/img001521.jpg,0,
img001522.jpg,landscape/images/img001522.jpg,0,
img001523.jpg,landscape/images/img001523.jpg,0,
img001524.jpg,landscape/images/img001524.jpg,0,
img001525.jpg,landscape/images/img001525.jpg,0,
img001526.jpg,landscape/images/img001526.jpg,0,
img001527.jpg,landscape/images/img001527.jpg,0,
img001528.jpg,landscape/images/img001528.jpg,0,
img001529.jpg,landscape/images/img001529.jpg,0,
img001530.jpg,landscape/images/img001530.jpg,0,
img001531.jpg,landscape/images/img001531.jpg,0,
img001532.jpg,landscape/images/img001532.jpg,0,
img001533.jpg,landscape/images/img001533.jpg,0,
img001534.jpg,landscape/images/img001534.jpg,0,
img001535.jpg,landscape/images/img001535.jpg,0,
img001536.jpg,landscape/images/img001536.jpg,0,
img001537.jpg,landscape/images/img001537.jpg,0,
img001538.jpg,landscape/images/img001538.jpg,0,
img001539.jpg,landscape/images/img001539.jpg,0,
img001540.jpg,landscape/images/img001540.jpg,0,
img001541.jpg,landscape/images/img001541.jpg,0,
img001542.jpg,landscape/images/img001542.jpg,0,
img001543.jpg,landscape/images/img001543.jpg,0,
img001544.jpg,landscape/images/img001544.jpg,0,
img001545.jpg,landscape/images/img001545.jpg,0,
img001546.jpg,landscape/images/img001546.jpg,0,
img001547.jpg,landscape/images/img001547.jpg,0,
img001548.jpg,landscape/images/img001548.jpg,0,
img001549.jpg,landscape/images/img001549.jpg,0,
img001550.jpg,landscape/images/img001550.jpg,0,
img001551.jpg,landscape/images/img001551.jpg,0,
img001552.jpg,landscape/images/img001552.jpg,0,
img001553.jpg,landscape/images/img001553.jpg,0,
img001554.jpg,landscape/images/img001554.jpg,0,
img001555.jpg,landscape/images/img001555.jpg,0,
img001556.jpg,landscape/images/img001556.jpg,0,
img001557.jpg,landscape/images/img001557.jpg,0,
img001558.jpg,landscape/images/img001558.jpg,0,
img001559.jpg,landscape/images/img001559.jpg,0,
img001560.jpg,landscape/images/img001560.jpg,0,
img001561.jpg,landscape/images/img001561.jpg,0,
img001562.jpg,landscape/images/img001562.jpg,0,
img001563.jpg,landscape/images/img001563.jpg,0,
img001564.jpg,landscape/images/img001564.jpg,0,
img001565.jpg,landscape/images/img001565.jpg,0,
img001566.jpg,landscape/images/img001566.jpg,0,
img001567.jpg,landscape/images/img001567.jpg,0,
img001568.jpg,landscape/images/img001568.jpg,0,
img001569.jpg,landscape/images/img001569.jpg,0,
img001570.jpg,landscape/images/img001570.jpg,0,
img001571.jpg,landscape/images/img001571.jpg,0,
img001572.jpg,landscape/images/img001572.jpg,0,
img001573.jpg,landscape/images/img001573.jpg,0,
img001574.jpg,landscape/images/img001574.jpg,0,
img001575.jpg,landscape/images/img001575.jpg,0,
img001576.jpg,landscape/images/img001576.jpg,0,
img001577.jpg,landscape/images/img001577.jpg,0,
img001578.jpg,landscape/images/img001578.jpg,0,
img001579.jpg,landscape/images/img001579.jpg,0,
img001580.jpg,landscape/images/img001580.jpg,0,
img001581.jpg,landscape/images/img001581.jpg,0,
img001582.jpg,landscape/images/img001582.jpg,0,
img001583.jpg,landscape/images/img001583.jpg,0,
img001584.jpg,landscape/images/img001584.jpg,0,
img001585.jpg,landscape/images/img001585.jpg,0,
img001586.jpg,landscape/images/img001586.jpg,0,
img001587.jpg,landscape/images/img001587.jpg,0,
img001588.jpg,landscape/images/img001588.jpg,0,
img001589.jpg,landscape/images/img001589.jpg,0,
img001590.jpg,landscape/images/img001590.jpg,0,
img001591.jpg,landscape/images/img001591.jpg,0,
img001592.jpg,landscape/images/img001592.jpg,0,
img001593.jpg,landscape/images/img001593.jpg,0,
img001594.jpg,landscape/images/img001594.jpg,0,
img001595.jpg,landscape/images/img001595.jpg,0,
img001596.jpg,landscape/images/img001596.jpg,0,
img001597.jpg,landscape/images/img001597.jpg,0,
img001598.jpg,landscape/images/img001598.jpg,0,
img001599.jpg,landscape/images/img001599.jpg,0,
img001600.jpg,landscape/images/img001600.jpg,0,
img001601.jpg,landscape/images/img001601.jpg,0,
img001602.jpg,landscape/images/img001602.jpg,0,
img001603.jpg,landscape/images/img001603.jpg,0,
img001604.jpg,landscape/images/img001604.jpg,0,
img001605.jpg,landscape/images/img001605.jpg,0,
img001606.jpg,landscape/images/img001606.jpg,0,
img001607.jpg,landscape/images/img001607.jpg,0,
img001608.jpg,landscape/images/img001608.jpg,0,
img001609.jpg,landscape/images/img001609.jpg,0,
img001610.jpg,landscape/images/img001610.jpg,0,
img001611.jpg,landscape/images/img001611.jpg,0,
img001612.jpg,landscape/images/img001612.jpg,0,
img001613.jpg,landscape/images/img001613.jpg,0,
img001614.jpg,landscape/images/img001614.jpg,0,
img001615.jpg,landscape/images/img001615.jpg,0,
img001616.jpg,landscape/images/img001616.jpg,0,
img001617.jpg,landscape/images/img001617.jpg,0,
img001618.jpg,landscape/images/img001618.jpg,0,
img001619.jpg,landscape/images/img001619.jpg,0,
img001620.jpg,landscape/images/img001620.jpg,0,
img001621.jpg,landscape/images/img001621.jpg,0,
img001622.jpg,landscape/images/img001622.jpg,0,
img001623.jpg,landscape/images/img001623.jpg,0,
img001624.jpg,landscape/images/img001624.jpg,0,
img001625.jpg,landscape/images/img001625.jpg,0,
img001626.jpg,landscape/images/img001626.jpg,0,
img001627.jpg,landscape/images/img001627.jpg,0,
img001628.jpg,landscape/images/img001628.jpg,0,
img001629.jpg,landscape/images/img001629.jpg,0,
img001630.jpg,landscape/images/img001630.jpg,0,
img001631.jpg,landscape/images/img001631.jpg,0,
img001632.jpg,landscape/images/img001632.jpg,0,
img001633.jpg,landscape/images/img001633.jpg,0,
img001634.jpg,landscape/images/img001634.jpg,0,
img001635.jpg,landscape/images/img001635.jpg,0,
img001636.jpg,landscape/images/img001636.jpg,0,
img001637.jpg,landscape/images/img001637.jpg,0,
img001638.jpg,landscape/images/img001638.jpg,0,
img001639.jpg,landscape/images/img001639.jpg,0,
img001640.jpg,landscape/images/img001640.jpg,0,
img001641.jpg,landscape/images/img001641.jpg,0,
img001642.jpg,landscape/images/img001642.jpg,0,
img001643.jpg,landscape/images/img001643.jpg,0,
img001644.jpg,landscape/images/img001644.jpg,0,
img001645.jpg,landscape/images/img001645.jpg,0,
img001646.jpg,landscape/images/img001646.jpg,0,
img001647.jpg,landscape/images/img001647.jpg,0,
img001648.jpg,landscape/images/img001648.jpg,0,
img001649.jpg,landscape/images/img001649.jpg,0,
img001650.jpg,landscape/images/img001650.jpg,0,
img001651.jpg,landscape/images/img001651.jpg,0,
img001652.jpg,landscape/images/img001652.jpg,0,
img001653.jpg,landscape/images/img001653.jpg,0,
img001654.jpg,landscape/images/img001654.jpg,0,
img001655.jpg,landscape/images/img001655.jpg,0,
img001656.jpg,landscape/images/img001656.jpg,0,
img001657.jpg,landscape/images/img001657.jpg,0,
img001658.jpg,landscape/images/img001658.jpg,0,
img001659.jpg,landscape/images/img001659.jpg,0,
img001660.jpg,landscape/images/img001660.jpg,0,
img001661.jpg,landscape/images/img001661.jpg,0,
img001662.jpg,landscape/images/img001662.jpg,0,
img001663.jpg,landscape/images/img001663.jpg,0,
img001664.jpg,landscape/images/img001664.jpg,0,
img001665.jpg,landscape/images/img001665.jpg,0,
img001666.jpg,landscape/images/img001666.jpg,0,
img001667.jpg,landscape/images/img001667.jpg,0,
img001668.jpg,landscape/images/img001668.jpg,0,
img001669.jpg,landscape/images/img001669.jpg,0,
img001670.jpg,landscape/images/img001670.jpg,0,
img001671.jpg,landscape/images/img001671.jpg,0,
img001672.jpg,landscape/images/img001672.jpg,0,
img001673.jpg,landscape/images/img001673.jpg,0,
img001674.jpg,landscape/images/img001674.jpg,0,
img001675.jpg,landscape/images/img001675.jpg,0,
img001676.jpg,landscape/images/img001676.jpg,0,
img001677.jpg,landscape/images/img001677.jpg,0,
img001678.jpg,landscape/images/img001678.jpg,0,
img001679.jpg,landscape/images/img001679.jpg,0,
img001680.jpg,landscape/images/img001680.jpg,0,
img001681.jpg,landscape/images/img001681.jpg,0,
img001682.jpg,landscape/images/img001682.jpg,0,
img001683.jpg,landscape/images/img001683.jpg,0,
img001684.jpg,landscape/images/img001684.jpg,0,
img001685.jpg,landscape/images/img001685.jpg,0,
img001686.jpg,landscape/images/img001686.jpg,0,
img001687.jpg,landscape/images/img001687.jpg,0,
img001688.jpg,landscape/images/img001688.jpg,0,
img001689.jpg,landscape/images/img001689.jpg,0,
img001690.jpg,landscape/images/img001690.jpg,0,
img001691.jpg,landscape/images/img001691.jpg,0,
img001692.jpg,landscape/images/img001692.jpg,0,
img001693.jpg,landscape/images/img001693.jpg,0,
img001694.jpg,landscape/images/img001694.jpg,0,
img001695.jpg,landscape/images/img001695.jpg,0,
img001696.jpg,landscape/images/img001696.jpg,0,
img001697.jpg,landscape/images/img001697.jpg,0,
img001698.jpg,landscape/images/img001698.jpg,0,
img001699.jpg,landscape/images/img001699.jpg,0,
img001700.jpg,landscape/images/img001700.jpg,0,
img001701.jpg,landscape/images/img001701.jpg,0,
img001702.jpg,landscape/images/img001702.jpg,0,
img001703.jpg,landscape/images/img001703.jpg,0,
img001704.jpg,landscape/images/img001704.jpg,0,
img001705.jpg,landscape/images/img001705.jpg,0,
img001706.jpg,landscape/images/img001706.jpg,0,
img001707.jpg,landscape/images/img001707.jpg,0,
img001708.jpg,landscape/images/img001708.jpg,0,
img001709.jpg,landscape/images/img001709.jpg,0,
img001710.jpg,landscape/images/img001710.jpg,0,
img001711.jpg,landscape/images/img001711.jpg,0,
img001712.jpg,landscape/images/img001712.jpg,0,
img001713.jpg,landscape/images/img001713.jpg,0,
img001714.jpg,landscape/images/img001714.jpg,0,
img001715.jpg,landscape/images/img001715.jpg,0,
img001716.jpg,landscape/images/img001716.jpg,0,
img001717.jpg,landscape/images/img001717.jpg,0,
img001718.jpg,landscape/images/img001718.jpg,0,
img001719.jpg,landscape/images/img001719.jpg,0,
img001720.jpg,landscape/images/img001720.jpg,0,
img001721.jpg,landscape/images/img001721.jpg,0,
img001722.jpg,landscape/images/img001722.jpg,0,
img001723.jpg,landscape/images/img001723.jpg,0,
img001724.jpg,landscape/images/img001724.jpg,0,
img001725.jpg,landscape/images/img001725.jpg,0,
img001726.jpg,landscape/images/img001726.jpg,0,
img001727.jpg,landscape/images/img001727.jpg,0,
img001728.jpg,landscape/images/img001728.jpg,0,
img001729.jpg,landscape/images/img001729.jpg,0,
img001730.jpg,landscape/images/img001730.jpg,0,
img001731.jpg,landscape/images/img001731.jpg,0,
img001732.jpg,landscape/images/img001732.jpg,0,
img001733.jpg,landscape/images/img001733.jpg,0,
img001734.jpg,landscape/images/img001734.jpg,0,
img001735.jpg,landscape/images/img001735.jpg,0,
img001736.jpg,landscape/images/img001736.jpg,0,
img001737.jpg,landscape/images/img001737.jpg,0,
img001738.jpg,landscape/images/img001738.jpg,0,
img001739.jpg,landscape/images/img001739.jpg,0,
img001740.jpg,landscape/images/img001740.jpg,0,
img001741.jpg,landscape/images/img001741.jpg,0,
img001742.jpg,landscape/images/img001742.jpg,0,
img001743.jpg,landscape/images/img001743.jpg,0,
img001744.jpg,landscape/images/img001744.jpg,0,
img001745.jpg,landscape/images/img001745.jpg,0,
img001746.jpg,landscape/images/img001746.jpg,0,
img001747.jpg,landscape/images/img001747.jpg,0,
img001748.jpg,landscape/images/img001748.jpg,0,
img001749.jpg,landscape/images/img001749.jpg,0,
img001750.jpg,landscape/images/img001750.jpg,0,
img001751.jpg,landscape/images/img001751.jpg,0,
img001752.jpg,landscape/images/img001752.jpg,0,
img001753.jpg,landscape/images/img001753.jpg,0,
img001754.jpg,landscape/images/img001754.jpg,0,
img001755.jpg,landscape/images/img001755.jpg,0,
img001756.jpg,landscape/images/img001756.jpg,0,
img001757.jpg,landscape/images/img001757.jpg,0,
img001758.jpg,landscape/images/img001758.jpg,0,
img001759.jpg,landscape/images/img001759.jpg,0,
img001760.jpg,landscape/images/img001760.jpg,0,
img001761.jpg,landscape/images/img001761.jpg,0,
img001762.jpg,landscape/images/img001762.jpg,0,
img001763.jpg,landscape/images/img001763.jpg,0,
img001764.jpg,landscape/images/img001764.jpg,0,
img001765.jpg,landscape/images/img001765.jpg,0,
img001766.jpg,landscape/images/img001766.jpg,0,
img001767.jpg,landscape/images/img001767.jpg,0,
img001768.jpg,landscape/images/img001768.jpg,0,
img001769.jpg,landscape/images/img001769.jpg,0,
img001770.jpg,landscape/images/img001770.jpg,0,
img001771.jpg,landscape/images/img001771.jpg,0,
img001772.jpg,landscape/images/img001772.jpg,0,
img001773.jpg,landscape/images/img001773.jpg,0,
img001774.jpg,landscape/images/img001774.jpg,0,
img001775.jpg,landscape/images/img001775.jpg,0,
img001776.jpg,landscape/images/img001776.jpg,0,
img001777.jpg,landscape/images/img001777.jpg,0,
img001778.jpg,landscape/images/img001778.jpg,0,
img001779.jpg,landscape/images/img001779.jpg,0,
img001780.jpg,landscape/images/img001780.jpg,0,
img001781.jpg,landscape/images/img001781.jpg,0,
img001782.jpg,landscape/images/img001782.jpg,0,
img001783.jpg,landscape/images/img001783.jpg,0,
img001784.jpg,landscape/images/img001784.jpg,0,
img001785.jpg,landscape/images/img001785.jpg,0,
img001786.jpg,landscape/images/img001786.jpg,0,
img001787.jpg,landscape/images/img001787.jpg,0,
img001788.jpg,landscape/images/img001788.jpg,0,
img001789.jpg,landscape/images/img001789.jpg,0,
img001790.jpg,landscape/images/img001790.jpg,0,
img001791.jpg,landscape/images/img001791.jpg,0,
img001792.jpg,landscape/images/img001792.jpg,0,
img001793.jpg,landscape/images/img001793.jpg,0,
img001794.jpg,landscape/images/img001794.jpg,0,
img001795.jpg,landscape/images/img001795.jpg,0,
img001796.jpg,landscape/images/img001796.jpg,0,
img001797.jpg,landscape/images/img001797.jpg,0,
img001798.jpg,landscape/images/img001798.jpg,0,
img001799.jpg,landscape/images/img001799.jpg,0,
img001800.jpg,landscape/images/img001800.jpg,0,
img001801.jpg,landscape/images/img001801.jpg,0,
img001802.jpg,landscape/images/img001802.jpg,0,
img001803.jpg,landscape/images/img001803.jpg,0,
img001804.jpg,landscape/images/img001804.jpg,0,
img001805.jpg,landscape/images/img001805.jpg,0,
img001806.jpg,landscape/images/img001806.jpg,0,
img001807.jpg,landscape/images/img001807.jpg,0,
img001808.jpg,landscape/images/img001808.jpg,0,
img001809.jpg,landscape/images/img001809.jpg,0,
img001810.jpg,landscape/images/img001810.jpg,0,
img001811.jpg,landscape/images/img001811.jpg,0,
img001812.jpg,landscape/images/img001812.jpg,0,
img001813.jpg,landscape/images/img001813.jpg,0,
img001814.jpg,landscape/images/img001814.jpg,0,
img001815.jpg,landscape/images/img001815.jpg,0,
img001816.jpg,landscape/images/img001816.jpg,0,
img001817.jpg,landscape/images/img001817.jpg,0,
img001818.jpg,landscape/images/img001818.jpg,0,
img001819.jpg,landscape/images/img001819.jpg,0,
img001820.jpg,landscape/images/img001820.jpg,0,
img001821.jpg,landscape/images/img001821.jpg,0,
img001822.jpg,landscape/images/img001822.jpg,0,
img001823.jpg,landscape/images/img001823.jpg,0,
img001824.jpg,landscape/images/img001824.jpg,0,
img001825.jpg,landscape/images/img001825.jpg,0,
img001826.jpg,landscape/images/img001826.jpg,0,
img001827.jpg,landscape/images/img001827.jpg,0,
img001828.jpg,landscape/images/img001828.jpg,0,
img001829.jpg,landscape/images/img001829.jpg,0,
img001830.jpg,landscape/images/img001830.jpg,0,
img001831.jpg,landscape/images/img001831.jpg,0,
img001832.jpg,landscape/images/img001832.jpg,0,
img001833.jpg,landscape/images/img001833.jpg,0,
img001834.jpg,landscape/images/img001834.jpg,0,
img001835.jpg,landscape/images/img001835.jpg,0,
img001836.jpg,landscape/images/img001836.jpg,0,
img001837.jpg,landscape/images/img001837.jpg,0,
img001838.jpg,landscape/images/img001838.jpg,0,
img001839.jpg,landscape/images/img001839.jpg,0,
img001840.jpg,landscape/images/img001840.jpg,0,
img001841.jpg,landscape/images/img001841.jpg,0,
img001842.jpg,landscape/images/img001842.jpg,0,
img001843.jpg,landscape/images/img001843.jpg,0,
img001844.jpg,landscape/images/img001844.jpg,0,
img001845.jpg,landscape/images/img001845.jpg,0,
img001846.jpg,landscape/images/img001846.jpg,0,
img001847.jpg,landscape/images/img001847.jpg,0,
img001848.jpg,landscape/images/img001848.jpg,0,
img001849.jpg,landscape/images/img001849.jpg,0,
img001850.jpg,landscape/images/img001850.jpg,0,
img001851.jpg,landscape/images/img001851.jpg,0,
img001852.jpg,landscape/images/img001852.jpg,0,
img001853.jpg,landscape/images/img001853.jpg,0,
img001854.jpg,landscape/images/img001854.jpg,0,
img001855.jpg,landscape/images/img001855.jpg,0,
img001856.jpg,landscape/images/img001856.jpg,0,
img001857.jpg,landscape/images/img001857.jpg,0,
img001858.jpg,landscape/images/img001858.jpg,0,
img001859.jpg,landscape/images/img001859.jpg,0,
img001860.jpg,landscape/images/img001860.jpg,0,
img001861.jpg,landscape/images/img001861.jpg,0,
img001862.jpg,landscape/images/img001862.jpg,0,
img001863.jpg,landscape/images/img001863.jpg,0,
img001864.jpg,landscape/images/img001864.jpg,0,
img001865.jpg,landscape/images/img001865.jpg,0,
img001866.jpg,landscape/images/img001866.jpg,0,
img001867.jpg,landscape/images/img001867.jpg,0,
img001868.jpg,landscape/images/img001868.jpg,0,
img001869.jpg,landscape/images/img001869.jpg,0,
img001870.jpg,landscape/images/img001870.jpg,0,
img001871.jpg,landscape/images/img001871.jpg,0,
img001872.jpg,landscape/images/img001872.jpg,0,
img001873.jpg,landscape/images/img001873.jpg,0,
img001874.jpg,landscape/images/img001874.jpg,0,
img001875.jpg,landscape/images/img001875.jpg,0,
img001876.jpg,landscape/images/img001876.jpg,0,
img001877.jpg,landscape/images/img001877.jpg,0,
img001878.jpg,landscape/images/img001878.jpg,0,
img001879.jpg,landscape/images/img001879.jpg,0,
img001880.jpg,landscape/images/img001880.jpg,0,
img001881.jpg,landscape/images/img001881.jpg,0,
img001882.jpg,landscape/images/img001882.jpg,0,
img001883.jpg,landscape/images/img001883.jpg,0,
img001884.jpg,landscape/images/img001884.jpg,0,
img001885.jpg,landscape/images/img001885.jpg,0,
img001886.jpg,landscape/images/img001886.jpg,0,
img001887.jpg,landscape/images/img001887.jpg,0,
img001888.jpg,landscape/images/img001888.jpg,0,
img001889.jpg,landscape/images/img001889.jpg,0,
img001890.jpg,landscape/images/img001890.jpg,0,
img001891.jpg,landscape/images/img001891.jpg,0,
img001892.jpg,landscape/images/img001892.jpg,0,
img001893.jpg,landscape/images/img001893.jpg,0,
img001894.jpg,landscape/images/img001894.jpg,0,
img001895.jpg,landscape/images/img001895.jpg,0,
img001896.jpg,landscape/images/img001896.jpg,0,
img001897.jpg,landscape/images/img001897.jpg,0,
img001898.jpg,landscape/images/img001898.jpg,0,
img001899.jpg,landscape/images/img001899.jpg,0,
img001900.jpg,landscape/images/img001900.jpg,0,
img001901.jpg,landscape/images/img001901.jpg,0,
img001902.jpg,landscape/images/img001902.jpg,0,
img001903.jpg,landscape/images/img001903.jpg,0,
img001904.jpg,landscape/images/img001904.jpg,0,
img001905.jpg,landscape/images/img001905.jpg,0,
img001906.jpg,landscape/images/img001906.jpg,0,
img001907.jpg,landscape/images/img001907.jpg,0,
img001908.jpg,landscape/images/img001908.jpg,0,
img001909.jpg,landscape/images/img001909.jpg,0,
img001910.jpg,landscape/images/img001910.jpg,0,
img001911.jpg,landscape/images/img001911.jpg,0,
img001912.jpg,landscape/images/img001912.jpg,0,
img001913.jpg,landscape/images/img001913.jpg,0,
img001914.jpg,landscape/images/img001914.jpg,0,
img001915.jpg,landscape/images/img001915.jpg,0,
img001916.jpg,landscape/images/img001916.jpg,0,
img001917.jpg,landscape/images/img001917.jpg,0,
img001918.jpg,landscape/images/img001918.jpg,0,
img001919.jpg,landscape/images/img001919.jpg,0,
img001920.jpg,landscape/images/img001920.jpg,0,
img001921.jpg,landscape/images/img001921.jpg,0,
img001922.jpg,landscape/images/img001922.jpg,0,
img001923.jpg,landscape/images/img001923.jpg,0,
img001924.jpg,landscape/images/img001924.jpg,0,
img001925.jpg,landscape/images/img001925.jpg,0,
img001926.jpg,landscape/images/img001926.jpg,0,
img001927.jpg,landscape/images/img001927.jpg,0,
img001928.jpg,landscape/images/img001928.jpg,0,
img001929.jpg,landscape/images/img001929.jpg,0,
img001930.jpg,landscape/images/img001930.jpg,0,
img001931.jpg,landscape/images/img001931.jpg,0,
img001932.jpg,landscape/images/img001932.jpg,0,
img001933.jpg,landscape/images/img001933.jpg,0,
img001934.jpg,landscape/images/img001934.jpg,0,
img001935.jpg,landscape/images/img001935.jpg,0,
img001936.jpg,landscape/images/img001936.jpg,0,
img001937.jpg,landscape/images/img001937.jpg,0,
img001938.jpg,landscape/images/img001938.jpg,0,
img001939.jpg,landscape/images/img001939.jpg,0,
img001940.jpg,landscape/images/img001940.jpg,0,
img001941.jpg,landscape/images/img001941.jpg,0,
img001942.jpg,landscape/images/img001942.jpg,0,
img001943.jpg,landscape/images/img001943.jpg,0,
img001944.jpg,landscape/images/img001944.jpg,0,
img001945.jpg,landscape/images/img001945.jpg,0,
img001946.jpg,landscape/images/img001946.jpg,0,
img001947.jpg,landscape/images/img001947.jpg,0,
img001948.jpg,landscape/images/img001948.jpg,0,
img001949.jpg,landscape/images/img001949.jpg,0,
img001950.jpg,landscape/images/img001950.jpg,0,
img001951.jpg,landscape/images/img001951.jpg,0,
img001952.jpg,landscape/images/img001952.jpg,0,
img001953.jpg,landscape/images/img001953.jpg,0,
img001954.jpg,landscape/images/img001954.jpg,0,
img001955.jpg,landscape/images/img001955.jpg,0,
img001956.jpg,landscape/images/img001956.jpg,0,
img001957.jpg,landscape/images/img001957.jpg,0,
img001958.jpg,landscape/images/img001958.jpg,0,
img001959.jpg,landscape/images/img001959.jpg,0,
img001960.jpg,landscape/images/img001960.jpg,0,
img001961.jpg,landscape/images/img001961.jpg,0,
img001962.jpg,landscape/images/img001962.jpg,0,
img001963.jpg,landscape/images/img001963.jpg,0,
img001964.jpg,landscape/images/img001964.jpg,0,
img001965.jpg,landscape/images/img001965.jpg,0,
img001966.jpg,landscape/images/img001966.jpg,0,
img001967.jpg,landscape/images/img001967.jpg,0,
img001968.jpg,landscape/images/img001968.jpg,0,
img001969.jpg,landscape/images/img001969.jpg,0,
img001970.jpg,landscape/images/img001970.jpg,0,
img001971.jpg,landscape/images/img001971.jpg,0,
img001972.jpg,landscape/images/img001972.jpg,0,
img001973.jpg,landscape/images/img001973.jpg,0,
img001974.jpg,landscape/images/img001974.jpg,0,
img001975.jpg,landscape/images/img001975.jpg,0,
img001976.jpg,landscape/images/img001976.jpg,0,
img001977.jpg,landscape/images/img001977.jpg,0,
img001978.jpg,landscape/images/img001978.jpg,0,
img001979.jpg,landscape/images/img001979.jpg,0,
img001980.jpg,landscape/images/img001980.jpg,0,
img001981.jpg,landscape/images/img001981.jpg,0,
img001982.jpg,landscape/images/img001982.jpg,0,
img001983.jpg,landscape/images/img001983.jpg,0,
img001984.jpg,landscape/images/img001984.jpg,0,
img001985.jpg,landscape/images/img001985.jpg,0,
img001986.jpg,landscape/images/img001986.jpg,0,
img001987.jpg,landscape/images/img001987.jpg,0,
img001988.jpg,landscape/images/img001988.jpg,0,
img001989.jpg,landscape/images/img001989.jpg,0,
img001990.jpg,landscape/images/img001990.jpg,0,
img001991.jpg,landscape/images/img001991.jpg,0,
img001992.jpg,landscape/images/img001992.jpg,0,
img001993.jpg,landscape/images/img001993.jpg,0,
img001994.jpg,landscape/images/img001994.jpg,0,
img001995.jpg,landscape/images/img001995.jpg,0,
img001996.jpg,landscape/images/img001996.jpg,0,
img001997.jpg,landscape/images/img001997.jpg,0,
img001998.jpg,landscape/images/img001998.jpg,0,
img001999.jpg,landscape/images/img001999.jpg,0,
img002000.jpg,landscape/images/img002000.jpg,0,
img002001.jpg,landscape/images/img002001.jpg,0,
img002002.jpg,landscape/images/img002002.jpg,0,
img002003.jpg,landscape/images/img002003.jpg,0,
img002004.jpg,landscape/images/img002004.jpg,0,
img002005.jpg,landscape/images/img002005.jpg,0,
img002006.jpg,landscape/images/img002006.jpg,0,
img002007.jpg,landscape/images/img002007.jpg,0,
img002008.jpg,landscape/images/img002008.jpg,0,
img002009.jpg,landscape/images/img002009.jpg,0,
img002010.jpg,landscape/images/img002010.jpg,0,
img002011.jpg,landscape/images/img002011.jpg,0,
img002012.jpg,landscape/images/img002012.jpg,0,
img002013.jpg,landscape/images/img002013.jpg,0,
img002014.jpg,landscape/images/img002014.jpg,0,
img002015.jpg,landscape/images/img002015.jpg,0,
img002016.jpg,landscape/images/img002016.jpg,0,
img002017.jpg,landscape/images/img002017.jpg,0,
img002018.jpg,landscape/images/img002018.jpg,0,
img002019.jpg,landscape/images/img002019.jpg,0,
img002020.jpg,landscape/images/img002020.jpg,0,
img002021.jpg,landscape/images/img002021.jpg,0,
img002022.jpg,landscape/images/img002022.jpg,0,
img002023.jpg,landscape/images/img002023.jpg,0,
img002024.jpg,landscape/images/img002024.jpg,0,
img002025.jpg,landscape/images/img002025.jpg,0,
img002026.jpg,landscape/images/img002026.jpg,0,
img002027.jpg,landscape/images/img002027.jpg,0,
img002028.jpg,landscape/images/img002028.jpg,0,
img002029.jpg,landscape/images/img002029.jpg,0,
img002030.jpg,landscape/images/img002030.jpg,0,
img002031.jpg,landscape/images/img002031.jpg,0,
img002032.jpg,landscape/images/img002032.jpg,0,
img002033.jpg,landscape/images/img002033.jpg,0,
img002034.jpg,landscape/images/img002034.jpg,0,
img002035.jpg,landscape/images/img002035.jpg,0,
img002036.jpg,landscape/images/img002036.jpg,0,
img002037.jpg,landscape/images/img002037.jpg,0,
img002038.jpg,landscape/images/img002038.jpg,0,
img002039.jpg,landscape/images/img002039.jpg,0,
img002040.jpg,landscape/images/img002040.jpg,0,
img002041.jpg,landscape/images/img002041.jpg,0,
img002042.jpg,landscape/images/img002042.jpg,0,
img002043.jpg,landscape/images/img002043.jpg,0,
img002044.jpg,landscape/images/img002044.jpg,0,
img002045.jpg,landscape/images/img002045.jpg,0,
img002046.jpg,landscape/images/img002046.jpg,0,
img002047.jpg,landscape/images/img002047.jpg,0,
img002048.jpg,landscape/images/img002048.jpg,0,
img002049.jpg,landscape/images/img002049.jpg,0,
img002050.jpg,landscape/images/img002050.jpg,0,
img002051.jpg,landscape/images/img002051.jpg,0,
img002052.jpg,landscape/images/img002052.jpg,0,
img002053.jpg,landscape/images/img002053.jpg,0,
img002054.jpg,landscape/images/img002054.jpg,0,
img002055.jpg,landscape/images/img002055.jpg,0,
img002056.jpg,landscape/images/img002056.jpg,0,
img002057.jpg,landscape/images/img002057.jpg,0,
img002058.jpg,landscape/images/img002058.jpg,0,
img002059.jpg,landscape/images/img002059.jpg,0,
img002060.jpg,landscape/images/img002060.jpg,0,
img002061.jpg,landscape/images/img002061.jpg,0,
img002062.jpg,landscape/images/img002062.jpg,0,
img002063.jpg,landscape/images/img002063.jpg,0,
img002064.jpg,landscape/images/img002064.jpg,0,
img002065.jpg,landscape/images/img002065.jpg,0,
img002066.jpg,landscape/images/img002066.jpg,0,
img002067.jpg,landscape/images/img002067.jpg,0,
img002068.jpg,landscape/images/img002068.jpg,0,
img002069.jpg,landscape/images/img002069.jpg,0,
img002070.jpg,landscape/images/img002070.jpg,0,
img002071.jpg,landscape/images/img002071.jpg,0,
img002072.jpg,landscape/images/img002072.jpg,0,
img002073.jpg,landscape/images/img002073.jpg,0,
img002074.jpg,landscape/images/img002074.jpg,0,
img002075.jpg,landscape/images/img002075.jpg,0,
img002076.jpg,landscape/images/img002076.jpg,0,
img002077.jpg,landscape/images/img002077.jpg,0,
img002078.jpg,landscape/images/img002078.jpg,0,
img002079.jpg,landscape/images/img002079.jpg,0,
img002080.jpg,landscape/images/img002080.jpg,0,
img002081.jpg,landscape/images/img002081.jpg,0,
img002082.jpg,landscape/images/img002082.jpg,0,
img002083.jpg,landscape/images/img002083.jpg,0,
img002084.jpg,landscape/images/img002084.jpg,0,
img002085.jpg,landscape/images/img002085.jpg,0,
img002086.jpg,landscape/images/img002086.jpg,0,
img002087.jpg,landscape/images/img002087.jpg,0,
img002088.jpg,landscape/images/img002088.jpg,0,
img002089.jpg,landscape/images/img002089.jpg,0,
img002090.jpg,landscape/images/img002090.jpg,0,
img002091.jpg,landscape/images/img002091.jpg,0,
img002092.jpg,landscape/images/img002092.jpg,0,
img002093.jpg,landscape/images/img002093.jpg,0,
img002094.jpg,landscape/images/img002094.jpg,0,
img002095.jpg,landscape/images/img002095.jpg,0,
img002096.jpg,landscape/images/img002096.jpg,0,
img002097.jpg,landscape/images/img002097.jpg,0,
img002098.jpg,landscape/images/img002098.jpg,0,
img002099.jpg,landscape/images/img002099.jpg,0,
img002100.jpg,landscape/images/img002100.jpg,0,
img002101.jpg,landscape/images/img002101.jpg,0,
img002102.jpg,landscape/images/img002102.jpg,0,
img002103.jpg,landscape/images/img002103.jpg,0,
img002104.jpg,landscape/images/img002104.jpg,0,
img002105.jpg,landscape/images/img002105.jpg,0,
img002106.jpg,landscape/images/img002106.jpg,0,
img002107.jpg,landscape/images/img002107.jpg,0,
img002108.jpg,landscape/images/img002108.jpg,0,
img002109.jpg,landscape/images/img002109.jpg,0,
img002110.jpg,landscape/images/img002110.jpg,0,
img002111.jpg,landscape/images/img002111.jpg,0,
img002112.jpg,landscape/images/img002112.jpg,0,
img002113.jpg,landscape/images/img002113.jpg,0,
img002114.jpg,landscape/images/img002114.jpg,0,
img002115.jpg,landscape/images/img002115.jpg,0,
img002116.jpg,landscape/images/img002116.jpg,0,
img002117.jpg,landscape/images/img002117.jpg,0,
img002118.jpg,landscape/images/img002118.jpg,0,
img002119.jpg,landscape/images/img002119.jpg,0,
img002120.jpg,landscape/images/img002120.jpg,0,
img002121.jpg,landscape/images/img002121.jpg,0,
img002122.jpg,landscape/images/img002122.jpg,0,
img002123.jpg,landscape/images/img002123.jpg,0,
img002124.jpg,landscape/images/img002124.jpg,0,
img002125.jpg,landscape/images/img002125.jpg,0,
img002126.jpg,landscape/images/img002126.jpg,0,
img002127.jpg,landscape/images/img002127.jpg,0,
img002128.jpg,landscape/images/img002128.jpg,0,
img002129.jpg,landscape/images/img002129.jpg,0,
img002130.jpg,landscape/images/img002130.jpg,0,
img002131.jpg,landscape/images/img002131.jpg,0,
img002132.jpg,landscape/images/img002132.jpg,0,
img002133.jpg,landscape/images/img002133.jpg,0,
img002134.jpg,landscape/images/img002134.jpg,0,
img002135.jpg,landscape/images/img002135.jpg,0,
img002136.jpg,landscape/images/img002136.jpg,0,
img002137.jpg,landscape/images/img002137.jpg,0,
img002138.jpg,landscape/images/img002138.jpg,0,
img002139.jpg,landscape/images/img002139.jpg,0,
img002140.jpg,landscape/images/img002140.jpg,0,
img002141.jpg,landscape/images/img002141.jpg,0,
img002142.jpg,landscape/images/img002142.jpg,0,
img002143.jpg,landscape/images/img002143.jpg,0,
img002144.jpg,landscape/images/img002144.jpg,0,
img002145.jpg,landscape/images/img002145.jpg,0,
img002146.jpg,landscape/images/img002146.jpg,0,
img002147.jpg,landscape/images/img002147.jpg,0,
img002148.jpg,landscape/images/img002148.jpg,0,
img002149.jpg,landscape/images/img002149.jpg,0,
img002150.jpg,landscape/images/img002150.jpg,0,
img002151.jpg,landscape/images/img002151.jpg,0,
img002152.jpg,landscape/images/img002152.jpg,0,
img002153.jpg,landscape/images/img002153.jpg,0,
img002154.jpg,landscape/images/img002154.jpg,0,
img002155.jpg,landscape/images/img002155.jpg,0,
img002156.jpg,landscape/images/img002156.jpg,0,
img002157.jpg,landscape/images/img002157.jpg,0,
img002158.jpg,landscape/images/img002158.jpg,0,
img002159.jpg,landscape/images/img002159.jpg,0,
img002160.jpg,landscape/images/img002160.jpg,0,
img002161.jpg,landscape/images/img002161.jpg,0,
img002162.jpg,landscape/images/img002162.jpg,0,
img002163.jpg,landscape/images/img002163.jpg,0,
img002164.jpg,landscape/images/img002164.jpg,0,
img002165.jpg,landscape/images/img002165.jpg,0,
img002166.jpg,landscape/images/img002166.jpg,0,
img002167.jpg,landscape/images/img002167.jpg,0,
img002168.jpg,landscape/images/img002168.jpg,0,
img002169.jpg,landscape/images/img002169.jpg,0,
img002170.jpg,landscape/images/img002170.jpg,0,
img002171.jpg,landscape/images/img002171.jpg,0,
img002172.jpg,landscape/images/img002172.jpg,0,
img002173.jpg,landscape/images/img002173.jpg,0,
img002174.jpg,landscape/images/img002174.jpg,0,
img002175.jpg,landscape/images/img002175.jpg,0,
img002176.jpg,landscape/images/img002176.jpg,0,
img002177.jpg,landscape/images/img002177.jpg,0,
img002178.jpg,landscape/images/img002178.jpg,0,
img002179.jpg,landscape/images/img002179.jpg,0,
img002180.jpg,landscape/images/img002180.jpg,0,
img002181.jpg,landscape/images/img002181.jpg,0,
img002182.jpg,landscape/images/img002182.jpg,0,
img002183.jpg,landscape/images/img002183.jpg,0,
img002184.jpg,landscape/images/img002184.jpg,0,
img002185.jpg,landscape/images/img002185.jpg,0,
img002186.jpg,landscape/images/img002186.jpg,0,
img002187.jpg,landscape/images/img002187.jpg,0,
img002188.jpg,landscape/images/img002188.jpg,0,
img002189.jpg,landscape/images/img002189.jpg,0,
img002190.jpg,landscape/images/img002190.jpg,0,
img002191.jpg,landscape/images/img002191.jpg,0,
img002192.jpg,landscape/images/img002192.jpg,0,
img002193.jpg,landscape/images/img002193.jpg,0,
img002194.jpg,landscape/images/img002194.jpg,0,
img002195.jpg,landscape/images/img002195.jpg,0,
img002196.jpg,landscape/images/img002196.jpg,0,
img002197.jpg,landscape/images/img002197.jpg,0,
img002198.jpg,landscape/images/img002198.jpg,0,
img002199.jpg,landscape/images/img002199.jpg,0,
img002200.jpg,landscape/images/img002200.jpg,0,
img002201.jpg,landscape/images/img002201.jpg,0,
img002202.jpg,landscape/images/img002202.jpg,0,
img002203.jpg,landscape/images/img002203.jpg,0,
img002204.jpg,landscape/images/img002204.jpg,0,
img002205.jpg,landscape/images/img002205.jpg,0,
img002206.jpg,landscape/images/img002206.jpg,0,
img002207.jpg,landscape/images/img002207.jpg,0,
img002208.jpg,landscape/images/img002208.jpg,0,
img002209.jpg,landscape/images/img002209.jpg,0,
img002210.jpg,landscape/images/img002210.jpg,0,
img002211.jpg,landscape/images/img002211.jpg,0,
img002212.jpg,landscape/images/img002212.jpg,0,
img002213.jpg,landscape/images/img002213.jpg,0,
img002214.jpg,landscape/images/img002214.jpg,0,
img002215.jpg,landscape/images/img002215.jpg,0,
img002216.jpg,landscape/images/img002216.jpg,0,
img002217.jpg,landscape/images/img002217.jpg,0,
img002218.jpg,landscape/images/img002218.jpg,0,
img002219.jpg,landscape/images/img002219.jpg,0,
img002220.jpg,landscape/images/img002220.jpg,0,
img002221.jpg,landscape/images/img002221.jpg,0,
img002222.jpg,landscape/images/img002222.jpg,0,
img002223.jpg,landscape/images/img002223.jpg,0,
img002224.jpg,landscape/images/img002224.jpg,0,
img002225.jpg,landscape/images/img002225.jpg,0,
img002226.jpg,landscape/images/img002226.jpg,0,
img002227.jpg,landscape/images/img002227.jpg,0,
img002228.jpg,landscape/images/img002228.jpg,0,
img002229.jpg,landscape/images/img002229.jpg,0,
img002230.jpg,landscape/images/img002230.jpg,0,
img002231.jpg,landscape/images/img002231.jpg,0,
img002232.jpg,landscape/images/img002232.jpg,0,
img002233.jpg,landscape/images/img002233.jpg,0,
img002234.jpg,landscape/images/img002234.jpg,0,
img002235.jpg,landscape/images/img002235.jpg,0,
img002236.jpg,landscape/images/img002236.jpg,0,
img002237.jpg,landscape/images/img002237.jpg,0,
img002238.jpg,landscape/images/img002238.jpg,0,
img002239.jpg,landscape/images/img002239.jpg,0,
img002240.jpg,landscape/images/img002240.jpg,0,
img002241.jpg,landscape/images/img002241.jpg,0,
img002242.jpg,landscape/images/img002242.jpg,0,
img002243.jpg,landscape/images/img002243.jpg,0,
img002244.jpg,landscape/images/img002244.jpg,0,
img002245.jpg,landscape/images/img002245.jpg,0,
img002246.jpg,landscape/images/img002246.jpg,0,
img002247.jpg,landscape/images/img002247.jpg,0,
img002248.jpg,landscape/images/img002248.jpg,0,
img002249.jpg,landscape/images/img002249.jpg,0,
img002250.jpg,landscape/images/img002250.jpg,0,
img002251.jpg,landscape/images/img002251.jpg,0,
img002252.jpg,landscape/images/img002252.jpg,0,
img002253.jpg,landscape/images/img002253.jpg,0,
img002254.jpg,landscape/images/img002254.jpg,0,
img002255.jpg,landscape/images/img002255.jpg,0,
img002256.jpg,landscape/images/img002256.jpg,0,
img002257.jpg,landscape/images/img002257.jpg,0,
img002258.jpg,landscape/images/img002258.jpg,0,
img002259.jpg,landscape/images/img002259.jpg,0,
img002260.jpg,landscape/images/img002260.jpg,0,
img002261.jpg,landscape/images/img002261.jpg,0,
img002262.jpg,landscape/images/img002262.jpg,0,
img002263.jpg,landscape/images/img002263.jpg,0,
img002264.jpg,landscape/images/img002264.jpg,0,
img002265.jpg,landscape/images/img002265.jpg,0,
img002266.jpg,landscape/images/img002266.jpg,0,
img002267.jpg,landscape/images/img002267.jpg,0,
img002268.jpg,landscape/images/img002268.jpg,0,
img002269.jpg,landscape/images/img002269.jpg,0,
img002270.jpg,landscape/images/img002270.jpg,0,
img002271.jpg,landscape/images/img002271.jpg,0,
img002272.jpg,landscape/images/img002272.jpg,0,
img002273.jpg,landscape/images/img002273.jpg,0,
img002274.jpg,landscape/images/img002274.jpg,0,
img002275.jpg,landscape/images/img002275.jpg,0,
img002276.jpg,landscape/images/img002276.jpg,0,
img002277.jpg,landscape/images/img002277.jpg,0,
img002278.jpg,landscape/images/img002278.jpg,0,
img002279.jpg,landscape/images/img002279.jpg,0,
img002280.jpg,landscape/images/img002280.jpg,0,
img002281.jpg,landscape/images/img002281.jpg,0,
img002282.jpg,landscape/images/img002282.jpg,0,
img002283.jpg,landscape/images/img002283.jpg,0,
img002284.jpg,landscape/images/img002284.jpg,0,
img002285.jpg,landscape/images/img002285.jpg,0,
img002286.jpg,landscape/images/img002286.jpg,0,
img002287.jpg,landscape/images/img002287.jpg,0,
img002288.jpg,landscape/images/img002288.jpg,0,
img002289.jpg,landscape/images/img002289.jpg,0,
img002290.jpg,landscape/images/img002290.jpg,0,
img002291.jpg,landscape/images/img002291.jpg,0,
img002292.jpg,landscape/images/img002292.jpg,0,
img002293.jpg,landscape/images/img002293.jpg,0,
img002294.jpg,landscape/images/img002294.jpg,0,
img002295.jpg,landscape/images/img002295.jpg,0,
img002296.jpg,landscape/images/img002296.jpg,0,
img002297.jpg,landscape/images/img002297.jpg,0,
img002298.jpg,landscape/images/img002298.jpg,0,
img002299.jpg,landscape/images/img002299.jpg,0,
img002300.jpg,landscape/images/img002300.jpg,0,
img002301.jpg,landscape/images/img002301.jpg,0,
img002302.jpg,landscape/images/img002302.jpg,0,
img002303.jpg,landscape/images/img002303.jpg,0,
img002304.jpg,landscape/images/img002304.jpg,0,
img002305.jpg,landscape/images/img002305.jpg,0,
img002306.jpg,landscape/images/img002306.jpg,0,
img002307.jpg,landscape/images/img002307.jpg,0,
img002308.jpg,landscape/images/img002308.jpg,0,
img002309.jpg,landscape/images/img002309.jpg,0,
img002310.jpg,landscape/images/img002310.jpg,0,
img002311.jpg,landscape/images/img002311.jpg,0,
img002312.jpg,landscape/images/img002312.jpg,0,
img002313.jpg,landscape/images/img002313.jpg,0,
img002314.jpg,landscape/images/img002314.jpg,0,
img002315.jpg,landscape/images/img002315.jpg,0,
img002316.jpg,landscape/images/img002316.jpg,0,
img002317.jpg,landscape/images/img002317.jpg,0,
img002318.jpg,landscape/images/img002318.jpg,0,
img002319.jpg,landscape/images/img002319.jpg,0,
img002320.jpg,landscape/images/img002320.jpg,0,
img002321.jpg,landscape/images/img002321.jpg,0,
img002322.jpg,landscape/images/img002322.jpg,0,
img002323.jpg,landscape/images/img002323.jpg,0,
img002324.jpg,landscape/images/img002324.jpg,0,
img002325.jpg,landscape/images/img002325.jpg,0,
img002326.jpg,landscape/images/img002326.jpg,0,
img002327.jpg,landscape/images/img002327.jpg,0,
img002328.jpg,landscape/images/img002328.jpg,0,
img002329.jpg,landscape/images/img002329.jpg,0,
img002330.jpg,landscape/images/img002330.jpg,0,
img002331.jpg,landscape/images/img002331.jpg,0,
img002332.jpg,landscape/images/img002332.jpg,0,
img002333.jpg,landscape/images/img002333.jpg,0,
img002334.jpg,landscape/images/img002334.jpg,0,
img002335.jpg,landscape/images/img002335.jpg,0,
img002336.jpg,landscape/images/img002336.jpg,0,
img002337.jpg,landscape/images/img002337.jpg,0,
img002338.jpg,landscape/images/img002338.jpg,0,
img002339.jpg,landscape/images/img002339.jpg,0,
img002340.jpg,landscape/images/img002340.jpg,0,
img002341.jpg,landscape/images/img002341.jpg,0,
img002342.jpg,landscape/images/img002342.jpg,0,
img002343.jpg,landscape/images/img002343.jpg,0,
img002344.jpg,landscape/images/img002344.jpg,0,
img002345.jpg,landscape/images/img002345.jpg,0,
img002346.jpg,landscape/images/img002346.jpg,0,
img002347.jpg,landscape/images/img002347.jpg,0,
img002348.jpg,landscape/images/img002348.jpg,0,
img002349.jpg,landscape/images/img002349.jpg,0,
img002350.jpg,landscape/images/img002350.jpg,0,
img002351.jpg,landscape/images/img002351.jpg,0,
img002352.jpg,landscape/images/img002352.jpg,0,
img002353.jpg,landscape/images/img002353.jpg,0,
img002354.jpg,landscape/images/img002354.jpg,0,
img002355.jpg,landscape/images/img002355.jpg,0,
img002356.jpg,landscape/images/img002356.jpg,0,
img002357.jpg,landscape/images/img002357.jpg,0,
img002358.jpg,landscape/images/img002358.jpg,0,
img002359.jpg,landscape/images/img002359.jpg,0,
img002360.jpg,landscape/images/img002360.jpg,0,
img002361.jpg,landscape/images/img002361.jpg,0,
img002362.jpg,landscape/images/img002362.jpg,0,
img002363.jpg,landscape/images/img002363.jpg,0,
img002364.jpg,landscape/images/img002364.jpg,0,
img002365.jpg,landscape/images/img002365.jpg,0,
img002366.jpg,landscape/images/img002366.jpg,0,
img002367.jpg,landscape/images/img002367.jpg,0,
img002368.jpg,landscape/images/img002368.jpg,0,
img002369.jpg,landscape/images/img002369.jpg,0,
img002370.jpg,landscape/images/img002370.jpg,0,
img002371.jpg,landscape/images/img002371.jpg,0,
img002372.jpg,landscape/images/img002372.jpg,0,
img002373.jpg,landscape/images/img002373.jpg,0,
img002374.jpg,landscape/images/img002374.jpg,0,
img002375.jpg,landscape/images/img002375.jpg,0,
img002376.jpg,landscape/images/img002376.jpg,0,
img002377.jpg,landscape/images/img002377.jpg,0,
img002378.jpg,landscape/images/img002378.jpg,0,
img002379.jpg,landscape/images/img002379.jpg,0,
img002380.jpg,landscape/images/img002380.jpg,0,
img002381.jpg,landscape/images/img002381.jpg,0,
img002382.jpg,landscape/images/img002382.jpg,0,
img002383.jpg,landscape/images/img002383.jpg,0,
img002384.jpg,landscape/images/img002384.jpg,0,
img002385.jpg,landscape/images/img002385.jpg,0,
img002386.jpg,landscape/images/img002386.jpg,0,
img002387.jpg,landscape/images/img002387.jpg,0,
img002388.jpg,landscape/images/img002388.jpg,0,
img002389.jpg,landscape/images/img002389.jpg,0,
img002390.jpg,landscape/images/img002390.jpg,0,
img002391.jpg,landscape/images/img002391.jpg,0,
img002392.jpg,landscape/images/img002392.jpg,0,
img002393.jpg,landscape/images/img002393.jpg,0,
img002394.jpg,landscape/images/img002394.jpg,0,
img002395.jpg,landscape/images/img002395.jpg,0,
img002396.jpg,landscape/images/img002396.jpg,0,
img002397.jpg,landscape/images/img002397.jpg,0,
img002398.jpg,landscape/images/img002398.jpg,0,
img002399.jpg,landscape/images/img002399.jpg,0,
img002400.jpg,landscape/images/img002400.jpg,0,
img002401.jpg,landscape/images/img002401.jpg,0,
img002402.jpg,landscape/images/img002402.jpg,0,
img002403.jpg,landscape/images/img002403.jpg,0,
img002404.jpg,landscape/images/img002404.jpg,0,
img002405.jpg,landscape/images/img002405.jpg,0,
img002406.jpg,landscape/images/img002406.jpg,0,
img002407.jpg,landscape/images/img002407.jpg,0,
img002408.jpg,landscape/images/img002408.jpg,0,
img002409.jpg,landscape/images/img002409.jpg,0,
img002410.jpg,landscape/images/img002410.jpg,0,
img002411.jpg,landscape/images/img002411.jpg,0,
img002412.jpg,landscape/images/img002412.jpg,0,
img002413.jpg,landscape/images/img002413.jpg,0,
img002414.jpg,landscape/images/img002414.jpg,0,
img002415.jpg,landscape/images/img002415.jpg,0,
img002416.jpg,landscape/images/img002416.jpg,0,
img002417.jpg,landscape/images/img002417.jpg,0,
img002418.jpg,landscape/images/img002418.jpg,0,
img002419.jpg,landscape/images/img002419.jpg,0,
img002420.jpg,landscape/images/img002420.jpg,0,
img002421.jpg,landscape/images/img002421.jpg,0,
img002422.jpg,landscape/images/img002422.jpg,0,
img002423.jpg,landscape/images/img002423.jpg,0,
img002424.jpg,landscape/images/img002424.jpg,0,
img002425.jpg,landscape/images/img002425.jpg,0,
img002426.jpg,landscape/images/img002426.jpg,0,
img002427.jpg,landscape/images/img002427.jpg,0,
img002428.jpg,landscape/images/img002428.jpg,0,
img002429.jpg,landscape/images/img002429.jpg,0,
img002430.jpg,landscape/images/img002430.jpg,0,
img002431.jpg,landscape/images/img002431.jpg,0,
img002432.jpg,landscape/images/img002432.jpg,0,
img002433.jpg,landscape/images/img002433.jpg,0,
img002434.jpg,landscape/images/img002434.jpg,0,
img002435.jpg,landscape/images/img002435.jpg,0,
img002436.jpg,landscape/images/img002436.jpg,0,
img002437.jpg,landscape/images/img002437.jpg,0,
img002438.jpg,landscape/images/img002438.jpg,0,
img002439.jpg,landscape/images/img002439.jpg,0,
img002440.jpg,landscape/images/img002440.jpg,0,
img002441.jpg,landscape/images/img002441.jpg,0,
img002442.jpg,landscape/images/img002442.jpg,0,
img002443.jpg,landscape/images/img002443.jpg,0,
img002444.jpg,landscape/images/img002444.jpg,0,
img002445.jpg,landscape/images/img002445.jpg,0,
img002446.jpg,landscape/images/img002446.jpg,0,
img002447.jpg,landscape/images/img002447.jpg,0,
img002448.jpg,landscape/images/img002448.jpg,0,
img002449.jpg,landscape/images/img002449.jpg,0,
img002450.jpg,landscape/images/img002450.jpg,0,
img002451.jpg,landscape/images/img002451.jpg,0,
img002452.jpg,landscape/images/img002452.jpg,0,
img002453.jpg,landscape/images/img002453.jpg,0,
img002454.jpg,landscape/images/img002454.jpg,0,
img002455.jpg,landscape/images/img002455.jpg,0,
img002456.jpg,landscape/images/img002456.jpg,0,
img002457.jpg,landscape/images/img002457.jpg,0,
img002458.jpg,landscape/images/img002458.jpg,0,
img002459.jpg,landscape/images/img002459.jpg,0,
img002460.jpg,landscape/images/img002460.jpg,0,
img002461.jpg,landscape/images/img002461.jpg,0,
img002462.jpg,landscape/images/img002462.jpg,0,
img002463.jpg,landscape/images/img002463.jpg,0,
img002464.jpg,landscape/images/img002464.jpg,0,
img002465.jpg,landscape/images/img002465.jpg,0,
img002466.jpg,landscape/images/img002466.jpg,0,
img002467.jpg,landscape/images/img002467.jpg,0,
img002468.jpg,landscape/images/img002468.jpg,0,
img002469.jpg,landscape/images/img002469.jpg,0,
img002470.jpg,landscape/images/img002470.jpg,0,
img002471.jpg,landscape/images/img002471.jpg,0,
img002472.jpg,landscape/images/img002472.jpg,0,
img002473.jpg,landscape/images/img002473.jpg,0,
img002474.jpg,landscape/images/img002474.jpg,0,
img002475.jpg,landscape/images/img002475.jpg,0,
img002476.jpg,landscape/images/img002476.jpg,0,
img002477.jpg,landscape/images/img002477.jpg,0,
img002478.jpg,landscape/images/img002478.jpg,0,
img002479.jpg,landscape/images/img002479.jpg,0,
img002480.jpg,landscape/images/img002480.jpg,0,
img002481.jpg,landscape/images/img002481.jpg,0,
img002482.jpg,landscape/images/img002482.jpg,0,
img002483.jpg,landscape/images/img002483.jpg,0,
img002484.jpg,landscape/images/img002484.jpg,0,
img002485.jpg,landscape/images/img002485.jpg,0,
img002486.jpg,landscape/images/img002486.jpg,0,
img002487.jpg,landscape/images/img002487.jpg,0,
img002488.jpg,landscape/images/img002488.jpg,0,
img002489.jpg,landscape/images/img002489.jpg,0,
img002490.jpg,landscape/images/img002490.jpg,0,
img002491.jpg,landscape/images/img002491.jpg,0,
img002492.jpg,landscape/images/img002492.jpg,0,
img002493.jpg,landscape/images/img002493.jpg,0,
img002494.jpg,landscape/images/img002494.jpg,0,
img002495.jpg,landscape/images/img002495.jpg,0,
img002496.jpg,landscape/images/img002496.jpg,0,
img002497.jpg,landscape/images/img002497.jpg,0,
img002498.jpg,landscape/images/img002498.jpg,0,
img002499.jpg,landscape/images/img002499.jpg,0,
img002500.jpg,landscape/images/img002500.jpg,0,
img002501.jpg,landscape/images/img002501.jpg,0,
img002502.jpg,landscape/images/img002502.jpg,0,
img002503.jpg,landscape/images/img002503.jpg,0,
img002504.jpg,landscape/images/img002504.jpg,0,
img002505.jpg,landscape/images/img002505.jpg,0,
img002506.jpg,landscape/images/img002506.jpg,0,
img002507.jpg,landscape/images/img002507.jpg,0,
img002508.jpg,landscape/images/img002508.jpg,0,
img002509.jpg,landscape/images/img002509.jpg,0,
img002510.jpg,landscape/images/img002510.jpg,0,
img002511.jpg,landscape/images/img002511.jpg,0,
img002512.jpg,landscape/images/img002512.jpg,0,
img002513.jpg,landscape/images/img002513.jpg,0,
img002514.jpg,landscape/images/img002514.jpg,0,
img002515.jpg,landscape/images/img002515.jpg,0,
img002516.jpg,landscape/images/img002516.jpg,0,
img002517.jpg,landscape/images/img002517.jpg,0,
img002518.jpg,landscape/images/img002518.jpg,0,
img002519.jpg,landscape/images/img002519.jpg,0,
img002520.jpg,landscape/images/img002520.jpg,0,
img002521.jpg,landscape/images/img002521.jpg,0,
img002522.jpg,landscape/images/img002522.jpg,0,
img002523.jpg,landscape/images/img002523.jpg,0,
img002524.jpg,landscape/images/img002524.jpg,0,
img002525.jpg,landscape/images/img002525.jpg,0,
img002526.jpg,landscape/images/img002526.jpg,0,
img002527.jpg,landscape/images/img002527.jpg,0,
img002528.jpg,landscape/images/img002528.jpg,0,
img002529.jpg,landscape/images/img002529.jpg,0,
img002530.jpg,landscape/images/img002530.jpg,0,
img002531.jpg,landscape/images/img002531.jpg,0,
img002532.jpg,landscape/images/img002532.jpg,0,
img002533.jpg,landscape/images/img002533.jpg,0,
img002534.jpg,landscape/images/img002534.jpg,0,
img002535.jpg,landscape/images/img002535.jpg,0,
img002536.jpg,landscape/images/img002536.jpg,0,
img002537.jpg,landscape/images/img002537.jpg,0,
img002538.jpg,landscape/images/img002538.jpg,0,
img002539.jpg,landscape/images/img002539.jpg,0,
img002540.jpg,landscape/images/img002540.jpg,0,
img002541.jpg,landscape/images/img002541.jpg,0,
img002542.jpg,landscape/images/img002542.jpg,0,
img002543.jpg,landscape/images/img002543.jpg,0,
img002544.jpg,landscape/images/img002544.jpg,0,
img002545.jpg,landscape/images/img002545.jpg,0,
img002546.jpg,landscape/images/img002546.jpg,0,
img002547.jpg,landscape/images/img002547.jpg,0,
img002548.jpg,landscape/images/img002548.jpg,0,
img002549.jpg,landscape/images/img002549.jpg,0,
img002550.jpg,landscape/images/img002550.jpg,0,
img002551.jpg,landscape/images/img002551.jpg,0,
img002552.jpg,landscape/images/img002552.jpg,0,
img002553.jpg,landscape/images/img002553.jpg,0,
img002554.jpg,landscape/images/img002554.jpg,0,
img002555.jpg,landscape/images/img002555.jpg,0,
img002556.jpg,landscape/images/img002556.jpg,0,
img002557.jpg,landscape/images/img002557.jpg,0,
img002558.jpg,landscape/images/img002558.jpg,0,
img002559.jpg,landscape/images/img002559.jpg,0,
img002560.jpg,landscape/images/img002560.jpg,0,
img002561.jpg,landscape/images/img002561.jpg,0,
img002562.jpg,landscape/images/img002562.jpg,0,
img002563.jpg,landscape/images/img002563.jpg,0,
img002564.jpg,landscape/images/img002564.jpg,0,
img002565.jpg,landscape/images/img002565.jpg,0,
img002566.jpg,landscape/images/img002566.jpg,0,
img002567.jpg,landscape/images/img002567.jpg,0,
img002568.jpg,landscape/images/img002568.jpg,0,
img002569.jpg,landscape/images/img002569.jpg,0,
img002570.jpg,landscape/images/img002570.jpg,0,
img002571.jpg,landscape/images/img002571.jpg,0,
img002572.jpg,landscape/images/img002572.jpg,0,
img002573.jpg,landscape/images/img002573.jpg,0,
img002574.jpg,landscape/images/img002574.jpg,0,
img002575.jpg,landscape/images/img002575.jpg,0,
img002576.jpg,landscape/images/img002576.jpg,0,
img002577.jpg,landscape/images/img002577.jpg,0,
img002578.jpg,landscape/images/img002578.jpg,0,
img002579.jpg,landscape/images/img002579.jpg,0,
img002580.jpg,landscape/images/img002580.jpg,0,
img002581.jpg,landscape/images/img002581.jpg,0,
img002582.jpg,landscape/images/img002582.jpg,0,
img002583.jpg,landscape/images/img002583.jpg,0,
img002584.jpg,landscape/images/img002584.jpg,0,
img002585.jpg,landscape/images/img002585.jpg,0,
img002586.jpg,landscape/images/img002586.jpg,0,
img002587.jpg,landscape/images/img002587.jpg,0,
img002588.jpg,landscape/images/img002588.jpg,0,
img002589.jpg,landscape/images/img002589.jpg,0,
img002590.jpg,landscape/images/img002590.jpg,0,
img002591.jpg,landscape/images/img002591.jpg,0,
img002592.jpg,landscape/images/img002592.jpg,0,
img002593.jpg,landscape/images/img002593.jpg,0,
img002594.jpg,landscape/images/img002594.jpg,0,
img002595.jpg,landscape/images/img002595.jpg,0,
img002596.jpg,landscape/images/img002596.jpg,0,
img002597.jpg,landscape/images/img002597.jpg,0,
img002598.jpg,landscape/images/img002598.jpg,0,
img002599.jpg,landscape/images/img002599.jpg,0,
img002600.jpg,landscape/images/img002600.jpg,0,
img002601.jpg,landscape/images/img002601.jpg,0,
img002602.jpg,landscape/images/img002602.jpg,0,
img002603.jpg,landscape/images/img002603.jpg,0,
img002604.jpg,landscape/images/img002604.jpg,0,
img002605.jpg,landscape/images/img002605.jpg,0,
img002606.jpg,landscape/images/img002606.jpg,0,
img002607.jpg,landscape/images/img002607.jpg,0,
img002608.jpg,landscape/images/img002608.jpg,0,
img002609.jpg,landscape/images/img002609.jpg,0,
img002610.jpg,landscape/images/img002610.jpg,0,
img002611.jpg,landscape/images/img002611.jpg,0,
img002612.jpg,landscape/images/img002612.jpg,0,
img002613.jpg,landscape/images/img002613.jpg,0,
img002615.jpg,landscape/images/img002615.jpg,0,
img002616.jpg,landscape/images/img002616.jpg,0,
img002617.jpg,landscape/images/img002617.jpg,0,
img002618.jpg,landscape/images/img002618.jpg,0,
img002619.jpg,landscape/images/img002619.jpg,0,
img002620.jpg,landscape/images/img002620.jpg,0,
img002621.jpg,landscape/images/img002621.jpg,0,
img002622.jpg,landscape/images/img002622.jpg,0,
img002623.jpg,landscape/images/img002623.jpg,0,
img002624.jpg,landscape/images/img002624.jpg,0,
img002625.jpg,landscape/images/img002625.jpg,0,
img002626.jpg,landscape/images/img002626.jpg,0,
img002627.jpg,landscape/images/img002627.jpg,0,
img002628.jpg,landscape/images/img002628.jpg,0,
img002629.jpg,landscape/images/img002629.jpg,0,
img002630.jpg,landscape/images/img002630.jpg,0,
img002631.jpg,landscape/images/img002631.jpg,0,
img002632.jpg,landscape/images/img002632.jpg,0,
img002633.jpg,landscape/images/img002633.jpg,0,
img002634.jpg,landscape/images/img002634.jpg,0,
img002635.jpg,landscape/images/img002635.jpg,0,
img002636.jpg,landscape/images/img002636.jpg,0,
img002637.jpg,landscape/images/img002637.jpg,0,
img002638.jpg,landscape/images/img002638.jpg,0,
img002639.jpg,landscape/images/img002639.jpg,0,
img002640.jpg,landscape/images/img002640.jpg,0,
img002641.jpg,landscape/images/img002641.jpg,0,
img002642.jpg,landscape/images/img002642.jpg,0,
img002643.jpg,landscape/images/img002643.jpg,0,
img002644.jpg,landscape/images/img002644.jpg,0,
img002645.jpg,landscape/images/img002645.jpg,0,
img002646.jpg,landscape/images/img002646.jpg,0,
img002647.jpg,landscape/images/img002647.jpg,0,
img002648.jpg,landscape/images/img002648.jpg,0,
img002649.jpg,landscape/images/img002649.jpg,0,
img002650.jpg,landscape/images/img002650.jpg,0,
img002651.jpg,landscape/images/img002651.jpg,0,
img002652.jpg,landscape/images/img002652.jpg,0,
img002653.jpg,landscape/images/img002653.jpg,0,
img002654.jpg,landscape/images/img002654.jpg,0,
img002655.jpg,landscape/images/img002655.jpg,0,
img002656.jpg,landscape/images/img002656.jpg,0,
img002657.jpg,landscape/images/img002657.jpg,0,
img002658.jpg,landscape/images/img002658.jpg,0,
img002659.jpg,landscape/images/img002659.jpg,0,
img002660.jpg,landscape/images/img002660.jpg,0,
img002661.jpg,landscape/images/img002661.jpg,0,
img002662.jpg,landscape/images/img002662.jpg,0,
img002663.jpg,landscape/images/img002663.jpg,0,
img002664.jpg,landscape/images/img002664.jpg,0,
img002665.jpg,landscape/images/img002665.jpg,0,
img002666.jpg,landscape/images/img002666.jpg,0,
img002667.jpg,landscape/images/img002667.jpg,0,
img002668.jpg,landscape/images/img002668.jpg,0,
img002669.jpg,landscape/images/img002669.jpg,0,
img002670.jpg,landscape/images/img002670.jpg,0,
img002671.jpg,landscape/images/img002671.jpg,0,
img002672.jpg,landscape/images/img002672.jpg,0,
img002673.jpg,landscape/images/img002673.jpg,0,
img002674.jpg,landscape/images/img002674.jpg,0,
img002675.jpg,landscape/images/img002675.jpg,0,
img002676.jpg,landscape/images/img002676.jpg,0,
img002677.jpg,landscape/images/img002677.jpg,0,
img002678.jpg,landscape/images/img002678.jpg,0,
img002679.jpg,landscape/images/img002679.jpg,0,
img002680.jpg,landscape/images/img002680.jpg,0,
img002681.jpg,landscape/images/img002681.jpg,0,
img002682.jpg,landscape/images/img002682.jpg,0,
img002683.jpg,landscape/images/img002683.jpg,0,
img002684.jpg,landscape/images/img002684.jpg,0,
img002685.jpg,landscape/images/img002685.jpg,0,
img002686.jpg,landscape/images/img002686.jpg,0,
img002687.jpg,landscape/images/img002687.jpg,0,
img002688.jpg,landscape/images/img002688.jpg,0,
img002689.jpg,landscape/images/img002689.jpg,0,
img002690.jpg,landscape/images/img002690.jpg,0,
img002691.jpg,landscape/images/img002691.jpg,0,
img002692.jpg,landscape/images/img002692.jpg,0,
img002693.jpg,landscape/images/img002693.jpg,0,
img002694.jpg,landscape/images/img002694.jpg,0,
img002695.jpg,landscape/images/img002695.jpg,0,
img002696.jpg,landscape/images/img002696.jpg,0,
img002697.jpg,landscape/images/img002697.jpg,0,
img002698.jpg,landscape/images/img002698.jpg,0,
img002699.jpg,landscape/images/img002699.jpg,0,
img002700.jpg,landscape/images/img002700.jpg,0,
img002701.jpg,landscape/images/img002701.jpg,0,
img002702.jpg,landscape/images/img002702.jpg,0,
img002703.jpg,landscape/images/img002703.jpg,0,
img002704.jpg,landscape/images/img002704.jpg,0,
img002705.jpg,landscape/images/img002705.jpg,0,
img002706.jpg,landscape/images/img002706.jpg,0,
img002707.jpg,landscape/images/img002707.jpg,0,
img002708.jpg,landscape/images/img002708.jpg,0,
img002709.jpg,landscape/images/img002709.jpg,0,
img002710.jpg,landscape/images/img002710.jpg,0,
img002711.jpg,landscape/images/img002711.jpg,0,
img002712.jpg,landscape/images/img002712.jpg,0,
img002713.jpg,landscape/images/img002713.jpg,0,
img002714.jpg,landscape/images/img002714.jpg,0,
img002715.jpg,landscape/images/img002715.jpg,0,
img002716.jpg,landscape/images/img002716.jpg,0,
img002717.jpg,landscape/images/img002717.jpg,0,
img002718.jpg,landscape/images/img002718.jpg,0,
img002719.jpg,landscape/images/img002719.jpg,0,
img002720.jpg,landscape/images/img002720.jpg,0,
img002721.jpg,landscape/images/img002721.jpg,0,
img002722.jpg,landscape/images/img002722.jpg,0,
img002723.jpg,landscape/images/img002723.jpg,0,
img002724.jpg,landscape/images/img002724.jpg,0,
img002725.jpg,landscape/images/img002725.jpg,0,
img002726.jpg,landscape/images/img002726.jpg,0,
img002727.jpg,landscape/images/img002727.jpg,0,
img002728.jpg,landscape/images/img002728.jpg,0,
img002729.jpg,landscape/images/img002729.jpg,0,
img002730.jpg,landscape/images/img002730.jpg,0,
img002731.jpg,landscape/images/img002731.jpg,0,
img002732.jpg,landscape/images/img002732.jpg,0,
img002733.jpg,landscape/images/img002733.jpg,0,
img002734.jpg,landscape/images/img002734.jpg,0,
img002735.jpg,landscape/images/img002735.jpg,0,
img002736.jpg,landscape/images/img002736.jpg,0,
img002737.jpg,landscape/images/img002737.jpg,0,
img002738.jpg,landscape/images/img002738.jpg,0,
img002739.jpg,landscape/images/img002739.jpg,0,
img002740.jpg,landscape/images/img002740.jpg,0,
img002741.jpg,landscape/images/img002741.jpg,0,
img002742.jpg,landscape/images/img002742.jpg,0,
img002743.jpg,landscape/images/img002743.jpg,0,
img002744.jpg,landscape/images/img002744.jpg,0,
img002745.jpg,landscape/images/img002745.jpg,0,
img002746.jpg,landscape/images/img002746.jpg,0,
img002747.jpg,landscape/images/img002747.jpg,0,
img002748.jpg,landscape/images/img002748.jpg,0,
img002749.jpg,landscape/images/img002749.jpg,0,
img002750.jpg,landscape/images/img002750.jpg,0,
img002751.jpg,landscape/images/img002751.jpg,0,
img002752.jpg,landscape/images/img002752.jpg,0,
img002753.jpg,landscape/images/img002753.jpg,0,
img002754.jpg,landscape/images/img002754.jpg,0,
img002755.jpg,landscape/images/img002755.jpg,0,
img002756.jpg,landscape/images/img002756.jpg,0,
img002757.jpg,landscape/images/img002757.jpg,0,
img002758.jpg,landscape/images/img002758.jpg,0,
img002759.jpg,landscape/images/img002759.jpg,0,
img002760.jpg,landscape/images/img002760.jpg,0,
img002761.jpg,landscape/images/img002761.jpg,0,
img002762.jpg,landscape/images/img002762.jpg,0,
img002763.jpg,landscape/images/img002763.jpg,0,
img002764.jpg,landscape/images/img002764.jpg,0,
img002765.jpg,landscape/images/img002765.jpg,0,
img002766.jpg,landscape/images/img002766.jpg,0,
img002767.jpg,landscape/images/img002767.jpg,0,
img002768.jpg,landscape/images/img002768.jpg,0,
img002769.jpg,landscape/images/img002769.jpg,0,
img002770.jpg,landscape/images/img002770.jpg,0,
img002771.jpg,landscape/images/img002771.jpg,0,
img002772.jpg,landscape/images/img002772.jpg,0,
img002773.jpg,landscape/images/img002773.jpg,0,
img002774.jpg,landscape/images/img002774.jpg,0,
img002775.jpg,landscape/images/img002775.jpg,0,
img002776.jpg,landscape/images/img002776.jpg,0,
img002777.jpg,landscape/images/img002777.jpg,0,
img002778.jpg,landscape/images/img002778.jpg,0,
img002779.jpg,landscape/images/img002779.jpg,0,
img002780.jpg,landscape/images/img002780.jpg,0,
img002781.jpg,landscape/images/img002781.jpg,0,
img002782.jpg,landscape/images/img002782.jpg,0,
img002783.jpg,landscape/images/img002783.jpg,0,
img002784.jpg,landscape/images/img002784.jpg,0,
img002785.jpg,landscape/images/img002785.jpg,0,
img002786.jpg,landscape/images/img002786.jpg,0,
img002787.jpg,landscape/images/img002787.jpg,0,
img002788.jpg,landscape/images/img002788.jpg,0,
img002789.jpg,landscape/images/img002789.jpg,0,
img002790.jpg,landscape/images/img002790.jpg,0,
img002791.jpg,landscape/images/img002791.jpg,0,
img002792.jpg,landscape/images/img002792.jpg,0,
img002793.jpg,landscape/images/img002793.jpg,0,
img002794.jpg,landscape/images/img002794.jpg,0,
img002795.jpg,landscape/images/img002795.jpg,0,
img002796.jpg,landscape/images/img002796.jpg,0,
img002797.jpg,landscape/images/img002797.jpg,0,
img002798.jpg,landscape/images/img002798.jpg,0,
img002799.jpg,landscape/images/img002799.jpg,0,
img002800.jpg,landscape/images/img002800.jpg,0,
img002801.jpg,landscape/images/img002801.jpg,0,
img002802.jpg,landscape/images/img002802.jpg,0,
img002803.jpg,landscape/images/img002803.jpg,0,
img002804.jpg,landscape/images/img002804.jpg,0,
img002805.jpg,landscape/images/img002805.jpg,0,
img002806.jpg,landscape/images/img002806.jpg,0,
img002807.jpg,landscape/images/img002807.jpg,0,
img002808.jpg,landscape/images/img002808.jpg,0,
img002809.jpg,landscape/images/img002809.jpg,0,
img002810.jpg,landscape/images/img002810.jpg,0,
img002811.jpg,landscape/images/img002811.jpg,0,
img002812.jpg,landscape/images/img002812.jpg,0,
img002813.jpg,landscape/images/img002813.jpg,0,
img002814.jpg,landscape/images/img002814.jpg,0,
img002815.jpg,landscape/images/img002815.jpg,0,
img002816.jpg,landscape/images/img002816.jpg,0,
img002817.jpg,landscape/images/img002817.jpg,0,
img002818.jpg,landscape/images/img002818.jpg,0,
img002819.jpg,landscape/images/img002819.jpg,0,
img002820.jpg,landscape/images/img002820.jpg,0,
img002821.jpg,landscape/images/img002821.jpg,0,
img002822.jpg,landscape/images/img002822.jpg,0,
img002823.jpg,landscape/images/img002823.jpg,0,
img002824.jpg,landscape/images/img002824.jpg,0,
img002825.jpg,landscape/images/img002825.jpg,0,
img002826.jpg,landscape/images/img002826.jpg,0,
img002827.jpg,landscape/images/img002827.jpg,0,
img002828.jpg,landscape/images/img002828.jpg,0,
img002829.jpg,landscape/images/img002829.jpg,0,
img002830.jpg,landscape/images/img002830.jpg,0,
img002831.jpg,landscape/images/img002831.jpg,0,
img002832.jpg,landscape/images/img002832.jpg,0,
img002833.jpg,landscape/images/img002833.jpg,0,
img002834.jpg,landscape/images/img002834.jpg,0,
img002835.jpg,landscape/images/img002835.jpg,0,
img002836.jpg,landscape/images/img002836.jpg,0,
img002837.jpg,landscape/images/img002837.jpg,0,
img002838.jpg,landscape/images/img002838.jpg,0,
img002839.jpg,landscape/images/img002839.jpg,0,
img002840.jpg,landscape/images/img002840.jpg,0,
img002841.jpg,landscape/images/img002841.jpg,0,
img002842.jpg,landscape/images/img002842.jpg,0,
img002843.jpg,landscape/images/img002843.jpg,0,
img002844.jpg,landscape/images/img002844.jpg,0,
img002845.jpg,landscape/images/img002845.jpg,0,
img002846.jpg,landscape/images/img002846.jpg,0,
img002847.jpg,landscape/images/img002847.jpg,0,
img002848.jpg,landscape/images/img002848.jpg,0,
img002849.jpg,landscape/images/img002849.jpg,0,
img002850.jpg,landscape/images/img002850.jpg,0,
img002851.jpg,landscape/images/img002851.jpg,0,
img002852.jpg,landscape/images/img002852.jpg,0,
img002853.jpg,landscape/images/img002853.jpg,0,
img002854.jpg,landscape/images/img002854.jpg,0,
img002855.jpg,landscape/images/img002855.jpg,0,
img002856.jpg,landscape/images/img002856.jpg,0,
img002857.jpg,landscape/images/img002857.jpg,0,
img002858.jpg,landscape/images/img002858.jpg,0,
img002859.jpg,landscape/images/img002859.jpg,0,
img002860.jpg,landscape/images/img002860.jpg,0,
img002861.jpg,landscape/images/img002861.jpg,0,
img002862.jpg,landscape/images/img002862.jpg,0,
img002863.jpg,landscape/images/img002863.jpg,0,
img002864.jpg,landscape/images/img002864.jpg,0,
img002865.jpg,landscape/images/img002865.jpg,0,
img002866.jpg,landscape/images/img002866.jpg,0,
img002867.jpg,landscape/images/img002867.jpg,0,
img002868.jpg,landscape/images/img002868.jpg,0,
img002869.jpg,landscape/images/img002869.jpg,0,
img002870.jpg,landscape/images/img002870.jpg,0,
img002871.jpg,landscape/images/img002871.jpg,0,
img002872.jpg,landscape/images/img002872.jpg,0,
img002873.jpg,landscape/images/img002873.jpg,0,
img002874.jpg,landscape/images/img002874.jpg,0,
img002875.jpg,landscape/images/img002875.jpg,0,
img002876.jpg,landscape/images/img002876.jpg,0,
img002877.jpg,landscape/images/img002877.jpg,0,
img002878.jpg,landscape/images/img002878.jpg,0,
img002879.jpg,landscape/images/img002879.jpg,0,
img002880.jpg,landscape/images/img002880.jpg,0,
img002881.jpg,landscape/images/img002881.jpg,0,
img002882.jpg,landscape/images/img002882.jpg,0,
img002883.jpg,landscape/images/img002883.jpg,0,
img002884.jpg,landscape/images/img002884.jpg,0,
img002885.jpg,landscape/images/img002885.jpg,0,
img002886.jpg,landscape/images/img002886.jpg,0,
img002887.jpg,landscape/images/img002887.jpg,0,
img002888.jpg,landscape/images/img002888.jpg,0,
img002889.jpg,landscape/images/img002889.jpg,0,
img002890.jpg,landscape/images/img002890.jpg,0,
img002891.jpg,landscape/images/img002891.jpg,0,
img002892.jpg,landscape/images/img002892.jpg,0,
img002893.jpg,landscape/images/img002893.jpg,0,
img002894.jpg,landscape/images/img002894.jpg,0,
img002895.jpg,landscape/images/img002895.jpg,0,
img002896.jpg,landscape/images/img002896.jpg,0,
img002897.jpg,landscape/images/img002897.jpg,0,
img002898.jpg,landscape/images/img002898.jpg,0,
img002899.jpg,landscape/images/img002899.jpg,0,
img002900.jpg,landscape/images/img002900.jpg,0,
img002901.jpg,landscape/images/img002901.jpg,0,
img002902.jpg,landscape/images/img002902.jpg,0,
img002903.jpg,landscape/images/img002903.jpg,0,
img002904.jpg,landscape/images/img002904.jpg,0,
img002905.jpg,landscape/images/img002905.jpg,0,
img002906.jpg,landscape/images/img002906.jpg,0,
img002907.jpg,landscape/images/img002907.jpg,0,
img002908.jpg,landscape/images/img002908.jpg,0,
img002909.jpg,landscape/images/img002909.jpg,0,
img002910.jpg,landscape/images/img002910.jpg,0,
img002911.jpg,landscape/images/img002911.jpg,0,
img002912.jpg,landscape/images/img002912.jpg,0,
img002913.jpg,landscape/images/img002913.jpg,0,
img002914.jpg,landscape/images/img002914.jpg,0,
img002915.jpg,landscape/images/img002915.jpg,0,
img002916.jpg,landscape/images/img002916.jpg,0,
img002917.jpg,landscape/images/img002917.jpg,0,
img002918.jpg,landscape/images/img002918.jpg,0,
img002919.jpg,landscape/images/img002919.jpg,0,
img002920.jpg,landscape/images/img002920.jpg,0,
img002921.jpg,landscape/images/img002921.jpg,0,
img002922.jpg,landscape/images/img002922.jpg,0,
img002923.jpg,landscape/images/img002923.jpg,0,
img002924.jpg,landscape/images/img002924.jpg,0,
img002925.jpg,landscape/images/img002925.jpg,0,
img002926.jpg,landscape/images/img002926.jpg,0,
img002927.jpg,landscape/images/img002927.jpg,0,
img002928.jpg,landscape/images/img002928.jpg,0,
img002929.jpg,landscape/images/img002929.jpg,0,
img002930.jpg,landscape/images/img002930.jpg,0,
img002931.jpg,landscape/images/img002931.jpg,0,
img002932.jpg,landscape/images/img002932.jpg,0,
img002933.jpg,landscape/images/img002933.jpg,0,
img002934.jpg,landscape/images/img002934.jpg,0,
img002935.jpg,landscape/images/img002935.jpg,0,
img002936.jpg,landscape/images/img002936.jpg,0,
img002937.jpg,landscape/images/img002937.jpg,0,
img002938.jpg,landscape/images/img002938.jpg,0,
img002939.jpg,landscape/images/img002939.jpg,0,
img002940.jpg,landscape/images/img002940.jpg,0,
img002941.jpg,landscape/images/img002941.jpg,0,
img002942.jpg,landscape/images/img002942.jpg,0,
img002943.jpg,landscape/images/img002943.jpg,0,
img002944.jpg,landscape/images/img002944.jpg,0,
img002945.jpg,landscape/images/img002945.jpg,0,
img002946.jpg,landscape/images/img002946.jpg,0,
img002947.jpg,landscape/images/img002947.jpg,0,
img002948.jpg,landscape/images/img002948.jpg,0,
img002949.jpg,landscape/images/img002949.jpg,0,
img002950.jpg,landscape/images/img002950.jpg,0,
img002951.jpg,landscape/images/img002951.jpg,0,
img002952.jpg,landscape/images/img002952.jpg,0,
img002953.jpg,landscape/images/img002953.jpg,0,
img002954.jpg,landscape/images/img002954.jpg,0,
img002955.jpg,landscape/images/img002955.jpg,0,
img002956.jpg,landscape/images/img002956.jpg,0,
img002957.jpg,landscape/images/img002957.jpg,0,
img002958.jpg,landscape/images/img002958.jpg,0,
img002959.jpg,landscape/images/img002959.jpg,0,
img002960.jpg,landscape/images/img002960.jpg,0,
img002961.jpg,landscape/images/img002961.jpg,0,
img002962.jpg,landscape/images/img002962.jpg,0,
img002963.jpg,landscape/images/img002963.jpg,0,
img002964.jpg,landscape/images/img002964.jpg,0,
img002965.jpg,landscape/images/img002965.jpg,0,
img002966.jpg,landscape/images/img002966.jpg,0,
img002967.jpg,landscape/images/img002967.jpg,0,
img002968.jpg,landscape/images/img002968.jpg,0,
img002969.jpg,landscape/images/img002969.jpg,0,
img002970.jpg,landscape/images/img002970.jpg,0,
img002971.jpg,landscape/images/img002971.jpg,0,
img002972.jpg,landscape/images/img002972.jpg,0,
img002973.jpg,landscape/images/img002973.jpg,0,
img002974.jpg,landscape/images/img002974.jpg,0,
img002975.jpg,landscape/images/img002975.jpg,0,
img002976.jpg,landscape/images/img002976.jpg,0,
img002977.jpg,landscape/images/img002977.jpg,0,
img002978.jpg,landscape/images/img002978.jpg,0,
img002979.jpg,landscape/images/img002979.jpg,0,
img002980.jpg,landscape/images/img002980.jpg,0,
img002981.jpg,landscape/images/img002981.jpg,0,
img002982.jpg,landscape/images/img002982.jpg,0,
img002983.jpg,landscape/images/img002983.jpg,0,
img002984.jpg,landscape/images/img002984.jpg,0,
img002985.jpg,landscape/images/img002985.jpg,0,
img002986.jpg,landscape/images/img002986.jpg,0,
img002987.jpg,landscape/images/img002987.jpg,0,
img002988.jpg,landscape/images/img002988.jpg,0,
img002989.jpg,landscape/images/img002989.jpg,0,
img002990.jpg,landscape/images/img002990.jpg,0,
img002991.jpg,landscape/images/img002991.jpg,0,
img002992.jpg,landscape/images/img002992.jpg,0,
img002993.jpg,landscape/images/img002993.jpg,0,
img002994.jpg,landscape/images/img002994.jpg,0,
img002995.jpg,landscape/images/img002995.jpg,0,
img002996.jpg,landscape/images/img002996.jpg,0,
img002997.jpg,landscape/images/img002997.jpg,0,
img002998.jpg,landscape/images/img002998.jpg,0,
img002999.jpg,landscape/images/img002999.jpg,0,
img003000.jpg,landscape/images/img003000.jpg,0,
img003001.jpg,landscape/images/img003001.jpg,0,
img003002.jpg,landscape/images/img003002.jpg,0,
img003003.jpg,landscape/images/img003003.jpg,0,
img003004.jpg,landscape/images/img003004.jpg,0,
img003005.jpg,landscape/images/img003005.jpg,0,
img003006.jpg,landscape/images/img003006.jpg,0,
img003007.jpg,landscape/images/img003007.jpg,0,
img003008.jpg,landscape/images/img003008.jpg,0,
img003009.jpg,landscape/images/img003009.jpg,0,
img003010.jpg,landscape/images/img003010.jpg,0,
img003011.jpg,landscape/images/img003011.jpg,0,
img003012.jpg,landscape/images/img003012.jpg,0,
img003013.jpg,landscape/images/img003013.jpg,0,
img003014.jpg,landscape/images/img003014.jpg,0,
img003015.jpg,landscape/images/img003015.jpg,0,
img003016.jpg,landscape/images/img003016.jpg,0,
img003017.jpg,landscape/images/img003017.jpg,0,
img003018.jpg,landscape/images/img003018.jpg,0,
img003019.jpg,landscape/images/img003019.jpg,0,
img003020.jpg,landscape/images/img003020.jpg,0,
img003021.jpg,landscape/images/img003021.jpg,0,
img003022.jpg,landscape/images/img003022.jpg,0,
img003023.jpg,landscape/images/img003023.jpg,0,
img003024.jpg,landscape/images/img003024.jpg,0,
img003025.jpg,landscape/images/img003025.jpg,0,
img003026.jpg,landscape/images/img003026.jpg,0,
img003027.jpg,landscape/images/img003027.jpg,0,
img003028.jpg,landscape/images/img003028.jpg,0,
img003029.jpg,landscape/images/img003029.jpg,0,
img003030.jpg,landscape/images/img003030.jpg,0,
img003031.jpg,landscape/images/img003031.jpg,0,
img003032.jpg,landscape/images/img003032.jpg,0,
img003033.jpg,landscape/images/img003033.jpg,0,
img003034.jpg,landscape/images/img003034.jpg,0,
img003035.jpg,landscape/images/img003035.jpg,0,
img003036.jpg,landscape/images/img003036.jpg,0,
img003037.jpg,landscape/images/img003037.jpg,0,
img003038.jpg,landscape/images/img003038.jpg,0,
img003039.jpg,landscape/images/img003039.jpg,0,
img003040.jpg,landscape/images/img003040.jpg,0,
img003041.jpg,landscape/images/img003041.jpg,0,
img003042.jpg,landscape/images/img003042.jpg,0,
img003043.jpg,landscape/images/img003043.jpg,0,
img003044.jpg,landscape/images/img003044.jpg,0,
img003045.jpg,landscape/images/img003045.jpg,0,
img003046.jpg,landscape/images/img003046.jpg,0,
img003047.jpg,landscape/images/img003047.jpg,0,
img003048.jpg,landscape/images/img003048.jpg,0,
img003049.jpg,landscape/images/img003049.jpg,0,
img003050.jpg,landscape/images/img003050.jpg,0,
img003051.jpg,landscape/images/img003051.jpg,0,
img003052.jpg,landscape/images/img003052.jpg,0,
img003053.jpg,landscape/images/img003053.jpg,0,
img003054.jpg,landscape/images/img003054.jpg,0,
img003055.jpg,landscape/images/img003055.jpg,0,
img003056.jpg,landscape/images/img003056.jpg,0,
img003057.jpg,landscape/images/img003057.jpg,0,
img003058.jpg,landscape/images/img003058.jpg,0,
img003059.jpg,landscape/images/img003059.jpg,0,
img003060.jpg,landscape/images/img003060.jpg,0,
img003061.jpg,landscape/images/img003061.jpg,0,
img003062.jpg,landscape/images/img003062.jpg,0,
img003063.jpg,landscape/images/img003063.jpg,0,
img003064.jpg,landscape/images/img003064.jpg,0,
img003065.jpg,landscape/images/img003065.jpg,0,
img003066.jpg,landscape/images/img003066.jpg,0,
img003067.jpg,landscape/images/img003067.jpg,0,
img003068.jpg,landscape/images/img003068.jpg,0,
img003069.jpg,landscape/images/img003069.jpg,0,
img003070.jpg,landscape/images/img003070.jpg,0,
img003071.jpg,landscape/images/img003071.jpg,0,
img003072.jpg,landscape/images/img003072.jpg,0,
img003073.jpg,landscape/images/img003073.jpg,0,
img003074.jpg,landscape/images/img003074.jpg,0,
img003075.jpg,landscape/images/img003075.jpg,0,
img003076.jpg,landscape/images/img003076.jpg,0,
img003077.jpg,landscape/images/img003077.jpg,0,
img003078.jpg,landscape/images/img003078.jpg,0,
img003079.jpg,landscape/images/img003079.jpg,0,
img003080.jpg,landscape/images/img003080.jpg,0,
img003081.jpg,landscape/images/img003081.jpg,0,
img003082.jpg,landscape/images/img003082.jpg,0,
img003083.jpg,landscape/images/img003083.jpg,0,
img003084.jpg,landscape/images/img003084.jpg,0,
img003085.jpg,landscape/images/img003085.jpg,0,
img003086.jpg,landscape/images/img003086.jpg,0,
img003087.jpg,landscape/images/img003087.jpg,0,
img003088.jpg,landscape/images/img003088.jpg,0,
img003089.jpg,landscape/images/img003089.jpg,0,
img003090.jpg,landscape/images/img003090.jpg,0,
img003091.jpg,landscape/images/img003091.jpg,0,
img003092.jpg,landscape/images/img003092.jpg,0,
img003093.jpg,landscape/images/img003093.jpg,0,
img003094.jpg,landscape/images/img003094.jpg,0,
img003095.jpg,landscape/images/img003095.jpg,0,
img003096.jpg,landscape/images/img003096.jpg,0,
img003097.jpg,landscape/images/img003097.jpg,0,
img003098.jpg,landscape/images/img003098.jpg,0,
img003099.jpg,landscape/images/img003099.jpg,0,
img003100.jpg,landscape/images/img003100.jpg,0,
img003101.jpg,landscape/images/img003101.jpg,0,
img003102.jpg,landscape/images/img003102.jpg,0,
img003103.jpg,landscape/images/img003103.jpg,0,
img003104.jpg,landscape/images/img003104.jpg,0,
img003105.jpg,landscape/images/img003105.jpg,0,
img003106.jpg,landscape/images/img003106.jpg,0,
img003107.jpg,landscape/images/img003107.jpg,0,
img003108.jpg,landscape/images/img003108.jpg,0,
img003109.jpg,landscape/images/img003109.jpg,0,
img003110.jpg,landscape/images/img003110.jpg,0,
img003111.jpg,landscape/images/img003111.jpg,0,
img003112.jpg,landscape/images/img003112.jpg,0,
img003113.jpg,landscape/images/img003113.jpg,0,
img003114.jpg,landscape/images/img003114.jpg,0,
img003115.jpg,landscape/images/img003115.jpg,0,
img003116.jpg,landscape/images/img003116.jpg,0,
img003117.jpg,landscape/images/img003117.jpg,0,
img003118.jpg,landscape/images/img003118.jpg,0,
img003119.jpg,landscape/images/img003119.jpg,0,
img003120.jpg,landscape/images/img003120.jpg,0,
img003121.jpg,landscape/images/img003121.jpg,0,
img003122.jpg,landscape/images/img003122.jpg,0,
img003123.jpg,landscape/images/img003123.jpg,0,
img003124.jpg,landscape/images/img003124.jpg,0,
img003125.jpg,landscape/images/img003125.jpg,0,
img003126.jpg,landscape/images/img003126.jpg,0,
img003127.jpg,landscape/images/img003127.jpg,0,
img003128.jpg,landscape/images/img003128.jpg,0,
img003129.jpg,landscape/images/img003129.jpg,0,
img003130.jpg,landscape/images/img003130.jpg,0,
img003131.jpg,landscape/images/img003131.jpg,0,
img003132.jpg,landscape/images/img003132.jpg,0,
img003133.jpg,landscape/images/img003133.jpg,0,
img003134.jpg,landscape/images/img003134.jpg,0,
img003135.jpg,landscape/images/img003135.jpg,0,
img003136.jpg,landscape/images/img003136.jpg,0,
img003137.jpg,landscape/images/img003137.jpg,0,
img003138.jpg,landscape/images/img003138.jpg,0,
img003139.jpg,landscape/images/img003139.jpg,0,
img003140.jpg,landscape/images/img003140.jpg,0,
img003141.jpg,landscape/images/img003141.jpg,0,
img003142.jpg,landscape/images/img003142.jpg,0,
img003143.jpg,landscape/images/img003143.jpg,0,
img003144.jpg,landscape/images/img003144.jpg,0,
img003145.jpg,landscape/images/img003145.jpg,0,
img003146.jpg,landscape/images/img003146.jpg,0,
img003147.jpg,landscape/images/img003147.jpg,0,
img003148.jpg,landscape/images/img003148.jpg,0,
img003149.jpg,landscape/images/img003149.jpg,0,
img003150.jpg,landscape/images/img003150.jpg,0,
img003151.jpg,landscape/images/img003151.jpg,0,
img003152.jpg,landscape/images/img003152.jpg,0,
img003153.jpg,landscape/images/img003153.jpg,0,
img003154.jpg,landscape/images/img003154.jpg,0,
img003155.jpg,landscape/images/img003155.jpg,0,
img003156.jpg,landscape/images/img003156.jpg,0,
img003157.jpg,landscape/images/img003157.jpg,0,
img003158.jpg,landscape/images/img003158.jpg,0,
img003159.jpg,landscape/images/img003159.jpg,0,
img003160.jpg,landscape/images/img003160.jpg,0,
img003161.jpg,landscape/images/img003161.jpg,0,
img003162.jpg,landscape/images/img003162.jpg,0,
img003163.jpg,landscape/images/img003163.jpg,0,
img003164.jpg,landscape/images/img003164.jpg,0,
img003165.jpg,landscape/images/img003165.jpg,0,
img003166.jpg,landscape/images/img003166.jpg,0,
img003167.jpg,landscape/images/img003167.jpg,0,
img003168.jpg,landscape/images/img003168.jpg,0,
img003169.jpg,landscape/images/img003169.jpg,0,
img003170.jpg,landscape/images/img003170.jpg,0,
img003171.jpg,landscape/images/img003171.jpg,0,
img003172.jpg,landscape/images/img003172.jpg,0,
img003173.jpg,landscape/images/img003173.jpg,0,
img003174.jpg,landscape/images/img003174.jpg,0,
img003175.jpg,landscape/images/img003175.jpg,0,
img003176.jpg,landscape/images/img003176.jpg,0,
img003177.jpg,landscape/images/img003177.jpg,0,
img003178.jpg,landscape/images/img003178.jpg,0,
img003179.jpg,landscape/images/img003179.jpg,0,
img003180.jpg,landscape/images/img003180.jpg,0,
img003181.jpg,landscape/images/img003181.jpg,0,
img003182.jpg,landscape/images/img003182.jpg,0,
img003183.jpg,landscape/images/img003183.jpg,0,
img003184.jpg,landscape/images/img003184.jpg,0,
img003185.jpg,landscape/images/img003185.jpg,0,
img003186.jpg,landscape/images/img003186.jpg,0,
img003187.jpg,landscape/images/img003187.jpg,0,
img003188.jpg,landscape/images/img003188.jpg,0,
img003189.jpg,landscape/images/img003189.jpg,0,
img003190.jpg,landscape/images/img003190.jpg,0,
img003191.jpg,landscape/images/img003191.jpg,0,
img003192.jpg,landscape/images/img003192.jpg,0,
img003193.jpg,landscape/images/img003193.jpg,0,
img003194.jpg,landscape/images/img003194.jpg,0,
img003195.jpg,landscape/images/img003195.jpg,0,
img003196.jpg,landscape/images/img003196.jpg,0,
img003197.jpg,landscape/images/img003197.jpg,0,
img003198.jpg,landscape/images/img003198.jpg,0,
img003199.jpg,landscape/images/img003199.jpg,0,
img003200.jpg,landscape/images/img003200.jpg,0,
img003201.jpg,landscape/images/img003201.jpg,0,
img003202.jpg,landscape/images/img003202.jpg,0,
img003203.jpg,landscape/images/img003203.jpg,0,
img003204.jpg,landscape/images/img003204.jpg,0,
img003205.jpg,landscape/images/img003205.jpg,0,
img003206.jpg,landscape/images/img003206.jpg,0,
img003207.jpg,landscape/images/img003207.jpg,0,
img003208.jpg,landscape/images/img003208.jpg,0,
img003209.jpg,landscape/images/img003209.jpg,0,
img003210.jpg,landscape/images/img003210.jpg,0,
img003211.jpg,landscape/images/img003211.jpg,0,
img003212.jpg,landscape/images/img003212.jpg,0,
img003213.jpg,landscape/images/img003213.jpg,0,
img003214.jpg,landscape/images/img003214.jpg,0,
img003215.jpg,landscape/images/img003215.jpg,0,
img003216.jpg,landscape/images/img003216.jpg,0,
img003217.jpg,landscape/images/img003217.jpg,0,
img003218.jpg,landscape/images/img003218.jpg,0,
img003219.jpg,landscape/images/img003219.jpg,0,
img003220.jpg,landscape/images/img003220.jpg,0,
img003221.jpg,landscape/images/img003221.jpg,0,
img003222.jpg,landscape/images/img003222.jpg,0,
img003223.jpg,landscape/images/img003223.jpg,0,
img003224.jpg,landscape/images/img003224.jpg,0,
img003225.jpg,landscape/images/img003225.jpg,0,
img003226.jpg,landscape/images/img003226.jpg,0,
img003227.jpg,landscape/images/img003227.jpg,0,
img003228.jpg,landscape/images/img003228.jpg,0,
img003229.jpg,landscape/images/img003229.jpg,0,
img003230.jpg,landscape/images/img003230.jpg,0,
img003231.jpg,landscape/images/img003231.jpg,0,
img003232.jpg,landscape/images/img003232.jpg,0,
img003233.jpg,landscape/images/img003233.jpg,0,
img003234.jpg,landscape/images/img003234.jpg,0,
img003235.jpg,landscape/images/img003235.jpg,0,
img003236.jpg,landscape/images/img003236.jpg,0,
img003237.jpg,landscape/images/img003237.jpg,0,
img003238.jpg,landscape/images/img003238.jpg,0,
img003239.jpg,landscape/images/img003239.jpg,0,
img003240.jpg,landscape/images/img003240.jpg,0,
img003241.jpg,landscape/images/img003241.jpg,0,
img003242.jpg,landscape/images/img003242.jpg,0,
img003243.jpg,landscape/images/img003243.jpg,0,
img003244.jpg,landscape/images/img003244.jpg,0,
img003245.jpg,landscape/images/img003245.jpg,0,
img003246.jpg,landscape/images/img003246.jpg,0,
img003247.jpg,landscape/images/img003247.jpg,0,
img003248.jpg,landscape/images/img003248.jpg,0,
img003249.jpg,landscape/images/img003249.jpg,0,
img003250.jpg,landscape/images/img003250.jpg,0,
img003251.jpg,landscape/images/img003251.jpg,0,
img003252.jpg,landscape/images/img003252.jpg,0,
img003253.jpg,landscape/images/img003253.jpg,0,
img003254.jpg,landscape/images/img003254.jpg,0,
img003255.jpg,landscape/images/img003255.jpg,0,
img003256.jpg,landscape/images/img003256.jpg,0,
img003257.jpg,landscape/images/img003257.jpg,0,
img003258.jpg,landscape/images/img003258.jpg,0,
img003259.jpg,landscape/images/img003259.jpg,0,
img003260.jpg,landscape/images/img003260.jpg,0,
img003261.jpg,landscape/images/img003261.jpg,0,
img003262.jpg,landscape/images/img003262.jpg,0,
img003263.jpg,landscape/images/img003263.jpg,0,
img003264.jpg,landscape/images/img003264.jpg,0,
img003265.jpg,landscape/images/img003265.jpg,0,
img003266.jpg,landscape/images/img003266.jpg,0,
img003267.jpg,landscape/images/img003267.jpg,0,
img003268.jpg,landscape/images/img003268.jpg,0,
img003269.jpg,landscape/images/img003269.jpg,0,
img003270.jpg,landscape/images/img003270.jpg,0,
img003271.jpg,landscape/images/img003271.jpg,0,
img003272.jpg,landscape/images/img003272.jpg,0,
img003273.jpg,landscape/images/img003273.jpg,0,
img003274.jpg,landscape/images/img003274.jpg,0,
img003275.jpg,landscape/images/img003275.jpg,0,
img003276.jpg,landscape/images/img003276.jpg,0,
img003277.jpg,landscape/images/img003277.jpg,0,
img003278.jpg,landscape/images/img003278.jpg,0,
img003279.jpg,landscape/images/img003279.jpg,0,
img003280.jpg,landscape/images/img003280.jpg,0,
img003281.jpg,landscape/images/img003281.jpg,0,
img003282.jpg,landscape/images/img003282.jpg,0,
img003283.jpg,landscape/images/img003283.jpg,0,
img003284.jpg,landscape/images/img003284.jpg,0,
img003285.jpg,landscape/images/img003285.jpg,0,
img003286.jpg,landscape/images/img003286.jpg,0,
img003287.jpg,landscape/images/img003287.jpg,0,
img003288.jpg,landscape/images/img003288.jpg,0,
img003289.jpg,landscape/images/img003289.jpg,0,
img003290.jpg,landscape/images/img003290.jpg,0,
img003291.jpg,landscape/images/img003291.jpg,0,
img003292.jpg,landscape/images/img003292.jpg,0,
img003293.jpg,landscape/images/img003293.jpg,0,
img003294.jpg,landscape/images/img003294.jpg,0,
img003295.jpg,landscape/images/img003295.jpg,0,
img003296.jpg,landscape/images/img003296.jpg,0,
img003297.jpg,landscape/images/img003297.jpg,0,
img003298.jpg,landscape/images/img003298.jpg,0,
img003299.jpg,landscape/images/img003299.jpg,0,
img003300.jpg,landscape/images/img003300.jpg,0,
img003301.jpg,landscape/images/img003301.jpg,0,
img003302.jpg,landscape/images/img003302.jpg,0,
img003303.jpg,landscape/images/img003303.jpg,0,
img003304.jpg,landscape/images/img003304.jpg,0,
img003305.jpg,landscape/images/img003305.jpg,0,
img003306.jpg,landscape/images/img003306.jpg,0,
img003307.jpg,landscape/images/img003307.jpg,0,
img003308.jpg,landscape/images/img003308.jpg,0,
img003309.jpg,landscape/images/img003309.jpg,0,
img003310.jpg,landscape/images/img003310.jpg,0,
img003311.jpg,landscape/images/img003311.jpg,0,
img003312.jpg,landscape/images/img003312.jpg,0,
img003313.jpg,landscape/images/img003313.jpg,0,
img003314.jpg,landscape/images/img003314.jpg,0,
img003315.jpg,landscape/images/img003315.jpg,0,
img003316.jpg,landscape/images/img003316.jpg,0,
img003317.jpg,landscape/images/img003317.jpg,0,
img003318.jpg,landscape/images/img003318.jpg,0,
img003319.jpg,landscape/images/img003319.jpg,0,
img003320.jpg,landscape/images/img003320.jpg,0,
img003321.jpg,landscape/images/img003321.jpg,0,
img003322.jpg,landscape/images/img003322.jpg,0,
img003323.jpg,landscape/images/img003323.jpg,0,
img003324.jpg,landscape/images/img003324.jpg,0,
img003325.jpg,landscape/images/img003325.jpg,0,
img003326.jpg,landscape/images/img003326.jpg,0,
img003327.jpg,landscape/images/img003327.jpg,0,
img003328.jpg,landscape/images/img003328.jpg,0,
img003329.jpg,landscape/images/img003329.jpg,0,
img003330.jpg,landscape/images/img003330.jpg,0,
img003331.jpg,landscape/images/img003331.jpg,0,
img003332.jpg,landscape/images/img003332.jpg,0,
img003333.jpg,landscape/images/img003333.jpg,0,
img003334.jpg,landscape/images/img003334.jpg,0,
img003335.jpg,landscape/images/img003335.jpg,0,
img003336.jpg,landscape/images/img003336.jpg,0,
img003337.jpg,landscape/images/img003337.jpg,0,
img003338.jpg,landscape/images/img003338.jpg,0,
img003339.jpg,landscape/images/img003339.jpg,0,
img003340.jpg,landscape/images/img003340.jpg,0,
img003341.jpg,landscape/images/img003341.jpg,0,
img003342.jpg,landscape/images/img003342.jpg,0,
img003343.jpg,landscape/images/img003343.jpg,0,
img003344.jpg,landscape/images/img003344.jpg,0,
img003345.jpg,landscape/images/img003345.jpg,0,
img003346.jpg,landscape/images/img003346.jpg,0,
img003347.jpg,landscape/images/img003347.jpg,0,
img003348.jpg,landscape/images/img003348.jpg,0,
img003349.jpg,landscape/images/img003349.jpg,0,
img003350.jpg,landscape/images/img003350.jpg,0,
img003351.jpg,landscape/images/img003351.jpg,0,
img003352.jpg,landscape/images/img003352.jpg,0,
img003353.jpg,landscape/images/img003353.jpg,0,
img003354.jpg,landscape/images/img003354.jpg,0,
img003355.jpg,landscape/images/img003355.jpg,0,
img003356.jpg,landscape/images/img003356.jpg,0,
img003357.jpg,landscape/images/img003357.jpg,0,
img003358.jpg,landscape/images/img003358.jpg,0,
img003359.jpg,landscape/images/img003359.jpg,0,
img003360.jpg,landscape/images/img003360.jpg,0,
img003361.jpg,landscape/images/img003361.jpg,0,
img003362.jpg,landscape/images/img003362.jpg,0,
img003363.jpg,landscape/images/img003363.jpg,0,
img003364.jpg,landscape/images/img003364.jpg,0,
img003365.jpg,landscape/images/img003365.jpg,0,
img003366.jpg,landscape/images/img003366.jpg,0,
img003367.jpg,landscape/images/img003367.jpg,0,
img003368.jpg,landscape/images/img003368.jpg,0,
img003369.jpg,landscape/images/img003369.jpg,0,
img003370.jpg,landscape/images/img003370.jpg,0,
img003371.jpg,landscape/images/img003371.jpg,0,
img003372.jpg,landscape/images/img003372.jpg,0,
img003373.jpg,landscape/images/img003373.jpg,0,
img003374.jpg,landscape/images/img003374.jpg,0,
img003375.jpg,landscape/images/img003375.jpg,0,
img003376.jpg,landscape/images/img003376.jpg,0,
img003377.jpg,landscape/images/img003377.jpg,0,
img003378.jpg,landscape/images/img003378.jpg,0,
img003379.jpg,landscape/images/img003379.jpg,0,
img003380.jpg,landscape/images/img003380.jpg,0,
img003381.jpg,landscape/images/img003381.jpg,0,
img003382.jpg,landscape/images/img003382.jpg,0,
img003383.jpg,landscape/images/img003383.jpg,0,
img003384.jpg,landscape/images/img003384.jpg,0,
img003385.jpg,landscape/images/img003385.jpg,0,
img003386.jpg,landscape/images/img003386.jpg,0,
img003387.jpg,landscape/images/img003387.jpg,0,
img003388.jpg,landscape/images/img003388.jpg,0,
img003389.jpg,landscape/images/img003389.jpg,0,
img003390.jpg,landscape/images/img003390.jpg,0,
img003391.jpg,landscape/images/img003391.jpg,0,
img003392.jpg,landscape/images/img003392.jpg,0,
img003393.jpg,landscape/images/img003393.jpg,0,
img003394.jpg,landscape/images/img003394.jpg,0,
img003395.jpg,landscape/images/img003395.jpg,0,
img003396.jpg,landscape/images/img003396.jpg,0,
img003397.jpg,landscape/images/img003397.jpg,0,
img003398.jpg,landscape/images/img003398.jpg,0,
img003399.jpg,landscape/images/img003399.jpg,0,
img003400.jpg,landscape/images/img003400.jpg,0,
img003401.jpg,landscape/images/img003401.jpg,0,
img003402.jpg,landscape/images/img003402.jpg,0,
img003403.jpg,landscape/images/img003403.jpg,0,
img003404.jpg,landscape/images/img003404.jpg,0,
img003405.jpg,landscape/images/img003405.jpg,0,
img003406.jpg,landscape/images/img003406.jpg,0,
img003407.jpg,landscape/images/img003407.jpg,0,
img003408.jpg,landscape/images/img003408.jpg,0,
img003409.jpg,landscape/images/img003409.jpg,0,
img003410.jpg,landscape/images/img003410.jpg,0,
img003411.jpg,landscape/images/img003411.jpg,0,
img003412.jpg,landscape/images/img003412.jpg,0,
img003413.jpg,landscape/images/img003413.jpg,0,
img003414.jpg,landscape/images/img003414.jpg,0,
img003415.jpg,landscape/images/img003415.jpg,0,
img003416.jpg,landscape/images/img003416.jpg,0,
img003417.jpg,landscape/images/img003417.jpg,0,
img003418.jpg,landscape/images/img003418.jpg,0,
img003419.jpg,landscape/images/img003419.jpg,0,
img003420.jpg,landscape/images/img003420.jpg,0,
img003421.jpg,landscape/images/img003421.jpg,0,
img003422.jpg,landscape/images/img003422.jpg,0,
img003423.jpg,landscape/images/img003423.jpg,0,
img003424.jpg,landscape/images/img003424.jpg,0,
img003425.jpg,landscape/images/img003425.jpg,0,
img003426.jpg,landscape/images/img003426.jpg,0,
img003427.jpg,landscape/images/img003427.jpg,0,
img003428.jpg,landscape/images/img003428.jpg,0,
img003429.jpg,landscape/images/img003429.jpg,0,
img003430.jpg,landscape/images/img003430.jpg,0,
img003431.jpg,landscape/images/img003431.jpg,0,
img003432.jpg,landscape/images/img003432.jpg,0,
img003433.jpg,landscape/images/img003433.jpg,0,
img003434.jpg,landscape/images/img003434.jpg,0,
img003435.jpg,landscape/images/img003435.jpg,0,
img003436.jpg,landscape/images/img003436.jpg,0,
img003437.jpg,landscape/images/img003437.jpg,0,
img003438.jpg,landscape/images/img003438.jpg,0,
img003439.jpg,landscape/images/img003439.jpg,0,
img003440.jpg,landscape/images/img003440.jpg,0,
img003441.jpg,landscape/images/img003441.jpg,0,
img003442.jpg,landscape/images/img003442.jpg,0,
img003443.jpg,landscape/images/img003443.jpg,0,
img003444.jpg,landscape/images/img003444.jpg,0,
img003445.jpg,landscape/images/img003445.jpg,0,
img003446.jpg,landscape/images/img003446.jpg,0,
img003447.jpg,landscape/images/img003447.jpg,0,
img003448.jpg,landscape/images/img003448.jpg,0,
img003449.jpg,landscape/images/img003449.jpg,0,
img003450.jpg,landscape/images/img003450.jpg,0,
img003451.jpg,landscape/images/img003451.jpg,0,
img003452.jpg,landscape/images/img003452.jpg,0,
img003453.jpg,landscape/images/img003453.jpg,0,
img003454.jpg,landscape/images/img003454.jpg,0,
img003455.jpg,landscape/images/img003455.jpg,0,
img003456.jpg,landscape/images/img003456.jpg,0,
img003457.jpg,landscape/images/img003457.jpg,0,
img003458.jpg,landscape/images/img003458.jpg,0,
img003459.jpg,landscape/images/img003459.jpg,0,
img003460.jpg,landscape/images/img003460.jpg,0,
img003461.jpg,landscape/images/img003461.jpg,0,
img003462.jpg,landscape/images/img003462.jpg,0,
img003463.jpg,landscape/images/img003463.jpg,0,
img003464.jpg,landscape/images/img003464.jpg,0,
img003465.jpg,landscape/images/img003465.jpg,0,
img003466.jpg,landscape/images/img003466.jpg,0,
img003467.jpg,landscape/images/img003467.jpg,0,
img003468.jpg,landscape/images/img003468.jpg,0,
img003469.jpg,landscape/images/img003469.jpg,0,
img003470.jpg,landscape/images/img003470.jpg,0,
img003471.jpg,landscape/images/img003471.jpg,0,
img003472.jpg,landscape/images/img003472.jpg,0,
img003473.jpg,landscape/images/img003473.jpg,0,
img003474.jpg,landscape/images/img003474.jpg,0,
img003475.jpg,landscape/images/img003475.jpg,0,
img003476.jpg,landscape/images/img003476.jpg,0,
img003477.jpg,landscape/images/img003477.jpg,0,
img003478.jpg,landscape/images/img003478.jpg,0,
img003479.jpg,landscape/images/img003479.jpg,0,
img003480.jpg,landscape/images/img003480.jpg,0,
img003481.jpg,landscape/images/img003481.jpg,0,
img003482.jpg,landscape/images/img003482.jpg,0,
img003483.jpg,landscape/images/img003483.jpg,0,
img003484.jpg,landscape/images/img003484.jpg,0,
img003485.jpg,landscape/images/img003485.jpg,0,
img003486.jpg,landscape/images/img003486.jpg,0,
img003487.jpg,landscape/images/img003487.jpg,0,
img003488.jpg,landscape/images/img003488.jpg,0,
img003489.jpg,landscape/images/img003489.jpg,0,
img003490.jpg,landscape/images/img003490.jpg,0,
img003491.jpg,landscape/images/img003491.jpg,0,
img003492.jpg,landscape/images/img003492.jpg,0,
img003493.jpg,landscape/images/img003493.jpg,0,
img003494.jpg,landscape/images/img003494.jpg,0,
img003495.jpg,landscape/images/img003495.jpg,0,
img003496.jpg,landscape/images/img003496.jpg,0,
img003497.jpg,landscape/images/img003497.jpg,0,
img003498.jpg,landscape/images/img003498.jpg,0,
img003499.jpg,landscape/images/img003499.jpg,0,
img003500.jpg,landscape/images/img003500.jpg,0,
img003501.jpg,landscape/images/img003501.jpg,0,
img003502.jpg,landscape/images/img003502.jpg,0,
img003503.jpg,landscape/images/img003503.jpg,0,
img003504.jpg,landscape/images/img003504.jpg,0,
img003505.jpg,landscape/images/img003505.jpg,0,
img003506.jpg,landscape/images/img003506.jpg,0,
img003507.jpg,landscape/images/img003507.jpg,0,
img003508.jpg,landscape/images/img003508.jpg,0,
img003509.jpg,landscape/images/img003509.jpg,0,
img003510.jpg,landscape/images/img003510.jpg,0,
img003511.jpg,landscape/images/img003511.jpg,0,
img003512.jpg,landscape/images/img003512.jpg,0,
img003513.jpg,landscape/images/img003513.jpg,0,
img003514.jpg,landscape/images/img003514.jpg,0,
img003515.jpg,landscape/images/img003515.jpg,0,
img003516.jpg,landscape/images/img003516.jpg,0,
img003517.jpg,landscape/images/img003517.jpg,0,
img003518.jpg,landscape/images/img003518.jpg,0,
img003519.jpg,landscape/images/img003519.jpg,0,
img003520.jpg,landscape/images/img003520.jpg,0,
img003521.jpg,landscape/images/img003521.jpg,0,
img003522.jpg,landscape/images/img003522.jpg,0,
img003523.jpg,landscape/images/img003523.jpg,0,
img003524.jpg,landscape/images/img003524.jpg,0,
img003525.jpg,landscape/images/img003525.jpg,0,
img003526.jpg,landscape/images/img003526.jpg,0,
img003527.jpg,landscape/images/img003527.jpg,0,
img003528.jpg,landscape/images/img003528.jpg,0,
img003529.jpg,landscape/images/img003529.jpg,0,
img003530.jpg,landscape/images/img003530.jpg,0,
img003531.jpg,landscape/images/img003531.jpg,0,
img003532.jpg,landscape/images/img003532.jpg,0,
img003533.jpg,landscape/images/img003533.jpg,0,
img003534.jpg,landscape/images/img003534.jpg,0,
img003535.jpg,landscape/images/img003535.jpg,0,
img003536.jpg,landscape/images/img003536.jpg,0,
img003537.jpg,landscape/images/img003537.jpg,0,
img003538.jpg,landscape/images/img003538.jpg,0,
img003539.jpg,landscape/images/img003539.jpg,0,
img003540.jpg,landscape/images/img003540.jpg,0,
img003541.jpg,landscape/images/img003541.jpg,0,
img003542.jpg,landscape/images/img003542.jpg,0,
img003543.jpg,landscape/images/img003543.jpg,0,
img003544.jpg,landscape/images/img003544.jpg,0,
img003545.jpg,landscape/images/img003545.jpg,0,
img003546.jpg,landscape/images/img003546.jpg,0,
img003547.jpg,landscape/images/img003547.jpg,0,
img003548.jpg,landscape/images/img003548.jpg,0,
img003549.jpg,landscape/images/img003549.jpg,0,
img003550.jpg,landscape/images/img003550.jpg,0,
img003551.jpg,landscape/images/img003551.jpg,0,
img003552.jpg,landscape/images/img003552.jpg,0,
img003553.jpg,landscape/images/img003553.jpg,0,
img003554.jpg,landscape/images/img003554.jpg,0,
img003555.jpg,landscape/images/img003555.jpg,0,
img003556.jpg,landscape/images/img003556.jpg,0,
img003557.jpg,landscape/images/img003557.jpg,0,
img003558.jpg,landscape/images/img003558.jpg,0,
img003559.jpg,landscape/images/img003559.jpg,0,
img003560.jpg,landscape/images/img003560.jpg,0,
img003561.jpg,landscape/images/img003561.jpg,0,
img003562.jpg,landscape/images/img003562.jpg,0,
img003563.jpg,landscape/images/img003563.jpg,0,
img003564.jpg,landscape/images/img003564.jpg,0,
img003565.jpg,landscape/images/img003565.jpg,0,
img003566.jpg,landscape/images/img003566.jpg,0,
img003567.jpg,landscape/images/img003567.jpg,0,
img003568.jpg,landscape/images/img003568.jpg,0,
img003569.jpg,landscape/images/img003569.jpg,0,
img003570.jpg,landscape/images/img003570.jpg,0,
img003571.jpg,landscape/images/img003571.jpg,0,
img003572.jpg,landscape/images/img003572.jpg,0,
img003573.jpg,landscape/images/img003573.jpg,0,
img003574.jpg,landscape/images/img003574.jpg,0,
img003575.jpg,landscape/images/img003575.jpg,0,
img003576.jpg,landscape/images/img003576.jpg,0,
img003577.jpg,landscape/images/img003577.jpg,0,
img003578.jpg,landscape/images/img003578.jpg,0,
img003579.jpg,landscape/images/img003579.jpg,0,
img003580.jpg,landscape/images/img003580.jpg,0,
img003581.jpg,landscape/images/img003581.jpg,0,
img003582.jpg,landscape/images/img003582.jpg,0,
img003583.jpg,landscape/images/img003583.jpg,0,
img003584.jpg,landscape/images/img003584.jpg,0,
img003585.jpg,landscape/images/img003585.jpg,0,
img003586.jpg,landscape/images/img003586.jpg,0,
img003587.jpg,landscape/images/img003587.jpg,0,
img003588.jpg,landscape/images/img003588.jpg,0,
img003589.jpg,landscape/images/img003589.jpg,0,
img003590.jpg,landscape/images/img003590.jpg,0,
img003591.jpg,landscape/images/img003591.jpg,0,
img003592.jpg,landscape/images/img003592.jpg,0,
img003593.jpg,landscape/images/img003593.jpg,0,
img003594.jpg,landscape/images/img003594.jpg,0,
img003595.jpg,landscape/images/img003595.jpg,0,
img003596.jpg,landscape/images/img003596.jpg,0,
img003597.jpg,landscape/images/img003597.jpg,0,
img003598.jpg,landscape/images/img003598.jpg,0,
img003599.jpg,landscape/images/img003599.jpg,0,
img003600.jpg,landscape/images/img003600.jpg,0,
img003601.jpg,landscape/images/img003601.jpg,0,
img003602.jpg,landscape/images/img003602.jpg,0,
img003603.jpg,landscape/images/img003603.jpg,0,
img003604.jpg,landscape/images/img003604.jpg,0,
img003605.jpg,landscape/images/img003605.jpg,0,
img003606.jpg,landscape/images/img003606.jpg,0,
img003607.jpg,landscape/images/img003607.jpg,0,
img003608.jpg,landscape/images/img003608.jpg,0,
img003609.jpg,landscape/images/img003609.jpg,0,
img003610.jpg,landscape/images/img003610.jpg,0,
img003611.jpg,landscape/images/img003611.jpg,0,
img003612.jpg,landscape/images/img003612.jpg,0,
img003613.jpg,landscape/images/img003613.jpg,0,
img003614.jpg,landscape/images/img003614.jpg,0,
img003615.jpg,landscape/images/img003615.jpg,0,
img003616.jpg,landscape/images/img003616.jpg,0,
img003617.jpg,landscape/images/img003617.jpg,0,
img003618.jpg,landscape/images/img003618.jpg,0,
img003619.jpg,landscape/images/img003619.jpg,0,
img003620.jpg,landscape/images/img003620.jpg,0,
img003621.jpg,landscape/images/img003621.jpg,0,
img003622.jpg,landscape/images/img003622.jpg,0,
img003623.jpg,landscape/images/img003623.jpg,0,
img003624.jpg,landscape/images/img003624.jpg,0,
img003625.jpg,landscape/images/img003625.jpg,0,
img003626.jpg,landscape/images/img003626.jpg,0,
img003627.jpg,landscape/images/img003627.jpg,0,
img003628.jpg,landscape/images/img003628.jpg,0,
img003629.jpg,landscape/images/img003629.jpg,0,
img003630.jpg,landscape/images/img003630.jpg,0,
img003631.jpg,landscape/images/img003631.jpg,0,
img003632.jpg,landscape/images/img003632.jpg,0,
img003633.jpg,landscape/images/img003633.jpg,0,
img003634.jpg,landscape/images/img003634.jpg,0,
img003635.jpg,landscape/images/img003635.jpg,0,
img003636.jpg,landscape/images/img003636.jpg,0,
img003637.jpg,landscape/images/img003637.jpg,0,
img003638.jpg,landscape/images/img003638.jpg,0,
img003639.jpg,landscape/images/img003639.jpg,0,
img003640.jpg,landscape/images/img003640.jpg,0,
img003641.jpg,landscape/images/img003641.jpg,0,
img003642.jpg,landscape/images/img003642.jpg,0,
img003643.jpg,landscape/images/img003643.jpg,0,
img003644.jpg,landscape/images/img003644.jpg,0,
img003645.jpg,landscape/images/img003645.jpg,0,
img003646.jpg,landscape/images/img003646.jpg,0,
img003647.jpg,landscape/images/img003647.jpg,0,
img003648.jpg,landscape/images/img003648.jpg,0,
img003649.jpg,landscape/images/img003649.jpg,0,
img003650.jpg,landscape/images/img003650.jpg,0,
img003651.jpg,landscape/images/img003651.jpg,0,
img003652.jpg,landscape/images/img003652.jpg,0,
img003653.jpg,landscape/images/img003653.jpg,0,
img003654.jpg,landscape/images/img003654.jpg,0,
img003655.jpg,landscape/images/img003655.jpg,0,
img003656.jpg,landscape/images/img003656.jpg,0,
img003657.jpg,landscape/images/img003657.jpg,0,
img003658.jpg,landscape/images/img003658.jpg,0,
img003659.jpg,landscape/images/img003659.jpg,0,
img003660.jpg,landscape/images/img003660.jpg,0,
img003661.jpg,landscape/images/img003661.jpg,0,
img003662.jpg,landscape/images/img003662.jpg,0,
img003663.jpg,landscape/images/img003663.jpg,0,
img003664.jpg,landscape/images/img003664.jpg,0,
img003665.jpg,landscape/images/img003665.jpg,0,
img003666.jpg,landscape/images/img003666.jpg,0,
img003667.jpg,landscape/images/img003667.jpg,0,
img003668.jpg,landscape/images/img003668.jpg,0,
img003669.jpg,landscape/images/img003669.jpg,0,
img003670.jpg,landscape/images/img003670.jpg,0,
img003671.jpg,landscape/images/img003671.jpg,0,
img003672.jpg,landscape/images/img003672.jpg,0,
img003673.jpg,landscape/images/img003673.jpg,0,
img003674.jpg,landscape/images/img003674.jpg,0,
img003675.jpg,landscape/images/img003675.jpg,0,
img003676.jpg,landscape/images/img003676.jpg,0,
img003677.jpg,landscape/images/img003677.jpg,0,
img003678.jpg,landscape/images/img003678.jpg,0,
img003679.jpg,landscape/images/img003679.jpg,0,
img003680.jpg,landscape/images/img003680.jpg,0,
img003681.jpg,landscape/images/img003681.jpg,0,
img003682.jpg,landscape/images/img003682.jpg,0,
img003683.jpg,landscape/images/img003683.jpg,0,
img003684.jpg,landscape/images/img003684.jpg,0,
img003685.jpg,landscape/images/img003685.jpg,0,
img003686.jpg,landscape/images/img003686.jpg,0,
img003687.jpg,landscape/images/img003687.jpg,0,
img003688.jpg,landscape/images/img003688.jpg,0,
img003689.jpg,landscape/images/img003689.jpg,0,
img003690.jpg,landscape/images/img003690.jpg,0,
img003691.jpg,landscape/images/img003691.jpg,0,
img003692.jpg,landscape/images/img003692.jpg,0,
img003693.jpg,landscape/images/img003693.jpg,0,
img003694.jpg,landscape/images/img003694.jpg,0,
img003695.jpg,landscape/images/img003695.jpg,0,
img003696.jpg,landscape/images/img003696.jpg,0,
img003697.jpg,landscape/images/img003697.jpg,0,
img003698.jpg,landscape/images/img003698.jpg,0,
img003699.jpg,landscape/images/img003699.jpg,0,
img003700.jpg,landscape/images/img003700.jpg,0,
img003701.jpg,landscape/images/img003701.jpg,0,
img003702.jpg,landscape/images/img003702.jpg,0,
img003703.jpg,landscape/images/img003703.jpg,0,
img003704.jpg,landscape/images/img003704.jpg,0,
img003705.jpg,landscape/images/img003705.jpg,0,
img003706.jpg,landscape/images/img003706.jpg,0,
img003707.jpg,landscape/images/img003707.jpg,0,
img003708.jpg,landscape/images/img003708.jpg,0,
img003709.jpg,landscape/images/img003709.jpg,0,
img003710.jpg,landscape/images/img003710.jpg,0,
img003711.jpg,landscape/images/img003711.jpg,0,
img003712.jpg,landscape/images/img003712.jpg,0,
img003713.jpg,landscape/images/img003713.jpg,0,
img003714.jpg,landscape/images/img003714.jpg,0,
img003715.jpg,landscape/images/img003715.jpg,0,
img003716.jpg,landscape/images/img003716.jpg,0,
img003717.jpg,landscape/images/img003717.jpg,0,
img003718.jpg,landscape/images/img003718.jpg,0,
img003719.jpg,landscape/images/img003719.jpg,0,
img003720.jpg,landscape/images/img003720.jpg,0,
img003721.jpg,landscape/images/img003721.jpg,0,
img003722.jpg,landscape/images/img003722.jpg,0,
img003723.jpg,landscape/images/img003723.jpg,0,
img003724.jpg,landscape/images/img003724.jpg,0,
img003725.jpg,landscape/images/img003725.jpg,0,
img003726.jpg,landscape/images/img003726.jpg,0,
img003727.jpg,landscape/images/img003727.jpg,0,
img003728.jpg,landscape/images/img003728.jpg,0,
img003729.jpg,landscape/images/img003729.jpg,0,
img003730.jpg,landscape/images/img003730.jpg,0,
img003731.jpg,landscape/images/img003731.jpg,0,
img003732.jpg,landscape/images/img003732.jpg,0,
img003733.jpg,landscape/images/img003733.jpg,0,
img003734.jpg,landscape/images/img003734.jpg,0,
img003735.jpg,landscape/images/img003735.jpg,0,
img003736.jpg,landscape/images/img003736.jpg,0,
img003737.jpg,landscape/images/img003737.jpg,0,
img003738.jpg,landscape/images/img003738.jpg,0,
img003739.jpg,landscape/images/img003739.jpg,0,
img003740.jpg,landscape/images/img003740.jpg,0,
img003741.jpg,landscape/images/img003741.jpg,0,
img003742.jpg,landscape/images/img003742.jpg,0,
img003743.jpg,landscape/images/img003743.jpg,0,
img003744.jpg,landscape/images/img003744.jpg,0,
img003745.jpg,landscape/images/img003745.jpg,0,
img003746.jpg,landscape/images/img003746.jpg,0,
img003747.jpg,landscape/images/img003747.jpg,0,
img003748.jpg,landscape/images/img003748.jpg,0,
img003749.jpg,landscape/images/img003749.jpg,0,
img003750.jpg,landscape/images/img003750.jpg,0,
img003751.jpg,landscape/images/img003751.jpg,0,
img003752.jpg,landscape/images/img003752.jpg,0,
img003753.jpg,landscape/images/img003753.jpg,0,
img003754.jpg,landscape/images/img003754.jpg,0,
img003755.jpg,landscape/images/img003755.jpg,0,
img003756.jpg,landscape/images/img003756.jpg,0,
img003757.jpg,landscape/images/img003757.jpg,0,
img003758.jpg,landscape/images/img003758.jpg,0,
img003759.jpg,landscape/images/img003759.jpg,0,
img003760.jpg,landscape/images/img003760.jpg,0,
img003761.jpg,landscape/images/img003761.jpg,0,
img003762.jpg,landscape/images/img003762.jpg,0,
img003763.jpg,landscape/images/img003763.jpg,0,
img003764.jpg,landscape/images/img003764.jpg,0,
img003765.jpg,landscape/images/img003765.jpg,0,
img003766.jpg,landscape/images/img003766.jpg,0,
img003767.jpg,landscape/images/img003767.jpg,0,
img003768.jpg,landscape/images/img003768.jpg,0,
img003769.jpg,landscape/images/img003769.jpg,0,
img003770.jpg,landscape/images/img003770.jpg,0,
img003771.jpg,landscape/images/img003771.jpg,0,
img003772.jpg,landscape/images/img003772.jpg,0,
img003773.jpg,landscape/images/img003773.jpg,0,
img003774.jpg,landscape/images/img003774.jpg,0,
img003775.jpg,landscape/images/img003775.jpg,0,
img003776.jpg,landscape/images/img003776.jpg,0,
img003777.jpg,landscape/images/img003777.jpg,0,
img003778.jpg,landscape/images/img003778.jpg,0,
img003779.jpg,landscape/images/img003779.jpg,0,
img003780.jpg,landscape/images/img003780.jpg,0,
img003781.jpg,landscape/images/img003781.jpg,0,
img003782.jpg,landscape/images/img003782.jpg,0,
img003783.jpg,landscape/images/img003783.jpg,0,
img003784.jpg,landscape/images/img003784.jpg,0,
img003785.jpg,landscape/images/img003785.jpg,0,
img003786.jpg,landscape/images/img003786.jpg,0,
img003787.jpg,landscape/images/img003787.jpg,0,
img003788.jpg,landscape/images/img003788.jpg,0,
img003789.jpg,landscape/images/img003789.jpg,0,
img003790.jpg,landscape/images/img003790.jpg,0,
img003791.jpg,landscape/images/img003791.jpg,0,
img003792.jpg,landscape/images/img003792.jpg,0,
img003793.jpg,landscape/images/img003793.jpg,0,
img003794.jpg,landscape/images/img003794.jpg,0,
img003795.jpg,landscape/images/img003795.jpg,0,
img003796.jpg,landscape/images/img003796.jpg,0,
img003797.jpg,landscape/images/img003797.jpg,0,
img003798.jpg,landscape/images/img003798.jpg,0,
img003799.jpg,landscape/images/img003799.jpg,0,
img003800.jpg,landscape/images/img003800.jpg,0,
img003801.jpg,landscape/images/img003801.jpg,0,
img003802.jpg,landscape/images/img003802.jpg,0,
img003803.jpg,landscape/images/img003803.jpg,0,
img003804.jpg,landscape/images/img003804.jpg,0,
img003805.jpg,landscape/images/img003805.jpg,0,
img003806.jpg,landscape/images/img003806.jpg,0,
img003807.jpg,landscape/images/img003807.jpg,0,
img003808.jpg,landscape/images/img003808.jpg,0,
img003809.jpg,landscape/images/img003809.jpg,0,
img003810.jpg,landscape/images/img003810.jpg,0,
img003811.jpg,landscape/images/img003811.jpg,0,
img003812.jpg,landscape/images/img003812.jpg,0,
img003813.jpg,landscape/images/img003813.jpg,0,
img003814.jpg,landscape/images/img003814.jpg,0,
img003815.jpg,landscape/images/img003815.jpg,0,
img003816.jpg,landscape/images/img003816.jpg,0,
img003817.jpg,landscape/images/img003817.jpg,0,
img003818.jpg,landscape/images/img003818.jpg,0,
img003819.jpg,landscape/images/img003819.jpg,0,
img003820.jpg,landscape/images/img003820.jpg,0,
img003821.jpg,landscape/images/img003821.jpg,0,
img003822.jpg,landscape/images/img003822.jpg,0,
img003823.jpg,landscape/images/img003823.jpg,0,
img003824.jpg,landscape/images/img003824.jpg,0,
img003825.jpg,landscape/images/img003825.jpg,0,
img003826.jpg,landscape/images/img003826.jpg,0,
img003827.jpg,landscape/images/img003827.jpg,0,
img003828.jpg,landscape/images/img003828.jpg,0,
img003829.jpg,landscape/images/img003829.jpg,0,
img003830.jpg,landscape/images/img003830.jpg,0,
img003831.jpg,landscape/images/img003831.jpg,0,
img003832.jpg,landscape/images/img003832.jpg,0,
img003833.jpg,landscape/images/img003833.jpg,0,
img003834.jpg,landscape/images/img003834.jpg,0,
img003835.jpg,landscape/images/img003835.jpg,0,
img003836.jpg,landscape/images/img003836.jpg,0,
img003837.jpg,landscape/images/img003837.jpg,0,
img003838.jpg,landscape/images/img003838.jpg,0,
img003839.jpg,landscape/images/img003839.jpg,0,
img003840.jpg,landscape/images/img003840.jpg,0,
img003841.jpg,landscape/images/img003841.jpg,0,
img003842.jpg,landscape/images/img003842.jpg,0,
img003843.jpg,landscape/images/img003843.jpg,0,
img003844.jpg,landscape/images/img003844.jpg,0,
img003845.jpg,landscape/images/img003845.jpg,0,
img003846.jpg,landscape/images/img003846.jpg,0,
img003847.jpg,landscape/images/img003847.jpg,0,
img003848.jpg,landscape/images/img003848.jpg,0,
img003849.jpg,landscape/images/img003849.jpg,0,
img003850.jpg,landscape/images/img003850.jpg,0,
img003851.jpg,landscape/images/img003851.jpg,0,
img003852.jpg,landscape/images/img003852.jpg,0,
img003853.jpg,landscape/images/img003853.jpg,0,
img003854.jpg,landscape/images/img003854.jpg,0,
img003855.jpg,landscape/images/img003855.jpg,0,
img003856.jpg,landscape/images/img003856.jpg,0,
img003857.jpg,landscape/images/img003857.jpg,0,
img003858.jpg,landscape/images/img003858.jpg,0,
img003859.jpg,landscape/images/img003859.jpg,0,
img003860.jpg,landscape/images/img003860.jpg,0,
img003861.jpg,landscape/images/img003861.jpg,0,
img003862.jpg,landscape/images/img003862.jpg,0,
img003863.jpg,landscape/images/img003863.jpg,0,
img003864.jpg,landscape/images/img003864.jpg,0,
img003865.jpg,landscape/images/img003865.jpg,0,
img003866.jpg,landscape/images/img003866.jpg,0,
img003867.jpg,landscape/images/img003867.jpg,0,
img003868.jpg,landscape/images/img003868.jpg,0,
img003869.jpg,landscape/images/img003869.jpg,0,
img003870.jpg,landscape/images/img003870.jpg,0,
img003871.jpg,landscape/images/img003871.jpg,0,
img003872.jpg,landscape/images/img003872.jpg,0,
img003873.jpg,landscape/images/img003873.jpg,0,
img003874.jpg,landscape/images/img003874.jpg,0,
img003875.jpg,landscape/images/img003875.jpg,0,
img003876.jpg,landscape/images/img003876.jpg,0,
img003877.jpg,landscape/images/img003877.jpg,0,
img003878.jpg,landscape/images/img003878.jpg,0,
img003879.jpg,landscape/images/img003879.jpg,0,
img003880.jpg,landscape/images/img003880.jpg,0,
img003881.jpg,landscape/images/img003881.jpg,0,
img003882.jpg,landscape/images/img003882.jpg,0,
img003883.jpg,landscape/images/img003883.jpg,0,
img003884.jpg,landscape/images/img003884.jpg,0,
img003885.jpg,landscape/images/img003885.jpg,0,
img003886.jpg,landscape/images/img003886.jpg,0,
img003887.jpg,landscape/images/img003887.jpg,0,
img003888.jpg,landscape/images/img003888.jpg,0,
img003889.jpg,landscape/images/img003889.jpg,0,
img003890.jpg,landscape/images/img003890.jpg,0,
img003891.jpg,landscape/images/img003891.jpg,0,
img003892.jpg,landscape/images/img003892.jpg,0,
img003893.jpg,landscape/images/img003893.jpg,0,
img003894.jpg,landscape/images/img003894.jpg,0,
img003895.jpg,landscape/images/img003895.jpg,0,
img003896.jpg,landscape/images/img003896.jpg,0,
img003897.jpg,landscape/images/img003897.jpg,0,
img003898.jpg,landscape/images/img003898.jpg,0,
img003899.jpg,landscape/images/img003899.jpg,0,
img003900.jpg,landscape/images/img003900.jpg,0,
img003901.jpg,landscape/images/img003901.jpg,0,
img003902.jpg,landscape/images/img003902.jpg,0,
img003903.jpg,landscape/images/img003903.jpg,0,
img003904.jpg,landscape/images/img003904.jpg,0,
img003905.jpg,landscape/images/img003905.jpg,0,
img003906.jpg,landscape/images/img003906.jpg,0,
img003907.jpg,landscape/images/img003907.jpg,0,
img003908.jpg,landscape/images/img003908.jpg,0,
img003909.jpg,landscape/images/img003909.jpg,0,
img003910.jpg,landscape/images/img003910.jpg,0,
img003911.jpg,landscape/images/img003911.jpg,0,
img003912.jpg,landscape/images/img003912.jpg,0,
img003913.jpg,landscape/images/img003913.jpg,0,
img003914.jpg,landscape/images/img003914.jpg,0,
img003915.jpg,landscape/images/img003915.jpg,0,
img003916.jpg,landscape/images/img003916.jpg,0,
img003917.jpg,landscape/images/img003917.jpg,0,
img003918.jpg,landscape/images/img003918.jpg,0,
img003919.jpg,landscape/images/img003919.jpg,0,
img003920.jpg,landscape/images/img003920.jpg,0,
img003921.jpg,landscape/images/img003921.jpg,0,
img003922.jpg,landscape/images/img003922.jpg,0,
img003923.jpg,landscape/images/img003923.jpg,0,
img003924.jpg,landscape/images/img003924.jpg,0,
img003925.jpg,landscape/images/img003925.jpg,0,
img003926.jpg,landscape/images/img003926.jpg,0,
img003927.jpg,landscape/images/img003927.jpg,0,
img003928.jpg,landscape/images/img003928.jpg,0,
img003929.jpg,landscape/images/img003929.jpg,0,
img003930.jpg,landscape/images/img003930.jpg,0,
img003931.jpg,landscape/images/img003931.jpg,0,
img003932.jpg,landscape/images/img003932.jpg,0,
img003933.jpg,landscape/images/img003933.jpg,0,
img003934.jpg,landscape/images/img003934.jpg,0,
img003935.jpg,landscape/images/img003935.jpg,0,
img003936.jpg,landscape/images/img003936.jpg,0,
img003937.jpg,landscape/images/img003937.jpg,0,
img003938.jpg,landscape/images/img003938.jpg,0,
img003939.jpg,landscape/images/img003939.jpg,0,
img003940.jpg,landscape/images/img003940.jpg,0,
img003941.jpg,landscape/images/img003941.jpg,0,
img003942.jpg,landscape/images/img003942.jpg,0,
img003943.jpg,landscape/images/img003943.jpg,0,
img003944.jpg,landscape/images/img003944.jpg,0,
img003945.jpg,landscape/images/img003945.jpg,0,
img003946.jpg,landscape/images/img003946.jpg,0,
img003947.jpg,landscape/images/img003947.jpg,0,
img003948.jpg,landscape/images/img003948.jpg,0,
img003949.jpg,landscape/images/img003949.jpg,0,
img003950.jpg,landscape/images/img003950.jpg,0,
img003951.jpg,landscape/images/img003951.jpg,0,
img003952.jpg,landscape/images/img003952.jpg,0,
img003953.jpg,landscape/images/img003953.jpg,0,
img003954.jpg,landscape/images/img003954.jpg,0,
img003955.jpg,landscape/images/img003955.jpg,0,
img003956.jpg,landscape/images/img003956.jpg,0,
img003957.jpg,landscape/images/img003957.jpg,0,
img003958.jpg,landscape/images/img003958.jpg,0,
img003959.jpg,landscape/images/img003959.jpg,0,
img003960.jpg,landscape/images/img003960.jpg,0,
img003961.jpg,landscape/images/img003961.jpg,0,
img003962.jpg,landscape/images/img003962.jpg,0,
img003963.jpg,landscape/images/img003963.jpg,0,
img003964.jpg,landscape/images/img003964.jpg,0,
img003965.jpg,landscape/images/img003965.jpg,0,
img003966.jpg,landscape/images/img003966.jpg,0,
img003967.jpg,landscape/images/img003967.jpg,0,
img003968.jpg,landscape/images/img003968.jpg,0,
img003969.jpg,landscape/images/img003969.jpg,0,
img003970.jpg,landscape/images/img003970.jpg,0,
img003971.jpg,landscape/images/img003971.jpg,0,
img003972.jpg,landscape/images/img003972.jpg,0,
img003973.jpg,landscape/images/img003973.jpg,0,
img003974.jpg,landscape/images/img003974.jpg,0,
img003975.jpg,landscape/images/img003975.jpg,0,
img003976.jpg,landscape/images/img003976.jpg,0,
img003977.jpg,landscape/images/img003977.jpg,0,
img003978.jpg,landscape/images/img003978.jpg,0,
img003979.jpg,landscape/images/img003979.jpg,0,
img003980.jpg,landscape/images/img003980.jpg,0,
img003981.jpg,landscape/images/img003981.jpg,0,
img003982.jpg,landscape/images/img003982.jpg,0,
img003983.jpg,landscape/images/img003983.jpg,0,
img003984.jpg,landscape/images/img003984.jpg,0,
img003985.jpg,landscape/images/img003985.jpg,0,
img003986.jpg,landscape/images/img003986.jpg,0,
img003987.jpg,landscape/images/img003987.jpg,0,
img003988.jpg,landscape/images/img003988.jpg,0,
img003989.jpg,landscape/images/img003989.jpg,0,
img003990.jpg,landscape/images/img003990.jpg,0,
img003991.jpg,landscape/images/img003991.jpg,0,
img003992.jpg,landscape/images/img003992.jpg,0,
img003993.jpg,landscape/images/img003993.jpg,0,
img003994.jpg,landscape/images/img003994.jpg,0,
img003995.jpg,landscape/images/img003995.jpg,0,
img003996.jpg,landscape/images/img003996.jpg,0,
img003997.jpg,landscape/images/img003997.jpg,0,
img003998.jpg,landscape/images/img003998.jpg,0,
img003999.jpg,landscape/images/img003999.jpg,0,
img004000.jpg,landscape/images/img004000.jpg,0,
img004001.jpg,landscape/images/img004001.jpg,0,
img004002.jpg,landscape/images/img004002.jpg,0,
img004003.jpg,landscape/images/img004003.jpg,0,
img004004.jpg,landscape/images/img004004.jpg,0,
img004005.jpg,landscape/images/img004005.jpg,0,
img004006.jpg,landscape/images/img004006.jpg,0,
img004007.jpg,landscape/images/img004007.jpg,0,
img004008.jpg,landscape/images/img004008.jpg,0,
img004009.jpg,landscape/images/img004009.jpg,0,
img004010.jpg,landscape/images/img004010.jpg,0,
img004011.jpg,landscape/images/img004011.jpg,0,
img004012.jpg,landscape/images/img004012.jpg,0,
img004013.jpg,landscape/images/img004013.jpg,0,
img004014.jpg,landscape/images/img004014.jpg,0,
img004015.jpg,landscape/images/img004015.jpg,0,
img004016.jpg,landscape/images/img004016.jpg,0,
img004017.jpg,landscape/images/img004017.jpg,0,
img004018.jpg,landscape/images/img004018.jpg,0,
img004019.jpg,landscape/images/img004019.jpg,0,
img004020.jpg,landscape/images/img004020.jpg,0,
img004021.jpg,landscape/images/img004021.jpg,0,
img004022.jpg,landscape/images/img004022.jpg,0,
img004023.jpg,landscape/images/img004023.jpg,0,
img004024.jpg,landscape/images/img004024.jpg,0,
img004025.jpg,landscape/images/img004025.jpg,0,
img004026.jpg,landscape/images/img004026.jpg,0,
img004027.jpg,landscape/images/img004027.jpg,0,
img004028.jpg,landscape/images/img004028.jpg,0,
img004029.jpg,landscape/images/img004029.jpg,0,
img004030.jpg,landscape/images/img004030.jpg,0,
img004031.jpg,landscape/images/img004031.jpg,0,
img004032.jpg,landscape/images/img004032.jpg,0,
img004033.jpg,landscape/images/img004033.jpg,0,
img004034.jpg,landscape/images/img004034.jpg,0,
img004035.jpg,landscape/images/img004035.jpg,0,
img004036.jpg,landscape/images/img004036.jpg,0,
img004037.jpg,landscape/images/img004037.jpg,0,
img004038.jpg,landscape/images/img004038.jpg,0,
img004039.jpg,landscape/images/img004039.jpg,0,
img004040.jpg,landscape/images/img004040.jpg,0,
img004041.jpg,landscape/images/img004041.jpg,0,
img004042.jpg,landscape/images/img004042.jpg,0,
img004043.jpg,landscape/images/img004043.jpg,0,
img004044.jpg,landscape/images/img004044.jpg,0,
img004045.jpg,landscape/images/img004045.jpg,0,
img004046.jpg,landscape/images/img004046.jpg,0,
img004047.jpg,landscape/images/img004047.jpg,0,
img004048.jpg,landscape/images/img004048.jpg,0,
img004049.jpg,landscape/images/img004049.jpg,0,
img004050.jpg,landscape/images/img004050.jpg,0,
img004051.jpg,landscape/images/img004051.jpg,0,
img004052.jpg,landscape/images/img004052.jpg,0,
img004053.jpg,landscape/images/img004053.jpg,0,
img004054.jpg,landscape/images/img004054.jpg,0,
img004055.jpg,landscape/images/img004055.jpg,0,
img004056.jpg,landscape/images/img004056.jpg,0,
img004057.jpg,landscape/images/img004057.jpg,0,
img004058.jpg,landscape/images/img004058.jpg,0,
img004059.jpg,landscape/images/img004059.jpg,0,
img004060.jpg,landscape/images/img004060.jpg,0,
img004061.jpg,landscape/images/img004061.jpg,0,
img004062.jpg,landscape/images/img004062.jpg,0,
img004063.jpg,landscape/images/img004063.jpg,0,
img004064.jpg,landscape/images/img004064.jpg,0,
img004065.jpg,landscape/images/img004065.jpg,0,
img004066.jpg,landscape/images/img004066.jpg,0,
img004067.jpg,landscape/images/img004067.jpg,0,
img004068.jpg,landscape/images/img004068.jpg,0,
img004069.jpg,landscape/images/img004069.jpg,0,
img004070.jpg,landscape/images/img004070.jpg,0,
img004071.jpg,landscape/images/img004071.jpg,0,
img004072.jpg,landscape/images/img004072.jpg,0,
img004073.jpg,landscape/images/img004073.jpg,0,
img004074.jpg,landscape/images/img004074.jpg,0,
img004075.jpg,landscape/images/img004075.jpg,0,
img004076.jpg,landscape/images/img004076.jpg,0,
img004077.jpg,landscape/images/img004077.jpg,0,
img004078.jpg,landscape/images/img004078.jpg,0,
img004079.jpg,landscape/images/img004079.jpg,0,
img004080.jpg,landscape/images/img004080.jpg,0,
img004081.jpg,landscape/images/img004081.jpg,0,
img004082.jpg,landscape/images/img004082.jpg,0,
img004083.jpg,landscape/images/img004083.jpg,0,
img004084.jpg,landscape/images/img004084.jpg,0,
img004085.jpg,landscape/images/img004085.jpg,0,
img004086.jpg,landscape/images/img004086.jpg,0,
img004087.jpg,landscape/images/img004087.jpg,0,
img004088.jpg,landscape/images/img004088.jpg,0,
img004089.jpg,landscape/images/img004089.jpg,0,
img004090.jpg,landscape/images/img004090.jpg,0,
img004091.jpg,landscape/images/img004091.jpg,0,
img004092.jpg,landscape/images/img004092.jpg,0,
img004093.jpg,landscape/images/img004093.jpg,0,
img004094.jpg,landscape/images/img004094.jpg,0,
img004095.jpg,landscape/images/img004095.jpg,0,
img004096.jpg,landscape/images/img004096.jpg,0,
img004097.jpg,landscape/images/img004097.jpg,0,
img004098.jpg,landscape/images/img004098.jpg,0,
img004099.jpg,landscape/images/img004099.jpg,0,
img004100.jpg,landscape/images/img004100.jpg,0,
img004101.jpg,landscape/images/img004101.jpg,0,
img004102.jpg,landscape/images/img004102.jpg,0,
img004103.jpg,landscape/images/img004103.jpg,0,
img004104.jpg,landscape/images/img004104.jpg,0,
img004105.jpg,landscape/images/img004105.jpg,0,
img004106.jpg,landscape/images/img004106.jpg,0,
img004107.jpg,landscape/images/img004107.jpg,0,
img004108.jpg,landscape/images/img004108.jpg,0,
img004109.jpg,landscape/images/img004109.jpg,0,
img004110.jpg,landscape/images/img004110.jpg,0,
img004111.jpg,landscape/images/img004111.jpg,0,
img004112.jpg,landscape/images/img004112.jpg,0,
img004113.jpg,landscape/images/img004113.jpg,0,
img004114.jpg,landscape/images/img004114.jpg,0,
img004115.jpg,landscape/images/img004115.jpg,0,
img004116.jpg,landscape/images/img004116.jpg,0,
img004117.jpg,landscape/images/img004117.jpg,0,
img004118.jpg,landscape/images/img004118.jpg,0,
img004119.jpg,landscape/images/img004119.jpg,0,
img004120.jpg,landscape/images/img004120.jpg,0,
img004121.jpg,landscape/images/img004121.jpg,0,
img004122.jpg,landscape/images/img004122.jpg,0,
img004123.jpg,landscape/images/img004123.jpg,0,
img004124.jpg,landscape/images/img004124.jpg,0,
img004125.jpg,landscape/images/img004125.jpg,0,
img004126.jpg,landscape/images/img004126.jpg,0,
img004127.jpg,landscape/images/img004127.jpg,0,
img004128.jpg,landscape/images/img004128.jpg,0,
img004129.jpg,landscape/images/img004129.jpg,0,
img004130.jpg,landscape/images/img004130.jpg,0,
img004131.jpg,landscape/images/img004131.jpg,0,
img004132.jpg,landscape/images/img004132.jpg,0,
img004133.jpg,landscape/images/img004133.jpg,0,
img004134.jpg,landscape/images/img004134.jpg,0,
img004135.jpg,landscape/images/img004135.jpg,0,
img004136.jpg,landscape/images/img004136.jpg,0,
img004137.jpg,landscape/images/img004137.jpg,0,
img004138.jpg,landscape/images/img004138.jpg,0,
img004139.jpg,landscape/images/img004139.jpg,0,
img004140.jpg,landscape/images/img004140.jpg,0,
img004141.jpg,landscape/images/img004141.jpg,0,
img004142.jpg,landscape/images/img004142.jpg,0,
img004143.jpg,landscape/images/img004143.jpg,0,
img004144.jpg,landscape/images/img004144.jpg,0,
img004145.jpg,landscape/images/img004145.jpg,0,
img004146.jpg,landscape/images/img004146.jpg,0,
img004147.jpg,landscape/images/img004147.jpg,0,
img004148.jpg,landscape/images/img004148.jpg,0,
img004149.jpg,landscape/images/img004149.jpg,0,
img004150.jpg,landscape/images/img004150.jpg,0,
img004151.jpg,landscape/images/img004151.jpg,0,
img004152.jpg,landscape/images/img004152.jpg,0,
img004153.jpg,landscape/images/img004153.jpg,0,
img004154.jpg,landscape/images/img004154.jpg,0,
img004155.jpg,landscape/images/img004155.jpg,0,
img004156.jpg,landscape/images/img004156.jpg,0,
img004157.jpg,landscape/images/img004157.jpg,0,
img004158.jpg,landscape/images/img004158.jpg,0,
img004159.jpg,landscape/images/img004159.jpg,0,
img004160.jpg,landscape/images/img004160.jpg,0,
img004161.jpg,landscape/images/img004161.jpg,0,
img004162.jpg,landscape/images/img004162.jpg,0,
img004163.jpg,landscape/images/img004163.jpg,0,
img004164.jpg,landscape/images/img004164.jpg,0,
img004165.jpg,landscape/images/img004165.jpg,0,
img004166.jpg,landscape/images/img004166.jpg,0,
img004167.jpg,landscape/images/img004167.jpg,0,
img004168.jpg,landscape/images/img004168.jpg,0,
img004169.jpg,landscape/images/img004169.jpg,0,
img004170.jpg,landscape/images/img004170.jpg,0,
img004171.jpg,landscape/images/img004171.jpg,0,
img004172.jpg,landscape/images/img004172.jpg,0,
img004173.jpg,landscape/images/img004173.jpg,0,
img004174.jpg,landscape/images/img004174.jpg,0,
img004175.jpg,landscape/images/img004175.jpg,0,
img004176.jpg,landscape/images/img004176.jpg,0,
img004177.jpg,landscape/images/img004177.jpg,0,
img004178.jpg,landscape/images/img004178.jpg,0,
img004179.jpg,landscape/images/img004179.jpg,0,
img004180.jpg,landscape/images/img004180.jpg,0,
img004181.jpg,landscape/images/img004181.jpg,0,
img004182.jpg,landscape/images/img004182.jpg,0,
img004183.jpg,landscape/images/img004183.jpg,0,
img004184.jpg,landscape/images/img004184.jpg,0,
img004185.jpg,landscape/images/img004185.jpg,0,
img004186.jpg,landscape/images/img004186.jpg,0,
img004187.jpg,landscape/images/img004187.jpg,0,
img004188.jpg,landscape/images/img004188.jpg,0,
img004189.jpg,landscape/images/img004189.jpg,0,
img004190.jpg,landscape/images/img004190.jpg,0,
img004191.jpg,landscape/images/img004191.jpg,0,
img004192.jpg,landscape/images/img004192.jpg,0,
img004193.jpg,landscape/images/img004193.jpg,0,
img004194.jpg,landscape/images/img004194.jpg,0,
img004195.jpg,landscape/images/img004195.jpg,0,
img004196.jpg,landscape/images/img004196.jpg,0,
img004197.jpg,landscape/images/img004197.jpg,0,
img004198.jpg,landscape/images/img004198.jpg,0,
img004199.jpg,landscape/images/img004199.jpg,0,
img004200.jpg,landscape/images/img004200.jpg,0,
img004201.jpg,landscape/images/img004201.jpg,0,
img004202.jpg,landscape/images/img004202.jpg,0,
img004203.jpg,landscape/images/img004203.jpg,0,
img004204.jpg,landscape/images/img004204.jpg,0,
img004205.jpg,landscape/images/img004205.jpg,0,
img004206.jpg,landscape/images/img004206.jpg,0,
img004207.jpg,landscape/images/img004207.jpg,0,
img004208.jpg,landscape/images/img004208.jpg,0,
img004209.jpg,landscape/images/img004209.jpg,0,
img004210.jpg,landscape/images/img004210.jpg,0,
img004211.jpg,landscape/images/img004211.jpg,0,
img004212.jpg,landscape/images/img004212.jpg,0,
img004213.jpg,landscape/images/img004213.jpg,0,
img004214.jpg,landscape/images/img004214.jpg,0,
img004215.jpg,landscape/images/img004215.jpg,0,
img004216.jpg,landscape/images/img004216.jpg,0,
img004217.jpg,landscape/images/img004217.jpg,0,
img004218.jpg,landscape/images/img004218.jpg,0,
img004219.jpg,landscape/images/img004219.jpg,0,
img004220.jpg,landscape/images/img004220.jpg,0,
img004221.jpg,landscape/images/img004221.jpg,0,
img004222.jpg,landscape/images/img004222.jpg,0,
img004223.jpg,landscape/images/img004223.jpg,0,
img004224.jpg,landscape/images/img004224.jpg,0,
img004225.jpg,landscape/images/img004225.jpg,0,
img004226.jpg,landscape/images/img004226.jpg,0,
img004227.jpg,landscape/images/img004227.jpg,0,
img004228.jpg,landscape/images/img004228.jpg,0,
img004229.jpg,landscape/images/img004229.jpg,0,
img004230.jpg,landscape/images/img004230.jpg,0,
img004231.jpg,landscape/images/img004231.jpg,0,
img004232.jpg,landscape/images/img004232.jpg,0,
img004233.jpg,landscape/images/img004233.jpg,0,
img004234.jpg,landscape/images/img004234.jpg,0,
img004235.jpg,landscape/images/img004235.jpg,0,
img004236.jpg,landscape/images/img004236.jpg,0,
img004237.jpg,landscape/images/img004237.jpg,0,
img004238.jpg,landscape/images/img004238.jpg,0,
img004239.jpg,landscape/images/img004239.jpg,0,
img004240.jpg,landscape/images/img004240.jpg,0,
img004241.jpg,landscape/images/img004241.jpg,0,
img004242.jpg,landscape/images/img004242.jpg,0,
img004243.jpg,landscape/images/img004243.jpg,0,
img004244.jpg,landscape/images/img004244.jpg,0,
img004245.jpg,landscape/images/img004245.jpg,0,
img004246.jpg,landscape/images/img004246.jpg,0,
img004247.jpg,landscape/images/img004247.jpg,0,
img004248.jpg,landscape/images/img004248.jpg,0,
img004249.jpg,landscape/images/img004249.jpg,0,
img004250.jpg,landscape/images/img004250.jpg,0,
img004251.jpg,landscape/images/img004251.jpg,0,
img004252.jpg,landscape/images/img004252.jpg,0,
img004253.jpg,landscape/images/img004253.jpg,0,
img004254.jpg,landscape/images/img004254.jpg,0,
img004255.jpg,landscape/images/img004255.jpg,0,
img004256.jpg,landscape/images/img004256.jpg,0,
img004257.jpg,landscape/images/img004257.jpg,0,
img004258.jpg,landscape/images/img004258.jpg,0,
img004259.jpg,landscape/images/img004259.jpg,0,
img004260.jpg,landscape/images/img004260.jpg,0,
img004261.jpg,landscape/images/img004261.jpg,0,
img004262.jpg,landscape/images/img004262.jpg,0,
img004263.jpg,landscape/images/img004263.jpg,0,
img004264.jpg,landscape/images/img004264.jpg,0,
img004265.jpg,landscape/images/img004265.jpg,0,
img004266.jpg,landscape/images/img004266.jpg,0,
img004267.jpg,landscape/images/img004267.jpg,0,
img004268.jpg,landscape/images/img004268.jpg,0,
img004269.jpg,landscape/images/img004269.jpg,0,
img004270.jpg,landscape/images/img004270.jpg,0,
img004271.jpg,landscape/images/img004271.jpg,0,
img004272.jpg,landscape/images/img004272.jpg,0,
img004273.jpg,landscape/images/img004273.jpg,0,
img004274.jpg,landscape/images/img004274.jpg,0,
img004275.jpg,landscape/images/img004275.jpg,0,
img004276.jpg,landscape/images/img004276.jpg,0,
img004277.jpg,landscape/images/img004277.jpg,0,
img004278.jpg,landscape/images/img004278.jpg,0,
img004279.jpg,landscape/images/img004279.jpg,0,
img004280.jpg,landscape/images/img004280.jpg,0,
img004281.jpg,landscape/images/img004281.jpg,0,
img004282.jpg,landscape/images/img004282.jpg,0,
img004283.jpg,landscape/images/img004283.jpg,0,
img004284.jpg,landscape/images/img004284.jpg,0,
img004285.jpg,landscape/images/img004285.jpg,0,
img004286.jpg,landscape/images/img004286.jpg,0,
img004287.jpg,landscape/images/img004287.jpg,0,
img004288.jpg,landscape/images/img004288.jpg,0,
img004289.jpg,landscape/images/img004289.jpg,0,
img004290.jpg,landscape/images/img004290.jpg,0,
img004291.jpg,landscape/images/img004291.jpg,0,
img004292.jpg,landscape/images/img004292.jpg,0,
img004293.jpg,landscape/images/img004293.jpg,0,
img004294.jpg,landscape/images/img004294.jpg,0,
img004295.jpg,landscape/images/img004295.jpg,0,
img004296.jpg,landscape/images/img004296.jpg,0,
img004297.jpg,landscape/images/img004297.jpg,0,
img004298.jpg,landscape/images/img004298.jpg,0,
img004299.jpg,landscape/images/img004299.jpg,0,
img004300.jpg,landscape/images/img004300.jpg,0,
img004301.jpg,landscape/images/img004301.jpg,0,
img004302.jpg,landscape/images/img004302.jpg,0,
img004303.jpg,landscape/images/img004303.jpg,0,
img004304.jpg,landscape/images/img004304.jpg,0,
img004305.jpg,landscape/images/img004305.jpg,0,
img004306.jpg,landscape/images/img004306.jpg,0,
img004307.jpg,landscape/images/img004307.jpg,0,
img004308.jpg,landscape/images/img004308.jpg,0,
img004309.jpg,landscape/images/img004309.jpg,0,
img004310.jpg,landscape/images/img004310.jpg,0,
img004311.jpg,landscape/images/img004311.jpg,0,
img004312.jpg,landscape/images/img004312.jpg,0,
img004313.jpg,landscape/images/img004313.jpg,0,
img004314.jpg,landscape/images/img004314.jpg,0,
img004315.jpg,landscape/images/img004315.jpg,0,
img004316.jpg,landscape/images/img004316.jpg,0,
img004317.jpg,landscape/images/img004317.jpg,0,
img004318.jpg,landscape/images/img004318.jpg,0,
