filename,image_path,target,category
img000123.jpg,sfhq/images/part1/img000123.jpg,6,
img001138.jpg,sfhq/images/part1/img001138.jpg,6,
img002787.jpg,sfhq/images/part1/img002787.jpg,6,
img004082.jpg,sfhq/images/part1/img004082.jpg,6,
img002874.jpg,sfhq/images/part1/img002874.jpg,6,
img002463.jpg,sfhq/images/part1/img002463.jpg,6,
img004913.jpg,sfhq/images/part1/img004913.jpg,6,
img004439.jpg,sfhq/images/part1/img004439.jpg,6,
img001435.jpg,sfhq/images/part1/img001435.jpg,6,
img003056.jpg,sfhq/images/part1/img003056.jpg,6,
img002224.jpg,sfhq/images/part1/img002224.jpg,6,
img000647.jpg,sfhq/images/part1/img000647.jpg,6,
img003848.jpg,sfhq/images/part1/img003848.jpg,6,
img003026.jpg,sfhq/images/part1/img003026.jpg,6,
img001017.jpg,sfhq/images/part1/img001017.jpg,6,
img003076.jpg,sfhq/images/part1/img003076.jpg,6,
img001820.jpg,sfhq/images/part1/img001820.jpg,6,
img003894.jpg,sfhq/images/part1/img003894.jpg,6,
img000283.jpg,sfhq/images/part1/img000283.jpg,6,
img001837.jpg,sfhq/images/part1/img001837.jpg,6,
img001351.jpg,sfhq/images/part1/img001351.jpg,6,
img001946.jpg,sfhq/images/part1/img001946.jpg,6,
img003716.jpg,sfhq/images/part1/img003716.jpg,6,
img004253.jpg,sfhq/images/part1/img004253.jpg,6,
img001973.jpg,sfhq/images/part1/img001973.jpg,6,
img000036.jpg,sfhq/images/part1/img000036.jpg,6,
img004093.jpg,sfhq/images/part1/img004093.jpg,6,
img003719.jpg,sfhq/images/part1/img003719.jpg,6,
img000973.jpg,sfhq/images/part1/img000973.jpg,6,
img001706.jpg,sfhq/images/part1/img001706.jpg,6,
img000234.jpg,sfhq/images/part1/img000234.jpg,6,
img002136.jpg,sfhq/images/part1/img002136.jpg,6,
img004653.jpg,sfhq/images/part1/img004653.jpg,6,
img000449.jpg,sfhq/images/part1/img000449.jpg,6,
img000534.jpg,sfhq/images/part1/img000534.jpg,6,
img001396.jpg,sfhq/images/part1/img001396.jpg,6,
img003958.jpg,sfhq/images/part1/img003958.jpg,6,
img001412.jpg,sfhq/images/part1/img001412.jpg,6,
img003562.jpg,sfhq/images/part1/img003562.jpg,6,
img002989.jpg,sfhq/images/part1/img002989.jpg,6,
img001422.jpg,sfhq/images/part1/img001422.jpg,6,
img004023.jpg,sfhq/images/part1/img004023.jpg,6,
img000853.jpg,sfhq/images/part1/img000853.jpg,6,
img002162.jpg,sfhq/images/part1/img002162.jpg,6,
img000427.jpg,sfhq/images/part1/img000427.jpg,6,
img001579.jpg,sfhq/images/part1/img001579.jpg,6,
img002912.jpg,sfhq/images/part1/img002912.jpg,6,
img003742.jpg,sfhq/images/part1/img003742.jpg,6,
img000059.jpg,sfhq/images/part1/img000059.jpg,6,
img000213.jpg,sfhq/images/part1/img000213.jpg,6,
img002272.jpg,sfhq/images/part1/img002272.jpg,6,
img003036.jpg,sfhq/images/part1/img003036.jpg,6,
img000425.jpg,sfhq/images/part1/img000425.jpg,6,
img001689.jpg,sfhq/images/part1/img001689.jpg,6,
img004190.jpg,sfhq/images/part1/img004190.jpg,6,
img000391.jpg,sfhq/images/part1/img000391.jpg,6,
img004264.jpg,sfhq/images/part1/img004264.jpg,6,
img002197.jpg,sfhq/images/part1/img002197.jpg,6,
img001237.jpg,sfhq/images/part1/img001237.jpg,6,
img004814.jpg,sfhq/images/part1/img004814.jpg,6,
img000929.jpg,sfhq/images/part1/img000929.jpg,6,
img004047.jpg,sfhq/images/part1/img004047.jpg,6,
img002559.jpg,sfhq/images/part1/img002559.jpg,6,
img001072.jpg,sfhq/images/part1/img001072.jpg,6,
img004837.jpg,sfhq/images/part1/img004837.jpg,6,
img003362.jpg,sfhq/images/part1/img003362.jpg,6,
img003470.jpg,sfhq/images/part1/img003470.jpg,6,
img000350.jpg,sfhq/images/part1/img000350.jpg,6,
img000894.jpg,sfhq/images/part1/img000894.jpg,6,
img001604.jpg,sfhq/images/part1/img001604.jpg,6,
img000573.jpg,sfhq/images/part1/img000573.jpg,6,
img004662.jpg,sfhq/images/part1/img004662.jpg,6,
img002568.jpg,sfhq/images/part1/img002568.jpg,6,
img004705.jpg,sfhq/images/part1/img004705.jpg,6,
img003741.jpg,sfhq/images/part1/img003741.jpg,6,
img003170.jpg,sfhq/images/part1/img003170.jpg,6,
img004792.jpg,sfhq/images/part1/img004792.jpg,6,
img001389.jpg,sfhq/images/part1/img001389.jpg,6,
img003673.jpg,sfhq/images/part1/img003673.jpg,6,
img000447.jpg,sfhq/images/part1/img000447.jpg,6,
img004436.jpg,sfhq/images/part1/img004436.jpg,6,
img004568.jpg,sfhq/images/part1/img004568.jpg,6,
img000532.jpg,sfhq/images/part1/img000532.jpg,6,
img004350.jpg,sfhq/images/part1/img004350.jpg,6,
img002777.jpg,sfhq/images/part1/img002777.jpg,6,
img001070.jpg,sfhq/images/part1/img001070.jpg,6,
img004092.jpg,sfhq/images/part1/img004092.jpg,6,
img002646.jpg,sfhq/images/part1/img002646.jpg,6,
img003875.jpg,sfhq/images/part1/img003875.jpg,6,
img004446.jpg,sfhq/images/part1/img004446.jpg,6,
img004184.jpg,sfhq/images/part1/img004184.jpg,6,
img003240.jpg,sfhq/images/part1/img003240.jpg,6,
img000230.jpg,sfhq/images/part1/img000230.jpg,6,
img000323.jpg,sfhq/images/part1/img000323.jpg,6,
img001878.jpg,sfhq/images/part1/img001878.jpg,6,
img003980.jpg,sfhq/images/part1/img003980.jpg,6,
img004033.jpg,sfhq/images/part1/img004033.jpg,6,
img003805.jpg,sfhq/images/part1/img003805.jpg,6,
img002806.jpg,sfhq/images/part1/img002806.jpg,6,
img002584.jpg,sfhq/images/part1/img002584.jpg,6,
img003218.jpg,sfhq/images/part1/img003218.jpg,6,
img004904.jpg,sfhq/images/part1/img004904.jpg,6,
img002013.jpg,sfhq/images/part1/img002013.jpg,6,
img000126.jpg,sfhq/images/part1/img000126.jpg,6,
img004258.jpg,sfhq/images/part1/img004258.jpg,6,
img004335.jpg,sfhq/images/part1/img004335.jpg,6,
img000437.jpg,sfhq/images/part1/img000437.jpg,6,
img003956.jpg,sfhq/images/part1/img003956.jpg,6,
img004624.jpg,sfhq/images/part1/img004624.jpg,6,
img003777.jpg,sfhq/images/part1/img003777.jpg,6,
img003600.jpg,sfhq/images/part1/img003600.jpg,6,
img004657.jpg,sfhq/images/part1/img004657.jpg,6,
img000530.jpg,sfhq/images/part1/img000530.jpg,6,
img003800.jpg,sfhq/images/part1/img003800.jpg,6,
img002214.jpg,sfhq/images/part1/img002214.jpg,6,
img002588.jpg,sfhq/images/part1/img002588.jpg,6,
img000075.jpg,sfhq/images/part1/img000075.jpg,6,
img003947.jpg,sfhq/images/part1/img003947.jpg,6,
img001231.jpg,sfhq/images/part1/img001231.jpg,6,
img004008.jpg,sfhq/images/part1/img004008.jpg,6,
img001024.jpg,sfhq/images/part1/img001024.jpg,6,
img001670.jpg,sfhq/images/part1/img001670.jpg,6,
img000961.jpg,sfhq/images/part1/img000961.jpg,6,
img001080.jpg,sfhq/images/part1/img001080.jpg,6,
img004539.jpg,sfhq/images/part1/img004539.jpg,6,
img003247.jpg,sfhq/images/part1/img003247.jpg,6,
img002460.jpg,sfhq/images/part1/img002460.jpg,6,
img001593.jpg,sfhq/images/part1/img001593.jpg,6,
img002665.jpg,sfhq/images/part1/img002665.jpg,6,
img003321.jpg,sfhq/images/part1/img003321.jpg,6,
img001528.jpg,sfhq/images/part1/img001528.jpg,6,
img000274.jpg,sfhq/images/part1/img000274.jpg,6,
img001061.jpg,sfhq/images/part1/img001061.jpg,6,
img003443.jpg,sfhq/images/part1/img003443.jpg,6,
img001617.jpg,sfhq/images/part1/img001617.jpg,6,
img000553.jpg,sfhq/images/part1/img000553.jpg,6,
img001677.jpg,sfhq/images/part1/img001677.jpg,6,
img003503.jpg,sfhq/images/part1/img003503.jpg,6,
img001053.jpg,sfhq/images/part1/img001053.jpg,6,
img002434.jpg,sfhq/images/part1/img002434.jpg,6,
img001028.jpg,sfhq/images/part1/img001028.jpg,6,
img001375.jpg,sfhq/images/part1/img001375.jpg,6,
img002476.jpg,sfhq/images/part1/img002476.jpg,6,
img004452.jpg,sfhq/images/part1/img004452.jpg,6,
img001060.jpg,sfhq/images/part1/img001060.jpg,6,
img002160.jpg,sfhq/images/part1/img002160.jpg,6,
img004454.jpg,sfhq/images/part1/img004454.jpg,6,
img001452.jpg,sfhq/images/part1/img001452.jpg,6,
img002730.jpg,sfhq/images/part1/img002730.jpg,6,
img004742.jpg,sfhq/images/part1/img004742.jpg,6,
img000003.jpg,sfhq/images/part1/img000003.jpg,6,
img000034.jpg,sfhq/images/part1/img000034.jpg,6,
img002038.jpg,sfhq/images/part1/img002038.jpg,6,
img004528.jpg,sfhq/images/part1/img004528.jpg,6,
img004078.jpg,sfhq/images/part1/img004078.jpg,6,
img000324.jpg,sfhq/images/part1/img000324.jpg,6,
img003637.jpg,sfhq/images/part1/img003637.jpg,6,
img000866.jpg,sfhq/images/part1/img000866.jpg,6,
img002540.jpg,sfhq/images/part1/img002540.jpg,6,
img000253.jpg,sfhq/images/part1/img000253.jpg,6,
img001428.jpg,sfhq/images/part1/img001428.jpg,6,
img004725.jpg,sfhq/images/part1/img004725.jpg,6,
img001801.jpg,sfhq/images/part1/img001801.jpg,6,
img004158.jpg,sfhq/images/part1/img004158.jpg,6,
img000803.jpg,sfhq/images/part1/img000803.jpg,6,
img003113.jpg,sfhq/images/part1/img003113.jpg,6,
img001276.jpg,sfhq/images/part1/img001276.jpg,6,
img002752.jpg,sfhq/images/part1/img002752.jpg,6,
img003242.jpg,sfhq/images/part1/img003242.jpg,6,
img003370.jpg,sfhq/images/part1/img003370.jpg,6,
img000996.jpg,sfhq/images/part1/img000996.jpg,6,
img001765.jpg,sfhq/images/part1/img001765.jpg,6,
img001120.jpg,sfhq/images/part1/img001120.jpg,6,
img001191.jpg,sfhq/images/part1/img001191.jpg,6,
img002419.jpg,sfhq/images/part1/img002419.jpg,6,
img001694.jpg,sfhq/images/part1/img001694.jpg,6,
img002832.jpg,sfhq/images/part1/img002832.jpg,6,
img000221.jpg,sfhq/images/part1/img000221.jpg,6,
img002427.jpg,sfhq/images/part1/img002427.jpg,6,
img004321.jpg,sfhq/images/part1/img004321.jpg,6,
img000702.jpg,sfhq/images/part1/img000702.jpg,6,
img003233.jpg,sfhq/images/part1/img003233.jpg,6,
img004786.jpg,sfhq/images/part1/img004786.jpg,6,
img004640.jpg,sfhq/images/part1/img004640.jpg,6,
img002728.jpg,sfhq/images/part1/img002728.jpg,6,
img001192.jpg,sfhq/images/part1/img001192.jpg,6,
img001699.jpg,sfhq/images/part1/img001699.jpg,6,
img000014.jpg,sfhq/images/part1/img000014.jpg,6,
img000759.jpg,sfhq/images/part1/img000759.jpg,6,
img003959.jpg,sfhq/images/part1/img003959.jpg,6,
img004297.jpg,sfhq/images/part1/img004297.jpg,6,
img003921.jpg,sfhq/images/part1/img003921.jpg,6,
img003129.jpg,sfhq/images/part1/img003129.jpg,6,
img002352.jpg,sfhq/images/part1/img002352.jpg,6,
img004882.jpg,sfhq/images/part1/img004882.jpg,6,
img003071.jpg,sfhq/images/part1/img003071.jpg,6,
img001190.jpg,sfhq/images/part1/img001190.jpg,6,
img004774.jpg,sfhq/images/part1/img004774.jpg,6,
img002521.jpg,sfhq/images/part1/img002521.jpg,6,
img000119.jpg,sfhq/images/part1/img000119.jpg,6,
img001526.jpg,sfhq/images/part1/img001526.jpg,6,
img002936.jpg,sfhq/images/part1/img002936.jpg,6,
img001667.jpg,sfhq/images/part1/img001667.jpg,6,
img002120.jpg,sfhq/images/part1/img002120.jpg,6,
img001991.jpg,sfhq/images/part1/img001991.jpg,6,
img001790.jpg,sfhq/images/part1/img001790.jpg,6,
img004949.jpg,sfhq/images/part1/img004949.jpg,6,
img002085.jpg,sfhq/images/part1/img002085.jpg,6,
img004460.jpg,sfhq/images/part1/img004460.jpg,6,
img003555.jpg,sfhq/images/part1/img003555.jpg,6,
img004938.jpg,sfhq/images/part1/img004938.jpg,6,
img003998.jpg,sfhq/images/part1/img003998.jpg,6,
img002553.jpg,sfhq/images/part1/img002553.jpg,6,
img002686.jpg,sfhq/images/part1/img002686.jpg,6,
img004334.jpg,sfhq/images/part1/img004334.jpg,6,
img003703.jpg,sfhq/images/part1/img003703.jpg,6,
img001919.jpg,sfhq/images/part1/img001919.jpg,6,
img002067.jpg,sfhq/images/part1/img002067.jpg,6,
img001572.jpg,sfhq/images/part1/img001572.jpg,6,
img002455.jpg,sfhq/images/part1/img002455.jpg,6,
img001561.jpg,sfhq/images/part1/img001561.jpg,6,
img004505.jpg,sfhq/images/part1/img004505.jpg,6,
img002515.jpg,sfhq/images/part1/img002515.jpg,6,
img000839.jpg,sfhq/images/part1/img000839.jpg,6,
img002994.jpg,sfhq/images/part1/img002994.jpg,6,
img002480.jpg,sfhq/images/part1/img002480.jpg,6,
img002629.jpg,sfhq/images/part1/img002629.jpg,6,
img001485.jpg,sfhq/images/part1/img001485.jpg,6,
img000191.jpg,sfhq/images/part1/img000191.jpg,6,
img000692.jpg,sfhq/images/part1/img000692.jpg,6,
img001658.jpg,sfhq/images/part1/img001658.jpg,6,
img002396.jpg,sfhq/images/part1/img002396.jpg,6,
img003676.jpg,sfhq/images/part1/img003676.jpg,6,
img004702.jpg,sfhq/images/part1/img004702.jpg,6,
img000883.jpg,sfhq/images/part1/img000883.jpg,6,
img002672.jpg,sfhq/images/part1/img002672.jpg,6,
img002322.jpg,sfhq/images/part1/img002322.jpg,6,
img003141.jpg,sfhq/images/part1/img003141.jpg,6,
img001951.jpg,sfhq/images/part1/img001951.jpg,6,
img002284.jpg,sfhq/images/part1/img002284.jpg,6,
img002488.jpg,sfhq/images/part1/img002488.jpg,6,
img003081.jpg,sfhq/images/part1/img003081.jpg,6,
img002366.jpg,sfhq/images/part1/img002366.jpg,6,
img003619.jpg,sfhq/images/part1/img003619.jpg,6,
img003428.jpg,sfhq/images/part1/img003428.jpg,6,
img004223.jpg,sfhq/images/part1/img004223.jpg,6,
img001213.jpg,sfhq/images/part1/img001213.jpg,6,
img002026.jpg,sfhq/images/part1/img002026.jpg,6,
img000252.jpg,sfhq/images/part1/img000252.jpg,6,
img003305.jpg,sfhq/images/part1/img003305.jpg,6,
img000626.jpg,sfhq/images/part1/img000626.jpg,6,
img002685.jpg,sfhq/images/part1/img002685.jpg,6,
img000523.jpg,sfhq/images/part1/img000523.jpg,6,
img003569.jpg,sfhq/images/part1/img003569.jpg,6,
img004467.jpg,sfhq/images/part1/img004467.jpg,6,
img000246.jpg,sfhq/images/part1/img000246.jpg,6,
img000519.jpg,sfhq/images/part1/img000519.jpg,6,
img002299.jpg,sfhq/images/part1/img002299.jpg,6,
img000289.jpg,sfhq/images/part1/img000289.jpg,6,
img001929.jpg,sfhq/images/part1/img001929.jpg,6,
img001628.jpg,sfhq/images/part1/img001628.jpg,6,
img004196.jpg,sfhq/images/part1/img004196.jpg,6,
img002400.jpg,sfhq/images/part1/img002400.jpg,6,
img004347.jpg,sfhq/images/part1/img004347.jpg,6,
img004673.jpg,sfhq/images/part1/img004673.jpg,6,
img004473.jpg,sfhq/images/part1/img004473.jpg,6,
img002324.jpg,sfhq/images/part1/img002324.jpg,6,
img004271.jpg,sfhq/images/part1/img004271.jpg,6,
img004695.jpg,sfhq/images/part1/img004695.jpg,6,
img002687.jpg,sfhq/images/part1/img002687.jpg,6,
img000864.jpg,sfhq/images/part1/img000864.jpg,6,
img000434.jpg,sfhq/images/part1/img000434.jpg,6,
img001747.jpg,sfhq/images/part1/img001747.jpg,6,
img003760.jpg,sfhq/images/part1/img003760.jpg,6,
img001766.jpg,sfhq/images/part1/img001766.jpg,6,
img004420.jpg,sfhq/images/part1/img004420.jpg,6,
img003643.jpg,sfhq/images/part1/img003643.jpg,6,
img000547.jpg,sfhq/images/part1/img000547.jpg,6,
img004697.jpg,sfhq/images/part1/img004697.jpg,6,
img001541.jpg,sfhq/images/part1/img001541.jpg,6,
img003918.jpg,sfhq/images/part1/img003918.jpg,6,
img001871.jpg,sfhq/images/part1/img001871.jpg,6,
img000976.jpg,sfhq/images/part1/img000976.jpg,6,
img001744.jpg,sfhq/images/part1/img001744.jpg,6,
img001166.jpg,sfhq/images/part1/img001166.jpg,6,
img003288.jpg,sfhq/images/part1/img003288.jpg,6,
img003004.jpg,sfhq/images/part1/img003004.jpg,6,
img000371.jpg,sfhq/images/part1/img000371.jpg,6,
img002535.jpg,sfhq/images/part1/img002535.jpg,6,
img002285.jpg,sfhq/images/part1/img002285.jpg,6,
img001038.jpg,sfhq/images/part1/img001038.jpg,6,
img003386.jpg,sfhq/images/part1/img003386.jpg,6,
img001793.jpg,sfhq/images/part1/img001793.jpg,6,
img002758.jpg,sfhq/images/part1/img002758.jpg,6,
img002028.jpg,sfhq/images/part1/img002028.jpg,6,
img003090.jpg,sfhq/images/part1/img003090.jpg,6,
img001155.jpg,sfhq/images/part1/img001155.jpg,6,
img003749.jpg,sfhq/images/part1/img003749.jpg,6,
img002033.jpg,sfhq/images/part1/img002033.jpg,6,
img003933.jpg,sfhq/images/part1/img003933.jpg,6,
img004330.jpg,sfhq/images/part1/img004330.jpg,6,
img003095.jpg,sfhq/images/part1/img003095.jpg,6,
img002113.jpg,sfhq/images/part1/img002113.jpg,6,
img001599.jpg,sfhq/images/part1/img001599.jpg,6,
img003214.jpg,sfhq/images/part1/img003214.jpg,6,
img003535.jpg,sfhq/images/part1/img003535.jpg,6,
img002386.jpg,sfhq/images/part1/img002386.jpg,6,
img003344.jpg,sfhq/images/part1/img003344.jpg,6,
img002761.jpg,sfhq/images/part1/img002761.jpg,6,
img001832.jpg,sfhq/images/part1/img001832.jpg,6,
img004247.jpg,sfhq/images/part1/img004247.jpg,6,
img003011.jpg,sfhq/images/part1/img003011.jpg,6,
img002156.jpg,sfhq/images/part1/img002156.jpg,6,
img004128.jpg,sfhq/images/part1/img004128.jpg,6,
img000882.jpg,sfhq/images/part1/img000882.jpg,6,
img003229.jpg,sfhq/images/part1/img003229.jpg,6,
img002865.jpg,sfhq/images/part1/img002865.jpg,6,
img002881.jpg,sfhq/images/part1/img002881.jpg,6,
img002093.jpg,sfhq/images/part1/img002093.jpg,6,
img003457.jpg,sfhq/images/part1/img003457.jpg,6,
img002297.jpg,sfhq/images/part1/img002297.jpg,6,
img000063.jpg,sfhq/images/part1/img000063.jpg,6,
img000828.jpg,sfhq/images/part1/img000828.jpg,6,
img002051.jpg,sfhq/images/part1/img002051.jpg,6,
img002670.jpg,sfhq/images/part1/img002670.jpg,6,
img003505.jpg,sfhq/images/part1/img003505.jpg,6,
img001127.jpg,sfhq/images/part1/img001127.jpg,6,
img002124.jpg,sfhq/images/part1/img002124.jpg,6,
img002580.jpg,sfhq/images/part1/img002580.jpg,6,
img000574.jpg,sfhq/images/part1/img000574.jpg,6,
img002835.jpg,sfhq/images/part1/img002835.jpg,6,
img000487.jpg,sfhq/images/part1/img000487.jpg,6,
img004895.jpg,sfhq/images/part1/img004895.jpg,6,
img001165.jpg,sfhq/images/part1/img001165.jpg,6,
img002737.jpg,sfhq/images/part1/img002737.jpg,6,
img000127.jpg,sfhq/images/part1/img000127.jpg,6,
img002615.jpg,sfhq/images/part1/img002615.jpg,6,
img001912.jpg,sfhq/images/part1/img001912.jpg,6,
img003657.jpg,sfhq/images/part1/img003657.jpg,6,
img001349.jpg,sfhq/images/part1/img001349.jpg,6,
img002641.jpg,sfhq/images/part1/img002641.jpg,6,
img000746.jpg,sfhq/images/part1/img000746.jpg,6,
img004024.jpg,sfhq/images/part1/img004024.jpg,6,
img000615.jpg,sfhq/images/part1/img000615.jpg,6,
img000686.jpg,sfhq/images/part1/img000686.jpg,6,
img000673.jpg,sfhq/images/part1/img000673.jpg,6,
img003593.jpg,sfhq/images/part1/img003593.jpg,6,
img000002.jpg,sfhq/images/part1/img000002.jpg,6,
img002505.jpg,sfhq/images/part1/img002505.jpg,6,
img002810.jpg,sfhq/images/part1/img002810.jpg,6,
img000231.jpg,sfhq/images/part1/img000231.jpg,6,
img000765.jpg,sfhq/images/part1/img000765.jpg,6,
img000867.jpg,sfhq/images/part1/img000867.jpg,6,
img004284.jpg,sfhq/images/part1/img004284.jpg,6,
img001431.jpg,sfhq/images/part1/img001431.jpg,6,
img002993.jpg,sfhq/images/part1/img002993.jpg,6,
img000292.jpg,sfhq/images/part1/img000292.jpg,6,
img002939.jpg,sfhq/images/part1/img002939.jpg,6,
img000709.jpg,sfhq/images/part1/img000709.jpg,6,
img004142.jpg,sfhq/images/part1/img004142.jpg,6,
img000914.jpg,sfhq/images/part1/img000914.jpg,6,
img000484.jpg,sfhq/images/part1/img000484.jpg,6,
img002266.jpg,sfhq/images/part1/img002266.jpg,6,
img001075.jpg,sfhq/images/part1/img001075.jpg,6,
img001302.jpg,sfhq/images/part1/img001302.jpg,6,
img004756.jpg,sfhq/images/part1/img004756.jpg,6,
img001426.jpg,sfhq/images/part1/img001426.jpg,6,
img000587.jpg,sfhq/images/part1/img000587.jpg,6,
img004880.jpg,sfhq/images/part1/img004880.jpg,6,
img001335.jpg,sfhq/images/part1/img001335.jpg,6,
img000545.jpg,sfhq/images/part1/img000545.jpg,6,
img003700.jpg,sfhq/images/part1/img003700.jpg,6,
img004146.jpg,sfhq/images/part1/img004146.jpg,6,
img004958.jpg,sfhq/images/part1/img004958.jpg,6,
img001885.jpg,sfhq/images/part1/img001885.jpg,6,
img000278.jpg,sfhq/images/part1/img000278.jpg,6,
img004516.jpg,sfhq/images/part1/img004516.jpg,6,
img000076.jpg,sfhq/images/part1/img000076.jpg,6,
img004189.jpg,sfhq/images/part1/img004189.jpg,6,
img002721.jpg,sfhq/images/part1/img002721.jpg,6,
img004594.jpg,sfhq/images/part1/img004594.jpg,6,
img004854.jpg,sfhq/images/part1/img004854.jpg,6,
img001186.jpg,sfhq/images/part1/img001186.jpg,6,
img004648.jpg,sfhq/images/part1/img004648.jpg,6,
img000531.jpg,sfhq/images/part1/img000531.jpg,6,
img001592.jpg,sfhq/images/part1/img001592.jpg,6,
img003045.jpg,sfhq/images/part1/img003045.jpg,6,
img002569.jpg,sfhq/images/part1/img002569.jpg,6,
img003460.jpg,sfhq/images/part1/img003460.jpg,6,
img000838.jpg,sfhq/images/part1/img000838.jpg,6,
img001394.jpg,sfhq/images/part1/img001394.jpg,6,
img000572.jpg,sfhq/images/part1/img000572.jpg,6,
img003717.jpg,sfhq/images/part1/img003717.jpg,6,
img000960.jpg,sfhq/images/part1/img000960.jpg,6,
img002830.jpg,sfhq/images/part1/img002830.jpg,6,
img001580.jpg,sfhq/images/part1/img001580.jpg,6,
img000990.jpg,sfhq/images/part1/img000990.jpg,6,
img000623.jpg,sfhq/images/part1/img000623.jpg,6,
img000756.jpg,sfhq/images/part1/img000756.jpg,6,
img002323.jpg,sfhq/images/part1/img002323.jpg,6,
img000993.jpg,sfhq/images/part1/img000993.jpg,6,
img003021.jpg,sfhq/images/part1/img003021.jpg,6,
img001047.jpg,sfhq/images/part1/img001047.jpg,6,
img002471.jpg,sfhq/images/part1/img002471.jpg,6,
img003649.jpg,sfhq/images/part1/img003649.jpg,6,
img003647.jpg,sfhq/images/part1/img003647.jpg,6,
img003250.jpg,sfhq/images/part1/img003250.jpg,6,
img000226.jpg,sfhq/images/part1/img000226.jpg,6,
img000807.jpg,sfhq/images/part1/img000807.jpg,6,
img003389.jpg,sfhq/images/part1/img003389.jpg,6,
img002229.jpg,sfhq/images/part1/img002229.jpg,6,
img000568.jpg,sfhq/images/part1/img000568.jpg,6,
img002258.jpg,sfhq/images/part1/img002258.jpg,6,
img003658.jpg,sfhq/images/part1/img003658.jpg,6,
img001681.jpg,sfhq/images/part1/img001681.jpg,6,
img002181.jpg,sfhq/images/part1/img002181.jpg,6,
img001284.jpg,sfhq/images/part1/img001284.jpg,6,
img002562.jpg,sfhq/images/part1/img002562.jpg,6,
img002125.jpg,sfhq/images/part1/img002125.jpg,6,
img003784.jpg,sfhq/images/part1/img003784.jpg,6,
img001596.jpg,sfhq/images/part1/img001596.jpg,6,
img001627.jpg,sfhq/images/part1/img001627.jpg,6,
img003632.jpg,sfhq/images/part1/img003632.jpg,6,
img002882.jpg,sfhq/images/part1/img002882.jpg,6,
img002608.jpg,sfhq/images/part1/img002608.jpg,6,
img003524.jpg,sfhq/images/part1/img003524.jpg,6,
img001748.jpg,sfhq/images/part1/img001748.jpg,6,
img003134.jpg,sfhq/images/part1/img003134.jpg,6,
img000009.jpg,sfhq/images/part1/img000009.jpg,6,
img000412.jpg,sfhq/images/part1/img000412.jpg,6,
img003808.jpg,sfhq/images/part1/img003808.jpg,6,
img003519.jpg,sfhq/images/part1/img003519.jpg,6,
img002302.jpg,sfhq/images/part1/img002302.jpg,6,
img000329.jpg,sfhq/images/part1/img000329.jpg,6,
img001839.jpg,sfhq/images/part1/img001839.jpg,6,
img003099.jpg,sfhq/images/part1/img003099.jpg,6,
img003485.jpg,sfhq/images/part1/img003485.jpg,6,
img000582.jpg,sfhq/images/part1/img000582.jpg,6,
img003053.jpg,sfhq/images/part1/img003053.jpg,6,
img000886.jpg,sfhq/images/part1/img000886.jpg,6,
img003398.jpg,sfhq/images/part1/img003398.jpg,6,
img004538.jpg,sfhq/images/part1/img004538.jpg,6,
img003568.jpg,sfhq/images/part1/img003568.jpg,6,
img003109.jpg,sfhq/images/part1/img003109.jpg,6,
img000095.jpg,sfhq/images/part1/img000095.jpg,6,
img000911.jpg,sfhq/images/part1/img000911.jpg,6,
img002129.jpg,sfhq/images/part1/img002129.jpg,6,
img001201.jpg,sfhq/images/part1/img001201.jpg,6,
img002736.jpg,sfhq/images/part1/img002736.jpg,6,
img003668.jpg,sfhq/images/part1/img003668.jpg,6,
img002706.jpg,sfhq/images/part1/img002706.jpg,6,
img004665.jpg,sfhq/images/part1/img004665.jpg,6,
img004959.jpg,sfhq/images/part1/img004959.jpg,6,
img002864.jpg,sfhq/images/part1/img002864.jpg,6,
img003091.jpg,sfhq/images/part1/img003091.jpg,6,
img004790.jpg,sfhq/images/part1/img004790.jpg,6,
img003710.jpg,sfhq/images/part1/img003710.jpg,6,
img004214.jpg,sfhq/images/part1/img004214.jpg,6,
img002360.jpg,sfhq/images/part1/img002360.jpg,6,
img002151.jpg,sfhq/images/part1/img002151.jpg,6,
img002370.jpg,sfhq/images/part1/img002370.jpg,6,
img003353.jpg,sfhq/images/part1/img003353.jpg,6,
img001020.jpg,sfhq/images/part1/img001020.jpg,6,
img002812.jpg,sfhq/images/part1/img002812.jpg,6,
img000896.jpg,sfhq/images/part1/img000896.jpg,6,
img001538.jpg,sfhq/images/part1/img001538.jpg,6,
img003169.jpg,sfhq/images/part1/img003169.jpg,6,
img003570.jpg,sfhq/images/part1/img003570.jpg,6,
img003285.jpg,sfhq/images/part1/img003285.jpg,6,
img002632.jpg,sfhq/images/part1/img002632.jpg,6,
img003436.jpg,sfhq/images/part1/img003436.jpg,6,
img003757.jpg,sfhq/images/part1/img003757.jpg,6,
img000217.jpg,sfhq/images/part1/img000217.jpg,6,
img003162.jpg,sfhq/images/part1/img003162.jpg,6,
img002263.jpg,sfhq/images/part1/img002263.jpg,6,
img001571.jpg,sfhq/images/part1/img001571.jpg,6,
img003554.jpg,sfhq/images/part1/img003554.jpg,6,
img001467.jpg,sfhq/images/part1/img001467.jpg,6,
img000644.jpg,sfhq/images/part1/img000644.jpg,6,
img003787.jpg,sfhq/images/part1/img003787.jpg,6,
img004815.jpg,sfhq/images/part1/img004815.jpg,6,
img001182.jpg,sfhq/images/part1/img001182.jpg,6,
img004186.jpg,sfhq/images/part1/img004186.jpg,6,
img003878.jpg,sfhq/images/part1/img003878.jpg,6,
img004268.jpg,sfhq/images/part1/img004268.jpg,6,
img002008.jpg,sfhq/images/part1/img002008.jpg,6,
img002972.jpg,sfhq/images/part1/img002972.jpg,6,
img004982.jpg,sfhq/images/part1/img004982.jpg,6,
img002863.jpg,sfhq/images/part1/img002863.jpg,6,
img003132.jpg,sfhq/images/part1/img003132.jpg,6,
img000212.jpg,sfhq/images/part1/img000212.jpg,6,
img004248.jpg,sfhq/images/part1/img004248.jpg,6,
img003627.jpg,sfhq/images/part1/img003627.jpg,6,
img004450.jpg,sfhq/images/part1/img004450.jpg,6,
img001943.jpg,sfhq/images/part1/img001943.jpg,6,
img001461.jpg,sfhq/images/part1/img001461.jpg,6,
img000684.jpg,sfhq/images/part1/img000684.jpg,6,
img002017.jpg,sfhq/images/part1/img002017.jpg,6,
img002184.jpg,sfhq/images/part1/img002184.jpg,6,
img003693.jpg,sfhq/images/part1/img003693.jpg,6,
img001875.jpg,sfhq/images/part1/img001875.jpg,6,
img000597.jpg,sfhq/images/part1/img000597.jpg,6,
img001137.jpg,sfhq/images/part1/img001137.jpg,6,
img004176.jpg,sfhq/images/part1/img004176.jpg,6,
img004069.jpg,sfhq/images/part1/img004069.jpg,6,
img004916.jpg,sfhq/images/part1/img004916.jpg,6,
img001833.jpg,sfhq/images/part1/img001833.jpg,6,
img001718.jpg,sfhq/images/part1/img001718.jpg,6,
img002720.jpg,sfhq/images/part1/img002720.jpg,6,
img000862.jpg,sfhq/images/part1/img000862.jpg,6,
img002657.jpg,sfhq/images/part1/img002657.jpg,6,
img002800.jpg,sfhq/images/part1/img002800.jpg,6,
img001778.jpg,sfhq/images/part1/img001778.jpg,6,
img002442.jpg,sfhq/images/part1/img002442.jpg,6,
img003469.jpg,sfhq/images/part1/img003469.jpg,6,
img003000.jpg,sfhq/images/part1/img003000.jpg,6,
img000979.jpg,sfhq/images/part1/img000979.jpg,6,
img004722.jpg,sfhq/images/part1/img004722.jpg,6,
img002878.jpg,sfhq/images/part1/img002878.jpg,6,
img001240.jpg,sfhq/images/part1/img001240.jpg,6,
img001798.jpg,sfhq/images/part1/img001798.jpg,6,
img002414.jpg,sfhq/images/part1/img002414.jpg,6,
img003508.jpg,sfhq/images/part1/img003508.jpg,6,
img003277.jpg,sfhq/images/part1/img003277.jpg,6,
img001476.jpg,sfhq/images/part1/img001476.jpg,6,
img003403.jpg,sfhq/images/part1/img003403.jpg,6,
img003845.jpg,sfhq/images/part1/img003845.jpg,6,
img004147.jpg,sfhq/images/part1/img004147.jpg,6,
img002454.jpg,sfhq/images/part1/img002454.jpg,6,
img001524.jpg,sfhq/images/part1/img001524.jpg,6,
img003135.jpg,sfhq/images/part1/img003135.jpg,6,
img004926.jpg,sfhq/images/part1/img004926.jpg,6,
img004788.jpg,sfhq/images/part1/img004788.jpg,6,
img000657.jpg,sfhq/images/part1/img000657.jpg,6,
img003165.jpg,sfhq/images/part1/img003165.jpg,6,
img002541.jpg,sfhq/images/part1/img002541.jpg,6,
img000790.jpg,sfhq/images/part1/img000790.jpg,6,
img003449.jpg,sfhq/images/part1/img003449.jpg,6,
img003621.jpg,sfhq/images/part1/img003621.jpg,6,
img001440.jpg,sfhq/images/part1/img001440.jpg,6,
img001608.jpg,sfhq/images/part1/img001608.jpg,6,
img004721.jpg,sfhq/images/part1/img004721.jpg,6,
img001664.jpg,sfhq/images/part1/img001664.jpg,6,
img004787.jpg,sfhq/images/part1/img004787.jpg,6,
img000052.jpg,sfhq/images/part1/img000052.jpg,6,
img001045.jpg,sfhq/images/part1/img001045.jpg,6,
img002941.jpg,sfhq/images/part1/img002941.jpg,6,
img003817.jpg,sfhq/images/part1/img003817.jpg,6,
img004498.jpg,sfhq/images/part1/img004498.jpg,6,
img003942.jpg,sfhq/images/part1/img003942.jpg,6,
img001947.jpg,sfhq/images/part1/img001947.jpg,6,
img001552.jpg,sfhq/images/part1/img001552.jpg,6,
img003738.jpg,sfhq/images/part1/img003738.jpg,6,
img004046.jpg,sfhq/images/part1/img004046.jpg,6,
img004269.jpg,sfhq/images/part1/img004269.jpg,6,
img004378.jpg,sfhq/images/part1/img004378.jpg,6,
img003310.jpg,sfhq/images/part1/img003310.jpg,6,
img000022.jpg,sfhq/images/part1/img000022.jpg,6,
img002009.jpg,sfhq/images/part1/img002009.jpg,6,
img002064.jpg,sfhq/images/part1/img002064.jpg,6,
img002250.jpg,sfhq/images/part1/img002250.jpg,6,
img002472.jpg,sfhq/images/part1/img002472.jpg,6,
img004685.jpg,sfhq/images/part1/img004685.jpg,6,
img002519.jpg,sfhq/images/part1/img002519.jpg,6,
img004118.jpg,sfhq/images/part1/img004118.jpg,6,
img003456.jpg,sfhq/images/part1/img003456.jpg,6,
img002626.jpg,sfhq/images/part1/img002626.jpg,6,
img004693.jpg,sfhq/images/part1/img004693.jpg,6,
img004546.jpg,sfhq/images/part1/img004546.jpg,6,
img001271.jpg,sfhq/images/part1/img001271.jpg,6,
img000669.jpg,sfhq/images/part1/img000669.jpg,6,
img000090.jpg,sfhq/images/part1/img000090.jpg,6,
img001495.jpg,sfhq/images/part1/img001495.jpg,6,
img004025.jpg,sfhq/images/part1/img004025.jpg,6,
img002058.jpg,sfhq/images/part1/img002058.jpg,6,
img004054.jpg,sfhq/images/part1/img004054.jpg,6,
img000540.jpg,sfhq/images/part1/img000540.jpg,6,
img004829.jpg,sfhq/images/part1/img004829.jpg,6,
img004746.jpg,sfhq/images/part1/img004746.jpg,6,
img003794.jpg,sfhq/images/part1/img003794.jpg,6,
img004298.jpg,sfhq/images/part1/img004298.jpg,6,
img004525.jpg,sfhq/images/part1/img004525.jpg,6,
img003139.jpg,sfhq/images/part1/img003139.jpg,6,
img000958.jpg,sfhq/images/part1/img000958.jpg,6,
img002933.jpg,sfhq/images/part1/img002933.jpg,6,
img003254.jpg,sfhq/images/part1/img003254.jpg,6,
img004421.jpg,sfhq/images/part1/img004421.jpg,6,
img000520.jpg,sfhq/images/part1/img000520.jpg,6,
img004963.jpg,sfhq/images/part1/img004963.jpg,6,
img001788.jpg,sfhq/images/part1/img001788.jpg,6,
img003211.jpg,sfhq/images/part1/img003211.jpg,6,
img000166.jpg,sfhq/images/part1/img000166.jpg,6,
img002316.jpg,sfhq/images/part1/img002316.jpg,6,
img002618.jpg,sfhq/images/part1/img002618.jpg,6,
img000616.jpg,sfhq/images/part1/img000616.jpg,6,
img003979.jpg,sfhq/images/part1/img003979.jpg,6,
img000307.jpg,sfhq/images/part1/img000307.jpg,6,
img002575.jpg,sfhq/images/part1/img002575.jpg,6,
img001971.jpg,sfhq/images/part1/img001971.jpg,6,
img002560.jpg,sfhq/images/part1/img002560.jpg,6,
img000492.jpg,sfhq/images/part1/img000492.jpg,6,
img003121.jpg,sfhq/images/part1/img003121.jpg,6,
img002158.jpg,sfhq/images/part1/img002158.jpg,6,
img004177.jpg,sfhq/images/part1/img004177.jpg,6,
img004272.jpg,sfhq/images/part1/img004272.jpg,6,
img000621.jpg,sfhq/images/part1/img000621.jpg,6,
img004579.jpg,sfhq/images/part1/img004579.jpg,6,
img004631.jpg,sfhq/images/part1/img004631.jpg,6,
img000664.jpg,sfhq/images/part1/img000664.jpg,6,
img001995.jpg,sfhq/images/part1/img001995.jpg,6,
img002797.jpg,sfhq/images/part1/img002797.jpg,6,
img001545.jpg,sfhq/images/part1/img001545.jpg,6,
img004415.jpg,sfhq/images/part1/img004415.jpg,6,
img001997.jpg,sfhq/images/part1/img001997.jpg,6,
img000648.jpg,sfhq/images/part1/img000648.jpg,6,
img004929.jpg,sfhq/images/part1/img004929.jpg,6,
img000610.jpg,sfhq/images/part1/img000610.jpg,6,
img004169.jpg,sfhq/images/part1/img004169.jpg,6,
img001558.jpg,sfhq/images/part1/img001558.jpg,6,
img000636.jpg,sfhq/images/part1/img000636.jpg,6,
img003251.jpg,sfhq/images/part1/img003251.jpg,6,
img001819.jpg,sfhq/images/part1/img001819.jpg,6,
img000642.jpg,sfhq/images/part1/img000642.jpg,6,
img003663.jpg,sfhq/images/part1/img003663.jpg,6,
img001935.jpg,sfhq/images/part1/img001935.jpg,6,
img000875.jpg,sfhq/images/part1/img000875.jpg,6,
img004283.jpg,sfhq/images/part1/img004283.jpg,6,
img004349.jpg,sfhq/images/part1/img004349.jpg,6,
img001416.jpg,sfhq/images/part1/img001416.jpg,6,
img003712.jpg,sfhq/images/part1/img003712.jpg,6,
img000084.jpg,sfhq/images/part1/img000084.jpg,6,
img002733.jpg,sfhq/images/part1/img002733.jpg,6,
img000858.jpg,sfhq/images/part1/img000858.jpg,6,
img002547.jpg,sfhq/images/part1/img002547.jpg,6,
img004937.jpg,sfhq/images/part1/img004937.jpg,6,
img002543.jpg,sfhq/images/part1/img002543.jpg,6,
img000365.jpg,sfhq/images/part1/img000365.jpg,6,
img000347.jpg,sfhq/images/part1/img000347.jpg,6,
img004294.jpg,sfhq/images/part1/img004294.jpg,6,
img000214.jpg,sfhq/images/part1/img000214.jpg,6,
img001927.jpg,sfhq/images/part1/img001927.jpg,6,
img002701.jpg,sfhq/images/part1/img002701.jpg,6,
img001835.jpg,sfhq/images/part1/img001835.jpg,6,
img002884.jpg,sfhq/images/part1/img002884.jpg,6,
img001631.jpg,sfhq/images/part1/img001631.jpg,6,
img000908.jpg,sfhq/images/part1/img000908.jpg,6,
img001157.jpg,sfhq/images/part1/img001157.jpg,6,
img001665.jpg,sfhq/images/part1/img001665.jpg,6,
img000769.jpg,sfhq/images/part1/img000769.jpg,6,
img000885.jpg,sfhq/images/part1/img000885.jpg,6,
img002595.jpg,sfhq/images/part1/img002595.jpg,6,
img004955.jpg,sfhq/images/part1/img004955.jpg,6,
img000852.jpg,sfhq/images/part1/img000852.jpg,6,
img000259.jpg,sfhq/images/part1/img000259.jpg,6,
img001621.jpg,sfhq/images/part1/img001621.jpg,6,
img000728.jpg,sfhq/images/part1/img000728.jpg,6,
img002677.jpg,sfhq/images/part1/img002677.jpg,6,
img000740.jpg,sfhq/images/part1/img000740.jpg,6,
img004637.jpg,sfhq/images/part1/img004637.jpg,6,
img000379.jpg,sfhq/images/part1/img000379.jpg,6,
img002789.jpg,sfhq/images/part1/img002789.jpg,6,
img000785.jpg,sfhq/images/part1/img000785.jpg,6,
img002593.jpg,sfhq/images/part1/img002593.jpg,6,
img004251.jpg,sfhq/images/part1/img004251.jpg,6,
img000083.jpg,sfhq/images/part1/img000083.jpg,6,
img002388.jpg,sfhq/images/part1/img002388.jpg,6,
img001088.jpg,sfhq/images/part1/img001088.jpg,6,
img004110.jpg,sfhq/images/part1/img004110.jpg,6,
img002114.jpg,sfhq/images/part1/img002114.jpg,6,
img000745.jpg,sfhq/images/part1/img000745.jpg,6,
img002823.jpg,sfhq/images/part1/img002823.jpg,6,
img002249.jpg,sfhq/images/part1/img002249.jpg,6,
img003686.jpg,sfhq/images/part1/img003686.jpg,6,
img000137.jpg,sfhq/images/part1/img000137.jpg,6,
img003257.jpg,sfhq/images/part1/img003257.jpg,6,
img000581.jpg,sfhq/images/part1/img000581.jpg,6,
img004974.jpg,sfhq/images/part1/img004974.jpg,6,
img003316.jpg,sfhq/images/part1/img003316.jpg,6,
img000959.jpg,sfhq/images/part1/img000959.jpg,6,
img002157.jpg,sfhq/images/part1/img002157.jpg,6,
img004754.jpg,sfhq/images/part1/img004754.jpg,6,
img004035.jpg,sfhq/images/part1/img004035.jpg,6,
img001206.jpg,sfhq/images/part1/img001206.jpg,6,
img003754.jpg,sfhq/images/part1/img003754.jpg,6,
img000116.jpg,sfhq/images/part1/img000116.jpg,6,
img001085.jpg,sfhq/images/part1/img001085.jpg,6,
img004656.jpg,sfhq/images/part1/img004656.jpg,6,
img001179.jpg,sfhq/images/part1/img001179.jpg,6,
img000787.jpg,sfhq/images/part1/img000787.jpg,6,
img003107.jpg,sfhq/images/part1/img003107.jpg,6,
img001488.jpg,sfhq/images/part1/img001488.jpg,6,
img001429.jpg,sfhq/images/part1/img001429.jpg,6,
img001688.jpg,sfhq/images/part1/img001688.jpg,6,
img003417.jpg,sfhq/images/part1/img003417.jpg,6,
img000775.jpg,sfhq/images/part1/img000775.jpg,6,
img001813.jpg,sfhq/images/part1/img001813.jpg,6,
img003297.jpg,sfhq/images/part1/img003297.jpg,6,
img003789.jpg,sfhq/images/part1/img003789.jpg,6,
img001259.jpg,sfhq/images/part1/img001259.jpg,6,
img002889.jpg,sfhq/images/part1/img002889.jpg,6,
img004965.jpg,sfhq/images/part1/img004965.jpg,6,
img001911.jpg,sfhq/images/part1/img001911.jpg,6,
img000827.jpg,sfhq/images/part1/img000827.jpg,6,
img001144.jpg,sfhq/images/part1/img001144.jpg,6,
img001716.jpg,sfhq/images/part1/img001716.jpg,6,
img004870.jpg,sfhq/images/part1/img004870.jpg,6,
img004892.jpg,sfhq/images/part1/img004892.jpg,6,
img003346.jpg,sfhq/images/part1/img003346.jpg,6,
img002846.jpg,sfhq/images/part1/img002846.jpg,6,
img004089.jpg,sfhq/images/part1/img004089.jpg,6,
img004259.jpg,sfhq/images/part1/img004259.jpg,6,
img003150.jpg,sfhq/images/part1/img003150.jpg,6,
img004472.jpg,sfhq/images/part1/img004472.jpg,6,
img001145.jpg,sfhq/images/part1/img001145.jpg,6,
img002774.jpg,sfhq/images/part1/img002774.jpg,6,
img004780.jpg,sfhq/images/part1/img004780.jpg,6,
img003588.jpg,sfhq/images/part1/img003588.jpg,6,
img004373.jpg,sfhq/images/part1/img004373.jpg,6,
img004322.jpg,sfhq/images/part1/img004322.jpg,6,
img001717.jpg,sfhq/images/part1/img001717.jpg,6,
img001183.jpg,sfhq/images/part1/img001183.jpg,6,
img001300.jpg,sfhq/images/part1/img001300.jpg,6,
img000869.jpg,sfhq/images/part1/img000869.jpg,6,
img003825.jpg,sfhq/images/part1/img003825.jpg,6,
img000536.jpg,sfhq/images/part1/img000536.jpg,6,
img001135.jpg,sfhq/images/part1/img001135.jpg,6,
img000270.jpg,sfhq/images/part1/img000270.jpg,6,
img001786.jpg,sfhq/images/part1/img001786.jpg,6,
img003662.jpg,sfhq/images/part1/img003662.jpg,6,
img001751.jpg,sfhq/images/part1/img001751.jpg,6,
img001420.jpg,sfhq/images/part1/img001420.jpg,6,
img003785.jpg,sfhq/images/part1/img003785.jpg,6,
img001039.jpg,sfhq/images/part1/img001039.jpg,6,
img003796.jpg,sfhq/images/part1/img003796.jpg,6,
img003692.jpg,sfhq/images/part1/img003692.jpg,6,
img003100.jpg,sfhq/images/part1/img003100.jpg,6,
img004319.jpg,sfhq/images/part1/img004319.jpg,6,
img000333.jpg,sfhq/images/part1/img000333.jpg,6,
img004457.jpg,sfhq/images/part1/img004457.jpg,6,
img000804.jpg,sfhq/images/part1/img000804.jpg,6,
img000045.jpg,sfhq/images/part1/img000045.jpg,6,
img003919.jpg,sfhq/images/part1/img003919.jpg,6,
img004171.jpg,sfhq/images/part1/img004171.jpg,6,
img004391.jpg,sfhq/images/part1/img004391.jpg,6,
img001870.jpg,sfhq/images/part1/img001870.jpg,6,
img002209.jpg,sfhq/images/part1/img002209.jpg,6,
img004529.jpg,sfhq/images/part1/img004529.jpg,6,
img000099.jpg,sfhq/images/part1/img000099.jpg,6,
img003585.jpg,sfhq/images/part1/img003585.jpg,6,
img002065.jpg,sfhq/images/part1/img002065.jpg,6,
img003906.jpg,sfhq/images/part1/img003906.jpg,6,
img002751.jpg,sfhq/images/part1/img002751.jpg,6,
img001795.jpg,sfhq/images/part1/img001795.jpg,6,
img004287.jpg,sfhq/images/part1/img004287.jpg,6,
img001154.jpg,sfhq/images/part1/img001154.jpg,6,
img000498.jpg,sfhq/images/part1/img000498.jpg,6,
img003822.jpg,sfhq/images/part1/img003822.jpg,6,
img004681.jpg,sfhq/images/part1/img004681.jpg,6,
img000235.jpg,sfhq/images/part1/img000235.jpg,6,
img000693.jpg,sfhq/images/part1/img000693.jpg,6,
img004817.jpg,sfhq/images/part1/img004817.jpg,6,
img003736.jpg,sfhq/images/part1/img003736.jpg,6,
img000441.jpg,sfhq/images/part1/img000441.jpg,6,
img002354.jpg,sfhq/images/part1/img002354.jpg,6,
img002265.jpg,sfhq/images/part1/img002265.jpg,6,
img000486.jpg,sfhq/images/part1/img000486.jpg,6,
img000216.jpg,sfhq/images/part1/img000216.jpg,6,
img000192.jpg,sfhq/images/part1/img000192.jpg,6,
img001325.jpg,sfhq/images/part1/img001325.jpg,6,
img004164.jpg,sfhq/images/part1/img004164.jpg,6,
img003300.jpg,sfhq/images/part1/img003300.jpg,6,
img001320.jpg,sfhq/images/part1/img001320.jpg,6,
img004655.jpg,sfhq/images/part1/img004655.jpg,6,
img002000.jpg,sfhq/images/part1/img002000.jpg,6,
img000414.jpg,sfhq/images/part1/img000414.jpg,6,
img002153.jpg,sfhq/images/part1/img002153.jpg,6,
img002072.jpg,sfhq/images/part1/img002072.jpg,6,
img002145.jpg,sfhq/images/part1/img002145.jpg,6,
img000150.jpg,sfhq/images/part1/img000150.jpg,6,
img000294.jpg,sfhq/images/part1/img000294.jpg,6,
img001562.jpg,sfhq/images/part1/img001562.jpg,6,
img001626.jpg,sfhq/images/part1/img001626.jpg,6,
img002869.jpg,sfhq/images/part1/img002869.jpg,6,
img004563.jpg,sfhq/images/part1/img004563.jpg,6,
img002991.jpg,sfhq/images/part1/img002991.jpg,6,
img000622.jpg,sfhq/images/part1/img000622.jpg,6,
img000227.jpg,sfhq/images/part1/img000227.jpg,6,
img001569.jpg,sfhq/images/part1/img001569.jpg,6,
img002966.jpg,sfhq/images/part1/img002966.jpg,6,
img000843.jpg,sfhq/images/part1/img000843.jpg,6,
img001399.jpg,sfhq/images/part1/img001399.jpg,6,
img002444.jpg,sfhq/images/part1/img002444.jpg,6,
img001618.jpg,sfhq/images/part1/img001618.jpg,6,
img001648.jpg,sfhq/images/part1/img001648.jpg,6,
img004941.jpg,sfhq/images/part1/img004941.jpg,6,
img003445.jpg,sfhq/images/part1/img003445.jpg,6,
img003225.jpg,sfhq/images/part1/img003225.jpg,6,
img004708.jpg,sfhq/images/part1/img004708.jpg,6,
img000400.jpg,sfhq/images/part1/img000400.jpg,6,
img004989.jpg,sfhq/images/part1/img004989.jpg,6,
img000926.jpg,sfhq/images/part1/img000926.jpg,6,
img002187.jpg,sfhq/images/part1/img002187.jpg,6,
img003278.jpg,sfhq/images/part1/img003278.jpg,6,
img002415.jpg,sfhq/images/part1/img002415.jpg,6,
img004747.jpg,sfhq/images/part1/img004747.jpg,6,
img000451.jpg,sfhq/images/part1/img000451.jpg,6,
img002095.jpg,sfhq/images/part1/img002095.jpg,6,
img003319.jpg,sfhq/images/part1/img003319.jpg,6,
img004293.jpg,sfhq/images/part1/img004293.jpg,6,
img004354.jpg,sfhq/images/part1/img004354.jpg,6,
img004615.jpg,sfhq/images/part1/img004615.jpg,6,
img003037.jpg,sfhq/images/part1/img003037.jpg,6,
img003823.jpg,sfhq/images/part1/img003823.jpg,6,
img002964.jpg,sfhq/images/part1/img002964.jpg,6,
img002508.jpg,sfhq/images/part1/img002508.jpg,6,
img003674.jpg,sfhq/images/part1/img003674.jpg,6,
img003496.jpg,sfhq/images/part1/img003496.jpg,6,
img001168.jpg,sfhq/images/part1/img001168.jpg,6,
img004286.jpg,sfhq/images/part1/img004286.jpg,6,
img002763.jpg,sfhq/images/part1/img002763.jpg,6,
img002268.jpg,sfhq/images/part1/img002268.jpg,6,
img000868.jpg,sfhq/images/part1/img000868.jpg,6,
img004574.jpg,sfhq/images/part1/img004574.jpg,6,
img002859.jpg,sfhq/images/part1/img002859.jpg,6,
img000633.jpg,sfhq/images/part1/img000633.jpg,6,
img001733.jpg,sfhq/images/part1/img001733.jpg,6,
img003592.jpg,sfhq/images/part1/img003592.jpg,6,
img001763.jpg,sfhq/images/part1/img001763.jpg,6,
img004676.jpg,sfhq/images/part1/img004676.jpg,6,
img000738.jpg,sfhq/images/part1/img000738.jpg,6,
img000744.jpg,sfhq/images/part1/img000744.jpg,6,
img001806.jpg,sfhq/images/part1/img001806.jpg,6,
img003545.jpg,sfhq/images/part1/img003545.jpg,6,
img004210.jpg,sfhq/images/part1/img004210.jpg,6,
img002905.jpg,sfhq/images/part1/img002905.jpg,6,
img001355.jpg,sfhq/images/part1/img001355.jpg,6,
img004250.jpg,sfhq/images/part1/img004250.jpg,6,
img004889.jpg,sfhq/images/part1/img004889.jpg,6,
img002433.jpg,sfhq/images/part1/img002433.jpg,6,
img000533.jpg,sfhq/images/part1/img000533.jpg,6,
img000198.jpg,sfhq/images/part1/img000198.jpg,6,
img002977.jpg,sfhq/images/part1/img002977.jpg,6,
img001252.jpg,sfhq/images/part1/img001252.jpg,6,
img003644.jpg,sfhq/images/part1/img003644.jpg,6,
img004101.jpg,sfhq/images/part1/img004101.jpg,6,
img001661.jpg,sfhq/images/part1/img001661.jpg,6,
img000687.jpg,sfhq/images/part1/img000687.jpg,6,
img001025.jpg,sfhq/images/part1/img001025.jpg,6,
img000506.jpg,sfhq/images/part1/img000506.jpg,6,
img003916.jpg,sfhq/images/part1/img003916.jpg,6,
img000941.jpg,sfhq/images/part1/img000941.jpg,6,
img000275.jpg,sfhq/images/part1/img000275.jpg,6,
img000432.jpg,sfhq/images/part1/img000432.jpg,6,
img004459.jpg,sfhq/images/part1/img004459.jpg,6,
img001737.jpg,sfhq/images/part1/img001737.jpg,6,
img004584.jpg,sfhq/images/part1/img004584.jpg,6,
img000950.jpg,sfhq/images/part1/img000950.jpg,6,
img004692.jpg,sfhq/images/part1/img004692.jpg,6,
img001868.jpg,sfhq/images/part1/img001868.jpg,6,
img002301.jpg,sfhq/images/part1/img002301.jpg,6,
img001928.jpg,sfhq/images/part1/img001928.jpg,6,
img001884.jpg,sfhq/images/part1/img001884.jpg,6,
img002567.jpg,sfhq/images/part1/img002567.jpg,6,
img001490.jpg,sfhq/images/part1/img001490.jpg,6,
img003573.jpg,sfhq/images/part1/img003573.jpg,6,
img003492.jpg,sfhq/images/part1/img003492.jpg,6,
img003900.jpg,sfhq/images/part1/img003900.jpg,6,
img001460.jpg,sfhq/images/part1/img001460.jpg,6,
img000435.jpg,sfhq/images/part1/img000435.jpg,6,
img004229.jpg,sfhq/images/part1/img004229.jpg,6,
img004609.jpg,sfhq/images/part1/img004609.jpg,6,
img002556.jpg,sfhq/images/part1/img002556.jpg,6,
img004441.jpg,sfhq/images/part1/img004441.jpg,6,
img003774.jpg,sfhq/images/part1/img003774.jpg,6,
img001855.jpg,sfhq/images/part1/img001855.jpg,6,
img003870.jpg,sfhq/images/part1/img003870.jpg,6,
img004945.jpg,sfhq/images/part1/img004945.jpg,6,
img000988.jpg,sfhq/images/part1/img000988.jpg,6,
img002607.jpg,sfhq/images/part1/img002607.jpg,6,
img002002.jpg,sfhq/images/part1/img002002.jpg,6,
img004166.jpg,sfhq/images/part1/img004166.jpg,6,
img000228.jpg,sfhq/images/part1/img000228.jpg,6,
img002587.jpg,sfhq/images/part1/img002587.jpg,6,
img001746.jpg,sfhq/images/part1/img001746.jpg,6,
img003361.jpg,sfhq/images/part1/img003361.jpg,6,
img003093.jpg,sfhq/images/part1/img003093.jpg,6,
img002189.jpg,sfhq/images/part1/img002189.jpg,6,
img002047.jpg,sfhq/images/part1/img002047.jpg,6,
img000761.jpg,sfhq/images/part1/img000761.jpg,6,
img001492.jpg,sfhq/images/part1/img001492.jpg,6,
img000085.jpg,sfhq/images/part1/img000085.jpg,6,
img004342.jpg,sfhq/images/part1/img004342.jpg,6,
img000148.jpg,sfhq/images/part1/img000148.jpg,6,
img004385.jpg,sfhq/images/part1/img004385.jpg,6,
img002887.jpg,sfhq/images/part1/img002887.jpg,6,
img002754.jpg,sfhq/images/part1/img002754.jpg,6,
img002840.jpg,sfhq/images/part1/img002840.jpg,6,
img001244.jpg,sfhq/images/part1/img001244.jpg,6,
img002074.jpg,sfhq/images/part1/img002074.jpg,6,
img000923.jpg,sfhq/images/part1/img000923.jpg,6,
img000325.jpg,sfhq/images/part1/img000325.jpg,6,
img004886.jpg,sfhq/images/part1/img004886.jpg,6,
img001615.jpg,sfhq/images/part1/img001615.jpg,6,
img001333.jpg,sfhq/images/part1/img001333.jpg,6,
img000474.jpg,sfhq/images/part1/img000474.jpg,6,
img000650.jpg,sfhq/images/part1/img000650.jpg,6,
img002757.jpg,sfhq/images/part1/img002757.jpg,6,
img004073.jpg,sfhq/images/part1/img004073.jpg,6,
img003217.jpg,sfhq/images/part1/img003217.jpg,6,
img001643.jpg,sfhq/images/part1/img001643.jpg,6,
img004630.jpg,sfhq/images/part1/img004630.jpg,6,
img003065.jpg,sfhq/images/part1/img003065.jpg,6,
img004849.jpg,sfhq/images/part1/img004849.jpg,6,
img001266.jpg,sfhq/images/part1/img001266.jpg,6,
img001629.jpg,sfhq/images/part1/img001629.jpg,6,
img004167.jpg,sfhq/images/part1/img004167.jpg,6,
img002457.jpg,sfhq/images/part1/img002457.jpg,6,
img000363.jpg,sfhq/images/part1/img000363.jpg,6,
img002353.jpg,sfhq/images/part1/img002353.jpg,6,
img003043.jpg,sfhq/images/part1/img003043.jpg,6,
img001883.jpg,sfhq/images/part1/img001883.jpg,6,
img003688.jpg,sfhq/images/part1/img003688.jpg,6,
img001484.jpg,sfhq/images/part1/img001484.jpg,6,
img001721.jpg,sfhq/images/part1/img001721.jpg,6,
img004281.jpg,sfhq/images/part1/img004281.jpg,6,
img000373.jpg,sfhq/images/part1/img000373.jpg,6,
img003566.jpg,sfhq/images/part1/img003566.jpg,6,
img004771.jpg,sfhq/images/part1/img004771.jpg,6,
img001063.jpg,sfhq/images/part1/img001063.jpg,6,
img004256.jpg,sfhq/images/part1/img004256.jpg,6,
img001915.jpg,sfhq/images/part1/img001915.jpg,6,
img004964.jpg,sfhq/images/part1/img004964.jpg,6,
img003397.jpg,sfhq/images/part1/img003397.jpg,6,
img001976.jpg,sfhq/images/part1/img001976.jpg,6,
img001535.jpg,sfhq/images/part1/img001535.jpg,6,
img000445.jpg,sfhq/images/part1/img000445.jpg,6,
img004071.jpg,sfhq/images/part1/img004071.jpg,6,
img003143.jpg,sfhq/images/part1/img003143.jpg,6,
img001570.jpg,sfhq/images/part1/img001570.jpg,6,
img003258.jpg,sfhq/images/part1/img003258.jpg,6,
img003791.jpg,sfhq/images/part1/img003791.jpg,6,
img004865.jpg,sfhq/images/part1/img004865.jpg,6,
img002102.jpg,sfhq/images/part1/img002102.jpg,6,
img002446.jpg,sfhq/images/part1/img002446.jpg,6,
img003744.jpg,sfhq/images/part1/img003744.jpg,6,
img000080.jpg,sfhq/images/part1/img000080.jpg,6,
img004064.jpg,sfhq/images/part1/img004064.jpg,6,
img001712.jpg,sfhq/images/part1/img001712.jpg,6,
img004687.jpg,sfhq/images/part1/img004687.jpg,6,
img004917.jpg,sfhq/images/part1/img004917.jpg,6,
img004402.jpg,sfhq/images/part1/img004402.jpg,6,
img002088.jpg,sfhq/images/part1/img002088.jpg,6,
img003500.jpg,sfhq/images/part1/img003500.jpg,6,
img003629.jpg,sfhq/images/part1/img003629.jpg,6,
img003993.jpg,sfhq/images/part1/img003993.jpg,6,
img004013.jpg,sfhq/images/part1/img004013.jpg,6,
img001741.jpg,sfhq/images/part1/img001741.jpg,6,
img000849.jpg,sfhq/images/part1/img000849.jpg,6,
img001093.jpg,sfhq/images/part1/img001093.jpg,6,
img003844.jpg,sfhq/images/part1/img003844.jpg,6,
img001121.jpg,sfhq/images/part1/img001121.jpg,6,
img001217.jpg,sfhq/images/part1/img001217.jpg,6,
img000967.jpg,sfhq/images/part1/img000967.jpg,6,
img003061.jpg,sfhq/images/part1/img003061.jpg,6,
img004077.jpg,sfhq/images/part1/img004077.jpg,6,
img004199.jpg,sfhq/images/part1/img004199.jpg,6,
img002921.jpg,sfhq/images/part1/img002921.jpg,6,
img003291.jpg,sfhq/images/part1/img003291.jpg,6,
img004417.jpg,sfhq/images/part1/img004417.jpg,6,
img001963.jpg,sfhq/images/part1/img001963.jpg,6,
img000577.jpg,sfhq/images/part1/img000577.jpg,6,
img004039.jpg,sfhq/images/part1/img004039.jpg,6,
img000114.jpg,sfhq/images/part1/img000114.jpg,6,
img002876.jpg,sfhq/images/part1/img002876.jpg,6,
img004975.jpg,sfhq/images/part1/img004975.jpg,6,
img001844.jpg,sfhq/images/part1/img001844.jpg,6,
img004554.jpg,sfhq/images/part1/img004554.jpg,6,
img004729.jpg,sfhq/images/part1/img004729.jpg,6,
img003447.jpg,sfhq/images/part1/img003447.jpg,6,
img003587.jpg,sfhq/images/part1/img003587.jpg,6,
img004438.jpg,sfhq/images/part1/img004438.jpg,6,
img004238.jpg,sfhq/images/part1/img004238.jpg,6,
img004377.jpg,sfhq/images/part1/img004377.jpg,6,
img003745.jpg,sfhq/images/part1/img003745.jpg,6,
img000467.jpg,sfhq/images/part1/img000467.jpg,6,
img001867.jpg,sfhq/images/part1/img001867.jpg,6,
img004931.jpg,sfhq/images/part1/img004931.jpg,6,
img002330.jpg,sfhq/images/part1/img002330.jpg,6,
img003173.jpg,sfhq/images/part1/img003173.jpg,6,
img004537.jpg,sfhq/images/part1/img004537.jpg,6,
img000878.jpg,sfhq/images/part1/img000878.jpg,6,
img000771.jpg,sfhq/images/part1/img000771.jpg,6,
img001339.jpg,sfhq/images/part1/img001339.jpg,6,
img003990.jpg,sfhq/images/part1/img003990.jpg,6,
img004140.jpg,sfhq/images/part1/img004140.jpg,6,
img000614.jpg,sfhq/images/part1/img000614.jpg,6,
img004890.jpg,sfhq/images/part1/img004890.jpg,6,
img004390.jpg,sfhq/images/part1/img004390.jpg,6,
img004811.jpg,sfhq/images/part1/img004811.jpg,6,
img003806.jpg,sfhq/images/part1/img003806.jpg,6,
img000712.jpg,sfhq/images/part1/img000712.jpg,6,
img002707.jpg,sfhq/images/part1/img002707.jpg,6,
img002313.jpg,sfhq/images/part1/img002313.jpg,6,
img001849.jpg,sfhq/images/part1/img001849.jpg,6,
img002920.jpg,sfhq/images/part1/img002920.jpg,6,
img002053.jpg,sfhq/images/part1/img002053.jpg,6,
img002833.jpg,sfhq/images/part1/img002833.jpg,6,
img004670.jpg,sfhq/images/part1/img004670.jpg,6,
img000460.jpg,sfhq/images/part1/img000460.jpg,6,
img003210.jpg,sfhq/images/part1/img003210.jpg,6,
img003874.jpg,sfhq/images/part1/img003874.jpg,6,
img000516.jpg,sfhq/images/part1/img000516.jpg,6,
img001102.jpg,sfhq/images/part1/img001102.jpg,6,
img003480.jpg,sfhq/images/part1/img003480.jpg,6,
img001613.jpg,sfhq/images/part1/img001613.jpg,6,
img003852.jpg,sfhq/images/part1/img003852.jpg,6,
img001824.jpg,sfhq/images/part1/img001824.jpg,6,
img001019.jpg,sfhq/images/part1/img001019.jpg,6,
img004867.jpg,sfhq/images/part1/img004867.jpg,6,
img000255.jpg,sfhq/images/part1/img000255.jpg,6,
img003571.jpg,sfhq/images/part1/img003571.jpg,6,
img003023.jpg,sfhq/images/part1/img003023.jpg,6,
img003478.jpg,sfhq/images/part1/img003478.jpg,6,
img003992.jpg,sfhq/images/part1/img003992.jpg,6,
img004369.jpg,sfhq/images/part1/img004369.jpg,6,
img000455.jpg,sfhq/images/part1/img000455.jpg,6,
img004767.jpg,sfhq/images/part1/img004767.jpg,6,
img003864.jpg,sfhq/images/part1/img003864.jpg,6,
img000377.jpg,sfhq/images/part1/img000377.jpg,6,
img004155.jpg,sfhq/images/part1/img004155.jpg,6,
img004541.jpg,sfhq/images/part1/img004541.jpg,6,
img000110.jpg,sfhq/images/part1/img000110.jpg,6,
img002440.jpg,sfhq/images/part1/img002440.jpg,6,
img003836.jpg,sfhq/images/part1/img003836.jpg,6,
img001175.jpg,sfhq/images/part1/img001175.jpg,6,
img001133.jpg,sfhq/images/part1/img001133.jpg,6,
img004043.jpg,sfhq/images/part1/img004043.jpg,6,
img002678.jpg,sfhq/images/part1/img002678.jpg,6,
img001210.jpg,sfhq/images/part1/img001210.jpg,6,
img003364.jpg,sfhq/images/part1/img003364.jpg,6,
img000306.jpg,sfhq/images/part1/img000306.jpg,6,
img004072.jpg,sfhq/images/part1/img004072.jpg,6,
img000297.jpg,sfhq/images/part1/img000297.jpg,6,
img002704.jpg,sfhq/images/part1/img002704.jpg,6,
img004706.jpg,sfhq/images/part1/img004706.jpg,6,
img002603.jpg,sfhq/images/part1/img002603.jpg,6,
img004707.jpg,sfhq/images/part1/img004707.jpg,6,
img004791.jpg,sfhq/images/part1/img004791.jpg,6,
img002296.jpg,sfhq/images/part1/img002296.jpg,6,
img003360.jpg,sfhq/images/part1/img003360.jpg,6,
img000107.jpg,sfhq/images/part1/img000107.jpg,6,
img004996.jpg,sfhq/images/part1/img004996.jpg,6,
img001305.jpg,sfhq/images/part1/img001305.jpg,6,
img001702.jpg,sfhq/images/part1/img001702.jpg,6,
img003912.jpg,sfhq/images/part1/img003912.jpg,6,
img003557.jpg,sfhq/images/part1/img003557.jpg,6,
img000767.jpg,sfhq/images/part1/img000767.jpg,6,
img003119.jpg,sfhq/images/part1/img003119.jpg,6,
img001896.jpg,sfhq/images/part1/img001896.jpg,6,
img001711.jpg,sfhq/images/part1/img001711.jpg,6,
img001444.jpg,sfhq/images/part1/img001444.jpg,6,
img002802.jpg,sfhq/images/part1/img002802.jpg,6,
img001077.jpg,sfhq/images/part1/img001077.jpg,6,
img004168.jpg,sfhq/images/part1/img004168.jpg,6,
img004218.jpg,sfhq/images/part1/img004218.jpg,6,
img000754.jpg,sfhq/images/part1/img000754.jpg,6,
img002319.jpg,sfhq/images/part1/img002319.jpg,6,
img000276.jpg,sfhq/images/part1/img000276.jpg,6,
img000918.jpg,sfhq/images/part1/img000918.jpg,6,
img000812.jpg,sfhq/images/part1/img000812.jpg,6,
img000040.jpg,sfhq/images/part1/img000040.jpg,6,
img003832.jpg,sfhq/images/part1/img003832.jpg,6,
img002658.jpg,sfhq/images/part1/img002658.jpg,6,
img003116.jpg,sfhq/images/part1/img003116.jpg,6,
img004716.jpg,sfhq/images/part1/img004716.jpg,6,
img000596.jpg,sfhq/images/part1/img000596.jpg,6,
img001690.jpg,sfhq/images/part1/img001690.jpg,6,
img000362.jpg,sfhq/images/part1/img000362.jpg,6,
img003859.jpg,sfhq/images/part1/img003859.jpg,6,
img004006.jpg,sfhq/images/part1/img004006.jpg,6,
img004818.jpg,sfhq/images/part1/img004818.jpg,6,
img002167.jpg,sfhq/images/part1/img002167.jpg,6,
img004805.jpg,sfhq/images/part1/img004805.jpg,6,
img002573.jpg,sfhq/images/part1/img002573.jpg,6,
img003640.jpg,sfhq/images/part1/img003640.jpg,6,
img002821.jpg,sfhq/images/part1/img002821.jpg,6,
img000758.jpg,sfhq/images/part1/img000758.jpg,6,
img003666.jpg,sfhq/images/part1/img003666.jpg,6,
img002890.jpg,sfhq/images/part1/img002890.jpg,6,
img002408.jpg,sfhq/images/part1/img002408.jpg,6,
img004339.jpg,sfhq/images/part1/img004339.jpg,6,
img003415.jpg,sfhq/images/part1/img003415.jpg,6,
img003216.jpg,sfhq/images/part1/img003216.jpg,6,
img004651.jpg,sfhq/images/part1/img004651.jpg,6,
img002688.jpg,sfhq/images/part1/img002688.jpg,6,
img000954.jpg,sfhq/images/part1/img000954.jpg,6,
img003166.jpg,sfhq/images/part1/img003166.jpg,6,
img003986.jpg,sfhq/images/part1/img003986.jpg,6,
img000207.jpg,sfhq/images/part1/img000207.jpg,6,
img001518.jpg,sfhq/images/part1/img001518.jpg,6,
img003057.jpg,sfhq/images/part1/img003057.jpg,6,
img004049.jpg,sfhq/images/part1/img004049.jpg,6,
img001500.jpg,sfhq/images/part1/img001500.jpg,6,
img002610.jpg,sfhq/images/part1/img002610.jpg,6,
img001818.jpg,sfhq/images/part1/img001818.jpg,6,
img003955.jpg,sfhq/images/part1/img003955.jpg,6,
img002409.jpg,sfhq/images/part1/img002409.jpg,6,
img000420.jpg,sfhq/images/part1/img000420.jpg,6,
img002942.jpg,sfhq/images/part1/img002942.jpg,6,
img002106.jpg,sfhq/images/part1/img002106.jpg,6,
img004663.jpg,sfhq/images/part1/img004663.jpg,6,
img001809.jpg,sfhq/images/part1/img001809.jpg,6,
img003598.jpg,sfhq/images/part1/img003598.jpg,6,
img000895.jpg,sfhq/images/part1/img000895.jpg,6,
img001990.jpg,sfhq/images/part1/img001990.jpg,6,
img000471.jpg,sfhq/images/part1/img000471.jpg,6,
img002517.jpg,sfhq/images/part1/img002517.jpg,6,
img003755.jpg,sfhq/images/part1/img003755.jpg,6,
img003731.jpg,sfhq/images/part1/img003731.jpg,6,
img004901.jpg,sfhq/images/part1/img004901.jpg,6,
img001306.jpg,sfhq/images/part1/img001306.jpg,6,
img000780.jpg,sfhq/images/part1/img000780.jpg,6,
img001602.jpg,sfhq/images/part1/img001602.jpg,6,
img004362.jpg,sfhq/images/part1/img004362.jpg,6,
img001791.jpg,sfhq/images/part1/img001791.jpg,6,
img003222.jpg,sfhq/images/part1/img003222.jpg,6,
img003941.jpg,sfhq/images/part1/img003941.jpg,6,
img002831.jpg,sfhq/images/part1/img002831.jpg,6,
img003159.jpg,sfhq/images/part1/img003159.jpg,6,
img000060.jpg,sfhq/images/part1/img000060.jpg,6,
img004638.jpg,sfhq/images/part1/img004638.jpg,6,
img003498.jpg,sfhq/images/part1/img003498.jpg,6,
img002335.jpg,sfhq/images/part1/img002335.jpg,6,
img001610.jpg,sfhq/images/part1/img001610.jpg,6,
img000396.jpg,sfhq/images/part1/img000396.jpg,6,
img002037.jpg,sfhq/images/part1/img002037.jpg,6,
img002742.jpg,sfhq/images/part1/img002742.jpg,6,
img000176.jpg,sfhq/images/part1/img000176.jpg,6,
img002177.jpg,sfhq/images/part1/img002177.jpg,6,
img001574.jpg,sfhq/images/part1/img001574.jpg,6,
img002264.jpg,sfhq/images/part1/img002264.jpg,6,
img002895.jpg,sfhq/images/part1/img002895.jpg,6,
img004861.jpg,sfhq/images/part1/img004861.jpg,6,
img003028.jpg,sfhq/images/part1/img003028.jpg,6,
img002431.jpg,sfhq/images/part1/img002431.jpg,6,
img004263.jpg,sfhq/images/part1/img004263.jpg,6,
img003212.jpg,sfhq/images/part1/img003212.jpg,6,
img004684.jpg,sfhq/images/part1/img004684.jpg,6,
img002066.jpg,sfhq/images/part1/img002066.jpg,6,
img002395.jpg,sfhq/images/part1/img002395.jpg,6,
img003176.jpg,sfhq/images/part1/img003176.jpg,6,
img001058.jpg,sfhq/images/part1/img001058.jpg,6,
img000393.jpg,sfhq/images/part1/img000393.jpg,6,
img000239.jpg,sfhq/images/part1/img000239.jpg,6,
img004628.jpg,sfhq/images/part1/img004628.jpg,6,
img000907.jpg,sfhq/images/part1/img000907.jpg,6,
img003239.jpg,sfhq/images/part1/img003239.jpg,6,
img000421.jpg,sfhq/images/part1/img000421.jpg,6,
img003114.jpg,sfhq/images/part1/img003114.jpg,6,
img003232.jpg,sfhq/images/part1/img003232.jpg,6,
img003497.jpg,sfhq/images/part1/img003497.jpg,6,
img002798.jpg,sfhq/images/part1/img002798.jpg,6,
img003268.jpg,sfhq/images/part1/img003268.jpg,6,
img001624.jpg,sfhq/images/part1/img001624.jpg,6,
img004244.jpg,sfhq/images/part1/img004244.jpg,6,
img001505.jpg,sfhq/images/part1/img001505.jpg,6,
img001368.jpg,sfhq/images/part1/img001368.jpg,6,
img002908.jpg,sfhq/images/part1/img002908.jpg,6,
img000094.jpg,sfhq/images/part1/img000094.jpg,6,
img003574.jpg,sfhq/images/part1/img003574.jpg,6,
img004985.jpg,sfhq/images/part1/img004985.jpg,6,
img003367.jpg,sfhq/images/part1/img003367.jpg,6,
img000667.jpg,sfhq/images/part1/img000667.jpg,6,
img002795.jpg,sfhq/images/part1/img002795.jpg,6,
img002520.jpg,sfhq/images/part1/img002520.jpg,6,
img004195.jpg,sfhq/images/part1/img004195.jpg,6,
img003770.jpg,sfhq/images/part1/img003770.jpg,6,
img003699.jpg,sfhq/images/part1/img003699.jpg,6,
img001543.jpg,sfhq/images/part1/img001543.jpg,6,
img001597.jpg,sfhq/images/part1/img001597.jpg,6,
img001234.jpg,sfhq/images/part1/img001234.jpg,6,
img001559.jpg,sfhq/images/part1/img001559.jpg,6,
img002930.jpg,sfhq/images/part1/img002930.jpg,6,
img001286.jpg,sfhq/images/part1/img001286.jpg,6,
img000705.jpg,sfhq/images/part1/img000705.jpg,6,
img002137.jpg,sfhq/images/part1/img002137.jpg,6,
img003276.jpg,sfhq/images/part1/img003276.jpg,6,
img001761.jpg,sfhq/images/part1/img001761.jpg,6,
img002666.jpg,sfhq/images/part1/img002666.jpg,6,
img003576.jpg,sfhq/images/part1/img003576.jpg,6,
img001219.jpg,sfhq/images/part1/img001219.jpg,6,
img001987.jpg,sfhq/images/part1/img001987.jpg,6,
img004157.jpg,sfhq/images/part1/img004157.jpg,6,
img003322.jpg,sfhq/images/part1/img003322.jpg,6,
img000938.jpg,sfhq/images/part1/img000938.jpg,6,
img003501.jpg,sfhq/images/part1/img003501.jpg,6,
img002491.jpg,sfhq/images/part1/img002491.jpg,6,
img000408.jpg,sfhq/images/part1/img000408.jpg,6,
img004496.jpg,sfhq/images/part1/img004496.jpg,6,
img003678.jpg,sfhq/images/part1/img003678.jpg,6,
img004610.jpg,sfhq/images/part1/img004610.jpg,6,
img003442.jpg,sfhq/images/part1/img003442.jpg,6,
img002031.jpg,sfhq/images/part1/img002031.jpg,6,
img003820.jpg,sfhq/images/part1/img003820.jpg,6,
img002712.jpg,sfhq/images/part1/img002712.jpg,6,
img000311.jpg,sfhq/images/part1/img000311.jpg,6,
img000676.jpg,sfhq/images/part1/img000676.jpg,6,
img000987.jpg,sfhq/images/part1/img000987.jpg,6,
img001092.jpg,sfhq/images/part1/img001092.jpg,6,
img002824.jpg,sfhq/images/part1/img002824.jpg,6,
img004909.jpg,sfhq/images/part1/img004909.jpg,6,
img001647.jpg,sfhq/images/part1/img001647.jpg,6,
img004704.jpg,sfhq/images/part1/img004704.jpg,6,
img000360.jpg,sfhq/images/part1/img000360.jpg,6,
img004928.jpg,sfhq/images/part1/img004928.jpg,6,
img003943.jpg,sfhq/images/part1/img003943.jpg,6,
img001936.jpg,sfhq/images/part1/img001936.jpg,6,
img003387.jpg,sfhq/images/part1/img003387.jpg,6,
img004939.jpg,sfhq/images/part1/img004939.jpg,6,
img002799.jpg,sfhq/images/part1/img002799.jpg,6,
img002647.jpg,sfhq/images/part1/img002647.jpg,6,
img003580.jpg,sfhq/images/part1/img003580.jpg,6,
img000512.jpg,sfhq/images/part1/img000512.jpg,6,
img000819.jpg,sfhq/images/part1/img000819.jpg,6,
img004212.jpg,sfhq/images/part1/img004212.jpg,6,
img000971.jpg,sfhq/images/part1/img000971.jpg,6,
img000241.jpg,sfhq/images/part1/img000241.jpg,6,
img002902.jpg,sfhq/images/part1/img002902.jpg,6,
img004504.jpg,sfhq/images/part1/img004504.jpg,6,
img000818.jpg,sfhq/images/part1/img000818.jpg,6,
img004751.jpg,sfhq/images/part1/img004751.jpg,6,
img001313.jpg,sfhq/images/part1/img001313.jpg,6,
img000836.jpg,sfhq/images/part1/img000836.jpg,6,
img002135.jpg,sfhq/images/part1/img002135.jpg,6,
img004393.jpg,sfhq/images/part1/img004393.jpg,6,
img003525.jpg,sfhq/images/part1/img003525.jpg,6,
img004494.jpg,sfhq/images/part1/img004494.jpg,6,
img003653.jpg,sfhq/images/part1/img003653.jpg,6,
img004367.jpg,sfhq/images/part1/img004367.jpg,6,
img000369.jpg,sfhq/images/part1/img000369.jpg,6,
img001076.jpg,sfhq/images/part1/img001076.jpg,6,
img002179.jpg,sfhq/images/part1/img002179.jpg,6,
img004595.jpg,sfhq/images/part1/img004595.jpg,6,
img002358.jpg,sfhq/images/part1/img002358.jpg,6,
img002070.jpg,sfhq/images/part1/img002070.jpg,6,
img003925.jpg,sfhq/images/part1/img003925.jpg,6,
img002468.jpg,sfhq/images/part1/img002468.jpg,6,
img000562.jpg,sfhq/images/part1/img000562.jpg,6,
img002549.jpg,sfhq/images/part1/img002549.jpg,6,
img004151.jpg,sfhq/images/part1/img004151.jpg,6,
img000659.jpg,sfhq/images/part1/img000659.jpg,6,
img000763.jpg,sfhq/images/part1/img000763.jpg,6,
img004443.jpg,sfhq/images/part1/img004443.jpg,6,
img002816.jpg,sfhq/images/part1/img002816.jpg,6,
img004739.jpg,sfhq/images/part1/img004739.jpg,6,
img000680.jpg,sfhq/images/part1/img000680.jpg,6,
img003213.jpg,sfhq/images/part1/img003213.jpg,6,
img003082.jpg,sfhq/images/part1/img003082.jpg,6,
img001331.jpg,sfhq/images/part1/img001331.jpg,6,
img002212.jpg,sfhq/images/part1/img002212.jpg,6,
img002750.jpg,sfhq/images/part1/img002750.jpg,6,
img000210.jpg,sfhq/images/part1/img000210.jpg,6,
img002586.jpg,sfhq/images/part1/img002586.jpg,6,
img003185.jpg,sfhq/images/part1/img003185.jpg,6,
img001519.jpg,sfhq/images/part1/img001519.jpg,6,
img002860.jpg,sfhq/images/part1/img002860.jpg,6,
img003975.jpg,sfhq/images/part1/img003975.jpg,6,
img002898.jpg,sfhq/images/part1/img002898.jpg,6,
img003730.jpg,sfhq/images/part1/img003730.jpg,6,
img001322.jpg,sfhq/images/part1/img001322.jpg,6,
img004796.jpg,sfhq/images/part1/img004796.jpg,6,
img002080.jpg,sfhq/images/part1/img002080.jpg,6,
img001290.jpg,sfhq/images/part1/img001290.jpg,6,
img000681.jpg,sfhq/images/part1/img000681.jpg,6,
img003032.jpg,sfhq/images/part1/img003032.jpg,6,
img001506.jpg,sfhq/images/part1/img001506.jpg,6,
img004278.jpg,sfhq/images/part1/img004278.jpg,6,
img002474.jpg,sfhq/images/part1/img002474.jpg,6,
img001854.jpg,sfhq/images/part1/img001854.jpg,6,
img002199.jpg,sfhq/images/part1/img002199.jpg,6,
img000569.jpg,sfhq/images/part1/img000569.jpg,6,
img004432.jpg,sfhq/images/part1/img004432.jpg,6,
img003312.jpg,sfhq/images/part1/img003312.jpg,6,
img002381.jpg,sfhq/images/part1/img002381.jpg,6,
img003950.jpg,sfhq/images/part1/img003950.jpg,6,
img003865.jpg,sfhq/images/part1/img003865.jpg,6,
img003052.jpg,sfhq/images/part1/img003052.jpg,6,
img004619.jpg,sfhq/images/part1/img004619.jpg,6,
img001466.jpg,sfhq/images/part1/img001466.jpg,6,
img001567.jpg,sfhq/images/part1/img001567.jpg,6,
img004872.jpg,sfhq/images/part1/img004872.jpg,6,
img001289.jpg,sfhq/images/part1/img001289.jpg,6,
img001232.jpg,sfhq/images/part1/img001232.jpg,6,
img003559.jpg,sfhq/images/part1/img003559.jpg,6,
img001735.jpg,sfhq/images/part1/img001735.jpg,6,
img004874.jpg,sfhq/images/part1/img004874.jpg,6,
img000071.jpg,sfhq/images/part1/img000071.jpg,6,
img004581.jpg,sfhq/images/part1/img004581.jpg,6,
img004109.jpg,sfhq/images/part1/img004109.jpg,6,
img004465.jpg,sfhq/images/part1/img004465.jpg,6,
img004495.jpg,sfhq/images/part1/img004495.jpg,6,
img004757.jpg,sfhq/images/part1/img004757.jpg,6,
img003311.jpg,sfhq/images/part1/img003311.jpg,6,
img003934.jpg,sfhq/images/part1/img003934.jpg,6,
img000753.jpg,sfhq/images/part1/img000753.jpg,6,
img003654.jpg,sfhq/images/part1/img003654.jpg,6,
img003727.jpg,sfhq/images/part1/img003727.jpg,6,
img001583.jpg,sfhq/images/part1/img001583.jpg,6,
img003984.jpg,sfhq/images/part1/img003984.jpg,6,
img002450.jpg,sfhq/images/part1/img002450.jpg,6,
img001815.jpg,sfhq/images/part1/img001815.jpg,6,
img004944.jpg,sfhq/images/part1/img004944.jpg,6,
img000871.jpg,sfhq/images/part1/img000871.jpg,6,
img004954.jpg,sfhq/images/part1/img004954.jpg,6,
img004635.jpg,sfhq/images/part1/img004635.jpg,6,
img003880.jpg,sfhq/images/part1/img003880.jpg,6,
img002041.jpg,sfhq/images/part1/img002041.jpg,6,
img004139.jpg,sfhq/images/part1/img004139.jpg,6,
img000033.jpg,sfhq/images/part1/img000033.jpg,6,
img000000.jpg,sfhq/images/part1/img000000.jpg,6,
img000703.jpg,sfhq/images/part1/img000703.jpg,6,
img004605.jpg,sfhq/images/part1/img004605.jpg,6,
img002502.jpg,sfhq/images/part1/img002502.jpg,6,
img000209.jpg,sfhq/images/part1/img000209.jpg,6,
img004011.jpg,sfhq/images/part1/img004011.jpg,6,
img002716.jpg,sfhq/images/part1/img002716.jpg,6,
img001265.jpg,sfhq/images/part1/img001265.jpg,6,
img000776.jpg,sfhq/images/part1/img000776.jpg,6,
img003163.jpg,sfhq/images/part1/img003163.jpg,6,
img001109.jpg,sfhq/images/part1/img001109.jpg,6,
img002397.jpg,sfhq/images/part1/img002397.jpg,6,
img002814.jpg,sfhq/images/part1/img002814.jpg,6,
img003679.jpg,sfhq/images/part1/img003679.jpg,6,
img003616.jpg,sfhq/images/part1/img003616.jpg,6,
img001722.jpg,sfhq/images/part1/img001722.jpg,6,
img002439.jpg,sfhq/images/part1/img002439.jpg,6,
img003122.jpg,sfhq/images/part1/img003122.jpg,6,
img000122.jpg,sfhq/images/part1/img000122.jpg,6,
img001465.jpg,sfhq/images/part1/img001465.jpg,6,
img000082.jpg,sfhq/images/part1/img000082.jpg,6,
img000138.jpg,sfhq/images/part1/img000138.jpg,6,
img002772.jpg,sfhq/images/part1/img002772.jpg,6,
img002770.jpg,sfhq/images/part1/img002770.jpg,6,
img002115.jpg,sfhq/images/part1/img002115.jpg,6,
img000473.jpg,sfhq/images/part1/img000473.jpg,6,
img001515.jpg,sfhq/images/part1/img001515.jpg,6,
img002649.jpg,sfhq/images/part1/img002649.jpg,6,
img002139.jpg,sfhq/images/part1/img002139.jpg,6,
img002406.jpg,sfhq/images/part1/img002406.jpg,6,
img004658.jpg,sfhq/images/part1/img004658.jpg,6,
img001606.jpg,sfhq/images/part1/img001606.jpg,6,
img000495.jpg,sfhq/images/part1/img000495.jpg,6,
img004406.jpg,sfhq/images/part1/img004406.jpg,6,
img000701.jpg,sfhq/images/part1/img000701.jpg,6,
img003206.jpg,sfhq/images/part1/img003206.jpg,6,
img001742.jpg,sfhq/images/part1/img001742.jpg,6,
img003441.jpg,sfhq/images/part1/img003441.jpg,6,
img000295.jpg,sfhq/images/part1/img000295.jpg,6,
img000969.jpg,sfhq/images/part1/img000969.jpg,6,
img003383.jpg,sfhq/images/part1/img003383.jpg,6,
img000948.jpg,sfhq/images/part1/img000948.jpg,6,
img004744.jpg,sfhq/images/part1/img004744.jpg,6,
img004824.jpg,sfhq/images/part1/img004824.jpg,6,
img001321.jpg,sfhq/images/part1/img001321.jpg,6,
img001407.jpg,sfhq/images/part1/img001407.jpg,6,
img004480.jpg,sfhq/images/part1/img004480.jpg,6,
img003486.jpg,sfhq/images/part1/img003486.jpg,6,
img000298.jpg,sfhq/images/part1/img000298.jpg,6,
img003594.jpg,sfhq/images/part1/img003594.jpg,6,
img001531.jpg,sfhq/images/part1/img001531.jpg,6,
img003792.jpg,sfhq/images/part1/img003792.jpg,6,
img000578.jpg,sfhq/images/part1/img000578.jpg,6,
img001534.jpg,sfhq/images/part1/img001534.jpg,6,
img003596.jpg,sfhq/images/part1/img003596.jpg,6,
img001781.jpg,sfhq/images/part1/img001781.jpg,6,
img004292.jpg,sfhq/images/part1/img004292.jpg,6,
img004613.jpg,sfhq/images/part1/img004613.jpg,6,
img003517.jpg,sfhq/images/part1/img003517.jpg,6,
img003010.jpg,sfhq/images/part1/img003010.jpg,6,
img004124.jpg,sfhq/images/part1/img004124.jpg,6,
img004289.jpg,sfhq/images/part1/img004289.jpg,6,
img000798.jpg,sfhq/images/part1/img000798.jpg,6,
img002980.jpg,sfhq/images/part1/img002980.jpg,6,
img003175.jpg,sfhq/images/part1/img003175.jpg,6,
img003704.jpg,sfhq/images/part1/img003704.jpg,6,
img001027.jpg,sfhq/images/part1/img001027.jpg,6,
img002014.jpg,sfhq/images/part1/img002014.jpg,6,
img000991.jpg,sfhq/images/part1/img000991.jpg,6,
img002990.jpg,sfhq/images/part1/img002990.jpg,6,
img002725.jpg,sfhq/images/part1/img002725.jpg,6,
img000038.jpg,sfhq/images/part1/img000038.jpg,6,
img002849.jpg,sfhq/images/part1/img002849.jpg,6,
img001361.jpg,sfhq/images/part1/img001361.jpg,6,
img000820.jpg,sfhq/images/part1/img000820.jpg,6,
img003655.jpg,sfhq/images/part1/img003655.jpg,6,
img000027.jpg,sfhq/images/part1/img000027.jpg,6,
img000766.jpg,sfhq/images/part1/img000766.jpg,6,
img004376.jpg,sfhq/images/part1/img004376.jpg,6,
img004080.jpg,sfhq/images/part1/img004080.jpg,6,
img001808.jpg,sfhq/images/part1/img001808.jpg,6,
img000240.jpg,sfhq/images/part1/img000240.jpg,6,
img001215.jpg,sfhq/images/part1/img001215.jpg,6,
img003328.jpg,sfhq/images/part1/img003328.jpg,6,
img001960.jpg,sfhq/images/part1/img001960.jpg,6,
img004559.jpg,sfhq/images/part1/img004559.jpg,6,
img001825.jpg,sfhq/images/part1/img001825.jpg,6,
img003985.jpg,sfhq/images/part1/img003985.jpg,6,
img000157.jpg,sfhq/images/part1/img000157.jpg,6,
img001273.jpg,sfhq/images/part1/img001273.jpg,6,
img003522.jpg,sfhq/images/part1/img003522.jpg,6,
img004508.jpg,sfhq/images/part1/img004508.jpg,6,
img002489.jpg,sfhq/images/part1/img002489.jpg,6,
img004877.jpg,sfhq/images/part1/img004877.jpg,6,
img004583.jpg,sfhq/images/part1/img004583.jpg,6,
img000722.jpg,sfhq/images/part1/img000722.jpg,6,
img002144.jpg,sfhq/images/part1/img002144.jpg,6,
img002202.jpg,sfhq/images/part1/img002202.jpg,6,
img002561.jpg,sfhq/images/part1/img002561.jpg,6,
img002190.jpg,sfhq/images/part1/img002190.jpg,6,
img001821.jpg,sfhq/images/part1/img001821.jpg,6,
img002968.jpg,sfhq/images/part1/img002968.jpg,6,
img004127.jpg,sfhq/images/part1/img004127.jpg,6,
img001151.jpg,sfhq/images/part1/img001151.jpg,6,
img000910.jpg,sfhq/images/part1/img000910.jpg,6,
img004058.jpg,sfhq/images/part1/img004058.jpg,6,
img004449.jpg,sfhq/images/part1/img004449.jpg,6,
img001223.jpg,sfhq/images/part1/img001223.jpg,6,
img003841.jpg,sfhq/images/part1/img003841.jpg,6,
img003282.jpg,sfhq/images/part1/img003282.jpg,6,
img004156.jpg,sfhq/images/part1/img004156.jpg,6,
img004337.jpg,sfhq/images/part1/img004337.jpg,6,
img004403.jpg,sfhq/images/part1/img004403.jpg,6,
img001254.jpg,sfhq/images/part1/img001254.jpg,6,
img002659.jpg,sfhq/images/part1/img002659.jpg,6,
img003479.jpg,sfhq/images/part1/img003479.jpg,6,
img002180.jpg,sfhq/images/part1/img002180.jpg,6,
img000167.jpg,sfhq/images/part1/img000167.jpg,6,
img002467.jpg,sfhq/images/part1/img002467.jpg,6,
img004668.jpg,sfhq/images/part1/img004668.jpg,6,
img002325.jpg,sfhq/images/part1/img002325.jpg,6,
img002883.jpg,sfhq/images/part1/img002883.jpg,6,
img003595.jpg,sfhq/images/part1/img003595.jpg,6,
img001446.jpg,sfhq/images/part1/img001446.jpg,6,
img000672.jpg,sfhq/images/part1/img000672.jpg,6,
img000120.jpg,sfhq/images/part1/img000120.jpg,6,
img000688.jpg,sfhq/images/part1/img000688.jpg,6,
img001055.jpg,sfhq/images/part1/img001055.jpg,6,
img000514.jpg,sfhq/images/part1/img000514.jpg,6,
img002843.jpg,sfhq/images/part1/img002843.jpg,6,
img002623.jpg,sfhq/images/part1/img002623.jpg,6,
img001907.jpg,sfhq/images/part1/img001907.jpg,6,
img003366.jpg,sfhq/images/part1/img003366.jpg,6,
img003510.jpg,sfhq/images/part1/img003510.jpg,6,
img000108.jpg,sfhq/images/part1/img000108.jpg,6,
img002402.jpg,sfhq/images/part1/img002402.jpg,6,
img000742.jpg,sfhq/images/part1/img000742.jpg,6,
img000499.jpg,sfhq/images/part1/img000499.jpg,6,
img003504.jpg,sfhq/images/part1/img003504.jpg,6,
img000922.jpg,sfhq/images/part1/img000922.jpg,6,
img001888.jpg,sfhq/images/part1/img001888.jpg,6,
img003372.jpg,sfhq/images/part1/img003372.jpg,6,
img001471.jpg,sfhq/images/part1/img001471.jpg,6,
img003350.jpg,sfhq/images/part1/img003350.jpg,6,
img004763.jpg,sfhq/images/part1/img004763.jpg,6,
img004847.jpg,sfhq/images/part1/img004847.jpg,6,
img001521.jpg,sfhq/images/part1/img001521.jpg,6,
img002154.jpg,sfhq/images/part1/img002154.jpg,6,
img001383.jpg,sfhq/images/part1/img001383.jpg,6,
img002107.jpg,sfhq/images/part1/img002107.jpg,6,
img004511.jpg,sfhq/images/part1/img004511.jpg,6,
img002091.jpg,sfhq/images/part1/img002091.jpg,6,
img001930.jpg,sfhq/images/part1/img001930.jpg,6,
img000972.jpg,sfhq/images/part1/img000972.jpg,6,
img000020.jpg,sfhq/images/part1/img000020.jpg,6,
img002693.jpg,sfhq/images/part1/img002693.jpg,6,
img000129.jpg,sfhq/images/part1/img000129.jpg,6,
img003733.jpg,sfhq/images/part1/img003733.jpg,6,
img001805.jpg,sfhq/images/part1/img001805.jpg,6,
img003145.jpg,sfhq/images/part1/img003145.jpg,6,
img003776.jpg,sfhq/images/part1/img003776.jpg,6,
img002988.jpg,sfhq/images/part1/img002988.jpg,6,
img001909.jpg,sfhq/images/part1/img001909.jpg,6,
img004003.jpg,sfhq/images/part1/img004003.jpg,6,
img003063.jpg,sfhq/images/part1/img003063.jpg,6,
img001576.jpg,sfhq/images/part1/img001576.jpg,6,
img000366.jpg,sfhq/images/part1/img000366.jpg,6,
img003252.jpg,sfhq/images/part1/img003252.jpg,6,
img001378.jpg,sfhq/images/part1/img001378.jpg,6,
img003851.jpg,sfhq/images/part1/img003851.jpg,6,
img002949.jpg,sfhq/images/part1/img002949.jpg,6,
img003523.jpg,sfhq/images/part1/img003523.jpg,6,
img004492.jpg,sfhq/images/part1/img004492.jpg,6,
img004666.jpg,sfhq/images/part1/img004666.jpg,6,
img001413.jpg,sfhq/images/part1/img001413.jpg,6,
img002598.jpg,sfhq/images/part1/img002598.jpg,6,
img002952.jpg,sfhq/images/part1/img002952.jpg,6,
img000598.jpg,sfhq/images/part1/img000598.jpg,6,
img004726.jpg,sfhq/images/part1/img004726.jpg,6,
img001437.jpg,sfhq/images/part1/img001437.jpg,6,
img004126.jpg,sfhq/images/part1/img004126.jpg,6,
img000043.jpg,sfhq/images/part1/img000043.jpg,6,
img004599.jpg,sfhq/images/part1/img004599.jpg,6,
img003529.jpg,sfhq/images/part1/img003529.jpg,6,
img002919.jpg,sfhq/images/part1/img002919.jpg,6,
img000273.jpg,sfhq/images/part1/img000273.jpg,6,
img004182.jpg,sfhq/images/part1/img004182.jpg,6,
img000314.jpg,sfhq/images/part1/img000314.jpg,6,
img002133.jpg,sfhq/images/part1/img002133.jpg,6,
img004868.jpg,sfhq/images/part1/img004868.jpg,6,
img003412.jpg,sfhq/images/part1/img003412.jpg,6,
img000567.jpg,sfhq/images/part1/img000567.jpg,6,
img000749.jpg,sfhq/images/part1/img000749.jpg,6,
img004412.jpg,sfhq/images/part1/img004412.jpg,6,
img002956.jpg,sfhq/images/part1/img002956.jpg,6,
img002165.jpg,sfhq/images/part1/img002165.jpg,6,
img000821.jpg,sfhq/images/part1/img000821.jpg,6,
img003453.jpg,sfhq/images/part1/img003453.jpg,6,
img002238.jpg,sfhq/images/part1/img002238.jpg,6,
img000418.jpg,sfhq/images/part1/img000418.jpg,6,
img002676.jpg,sfhq/images/part1/img002676.jpg,6,
img001251.jpg,sfhq/images/part1/img001251.jpg,6,
img001360.jpg,sfhq/images/part1/img001360.jpg,6,
img000527.jpg,sfhq/images/part1/img000527.jpg,6,
img002462.jpg,sfhq/images/part1/img002462.jpg,6,
img004951.jpg,sfhq/images/part1/img004951.jpg,6,
img003334.jpg,sfhq/images/part1/img003334.jpg,6,
img000388.jpg,sfhq/images/part1/img000388.jpg,6,
img001406.jpg,sfhq/images/part1/img001406.jpg,6,
img001777.jpg,sfhq/images/part1/img001777.jpg,6,
img001367.jpg,sfhq/images/part1/img001367.jpg,6,
img004903.jpg,sfhq/images/part1/img004903.jpg,6,
img004145.jpg,sfhq/images/part1/img004145.jpg,6,
img001952.jpg,sfhq/images/part1/img001952.jpg,6,
img001209.jpg,sfhq/images/part1/img001209.jpg,6,
img002765.jpg,sfhq/images/part1/img002765.jpg,6,
img004497.jpg,sfhq/images/part1/img004497.jpg,6,
img000778.jpg,sfhq/images/part1/img000778.jpg,6,
img001632.jpg,sfhq/images/part1/img001632.jpg,6,
img002077.jpg,sfhq/images/part1/img002077.jpg,6,
img003327.jpg,sfhq/images/part1/img003327.jpg,6,
img004478.jpg,sfhq/images/part1/img004478.jpg,6,
img000054.jpg,sfhq/images/part1/img000054.jpg,6,
img002248.jpg,sfhq/images/part1/img002248.jpg,6,
img000625.jpg,sfhq/images/part1/img000625.jpg,6,
img001456.jpg,sfhq/images/part1/img001456.jpg,6,
img002870.jpg,sfhq/images/part1/img002870.jpg,6,
img003646.jpg,sfhq/images/part1/img003646.jpg,6,
img003582.jpg,sfhq/images/part1/img003582.jpg,6,
img003665.jpg,sfhq/images/part1/img003665.jpg,6,
img004942.jpg,sfhq/images/part1/img004942.jpg,6,
img000655.jpg,sfhq/images/part1/img000655.jpg,6,
img001533.jpg,sfhq/images/part1/img001533.jpg,6,
img000639.jpg,sfhq/images/part1/img000639.jpg,6,
img000249.jpg,sfhq/images/part1/img000249.jpg,6,
img002339.jpg,sfhq/images/part1/img002339.jpg,6,
img004344.jpg,sfhq/images/part1/img004344.jpg,6,
img000049.jpg,sfhq/images/part1/img000049.jpg,6,
img001879.jpg,sfhq/images/part1/img001879.jpg,6,
img000528.jpg,sfhq/images/part1/img000528.jpg,6,
img003142.jpg,sfhq/images/part1/img003142.jpg,6,
img001337.jpg,sfhq/images/part1/img001337.jpg,6,
img000502.jpg,sfhq/images/part1/img000502.jpg,6,
img000469.jpg,sfhq/images/part1/img000469.jpg,6,
img003125.jpg,sfhq/images/part1/img003125.jpg,6,
img004273.jpg,sfhq/images/part1/img004273.jpg,6,
img001264.jpg,sfhq/images/part1/img001264.jpg,6,
img000905.jpg,sfhq/images/part1/img000905.jpg,6,
img002150.jpg,sfhq/images/part1/img002150.jpg,6,
img004823.jpg,sfhq/images/part1/img004823.jpg,6,
img003890.jpg,sfhq/images/part1/img003890.jpg,6,
img000711.jpg,sfhq/images/part1/img000711.jpg,6,
img004845.jpg,sfhq/images/part1/img004845.jpg,6,
img000308.jpg,sfhq/images/part1/img000308.jpg,6,
img000874.jpg,sfhq/images/part1/img000874.jpg,6,
img002973.jpg,sfhq/images/part1/img002973.jpg,6,
img004328.jpg,sfhq/images/part1/img004328.jpg,6,
img000286.jpg,sfhq/images/part1/img000286.jpg,6,
img001282.jpg,sfhq/images/part1/img001282.jpg,6,
img003133.jpg,sfhq/images/part1/img003133.jpg,6,
img001986.jpg,sfhq/images/part1/img001986.jpg,6,
img000399.jpg,sfhq/images/part1/img000399.jpg,6,
img001357.jpg,sfhq/images/part1/img001357.jpg,6,
img002784.jpg,sfhq/images/part1/img002784.jpg,6,
img002331.jpg,sfhq/images/part1/img002331.jpg,6,
img004418.jpg,sfhq/images/part1/img004418.jpg,6,
img001199.jpg,sfhq/images/part1/img001199.jpg,6,
img004226.jpg,sfhq/images/part1/img004226.jpg,6,
img000889.jpg,sfhq/images/part1/img000889.jpg,6,
img001796.jpg,sfhq/images/part1/img001796.jpg,6,
img004062.jpg,sfhq/images/part1/img004062.jpg,6,
img000884.jpg,sfhq/images/part1/img000884.jpg,6,
img004456.jpg,sfhq/images/part1/img004456.jpg,6,
img003816.jpg,sfhq/images/part1/img003816.jpg,6,
img003363.jpg,sfhq/images/part1/img003363.jpg,6,
img003068.jpg,sfhq/images/part1/img003068.jpg,6,
img002740.jpg,sfhq/images/part1/img002740.jpg,6,
img002119.jpg,sfhq/images/part1/img002119.jpg,6,
img004962.jpg,sfhq/images/part1/img004962.jpg,6,
img003298.jpg,sfhq/images/part1/img003298.jpg,6,
img001887.jpg,sfhq/images/part1/img001887.jpg,6,
img003538.jpg,sfhq/images/part1/img003538.jpg,6,
img004740.jpg,sfhq/images/part1/img004740.jpg,6,
img001481.jpg,sfhq/images/part1/img001481.jpg,6,
img001447.jpg,sfhq/images/part1/img001447.jpg,6,
img004752.jpg,sfhq/images/part1/img004752.jpg,6,
img001382.jpg,sfhq/images/part1/img001382.jpg,6,
img002110.jpg,sfhq/images/part1/img002110.jpg,6,
img002978.jpg,sfhq/images/part1/img002978.jpg,6,
img004188.jpg,sfhq/images/part1/img004188.jpg,6,
img002018.jpg,sfhq/images/part1/img002018.jpg,6,
img001274.jpg,sfhq/images/part1/img001274.jpg,6,
img004435.jpg,sfhq/images/part1/img004435.jpg,6,
img001304.jpg,sfhq/images/part1/img001304.jpg,6,
img003088.jpg,sfhq/images/part1/img003088.jpg,6,
img002545.jpg,sfhq/images/part1/img002545.jpg,6,
img002063.jpg,sfhq/images/part1/img002063.jpg,6,
img001401.jpg,sfhq/images/part1/img001401.jpg,6,
img004745.jpg,sfhq/images/part1/img004745.jpg,6,
img004762.jpg,sfhq/images/part1/img004762.jpg,6,
img003326.jpg,sfhq/images/part1/img003326.jpg,6,
img000830.jpg,sfhq/images/part1/img000830.jpg,6,
img002464.jpg,sfhq/images/part1/img002464.jpg,6,
img004898.jpg,sfhq/images/part1/img004898.jpg,6,
img003767.jpg,sfhq/images/part1/img003767.jpg,6,
img002185.jpg,sfhq/images/part1/img002185.jpg,6,
img000380.jpg,sfhq/images/part1/img000380.jpg,6,
img004840.jpg,sfhq/images/part1/img004840.jpg,6,
img003156.jpg,sfhq/images/part1/img003156.jpg,6,
img001208.jpg,sfhq/images/part1/img001208.jpg,6,
img002879.jpg,sfhq/images/part1/img002879.jpg,6,
img004614.jpg,sfhq/images/part1/img004614.jpg,6,
img003161.jpg,sfhq/images/part1/img003161.jpg,6,
img004016.jpg,sfhq/images/part1/img004016.jpg,6,
img004645.jpg,sfhq/images/part1/img004645.jpg,6,
img002441.jpg,sfhq/images/part1/img002441.jpg,6,
img000543.jpg,sfhq/images/part1/img000543.jpg,6,
img003520.jpg,sfhq/images/part1/img003520.jpg,6,
img002718.jpg,sfhq/images/part1/img002718.jpg,6,
img000047.jpg,sfhq/images/part1/img000047.jpg,6,
img001553.jpg,sfhq/images/part1/img001553.jpg,6,
img000619.jpg,sfhq/images/part1/img000619.jpg,6,
img002448.jpg,sfhq/images/part1/img002448.jpg,6,
img003514.jpg,sfhq/images/part1/img003514.jpg,6,
img004194.jpg,sfhq/images/part1/img004194.jpg,6,
img004629.jpg,sfhq/images/part1/img004629.jpg,6,
img002954.jpg,sfhq/images/part1/img002954.jpg,6,
img001773.jpg,sfhq/images/part1/img001773.jpg,6,
img001052.jpg,sfhq/images/part1/img001052.jpg,6,
img000359.jpg,sfhq/images/part1/img000359.jpg,6,
img002828.jpg,sfhq/images/part1/img002828.jpg,6,
img001918.jpg,sfhq/images/part1/img001918.jpg,6,
img004433.jpg,sfhq/images/part1/img004433.jpg,6,
img004458.jpg,sfhq/images/part1/img004458.jpg,6,
img003466.jpg,sfhq/images/part1/img003466.jpg,6,
img004192.jpg,sfhq/images/part1/img004192.jpg,6,
img003448.jpg,sfhq/images/part1/img003448.jpg,6,
img002379.jpg,sfhq/images/part1/img002379.jpg,6,
img001069.jpg,sfhq/images/part1/img001069.jpg,6,
img003130.jpg,sfhq/images/part1/img003130.jpg,6,
img001327.jpg,sfhq/images/part1/img001327.jpg,6,
img003543.jpg,sfhq/images/part1/img003543.jpg,6,
img001908.jpg,sfhq/images/part1/img001908.jpg,6,
img003913.jpg,sfhq/images/part1/img003913.jpg,6,
img002256.jpg,sfhq/images/part1/img002256.jpg,6,
img001298.jpg,sfhq/images/part1/img001298.jpg,6,
img004736.jpg,sfhq/images/part1/img004736.jpg,6,
img004812.jpg,sfhq/images/part1/img004812.jpg,6,
img002944.jpg,sfhq/images/part1/img002944.jpg,6,
img001955.jpg,sfhq/images/part1/img001955.jpg,6,
img002241.jpg,sfhq/images/part1/img002241.jpg,6,
img002314.jpg,sfhq/images/part1/img002314.jpg,6,
img002951.jpg,sfhq/images/part1/img002951.jpg,6,
img001173.jpg,sfhq/images/part1/img001173.jpg,6,
img004753.jpg,sfhq/images/part1/img004753.jpg,6,
img002644.jpg,sfhq/images/part1/img002644.jpg,6,
img003803.jpg,sfhq/images/part1/img003803.jpg,6,
img000563.jpg,sfhq/images/part1/img000563.jpg,6,
img001764.jpg,sfhq/images/part1/img001764.jpg,6,
img001925.jpg,sfhq/images/part1/img001925.jpg,6,
img001043.jpg,sfhq/images/part1/img001043.jpg,6,
img004567.jpg,sfhq/images/part1/img004567.jpg,6,
img001475.jpg,sfhq/images/part1/img001475.jpg,6,
img004002.jpg,sfhq/images/part1/img004002.jpg,6,
img000093.jpg,sfhq/images/part1/img000093.jpg,6,
img002024.jpg,sfhq/images/part1/img002024.jpg,6,
img001108.jpg,sfhq/images/part1/img001108.jpg,6,
img003271.jpg,sfhq/images/part1/img003271.jpg,6,
img001512.jpg,sfhq/images/part1/img001512.jpg,6,
img003290.jpg,sfhq/images/part1/img003290.jpg,6,
img001993.jpg,sfhq/images/part1/img001993.jpg,6,
img003153.jpg,sfhq/images/part1/img003153.jpg,6,
img003414.jpg,sfhq/images/part1/img003414.jpg,6,
img001459.jpg,sfhq/images/part1/img001459.jpg,6,
img001241.jpg,sfhq/images/part1/img001241.jpg,6,
img002410.jpg,sfhq/images/part1/img002410.jpg,6,
img002552.jpg,sfhq/images/part1/img002552.jpg,6,
img000646.jpg,sfhq/images/part1/img000646.jpg,6,
img002332.jpg,sfhq/images/part1/img002332.jpg,6,
img001332.jpg,sfhq/images/part1/img001332.jpg,6,
img004445.jpg,sfhq/images/part1/img004445.jpg,6,
img000348.jpg,sfhq/images/part1/img000348.jpg,6,
img003530.jpg,sfhq/images/part1/img003530.jpg,6,
img000781.jpg,sfhq/images/part1/img000781.jpg,6,
img000287.jpg,sfhq/images/part1/img000287.jpg,6,
img002872.jpg,sfhq/images/part1/img002872.jpg,6,
img000468.jpg,sfhq/images/part1/img000468.jpg,6,
img000714.jpg,sfhq/images/part1/img000714.jpg,6,
img003463.jpg,sfhq/images/part1/img003463.jpg,6,
img000370.jpg,sfhq/images/part1/img000370.jpg,6,
img001920.jpg,sfhq/images/part1/img001920.jpg,6,
img003837.jpg,sfhq/images/part1/img003837.jpg,6,
img004431.jpg,sfhq/images/part1/img004431.jpg,6,
img003245.jpg,sfhq/images/part1/img003245.jpg,6,
img003289.jpg,sfhq/images/part1/img003289.jpg,6,
img003475.jpg,sfhq/images/part1/img003475.jpg,6,
img003877.jpg,sfhq/images/part1/img003877.jpg,6,
img004641.jpg,sfhq/images/part1/img004641.jpg,6,
img001656.jpg,sfhq/images/part1/img001656.jpg,6,
img001992.jpg,sfhq/images/part1/img001992.jpg,6,
img002244.jpg,sfhq/images/part1/img002244.jpg,6,
img002537.jpg,sfhq/images/part1/img002537.jpg,6,
img003839.jpg,sfhq/images/part1/img003839.jpg,6,
img003672.jpg,sfhq/images/part1/img003672.jpg,6,
img002512.jpg,sfhq/images/part1/img002512.jpg,6,
img000430.jpg,sfhq/images/part1/img000430.jpg,6,
img001270.jpg,sfhq/images/part1/img001270.jpg,6,
img002372.jpg,sfhq/images/part1/img002372.jpg,6,
img003392.jpg,sfhq/images/part1/img003392.jpg,6,
img001472.jpg,sfhq/images/part1/img001472.jpg,6,
img002230.jpg,sfhq/images/part1/img002230.jpg,6,
img003272.jpg,sfhq/images/part1/img003272.jpg,6,
img002222.jpg,sfhq/images/part1/img002222.jpg,6,
img001600.jpg,sfhq/images/part1/img001600.jpg,6,
img003910.jpg,sfhq/images/part1/img003910.jpg,6,
img000656.jpg,sfhq/images/part1/img000656.jpg,6,
img004329.jpg,sfhq/images/part1/img004329.jpg,6,
img001417.jpg,sfhq/images/part1/img001417.jpg,6,
img002639.jpg,sfhq/images/part1/img002639.jpg,6,
img000055.jpg,sfhq/images/part1/img000055.jpg,6,
img002555.jpg,sfhq/images/part1/img002555.jpg,6,
img003882.jpg,sfhq/images/part1/img003882.jpg,6,
img001261.jpg,sfhq/images/part1/img001261.jpg,6,
img002871.jpg,sfhq/images/part1/img002871.jpg,6,
img002380.jpg,sfhq/images/part1/img002380.jpg,6,
img000136.jpg,sfhq/images/part1/img000136.jpg,6,
img000872.jpg,sfhq/images/part1/img000872.jpg,6,
img001980.jpg,sfhq/images/part1/img001980.jpg,6,
img003883.jpg,sfhq/images/part1/img003883.jpg,6,
img002599.jpg,sfhq/images/part1/img002599.jpg,6,
img001651.jpg,sfhq/images/part1/img001651.jpg,6,
img000109.jpg,sfhq/images/part1/img000109.jpg,6,
img003610.jpg,sfhq/images/part1/img003610.jpg,6,
img001845.jpg,sfhq/images/part1/img001845.jpg,6,
img004484.jpg,sfhq/images/part1/img004484.jpg,6,
img003631.jpg,sfhq/images/part1/img003631.jpg,6,
img003144.jpg,sfhq/images/part1/img003144.jpg,6,
img004911.jpg,sfhq/images/part1/img004911.jpg,6,
img000541.jpg,sfhq/images/part1/img000541.jpg,6,
img000452.jpg,sfhq/images/part1/img000452.jpg,6,
img003853.jpg,sfhq/images/part1/img003853.jpg,6,
img004910.jpg,sfhq/images/part1/img004910.jpg,6,
img002606.jpg,sfhq/images/part1/img002606.jpg,6,
img003136.jpg,sfhq/images/part1/img003136.jpg,6,
img000330.jpg,sfhq/images/part1/img000330.jpg,6,
img000105.jpg,sfhq/images/part1/img000105.jpg,6,
img003236.jpg,sfhq/images/part1/img003236.jpg,6,
img000145.jpg,sfhq/images/part1/img000145.jpg,6,
img004590.jpg,sfhq/images/part1/img004590.jpg,6,
img001595.jpg,sfhq/images/part1/img001595.jpg,6,
img003042.jpg,sfhq/images/part1/img003042.jpg,6,
img000254.jpg,sfhq/images/part1/img000254.jpg,6,
img004778.jpg,sfhq/images/part1/img004778.jpg,6,
img004857.jpg,sfhq/images/part1/img004857.jpg,6,
img004360.jpg,sfhq/images/part1/img004360.jpg,6,
img000968.jpg,sfhq/images/part1/img000968.jpg,6,
img002206.jpg,sfhq/images/part1/img002206.jpg,6,
img000500.jpg,sfhq/images/part1/img000500.jpg,6,
img004990.jpg,sfhq/images/part1/img004990.jpg,6,
img000163.jpg,sfhq/images/part1/img000163.jpg,6,
img001046.jpg,sfhq/images/part1/img001046.jpg,6,
img004170.jpg,sfhq/images/part1/img004170.jpg,6,
img000934.jpg,sfhq/images/part1/img000934.jpg,6,
img004761.jpg,sfhq/images/part1/img004761.jpg,6,
img001968.jpg,sfhq/images/part1/img001968.jpg,6,
img003701.jpg,sfhq/images/part1/img003701.jpg,6,
img003930.jpg,sfhq/images/part1/img003930.jpg,6,
img002430.jpg,sfhq/images/part1/img002430.jpg,6,
img000466.jpg,sfhq/images/part1/img000466.jpg,6,
img003027.jpg,sfhq/images/part1/img003027.jpg,6,
img003768.jpg,sfhq/images/part1/img003768.jpg,6,
img004547.jpg,sfhq/images/part1/img004547.jpg,6,
img001013.jpg,sfhq/images/part1/img001013.jpg,6,
img001554.jpg,sfhq/images/part1/img001554.jpg,6,
img003531.jpg,sfhq/images/part1/img003531.jpg,6,
img000599.jpg,sfhq/images/part1/img000599.jpg,6,
img000318.jpg,sfhq/images/part1/img000318.jpg,6,
img003706.jpg,sfhq/images/part1/img003706.jpg,6,
img000710.jpg,sfhq/images/part1/img000710.jpg,6,
img002622.jpg,sfhq/images/part1/img002622.jpg,6,
img000245.jpg,sfhq/images/part1/img000245.jpg,6,
img004310.jpg,sfhq/images/part1/img004310.jpg,6,
img004486.jpg,sfhq/images/part1/img004486.jpg,6,
img000223.jpg,sfhq/images/part1/img000223.jpg,6,
img000012.jpg,sfhq/images/part1/img000012.jpg,6,
img000091.jpg,sfhq/images/part1/img000091.jpg,6,
img003171.jpg,sfhq/images/part1/img003171.jpg,6,
img000195.jpg,sfhq/images/part1/img000195.jpg,6,
img001532.jpg,sfhq/images/part1/img001532.jpg,6,
img003012.jpg,sfhq/images/part1/img003012.jpg,6,
img000456.jpg,sfhq/images/part1/img000456.jpg,6,
img002896.jpg,sfhq/images/part1/img002896.jpg,6,
img001128.jpg,sfhq/images/part1/img001128.jpg,6,
img001021.jpg,sfhq/images/part1/img001021.jpg,6,
img002108.jpg,sfhq/images/part1/img002108.jpg,6,
img001546.jpg,sfhq/images/part1/img001546.jpg,6,
img003511.jpg,sfhq/images/part1/img003511.jpg,6,
img000617.jpg,sfhq/images/part1/img000617.jpg,6,
img000133.jpg,sfhq/images/part1/img000133.jpg,6,
img004500.jpg,sfhq/images/part1/img004500.jpg,6,
img004802.jpg,sfhq/images/part1/img004802.jpg,6,
img002365.jpg,sfhq/images/part1/img002365.jpg,6,
img003528.jpg,sfhq/images/part1/img003528.jpg,6,
img004325.jpg,sfhq/images/part1/img004325.jpg,6,
img000825.jpg,sfhq/images/part1/img000825.jpg,6,
img001040.jpg,sfhq/images/part1/img001040.jpg,6,
img000358.jpg,sfhq/images/part1/img000358.jpg,6,
img002788.jpg,sfhq/images/part1/img002788.jpg,6,
img001099.jpg,sfhq/images/part1/img001099.jpg,6,
img000382.jpg,sfhq/images/part1/img000382.jpg,6,
img002246.jpg,sfhq/images/part1/img002246.jpg,6,
img003558.jpg,sfhq/images/part1/img003558.jpg,6,
img002741.jpg,sfhq/images/part1/img002741.jpg,6,
img001725.jpg,sfhq/images/part1/img001725.jpg,6,
img001726.jpg,sfhq/images/part1/img001726.jpg,6,
img004355.jpg,sfhq/images/part1/img004355.jpg,6,
img003831.jpg,sfhq/images/part1/img003831.jpg,6,
img002909.jpg,sfhq/images/part1/img002909.jpg,6,
img002819.jpg,sfhq/images/part1/img002819.jpg,6,
img002867.jpg,sfhq/images/part1/img002867.jpg,6,
img003371.jpg,sfhq/images/part1/img003371.jpg,6,
img003634.jpg,sfhq/images/part1/img003634.jpg,6,
img000352.jpg,sfhq/images/part1/img000352.jpg,6,
img003404.jpg,sfhq/images/part1/img003404.jpg,6,
img000901.jpg,sfhq/images/part1/img000901.jpg,6,
img003243.jpg,sfhq/images/part1/img003243.jpg,6,
img002711.jpg,sfhq/images/part1/img002711.jpg,6,
img004442.jpg,sfhq/images/part1/img004442.jpg,6,
img004144.jpg,sfhq/images/part1/img004144.jpg,6,
img002485.jpg,sfhq/images/part1/img002485.jpg,6,
img002565.jpg,sfhq/images/part1/img002565.jpg,6,
img000518.jpg,sfhq/images/part1/img000518.jpg,6,
img004512.jpg,sfhq/images/part1/img004512.jpg,6,
img000237.jpg,sfhq/images/part1/img000237.jpg,6,
img002926.jpg,sfhq/images/part1/img002926.jpg,6,
img000257.jpg,sfhq/images/part1/img000257.jpg,6,
img004317.jpg,sfhq/images/part1/img004317.jpg,6,
img003357.jpg,sfhq/images/part1/img003357.jpg,6,
img004048.jpg,sfhq/images/part1/img004048.jpg,6,
img004316.jpg,sfhq/images/part1/img004316.jpg,6,
img000603.jpg,sfhq/images/part1/img000603.jpg,6,
img001294.jpg,sfhq/images/part1/img001294.jpg,6,
img001239.jpg,sfhq/images/part1/img001239.jpg,6,
img001089.jpg,sfhq/images/part1/img001089.jpg,6,
img000046.jpg,sfhq/images/part1/img000046.jpg,6,
img004346.jpg,sfhq/images/part1/img004346.jpg,6,
img000261.jpg,sfhq/images/part1/img000261.jpg,6,
img001130.jpg,sfhq/images/part1/img001130.jpg,6,
img001838.jpg,sfhq/images/part1/img001838.jpg,6,
img002510.jpg,sfhq/images/part1/img002510.jpg,6,
img000496.jpg,sfhq/images/part1/img000496.jpg,6,
img002057.jpg,sfhq/images/part1/img002057.jpg,6,
img002621.jpg,sfhq/images/part1/img002621.jpg,6,
img003421.jpg,sfhq/images/part1/img003421.jpg,6,
img000537.jpg,sfhq/images/part1/img000537.jpg,6,
img000118.jpg,sfhq/images/part1/img000118.jpg,6,
img000087.jpg,sfhq/images/part1/img000087.jpg,6,
img004453.jpg,sfhq/images/part1/img004453.jpg,6,
img002620.jpg,sfhq/images/part1/img002620.jpg,6,
img004371.jpg,sfhq/images/part1/img004371.jpg,6,
img001588.jpg,sfhq/images/part1/img001588.jpg,6,
img003314.jpg,sfhq/images/part1/img003314.jpg,6,
img003435.jpg,sfhq/images/part1/img003435.jpg,6,
img003190.jpg,sfhq/images/part1/img003190.jpg,6,
img003533.jpg,sfhq/images/part1/img003533.jpg,6,
img003408.jpg,sfhq/images/part1/img003408.jpg,6,
img001110.jpg,sfhq/images/part1/img001110.jpg,6,
img003606.jpg,sfhq/images/part1/img003606.jpg,6,
img001989.jpg,sfhq/images/part1/img001989.jpg,6,
img002739.jpg,sfhq/images/part1/img002739.jpg,6,
img000304.jpg,sfhq/images/part1/img000304.jpg,6,
img004132.jpg,sfhq/images/part1/img004132.jpg,6,
img001678.jpg,sfhq/images/part1/img001678.jpg,6,
img000799.jpg,sfhq/images/part1/img000799.jpg,6,
img004130.jpg,sfhq/images/part1/img004130.jpg,6,
img003705.jpg,sfhq/images/part1/img003705.jpg,6,
img000945.jpg,sfhq/images/part1/img000945.jpg,6,
img004399.jpg,sfhq/images/part1/img004399.jpg,6,
img004932.jpg,sfhq/images/part1/img004932.jpg,6,
img002437.jpg,sfhq/images/part1/img002437.jpg,6,
img001858.jpg,sfhq/images/part1/img001858.jpg,6,
img003639.jpg,sfhq/images/part1/img003639.jpg,6,
img003335.jpg,sfhq/images/part1/img003335.jpg,6,
img002048.jpg,sfhq/images/part1/img002048.jpg,6,
img002383.jpg,sfhq/images/part1/img002383.jpg,6,
img002696.jpg,sfhq/images/part1/img002696.jpg,6,
img004773.jpg,sfhq/images/part1/img004773.jpg,6,
img004204.jpg,sfhq/images/part1/img004204.jpg,6,
img001826.jpg,sfhq/images/part1/img001826.jpg,6,
img001710.jpg,sfhq/images/part1/img001710.jpg,6,
img002767.jpg,sfhq/images/part1/img002767.jpg,6,
img001496.jpg,sfhq/images/part1/img001496.jpg,6,
img000140.jpg,sfhq/images/part1/img000140.jpg,6,
img002935.jpg,sfhq/images/part1/img002935.jpg,6,
img001404.jpg,sfhq/images/part1/img001404.jpg,6,
img004618.jpg,sfhq/images/part1/img004618.jpg,6,
img001469.jpg,sfhq/images/part1/img001469.jpg,6,
img000946.jpg,sfhq/images/part1/img000946.jpg,6,
img002866.jpg,sfhq/images/part1/img002866.jpg,6,
img001352.jpg,sfhq/images/part1/img001352.jpg,6,
img003895.jpg,sfhq/images/part1/img003895.jpg,6,
img001338.jpg,sfhq/images/part1/img001338.jpg,6,
img000050.jpg,sfhq/images/part1/img000050.jpg,6,
img000299.jpg,sfhq/images/part1/img000299.jpg,6,
img002785.jpg,sfhq/images/part1/img002785.jpg,6,
img001932.jpg,sfhq/images/part1/img001932.jpg,6,
img004428.jpg,sfhq/images/part1/img004428.jpg,6,
img004014.jpg,sfhq/images/part1/img004014.jpg,6,
img003339.jpg,sfhq/images/part1/img003339.jpg,6,
img004076.jpg,sfhq/images/part1/img004076.jpg,6,
img003137.jpg,sfhq/images/part1/img003137.jpg,6,
img002901.jpg,sfhq/images/part1/img002901.jpg,6,
img003293.jpg,sfhq/images/part1/img003293.jpg,6,
img002803.jpg,sfhq/images/part1/img002803.jpg,6,
img003677.jpg,sfhq/images/part1/img003677.jpg,6,
img000708.jpg,sfhq/images/part1/img000708.jpg,6,
img002254.jpg,sfhq/images/part1/img002254.jpg,6,
img002918.jpg,sfhq/images/part1/img002918.jpg,6,
img003684.jpg,sfhq/images/part1/img003684.jpg,6,
img000715.jpg,sfhq/images/part1/img000715.jpg,6,
img003231.jpg,sfhq/images/part1/img003231.jpg,6,
img003096.jpg,sfhq/images/part1/img003096.jpg,6,
img004052.jpg,sfhq/images/part1/img004052.jpg,6,
img004953.jpg,sfhq/images/part1/img004953.jpg,6,
img000113.jpg,sfhq/images/part1/img000113.jpg,6,
img004712.jpg,sfhq/images/part1/img004712.jpg,6,
img003046.jpg,sfhq/images/part1/img003046.jpg,6,
img002753.jpg,sfhq/images/part1/img002753.jpg,6,
img000025.jpg,sfhq/images/part1/img000025.jpg,6,
img001316.jpg,sfhq/images/part1/img001316.jpg,6,
img002997.jpg,sfhq/images/part1/img002997.jpg,6,
img004119.jpg,sfhq/images/part1/img004119.jpg,6,
img000139.jpg,sfhq/images/part1/img000139.jpg,6,
img004381.jpg,sfhq/images/part1/img004381.jpg,6,
img003997.jpg,sfhq/images/part1/img003997.jpg,6,
img003899.jpg,sfhq/images/part1/img003899.jpg,6,
img001205.jpg,sfhq/images/part1/img001205.jpg,6,
img001172.jpg,sfhq/images/part1/img001172.jpg,6,
img002627.jpg,sfhq/images/part1/img002627.jpg,6,
img002173.jpg,sfhq/images/part1/img002173.jpg,6,
img002614.jpg,sfhq/images/part1/img002614.jpg,6,
img004775.jpg,sfhq/images/part1/img004775.jpg,6,
img004950.jpg,sfhq/images/part1/img004950.jpg,6,
img003547.jpg,sfhq/images/part1/img003547.jpg,6,
img004030.jpg,sfhq/images/part1/img004030.jpg,6,
img001193.jpg,sfhq/images/part1/img001193.jpg,6,
img000994.jpg,sfhq/images/part1/img000994.jpg,6,
img001042.jpg,sfhq/images/part1/img001042.jpg,6,
img003879.jpg,sfhq/images/part1/img003879.jpg,6,
img004967.jpg,sfhq/images/part1/img004967.jpg,6,
img002664.jpg,sfhq/images/part1/img002664.jpg,6,
img000374.jpg,sfhq/images/part1/img000374.jpg,6,
img003881.jpg,sfhq/images/part1/img003881.jpg,6,
img001697.jpg,sfhq/images/part1/img001697.jpg,6,
img000521.jpg,sfhq/images/part1/img000521.jpg,6,
img004804.jpg,sfhq/images/part1/img004804.jpg,6,
img003697.jpg,sfhq/images/part1/img003697.jpg,6,
img000068.jpg,sfhq/images/part1/img000068.jpg,6,
img003726.jpg,sfhq/images/part1/img003726.jpg,6,
img004848.jpg,sfhq/images/part1/img004848.jpg,6,
img003348.jpg,sfhq/images/part1/img003348.jpg,6,
img004669.jpg,sfhq/images/part1/img004669.jpg,6,
img004051.jpg,sfhq/images/part1/img004051.jpg,6,
img004602.jpg,sfhq/images/part1/img004602.jpg,6,
img002592.jpg,sfhq/images/part1/img002592.jpg,6,
img000757.jpg,sfhq/images/part1/img000757.jpg,6,
img002714.jpg,sfhq/images/part1/img002714.jpg,6,
img001653.jpg,sfhq/images/part1/img001653.jpg,6,
img001198.jpg,sfhq/images/part1/img001198.jpg,6,
img003140.jpg,sfhq/images/part1/img003140.jpg,6,
img004067.jpg,sfhq/images/part1/img004067.jpg,6,
img001329.jpg,sfhq/images/part1/img001329.jpg,6,
img003108.jpg,sfhq/images/part1/img003108.jpg,6,
img004730.jpg,sfhq/images/part1/img004730.jpg,6,
img003450.jpg,sfhq/images/part1/img003450.jpg,6,
img003932.jpg,sfhq/images/part1/img003932.jpg,6,
img003737.jpg,sfhq/images/part1/img003737.jpg,6,
img004782.jpg,sfhq/images/part1/img004782.jpg,6,
img002054.jpg,sfhq/images/part1/img002054.jpg,6,
img004366.jpg,sfhq/images/part1/img004366.jpg,6,
img001916.jpg,sfhq/images/part1/img001916.jpg,6,
img001650.jpg,sfhq/images/part1/img001650.jpg,6,
img003013.jpg,sfhq/images/part1/img003013.jpg,6,
img002768.jpg,sfhq/images/part1/img002768.jpg,6,
img003174.jpg,sfhq/images/part1/img003174.jpg,6,
img004973.jpg,sfhq/images/part1/img004973.jpg,6,
img004085.jpg,sfhq/images/part1/img004085.jpg,6,
img000544.jpg,sfhq/images/part1/img000544.jpg,6,
img003977.jpg,sfhq/images/part1/img003977.jpg,6,
img000583.jpg,sfhq/images/part1/img000583.jpg,6,
img003896.jpg,sfhq/images/part1/img003896.jpg,6,
img001255.jpg,sfhq/images/part1/img001255.jpg,6,
img004542.jpg,sfhq/images/part1/img004542.jpg,6,
img003425.jpg,sfhq/images/part1/img003425.jpg,6,
img001078.jpg,sfhq/images/part1/img001078.jpg,6,
img004475.jpg,sfhq/images/part1/img004475.jpg,6,
img004940.jpg,sfhq/images/part1/img004940.jpg,6,
img004896.jpg,sfhq/images/part1/img004896.jpg,6,
img001917.jpg,sfhq/images/part1/img001917.jpg,6,
img000185.jpg,sfhq/images/part1/img000185.jpg,6,
img000685.jpg,sfhq/images/part1/img000685.jpg,6,
img002513.jpg,sfhq/images/part1/img002513.jpg,6,
img004239.jpg,sfhq/images/part1/img004239.jpg,6,
img001923.jpg,sfhq/images/part1/img001923.jpg,6,
img001425.jpg,sfhq/images/part1/img001425.jpg,6,
img000462.jpg,sfhq/images/part1/img000462.jpg,6,
img002525.jpg,sfhq/images/part1/img002525.jpg,6,
img004513.jpg,sfhq/images/part1/img004513.jpg,6,
img000706.jpg,sfhq/images/part1/img000706.jpg,6,
img002097.jpg,sfhq/images/part1/img002097.jpg,6,
img004830.jpg,sfhq/images/part1/img004830.jpg,6,
img001202.jpg,sfhq/images/part1/img001202.jpg,6,
img004021.jpg,sfhq/images/part1/img004021.jpg,6,
img001457.jpg,sfhq/images/part1/img001457.jpg,6,
img002307.jpg,sfhq/images/part1/img002307.jpg,6,
img001139.jpg,sfhq/images/part1/img001139.jpg,6,
img003951.jpg,sfhq/images/part1/img003951.jpg,6,
img004785.jpg,sfhq/images/part1/img004785.jpg,6,
img000898.jpg,sfhq/images/part1/img000898.jpg,6,
img000557.jpg,sfhq/images/part1/img000557.jpg,6,
img001829.jpg,sfhq/images/part1/img001829.jpg,6,
img002536.jpg,sfhq/images/part1/img002536.jpg,6,
img002203.jpg,sfhq/images/part1/img002203.jpg,6,
img002654.jpg,sfhq/images/part1/img002654.jpg,6,
img000566.jpg,sfhq/images/part1/img000566.jpg,6,
img000184.jpg,sfhq/images/part1/img000184.jpg,6,
img002003.jpg,sfhq/images/part1/img002003.jpg,6,
img004320.jpg,sfhq/images/part1/img004320.jpg,6,
img003683.jpg,sfhq/images/part1/img003683.jpg,6,
img003948.jpg,sfhq/images/part1/img003948.jpg,6,
img003197.jpg,sfhq/images/part1/img003197.jpg,6,
img003304.jpg,sfhq/images/part1/img003304.jpg,6,
img002470.jpg,sfhq/images/part1/img002470.jpg,6,
img000735.jpg,sfhq/images/part1/img000735.jpg,6,
img004200.jpg,sfhq/images/part1/img004200.jpg,6,
img000784.jpg,sfhq/images/part1/img000784.jpg,6,
img002023.jpg,sfhq/images/part1/img002023.jpg,6,
img002523.jpg,sfhq/images/part1/img002523.jpg,6,
img003887.jpg,sfhq/images/part1/img003887.jpg,6,
img004451.jpg,sfhq/images/part1/img004451.jpg,6,
img003540.jpg,sfhq/images/part1/img003540.jpg,6,
img001982.jpg,sfhq/images/part1/img001982.jpg,6,
img001750.jpg,sfhq/images/part1/img001750.jpg,6,
img004326.jpg,sfhq/images/part1/img004326.jpg,6,
img003798.jpg,sfhq/images/part1/img003798.jpg,6,
img003698.jpg,sfhq/images/part1/img003698.jpg,6,
img003374.jpg,sfhq/images/part1/img003374.jpg,6,
img000897.jpg,sfhq/images/part1/img000897.jpg,6,
img003591.jpg,sfhq/images/part1/img003591.jpg,6,
img003532.jpg,sfhq/images/part1/img003532.jpg,6,
img001415.jpg,sfhq/images/part1/img001415.jpg,6,
img004018.jpg,sfhq/images/part1/img004018.jpg,6,
img001729.jpg,sfhq/images/part1/img001729.jpg,6,
img000992.jpg,sfhq/images/part1/img000992.jpg,6,
img002963.jpg,sfhq/images/part1/img002963.jpg,6,
img000258.jpg,sfhq/images/part1/img000258.jpg,6,
img002191.jpg,sfhq/images/part1/img002191.jpg,6,
img003410.jpg,sfhq/images/part1/img003410.jpg,6,
img004731.jpg,sfhq/images/part1/img004731.jpg,6,
img002403.jpg,sfhq/images/part1/img002403.jpg,6,
img002925.jpg,sfhq/images/part1/img002925.jpg,6,
img001774.jpg,sfhq/images/part1/img001774.jpg,6,
img000044.jpg,sfhq/images/part1/img000044.jpg,6,
img000250.jpg,sfhq/images/part1/img000250.jpg,6,
img002937.jpg,sfhq/images/part1/img002937.jpg,6,
img000630.jpg,sfhq/images/part1/img000630.jpg,6,
img004627.jpg,sfhq/images/part1/img004627.jpg,6,
img000464.jpg,sfhq/images/part1/img000464.jpg,6,
img003651.jpg,sfhq/images/part1/img003651.jpg,6,
img003030.jpg,sfhq/images/part1/img003030.jpg,6,
img004526.jpg,sfhq/images/part1/img004526.jpg,6,
img003060.jpg,sfhq/images/part1/img003060.jpg,6,
img000515.jpg,sfhq/images/part1/img000515.jpg,6,
img002069.jpg,sfhq/images/part1/img002069.jpg,6,
img004807.jpg,sfhq/images/part1/img004807.jpg,6,
img001816.jpg,sfhq/images/part1/img001816.jpg,6,
img003047.jpg,sfhq/images/part1/img003047.jpg,6,
img001118.jpg,sfhq/images/part1/img001118.jpg,6,
img001136.jpg,sfhq/images/part1/img001136.jpg,6,
img004899.jpg,sfhq/images/part1/img004899.jpg,6,
img000935.jpg,sfhq/images/part1/img000935.jpg,6,
img004036.jpg,sfhq/images/part1/img004036.jpg,6,
img002496.jpg,sfhq/images/part1/img002496.jpg,6,
img003427.jpg,sfhq/images/part1/img003427.jpg,6,
img000147.jpg,sfhq/images/part1/img000147.jpg,6,
img004228.jpg,sfhq/images/part1/img004228.jpg,6,
img004544.jpg,sfhq/images/part1/img004544.jpg,6,
img001517.jpg,sfhq/images/part1/img001517.jpg,6,
img002880.jpg,sfhq/images/part1/img002880.jpg,6,
img000965.jpg,sfhq/images/part1/img000965.jpg,6,
img001924.jpg,sfhq/images/part1/img001924.jpg,6,
img004408.jpg,sfhq/images/part1/img004408.jpg,6,
img003891.jpg,sfhq/images/part1/img003891.jpg,6,
img003518.jpg,sfhq/images/part1/img003518.jpg,6,
img004343.jpg,sfhq/images/part1/img004343.jpg,6,
img002225.jpg,sfhq/images/part1/img002225.jpg,6,
img002663.jpg,sfhq/images/part1/img002663.jpg,6,
img000755.jpg,sfhq/images/part1/img000755.jpg,6,
img002813.jpg,sfhq/images/part1/img002813.jpg,6,
img001388.jpg,sfhq/images/part1/img001388.jpg,6,
img002769.jpg,sfhq/images/part1/img002769.jpg,6,
img002294.jpg,sfhq/images/part1/img002294.jpg,6,
img000175.jpg,sfhq/images/part1/img000175.jpg,6,
img001246.jpg,sfhq/images/part1/img001246.jpg,6,
img000942.jpg,sfhq/images/part1/img000942.jpg,6,
img000674.jpg,sfhq/images/part1/img000674.jpg,6,
img001007.jpg,sfhq/images/part1/img001007.jpg,6,
img003660.jpg,sfhq/images/part1/img003660.jpg,6,
img004620.jpg,sfhq/images/part1/img004620.jpg,6,
img004674.jpg,sfhq/images/part1/img004674.jpg,6,
img001633.jpg,sfhq/images/part1/img001633.jpg,6,
img004129.jpg,sfhq/images/part1/img004129.jpg,6,
img003818.jpg,sfhq/images/part1/img003818.jpg,6,
img004252.jpg,sfhq/images/part1/img004252.jpg,6,
img004075.jpg,sfhq/images/part1/img004075.jpg,6,
img000004.jpg,sfhq/images/part1/img000004.jpg,6,
img003536.jpg,sfhq/images/part1/img003536.jpg,6,
img002983.jpg,sfhq/images/part1/img002983.jpg,6,
img003440.jpg,sfhq/images/part1/img003440.jpg,6,
img004795.jpg,sfhq/images/part1/img004795.jpg,6,
img001972.jpg,sfhq/images/part1/img001972.jpg,6,
img003897.jpg,sfhq/images/part1/img003897.jpg,6,
img003903.jpg,sfhq/images/part1/img003903.jpg,6,
img001880.jpg,sfhq/images/part1/img001880.jpg,6,
img004220.jpg,sfhq/images/part1/img004220.jpg,6,
img004887.jpg,sfhq/images/part1/img004887.jpg,6,
img002425.jpg,sfhq/images/part1/img002425.jpg,6,
img002303.jpg,sfhq/images/part1/img002303.jpg,6,
img002875.jpg,sfhq/images/part1/img002875.jpg,6,
img002016.jpg,sfhq/images/part1/img002016.jpg,6,
img000720.jpg,sfhq/images/part1/img000720.jpg,6,
img003542.jpg,sfhq/images/part1/img003542.jpg,6,
img004841.jpg,sfhq/images/part1/img004841.jpg,6,
img002808.jpg,sfhq/images/part1/img002808.jpg,6,
img003689.jpg,sfhq/images/part1/img003689.jpg,6,
img000725.jpg,sfhq/images/part1/img000725.jpg,6,
img002961.jpg,sfhq/images/part1/img002961.jpg,6,
img004828.jpg,sfhq/images/part1/img004828.jpg,6,
img000337.jpg,sfhq/images/part1/img000337.jpg,6,
img000019.jpg,sfhq/images/part1/img000019.jpg,6,
img001862.jpg,sfhq/images/part1/img001862.jpg,6,
img003230.jpg,sfhq/images/part1/img003230.jpg,6,
img002778.jpg,sfhq/images/part1/img002778.jpg,6,
img003464.jpg,sfhq/images/part1/img003464.jpg,6,
img000168.jpg,sfhq/images/part1/img000168.jpg,6,
img000565.jpg,sfhq/images/part1/img000565.jpg,6,
img003382.jpg,sfhq/images/part1/img003382.jpg,6,
img001104.jpg,sfhq/images/part1/img001104.jpg,6,
img000202.jpg,sfhq/images/part1/img000202.jpg,6,
img001814.jpg,sfhq/images/part1/img001814.jpg,6,
img004758.jpg,sfhq/images/part1/img004758.jpg,6,
img003884.jpg,sfhq/images/part1/img003884.jpg,6,
img000345.jpg,sfhq/images/part1/img000345.jpg,6,
img001874.jpg,sfhq/images/part1/img001874.jpg,6,
img001886.jpg,sfhq/images/part1/img001886.jpg,6,
img001846.jpg,sfhq/images/part1/img001846.jpg,6,
img004257.jpg,sfhq/images/part1/img004257.jpg,6,
img003355.jpg,sfhq/images/part1/img003355.jpg,6,
img001948.jpg,sfhq/images/part1/img001948.jpg,6,
img004933.jpg,sfhq/images/part1/img004933.jpg,6,
img002564.jpg,sfhq/images/part1/img002564.jpg,6,
img003978.jpg,sfhq/images/part1/img003978.jpg,6,
img004543.jpg,sfhq/images/part1/img004543.jpg,6,
img000483.jpg,sfhq/images/part1/img000483.jpg,6,
img002805.jpg,sfhq/images/part1/img002805.jpg,6,
img001676.jpg,sfhq/images/part1/img001676.jpg,6,
img002389.jpg,sfhq/images/part1/img002389.jpg,6,
img001598.jpg,sfhq/images/part1/img001598.jpg,6,
img001414.jpg,sfhq/images/part1/img001414.jpg,6,
img004535.jpg,sfhq/images/part1/img004535.jpg,6,
img001503.jpg,sfhq/images/part1/img001503.jpg,6,
img002955.jpg,sfhq/images/part1/img002955.jpg,6,
img000072.jpg,sfhq/images/part1/img000072.jpg,6,
img002245.jpg,sfhq/images/part1/img002245.jpg,6,
img000375.jpg,sfhq/images/part1/img000375.jpg,6,
img000850.jpg,sfhq/images/part1/img000850.jpg,6,
img004813.jpg,sfhq/images/part1/img004813.jpg,6,
img004643.jpg,sfhq/images/part1/img004643.jpg,6,
img001586.jpg,sfhq/images/part1/img001586.jpg,6,
img004174.jpg,sfhq/images/part1/img004174.jpg,6,
img004978.jpg,sfhq/images/part1/img004978.jpg,6,
img001032.jpg,sfhq/images/part1/img001032.jpg,6,
img002927.jpg,sfhq/images/part1/img002927.jpg,6,
img004515.jpg,sfhq/images/part1/img004515.jpg,6,
img002625.jpg,sfhq/images/part1/img002625.jpg,6,
img002929.jpg,sfhq/images/part1/img002929.jpg,6,
img002723.jpg,sfhq/images/part1/img002723.jpg,6,
img000013.jpg,sfhq/images/part1/img000013.jpg,6,
img000346.jpg,sfhq/images/part1/img000346.jpg,6,
img002727.jpg,sfhq/images/part1/img002727.jpg,6,
img000870.jpg,sfhq/images/part1/img000870.jpg,6,
img002011.jpg,sfhq/images/part1/img002011.jpg,6,
img002020.jpg,sfhq/images/part1/img002020.jpg,6,
img004884.jpg,sfhq/images/part1/img004884.jpg,6,
img002099.jpg,sfhq/images/part1/img002099.jpg,6,
img002481.jpg,sfhq/images/part1/img002481.jpg,6,
img002705.jpg,sfhq/images/part1/img002705.jpg,6,
img004315.jpg,sfhq/images/part1/img004315.jpg,6,
img003763.jpg,sfhq/images/part1/img003763.jpg,6,
img004993.jpg,sfhq/images/part1/img004993.jpg,6,
img001473.jpg,sfhq/images/part1/img001473.jpg,6,
img004981.jpg,sfhq/images/part1/img004981.jpg,6,
img004737.jpg,sfhq/images/part1/img004737.jpg,6,
img004826.jpg,sfhq/images/part1/img004826.jpg,6,
img001728.jpg,sfhq/images/part1/img001728.jpg,6,
img001090.jpg,sfhq/images/part1/img001090.jpg,6,
img000491.jpg,sfhq/images/part1/img000491.jpg,6,
img002385.jpg,sfhq/images/part1/img002385.jpg,6,
img000824.jpg,sfhq/images/part1/img000824.jpg,6,
img000854.jpg,sfhq/images/part1/img000854.jpg,6,
img004094.jpg,sfhq/images/part1/img004094.jpg,6,
img001181.jpg,sfhq/images/part1/img001181.jpg,6,
img003715.jpg,sfhq/images/part1/img003715.jpg,6,
img001857.jpg,sfhq/images/part1/img001857.jpg,6,
img001578.jpg,sfhq/images/part1/img001578.jpg,6,
img003160.jpg,sfhq/images/part1/img003160.jpg,6,
img000931.jpg,sfhq/images/part1/img000931.jpg,6,
img003066.jpg,sfhq/images/part1/img003066.jpg,6,
img002483.jpg,sfhq/images/part1/img002483.jpg,6,
img000248.jpg,sfhq/images/part1/img000248.jpg,6,
img002571.jpg,sfhq/images/part1/img002571.jpg,6,
img004851.jpg,sfhq/images/part1/img004851.jpg,6,
img002651.jpg,sfhq/images/part1/img002651.jpg,6,
img000463.jpg,sfhq/images/part1/img000463.jpg,6,
img000077.jpg,sfhq/images/part1/img000077.jpg,6,
img002473.jpg,sfhq/images/part1/img002473.jpg,6,
img002029.jpg,sfhq/images/part1/img002029.jpg,6,
img001842.jpg,sfhq/images/part1/img001842.jpg,6,
img002557.jpg,sfhq/images/part1/img002557.jpg,6,
img002007.jpg,sfhq/images/part1/img002007.jpg,6,
img000328.jpg,sfhq/images/part1/img000328.jpg,6,
img003970.jpg,sfhq/images/part1/img003970.jpg,6,
img004621.jpg,sfhq/images/part1/img004621.jpg,6,
img001573.jpg,sfhq/images/part1/img001573.jpg,6,
img004488.jpg,sfhq/images/part1/img004488.jpg,6,
img002809.jpg,sfhq/images/part1/img002809.jpg,6,
img002504.jpg,sfhq/images/part1/img002504.jpg,6,
img000439.jpg,sfhq/images/part1/img000439.jpg,6,
img004340.jpg,sfhq/images/part1/img004340.jpg,6,
img004524.jpg,sfhq/images/part1/img004524.jpg,6,
img001001.jpg,sfhq/images/part1/img001001.jpg,6,
img001901.jpg,sfhq/images/part1/img001901.jpg,6,
img000238.jpg,sfhq/images/part1/img000238.jpg,6,
img002022.jpg,sfhq/images/part1/img002022.jpg,6,
img001277.jpg,sfhq/images/part1/img001277.jpg,6,
img002792.jpg,sfhq/images/part1/img002792.jpg,6,
img002140.jpg,sfhq/images/part1/img002140.jpg,6,
img002613.jpg,sfhq/images/part1/img002613.jpg,6,
img001148.jpg,sfhq/images/part1/img001148.jpg,6,
img002801.jpg,sfhq/images/part1/img002801.jpg,6,
img000183.jpg,sfhq/images/part1/img000183.jpg,6,
img002232.jpg,sfhq/images/part1/img002232.jpg,6,
img004878.jpg,sfhq/images/part1/img004878.jpg,6,
img002892.jpg,sfhq/images/part1/img002892.jpg,6,
img003407.jpg,sfhq/images/part1/img003407.jpg,6,
img001380.jpg,sfhq/images/part1/img001380.jpg,6,
img004561.jpg,sfhq/images/part1/img004561.jpg,6,
img001106.jpg,sfhq/images/part1/img001106.jpg,6,
img000601.jpg,sfhq/images/part1/img000601.jpg,6,
img001384.jpg,sfhq/images/part1/img001384.jpg,6,
img004426.jpg,sfhq/images/part1/img004426.jpg,6,
img003579.jpg,sfhq/images/part1/img003579.jpg,6,
img000017.jpg,sfhq/images/part1/img000017.jpg,6,
img001734.jpg,sfhq/images/part1/img001734.jpg,6,
img004461.jpg,sfhq/images/part1/img004461.jpg,6,
img003923.jpg,sfhq/images/part1/img003923.jpg,6,
img004380.jpg,sfhq/images/part1/img004380.jpg,6,
img004198.jpg,sfhq/images/part1/img004198.jpg,6,
img001587.jpg,sfhq/images/part1/img001587.jpg,6,
img002680.jpg,sfhq/images/part1/img002680.jpg,6,
img001334.jpg,sfhq/images/part1/img001334.jpg,6,
img004571.jpg,sfhq/images/part1/img004571.jpg,6,
img002152.jpg,sfhq/images/part1/img002152.jpg,6,
img004552.jpg,sfhq/images/part1/img004552.jpg,6,
img004301.jpg,sfhq/images/part1/img004301.jpg,6,
img000284.jpg,sfhq/images/part1/img000284.jpg,6,
img004437.jpg,sfhq/images/part1/img004437.jpg,6,
img002796.jpg,sfhq/images/part1/img002796.jpg,6,
img000890.jpg,sfhq/images/part1/img000890.jpg,6,
img000271.jpg,sfhq/images/part1/img000271.jpg,6,
img004482.jpg,sfhq/images/part1/img004482.jpg,6,
img004254.jpg,sfhq/images/part1/img004254.jpg,6,
img000797.jpg,sfhq/images/part1/img000797.jpg,6,
img004275.jpg,sfhq/images/part1/img004275.jpg,6,
img002438.jpg,sfhq/images/part1/img002438.jpg,6,
img004894.jpg,sfhq/images/part1/img004894.jpg,6,
img001800.jpg,sfhq/images/part1/img001800.jpg,6,
img002040.jpg,sfhq/images/part1/img002040.jpg,6,
img004715.jpg,sfhq/images/part1/img004715.jpg,6,
img000951.jpg,sfhq/images/part1/img000951.jpg,6,
img001612.jpg,sfhq/images/part1/img001612.jpg,6,
img004098.jpg,sfhq/images/part1/img004098.jpg,6,
img003560.jpg,sfhq/images/part1/img003560.jpg,6,
img000525.jpg,sfhq/images/part1/img000525.jpg,6,
img003909.jpg,sfhq/images/part1/img003909.jpg,6,
img002291.jpg,sfhq/images/part1/img002291.jpg,6,
img003551.jpg,sfhq/images/part1/img003551.jpg,6,
img000097.jpg,sfhq/images/part1/img000097.jpg,6,
img000888.jpg,sfhq/images/part1/img000888.jpg,6,
img002697.jpg,sfhq/images/part1/img002697.jpg,6,
img002550.jpg,sfhq/images/part1/img002550.jpg,6,
img000066.jpg,sfhq/images/part1/img000066.jpg,6,
img001162.jpg,sfhq/images/part1/img001162.jpg,6,
img003146.jpg,sfhq/images/part1/img003146.jpg,6,
img001840.jpg,sfhq/images/part1/img001840.jpg,6,
img001910.jpg,sfhq/images/part1/img001910.jpg,6,
img003094.jpg,sfhq/images/part1/img003094.jpg,6,
img003059.jpg,sfhq/images/part1/img003059.jpg,6,
img004540.jpg,sfhq/images/part1/img004540.jpg,6,
img001211.jpg,sfhq/images/part1/img001211.jpg,6,
img004923.jpg,sfhq/images/part1/img004923.jpg,6,
img001113.jpg,sfhq/images/part1/img001113.jpg,6,
img004102.jpg,sfhq/images/part1/img004102.jpg,6,
img003994.jpg,sfhq/images/part1/img003994.jpg,6,
img000429.jpg,sfhq/images/part1/img000429.jpg,6,
img002138.jpg,sfhq/images/part1/img002138.jpg,6,
img000671.jpg,sfhq/images/part1/img000671.jpg,6,
img002891.jpg,sfhq/images/part1/img002891.jpg,6,
img001433.jpg,sfhq/images/part1/img001433.jpg,6,
img002027.jpg,sfhq/images/part1/img002027.jpg,6,
img000637.jpg,sfhq/images/part1/img000637.jpg,6,
img000863.jpg,sfhq/images/part1/img000863.jpg,6,
img004105.jpg,sfhq/images/part1/img004105.jpg,6,
img000086.jpg,sfhq/images/part1/img000086.jpg,6,
img000106.jpg,sfhq/images/part1/img000106.jpg,6,
img004444.jpg,sfhq/images/part1/img004444.jpg,6,
img003333.jpg,sfhq/images/part1/img003333.jpg,6,
img002398.jpg,sfhq/images/part1/img002398.jpg,6,
img003826.jpg,sfhq/images/part1/img003826.jpg,6,
img003779.jpg,sfhq/images/part1/img003779.jpg,6,
img001861.jpg,sfhq/images/part1/img001861.jpg,6,
img000417.jpg,sfhq/images/part1/img000417.jpg,6,
img003422.jpg,sfhq/images/part1/img003422.jpg,6,
img002315.jpg,sfhq/images/part1/img002315.jpg,6,
img000383.jpg,sfhq/images/part1/img000383.jpg,6,
img001895.jpg,sfhq/images/part1/img001895.jpg,6,
img004766.jpg,sfhq/images/part1/img004766.jpg,6,
img001843.jpg,sfhq/images/part1/img001843.jpg,6,
img003623.jpg,sfhq/images/part1/img003623.jpg,6,
img001222.jpg,sfhq/images/part1/img001222.jpg,6,
img003539.jpg,sfhq/images/part1/img003539.jpg,6,
img004548.jpg,sfhq/images/part1/img004548.jpg,6,
img003005.jpg,sfhq/images/part1/img003005.jpg,6,
img002617.jpg,sfhq/images/part1/img002617.jpg,6,
img004455.jpg,sfhq/images/part1/img004455.jpg,6,
img003102.jpg,sfhq/images/part1/img003102.jpg,6,
img002141.jpg,sfhq/images/part1/img002141.jpg,6,
img000332.jpg,sfhq/images/part1/img000332.jpg,6,
img000590.jpg,sfhq/images/part1/img000590.jpg,6,
img004414.jpg,sfhq/images/part1/img004414.jpg,6,
img003131.jpg,sfhq/images/part1/img003131.jpg,6,
img003283.jpg,sfhq/images/part1/img003283.jpg,6,
img000322.jpg,sfhq/images/part1/img000322.jpg,6,
img003516.jpg,sfhq/images/part1/img003516.jpg,6,
img000128.jpg,sfhq/images/part1/img000128.jpg,6,
img002418.jpg,sfhq/images/part1/img002418.jpg,6,
img000029.jpg,sfhq/images/part1/img000029.jpg,6,
img001695.jpg,sfhq/images/part1/img001695.jpg,6,
img002845.jpg,sfhq/images/part1/img002845.jpg,6,
img000416.jpg,sfhq/images/part1/img000416.jpg,6,
img001727.jpg,sfhq/images/part1/img001727.jpg,6,
img000944.jpg,sfhq/images/part1/img000944.jpg,6,
img001398.jpg,sfhq/images/part1/img001398.jpg,6,
img001293.jpg,sfhq/images/part1/img001293.jpg,6,
img000773.jpg,sfhq/images/part1/img000773.jpg,6,
img002075.jpg,sfhq/images/part1/img002075.jpg,6,
img002903.jpg,sfhq/images/part1/img002903.jpg,6,
img000739.jpg,sfhq/images/part1/img000739.jpg,6,
img001238.jpg,sfhq/images/part1/img001238.jpg,6,
img001364.jpg,sfhq/images/part1/img001364.jpg,6,
img001049.jpg,sfhq/images/part1/img001049.jpg,6,
img001864.jpg,sfhq/images/part1/img001864.jpg,6,
img002458.jpg,sfhq/images/part1/img002458.jpg,6,
img000554.jpg,sfhq/images/part1/img000554.jpg,6,
img000789.jpg,sfhq/images/part1/img000789.jpg,6,
img000154.jpg,sfhq/images/part1/img000154.jpg,6,
img002371.jpg,sfhq/images/part1/img002371.jpg,6,
img002877.jpg,sfhq/images/part1/img002877.jpg,6,
img002856.jpg,sfhq/images/part1/img002856.jpg,6,
img003147.jpg,sfhq/images/part1/img003147.jpg,6,
img004799.jpg,sfhq/images/part1/img004799.jpg,6,
img000069.jpg,sfhq/images/part1/img000069.jpg,6,
img002350.jpg,sfhq/images/part1/img002350.jpg,6,
img004060.jpg,sfhq/images/part1/img004060.jpg,6,
img001775.jpg,sfhq/images/part1/img001775.jpg,6,
img001310.jpg,sfhq/images/part1/img001310.jpg,6,
img003424.jpg,sfhq/images/part1/img003424.jpg,6,
img000201.jpg,sfhq/images/part1/img000201.jpg,6,
img002923.jpg,sfhq/images/part1/img002923.jpg,6,
img003379.jpg,sfhq/images/part1/img003379.jpg,6,
img001876.jpg,sfhq/images/part1/img001876.jpg,6,
img002356.jpg,sfhq/images/part1/img002356.jpg,6,
img001704.jpg,sfhq/images/part1/img001704.jpg,6,
img000402.jpg,sfhq/images/part1/img000402.jpg,6,
img002630.jpg,sfhq/images/part1/img002630.jpg,6,
img001649.jpg,sfhq/images/part1/img001649.jpg,6,
img002822.jpg,sfhq/images/part1/img002822.jpg,6,
img004873.jpg,sfhq/images/part1/img004873.jpg,6,
img001996.jpg,sfhq/images/part1/img001996.jpg,6,
img001981.jpg,sfhq/images/part1/img001981.jpg,6,
img003914.jpg,sfhq/images/part1/img003914.jpg,6,
img004106.jpg,sfhq/images/part1/img004106.jpg,6,
img003406.jpg,sfhq/images/part1/img003406.jpg,6,
img001611.jpg,sfhq/images/part1/img001611.jpg,6,
img001841.jpg,sfhq/images/part1/img001841.jpg,6,
img004999.jpg,sfhq/images/part1/img004999.jpg,6,
img001530.jpg,sfhq/images/part1/img001530.jpg,6,
img004481.jpg,sfhq/images/part1/img004481.jpg,6,
img002699.jpg,sfhq/images/part1/img002699.jpg,6,
img003200.jpg,sfhq/images/part1/img003200.jpg,6,
img003152.jpg,sfhq/images/part1/img003152.jpg,6,
img002231.jpg,sfhq/images/part1/img002231.jpg,6,
img000721.jpg,sfhq/images/part1/img000721.jpg,6,
img004863.jpg,sfhq/images/part1/img004863.jpg,6,
img004173.jpg,sfhq/images/part1/img004173.jpg,6,
img004654.jpg,sfhq/images/part1/img004654.jpg,6,
img003264.jpg,sfhq/images/part1/img003264.jpg,6,
img000310.jpg,sfhq/images/part1/img000310.jpg,6,
img002691.jpg,sfhq/images/part1/img002691.jpg,6,
img002509.jpg,sfhq/images/part1/img002509.jpg,6,
img002986.jpg,sfhq/images/part1/img002986.jpg,6,
img002034.jpg,sfhq/images/part1/img002034.jpg,6,
img000376.jpg,sfhq/images/part1/img000376.jpg,6,
img003384.jpg,sfhq/images/part1/img003384.jpg,6,
img003812.jpg,sfhq/images/part1/img003812.jpg,6,
img001358.jpg,sfhq/images/part1/img001358.jpg,6,
img000411.jpg,sfhq/images/part1/img000411.jpg,6,
img000856.jpg,sfhq/images/part1/img000856.jpg,6,
img001931.jpg,sfhq/images/part1/img001931.jpg,6,
img000865.jpg,sfhq/images/part1/img000865.jpg,6,
img001638.jpg,sfhq/images/part1/img001638.jpg,6,
img001122.jpg,sfhq/images/part1/img001122.jpg,6,
img003409.jpg,sfhq/images/part1/img003409.jpg,6,
img000555.jpg,sfhq/images/part1/img000555.jpg,6,
img002527.jpg,sfhq/images/part1/img002527.jpg,6,
img003192.jpg,sfhq/images/part1/img003192.jpg,6,
img003534.jpg,sfhq/images/part1/img003534.jpg,6,
img003219.jpg,sfhq/images/part1/img003219.jpg,6,
img003380.jpg,sfhq/images/part1/img003380.jpg,6,
img003261.jpg,sfhq/images/part1/img003261.jpg,6,
img004303.jpg,sfhq/images/part1/img004303.jpg,6,
img002591.jpg,sfhq/images/part1/img002591.jpg,6,
img002494.jpg,sfhq/images/part1/img002494.jpg,6,
img000262.jpg,sfhq/images/part1/img000262.jpg,6,
img004875.jpg,sfhq/images/part1/img004875.jpg,6,
img000591.jpg,sfhq/images/part1/img000591.jpg,6,
img004491.jpg,sfhq/images/part1/img004491.jpg,6,
img002257.jpg,sfhq/images/part1/img002257.jpg,6,
img003924.jpg,sfhq/images/part1/img003924.jpg,6,
img002518.jpg,sfhq/images/part1/img002518.jpg,6,
img004375.jpg,sfhq/images/part1/img004375.jpg,6,
img004588.jpg,sfhq/images/part1/img004588.jpg,6,
img003155.jpg,sfhq/images/part1/img003155.jpg,6,
img002917.jpg,sfhq/images/part1/img002917.jpg,6,
img004864.jpg,sfhq/images/part1/img004864.jpg,6,
img001483.jpg,sfhq/images/part1/img001483.jpg,6,
img003778.jpg,sfhq/images/part1/img003778.jpg,6,
img004227.jpg,sfhq/images/part1/img004227.jpg,6,
img000461.jpg,sfhq/images/part1/img000461.jpg,6,
img003031.jpg,sfhq/images/part1/img003031.jpg,6,
img004434.jpg,sfhq/images/part1/img004434.jpg,6,
img003189.jpg,sfhq/images/part1/img003189.jpg,6,
img004723.jpg,sfhq/images/part1/img004723.jpg,6,
img003138.jpg,sfhq/images/part1/img003138.jpg,6,
img000186.jpg,sfhq/images/part1/img000186.jpg,6,
img001169.jpg,sfhq/images/part1/img001169.jpg,6,
img000070.jpg,sfhq/images/part1/img000070.jpg,6,
img002146.jpg,sfhq/images/part1/img002146.jpg,6,
img001111.jpg,sfhq/images/part1/img001111.jpg,6,
img004104.jpg,sfhq/images/part1/img004104.jpg,6,
img003675.jpg,sfhq/images/part1/img003675.jpg,6,
img000517.jpg,sfhq/images/part1/img000517.jpg,6,
img001115.jpg,sfhq/images/part1/img001115.jpg,6,
img000117.jpg,sfhq/images/part1/img000117.jpg,6,
img003178.jpg,sfhq/images/part1/img003178.jpg,6,
img002261.jpg,sfhq/images/part1/img002261.jpg,6,
img003127.jpg,sfhq/images/part1/img003127.jpg,6,
img001646.jpg,sfhq/images/part1/img001646.jpg,6,
img002577.jpg,sfhq/images/part1/img002577.jpg,6,
img002932.jpg,sfhq/images/part1/img002932.jpg,6,
img002985.jpg,sfhq/images/part1/img002985.jpg,6,
img000282.jpg,sfhq/images/part1/img000282.jpg,6,
img000861.jpg,sfhq/images/part1/img000861.jpg,6,
img003670.jpg,sfhq/images/part1/img003670.jpg,6,
img001998.jpg,sfhq/images/part1/img001998.jpg,6,
img000823.jpg,sfhq/images/part1/img000823.jpg,6,
img002938.jpg,sfhq/images/part1/img002938.jpg,6,
img002947.jpg,sfhq/images/part1/img002947.jpg,6,
img002170.jpg,sfhq/images/part1/img002170.jpg,6,
img000535.jpg,sfhq/images/part1/img000535.jpg,6,
img001556.jpg,sfhq/images/part1/img001556.jpg,6,
img000694.jpg,sfhq/images/part1/img000694.jpg,6,
img004332.jpg,sfhq/images/part1/img004332.jpg,6,
img002482.jpg,sfhq/images/part1/img002482.jpg,6,
img002847.jpg,sfhq/images/part1/img002847.jpg,6,
img004534.jpg,sfhq/images/part1/img004534.jpg,6,
img003151.jpg,sfhq/images/part1/img003151.jpg,6,
img004095.jpg,sfhq/images/part1/img004095.jpg,6,
img003572.jpg,sfhq/images/part1/img003572.jpg,6,
img002970.jpg,sfhq/images/part1/img002970.jpg,6,
img003249.jpg,sfhq/images/part1/img003249.jpg,6,
img001894.jpg,sfhq/images/part1/img001894.jpg,6,
img002913.jpg,sfhq/images/part1/img002913.jpg,6,
img000524.jpg,sfhq/images/part1/img000524.jpg,6,
img001679.jpg,sfhq/images/part1/img001679.jpg,6,
img003939.jpg,sfhq/images/part1/img003939.jpg,6,
img004291.jpg,sfhq/images/part1/img004291.jpg,6,
img002934.jpg,sfhq/images/part1/img002934.jpg,6,
img003098.jpg,sfhq/images/part1/img003098.jpg,6,
img004237.jpg,sfhq/images/part1/img004237.jpg,6,
img001363.jpg,sfhq/images/part1/img001363.jpg,6,
img002486.jpg,sfhq/images/part1/img002486.jpg,6,
img000146.jpg,sfhq/images/part1/img000146.jpg,6,
img000851.jpg,sfhq/images/part1/img000851.jpg,6,
img003378.jpg,sfhq/images/part1/img003378.jpg,6,
img000813.jpg,sfhq/images/part1/img000813.jpg,6,
img002276.jpg,sfhq/images/part1/img002276.jpg,6,
img002503.jpg,sfhq/images/part1/img002503.jpg,6,
img004557.jpg,sfhq/images/part1/img004557.jpg,6,
img000334.jpg,sfhq/images/part1/img000334.jpg,6,
img000975.jpg,sfhq/images/part1/img000975.jpg,6,
img003294.jpg,sfhq/images/part1/img003294.jpg,6,
img000018.jpg,sfhq/images/part1/img000018.jpg,6,
img002269.jpg,sfhq/images/part1/img002269.jpg,6,
img002213.jpg,sfhq/images/part1/img002213.jpg,6,
img003830.jpg,sfhq/images/part1/img003830.jpg,6,
img004351.jpg,sfhq/images/part1/img004351.jpg,6,
img000331.jpg,sfhq/images/part1/img000331.jpg,6,
img003612.jpg,sfhq/images/part1/img003612.jpg,6,
img000313.jpg,sfhq/images/part1/img000313.jpg,6,
img004680.jpg,sfhq/images/part1/img004680.jpg,6,
img000444.jpg,sfhq/images/part1/img000444.jpg,6,
img001914.jpg,sfhq/images/part1/img001914.jpg,6,
img004770.jpg,sfhq/images/part1/img004770.jpg,6,
img001898.jpg,sfhq/images/part1/img001898.jpg,6,
img004558.jpg,sfhq/images/part1/img004558.jpg,6,
img004984.jpg,sfhq/images/part1/img004984.jpg,6,
img001940.jpg,sfhq/images/part1/img001940.jpg,6,
img000204.jpg,sfhq/images/part1/img000204.jpg,6,
img000842.jpg,sfhq/images/part1/img000842.jpg,6,
img001167.jpg,sfhq/images/part1/img001167.jpg,6,
img004020.jpg,sfhq/images/part1/img004020.jpg,6,
img004178.jpg,sfhq/images/part1/img004178.jpg,6,
img002760.jpg,sfhq/images/part1/img002760.jpg,6,
img001301.jpg,sfhq/images/part1/img001301.jpg,6,
img002648.jpg,sfhq/images/part1/img002648.jpg,6,
img002579.jpg,sfhq/images/part1/img002579.jpg,6,
img002429.jpg,sfhq/images/part1/img002429.jpg,6,
img001230.jpg,sfhq/images/part1/img001230.jpg,6,
img000831.jpg,sfhq/images/part1/img000831.jpg,6,
img002060.jpg,sfhq/images/part1/img002060.jpg,6,
img003854.jpg,sfhq/images/part1/img003854.jpg,6,
img002749.jpg,sfhq/images/part1/img002749.jpg,6,
img004066.jpg,sfhq/images/part1/img004066.jpg,6,
img000613.jpg,sfhq/images/part1/img000613.jpg,6,
img003256.jpg,sfhq/images/part1/img003256.jpg,6,
img002837.jpg,sfhq/images/part1/img002837.jpg,6,
img000513.jpg,sfhq/images/part1/img000513.jpg,6,
img000611.jpg,sfhq/images/part1/img000611.jpg,6,
img002391.jpg,sfhq/images/part1/img002391.jpg,6,
img000629.jpg,sfhq/images/part1/img000629.jpg,6,
img004010.jpg,sfhq/images/part1/img004010.jpg,6,
img001549.jpg,sfhq/images/part1/img001549.jpg,6,
img004972.jpg,sfhq/images/part1/img004972.jpg,6,
img001292.jpg,sfhq/images/part1/img001292.jpg,6,
img002311.jpg,sfhq/images/part1/img002311.jpg,6,
img004395.jpg,sfhq/images/part1/img004395.jpg,6,
img002036.jpg,sfhq/images/part1/img002036.jpg,6,
img004675.jpg,sfhq/images/part1/img004675.jpg,6,
img004386.jpg,sfhq/images/part1/img004386.jpg,6,
img000448.jpg,sfhq/images/part1/img000448.jpg,6,
img001827.jpg,sfhq/images/part1/img001827.jpg,6,
img001448.jpg,sfhq/images/part1/img001448.jpg,6,
img000265.jpg,sfhq/images/part1/img000265.jpg,6,
img002044.jpg,sfhq/images/part1/img002044.jpg,6,
img002128.jpg,sfhq/images/part1/img002128.jpg,6,
img002342.jpg,sfhq/images/part1/img002342.jpg,6,
img000698.jpg,sfhq/images/part1/img000698.jpg,6,
img002526.jpg,sfhq/images/part1/img002526.jpg,6,
img004688.jpg,sfhq/images/part1/img004688.jpg,6,
img004448.jpg,sfhq/images/part1/img004448.jpg,6,
img003860.jpg,sfhq/images/part1/img003860.jpg,6,
img000488.jpg,sfhq/images/part1/img000488.jpg,6,
img003989.jpg,sfhq/images/part1/img003989.jpg,6,
img001970.jpg,sfhq/images/part1/img001970.jpg,6,
img002134.jpg,sfhq/images/part1/img002134.jpg,6,
img004897.jpg,sfhq/images/part1/img004897.jpg,6,
img000928.jpg,sfhq/images/part1/img000928.jpg,6,
img002221.jpg,sfhq/images/part1/img002221.jpg,6,
img002532.jpg,sfhq/images/part1/img002532.jpg,6,
img000695.jpg,sfhq/images/part1/img000695.jpg,6,
img004031.jpg,sfhq/images/part1/img004031.jpg,6,
img003126.jpg,sfhq/images/part1/img003126.jpg,6,
img004038.jpg,sfhq/images/part1/img004038.jpg,6,
img001684.jpg,sfhq/images/part1/img001684.jpg,6,
img003866.jpg,sfhq/images/part1/img003866.jpg,6,
img000081.jpg,sfhq/images/part1/img000081.jpg,6,
img003659.jpg,sfhq/images/part1/img003659.jpg,6,
img001708.jpg,sfhq/images/part1/img001708.jpg,6,
img004153.jpg,sfhq/images/part1/img004153.jpg,6,
img000940.jpg,sfhq/images/part1/img000940.jpg,6,
img002183.jpg,sfhq/images/part1/img002183.jpg,6,
img001642.jpg,sfhq/images/part1/img001642.jpg,6,
img000344.jpg,sfhq/images/part1/img000344.jpg,6,
img002401.jpg,sfhq/images/part1/img002401.jpg,6,
img004768.jpg,sfhq/images/part1/img004768.jpg,6,
img004968.jpg,sfhq/images/part1/img004968.jpg,6,
img002611.jpg,sfhq/images/part1/img002611.jpg,6,
img003735.jpg,sfhq/images/part1/img003735.jpg,6,
img003292.jpg,sfhq/images/part1/img003292.jpg,6,
img002940.jpg,sfhq/images/part1/img002940.jpg,6,
img000726.jpg,sfhq/images/part1/img000726.jpg,6,
img004135.jpg,sfhq/images/part1/img004135.jpg,6,
img002453.jpg,sfhq/images/part1/img002453.jpg,6,
img000997.jpg,sfhq/images/part1/img000997.jpg,6,
img002236.jpg,sfhq/images/part1/img002236.jpg,6,
img000403.jpg,sfhq/images/part1/img000403.jpg,6,
img001527.jpg,sfhq/images/part1/img001527.jpg,6,
img001529.jpg,sfhq/images/part1/img001529.jpg,6,
img000805.jpg,sfhq/images/part1/img000805.jpg,6,
img003446.jpg,sfhq/images/part1/img003446.jpg,6,
img002351.jpg,sfhq/images/part1/img002351.jpg,6,
img000663.jpg,sfhq/images/part1/img000663.jpg,6,
img004755.jpg,sfhq/images/part1/img004755.jpg,6,
img000457.jpg,sfhq/images/part1/img000457.jpg,6,
img000161.jpg,sfhq/images/part1/img000161.jpg,6,
img004197.jpg,sfhq/images/part1/img004197.jpg,6,
img002443.jpg,sfhq/images/part1/img002443.jpg,6,
img000233.jpg,sfhq/images/part1/img000233.jpg,6,
img002957.jpg,sfhq/images/part1/img002957.jpg,6,
img000791.jpg,sfhq/images/part1/img000791.jpg,6,
img004265.jpg,sfhq/images/part1/img004265.jpg,6,
img001344.jpg,sfhq/images/part1/img001344.jpg,6,
img000151.jpg,sfhq/images/part1/img000151.jpg,6,
img004029.jpg,sfhq/images/part1/img004029.jpg,6,
img002534.jpg,sfhq/images/part1/img002534.jpg,6,
img002759.jpg,sfhq/images/part1/img002759.jpg,6,
img002056.jpg,sfhq/images/part1/img002056.jpg,6,
img004383.jpg,sfhq/images/part1/img004383.jpg,6,
img000159.jpg,sfhq/images/part1/img000159.jpg,6,
img003345.jpg,sfhq/images/part1/img003345.jpg,6,
img004733.jpg,sfhq/images/part1/img004733.jpg,6,
img003438.jpg,sfhq/images/part1/img003438.jpg,6,
img001353.jpg,sfhq/images/part1/img001353.jpg,6,
img004084.jpg,sfhq/images/part1/img004084.jpg,6,
img001635.jpg,sfhq/images/part1/img001635.jpg,6,
img004113.jpg,sfhq/images/part1/img004113.jpg,6,
img000559.jpg,sfhq/images/part1/img000559.jpg,6,
img004698.jpg,sfhq/images/part1/img004698.jpg,6,
img002103.jpg,sfhq/images/part1/img002103.jpg,6,
img002374.jpg,sfhq/images/part1/img002374.jpg,6,
img001103.jpg,sfhq/images/part1/img001103.jpg,6,
img002943.jpg,sfhq/images/part1/img002943.jpg,6,
img000335.jpg,sfhq/images/part1/img000335.jpg,6,
img002456.jpg,sfhq/images/part1/img002456.jpg,6,
img004413.jpg,sfhq/images/part1/img004413.jpg,6,
img003586.jpg,sfhq/images/part1/img003586.jpg,6,
img004249.jpg,sfhq/images/part1/img004249.jpg,6,
img001630.jpg,sfhq/images/part1/img001630.jpg,6,
img002570.jpg,sfhq/images/part1/img002570.jpg,6,
img004679.jpg,sfhq/images/part1/img004679.jpg,6,
img000039.jpg,sfhq/images/part1/img000039.jpg,6,
img003963.jpg,sfhq/images/part1/img003963.jpg,6,
img001536.jpg,sfhq/images/part1/img001536.jpg,6,
img000141.jpg,sfhq/images/part1/img000141.jpg,6,
img002451.jpg,sfhq/images/part1/img002451.jpg,6,
img002601.jpg,sfhq/images/part1/img002601.jpg,6,
img001743.jpg,sfhq/images/part1/img001743.jpg,6,
img000670.jpg,sfhq/images/part1/img000670.jpg,6,
img003396.jpg,sfhq/images/part1/img003396.jpg,6,
img003399.jpg,sfhq/images/part1/img003399.jpg,6,
img004596.jpg,sfhq/images/part1/img004596.jpg,6,
img001663.jpg,sfhq/images/part1/img001663.jpg,6,
img002669.jpg,sfhq/images/part1/img002669.jpg,6,
img004387.jpg,sfhq/images/part1/img004387.jpg,6,
img003527.jpg,sfhq/images/part1/img003527.jpg,6,
img003359.jpg,sfhq/images/part1/img003359.jpg,6,
img001395.jpg,sfhq/images/part1/img001395.jpg,6,
img001464.jpg,sfhq/images/part1/img001464.jpg,6,
img002650.jpg,sfhq/images/part1/img002650.jpg,6,
img001123.jpg,sfhq/images/part1/img001123.jpg,6,
img004794.jpg,sfhq/images/part1/img004794.jpg,6,
img003482.jpg,sfhq/images/part1/img003482.jpg,6,
img000194.jpg,sfhq/images/part1/img000194.jpg,6,
img000600.jpg,sfhq/images/part1/img000600.jpg,6,
img001146.jpg,sfhq/images/part1/img001146.jpg,6,
img000817.jpg,sfhq/images/part1/img000817.jpg,6,
img004709.jpg,sfhq/images/part1/img004709.jpg,6,
img000190.jpg,sfhq/images/part1/img000190.jpg,6,
img001513.jpg,sfhq/images/part1/img001513.jpg,6,
img003084.jpg,sfhq/images/part1/img003084.jpg,6,
img001897.jpg,sfhq/images/part1/img001897.jpg,6,
img000288.jpg,sfhq/images/part1/img000288.jpg,6,
img003669.jpg,sfhq/images/part1/img003669.jpg,6,
img004536.jpg,sfhq/images/part1/img004536.jpg,6,
img001577.jpg,sfhq/images/part1/img001577.jpg,6,
img000916.jpg,sfhq/images/part1/img000916.jpg,6,
img004034.jpg,sfhq/images/part1/img004034.jpg,6,
img004920.jpg,sfhq/images/part1/img004920.jpg,6,
img003819.jpg,sfhq/images/part1/img003819.jpg,6,
img003186.jpg,sfhq/images/part1/img003186.jpg,6,
img000394.jpg,sfhq/images/part1/img000394.jpg,6,
img002295.jpg,sfhq/images/part1/img002295.jpg,6,
img001975.jpg,sfhq/images/part1/img001975.jpg,6,
img003723.jpg,sfhq/images/part1/img003723.jpg,6,
img000010.jpg,sfhq/images/part1/img000010.jpg,6,
img000089.jpg,sfhq/images/part1/img000089.jpg,6,
img000605.jpg,sfhq/images/part1/img000605.jpg,6,
img002717.jpg,sfhq/images/part1/img002717.jpg,6,
img001623.jpg,sfhq/images/part1/img001623.jpg,6,
img002729.jpg,sfhq/images/part1/img002729.jpg,6,
img000963.jpg,sfhq/images/part1/img000963.jpg,6,
img003205.jpg,sfhq/images/part1/img003205.jpg,6,
img002293.jpg,sfhq/images/part1/img002293.jpg,6,
img004634.jpg,sfhq/images/part1/img004634.jpg,6,
img004364.jpg,sfhq/images/part1/img004364.jpg,6,
img004507.jpg,sfhq/images/part1/img004507.jpg,6,
img001542.jpg,sfhq/images/part1/img001542.jpg,6,
img002724.jpg,sfhq/images/part1/img002724.jpg,6,
img002574.jpg,sfhq/images/part1/img002574.jpg,6,
img000390.jpg,sfhq/images/part1/img000390.jpg,6,
img003467.jpg,sfhq/images/part1/img003467.jpg,6,
img002182.jpg,sfhq/images/part1/img002182.jpg,6,
img000964.jpg,sfhq/images/part1/img000964.jpg,6,
img004616.jpg,sfhq/images/part1/img004616.jpg,6,
img003615.jpg,sfhq/images/part1/img003615.jpg,6,
img002710.jpg,sfhq/images/part1/img002710.jpg,6,
img004357.jpg,sfhq/images/part1/img004357.jpg,6,
img000909.jpg,sfhq/images/part1/img000909.jpg,6,
img001311.jpg,sfhq/images/part1/img001311.jpg,6,
img002143.jpg,sfhq/images/part1/img002143.jpg,6,
img003685.jpg,sfhq/images/part1/img003685.jpg,6,
img000538.jpg,sfhq/images/part1/img000538.jpg,6,
img002794.jpg,sfhq/images/part1/img002794.jpg,6,
img004819.jpg,sfhq/images/part1/img004819.jpg,6,
img000354.jpg,sfhq/images/part1/img000354.jpg,6,
img004633.jpg,sfhq/images/part1/img004633.jpg,6,
img000131.jpg,sfhq/images/part1/img000131.jpg,6,
img000915.jpg,sfhq/images/part1/img000915.jpg,6,
img004163.jpg,sfhq/images/part1/img004163.jpg,6,
img004527.jpg,sfhq/images/part1/img004527.jpg,6,
img002217.jpg,sfhq/images/part1/img002217.jpg,6,
img000316.jpg,sfhq/images/part1/img000316.jpg,6,
img001657.jpg,sfhq/images/part1/img001657.jpg,6,
img004720.jpg,sfhq/images/part1/img004720.jpg,6,
img003318.jpg,sfhq/images/part1/img003318.jpg,6,
img003215.jpg,sfhq/images/part1/img003215.jpg,6,
img004032.jpg,sfhq/images/part1/img004032.jpg,6,
img002475.jpg,sfhq/images/part1/img002475.jpg,6,
img001216.jpg,sfhq/images/part1/img001216.jpg,6,
img000782.jpg,sfhq/images/part1/img000782.jpg,6,
img004994.jpg,sfhq/images/part1/img004994.jpg,6,
img004398.jpg,sfhq/images/part1/img004398.jpg,6,
img004469.jpg,sfhq/images/part1/img004469.jpg,6,
img001789.jpg,sfhq/images/part1/img001789.jpg,6,
img003797.jpg,sfhq/images/part1/img003797.jpg,6,
img000413.jpg,sfhq/images/part1/img000413.jpg,6,
img003368.jpg,sfhq/images/part1/img003368.jpg,6,
img000296.jpg,sfhq/images/part1/img000296.jpg,6,
img000153.jpg,sfhq/images/part1/img000153.jpg,6,
img002237.jpg,sfhq/images/part1/img002237.jpg,6,
img002117.jpg,sfhq/images/part1/img002117.jpg,6,
img001770.jpg,sfhq/images/part1/img001770.jpg,6,
img004333.jpg,sfhq/images/part1/img004333.jpg,6,
img001942.jpg,sfhq/images/part1/img001942.jpg,6,
img004858.jpg,sfhq/images/part1/img004858.jpg,6,
img004424.jpg,sfhq/images/part1/img004424.jpg,6,
img002098.jpg,sfhq/images/part1/img002098.jpg,6,
img004468.jpg,sfhq/images/part1/img004468.jpg,6,
img003748.jpg,sfhq/images/part1/img003748.jpg,6,
img003740.jpg,sfhq/images/part1/img003740.jpg,6,
img000560.jpg,sfhq/images/part1/img000560.jpg,6,
img002240.jpg,sfhq/images/part1/img002240.jpg,6,
img000319.jpg,sfhq/images/part1/img000319.jpg,6,
img003097.jpg,sfhq/images/part1/img003097.jpg,6,
img003513.jpg,sfhq/images/part1/img003513.jpg,6,
img003320.jpg,sfhq/images/part1/img003320.jpg,6,
img001402.jpg,sfhq/images/part1/img001402.jpg,6,
img001508.jpg,sfhq/images/part1/img001508.jpg,6,
img004004.jpg,sfhq/images/part1/img004004.jpg,6,
img003179.jpg,sfhq/images/part1/img003179.jpg,6,
img001097.jpg,sfhq/images/part1/img001097.jpg,6,
img000220.jpg,sfhq/images/part1/img000220.jpg,6,
img001035.jpg,sfhq/images/part1/img001035.jpg,6,
img004922.jpg,sfhq/images/part1/img004922.jpg,6,
img003940.jpg,sfhq/images/part1/img003940.jpg,6,
img003062.jpg,sfhq/images/part1/img003062.jpg,6,
img002226.jpg,sfhq/images/part1/img002226.jpg,6,
img003227.jpg,sfhq/images/part1/img003227.jpg,6,
img002690.jpg,sfhq/images/part1/img002690.jpg,6,
img000835.jpg,sfhq/images/part1/img000835.jpg,6,
img002061.jpg,sfhq/images/part1/img002061.jpg,6,
img004407.jpg,sfhq/images/part1/img004407.jpg,6,
img003394.jpg,sfhq/images/part1/img003394.jpg,6,
img000426.jpg,sfhq/images/part1/img000426.jpg,6,
img004636.jpg,sfhq/images/part1/img004636.jpg,6,
img004522.jpg,sfhq/images/part1/img004522.jpg,6,
img000768.jpg,sfhq/images/part1/img000768.jpg,6,
img001036.jpg,sfhq/images/part1/img001036.jpg,6,
img000845.jpg,sfhq/images/part1/img000845.jpg,6,
img004585.jpg,sfhq/images/part1/img004585.jpg,6,
img004905.jpg,sfhq/images/part1/img004905.jpg,6,
img001455.jpg,sfhq/images/part1/img001455.jpg,6,
img003564.jpg,sfhq/images/part1/img003564.jpg,6,
img004710.jpg,sfhq/images/part1/img004710.jpg,6,
img004691.jpg,sfhq/images/part1/img004691.jpg,6,
img003058.jpg,sfhq/images/part1/img003058.jpg,6,
img003783.jpg,sfhq/images/part1/img003783.jpg,6,
img002493.jpg,sfhq/images/part1/img002493.jpg,6,
img004593.jpg,sfhq/images/part1/img004593.jpg,6,
img002698.jpg,sfhq/images/part1/img002698.jpg,6,
img001323.jpg,sfhq/images/part1/img001323.jpg,6,
img003009.jpg,sfhq/images/part1/img003009.jpg,6,
img003280.jpg,sfhq/images/part1/img003280.jpg,6,
img000579.jpg,sfhq/images/part1/img000579.jpg,6,
img002766.jpg,sfhq/images/part1/img002766.jpg,6,
img000016.jpg,sfhq/images/part1/img000016.jpg,6,
img001177.jpg,sfhq/images/part1/img001177.jpg,6,
img001434.jpg,sfhq/images/part1/img001434.jpg,6,
img004063.jpg,sfhq/images/part1/img004063.jpg,6,
img002638.jpg,sfhq/images/part1/img002638.jpg,6,
img002281.jpg,sfhq/images/part1/img002281.jpg,6,
img001142.jpg,sfhq/images/part1/img001142.jpg,6,
img001050.jpg,sfhq/images/part1/img001050.jpg,6,
img001892.jpg,sfhq/images/part1/img001892.jpg,6,
img001756.jpg,sfhq/images/part1/img001756.jpg,6,
img000764.jpg,sfhq/images/part1/img000764.jpg,6,
img001889.jpg,sfhq/images/part1/img001889.jpg,6,
img002432.jpg,sfhq/images/part1/img002432.jpg,6,
img001056.jpg,sfhq/images/part1/img001056.jpg,6,
img001810.jpg,sfhq/images/part1/img001810.jpg,6,
img000442.jpg,sfhq/images/part1/img000442.jpg,6,
img000244.jpg,sfhq/images/part1/img000244.jpg,6,
img003420.jpg,sfhq/images/part1/img003420.jpg,6,
img000631.jpg,sfhq/images/part1/img000631.jpg,6,
img001836.jpg,sfhq/images/part1/img001836.jpg,6,
img003195.jpg,sfhq/images/part1/img003195.jpg,6,
img003928.jpg,sfhq/images/part1/img003928.jpg,6,
img004487.jpg,sfhq/images/part1/img004487.jpg,6,
img002748.jpg,sfhq/images/part1/img002748.jpg,6,
img001964.jpg,sfhq/images/part1/img001964.jpg,6,
img002841.jpg,sfhq/images/part1/img002841.jpg,6,
img000984.jpg,sfhq/images/part1/img000984.jpg,6,
img001671.jpg,sfhq/images/part1/img001671.jpg,6,
img003341.jpg,sfhq/images/part1/img003341.jpg,6,
img001850.jpg,sfhq/images/part1/img001850.jpg,6,
img000490.jpg,sfhq/images/part1/img000490.jpg,6,
img003432.jpg,sfhq/images/part1/img003432.jpg,6,
img002349.jpg,sfhq/images/part1/img002349.jpg,6,
img001497.jpg,sfhq/images/part1/img001497.jpg,6,
img002962.jpg,sfhq/images/part1/img002962.jpg,6,
img002333.jpg,sfhq/images/part1/img002333.jpg,6,
img002422.jpg,sfhq/images/part1/img002422.jpg,6,
img003807.jpg,sfhq/images/part1/img003807.jpg,6,
img002147.jpg,sfhq/images/part1/img002147.jpg,6,
img003709.jpg,sfhq/images/part1/img003709.jpg,6,
img002030.jpg,sfhq/images/part1/img002030.jpg,6,
img003599.jpg,sfhq/images/part1/img003599.jpg,6,
img002336.jpg,sfhq/images/part1/img002336.jpg,6,
img001772.jpg,sfhq/images/part1/img001772.jpg,6,
img002452.jpg,sfhq/images/part1/img002452.jpg,6,
img002782.jpg,sfhq/images/part1/img002782.jpg,6,
img002589.jpg,sfhq/images/part1/img002589.jpg,6,
img001949.jpg,sfhq/images/part1/img001949.jpg,6,
img004946.jpg,sfhq/images/part1/img004946.jpg,6,
img001100.jpg,sfhq/images/part1/img001100.jpg,6,
img002976.jpg,sfhq/images/part1/img002976.jpg,6,
img002321.jpg,sfhq/images/part1/img002321.jpg,6,
img001441.jpg,sfhq/images/part1/img001441.jpg,6,
img001685.jpg,sfhq/images/part1/img001685.jpg,6,
img000035.jpg,sfhq/images/part1/img000035.jpg,6,
img000962.jpg,sfhq/images/part1/img000962.jpg,6,
img001096.jpg,sfhq/images/part1/img001096.jpg,6,
img000381.jpg,sfhq/images/part1/img000381.jpg,6,
img001397.jpg,sfhq/images/part1/img001397.jpg,6,
img000189.jpg,sfhq/images/part1/img000189.jpg,6,
img004881.jpg,sfhq/images/part1/img004881.jpg,6,
img000551.jpg,sfhq/images/part1/img000551.jpg,6,
img002368.jpg,sfhq/images/part1/img002368.jpg,6,
img002746.jpg,sfhq/images/part1/img002746.jpg,6,
img003537.jpg,sfhq/images/part1/img003537.jpg,6,
img004193.jpg,sfhq/images/part1/img004193.jpg,6,
img004209.jpg,sfhq/images/part1/img004209.jpg,6,
img001755.jpg,sfhq/images/part1/img001755.jpg,6,
img000208.jpg,sfhq/images/part1/img000208.jpg,6,
img000326.jpg,sfhq/images/part1/img000326.jpg,6,
img003974.jpg,sfhq/images/part1/img003974.jpg,6,
img004701.jpg,sfhq/images/part1/img004701.jpg,6,
img003613.jpg,sfhq/images/part1/img003613.jpg,6,
img004810.jpg,sfhq/images/part1/img004810.jpg,6,
img002112.jpg,sfhq/images/part1/img002112.jpg,6,
img003811.jpg,sfhq/images/part1/img003811.jpg,6,
img000936.jpg,sfhq/images/part1/img000936.jpg,6,
img000584.jpg,sfhq/images/part1/img000584.jpg,6,
img003385.jpg,sfhq/images/part1/img003385.jpg,6,
img004389.jpg,sfhq/images/part1/img004389.jpg,6,
img000697.jpg,sfhq/images/part1/img000697.jpg,6,
img000932.jpg,sfhq/images/part1/img000932.jpg,6,
img002642.jpg,sfhq/images/part1/img002642.jpg,6,
img003628.jpg,sfhq/images/part1/img003628.jpg,6,
img000103.jpg,sfhq/images/part1/img000103.jpg,6,
img003241.jpg,sfhq/images/part1/img003241.jpg,6,
img001356.jpg,sfhq/images/part1/img001356.jpg,6,
img000522.jpg,sfhq/images/part1/img000522.jpg,6,
img003680.jpg,sfhq/images/part1/img003680.jpg,6,
img003926.jpg,sfhq/images/part1/img003926.jpg,6,
img003765.jpg,sfhq/images/part1/img003765.jpg,6,
img004566.jpg,sfhq/images/part1/img004566.jpg,6,
img002495.jpg,sfhq/images/part1/img002495.jpg,6,
img004835.jpg,sfhq/images/part1/img004835.jpg,6,
img004099.jpg,sfhq/images/part1/img004099.jpg,6,
img001544.jpg,sfhq/images/part1/img001544.jpg,6,
img002747.jpg,sfhq/images/part1/img002747.jpg,6,
img003325.jpg,sfhq/images/part1/img003325.jpg,6,
img004520.jpg,sfhq/images/part1/img004520.jpg,6,
img004211.jpg,sfhq/images/part1/img004211.jpg,6,
img004091.jpg,sfhq/images/part1/img004091.jpg,6,
img004121.jpg,sfhq/images/part1/img004121.jpg,6,
img001366.jpg,sfhq/images/part1/img001366.jpg,6,
img004667.jpg,sfhq/images/part1/img004667.jpg,6,
img002844.jpg,sfhq/images/part1/img002844.jpg,6,
img001226.jpg,sfhq/images/part1/img001226.jpg,6,
img001178.jpg,sfhq/images/part1/img001178.jpg,6,
img004440.jpg,sfhq/images/part1/img004440.jpg,6,
img002694.jpg,sfhq/images/part1/img002694.jpg,6,
img002084.jpg,sfhq/images/part1/img002084.jpg,6,
img000917.jpg,sfhq/images/part1/img000917.jpg,6,
img004388.jpg,sfhq/images/part1/img004388.jpg,6,
img003608.jpg,sfhq/images/part1/img003608.jpg,6,
img002500.jpg,sfhq/images/part1/img002500.jpg,6,
img000173.jpg,sfhq/images/part1/img000173.jpg,6,
img003752.jpg,sfhq/images/part1/img003752.jpg,6,
img000949.jpg,sfhq/images/part1/img000949.jpg,6,
img001253.jpg,sfhq/images/part1/img001253.jpg,6,
img001000.jpg,sfhq/images/part1/img001000.jpg,6,
img002337.jpg,sfhq/images/part1/img002337.jpg,6,
img000272.jpg,sfhq/images/part1/img000272.jpg,6,
img003356.jpg,sfhq/images/part1/img003356.jpg,6,
img004172.jpg,sfhq/images/part1/img004172.jpg,6,
img002343.jpg,sfhq/images/part1/img002343.jpg,6,
img004000.jpg,sfhq/images/part1/img004000.jpg,6,
img004152.jpg,sfhq/images/part1/img004152.jpg,6,
img003018.jpg,sfhq/images/part1/img003018.jpg,6,
img002111.jpg,sfhq/images/part1/img002111.jpg,6,
img002695.jpg,sfhq/images/part1/img002695.jpg,6,
img004345.jpg,sfhq/images/part1/img004345.jpg,6,
img003589.jpg,sfhq/images/part1/img003589.jpg,6,
img003917.jpg,sfhq/images/part1/img003917.jpg,6,
img000682.jpg,sfhq/images/part1/img000682.jpg,6,
img000446.jpg,sfhq/images/part1/img000446.jpg,6,
img000188.jpg,sfhq/images/part1/img000188.jpg,6,
img003972.jpg,sfhq/images/part1/img003972.jpg,6,
img003809.jpg,sfhq/images/part1/img003809.jpg,6,
img001783.jpg,sfhq/images/part1/img001783.jpg,6,
img000651.jpg,sfhq/images/part1/img000651.jpg,6,
img002634.jpg,sfhq/images/part1/img002634.jpg,6,
img004134.jpg,sfhq/images/part1/img004134.jpg,6,
img000465.jpg,sfhq/images/part1/img000465.jpg,6,
img000571.jpg,sfhq/images/part1/img000571.jpg,6,
img003193.jpg,sfhq/images/part1/img003193.jpg,6,
img002499.jpg,sfhq/images/part1/img002499.jpg,6,
img003287.jpg,sfhq/images/part1/img003287.jpg,6,
img003581.jpg,sfhq/images/part1/img003581.jpg,6,
img001799.jpg,sfhq/images/part1/img001799.jpg,6,
img000112.jpg,sfhq/images/part1/img000112.jpg,6,
img000927.jpg,sfhq/images/part1/img000927.jpg,6,
img001502.jpg,sfhq/images/part1/img001502.jpg,6,
img002428.jpg,sfhq/images/part1/img002428.jpg,6,
img000351.jpg,sfhq/images/part1/img000351.jpg,6,
img003198.jpg,sfhq/images/part1/img003198.jpg,6,
img001143.jpg,sfhq/images/part1/img001143.jpg,6,
img004090.jpg,sfhq/images/part1/img004090.jpg,6,
img000485.jpg,sfhq/images/part1/img000485.jpg,6,
img002995.jpg,sfhq/images/part1/img002995.jpg,6,
img000008.jpg,sfhq/images/part1/img000008.jpg,6,
img000800.jpg,sfhq/images/part1/img000800.jpg,6,
img003281.jpg,sfhq/images/part1/img003281.jpg,6,
img001601.jpg,sfhq/images/part1/img001601.jpg,6,
img004100.jpg,sfhq/images/part1/img004100.jpg,6,
img001225.jpg,sfhq/images/part1/img001225.jpg,6,
img004825.jpg,sfhq/images/part1/img004825.jpg,6,
img000558.jpg,sfhq/images/part1/img000558.jpg,6,
img002255.jpg,sfhq/images/part1/img002255.jpg,6,
img001804.jpg,sfhq/images/part1/img001804.jpg,6,
img000320.jpg,sfhq/images/part1/img000320.jpg,6,
img002126.jpg,sfhq/images/part1/img002126.jpg,6,
img004243.jpg,sfhq/images/part1/img004243.jpg,6,
img001124.jpg,sfhq/images/part1/img001124.jpg,6,
img003286.jpg,sfhq/images/part1/img003286.jpg,6,
img001125.jpg,sfhq/images/part1/img001125.jpg,6,
img000575.jpg,sfhq/images/part1/img000575.jpg,6,
img003077.jpg,sfhq/images/part1/img003077.jpg,6,
img002885.jpg,sfhq/images/part1/img002885.jpg,6,
img004523.jpg,sfhq/images/part1/img004523.jpg,6,
img000356.jpg,sfhq/images/part1/img000356.jpg,6,
img004285.jpg,sfhq/images/part1/img004285.jpg,6,
img000177.jpg,sfhq/images/part1/img000177.jpg,6,
img001012.jpg,sfhq/images/part1/img001012.jpg,6,
img002922.jpg,sfhq/images/part1/img002922.jpg,6,
img004009.jpg,sfhq/images/part1/img004009.jpg,6,
img002546.jpg,sfhq/images/part1/img002546.jpg,6,
img001899.jpg,sfhq/images/part1/img001899.jpg,6,
img002681.jpg,sfhq/images/part1/img002681.jpg,6,
img003625.jpg,sfhq/images/part1/img003625.jpg,6,
img000982.jpg,sfhq/images/part1/img000982.jpg,6,
img004302.jpg,sfhq/images/part1/img004302.jpg,6,
img004664.jpg,sfhq/images/part1/img004664.jpg,6,
img000028.jpg,sfhq/images/part1/img000028.jpg,6,
img001094.jpg,sfhq/images/part1/img001094.jpg,6,
img004860.jpg,sfhq/images/part1/img004860.jpg,6,
img003259.jpg,sfhq/images/part1/img003259.jpg,6,
img002775.jpg,sfhq/images/part1/img002775.jpg,6,
img000595.jpg,sfhq/images/part1/img000595.jpg,6,
img000132.jpg,sfhq/images/part1/img000132.jpg,6,
img002703.jpg,sfhq/images/part1/img002703.jpg,6,
img002105.jpg,sfhq/images/part1/img002105.jpg,6,
img003468.jpg,sfhq/images/part1/img003468.jpg,6,
img004470.jpg,sfhq/images/part1/img004470.jpg,6,
img003642.jpg,sfhq/images/part1/img003642.jpg,6,
img003221.jpg,sfhq/images/part1/img003221.jpg,6,
img004306.jpg,sfhq/images/part1/img004306.jpg,6,
img002735.jpg,sfhq/images/part1/img002735.jpg,6,
img001828.jpg,sfhq/images/part1/img001828.jpg,6,
img001550.jpg,sfhq/images/part1/img001550.jpg,6,
img003358.jpg,sfhq/images/part1/img003358.jpg,6,
img003022.jpg,sfhq/images/part1/img003022.jpg,6,
img002171.jpg,sfhq/images/part1/img002171.jpg,6,
img004107.jpg,sfhq/images/part1/img004107.jpg,6,
img001016.jpg,sfhq/images/part1/img001016.jpg,6,
img003164.jpg,sfhq/images/part1/img003164.jpg,6,
img004290.jpg,sfhq/images/part1/img004290.jpg,6,
img000564.jpg,sfhq/images/part1/img000564.jpg,6,
img002363.jpg,sfhq/images/part1/img002363.jpg,6,
img004714.jpg,sfhq/images/part1/img004714.jpg,6,
img002853.jpg,sfhq/images/part1/img002853.jpg,6,
img000542.jpg,sfhq/images/part1/img000542.jpg,6,
img003154.jpg,sfhq/images/part1/img003154.jpg,6,
img004699.jpg,sfhq/images/part1/img004699.jpg,6,
img000315.jpg,sfhq/images/part1/img000315.jpg,6,
img003967.jpg,sfhq/images/part1/img003967.jpg,6,
img000361.jpg,sfhq/images/part1/img000361.jpg,6,
img002094.jpg,sfhq/images/part1/img002094.jpg,6,
img000675.jpg,sfhq/images/part1/img000675.jpg,6,
img004843.jpg,sfhq/images/part1/img004843.jpg,6,
img002242.jpg,sfhq/images/part1/img002242.jpg,6,
img001117.jpg,sfhq/images/part1/img001117.jpg,6,
img001194.jpg,sfhq/images/part1/img001194.jpg,6,
img002490.jpg,sfhq/images/part1/img002490.jpg,6,
img000719.jpg,sfhq/images/part1/img000719.jpg,6,
img003661.jpg,sfhq/images/part1/img003661.jpg,6,
img003471.jpg,sfhq/images/part1/img003471.jpg,6,
img000236.jpg,sfhq/images/part1/img000236.jpg,6,
img003124.jpg,sfhq/images/part1/img003124.jpg,6,
img001147.jpg,sfhq/images/part1/img001147.jpg,6,
img001421.jpg,sfhq/images/part1/img001421.jpg,6,
img001064.jpg,sfhq/images/part1/img001064.jpg,6,
img001794.jpg,sfhq/images/part1/img001794.jpg,6,
img000422.jpg,sfhq/images/part1/img000422.jpg,6,
img001730.jpg,sfhq/images/part1/img001730.jpg,6,
img003734.jpg,sfhq/images/part1/img003734.jpg,6,
img001008.jpg,sfhq/images/part1/img001008.jpg,6,
img001372.jpg,sfhq/images/part1/img001372.jpg,6,
img002635.jpg,sfhq/images/part1/img002635.jpg,6,
img003549.jpg,sfhq/images/part1/img003549.jpg,6,
img003687.jpg,sfhq/images/part1/img003687.jpg,6,
img001348.jpg,sfhq/images/part1/img001348.jpg,6,
img002006.jpg,sfhq/images/part1/img002006.jpg,6,
img003110.jpg,sfhq/images/part1/img003110.jpg,6,
img002899.jpg,sfhq/images/part1/img002899.jpg,6,
img001660.jpg,sfhq/images/part1/img001660.jpg,6,
img000730.jpg,sfhq/images/part1/img000730.jpg,6,
img000576.jpg,sfhq/images/part1/img000576.jpg,6,
img004122.jpg,sfhq/images/part1/img004122.jpg,6,
img002373.jpg,sfhq/images/part1/img002373.jpg,6,
img000285.jpg,sfhq/images/part1/img000285.jpg,6,
img003075.jpg,sfhq/images/part1/img003075.jpg,6,
img000556.jpg,sfhq/images/part1/img000556.jpg,6,
img003343.jpg,sfhq/images/part1/img003343.jpg,6,
img004202.jpg,sfhq/images/part1/img004202.jpg,6,
img002412.jpg,sfhq/images/part1/img002412.jpg,6,
img003565.jpg,sfhq/images/part1/img003565.jpg,6,
img000174.jpg,sfhq/images/part1/img000174.jpg,6,
img003307.jpg,sfhq/images/part1/img003307.jpg,6,
img000713.jpg,sfhq/images/part1/img000713.jpg,6,
img000453.jpg,sfhq/images/part1/img000453.jpg,6,
img003431.jpg,sfhq/images/part1/img003431.jpg,6,
img003850.jpg,sfhq/images/part1/img003850.jpg,6,
img004234.jpg,sfhq/images/part1/img004234.jpg,6,
img000454.jpg,sfhq/images/part1/img000454.jpg,6,
img002597.jpg,sfhq/images/part1/img002597.jpg,6,
img002010.jpg,sfhq/images/part1/img002010.jpg,6,
img001341.jpg,sfhq/images/part1/img001341.jpg,6,
img000410.jpg,sfhq/images/part1/img000410.jpg,6,
img000450.jpg,sfhq/images/part1/img000450.jpg,6,
img003945.jpg,sfhq/images/part1/img003945.jpg,6,
img001073.jpg,sfhq/images/part1/img001073.jpg,6,
img000734.jpg,sfhq/images/part1/img000734.jpg,6,
img000031.jpg,sfhq/images/part1/img000031.jpg,6,
img003381.jpg,sfhq/images/part1/img003381.jpg,6,
img000056.jpg,sfhq/images/part1/img000056.jpg,6,
img001873.jpg,sfhq/images/part1/img001873.jpg,6,
img003038.jpg,sfhq/images/part1/img003038.jpg,6,
img002838.jpg,sfhq/images/part1/img002838.jpg,6,
img002220.jpg,sfhq/images/part1/img002220.jpg,6,
img002965.jpg,sfhq/images/part1/img002965.jpg,6,
img003315.jpg,sfhq/images/part1/img003315.jpg,6,
img000999.jpg,sfhq/images/part1/img000999.jpg,6,
img000164.jpg,sfhq/images/part1/img000164.jpg,6,
img001247.jpg,sfhq/images/part1/img001247.jpg,6,
img004353.jpg,sfhq/images/part1/img004353.jpg,6,
img004206.jpg,sfhq/images/part1/img004206.jpg,6,
img002367.jpg,sfhq/images/part1/img002367.jpg,6,
img002776.jpg,sfhq/images/part1/img002776.jpg,6,
img001409.jpg,sfhq/images/part1/img001409.jpg,6,
img001969.jpg,sfhq/images/part1/img001969.jpg,6,
img004295.jpg,sfhq/images/part1/img004295.jpg,6,
img002975.jpg,sfhq/images/part1/img002975.jpg,6,
img001984.jpg,sfhq/images/part1/img001984.jpg,6,
img000423.jpg,sfhq/images/part1/img000423.jpg,6,
img001451.jpg,sfhq/images/part1/img001451.jpg,6,
img002413.jpg,sfhq/images/part1/img002413.jpg,6,
img004822.jpg,sfhq/images/part1/img004822.jpg,6,
img002375.jpg,sfhq/images/part1/img002375.jpg,6,
img000586.jpg,sfhq/images/part1/img000586.jpg,6,
img000689.jpg,sfhq/images/part1/img000689.jpg,6,
img001890.jpg,sfhq/images/part1/img001890.jpg,6,
img004115.jpg,sfhq/images/part1/img004115.jpg,6,
img003718.jpg,sfhq/images/part1/img003718.jpg,6,
img000741.jpg,sfhq/images/part1/img000741.jpg,6,
img001525.jpg,sfhq/images/part1/img001525.jpg,6,
img004510.jpg,sfhq/images/part1/img004510.jpg,6,
img001675.jpg,sfhq/images/part1/img001675.jpg,6,
img003494.jpg,sfhq/images/part1/img003494.jpg,6,
img001449.jpg,sfhq/images/part1/img001449.jpg,6,
img001939.jpg,sfhq/images/part1/img001939.jpg,6,
img003604.jpg,sfhq/images/part1/img003604.jpg,6,
img002719.jpg,sfhq/images/part1/img002719.jpg,6,
img004422.jpg,sfhq/images/part1/img004422.jpg,6,
img000877.jpg,sfhq/images/part1/img000877.jpg,6,
img004647.jpg,sfhq/images/part1/img004647.jpg,6,
img002904.jpg,sfhq/images/part1/img002904.jpg,6,
img001709.jpg,sfhq/images/part1/img001709.jpg,6,
img000634.jpg,sfhq/images/part1/img000634.jpg,6,
img001904.jpg,sfhq/images/part1/img001904.jpg,6,
img003309.jpg,sfhq/images/part1/img003309.jpg,6,
img000779.jpg,sfhq/images/part1/img000779.jpg,6,
img000840.jpg,sfhq/images/part1/img000840.jpg,6,
img001411.jpg,sfhq/images/part1/img001411.jpg,6,
img004734.jpg,sfhq/images/part1/img004734.jpg,6,
img001979.jpg,sfhq/images/part1/img001979.jpg,6,
img001134.jpg,sfhq/images/part1/img001134.jpg,6,
img001424.jpg,sfhq/images/part1/img001424.jpg,6,
img004041.jpg,sfhq/images/part1/img004041.jpg,6,
img002780.jpg,sfhq/images/part1/img002780.jpg,6,
img003025.jpg,sfhq/images/part1/img003025.jpg,6,
img003885.jpg,sfhq/images/part1/img003885.jpg,6,
img001672.jpg,sfhq/images/part1/img001672.jpg,6,
img003855.jpg,sfhq/images/part1/img003855.jpg,6,
img004304.jpg,sfhq/images/part1/img004304.jpg,6,
img001856.jpg,sfhq/images/part1/img001856.jpg,6,
img001377.jpg,sfhq/images/part1/img001377.jpg,6,
img000171.jpg,sfhq/images/part1/img000171.jpg,6,
img003020.jpg,sfhq/images/part1/img003020.jpg,6,
img004430.jpg,sfhq/images/part1/img004430.jpg,6,
img003426.jpg,sfhq/images/part1/img003426.jpg,6,
img000902.jpg,sfhq/images/part1/img000902.jpg,6,
img002298.jpg,sfhq/images/part1/img002298.jpg,6,
img002616.jpg,sfhq/images/part1/img002616.jpg,6,
img004971.jpg,sfhq/images/part1/img004971.jpg,6,
img000472.jpg,sfhq/images/part1/img000472.jpg,6,
img001609.jpg,sfhq/images/part1/img001609.jpg,6,
img003541.jpg,sfhq/images/part1/img003541.jpg,6,
img000723.jpg,sfhq/images/part1/img000723.jpg,6,
img003790.jpg,sfhq/images/part1/img003790.jpg,6,
img003898.jpg,sfhq/images/part1/img003898.jpg,6,
img000218.jpg,sfhq/images/part1/img000218.jpg,6,
img004885.jpg,sfhq/images/part1/img004885.jpg,6,
img002539.jpg,sfhq/images/part1/img002539.jpg,6,
img003886.jpg,sfhq/images/part1/img003886.jpg,6,
img003622.jpg,sfhq/images/part1/img003622.jpg,6,
img004485.jpg,sfhq/images/part1/img004485.jpg,6,
img001062.jpg,sfhq/images/part1/img001062.jpg,6,
img003799.jpg,sfhq/images/part1/img003799.jpg,6,
img002404.jpg,sfhq/images/part1/img002404.jpg,6,
img002612.jpg,sfhq/images/part1/img002612.jpg,6,
img001014.jpg,sfhq/images/part1/img001014.jpg,6,
img002873.jpg,sfhq/images/part1/img002873.jpg,6,
img004551.jpg,sfhq/images/part1/img004551.jpg,6,
img004711.jpg,sfhq/images/part1/img004711.jpg,6,
img001263.jpg,sfhq/images/part1/img001263.jpg,6,
img001634.jpg,sfhq/images/part1/img001634.jpg,6,
img001347.jpg,sfhq/images/part1/img001347.jpg,6,
img004883.jpg,sfhq/images/part1/img004883.jpg,6,
img002656.jpg,sfhq/images/part1/img002656.jpg,6,
img000048.jpg,sfhq/images/part1/img000048.jpg,6,
img000088.jpg,sfhq/images/part1/img000088.jpg,6,
img000727.jpg,sfhq/images/part1/img000727.jpg,6,
img000683.jpg,sfhq/images/part1/img000683.jpg,6,
img000588.jpg,sfhq/images/part1/img000588.jpg,6,
img000401.jpg,sfhq/images/part1/img000401.jpg,6,
img004288.jpg,sfhq/images/part1/img004288.jpg,6,
img001374.jpg,sfhq/images/part1/img001374.jpg,6,
img002619.jpg,sfhq/images/part1/img002619.jpg,6,
img004397.jpg,sfhq/images/part1/img004397.jpg,6,
img000336.jpg,sfhq/images/part1/img000336.jpg,6,
img002554.jpg,sfhq/images/part1/img002554.jpg,6,
img000810.jpg,sfhq/images/part1/img000810.jpg,6,
img004650.jpg,sfhq/images/part1/img004650.jpg,6,
img002201.jpg,sfhq/images/part1/img002201.jpg,6,
img001005.jpg,sfhq/images/part1/img001005.jpg,6,
img000436.jpg,sfhq/images/part1/img000436.jpg,6,
img003158.jpg,sfhq/images/part1/img003158.jpg,6,
img002361.jpg,sfhq/images/part1/img002361.jpg,6,
img001156.jpg,sfhq/images/part1/img001156.jpg,6,
img002566.jpg,sfhq/images/part1/img002566.jpg,6,
img003847.jpg,sfhq/images/part1/img003847.jpg,6,
img002645.jpg,sfhq/images/part1/img002645.jpg,6,
img003172.jpg,sfhq/images/part1/img003172.jpg,6,
img004477.jpg,sfhq/images/part1/img004477.jpg,6,
img004096.jpg,sfhq/images/part1/img004096.jpg,6,
img004015.jpg,sfhq/images/part1/img004015.jpg,6,
img000549.jpg,sfhq/images/part1/img000549.jpg,6,
img001584.jpg,sfhq/images/part1/img001584.jpg,6,
img001510.jpg,sfhq/images/part1/img001510.jpg,6,
img004187.jpg,sfhq/images/part1/img004187.jpg,6,
img002914.jpg,sfhq/images/part1/img002914.jpg,6,
img001557.jpg,sfhq/images/part1/img001557.jpg,6,
img001393.jpg,sfhq/images/part1/img001393.jpg,6,
img000736.jpg,sfhq/images/part1/img000736.jpg,6,
img001926.jpg,sfhq/images/part1/img001926.jpg,6,
img002155.jpg,sfhq/images/part1/img002155.jpg,6,
img003618.jpg,sfhq/images/part1/img003618.jpg,6,
img001392.jpg,sfhq/images/part1/img001392.jpg,6,
img001547.jpg,sfhq/images/part1/img001547.jpg,6,
img003168.jpg,sfhq/images/part1/img003168.jpg,6,
img004314.jpg,sfhq/images/part1/img004314.jpg,6,
img001196.jpg,sfhq/images/part1/img001196.jpg,6,
img003962.jpg,sfhq/images/part1/img003962.jpg,6,
img000493.jpg,sfhq/images/part1/img000493.jpg,6,
img002466.jpg,sfhq/images/part1/img002466.jpg,6,
img000876.jpg,sfhq/images/part1/img000876.jpg,6,
img004801.jpg,sfhq/images/part1/img004801.jpg,6,
img004969.jpg,sfhq/images/part1/img004969.jpg,6,
img000397.jpg,sfhq/images/part1/img000397.jpg,6,
img001696.jpg,sfhq/images/part1/img001696.jpg,6,
img004750.jpg,sfhq/images/part1/img004750.jpg,6,
img003645.jpg,sfhq/images/part1/img003645.jpg,6,
img001381.jpg,sfhq/images/part1/img001381.jpg,6,
img004416.jpg,sfhq/images/part1/img004416.jpg,6,
img000816.jpg,sfhq/images/part1/img000816.jpg,6,
img002071.jpg,sfhq/images/part1/img002071.jpg,6,
img001693.jpg,sfhq/images/part1/img001693.jpg,6,
img000788.jpg,sfhq/images/part1/img000788.jpg,6,
img001350.jpg,sfhq/images/part1/img001350.jpg,6,
img000899.jpg,sfhq/images/part1/img000899.jpg,6,
img001126.jpg,sfhq/images/part1/img001126.jpg,6,
img004489.jpg,sfhq/images/part1/img004489.jpg,6,
img002288.jpg,sfhq/images/part1/img002288.jpg,6,
img000638.jpg,sfhq/images/part1/img000638.jpg,6,
img004603.jpg,sfhq/images/part1/img004603.jpg,6,
img000677.jpg,sfhq/images/part1/img000677.jpg,6,
img000503.jpg,sfhq/images/part1/img000503.jpg,6,
img002671.jpg,sfhq/images/part1/img002671.jpg,6,
img002078.jpg,sfhq/images/part1/img002078.jpg,6,
img000367.jpg,sfhq/images/part1/img000367.jpg,6,
img004879.jpg,sfhq/images/part1/img004879.jpg,6,
img001504.jpg,sfhq/images/part1/img001504.jpg,6,
img000919.jpg,sfhq/images/part1/img000919.jpg,6,
img001391.jpg,sfhq/images/part1/img001391.jpg,6,
img000098.jpg,sfhq/images/part1/img000098.jpg,6,
img003487.jpg,sfhq/images/part1/img003487.jpg,6,
img003104.jpg,sfhq/images/part1/img003104.jpg,6,
img001269.jpg,sfhq/images/part1/img001269.jpg,6,
img003491.jpg,sfhq/images/part1/img003491.jpg,6,
img004700.jpg,sfhq/images/part1/img004700.jpg,6,
img004748.jpg,sfhq/images/part1/img004748.jpg,6,
img003085.jpg,sfhq/images/part1/img003085.jpg,6,
img003390.jpg,sfhq/images/part1/img003390.jpg,6,
img001308.jpg,sfhq/images/part1/img001308.jpg,6,
img000832.jpg,sfhq/images/part1/img000832.jpg,6,
img004216.jpg,sfhq/images/part1/img004216.jpg,6,
img004924.jpg,sfhq/images/part1/img004924.jpg,6,
img001640.jpg,sfhq/images/part1/img001640.jpg,6,
img002447.jpg,sfhq/images/part1/img002447.jpg,6,
img003016.jpg,sfhq/images/part1/img003016.jpg,6,
img001745.jpg,sfhq/images/part1/img001745.jpg,6,
img002210.jpg,sfhq/images/part1/img002210.jpg,6,
img002228.jpg,sfhq/images/part1/img002228.jpg,6,
img004026.jpg,sfhq/images/part1/img004026.jpg,6,
img002582.jpg,sfhq/images/part1/img002582.jpg,6,
img002131.jpg,sfhq/images/part1/img002131.jpg,6,
img003499.jpg,sfhq/images/part1/img003499.jpg,6,
img003626.jpg,sfhq/images/part1/img003626.jpg,6,
img002773.jpg,sfhq/images/part1/img002773.jpg,6,
img004463.jpg,sfhq/images/part1/img004463.jpg,6,
img000309.jpg,sfhq/images/part1/img000309.jpg,6,
img000057.jpg,sfhq/images/part1/img000057.jpg,6,
img001400.jpg,sfhq/images/part1/img001400.jpg,6,
img002101.jpg,sfhq/images/part1/img002101.jpg,6,
img004604.jpg,sfhq/images/part1/img004604.jpg,6,
img002857.jpg,sfhq/images/part1/img002857.jpg,6,
img003373.jpg,sfhq/images/part1/img003373.jpg,6,
img004803.jpg,sfhq/images/part1/img004803.jpg,6,
img000458.jpg,sfhq/images/part1/img000458.jpg,6,
img003969.jpg,sfhq/images/part1/img003969.jpg,6,
img001900.jpg,sfhq/images/part1/img001900.jpg,6,
img003801.jpg,sfhq/images/part1/img003801.jpg,6,
img002104.jpg,sfhq/images/part1/img002104.jpg,6,
img000580.jpg,sfhq/images/part1/img000580.jpg,6,
img000903.jpg,sfhq/images/part1/img000903.jpg,6,
img002411.jpg,sfhq/images/part1/img002411.jpg,6,
img001243.jpg,sfhq/images/part1/img001243.jpg,6,
img002043.jpg,sfhq/images/part1/img002043.jpg,6,
img002514.jpg,sfhq/images/part1/img002514.jpg,6,
img002548.jpg,sfhq/images/part1/img002548.jpg,6,
img001403.jpg,sfhq/images/part1/img001403.jpg,6,
img004217.jpg,sfhq/images/part1/img004217.jpg,6,
img003506.jpg,sfhq/images/part1/img003506.jpg,6,
img003128.jpg,sfhq/images/part1/img003128.jpg,6,
img002318.jpg,sfhq/images/part1/img002318.jpg,6,
img001999.jpg,sfhq/images/part1/img001999.jpg,6,
img002382.jpg,sfhq/images/part1/img002382.jpg,6,
img004732.jpg,sfhq/images/part1/img004732.jpg,6,
img001059.jpg,sfhq/images/part1/img001059.jpg,6,
img001811.jpg,sfhq/images/part1/img001811.jpg,6,
img003583.jpg,sfhq/images/part1/img003583.jpg,6,
img004308.jpg,sfhq/images/part1/img004308.jpg,6,
img001753.jpg,sfhq/images/part1/img001753.jpg,6,
img003115.jpg,sfhq/images/part1/img003115.jpg,6,
img001953.jpg,sfhq/images/part1/img001953.jpg,6,
img004793.jpg,sfhq/images/part1/img004793.jpg,6,
img004639.jpg,sfhq/images/part1/img004639.jpg,6,
img004607.jpg,sfhq/images/part1/img004607.jpg,6,
img004215.jpg,sfhq/images/part1/img004215.jpg,6,
img004483.jpg,sfhq/images/part1/img004483.jpg,6,
img003575.jpg,sfhq/images/part1/img003575.jpg,6,
img000125.jpg,sfhq/images/part1/img000125.jpg,6,
img001945.jpg,sfhq/images/part1/img001945.jpg,6,
img003017.jpg,sfhq/images/part1/img003017.jpg,6,
img003957.jpg,sfhq/images/part1/img003957.jpg,6,
img002082.jpg,sfhq/images/part1/img002082.jpg,6,
img002283.jpg,sfhq/images/part1/img002283.jpg,6,
img003039.jpg,sfhq/images/part1/img003039.jpg,6,
img004311.jpg,sfhq/images/part1/img004311.jpg,6,
img001863.jpg,sfhq/images/part1/img001863.jpg,6,
img001983.jpg,sfhq/images/part1/img001983.jpg,6,
img003073.jpg,sfhq/images/part1/img003073.jpg,6,
img004703.jpg,sfhq/images/part1/img004703.jpg,6,
img002227.jpg,sfhq/images/part1/img002227.jpg,6,
img004570.jpg,sfhq/images/part1/img004570.jpg,6,
img001442.jpg,sfhq/images/part1/img001442.jpg,6,
img003324.jpg,sfhq/images/part1/img003324.jpg,6,
img001204.jpg,sfhq/images/part1/img001204.jpg,6,
img003400.jpg,sfhq/images/part1/img003400.jpg,6,
img001669.jpg,sfhq/images/part1/img001669.jpg,6,
img003927.jpg,sfhq/images/part1/img003927.jpg,6,
img004233.jpg,sfhq/images/part1/img004233.jpg,6,
img003929.jpg,sfhq/images/part1/img003929.jpg,6,
img003347.jpg,sfhq/images/part1/img003347.jpg,6,
img002781.jpg,sfhq/images/part1/img002781.jpg,6,
img004586.jpg,sfhq/images/part1/img004586.jpg,6,
img001324.jpg,sfhq/images/part1/img001324.jpg,6,
img004565.jpg,sfhq/images/part1/img004565.jpg,6,
img003234.jpg,sfhq/images/part1/img003234.jpg,6,
img004741.jpg,sfhq/images/part1/img004741.jpg,6,
img002498.jpg,sfhq/images/part1/img002498.jpg,6,
img000913.jpg,sfhq/images/part1/img000913.jpg,6,
img003960.jpg,sfhq/images/part1/img003960.jpg,6,
img002524.jpg,sfhq/images/part1/img002524.jpg,6,
img001965.jpg,sfhq/images/part1/img001965.jpg,6,
img003034.jpg,sfhq/images/part1/img003034.jpg,6,
img004318.jpg,sfhq/images/part1/img004318.jpg,6,
img000609.jpg,sfhq/images/part1/img000609.jpg,6,
img001551.jpg,sfhq/images/part1/img001551.jpg,6,
img002340.jpg,sfhq/images/part1/img002340.jpg,6,
img001299.jpg,sfhq/images/part1/img001299.jpg,6,
img002338.jpg,sfhq/images/part1/img002338.jpg,6,
img000612.jpg,sfhq/images/part1/img000612.jpg,6,
img004694.jpg,sfhq/images/part1/img004694.jpg,6,
img000748.jpg,sfhq/images/part1/img000748.jpg,6,
img004372.jpg,sfhq/images/part1/img004372.jpg,6,
img002223.jpg,sfhq/images/part1/img002223.jpg,6,
img004652.jpg,sfhq/images/part1/img004652.jpg,6,
img003184.jpg,sfhq/images/part1/img003184.jpg,6,
img003262.jpg,sfhq/images/part1/img003262.jpg,6,
img003433.jpg,sfhq/images/part1/img003433.jpg,6,
img004055.jpg,sfhq/images/part1/img004055.jpg,6,
img000737.jpg,sfhq/images/part1/img000737.jpg,6,
img003867.jpg,sfhq/images/part1/img003867.jpg,6,
img001590.jpg,sfhq/images/part1/img001590.jpg,6,
img004549.jpg,sfhq/images/part1/img004549.jpg,6,
img003395.jpg,sfhq/images/part1/img003395.jpg,6,
img000989.jpg,sfhq/images/part1/img000989.jpg,6,
img002305.jpg,sfhq/images/part1/img002305.jpg,6,
img004493.jpg,sfhq/images/part1/img004493.jpg,6,
img002267.jpg,sfhq/images/part1/img002267.jpg,6,
img002253.jpg,sfhq/images/part1/img002253.jpg,6,
img001740.jpg,sfhq/images/part1/img001740.jpg,6,
img003461.jpg,sfhq/images/part1/img003461.jpg,6,
img000733.jpg,sfhq/images/part1/img000733.jpg,6,
img004400.jpg,sfhq/images/part1/img004400.jpg,6,
img003033.jpg,sfhq/images/part1/img003033.jpg,6,
img000792.jpg,sfhq/images/part1/img000792.jpg,6,
img003336.jpg,sfhq/images/part1/img003336.jpg,6,
img003101.jpg,sfhq/images/part1/img003101.jpg,6,
img000904.jpg,sfhq/images/part1/img000904.jpg,6,
img000242.jpg,sfhq/images/part1/img000242.jpg,6,
img000620.jpg,sfhq/images/part1/img000620.jpg,6,
img004232.jpg,sfhq/images/part1/img004232.jpg,6,
img004005.jpg,sfhq/images/part1/img004005.jpg,6,
img002477.jpg,sfhq/images/part1/img002477.jpg,6,
img003183.jpg,sfhq/images/part1/img003183.jpg,6,
img003762.jpg,sfhq/images/part1/img003762.jpg,6,
img004427.jpg,sfhq/images/part1/img004427.jpg,6,
img001860.jpg,sfhq/images/part1/img001860.jpg,6,
img004888.jpg,sfhq/images/part1/img004888.jpg,6,
img000181.jpg,sfhq/images/part1/img000181.jpg,6,
img003157.jpg,sfhq/images/part1/img003157.jpg,6,
img002282.jpg,sfhq/images/part1/img002282.jpg,6,
img000608.jpg,sfhq/images/part1/img000608.jpg,6,
img002345.jpg,sfhq/images/part1/img002345.jpg,6,
img001235.jpg,sfhq/images/part1/img001235.jpg,6,
img001938.jpg,sfhq/images/part1/img001938.jpg,6,
img001830.jpg,sfhq/images/part1/img001830.jpg,6,
img002689.jpg,sfhq/images/part1/img002689.jpg,6,
img000053.jpg,sfhq/images/part1/img000053.jpg,6,
img003690.jpg,sfhq/images/part1/img003690.jpg,6,
img001499.jpg,sfhq/images/part1/img001499.jpg,6,
img003563.jpg,sfhq/images/part1/img003563.jpg,6,
img004649.jpg,sfhq/images/part1/img004649.jpg,6,
img001188.jpg,sfhq/images/part1/img001188.jpg,6,
img004682.jpg,sfhq/images/part1/img004682.jpg,6,
img002123.jpg,sfhq/images/part1/img002123.jpg,6,
img002062.jpg,sfhq/images/part1/img002062.jpg,6,
img002790.jpg,sfhq/images/part1/img002790.jpg,6,
img001010.jpg,sfhq/images/part1/img001010.jpg,6,
img004149.jpg,sfhq/images/part1/img004149.jpg,6,
img002497.jpg,sfhq/images/part1/img002497.jpg,6,
img004165.jpg,sfhq/images/part1/img004165.jpg,6,
img002039.jpg,sfhq/images/part1/img002039.jpg,6,
img001227.jpg,sfhq/images/part1/img001227.jpg,6,
img000829.jpg,sfhq/images/part1/img000829.jpg,6,
img001673.jpg,sfhq/images/part1/img001673.jpg,6,
img001668.jpg,sfhq/images/part1/img001668.jpg,6,
img001957.jpg,sfhq/images/part1/img001957.jpg,6,
img001141.jpg,sfhq/images/part1/img001141.jpg,6,
img002950.jpg,sfhq/images/part1/img002950.jpg,6,
img002793.jpg,sfhq/images/part1/img002793.jpg,6,
img003317.jpg,sfhq/images/part1/img003317.jpg,6,
img003474.jpg,sfhq/images/part1/img003474.jpg,6,
img003721.jpg,sfhq/images/part1/img003721.jpg,6,
img003920.jpg,sfhq/images/part1/img003920.jpg,6,
img004532.jpg,sfhq/images/part1/img004532.jpg,6,
img003876.jpg,sfhq/images/part1/img003876.jpg,6,
img003892.jpg,sfhq/images/part1/img003892.jpg,6,
img001314.jpg,sfhq/images/part1/img001314.jpg,6,
img002052.jpg,sfhq/images/part1/img002052.jpg,6,
img003208.jpg,sfhq/images/part1/img003208.jpg,6,
img003694.jpg,sfhq/images/part1/img003694.jpg,6,
img003546.jpg,sfhq/images/part1/img003546.jpg,6,
img002771.jpg,sfhq/images/part1/img002771.jpg,6,
img001250.jpg,sfhq/images/part1/img001250.jpg,6,
img004059.jpg,sfhq/images/part1/img004059.jpg,6,
img002945.jpg,sfhq/images/part1/img002945.jpg,6,
img001537.jpg,sfhq/images/part1/img001537.jpg,6,
img001674.jpg,sfhq/images/part1/img001674.jpg,6,
img000182.jpg,sfhq/images/part1/img000182.jpg,6,
img004587.jpg,sfhq/images/part1/img004587.jpg,6,
img003964.jpg,sfhq/images/part1/img003964.jpg,6,
img000392.jpg,sfhq/images/part1/img000392.jpg,6,
img004927.jpg,sfhq/images/part1/img004927.jpg,6,
img004012.jpg,sfhq/images/part1/img004012.jpg,6,
img001359.jpg,sfhq/images/part1/img001359.jpg,6,
img000841.jpg,sfhq/images/part1/img000841.jpg,6,
img001376.jpg,sfhq/images/part1/img001376.jpg,6,
img004809.jpg,sfhq/images/part1/img004809.jpg,6,
img001044.jpg,sfhq/images/part1/img001044.jpg,6,
img001390.jpg,sfhq/images/part1/img001390.jpg,6,
img004893.jpg,sfhq/images/part1/img004893.jpg,6,
img002643.jpg,sfhq/images/part1/img002643.jpg,6,
img001474.jpg,sfhq/images/part1/img001474.jpg,6,
img000293.jpg,sfhq/images/part1/img000293.jpg,6,
img004569.jpg,sfhq/images/part1/img004569.jpg,6,
img000977.jpg,sfhq/images/part1/img000977.jpg,6,
img003495.jpg,sfhq/images/part1/img003495.jpg,6,
img004820.jpg,sfhq/images/part1/img004820.jpg,6,
img002012.jpg,sfhq/images/part1/img002012.jpg,6,
img004912.jpg,sfhq/images/part1/img004912.jpg,6,
img000023.jpg,sfhq/images/part1/img000023.jpg,6,
img004087.jpg,sfhq/images/part1/img004087.jpg,6,
img003429.jpg,sfhq/images/part1/img003429.jpg,6,
img003202.jpg,sfhq/images/part1/img003202.jpg,6,
img001625.jpg,sfhq/images/part1/img001625.jpg,6,
img004462.jpg,sfhq/images/part1/img004462.jpg,6,
img001081.jpg,sfhq/images/part1/img001081.jpg,6,
img000912.jpg,sfhq/images/part1/img000912.jpg,6,
img003342.jpg,sfhq/images/part1/img003342.jpg,6,
img001187.jpg,sfhq/images/part1/img001187.jpg,6,
img004143.jpg,sfhq/images/part1/img004143.jpg,6,
img003952.jpg,sfhq/images/part1/img003952.jpg,6,
img004501.jpg,sfhq/images/part1/img004501.jpg,6,
img003829.jpg,sfhq/images/part1/img003829.jpg,6,
img002958.jpg,sfhq/images/part1/img002958.jpg,6,
img004042.jpg,sfhq/images/part1/img004042.jpg,6,
img003834.jpg,sfhq/images/part1/img003834.jpg,6,
img002581.jpg,sfhq/images/part1/img002581.jpg,6,
img004201.jpg,sfhq/images/part1/img004201.jpg,6,
img003224.jpg,sfhq/images/part1/img003224.jpg,6,
img000808.jpg,sfhq/images/part1/img000808.jpg,6,
img002207.jpg,sfhq/images/part1/img002207.jpg,6,
img003331.jpg,sfhq/images/part1/img003331.jpg,6,
img002050.jpg,sfhq/images/part1/img002050.jpg,6,
img003512.jpg,sfhq/images/part1/img003512.jpg,6,
img003301.jpg,sfhq/images/part1/img003301.jpg,6,
img003802.jpg,sfhq/images/part1/img003802.jpg,6,
img004363.jpg,sfhq/images/part1/img004363.jpg,6,
img001866.jpg,sfhq/images/part1/img001866.jpg,6,
img000529.jpg,sfhq/images/part1/img000529.jpg,6,
img004853.jpg,sfhq/images/part1/img004853.jpg,6,
img000957.jpg,sfhq/images/part1/img000957.jpg,6,
img003177.jpg,sfhq/images/part1/img003177.jpg,6,
img002312.jpg,sfhq/images/part1/img002312.jpg,6,
img001758.jpg,sfhq/images/part1/img001758.jpg,6,
img002969.jpg,sfhq/images/part1/img002969.jpg,6,
img003451.jpg,sfhq/images/part1/img003451.jpg,6,
img001988.jpg,sfhq/images/part1/img001988.jpg,6,
img003369.jpg,sfhq/images/part1/img003369.jpg,6,
img004279.jpg,sfhq/images/part1/img004279.jpg,6,
img004592.jpg,sfhq/images/part1/img004592.jpg,6,
img001336.jpg,sfhq/images/part1/img001336.jpg,6,
img004476.jpg,sfhq/images/part1/img004476.jpg,6,
img002726.jpg,sfhq/images/part1/img002726.jpg,6,
img002219.jpg,sfhq/images/part1/img002219.jpg,6,
img000339.jpg,sfhq/images/part1/img000339.jpg,6,
img000980.jpg,sfhq/images/part1/img000980.jpg,6,
img001214.jpg,sfhq/images/part1/img001214.jpg,6,
img001585.jpg,sfhq/images/part1/img001585.jpg,6,
img002369.jpg,sfhq/images/part1/img002369.jpg,6,
img002530.jpg,sfhq/images/part1/img002530.jpg,6,
img004266.jpg,sfhq/images/part1/img004266.jpg,6,
img000887.jpg,sfhq/images/part1/img000887.jpg,6,
img003633.jpg,sfhq/images/part1/img003633.jpg,6,
img000696.jpg,sfhq/images/part1/img000696.jpg,6,
img003044.jpg,sfhq/images/part1/img003044.jpg,6,
img000747.jpg,sfhq/images/part1/img000747.jpg,6,
img001922.jpg,sfhq/images/part1/img001922.jpg,6,
img003773.jpg,sfhq/images/part1/img003773.jpg,6,
img002087.jpg,sfhq/images/part1/img002087.jpg,6,
img000497.jpg,sfhq/images/part1/img000497.jpg,6,
img002744.jpg,sfhq/images/part1/img002744.jpg,6,
img003766.jpg,sfhq/images/part1/img003766.jpg,6,
img003080.jpg,sfhq/images/part1/img003080.jpg,6,
img003105.jpg,sfhq/images/part1/img003105.jpg,6,
img000042.jpg,sfhq/images/part1/img000042.jpg,6,
img001303.jpg,sfhq/images/part1/img001303.jpg,6,
img001823.jpg,sfhq/images/part1/img001823.jpg,6,
img003729.jpg,sfhq/images/part1/img003729.jpg,6,
img002348.jpg,sfhq/images/part1/img002348.jpg,6,
img003868.jpg,sfhq/images/part1/img003868.jpg,6,
img002417.jpg,sfhq/images/part1/img002417.jpg,6,
img001153.jpg,sfhq/images/part1/img001153.jpg,6,
img000700.jpg,sfhq/images/part1/img000700.jpg,6,
img001713.jpg,sfhq/images/part1/img001713.jpg,6,
img002436.jpg,sfhq/images/part1/img002436.jpg,6,
img003087.jpg,sfhq/images/part1/img003087.jpg,6,
img002079.jpg,sfhq/images/part1/img002079.jpg,6,
img001491.jpg,sfhq/images/part1/img001491.jpg,6,
img004995.jpg,sfhq/images/part1/img004995.jpg,6,
img004262.jpg,sfhq/images/part1/img004262.jpg,6,
img000796.jpg,sfhq/images/part1/img000796.jpg,6,
img004183.jpg,sfhq/images/part1/img004183.jpg,6,
img002393.jpg,sfhq/images/part1/img002393.jpg,6,
img003003.jpg,sfhq/images/part1/img003003.jpg,6,
img001882.jpg,sfhq/images/part1/img001882.jpg,6,
img001548.jpg,sfhq/images/part1/img001548.jpg,6,
img003502.jpg,sfhq/images/part1/img003502.jpg,6,
img001220.jpg,sfhq/images/part1/img001220.jpg,6,
img001977.jpg,sfhq/images/part1/img001977.jpg,6,
img001410.jpg,sfhq/images/part1/img001410.jpg,6,
img001954.jpg,sfhq/images/part1/img001954.jpg,6,
img002924.jpg,sfhq/images/part1/img002924.jpg,6,
img004859.jpg,sfhq/images/part1/img004859.jpg,6,
img004601.jpg,sfhq/images/part1/img004601.jpg,6,
img001715.jpg,sfhq/images/part1/img001715.jpg,6,
img002673.jpg,sfhq/images/part1/img002673.jpg,6,
img003332.jpg,sfhq/images/part1/img003332.jpg,6,
img003476.jpg,sfhq/images/part1/img003476.jpg,6,
img003439.jpg,sfhq/images/part1/img003439.jpg,6,
img000225.jpg,sfhq/images/part1/img000225.jpg,6,
img001652.jpg,sfhq/images/part1/img001652.jpg,6,
img002700.jpg,sfhq/images/part1/img002700.jpg,6,
img001659.jpg,sfhq/images/part1/img001659.jpg,6,
img001769.jpg,sfhq/images/part1/img001769.jpg,6,
img000092.jpg,sfhq/images/part1/img000092.jpg,6,
img004838.jpg,sfhq/images/part1/img004838.jpg,6,
img001083.jpg,sfhq/images/part1/img001083.jpg,6,
img001365.jpg,sfhq/images/part1/img001365.jpg,6,
img000802.jpg,sfhq/images/part1/img000802.jpg,6,
img000751.jpg,sfhq/images/part1/img000751.jpg,6,
img001015.jpg,sfhq/images/part1/img001015.jpg,6,
img000834.jpg,sfhq/images/part1/img000834.jpg,6,
img004598.jpg,sfhq/images/part1/img004598.jpg,6,
img004336.jpg,sfhq/images/part1/img004336.jpg,6,
img004575.jpg,sfhq/images/part1/img004575.jpg,6,
img001346.jpg,sfhq/images/part1/img001346.jpg,6,
img004597.jpg,sfhq/images/part1/img004597.jpg,6,
img000826.jpg,sfhq/images/part1/img000826.jpg,6,
img000479.jpg,sfhq/images/part1/img000479.jpg,6,
img000387.jpg,sfhq/images/part1/img000387.jpg,6,
img004907.jpg,sfhq/images/part1/img004907.jpg,6,
img003393.jpg,sfhq/images/part1/img003393.jpg,6,
img001087.jpg,sfhq/images/part1/img001087.jpg,6,
img000074.jpg,sfhq/images/part1/img000074.jpg,6,
img004961.jpg,sfhq/images/part1/img004961.jpg,6,
img000855.jpg,sfhq/images/part1/img000855.jpg,6,
img001974.jpg,sfhq/images/part1/img001974.jpg,6,
img004545.jpg,sfhq/images/part1/img004545.jpg,6,
img003707.jpg,sfhq/images/part1/img003707.jpg,6,
img002377.jpg,sfhq/images/part1/img002377.jpg,6,
img000732.jpg,sfhq/images/part1/img000732.jpg,6,
img002469.jpg,sfhq/images/part1/img002469.jpg,6,
img000906.jpg,sfhq/images/part1/img000906.jpg,6,
img003265.jpg,sfhq/images/part1/img003265.jpg,6,
img002667.jpg,sfhq/images/part1/img002667.jpg,6,
img002344.jpg,sfhq/images/part1/img002344.jpg,6,
img004137.jpg,sfhq/images/part1/img004137.jpg,6,
img004827.jpg,sfhq/images/part1/img004827.jpg,6,
img000096.jpg,sfhq/images/part1/img000096.jpg,6,
img002538.jpg,sfhq/images/part1/img002538.jpg,6,
img004915.jpg,sfhq/images/part1/img004915.jpg,6,
img001386.jpg,sfhq/images/part1/img001386.jpg,6,
img001370.jpg,sfhq/images/part1/img001370.jpg,6,
img004869.jpg,sfhq/images/part1/img004869.jpg,6,
img003764.jpg,sfhq/images/part1/img003764.jpg,6,
img003284.jpg,sfhq/images/part1/img003284.jpg,6,
img002946.jpg,sfhq/images/part1/img002946.jpg,6,
img004622.jpg,sfhq/images/part1/img004622.jpg,6,
img001405.jpg,sfhq/images/part1/img001405.jpg,6,
img002161.jpg,sfhq/images/part1/img002161.jpg,6,
img002310.jpg,sfhq/images/part1/img002310.jpg,6,
img000983.jpg,sfhq/images/part1/img000983.jpg,6,
img001644.jpg,sfhq/images/part1/img001644.jpg,6,
img001450.jpg,sfhq/images/part1/img001450.jpg,6,
img004760.jpg,sfhq/images/part1/img004760.jpg,6,
img003008.jpg,sfhq/images/part1/img003008.jpg,6,
img002300.jpg,sfhq/images/part1/img002300.jpg,6,
img002235.jpg,sfhq/images/part1/img002235.jpg,6,
img000229.jpg,sfhq/images/part1/img000229.jpg,6,
img003856.jpg,sfhq/images/part1/img003856.jpg,6,
img002149.jpg,sfhq/images/part1/img002149.jpg,6,
img002982.jpg,sfhq/images/part1/img002982.jpg,6,
img002492.jpg,sfhq/images/part1/img002492.jpg,6,
img003054.jpg,sfhq/images/part1/img003054.jpg,6,
img003050.jpg,sfhq/images/part1/img003050.jpg,6,
img002702.jpg,sfhq/images/part1/img002702.jpg,6,
img002211.jpg,sfhq/images/part1/img002211.jpg,6,
img000511.jpg,sfhq/images/part1/img000511.jpg,6,
img002046.jpg,sfhq/images/part1/img002046.jpg,6,
img003484.jpg,sfhq/images/part1/img003484.jpg,6,
img003365.jpg,sfhq/images/part1/img003365.jpg,6,
img000995.jpg,sfhq/images/part1/img000995.jpg,6,
img003416.jpg,sfhq/images/part1/img003416.jpg,6,
img001309.jpg,sfhq/images/part1/img001309.jpg,6,
img000406.jpg,sfhq/images/part1/img000406.jpg,6,
img000005.jpg,sfhq/images/part1/img000005.jpg,6,
img003954.jpg,sfhq/images/part1/img003954.jpg,6,
img001268.jpg,sfhq/images/part1/img001268.jpg,6,
img004447.jpg,sfhq/images/part1/img004447.jpg,6,
img004686.jpg,sfhq/images/part1/img004686.jpg,6,
img000030.jpg,sfhq/images/part1/img000030.jpg,6,
img004300.jpg,sfhq/images/part1/img004300.jpg,6,
img002378.jpg,sfhq/images/part1/img002378.jpg,6,
img002196.jpg,sfhq/images/part1/img002196.jpg,6,
img001749.jpg,sfhq/images/part1/img001749.jpg,6,
img004573.jpg,sfhq/images/part1/img004573.jpg,6,
img000510.jpg,sfhq/images/part1/img000510.jpg,6,
img000649.jpg,sfhq/images/part1/img000649.jpg,6,
img003167.jpg,sfhq/images/part1/img003167.jpg,6,
img001487.jpg,sfhq/images/part1/img001487.jpg,6,
img003462.jpg,sfhq/images/part1/img003462.jpg,6,
img004401.jpg,sfhq/images/part1/img004401.jpg,6,
img002576.jpg,sfhq/images/part1/img002576.jpg,6,
img002764.jpg,sfhq/images/part1/img002764.jpg,6,
img002660.jpg,sfhq/images/part1/img002660.jpg,6,
img000011.jpg,sfhq/images/part1/img000011.jpg,6,
img003055.jpg,sfhq/images/part1/img003055.jpg,6,
img001354.jpg,sfhq/images/part1/img001354.jpg,6,
img004338.jpg,sfhq/images/part1/img004338.jpg,6,
img000260.jpg,sfhq/images/part1/img000260.jpg,6,
img004821.jpg,sfhq/images/part1/img004821.jpg,6,
img001831.jpg,sfhq/images/part1/img001831.jpg,6,
img001872.jpg,sfhq/images/part1/img001872.jpg,6,
img001637.jpg,sfhq/images/part1/img001637.jpg,6,
img000707.jpg,sfhq/images/part1/img000707.jpg,6,
img001427.jpg,sfhq/images/part1/img001427.jpg,6,
img002270.jpg,sfhq/images/part1/img002270.jpg,6,
img001958.jpg,sfhq/images/part1/img001958.jpg,6,
img001509.jpg,sfhq/images/part1/img001509.jpg,6,
img003696.jpg,sfhq/images/part1/img003696.jpg,6,
img003401.jpg,sfhq/images/part1/img003401.jpg,6,
img001540.jpg,sfhq/images/part1/img001540.jpg,6,
img000794.jpg,sfhq/images/part1/img000794.jpg,6,
img000104.jpg,sfhq/images/part1/img000104.jpg,6,
img002948.jpg,sfhq/images/part1/img002948.jpg,6,
img001714.jpg,sfhq/images/part1/img001714.jpg,6,
img000666.jpg,sfhq/images/part1/img000666.jpg,6,
img003181.jpg,sfhq/images/part1/img003181.jpg,6,
img000364.jpg,sfhq/images/part1/img000364.jpg,6,
img001603.jpg,sfhq/images/part1/img001603.jpg,6,
img004205.jpg,sfhq/images/part1/img004205.jpg,6,
img001698.jpg,sfhq/images/part1/img001698.jpg,6,
img003455.jpg,sfhq/images/part1/img003455.jpg,6,
img003720.jpg,sfhq/images/part1/img003720.jpg,6,
img002216.jpg,sfhq/images/part1/img002216.jpg,6,
img001275.jpg,sfhq/images/part1/img001275.jpg,6,
img004519.jpg,sfhq/images/part1/img004519.jpg,6,
img004661.jpg,sfhq/images/part1/img004661.jpg,6,
img003905.jpg,sfhq/images/part1/img003905.jpg,6,
img004936.jpg,sfhq/images/part1/img004936.jpg,6,
img002848.jpg,sfhq/images/part1/img002848.jpg,6,
img000158.jpg,sfhq/images/part1/img000158.jpg,6,
img002533.jpg,sfhq/images/part1/img002533.jpg,6,
img004816.jpg,sfhq/images/part1/img004816.jpg,6,
img000357.jpg,sfhq/images/part1/img000357.jpg,6,
img004696.jpg,sfhq/images/part1/img004696.jpg,6,
img001068.jpg,sfhq/images/part1/img001068.jpg,6,
img001479.jpg,sfhq/images/part1/img001479.jpg,6,
img002127.jpg,sfhq/images/part1/img002127.jpg,6,
img000921.jpg,sfhq/images/part1/img000921.jpg,6,
img004224.jpg,sfhq/images/part1/img004224.jpg,6,
img001966.jpg,sfhq/images/part1/img001966.jpg,6,
img004019.jpg,sfhq/images/part1/img004019.jpg,6,
img001022.jpg,sfhq/images/part1/img001022.jpg,6,
img002005.jpg,sfhq/images/part1/img002005.jpg,6,
img002045.jpg,sfhq/images/part1/img002045.jpg,6,
img003944.jpg,sfhq/images/part1/img003944.jpg,6,
img002390.jpg,sfhq/images/part1/img002390.jpg,6,
img002745.jpg,sfhq/images/part1/img002745.jpg,6,
img003430.jpg,sfhq/images/part1/img003430.jpg,6,
img004678.jpg,sfhq/images/part1/img004678.jpg,6,
img004160.jpg,sfhq/images/part1/img004160.jpg,6,
img004855.jpg,sfhq/images/part1/img004855.jpg,6,
img000101.jpg,sfhq/images/part1/img000101.jpg,6,
img000155.jpg,sfhq/images/part1/img000155.jpg,6,
img004600.jpg,sfhq/images/part1/img004600.jpg,6,
img002886.jpg,sfhq/images/part1/img002886.jpg,6,
img003988.jpg,sfhq/images/part1/img003988.jpg,6,
img002168.jpg,sfhq/images/part1/img002168.jpg,6,
img002068.jpg,sfhq/images/part1/img002068.jpg,6,
img001074.jpg,sfhq/images/part1/img001074.jpg,6,
img001340.jpg,sfhq/images/part1/img001340.jpg,6,
img002327.jpg,sfhq/images/part1/img002327.jpg,6,
img004246.jpg,sfhq/images/part1/img004246.jpg,6,
img002118.jpg,sfhq/images/part1/img002118.jpg,6,
img001037.jpg,sfhq/images/part1/img001037.jpg,6,
img004779.jpg,sfhq/images/part1/img004779.jpg,6,
img001759.jpg,sfhq/images/part1/img001759.jpg,6,
img001260.jpg,sfhq/images/part1/img001260.jpg,6,
img001030.jpg,sfhq/images/part1/img001030.jpg,6,
img004659.jpg,sfhq/images/part1/img004659.jpg,6,
img004141.jpg,sfhq/images/part1/img004141.jpg,6,
img003544.jpg,sfhq/images/part1/img003544.jpg,6,
img000372.jpg,sfhq/images/part1/img000372.jpg,6,
img002624.jpg,sfhq/images/part1/img002624.jpg,6,
img001594.jpg,sfhq/images/part1/img001594.jpg,6,
img003067.jpg,sfhq/images/part1/img003067.jpg,6,
img001736.jpg,sfhq/images/part1/img001736.jpg,6,
img001566.jpg,sfhq/images/part1/img001566.jpg,6,
img001371.jpg,sfhq/images/part1/img001371.jpg,6,
img003237.jpg,sfhq/images/part1/img003237.jpg,6,
img004930.jpg,sfhq/images/part1/img004930.jpg,6,
img002605.jpg,sfhq/images/part1/img002605.jpg,6,
img004612.jpg,sfhq/images/part1/img004612.jpg,6,
img000205.jpg,sfhq/images/part1/img000205.jpg,6,
img000407.jpg,sfhq/images/part1/img000407.jpg,6,
img000501.jpg,sfhq/images/part1/img000501.jpg,6,
img002289.jpg,sfhq/images/part1/img002289.jpg,6,
img003601.jpg,sfhq/images/part1/img003601.jpg,6,
img001326.jpg,sfhq/images/part1/img001326.jpg,6,
img000966.jpg,sfhq/images/part1/img000966.jpg,6,
img002911.jpg,sfhq/images/part1/img002911.jpg,6,
img001011.jpg,sfhq/images/part1/img001011.jpg,6,
img003597.jpg,sfhq/images/part1/img003597.jpg,6,
img004677.jpg,sfhq/images/part1/img004677.jpg,6,
img003780.jpg,sfhq/images/part1/img003780.jpg,6,
img003638.jpg,sfhq/images/part1/img003638.jpg,6,
img002021.jpg,sfhq/images/part1/img002021.jpg,6,
img004270.jpg,sfhq/images/part1/img004270.jpg,6,
img002193.jpg,sfhq/images/part1/img002193.jpg,6,
img003029.jpg,sfhq/images/part1/img003029.jpg,6,
img002531.jpg,sfhq/images/part1/img002531.jpg,6,
img003302.jpg,sfhq/images/part1/img003302.jpg,6,
img001004.jpg,sfhq/images/part1/img001004.jpg,6,
img002974.jpg,sfhq/images/part1/img002974.jpg,6,
img002178.jpg,sfhq/images/part1/img002178.jpg,6,
img003904.jpg,sfhq/images/part1/img003904.jpg,6,
img002280.jpg,sfhq/images/part1/img002280.jpg,6,
img004394.jpg,sfhq/images/part1/img004394.jpg,6,
img000170.jpg,sfhq/images/part1/img000170.jpg,6,
img003936.jpg,sfhq/images/part1/img003936.jpg,6,
img004356.jpg,sfhq/images/part1/img004356.jpg,6,
img004245.jpg,sfhq/images/part1/img004245.jpg,6,
img004409.jpg,sfhq/images/part1/img004409.jpg,6,
img000668.jpg,sfhq/images/part1/img000668.jpg,6,
img004689.jpg,sfhq/images/part1/img004689.jpg,6,
img004764.jpg,sfhq/images/part1/img004764.jpg,6,
img002862.jpg,sfhq/images/part1/img002862.jpg,6,
img000691.jpg,sfhq/images/part1/img000691.jpg,6,
img004112.jpg,sfhq/images/part1/img004112.jpg,6,
img002239.jpg,sfhq/images/part1/img002239.jpg,6,
img004429.jpg,sfhq/images/part1/img004429.jpg,6,
img004564.jpg,sfhq/images/part1/img004564.jpg,6,
img003907.jpg,sfhq/images/part1/img003907.jpg,6,
img000007.jpg,sfhq/images/part1/img000007.jpg,6,
img004846.jpg,sfhq/images/part1/img004846.jpg,6,
img002815.jpg,sfhq/images/part1/img002815.jpg,6,
img003590.jpg,sfhq/images/part1/img003590.jpg,6,
img001317.jpg,sfhq/images/part1/img001317.jpg,6,
img003849.jpg,sfhq/images/part1/img003849.jpg,6,
img004977.jpg,sfhq/images/part1/img004977.jpg,6,
img000837.jpg,sfhq/images/part1/img000837.jpg,6,
img003667.jpg,sfhq/images/part1/img003667.jpg,6,
img001719.jpg,sfhq/images/part1/img001719.jpg,6,
img000152.jpg,sfhq/images/part1/img000152.jpg,6,
img000716.jpg,sfhq/images/part1/img000716.jpg,6,
img003069.jpg,sfhq/images/part1/img003069.jpg,6,
img001152.jpg,sfhq/images/part1/img001152.jpg,6,
img001079.jpg,sfhq/images/part1/img001079.jpg,6,
img002159.jpg,sfhq/images/part1/img002159.jpg,6,
img000643.jpg,sfhq/images/part1/img000643.jpg,6,
img001249.jpg,sfhq/images/part1/img001249.jpg,6,
img000134.jpg,sfhq/images/part1/img000134.jpg,6,
img003048.jpg,sfhq/images/part1/img003048.jpg,6,
img000026.jpg,sfhq/images/part1/img000026.jpg,6,
img001439.jpg,sfhq/images/part1/img001439.jpg,6,
img000268.jpg,sfhq/images/part1/img000268.jpg,6,
img002578.jpg,sfhq/images/part1/img002578.jpg,6,
img002817.jpg,sfhq/images/part1/img002817.jpg,6,
img000660.jpg,sfhq/images/part1/img000660.jpg,6,
img002600.jpg,sfhq/images/part1/img002600.jpg,6,
img002894.jpg,sfhq/images/part1/img002894.jpg,6,
img004309.jpg,sfhq/images/part1/img004309.jpg,6,
img000021.jpg,sfhq/images/part1/img000021.jpg,6,
img001003.jpg,sfhq/images/part1/img001003.jpg,6,
img001933.jpg,sfhq/images/part1/img001933.jpg,6,
img000263.jpg,sfhq/images/part1/img000263.jpg,6,
img004797.jpg,sfhq/images/part1/img004797.jpg,6,
img001489.jpg,sfhq/images/part1/img001489.jpg,6,
img003702.jpg,sfhq/images/part1/img003702.jpg,6,
img002055.jpg,sfhq/images/part1/img002055.jpg,6,
img003611.jpg,sfhq/images/part1/img003611.jpg,6,
img000699.jpg,sfhq/images/part1/img000699.jpg,6,
img001034.jpg,sfhq/images/part1/img001034.jpg,6,
img002653.jpg,sfhq/images/part1/img002653.jpg,6,
img004921.jpg,sfhq/images/part1/img004921.jpg,6,
img001291.jpg,sfhq/images/part1/img001291.jpg,6,
img003235.jpg,sfhq/images/part1/img003235.jpg,6,
img000480.jpg,sfhq/images/part1/img000480.jpg,6,
img004578.jpg,sfhq/images/part1/img004578.jpg,6,
img004749.jpg,sfhq/images/part1/img004749.jpg,6,
img002259.jpg,sfhq/images/part1/img002259.jpg,6,
img001682.jpg,sfhq/images/part1/img001682.jpg,6,
img003695.jpg,sfhq/images/part1/img003695.jpg,6,
img002032.jpg,sfhq/images/part1/img002032.jpg,6,
img000762.jpg,sfhq/images/part1/img000762.jpg,6,
img003786.jpg,sfhq/images/part1/img003786.jpg,6,
img003739.jpg,sfhq/images/part1/img003739.jpg,6,
img001768.jpg,sfhq/images/part1/img001768.jpg,6,
img001256.jpg,sfhq/images/part1/img001256.jpg,6,
img004490.jpg,sfhq/images/part1/img004490.jpg,6,
img000058.jpg,sfhq/images/part1/img000058.jpg,6,
img002755.jpg,sfhq/images/part1/img002755.jpg,6,
img001067.jpg,sfhq/images/part1/img001067.jpg,6,
img002791.jpg,sfhq/images/part1/img002791.jpg,6,
img002979.jpg,sfhq/images/part1/img002979.jpg,6,
img004908.jpg,sfhq/images/part1/img004908.jpg,6,
img004396.jpg,sfhq/images/part1/img004396.jpg,6,
img004957.jpg,sfhq/images/part1/img004957.jpg,6,
img003965.jpg,sfhq/images/part1/img003965.jpg,6,
img004028.jpg,sfhq/images/part1/img004028.jpg,6,
img004856.jpg,sfhq/images/part1/img004856.jpg,6,
img004370.jpg,sfhq/images/part1/img004370.jpg,6,
img000561.jpg,sfhq/images/part1/img000561.jpg,6,
img000180.jpg,sfhq/images/part1/img000180.jpg,6,
img000970.jpg,sfhq/images/part1/img000970.jpg,6,
img000355.jpg,sfhq/images/part1/img000355.jpg,6,
img000156.jpg,sfhq/images/part1/img000156.jpg,6,
img004577.jpg,sfhq/images/part1/img004577.jpg,6,
img000930.jpg,sfhq/images/part1/img000930.jpg,6,
img000879.jpg,sfhq/images/part1/img000879.jpg,6,
img001458.jpg,sfhq/images/part1/img001458.jpg,6,
img001221.jpg,sfhq/images/part1/img001221.jpg,6,
img002086.jpg,sfhq/images/part1/img002086.jpg,6,
img000301.jpg,sfhq/images/part1/img000301.jpg,6,
img003824.jpg,sfhq/images/part1/img003824.jpg,6,
img003761.jpg,sfhq/images/part1/img003761.jpg,6,
img004111.jpg,sfhq/images/part1/img004111.jpg,6,
img001200.jpg,sfhq/images/part1/img001200.jpg,6,
img000731.jpg,sfhq/images/part1/img000731.jpg,6,
img004097.jpg,sfhq/images/part1/img004097.jpg,6,
img001197.jpg,sfhq/images/part1/img001197.jpg,6,
img004027.jpg,sfhq/images/part1/img004027.jpg,6,
img004808.jpg,sfhq/images/part1/img004808.jpg,6,
img003652.jpg,sfhq/images/part1/img003652.jpg,6,
img003888.jpg,sfhq/images/part1/img003888.jpg,6,
img003223.jpg,sfhq/images/part1/img003223.jpg,6,
img000065.jpg,sfhq/images/part1/img000065.jpg,6,
img001639.jpg,sfhq/images/part1/img001639.jpg,6,
img004305.jpg,sfhq/images/part1/img004305.jpg,6,
img004313.jpg,sfhq/images/part1/img004313.jpg,6,
img004735.jpg,sfhq/images/part1/img004735.jpg,6,
img003769.jpg,sfhq/images/part1/img003769.jpg,6,
img004208.jpg,sfhq/images/part1/img004208.jpg,6,
img004839.jpg,sfhq/images/part1/img004839.jpg,6,
img002166.jpg,sfhq/images/part1/img002166.jpg,6,
img002364.jpg,sfhq/images/part1/img002364.jpg,6,
img001315.jpg,sfhq/images/part1/img001315.jpg,6,
img000438.jpg,sfhq/images/part1/img000438.jpg,6,
img001514.jpg,sfhq/images/part1/img001514.jpg,6,
img001994.jpg,sfhq/images/part1/img001994.jpg,6,
img003858.jpg,sfhq/images/part1/img003858.jpg,6,
img002583.jpg,sfhq/images/part1/img002583.jpg,6,
img000343.jpg,sfhq/images/part1/img000343.jpg,6,
img003614.jpg,sfhq/images/part1/img003614.jpg,6,
img003869.jpg,sfhq/images/part1/img003869.jpg,6,
img000187.jpg,sfhq/images/part1/img000187.jpg,6,
img002762.jpg,sfhq/images/part1/img002762.jpg,6,
img002174.jpg,sfhq/images/part1/img002174.jpg,6,
img000585.jpg,sfhq/images/part1/img000585.jpg,6,
img001057.jpg,sfhq/images/part1/img001057.jpg,6,
img003821.jpg,sfhq/images/part1/img003821.jpg,6,
img000508.jpg,sfhq/images/part1/img000508.jpg,6,
img000505.jpg,sfhq/images/part1/img000505.jpg,6,
img001140.jpg,sfhq/images/part1/img001140.jpg,6,
img000341.jpg,sfhq/images/part1/img000341.jpg,6,
img000920.jpg,sfhq/images/part1/img000920.jpg,6,
img002317.jpg,sfhq/images/part1/img002317.jpg,6,
img002175.jpg,sfhq/images/part1/img002175.jpg,6,
img004738.jpg,sfhq/images/part1/img004738.jpg,6,
img000504.jpg,sfhq/images/part1/img000504.jpg,6,
img004150.jpg,sfhq/images/part1/img004150.jpg,6,
img001782.jpg,sfhq/images/part1/img001782.jpg,6,
img000593.jpg,sfhq/images/part1/img000593.jpg,6,
img002858.jpg,sfhq/images/part1/img002858.jpg,6,
img003861.jpg,sfhq/images/part1/img003861.jpg,6,
img002636.jpg,sfhq/images/part1/img002636.jpg,6,
img001318.jpg,sfhq/images/part1/img001318.jpg,6,
img002931.jpg,sfhq/images/part1/img002931.jpg,6,
img004079.jpg,sfhq/images/part1/img004079.jpg,6,
img001091.jpg,sfhq/images/part1/img001091.jpg,6,
img001555.jpg,sfhq/images/part1/img001555.jpg,6,
img003388.jpg,sfhq/images/part1/img003388.jpg,6,
img002076.jpg,sfhq/images/part1/img002076.jpg,6,
img000290.jpg,sfhq/images/part1/img000290.jpg,6,
img004800.jpg,sfhq/images/part1/img004800.jpg,6,
img001881.jpg,sfhq/images/part1/img001881.jpg,6,
img001296.jpg,sfhq/images/part1/img001296.jpg,6,
img001176.jpg,sfhq/images/part1/img001176.jpg,6,
img000550.jpg,sfhq/images/part1/img000550.jpg,6,
img002674.jpg,sfhq/images/part1/img002674.jpg,6,
img004530.jpg,sfhq/images/part1/img004530.jpg,6,
img000061.jpg,sfhq/images/part1/img000061.jpg,6,
img002868.jpg,sfhq/images/part1/img002868.jpg,6,
img002273.jpg,sfhq/images/part1/img002273.jpg,6,
img001486.jpg,sfhq/images/part1/img001486.jpg,6,
img002465.jpg,sfhq/images/part1/img002465.jpg,6,
img001792.jpg,sfhq/images/part1/img001792.jpg,6,
img003938.jpg,sfhq/images/part1/img003938.jpg,6,
img000627.jpg,sfhq/images/part1/img000627.jpg,6,
img003437.jpg,sfhq/images/part1/img003437.jpg,6,
img002306.jpg,sfhq/images/part1/img002306.jpg,6,
img000729.jpg,sfhq/images/part1/img000729.jpg,6,
img003411.jpg,sfhq/images/part1/img003411.jpg,6,
img003840.jpg,sfhq/images/part1/img003840.jpg,6,
img000165.jpg,sfhq/images/part1/img000165.jpg,6,
img001279.jpg,sfhq/images/part1/img001279.jpg,6,
img003375.jpg,sfhq/images/part1/img003375.jpg,6,
img002804.jpg,sfhq/images/part1/img002804.jpg,6,
img004987.jpg,sfhq/images/part1/img004987.jpg,6,
img004299.jpg,sfhq/images/part1/img004299.jpg,6,
img003759.jpg,sfhq/images/part1/img003759.jpg,6,
img000024.jpg,sfhq/images/part1/img000024.jpg,6,
img004503.jpg,sfhq/images/part1/img004503.jpg,6,
img003620.jpg,sfhq/images/part1/img003620.jpg,6,
img001700.jpg,sfhq/images/part1/img001700.jpg,6,
img000302.jpg,sfhq/images/part1/img000302.jpg,6,
img004231.jpg,sfhq/images/part1/img004231.jpg,6,
img004844.jpg,sfhq/images/part1/img004844.jpg,6,
img000772.jpg,sfhq/images/part1/img000772.jpg,6,
img000718.jpg,sfhq/images/part1/img000718.jpg,6,
img003092.jpg,sfhq/images/part1/img003092.jpg,6,
img000256.jpg,sfhq/images/part1/img000256.jpg,6,
img004276.jpg,sfhq/images/part1/img004276.jpg,6,
img001891.jpg,sfhq/images/part1/img001891.jpg,6,
img004632.jpg,sfhq/images/part1/img004632.jpg,6,
img004660.jpg,sfhq/images/part1/img004660.jpg,6,
img004683.jpg,sfhq/images/part1/img004683.jpg,6,
img001031.jpg,sfhq/images/part1/img001031.jpg,6,
img003835.jpg,sfhq/images/part1/img003835.jpg,6,
img000064.jpg,sfhq/images/part1/img000064.jpg,6,
img001283.jpg,sfhq/images/part1/img001283.jpg,6,
img003111.jpg,sfhq/images/part1/img003111.jpg,6,
img002683.jpg,sfhq/images/part1/img002683.jpg,6,
img003556.jpg,sfhq/images/part1/img003556.jpg,6,
img001129.jpg,sfhq/images/part1/img001129.jpg,6,
img002640.jpg,sfhq/images/part1/img002640.jpg,6,
img000405.jpg,sfhq/images/part1/img000405.jpg,6,
img000632.jpg,sfhq/images/part1/img000632.jpg,6,
img003584.jpg,sfhq/images/part1/img003584.jpg,6,
img002818.jpg,sfhq/images/part1/img002818.jpg,6,
img001853.jpg,sfhq/images/part1/img001853.jpg,6,
img001913.jpg,sfhq/images/part1/img001913.jpg,6,
img001086.jpg,sfhq/images/part1/img001086.jpg,6,
img003976.jpg,sfhq/images/part1/img003976.jpg,6,
img003187.jpg,sfhq/images/part1/img003187.jpg,6,
img002200.jpg,sfhq/images/part1/img002200.jpg,6,
img003279.jpg,sfhq/images/part1/img003279.jpg,6,
img002384.jpg,sfhq/images/part1/img002384.jpg,6,
img002916.jpg,sfhq/images/part1/img002916.jpg,6,
img000041.jpg,sfhq/images/part1/img000041.jpg,6,
img003714.jpg,sfhq/images/part1/img003714.jpg,6,
img000507.jpg,sfhq/images/part1/img000507.jpg,6,
img000814.jpg,sfhq/images/part1/img000814.jpg,6,
img002596.jpg,sfhq/images/part1/img002596.jpg,6,
img004341.jpg,sfhq/images/part1/img004341.jpg,6,
img001065.jpg,sfhq/images/part1/img001065.jpg,6,
img003949.jpg,sfhq/images/part1/img003949.jpg,6,
img001288.jpg,sfhq/images/part1/img001288.jpg,6,
img002715.jpg,sfhq/images/part1/img002715.jpg,6,
img003725.jpg,sfhq/images/part1/img003725.jpg,6,
img004798.jpg,sfhq/images/part1/img004798.jpg,6,
img002132.jpg,sfhq/images/part1/img002132.jpg,6,
img001520.jpg,sfhq/images/part1/img001520.jpg,6,
img003743.jpg,sfhq/images/part1/img003743.jpg,6,
img004180.jpg,sfhq/images/part1/img004180.jpg,6,
img001054.jpg,sfhq/images/part1/img001054.jpg,6,
img003648.jpg,sfhq/images/part1/img003648.jpg,6,
img002049.jpg,sfhq/images/part1/img002049.jpg,6,
img003871.jpg,sfhq/images/part1/img003871.jpg,6,
img000783.jpg,sfhq/images/part1/img000783.jpg,6,
img002278.jpg,sfhq/images/part1/img002278.jpg,6,
img002287.jpg,sfhq/images/part1/img002287.jpg,6,
img004769.jpg,sfhq/images/part1/img004769.jpg,6,
img004312.jpg,sfhq/images/part1/img004312.jpg,6,
img001330.jpg,sfhq/images/part1/img001330.jpg,6,
img001787.jpg,sfhq/images/part1/img001787.jpg,6,
img002609.jpg,sfhq/images/part1/img002609.jpg,6,
img000317.jpg,sfhq/images/part1/img000317.jpg,6,
img003838.jpg,sfhq/images/part1/img003838.jpg,6,
img000607.jpg,sfhq/images/part1/img000607.jpg,6,
img001802.jpg,sfhq/images/part1/img001802.jpg,6,
img000482.jpg,sfhq/images/part1/img000482.jpg,6,
img001373.jpg,sfhq/images/part1/img001373.jpg,6,
img004068.jpg,sfhq/images/part1/img004068.jpg,6,
img001691.jpg,sfhq/images/part1/img001691.jpg,6,
img003204.jpg,sfhq/images/part1/img003204.jpg,6,
img004260.jpg,sfhq/images/part1/img004260.jpg,6,
img002015.jpg,sfhq/images/part1/img002015.jpg,6,
img003713.jpg,sfhq/images/part1/img003713.jpg,6,
img003995.jpg,sfhq/images/part1/img003995.jpg,6,
img004001.jpg,sfhq/images/part1/img004001.jpg,6,
img000606.jpg,sfhq/images/part1/img000606.jpg,6,
img004608.jpg,sfhq/images/part1/img004608.jpg,6,
img001560.jpg,sfhq/images/part1/img001560.jpg,6,
img003269.jpg,sfhq/images/part1/img003269.jpg,6,
img003203.jpg,sfhq/images/part1/img003203.jpg,6,
img002194.jpg,sfhq/images/part1/img002194.jpg,6,
img001851.jpg,sfhq/images/part1/img001851.jpg,6,
img001961.jpg,sfhq/images/part1/img001961.jpg,6,
img003074.jpg,sfhq/images/part1/img003074.jpg,6,
img001620.jpg,sfhq/images/part1/img001620.jpg,6,
img002262.jpg,sfhq/images/part1/img002262.jpg,6,
img000589.jpg,sfhq/images/part1/img000589.jpg,6,
img001877.jpg,sfhq/images/part1/img001877.jpg,6,
img004120.jpg,sfhq/images/part1/img004120.jpg,6,
img002347.jpg,sfhq/images/part1/img002347.jpg,6,
img001767.jpg,sfhq/images/part1/img001767.jpg,6,
img004970.jpg,sfhq/images/part1/img004970.jpg,6,
img003465.jpg,sfhq/images/part1/img003465.jpg,6,
img004179.jpg,sfhq/images/part1/img004179.jpg,6,
img004784.jpg,sfhq/images/part1/img004784.jpg,6,
img004783.jpg,sfhq/images/part1/img004783.jpg,6,
img001423.jpg,sfhq/images/part1/img001423.jpg,6,
img002661.jpg,sfhq/images/part1/img002661.jpg,6,
img002590.jpg,sfhq/images/part1/img002590.jpg,6,
img002900.jpg,sfhq/images/part1/img002900.jpg,6,
img001731.jpg,sfhq/images/part1/img001731.jpg,6,
img002594.jpg,sfhq/images/part1/img002594.jpg,6,
img000981.jpg,sfhq/images/part1/img000981.jpg,6,
img003711.jpg,sfhq/images/part1/img003711.jpg,6,
img002116.jpg,sfhq/images/part1/img002116.jpg,6,
img004017.jpg,sfhq/images/part1/img004017.jpg,6,
img004382.jpg,sfhq/images/part1/img004382.jpg,6,
img004509.jpg,sfhq/images/part1/img004509.jpg,6,
img004832.jpg,sfhq/images/part1/img004832.jpg,6,
img002195.jpg,sfhq/images/part1/img002195.jpg,6,
img004781.jpg,sfhq/images/part1/img004781.jpg,6,
img004727.jpg,sfhq/images/part1/img004727.jpg,6,
img002999.jpg,sfhq/images/part1/img002999.jpg,6,
img001280.jpg,sfhq/images/part1/img001280.jpg,6,
img001686.jpg,sfhq/images/part1/img001686.jpg,6,
img003086.jpg,sfhq/images/part1/img003086.jpg,6,
img003148.jpg,sfhq/images/part1/img003148.jpg,6,
img003671.jpg,sfhq/images/part1/img003671.jpg,6,
img003828.jpg,sfhq/images/part1/img003828.jpg,6,
img002461.jpg,sfhq/images/part1/img002461.jpg,6,
img003507.jpg,sfhq/images/part1/img003507.jpg,6,
img002662.jpg,sfhq/images/part1/img002662.jpg,6,
img003641.jpg,sfhq/images/part1/img003641.jpg,6,
img002811.jpg,sfhq/images/part1/img002811.jpg,6,
img001430.jpg,sfhq/images/part1/img001430.jpg,6,
img001257.jpg,sfhq/images/part1/img001257.jpg,6,
img002290.jpg,sfhq/images/part1/img002290.jpg,6,
img000203.jpg,sfhq/images/part1/img000203.jpg,6,
img004646.jpg,sfhq/images/part1/img004646.jpg,6,
img003444.jpg,sfhq/images/part1/img003444.jpg,6,
img004690.jpg,sfhq/images/part1/img004690.jpg,6,
img004555.jpg,sfhq/images/part1/img004555.jpg,6,
img000777.jpg,sfhq/images/part1/img000777.jpg,6,
img000067.jpg,sfhq/images/part1/img000067.jpg,6,
img004136.jpg,sfhq/images/part1/img004136.jpg,6,
img001345.jpg,sfhq/images/part1/img001345.jpg,6,
img001131.jpg,sfhq/images/part1/img001131.jpg,6,
img000385.jpg,sfhq/images/part1/img000385.jpg,6,
img003330.jpg,sfhq/images/part1/img003330.jpg,6,
img004358.jpg,sfhq/images/part1/img004358.jpg,6,
img001328.jpg,sfhq/images/part1/img001328.jpg,6,
img002842.jpg,sfhq/images/part1/img002842.jpg,6,
img001098.jpg,sfhq/images/part1/img001098.jpg,6,
img000419.jpg,sfhq/images/part1/img000419.jpg,6,
img002487.jpg,sfhq/images/part1/img002487.jpg,6,
img002320.jpg,sfhq/images/part1/img002320.jpg,6,
img003454.jpg,sfhq/images/part1/img003454.jpg,6,
img001754.jpg,sfhq/images/part1/img001754.jpg,6,
img004925.jpg,sfhq/images/part1/img004925.jpg,6,
img002839.jpg,sfhq/images/part1/img002839.jpg,6,
img004891.jpg,sfhq/images/part1/img004891.jpg,6,
img001962.jpg,sfhq/images/part1/img001962.jpg,6,
img004161.jpg,sfhq/images/part1/img004161.jpg,6,
img003194.jpg,sfhq/images/part1/img003194.jpg,6,
img003323.jpg,sfhq/images/part1/img003323.jpg,6,
img001662.jpg,sfhq/images/part1/img001662.jpg,6,
img004040.jpg,sfhq/images/part1/img004040.jpg,6,
img001048.jpg,sfhq/images/part1/img001048.jpg,6,
img003275.jpg,sfhq/images/part1/img003275.jpg,6,
img004203.jpg,sfhq/images/part1/img004203.jpg,6,
img004866.jpg,sfhq/images/part1/img004866.jpg,6,
img000526.jpg,sfhq/images/part1/img000526.jpg,6,
img001905.jpg,sfhq/images/part1/img001905.jpg,6,
img001771.jpg,sfhq/images/part1/img001771.jpg,6,
img000873.jpg,sfhq/images/part1/img000873.jpg,6,
img000470.jpg,sfhq/images/part1/img000470.jpg,6,
img003024.jpg,sfhq/images/part1/img003024.jpg,6,
img002421.jpg,sfhq/images/part1/img002421.jpg,6,
img004582.jpg,sfhq/images/part1/img004582.jpg,6,
img004053.jpg,sfhq/images/part1/img004053.jpg,6,
img001655.jpg,sfhq/images/part1/img001655.jpg,6,
img001937.jpg,sfhq/images/part1/img001937.jpg,6,
img002081.jpg,sfhq/images/part1/img002081.jpg,6,
img002328.jpg,sfhq/images/part1/img002328.jpg,6,
img003260.jpg,sfhq/images/part1/img003260.jpg,6,
img001847.jpg,sfhq/images/part1/img001847.jpg,6,
img003922.jpg,sfhq/images/part1/img003922.jpg,6,
img001902.jpg,sfhq/images/part1/img001902.jpg,6,
img002915.jpg,sfhq/images/part1/img002915.jpg,6,
img004159.jpg,sfhq/images/part1/img004159.jpg,6,
img003481.jpg,sfhq/images/part1/img003481.jpg,6,
img003747.jpg,sfhq/images/part1/img003747.jpg,6,
img002243.jpg,sfhq/images/part1/img002243.jpg,6,
img001967.jpg,sfhq/images/part1/img001967.jpg,6,
img003842.jpg,sfhq/images/part1/img003842.jpg,6,
img000548.jpg,sfhq/images/part1/img000548.jpg,6,
img003238.jpg,sfhq/images/part1/img003238.jpg,6,
img001023.jpg,sfhq/images/part1/img001023.jpg,6,
img001757.jpg,sfhq/images/part1/img001757.jpg,6,
img003750.jpg,sfhq/images/part1/img003750.jpg,6,
img000291.jpg,sfhq/images/part1/img000291.jpg,6,
img003999.jpg,sfhq/images/part1/img003999.jpg,6,
img002252.jpg,sfhq/images/part1/img002252.jpg,6,
img002357.jpg,sfhq/images/part1/img002357.jpg,6,
img004560.jpg,sfhq/images/part1/img004560.jpg,6,
img003434.jpg,sfhq/images/part1/img003434.jpg,6,
img003607.jpg,sfhq/images/part1/img003607.jpg,6,
img000570.jpg,sfhq/images/part1/img000570.jpg,6,
img000859.jpg,sfhq/images/part1/img000859.jpg,6,
img002218.jpg,sfhq/images/part1/img002218.jpg,6,
img000860.jpg,sfhq/images/part1/img000860.jpg,6,
img003782.jpg,sfhq/images/part1/img003782.jpg,6,
img003753.jpg,sfhq/images/part1/img003753.jpg,6,
img001760.jpg,sfhq/images/part1/img001760.jpg,6,
img001852.jpg,sfhq/images/part1/img001852.jpg,6,
img003664.jpg,sfhq/images/part1/img003664.jpg,6,
img001950.jpg,sfhq/images/part1/img001950.jpg,6,
img004718.jpg,sfhq/images/part1/img004718.jpg,6,
img003266.jpg,sfhq/images/part1/img003266.jpg,6,
img002585.jpg,sfhq/images/part1/img002585.jpg,6,
img001859.jpg,sfhq/images/part1/img001859.jpg,6,
img003902.jpg,sfhq/images/part1/img003902.jpg,6,
img004175.jpg,sfhq/images/part1/img004175.jpg,6,
img004280.jpg,sfhq/images/part1/img004280.jpg,6,
img002996.jpg,sfhq/images/part1/img002996.jpg,6,
img003376.jpg,sfhq/images/part1/img003376.jpg,6,
img004307.jpg,sfhq/images/part1/img004307.jpg,6,
img001362.jpg,sfhq/images/part1/img001362.jpg,6,
img001822.jpg,sfhq/images/part1/img001822.jpg,6,
img001212.jpg,sfhq/images/part1/img001212.jpg,6,
img001636.jpg,sfhq/images/part1/img001636.jpg,6,
img000206.jpg,sfhq/images/part1/img000206.jpg,6,
img001184.jpg,sfhq/images/part1/img001184.jpg,6,
img002188.jpg,sfhq/images/part1/img002188.jpg,6,
img001160.jpg,sfhq/images/part1/img001160.jpg,6,
img004947.jpg,sfhq/images/part1/img004947.jpg,6,
img003813.jpg,sfhq/images/part1/img003813.jpg,6,
img004070.jpg,sfhq/images/part1/img004070.jpg,6,
img003405.jpg,sfhq/images/part1/img003405.jpg,6,
img003477.jpg,sfhq/images/part1/img003477.jpg,6,
img002910.jpg,sfhq/images/part1/img002910.jpg,6,
img003313.jpg,sfhq/images/part1/img003313.jpg,6,
img004765.jpg,sfhq/images/part1/img004765.jpg,6,
img001906.jpg,sfhq/images/part1/img001906.jpg,6,
img004776.jpg,sfhq/images/part1/img004776.jpg,6,
img002215.jpg,sfhq/images/part1/img002215.jpg,6,
img002652.jpg,sfhq/images/part1/img002652.jpg,6,
img002277.jpg,sfhq/images/part1/img002277.jpg,6,
img000653.jpg,sfhq/images/part1/img000653.jpg,6,
img003209.jpg,sfhq/images/part1/img003209.jpg,6,
img003473.jpg,sfhq/images/part1/img003473.jpg,6,
img001739.jpg,sfhq/images/part1/img001739.jpg,6,
img001494.jpg,sfhq/images/part1/img001494.jpg,6,
img001589.jpg,sfhq/images/part1/img001589.jpg,6,
img003515.jpg,sfhq/images/part1/img003515.jpg,6,
img001692.jpg,sfhq/images/part1/img001692.jpg,6,
img003728.jpg,sfhq/images/part1/img003728.jpg,6,
img001797.jpg,sfhq/images/part1/img001797.jpg,6,
img002274.jpg,sfhq/images/part1/img002274.jpg,6,
img002004.jpg,sfhq/images/part1/img002004.jpg,6,
img000900.jpg,sfhq/images/part1/img000900.jpg,6,
img003337.jpg,sfhq/images/part1/img003337.jpg,6,
img004379.jpg,sfhq/images/part1/img004379.jpg,6,
img000215.jpg,sfhq/images/part1/img000215.jpg,6,
img004533.jpg,sfhq/images/part1/img004533.jpg,6,
img001041.jpg,sfhq/images/part1/img001041.jpg,6,
img003196.jpg,sfhq/images/part1/img003196.jpg,6,
img001687.jpg,sfhq/images/part1/img001687.jpg,6,
img002169.jpg,sfhq/images/part1/img002169.jpg,6,
img003274.jpg,sfhq/images/part1/img003274.jpg,6,
img001985.jpg,sfhq/images/part1/img001985.jpg,6,
img000891.jpg,sfhq/images/part1/img000891.jpg,6,
img004181.jpg,sfhq/images/part1/img004181.jpg,6,
img004876.jpg,sfhq/images/part1/img004876.jpg,6,
img004514.jpg,sfhq/images/part1/img004514.jpg,6,
img001009.jpg,sfhq/images/part1/img001009.jpg,6,
img001732.jpg,sfhq/images/part1/img001732.jpg,6,
img003253.jpg,sfhq/images/part1/img003253.jpg,6,
img002148.jpg,sfhq/images/part1/img002148.jpg,6,
img003106.jpg,sfhq/images/part1/img003106.jpg,6,
img003079.jpg,sfhq/images/part1/img003079.jpg,6,
img001258.jpg,sfhq/images/part1/img001258.jpg,6,
img001785.jpg,sfhq/images/part1/img001785.jpg,6,
img001082.jpg,sfhq/images/part1/img001082.jpg,6,
img004759.jpg,sfhq/images/part1/img004759.jpg,6,
img000662.jpg,sfhq/images/part1/img000662.jpg,6,
img000750.jpg,sfhq/images/part1/img000750.jpg,6,
img002355.jpg,sfhq/images/part1/img002355.jpg,6,
img004374.jpg,sfhq/images/part1/img004374.jpg,6,
img001865.jpg,sfhq/images/part1/img001865.jpg,6,
img003019.jpg,sfhq/images/part1/img003019.jpg,6,
img000277.jpg,sfhq/images/part1/img000277.jpg,6,
img003007.jpg,sfhq/images/part1/img003007.jpg,6,
img001478.jpg,sfhq/images/part1/img001478.jpg,6,
img004240.jpg,sfhq/images/part1/img004240.jpg,6,
img003804.jpg,sfhq/images/part1/img003804.jpg,6,
img003103.jpg,sfhq/images/part1/img003103.jpg,6,
img002424.jpg,sfhq/images/part1/img002424.jpg,6,
img001408.jpg,sfhq/images/part1/img001408.jpg,6,
img002019.jpg,sfhq/images/part1/img002019.jpg,6,
img000857.jpg,sfhq/images/part1/img000857.jpg,6,
img001817.jpg,sfhq/images/part1/img001817.jpg,6,
img002329.jpg,sfhq/images/part1/img002329.jpg,6,
img002449.jpg,sfhq/images/part1/img002449.jpg,6,
img000378.jpg,sfhq/images/part1/img000378.jpg,6,
img004671.jpg,sfhq/images/part1/img004671.jpg,6,
img000546.jpg,sfhq/images/part1/img000546.jpg,6,
img001445.jpg,sfhq/images/part1/img001445.jpg,6,
img001470.jpg,sfhq/images/part1/img001470.jpg,6,
img002731.jpg,sfhq/images/part1/img002731.jpg,6,
img003459.jpg,sfhq/images/part1/img003459.jpg,6,
img004056.jpg,sfhq/images/part1/img004056.jpg,6,
img003015.jpg,sfhq/images/part1/img003015.jpg,6,
img001462.jpg,sfhq/images/part1/img001462.jpg,6,
img004191.jpg,sfhq/images/part1/img004191.jpg,6,
img003973.jpg,sfhq/images/part1/img003973.jpg,6,
img001006.jpg,sfhq/images/part1/img001006.jpg,6,
img000100.jpg,sfhq/images/part1/img000100.jpg,6,
img002376.jpg,sfhq/images/part1/img002376.jpg,6,
img004405.jpg,sfhq/images/part1/img004405.jpg,6,
img000552.jpg,sfhq/images/part1/img000552.jpg,6,
img003188.jpg,sfhq/images/part1/img003188.jpg,6,
img000169.jpg,sfhq/images/part1/img000169.jpg,6,
img002326.jpg,sfhq/images/part1/img002326.jpg,6,
img002172.jpg,sfhq/images/part1/img002172.jpg,6,
img001780.jpg,sfhq/images/part1/img001780.jpg,6,
img003263.jpg,sfhq/images/part1/img003263.jpg,6,
img004992.jpg,sfhq/images/part1/img004992.jpg,6,
img001084.jpg,sfhq/images/part1/img001084.jpg,6,
img001385.jpg,sfhq/images/part1/img001385.jpg,6,
img003296.jpg,sfhq/images/part1/img003296.jpg,6,
img001174.jpg,sfhq/images/part1/img001174.jpg,6,
img003338.jpg,sfhq/images/part1/img003338.jpg,6,
img000881.jpg,sfhq/images/part1/img000881.jpg,6,
img002854.jpg,sfhq/images/part1/img002854.jpg,6,
img004117.jpg,sfhq/images/part1/img004117.jpg,6,
img001419.jpg,sfhq/images/part1/img001419.jpg,6,
img002479.jpg,sfhq/images/part1/img002479.jpg,6,
img000349.jpg,sfhq/images/part1/img000349.jpg,6,
img004833.jpg,sfhq/images/part1/img004833.jpg,6,
img002675.jpg,sfhq/images/part1/img002675.jpg,6,
img002836.jpg,sfhq/images/part1/img002836.jpg,6,
img002850.jpg,sfhq/images/part1/img002850.jpg,6,
img000199.jpg,sfhq/images/part1/img000199.jpg,6,
img001522.jpg,sfhq/images/part1/img001522.jpg,6,
img000200.jpg,sfhq/images/part1/img000200.jpg,6,
img001307.jpg,sfhq/images/part1/img001307.jpg,6,
img003833.jpg,sfhq/images/part1/img003833.jpg,6,
img003273.jpg,sfhq/images/part1/img003273.jpg,6,
img000395.jpg,sfhq/images/part1/img000395.jpg,6,
img002423.jpg,sfhq/images/part1/img002423.jpg,6,
img004022.jpg,sfhq/images/part1/img004022.jpg,6,
img003815.jpg,sfhq/images/part1/img003815.jpg,6,
img001776.jpg,sfhq/images/part1/img001776.jpg,6,
img004952.jpg,sfhq/images/part1/img004952.jpg,6,
img001666.jpg,sfhq/images/part1/img001666.jpg,6,
img000953.jpg,sfhq/images/part1/img000953.jpg,6,
img004550.jpg,sfhq/images/part1/img004550.jpg,6,
img002684.jpg,sfhq/images/part1/img002684.jpg,6,
img000661.jpg,sfhq/images/part1/img000661.jpg,6,
img004777.jpg,sfhq/images/part1/img004777.jpg,6,
img004088.jpg,sfhq/images/part1/img004088.jpg,6,
img002092.jpg,sfhq/images/part1/img002092.jpg,6,
img001379.jpg,sfhq/images/part1/img001379.jpg,6,
img003682.jpg,sfhq/images/part1/img003682.jpg,6,
img002130.jpg,sfhq/images/part1/img002130.jpg,6,
img001582.jpg,sfhq/images/part1/img001582.jpg,6,
img000678.jpg,sfhq/images/part1/img000678.jpg,6,
img001026.jpg,sfhq/images/part1/img001026.jpg,6,
img003552.jpg,sfhq/images/part1/img003552.jpg,6,
img001236.jpg,sfhq/images/part1/img001236.jpg,6,
img001248.jpg,sfhq/images/part1/img001248.jpg,6,
img004061.jpg,sfhq/images/part1/img004061.jpg,6,
img004365.jpg,sfhq/images/part1/img004365.jpg,6,
img002820.jpg,sfhq/images/part1/img002820.jpg,6,
img000774.jpg,sfhq/images/part1/img000774.jpg,6,
img000037.jpg,sfhq/images/part1/img000037.jpg,6,
img003255.jpg,sfhq/images/part1/img003255.jpg,6,
img000801.jpg,sfhq/images/part1/img000801.jpg,6,
img002121.jpg,sfhq/images/part1/img002121.jpg,6,
img004242.jpg,sfhq/images/part1/img004242.jpg,6,
img004331.jpg,sfhq/images/part1/img004331.jpg,6,
img003340.jpg,sfhq/images/part1/img003340.jpg,6,
img002176.jpg,sfhq/images/part1/img002176.jpg,6,
img004361.jpg,sfhq/images/part1/img004361.jpg,6,
img000955.jpg,sfhq/images/part1/img000955.jpg,6,
img001369.jpg,sfhq/images/part1/img001369.jpg,6,
img000196.jpg,sfhq/images/part1/img000196.jpg,6,
img001195.jpg,sfhq/images/part1/img001195.jpg,6,
img002205.jpg,sfhq/images/part1/img002205.jpg,6,
img004133.jpg,sfhq/images/part1/img004133.jpg,6,
img003810.jpg,sfhq/images/part1/img003810.jpg,6,
img003981.jpg,sfhq/images/part1/img003981.jpg,6,
img004108.jpg,sfhq/images/part1/img004108.jpg,6,
img000624.jpg,sfhq/images/part1/img000624.jpg,6,
img003191.jpg,sfhq/images/part1/img003191.jpg,6,
img002362.jpg,sfhq/images/part1/img002362.jpg,6,
img003603.jpg,sfhq/images/part1/img003603.jpg,6,
img000760.jpg,sfhq/images/part1/img000760.jpg,6,
img002971.jpg,sfhq/images/part1/img002971.jpg,6,
img001752.jpg,sfhq/images/part1/img001752.jpg,6,
img000933.jpg,sfhq/images/part1/img000933.jpg,6,
img000822.jpg,sfhq/images/part1/img000822.jpg,6,
img004948.jpg,sfhq/images/part1/img004948.jpg,6,
img001029.jpg,sfhq/images/part1/img001029.jpg,6,
img003548.jpg,sfhq/images/part1/img003548.jpg,6,
img004906.jpg,sfhq/images/part1/img004906.jpg,6,
img000956.jpg,sfhq/images/part1/img000956.jpg,6,
img004724.jpg,sfhq/images/part1/img004724.jpg,6,
img004556.jpg,sfhq/images/part1/img004556.jpg,6,
img003617.jpg,sfhq/images/part1/img003617.jpg,6,
img001267.jpg,sfhq/images/part1/img001267.jpg,6,
img004966.jpg,sfhq/images/part1/img004966.jpg,6,
img001581.jpg,sfhq/images/part1/img001581.jpg,6,
img003064.jpg,sfhq/images/part1/img003064.jpg,6,
img004506.jpg,sfhq/images/part1/img004506.jpg,6,
img002544.jpg,sfhq/images/part1/img002544.jpg,6,
img001834.jpg,sfhq/images/part1/img001834.jpg,6,
img001654.jpg,sfhq/images/part1/img001654.jpg,6,
img001171.jpg,sfhq/images/part1/img001171.jpg,6,
img004123.jpg,sfhq/images/part1/img004123.jpg,6,
img001720.jpg,sfhq/images/part1/img001720.jpg,6,
img000264.jpg,sfhq/images/part1/img000264.jpg,6,
img003873.jpg,sfhq/images/part1/img003873.jpg,6,
img001893.jpg,sfhq/images/part1/img001893.jpg,6,
img003602.jpg,sfhq/images/part1/img003602.jpg,6,
img003006.jpg,sfhq/images/part1/img003006.jpg,6,
img000592.jpg,sfhq/images/part1/img000592.jpg,6,
img004277.jpg,sfhq/images/part1/img004277.jpg,6,
img003751.jpg,sfhq/images/part1/img003751.jpg,6,
img002558.jpg,sfhq/images/part1/img002558.jpg,6,
img000985.jpg,sfhq/images/part1/img000985.jpg,6,
img003472.jpg,sfhq/images/part1/img003472.jpg,6,
img002637.jpg,sfhq/images/part1/img002637.jpg,6,
img003987.jpg,sfhq/images/part1/img003987.jpg,6,
img002522.jpg,sfhq/images/part1/img002522.jpg,6,
img000111.jpg,sfhq/images/part1/img000111.jpg,6,
img002960.jpg,sfhq/images/part1/img002960.jpg,6,
img003991.jpg,sfhq/images/part1/img003991.jpg,6,
img001278.jpg,sfhq/images/part1/img001278.jpg,6,
img004743.jpg,sfhq/images/part1/img004743.jpg,6,
img004623.jpg,sfhq/images/part1/img004623.jpg,6,
img004521.jpg,sfhq/images/part1/img004521.jpg,6,
img003246.jpg,sfhq/images/part1/img003246.jpg,6,
img003070.jpg,sfhq/images/part1/img003070.jpg,6,
img002426.jpg,sfhq/images/part1/img002426.jpg,6,
img001272.jpg,sfhq/images/part1/img001272.jpg,6,
img001436.jpg,sfhq/images/part1/img001436.jpg,6,
img001568.jpg,sfhq/images/part1/img001568.jpg,6,
img000924.jpg,sfhq/images/part1/img000924.jpg,6,
img004116.jpg,sfhq/images/part1/img004116.jpg,6,
img001149.jpg,sfhq/images/part1/img001149.jpg,6,
img001784.jpg,sfhq/images/part1/img001784.jpg,6,
img000679.jpg,sfhq/images/part1/img000679.jpg,6,
img002692.jpg,sfhq/images/part1/img002692.jpg,6,
img002907.jpg,sfhq/images/part1/img002907.jpg,6,
img002679.jpg,sfhq/images/part1/img002679.jpg,6,
img003636.jpg,sfhq/images/part1/img003636.jpg,6,
img000415.jpg,sfhq/images/part1/img000415.jpg,6,
img004138.jpg,sfhq/images/part1/img004138.jpg,6,
img003931.jpg,sfhq/images/part1/img003931.jpg,6,
img000618.jpg,sfhq/images/part1/img000618.jpg,6,
img003351.jpg,sfhq/images/part1/img003351.jpg,6,
img000476.jpg,sfhq/images/part1/img000476.jpg,6,
img003244.jpg,sfhq/images/part1/img003244.jpg,6,
img001418.jpg,sfhq/images/part1/img001418.jpg,6,
img002528.jpg,sfhq/images/part1/img002528.jpg,6,
img001978.jpg,sfhq/images/part1/img001978.jpg,6,
img003014.jpg,sfhq/images/part1/img003014.jpg,6,
img000193.jpg,sfhq/images/part1/img000193.jpg,6,
img002827.jpg,sfhq/images/part1/img002827.jpg,6,
img001312.jpg,sfhq/images/part1/img001312.jpg,6,
img003911.jpg,sfhq/images/part1/img003911.jpg,6,
img004007.jpg,sfhq/images/part1/img004007.jpg,6,
img001224.jpg,sfhq/images/part1/img001224.jpg,6,
img003002.jpg,sfhq/images/part1/img003002.jpg,6,
img003521.jpg,sfhq/images/part1/img003521.jpg,6,
img002501.jpg,sfhq/images/part1/img002501.jpg,6,
img001903.jpg,sfhq/images/part1/img001903.jpg,6,
img003656.jpg,sfhq/images/part1/img003656.jpg,6,
img000974.jpg,sfhq/images/part1/img000974.jpg,6,
img004842.jpg,sfhq/images/part1/img004842.jpg,6,
img000340.jpg,sfhq/images/part1/img000340.jpg,6,
img004611.jpg,sfhq/images/part1/img004611.jpg,6,
img000743.jpg,sfhq/images/part1/img000743.jpg,6,
img003413.jpg,sfhq/images/part1/img003413.jpg,6,
img000939.jpg,sfhq/images/part1/img000939.jpg,6,
img003624.jpg,sfhq/images/part1/img003624.jpg,6,
img004717.jpg,sfhq/images/part1/img004717.jpg,6,
img004044.jpg,sfhq/images/part1/img004044.jpg,6,
img001724.jpg,sfhq/images/part1/img001724.jpg,6,
img000477.jpg,sfhq/images/part1/img000477.jpg,6,
img001703.jpg,sfhq/images/part1/img001703.jpg,6,
img002738.jpg,sfhq/images/part1/img002738.jpg,6,
img002192.jpg,sfhq/images/part1/img002192.jpg,6,
img001218.jpg,sfhq/images/part1/img001218.jpg,6,
img004502.jpg,sfhq/images/part1/img004502.jpg,6,
img000384.jpg,sfhq/images/part1/img000384.jpg,6,
img004086.jpg,sfhq/images/part1/img004086.jpg,6,
img004274.jpg,sfhq/images/part1/img004274.jpg,6,
img001959.jpg,sfhq/images/part1/img001959.jpg,6,
img003724.jpg,sfhq/images/part1/img003724.jpg,6,
img004241.jpg,sfhq/images/part1/img004241.jpg,6,
img000704.jpg,sfhq/images/part1/img000704.jpg,6,
img003306.jpg,sfhq/images/part1/img003306.jpg,6,
img001683.jpg,sfhq/images/part1/img001683.jpg,6,
img003968.jpg,sfhq/images/part1/img003968.jpg,6,
img000752.jpg,sfhq/images/part1/img000752.jpg,6,
img004474.jpg,sfhq/images/part1/img004474.jpg,6,
img003123.jpg,sfhq/images/part1/img003123.jpg,6,
img000978.jpg,sfhq/images/part1/img000978.jpg,6,
img001807.jpg,sfhq/images/part1/img001807.jpg,6,
img001591.jpg,sfhq/images/part1/img001591.jpg,6,
img001605.jpg,sfhq/images/part1/img001605.jpg,6,
img004852.jpg,sfhq/images/part1/img004852.jpg,6,
img000947.jpg,sfhq/images/part1/img000947.jpg,6,
img002186.jpg,sfhq/images/part1/img002186.jpg,6,
img001101.jpg,sfhq/images/part1/img001101.jpg,6,
img002308.jpg,sfhq/images/part1/img002308.jpg,6,
img000652.jpg,sfhq/images/part1/img000652.jpg,6,
img002668.jpg,sfhq/images/part1/img002668.jpg,6,
img004591.jpg,sfhq/images/part1/img004591.jpg,6,
img004225.jpg,sfhq/images/part1/img004225.jpg,6,
img003756.jpg,sfhq/images/part1/img003756.jpg,6,
img000266.jpg,sfhq/images/part1/img000266.jpg,6,
img004255.jpg,sfhq/images/part1/img004255.jpg,6,
img004083.jpg,sfhq/images/part1/img004083.jpg,6,
img004114.jpg,sfhq/images/part1/img004114.jpg,6,
img003299.jpg,sfhq/images/part1/img003299.jpg,6,
img001342.jpg,sfhq/images/part1/img001342.jpg,6,
img003814.jpg,sfhq/images/part1/img003814.jpg,6,
img003118.jpg,sfhq/images/part1/img003118.jpg,6,
img004425.jpg,sfhq/images/part1/img004425.jpg,6,
img004919.jpg,sfhq/images/part1/img004919.jpg,6,
img002208.jpg,sfhq/images/part1/img002208.jpg,6,
img002783.jpg,sfhq/images/part1/img002783.jpg,6,
img002392.jpg,sfhq/images/part1/img002392.jpg,6,
img003708.jpg,sfhq/images/part1/img003708.jpg,6,
img000327.jpg,sfhq/images/part1/img000327.jpg,6,
img001105.jpg,sfhq/images/part1/img001105.jpg,6,
img000848.jpg,sfhq/images/part1/img000848.jpg,6,
img002163.jpg,sfhq/images/part1/img002163.jpg,6,
img000640.jpg,sfhq/images/part1/img000640.jpg,6,
img004531.jpg,sfhq/images/part1/img004531.jpg,6,
img002083.jpg,sfhq/images/part1/img002083.jpg,6,
img004423.jpg,sfhq/images/part1/img004423.jpg,6,
img001779.jpg,sfhq/images/part1/img001779.jpg,6,
img004359.jpg,sfhq/images/part1/img004359.jpg,6,
img004836.jpg,sfhq/images/part1/img004836.jpg,6,
img004642.jpg,sfhq/images/part1/img004642.jpg,6,
img003872.jpg,sfhq/images/part1/img003872.jpg,6,
img002682.jpg,sfhq/images/part1/img002682.jpg,6,
img001723.jpg,sfhq/images/part1/img001723.jpg,6,
img003248.jpg,sfhq/images/part1/img003248.jpg,6,
img003771.jpg,sfhq/images/part1/img003771.jpg,6,
img001941.jpg,sfhq/images/part1/img001941.jpg,6,
img004464.jpg,sfhq/images/part1/img004464.jpg,6,
img002906.jpg,sfhq/images/part1/img002906.jpg,6,
img003578.jpg,sfhq/images/part1/img003578.jpg,6,
img002096.jpg,sfhq/images/part1/img002096.jpg,6,
img004617.jpg,sfhq/images/part1/img004617.jpg,6,
img002655.jpg,sfhq/images/part1/img002655.jpg,6,
img003149.jpg,sfhq/images/part1/img003149.jpg,6,
img003001.jpg,sfhq/images/part1/img003001.jpg,6,
img002542.jpg,sfhq/images/part1/img002542.jpg,6,
img001848.jpg,sfhq/images/part1/img001848.jpg,6,
img000130.jpg,sfhq/images/part1/img000130.jpg,6,
img004862.jpg,sfhq/images/part1/img004862.jpg,6,
img003402.jpg,sfhq/images/part1/img003402.jpg,6,
img001159.jpg,sfhq/images/part1/img001159.jpg,6,
img002981.jpg,sfhq/images/part1/img002981.jpg,6,
img001762.jpg,sfhq/images/part1/img001762.jpg,6,
img003452.jpg,sfhq/images/part1/img003452.jpg,6,
img004282.jpg,sfhq/images/part1/img004282.jpg,6,
img003961.jpg,sfhq/images/part1/img003961.jpg,6,
img004991.jpg,sfhq/images/part1/img004991.jpg,6,
img004789.jpg,sfhq/images/part1/img004789.jpg,6,
img000015.jpg,sfhq/images/part1/img000015.jpg,6,
img003609.jpg,sfhq/images/part1/img003609.jpg,6,
img004236.jpg,sfhq/images/part1/img004236.jpg,6,
img003893.jpg,sfhq/images/part1/img003893.jpg,6,
img001207.jpg,sfhq/images/part1/img001207.jpg,6,
img003354.jpg,sfhq/images/part1/img003354.jpg,6,
img000806.jpg,sfhq/images/part1/img000806.jpg,6,
img001438.jpg,sfhq/images/part1/img001438.jpg,6,
img004267.jpg,sfhq/images/part1/img004267.jpg,6,
img003295.jpg,sfhq/images/part1/img003295.jpg,6,
img004162.jpg,sfhq/images/part1/img004162.jpg,6,
img003982.jpg,sfhq/images/part1/img003982.jpg,6,
img000717.jpg,sfhq/images/part1/img000717.jpg,6,
img003577.jpg,sfhq/images/part1/img003577.jpg,6,
img003489.jpg,sfhq/images/part1/img003489.jpg,6,
img000433.jpg,sfhq/images/part1/img000433.jpg,6,
img004772.jpg,sfhq/images/part1/img004772.jpg,6,
img002506.jpg,sfhq/images/part1/img002506.jpg,6,
img002164.jpg,sfhq/images/part1/img002164.jpg,6,
img000509.jpg,sfhq/images/part1/img000509.jpg,6,
img003488.jpg,sfhq/images/part1/img003488.jpg,6,
img004057.jpg,sfhq/images/part1/img004057.jpg,6,
img002089.jpg,sfhq/images/part1/img002089.jpg,6,
img000079.jpg,sfhq/images/part1/img000079.jpg,6,
img000846.jpg,sfhq/images/part1/img000846.jpg,6,
img001285.jpg,sfhq/images/part1/img001285.jpg,6,
img000628.jpg,sfhq/images/part1/img000628.jpg,6,
img001319.jpg,sfhq/images/part1/img001319.jpg,6,
img000135.jpg,sfhq/images/part1/img000135.jpg,6,
img002551.jpg,sfhq/images/part1/img002551.jpg,6,
img002851.jpg,sfhq/images/part1/img002851.jpg,6,
img001453.jpg,sfhq/images/part1/img001453.jpg,6,
img003035.jpg,sfhq/images/part1/img003035.jpg,6,
img003746.jpg,sfhq/images/part1/img003746.jpg,6,
img001164.jpg,sfhq/images/part1/img001164.jpg,6,
img003418.jpg,sfhq/images/part1/img003418.jpg,6,
img000665.jpg,sfhq/images/part1/img000665.jpg,6,
img000143.jpg,sfhq/images/part1/img000143.jpg,6,
img004050.jpg,sfhq/images/part1/img004050.jpg,6,
img002204.jpg,sfhq/images/part1/img002204.jpg,6,
img004553.jpg,sfhq/images/part1/img004553.jpg,6,
img003182.jpg,sfhq/images/part1/img003182.jpg,6,
img000386.jpg,sfhq/images/part1/img000386.jpg,6,
img001738.jpg,sfhq/images/part1/img001738.jpg,6,
img004517.jpg,sfhq/images/part1/img004517.jpg,6,
img004986.jpg,sfhq/images/part1/img004986.jpg,6,
img001477.jpg,sfhq/images/part1/img001477.jpg,6,
img003630.jpg,sfhq/images/part1/img003630.jpg,6,
img001158.jpg,sfhq/images/part1/img001158.jpg,6,
img002959.jpg,sfhq/images/part1/img002959.jpg,6,
img001066.jpg,sfhq/images/part1/img001066.jpg,6,
img000001.jpg,sfhq/images/part1/img000001.jpg,6,
img002732.jpg,sfhq/images/part1/img002732.jpg,6,
img002445.jpg,sfhq/images/part1/img002445.jpg,6,
img004081.jpg,sfhq/images/part1/img004081.jpg,6,
img003901.jpg,sfhq/images/part1/img003901.jpg,6,
img000494.jpg,sfhq/images/part1/img000494.jpg,6,
img004589.jpg,sfhq/images/part1/img004589.jpg,6,
img000300.jpg,sfhq/images/part1/img000300.jpg,6,
img001132.jpg,sfhq/images/part1/img001132.jpg,6,
img000440.jpg,sfhq/images/part1/img000440.jpg,6,
img001468.jpg,sfhq/images/part1/img001468.jpg,6,
img001242.jpg,sfhq/images/part1/img001242.jpg,6,
img002260.jpg,sfhq/images/part1/img002260.jpg,6,
img000833.jpg,sfhq/images/part1/img000833.jpg,6,
img004871.jpg,sfhq/images/part1/img004871.jpg,6,
img003419.jpg,sfhq/images/part1/img003419.jpg,6,
img004956.jpg,sfhq/images/part1/img004956.jpg,6,
img002292.jpg,sfhq/images/part1/img002292.jpg,6,
img002420.jpg,sfhq/images/part1/img002420.jpg,6,
img003199.jpg,sfhq/images/part1/img003199.jpg,6,
img003112.jpg,sfhq/images/part1/img003112.jpg,6,
img004914.jpg,sfhq/images/part1/img004914.jpg,6,
img000281.jpg,sfhq/images/part1/img000281.jpg,6,
img002852.jpg,sfhq/images/part1/img002852.jpg,6,
img004230.jpg,sfhq/images/part1/img004230.jpg,6,
img003072.jpg,sfhq/images/part1/img003072.jpg,6,
img000115.jpg,sfhq/images/part1/img000115.jpg,6,
img003935.jpg,sfhq/images/part1/img003935.jpg,6,
img004831.jpg,sfhq/images/part1/img004831.jpg,6,
img003846.jpg,sfhq/images/part1/img003846.jpg,6,
img003862.jpg,sfhq/images/part1/img003862.jpg,6,
img002198.jpg,sfhq/images/part1/img002198.jpg,6,
img002416.jpg,sfhq/images/part1/img002416.jpg,6,
img002122.jpg,sfhq/images/part1/img002122.jpg,6,
img002142.jpg,sfhq/images/part1/img002142.jpg,6,
img004834.jpg,sfhq/images/part1/img004834.jpg,6,
img002893.jpg,sfhq/images/part1/img002893.jpg,6,
img000604.jpg,sfhq/images/part1/img000604.jpg,6,
img000786.jpg,sfhq/images/part1/img000786.jpg,6,
img002897.jpg,sfhq/images/part1/img002897.jpg,6,
img000121.jpg,sfhq/images/part1/img000121.jpg,6,
img001511.jpg,sfhq/images/part1/img001511.jpg,6,
img001343.jpg,sfhq/images/part1/img001343.jpg,6,
img002271.jpg,sfhq/images/part1/img002271.jpg,6,
img000892.jpg,sfhq/images/part1/img000892.jpg,6,
img002399.jpg,sfhq/images/part1/img002399.jpg,6,
img002484.jpg,sfhq/images/part1/img002484.jpg,6,
img000124.jpg,sfhq/images/part1/img000124.jpg,6,
img001614.jpg,sfhq/images/part1/img001614.jpg,6,
img001002.jpg,sfhq/images/part1/img001002.jpg,6,
img003971.jpg,sfhq/images/part1/img003971.jpg,6,
img000247.jpg,sfhq/images/part1/img000247.jpg,6,
img001281.jpg,sfhq/images/part1/img001281.jpg,6,
img003220.jpg,sfhq/images/part1/img003220.jpg,6,
img001150.jpg,sfhq/images/part1/img001150.jpg,6,
img003775.jpg,sfhq/images/part1/img003775.jpg,6,
img000006.jpg,sfhq/images/part1/img000006.jpg,6,
img000243.jpg,sfhq/images/part1/img000243.jpg,6,
img001163.jpg,sfhq/images/part1/img001163.jpg,6,
img001680.jpg,sfhq/images/part1/img001680.jpg,6,
img004219.jpg,sfhq/images/part1/img004219.jpg,6,
img001523.jpg,sfhq/images/part1/img001523.jpg,6,
img004411.jpg,sfhq/images/part1/img004411.jpg,6,
img000478.jpg,sfhq/images/part1/img000478.jpg,6,
img002233.jpg,sfhq/images/part1/img002233.jpg,6,
img004323.jpg,sfhq/images/part1/img004323.jpg,6,
img004404.jpg,sfhq/images/part1/img004404.jpg,6,
img004471.jpg,sfhq/images/part1/img004471.jpg,6,
img004384.jpg,sfhq/images/part1/img004384.jpg,6,
img001463.jpg,sfhq/images/part1/img001463.jpg,6,
img000986.jpg,sfhq/images/part1/img000986.jpg,6,
img003270.jpg,sfhq/images/part1/img003270.jpg,6,
img003863.jpg,sfhq/images/part1/img003863.jpg,6,
img000224.jpg,sfhq/images/part1/img000224.jpg,6,
img000338.jpg,sfhq/images/part1/img000338.jpg,6,
img003889.jpg,sfhq/images/part1/img003889.jpg,6,
img000179.jpg,sfhq/images/part1/img000179.jpg,6,
img002309.jpg,sfhq/images/part1/img002309.jpg,6,
img004998.jpg,sfhq/images/part1/img004998.jpg,6,
img003793.jpg,sfhq/images/part1/img003793.jpg,6,
img000654.jpg,sfhq/images/part1/img000654.jpg,6,
img002861.jpg,sfhq/images/part1/img002861.jpg,6,
img003553.jpg,sfhq/images/part1/img003553.jpg,6,
img000232.jpg,sfhq/images/part1/img000232.jpg,6,
img001180.jpg,sfhq/images/part1/img001180.jpg,6,
img004935.jpg,sfhq/images/part1/img004935.jpg,6,
img001641.jpg,sfhq/images/part1/img001641.jpg,6,
img002825.jpg,sfhq/images/part1/img002825.jpg,6,
img001701.jpg,sfhq/images/part1/img001701.jpg,6,
img001707.jpg,sfhq/images/part1/img001707.jpg,6,
img003966.jpg,sfhq/images/part1/img003966.jpg,6,
img003458.jpg,sfhq/images/part1/img003458.jpg,6,
img003843.jpg,sfhq/images/part1/img003843.jpg,6,
img000219.jpg,sfhq/images/part1/img000219.jpg,6,
img001564.jpg,sfhq/images/part1/img001564.jpg,6,
img004980.jpg,sfhq/images/part1/img004980.jpg,6,
img000144.jpg,sfhq/images/part1/img000144.jpg,6,
img000197.jpg,sfhq/images/part1/img000197.jpg,6,
img001203.jpg,sfhq/images/part1/img001203.jpg,6,
img000389.jpg,sfhq/images/part1/img000389.jpg,6,
img002346.jpg,sfhq/images/part1/img002346.jpg,6,
img002109.jpg,sfhq/images/part1/img002109.jpg,6,
img003303.jpg,sfhq/images/part1/img003303.jpg,6,
img001170.jpg,sfhq/images/part1/img001170.jpg,6,
img000724.jpg,sfhq/images/part1/img000724.jpg,6,
img001493.jpg,sfhq/images/part1/img001493.jpg,6,
img004997.jpg,sfhq/images/part1/img004997.jpg,6,
img003329.jpg,sfhq/images/part1/img003329.jpg,6,
img002829.jpg,sfhq/images/part1/img002829.jpg,6,
img003490.jpg,sfhq/images/part1/img003490.jpg,6,
img003915.jpg,sfhq/images/part1/img003915.jpg,6,
img004131.jpg,sfhq/images/part1/img004131.jpg,6,
img000368.jpg,sfhq/images/part1/img000368.jpg,6,
img002251.jpg,sfhq/images/part1/img002251.jpg,6,
img001107.jpg,sfhq/images/part1/img001107.jpg,6,
img003228.jpg,sfhq/images/part1/img003228.jpg,6,
img004410.jpg,sfhq/images/part1/img004410.jpg,6,
img004148.jpg,sfhq/images/part1/img004148.jpg,6,
img003526.jpg,sfhq/images/part1/img003526.jpg,6,
img002059.jpg,sfhq/images/part1/img002059.jpg,6,
img002359.jpg,sfhq/images/part1/img002359.jpg,6,
img000952.jpg,sfhq/images/part1/img000952.jpg,6,
img001921.jpg,sfhq/images/part1/img001921.jpg,6,
img000641.jpg,sfhq/images/part1/img000641.jpg,6,
img001516.jpg,sfhq/images/part1/img001516.jpg,6,
img000443.jpg,sfhq/images/part1/img000443.jpg,6,
img001033.jpg,sfhq/images/part1/img001033.jpg,6,
img002713.jpg,sfhq/images/part1/img002713.jpg,6,
img004324.jpg,sfhq/images/part1/img004324.jpg,6,
img003827.jpg,sfhq/images/part1/img003827.jpg,6,
img004719.jpg,sfhq/images/part1/img004719.jpg,6,
img001432.jpg,sfhq/images/part1/img001432.jpg,6,
img004207.jpg,sfhq/images/part1/img004207.jpg,6,
img000943.jpg,sfhq/images/part1/img000943.jpg,6,
img000602.jpg,sfhq/images/part1/img000602.jpg,6,
img004348.jpg,sfhq/images/part1/img004348.jpg,6,
img000267.jpg,sfhq/images/part1/img000267.jpg,6,
img004976.jpg,sfhq/images/part1/img004976.jpg,6,
img002275.jpg,sfhq/images/part1/img002275.jpg,6,
img002247.jpg,sfhq/images/part1/img002247.jpg,6,
img001387.jpg,sfhq/images/part1/img001387.jpg,6,
img001575.jpg,sfhq/images/part1/img001575.jpg,6,
img004235.jpg,sfhq/images/part1/img004235.jpg,6,
img003567.jpg,sfhq/images/part1/img003567.jpg,6,
img002025.jpg,sfhq/images/part1/img002025.jpg,6,
img004074.jpg,sfhq/images/part1/img004074.jpg,6,
img004327.jpg,sfhq/images/part1/img004327.jpg,6,
img002987.jpg,sfhq/images/part1/img002987.jpg,6,
img003681.jpg,sfhq/images/part1/img003681.jpg,6,
img001262.jpg,sfhq/images/part1/img001262.jpg,6,
img002042.jpg,sfhq/images/part1/img002042.jpg,6,
img001539.jpg,sfhq/images/part1/img001539.jpg,6,
img001812.jpg,sfhq/images/part1/img001812.jpg,6,
img001501.jpg,sfhq/images/part1/img001501.jpg,6,
img002478.jpg,sfhq/images/part1/img002478.jpg,6,
img000770.jpg,sfhq/images/part1/img000770.jpg,6,
img003391.jpg,sfhq/images/part1/img003391.jpg,6,
img000178.jpg,sfhq/images/part1/img000178.jpg,6,
img001616.jpg,sfhq/images/part1/img001616.jpg,6,
img000998.jpg,sfhq/images/part1/img000998.jpg,6,
img002953.jpg,sfhq/images/part1/img002953.jpg,6,
img001297.jpg,sfhq/images/part1/img001297.jpg,6,
img002756.jpg,sfhq/images/part1/img002756.jpg,6,
img000795.jpg,sfhq/images/part1/img000795.jpg,6,
img000149.jpg,sfhq/images/part1/img000149.jpg,6,
img003041.jpg,sfhq/images/part1/img003041.jpg,6,
img000398.jpg,sfhq/images/part1/img000398.jpg,6,
img001619.jpg,sfhq/images/part1/img001619.jpg,6,
img000211.jpg,sfhq/images/part1/img000211.jpg,6,
img002435.jpg,sfhq/images/part1/img002435.jpg,6,
img003226.jpg,sfhq/images/part1/img003226.jpg,6,
img003509.jpg,sfhq/images/part1/img003509.jpg,6,
img000424.jpg,sfhq/images/part1/img000424.jpg,6,
img003983.jpg,sfhq/images/part1/img003983.jpg,6,
img002394.jpg,sfhq/images/part1/img002394.jpg,6,
img000251.jpg,sfhq/images/part1/img000251.jpg,6,
img000459.jpg,sfhq/images/part1/img000459.jpg,6,
img003267.jpg,sfhq/images/part1/img003267.jpg,6,
img000142.jpg,sfhq/images/part1/img000142.jpg,6,
img000102.jpg,sfhq/images/part1/img000102.jpg,6,
img001498.jpg,sfhq/images/part1/img001498.jpg,6,
img003605.jpg,sfhq/images/part1/img003605.jpg,6,
img004900.jpg,sfhq/images/part1/img004900.jpg,6,
img003795.jpg,sfhq/images/part1/img003795.jpg,6,
img003772.jpg,sfhq/images/part1/img003772.jpg,6,
img000844.jpg,sfhq/images/part1/img000844.jpg,6,
img004943.jpg,sfhq/images/part1/img004943.jpg,6,
img002633.jpg,sfhq/images/part1/img002633.jpg,6,
img003049.jpg,sfhq/images/part1/img003049.jpg,6,
img002387.jpg,sfhq/images/part1/img002387.jpg,6,
img000279.jpg,sfhq/images/part1/img000279.jpg,6,
img004045.jpg,sfhq/images/part1/img004045.jpg,6,
img000305.jpg,sfhq/images/part1/img000305.jpg,6,
img003117.jpg,sfhq/images/part1/img003117.jpg,6,
img000160.jpg,sfhq/images/part1/img000160.jpg,6,
img003635.jpg,sfhq/images/part1/img003635.jpg,6,
img004572.jpg,sfhq/images/part1/img004572.jpg,6,
img003937.jpg,sfhq/images/part1/img003937.jpg,6,
img000645.jpg,sfhq/images/part1/img000645.jpg,6,
img000342.jpg,sfhq/images/part1/img000342.jpg,6,
img003650.jpg,sfhq/images/part1/img003650.jpg,6,
img003788.jpg,sfhq/images/part1/img003788.jpg,6,
img003349.jpg,sfhq/images/part1/img003349.jpg,6,
img004392.jpg,sfhq/images/part1/img004392.jpg,6,
img002779.jpg,sfhq/images/part1/img002779.jpg,6,
img004103.jpg,sfhq/images/part1/img004103.jpg,6,
img001116.jpg,sfhq/images/part1/img001116.jpg,6,
img004728.jpg,sfhq/images/part1/img004728.jpg,6,
img004466.jpg,sfhq/images/part1/img004466.jpg,6,
img001119.jpg,sfhq/images/part1/img001119.jpg,6,
img002304.jpg,sfhq/images/part1/img002304.jpg,6,
img002279.jpg,sfhq/images/part1/img002279.jpg,6,
img004213.jpg,sfhq/images/part1/img004213.jpg,6,
img003040.jpg,sfhq/images/part1/img003040.jpg,6,
img002459.jpg,sfhq/images/part1/img002459.jpg,6,
img001443.jpg,sfhq/images/part1/img001443.jpg,6,
img000635.jpg,sfhq/images/part1/img000635.jpg,6,
img001607.jpg,sfhq/images/part1/img001607.jpg,6,
img002604.jpg,sfhq/images/part1/img002604.jpg,6,
img001295.jpg,sfhq/images/part1/img001295.jpg,6,
img003781.jpg,sfhq/images/part1/img003781.jpg,6,
img002786.jpg,sfhq/images/part1/img002786.jpg,6,
img003051.jpg,sfhq/images/part1/img003051.jpg,6,
img004580.jpg,sfhq/images/part1/img004580.jpg,6,
img000162.jpg,sfhq/images/part1/img000162.jpg,6,
img002073.jpg,sfhq/images/part1/img002073.jpg,6,
img004850.jpg,sfhq/images/part1/img004850.jpg,6,
img004625.jpg,sfhq/images/part1/img004625.jpg,6,
img001161.jpg,sfhq/images/part1/img001161.jpg,6,
img003550.jpg,sfhq/images/part1/img003550.jpg,6,
img000172.jpg,sfhq/images/part1/img000172.jpg,6,
img004261.jpg,sfhq/images/part1/img004261.jpg,6,
img000428.jpg,sfhq/images/part1/img000428.jpg,6,
img001185.jpg,sfhq/images/part1/img001185.jpg,6,
img002734.jpg,sfhq/images/part1/img002734.jpg,6,
img001112.jpg,sfhq/images/part1/img001112.jpg,6,
img000815.jpg,sfhq/images/part1/img000815.jpg,6,
img000062.jpg,sfhq/images/part1/img000062.jpg,6,
img002628.jpg,sfhq/images/part1/img002628.jpg,6,
img004576.jpg,sfhq/images/part1/img004576.jpg,6,
img000312.jpg,sfhq/images/part1/img000312.jpg,6,
img004296.jpg,sfhq/images/part1/img004296.jpg,6,
img003120.jpg,sfhq/images/part1/img003120.jpg,6,
img001645.jpg,sfhq/images/part1/img001645.jpg,6,
img001229.jpg,sfhq/images/part1/img001229.jpg,6,
img004479.jpg,sfhq/images/part1/img004479.jpg,6,
img002234.jpg,sfhq/images/part1/img002234.jpg,6,
img003946.jpg,sfhq/images/part1/img003946.jpg,6,
img001944.jpg,sfhq/images/part1/img001944.jpg,6,
img000489.jpg,sfhq/images/part1/img000489.jpg,6,
img001287.jpg,sfhq/images/part1/img001287.jpg,6,
img003561.jpg,sfhq/images/part1/img003561.jpg,6,
img001956.jpg,sfhq/images/part1/img001956.jpg,6,
img004934.jpg,sfhq/images/part1/img004934.jpg,6,
img002834.jpg,sfhq/images/part1/img002834.jpg,6,
img002001.jpg,sfhq/images/part1/img002001.jpg,6,
img004499.jpg,sfhq/images/part1/img004499.jpg,6,
img003691.jpg,sfhq/images/part1/img003691.jpg,6,
img003908.jpg,sfhq/images/part1/img003908.jpg,6,
img002090.jpg,sfhq/images/part1/img002090.jpg,6,
img004960.jpg,sfhq/images/part1/img004960.jpg,6,
img002631.jpg,sfhq/images/part1/img002631.jpg,6,
img002888.jpg,sfhq/images/part1/img002888.jpg,6,
img002341.jpg,sfhq/images/part1/img002341.jpg,6,
img002572.jpg,sfhq/images/part1/img002572.jpg,6,
img002602.jpg,sfhq/images/part1/img002602.jpg,6,
img002286.jpg,sfhq/images/part1/img002286.jpg,6,
img004037.jpg,sfhq/images/part1/img004037.jpg,6,
img002807.jpg,sfhq/images/part1/img002807.jpg,6,
img004368.jpg,sfhq/images/part1/img004368.jpg,6,
img002407.jpg,sfhq/images/part1/img002407.jpg,6,
img003483.jpg,sfhq/images/part1/img003483.jpg,6,
img000925.jpg,sfhq/images/part1/img000925.jpg,6,
img000893.jpg,sfhq/images/part1/img000893.jpg,6,
img002743.jpg,sfhq/images/part1/img002743.jpg,6,
img004125.jpg,sfhq/images/part1/img004125.jpg,6,
img000280.jpg,sfhq/images/part1/img000280.jpg,6,
img000880.jpg,sfhq/images/part1/img000880.jpg,6,
img000404.jpg,sfhq/images/part1/img000404.jpg,6,
img002709.jpg,sfhq/images/part1/img002709.jpg,6,
img002507.jpg,sfhq/images/part1/img002507.jpg,6,
img003089.jpg,sfhq/images/part1/img003089.jpg,6,
img000032.jpg,sfhq/images/part1/img000032.jpg,6,
img000269.jpg,sfhq/images/part1/img000269.jpg,6,
img003758.jpg,sfhq/images/part1/img003758.jpg,6,
img001480.jpg,sfhq/images/part1/img001480.jpg,6,
img000811.jpg,sfhq/images/part1/img000811.jpg,6,
img001114.jpg,sfhq/images/part1/img001114.jpg,6,
img001565.jpg,sfhq/images/part1/img001565.jpg,6,
img001071.jpg,sfhq/images/part1/img001071.jpg,6,
img002511.jpg,sfhq/images/part1/img002511.jpg,6,
img000937.jpg,sfhq/images/part1/img000937.jpg,6,
img001705.jpg,sfhq/images/part1/img001705.jpg,6,
img001934.jpg,sfhq/images/part1/img001934.jpg,6,
img002928.jpg,sfhq/images/part1/img002928.jpg,6,
img004606.jpg,sfhq/images/part1/img004606.jpg,6,
img003352.jpg,sfhq/images/part1/img003352.jpg,6,
img002992.jpg,sfhq/images/part1/img002992.jpg,6,
img004065.jpg,sfhq/images/part1/img004065.jpg,6,
img000078.jpg,sfhq/images/part1/img000078.jpg,6,
img000690.jpg,sfhq/images/part1/img000690.jpg,6,
img004979.jpg,sfhq/images/part1/img004979.jpg,6,
img002405.jpg,sfhq/images/part1/img002405.jpg,6,
img003180.jpg,sfhq/images/part1/img003180.jpg,6,
img004644.jpg,sfhq/images/part1/img004644.jpg,6,
img002998.jpg,sfhq/images/part1/img002998.jpg,6,
img000303.jpg,sfhq/images/part1/img000303.jpg,6,
img003207.jpg,sfhq/images/part1/img003207.jpg,6,
img002826.jpg,sfhq/images/part1/img002826.jpg,6,
img000809.jpg,sfhq/images/part1/img000809.jpg,6,
img004806.jpg,sfhq/images/part1/img004806.jpg,6,
img004185.jpg,sfhq/images/part1/img004185.jpg,6,
img001051.jpg,sfhq/images/part1/img001051.jpg,6,
img004518.jpg,sfhq/images/part1/img004518.jpg,6,
img004154.jpg,sfhq/images/part1/img004154.jpg,6,
img003377.jpg,sfhq/images/part1/img003377.jpg,6,
img001563.jpg,sfhq/images/part1/img001563.jpg,6,
img004902.jpg,sfhq/images/part1/img004902.jpg,6,
img000321.jpg,sfhq/images/part1/img000321.jpg,6,
img001869.jpg,sfhq/images/part1/img001869.jpg,6,
img001803.jpg,sfhq/images/part1/img001803.jpg,6,
img000594.jpg,sfhq/images/part1/img000594.jpg,6,
img001018.jpg,sfhq/images/part1/img001018.jpg,6,
img000475.jpg,sfhq/images/part1/img000475.jpg,6,
img004983.jpg,sfhq/images/part1/img004983.jpg,6,
img003857.jpg,sfhq/images/part1/img003857.jpg,6,
img004221.jpg,sfhq/images/part1/img004221.jpg,6,
img000073.jpg,sfhq/images/part1/img000073.jpg,6,
img002984.jpg,sfhq/images/part1/img002984.jpg,6,
img000658.jpg,sfhq/images/part1/img000658.jpg,6,
img000353.jpg,sfhq/images/part1/img000353.jpg,6,
img002035.jpg,sfhq/images/part1/img002035.jpg,6,
img003722.jpg,sfhq/images/part1/img003722.jpg,6,
img004419.jpg,sfhq/images/part1/img004419.jpg,6,
img001482.jpg,sfhq/images/part1/img001482.jpg,6,
img004626.jpg,sfhq/images/part1/img004626.jpg,6,
img002563.jpg,sfhq/images/part1/img002563.jpg,6,
img004713.jpg,sfhq/images/part1/img004713.jpg,6,
img000222.jpg,sfhq/images/part1/img000222.jpg,6,
img002708.jpg,sfhq/images/part1/img002708.jpg,6,
img000409.jpg,sfhq/images/part1/img000409.jpg,6,
img003423.jpg,sfhq/images/part1/img003423.jpg,6,
img000847.jpg,sfhq/images/part1/img000847.jpg,6,
img004918.jpg,sfhq/images/part1/img004918.jpg,6,
img001454.jpg,sfhq/images/part1/img001454.jpg,6,
img003078.jpg,sfhq/images/part1/img003078.jpg,6,
img002516.jpg,sfhq/images/part1/img002516.jpg,6,
img002100.jpg,sfhq/images/part1/img002100.jpg,6,
img003953.jpg,sfhq/images/part1/img003953.jpg,6,
img001233.jpg,sfhq/images/part1/img001233.jpg,6,
img000051.jpg,sfhq/images/part1/img000051.jpg,6,
img004222.jpg,sfhq/images/part1/img004222.jpg,6,
img004352.jpg,sfhq/images/part1/img004352.jpg,6,
img002855.jpg,sfhq/images/part1/img002855.jpg,6,
img004988.jpg,sfhq/images/part1/img004988.jpg,6,
img001189.jpg,sfhq/images/part1/img001189.jpg,6,
img001095.jpg,sfhq/images/part1/img001095.jpg,6,
img001245.jpg,sfhq/images/part1/img001245.jpg,6,
img004672.jpg,sfhq/images/part1/img004672.jpg,6,
img002967.jpg,sfhq/images/part1/img002967.jpg,6,
img000481.jpg,sfhq/images/part1/img000481.jpg,6,
img000539.jpg,sfhq/images/part1/img000539.jpg,6,
img000793.jpg,sfhq/images/part1/img000793.jpg,6,
img004562.jpg,sfhq/images/part1/img004562.jpg,6,
img001228.jpg,sfhq/images/part1/img001228.jpg,6,
img001622.jpg,sfhq/images/part1/img001622.jpg,6,
img003996.jpg,sfhq/images/part1/img003996.jpg,6,
img003308.jpg,sfhq/images/part1/img003308.jpg,6,
img003493.jpg,sfhq/images/part1/img003493.jpg,6,
img002334.jpg,sfhq/images/part1/img002334.jpg,6,
img002529.jpg,sfhq/images/part1/img002529.jpg,6,
img003083.jpg,sfhq/images/part1/img003083.jpg,6,
img002722.jpg,sfhq/images/part1/img002722.jpg,6,
img003201.jpg,sfhq/images/part1/img003201.jpg,6,
img001507.jpg,sfhq/images/part1/img001507.jpg,6,
img003732.jpg,sfhq/images/part1/img003732.jpg,6,
img000431.jpg,sfhq/images/part1/img000431.jpg,6,
img005262.jpg,sfhq/images/part2/img005262.jpg,6,
img008771.jpg,sfhq/images/part2/img008771.jpg,6,
img009871.jpg,sfhq/images/part2/img009871.jpg,6,
img009839.jpg,sfhq/images/part2/img009839.jpg,6,
img007958.jpg,sfhq/images/part2/img007958.jpg,6,
img009757.jpg,sfhq/images/part2/img009757.jpg,6,
img007461.jpg,sfhq/images/part2/img007461.jpg,6,
img006027.jpg,sfhq/images/part2/img006027.jpg,6,
img009119.jpg,sfhq/images/part2/img009119.jpg,6,
img007495.jpg,sfhq/images/part2/img007495.jpg,6,
img009043.jpg,sfhq/images/part2/img009043.jpg,6,
img006729.jpg,sfhq/images/part2/img006729.jpg,6,
img006591.jpg,sfhq/images/part2/img006591.jpg,6,
img009485.jpg,sfhq/images/part2/img009485.jpg,6,
img008326.jpg,sfhq/images/part2/img008326.jpg,6,
img008723.jpg,sfhq/images/part2/img008723.jpg,6,
img007525.jpg,sfhq/images/part2/img007525.jpg,6,
img006568.jpg,sfhq/images/part2/img006568.jpg,6,
img007769.jpg,sfhq/images/part2/img007769.jpg,6,
img005284.jpg,sfhq/images/part2/img005284.jpg,6,
img005807.jpg,sfhq/images/part2/img005807.jpg,6,
img006001.jpg,sfhq/images/part2/img006001.jpg,6,
img008107.jpg,sfhq/images/part2/img008107.jpg,6,
img006360.jpg,sfhq/images/part2/img006360.jpg,6,
img008923.jpg,sfhq/images/part2/img008923.jpg,6,
img006545.jpg,sfhq/images/part2/img006545.jpg,6,
img005060.jpg,sfhq/images/part2/img005060.jpg,6,
img009704.jpg,sfhq/images/part2/img009704.jpg,6,
img008083.jpg,sfhq/images/part2/img008083.jpg,6,
img006528.jpg,sfhq/images/part2/img006528.jpg,6,
img007022.jpg,sfhq/images/part2/img007022.jpg,6,
img007844.jpg,sfhq/images/part2/img007844.jpg,6,
img006978.jpg,sfhq/images/part2/img006978.jpg,6,
img005087.jpg,sfhq/images/part2/img005087.jpg,6,
img009897.jpg,sfhq/images/part2/img009897.jpg,6,
img006567.jpg,sfhq/images/part2/img006567.jpg,6,
img009806.jpg,sfhq/images/part2/img009806.jpg,6,
img006017.jpg,sfhq/images/part2/img006017.jpg,6,
img009586.jpg,sfhq/images/part2/img009586.jpg,6,
img008053.jpg,sfhq/images/part2/img008053.jpg,6,
img005257.jpg,sfhq/images/part2/img005257.jpg,6,
img009981.jpg,sfhq/images/part2/img009981.jpg,6,
img007903.jpg,sfhq/images/part2/img007903.jpg,6,
img007295.jpg,sfhq/images/part2/img007295.jpg,6,
img007350.jpg,sfhq/images/part2/img007350.jpg,6,
img006068.jpg,sfhq/images/part2/img006068.jpg,6,
img009737.jpg,sfhq/images/part2/img009737.jpg,6,
img006986.jpg,sfhq/images/part2/img006986.jpg,6,
img009311.jpg,sfhq/images/part2/img009311.jpg,6,
img005555.jpg,sfhq/images/part2/img005555.jpg,6,
img008645.jpg,sfhq/images/part2/img008645.jpg,6,
img009943.jpg,sfhq/images/part2/img009943.jpg,6,
img005111.jpg,sfhq/images/part2/img005111.jpg,6,
img008811.jpg,sfhq/images/part2/img008811.jpg,6,
img006564.jpg,sfhq/images/part2/img006564.jpg,6,
img007195.jpg,sfhq/images/part2/img007195.jpg,6,
img007799.jpg,sfhq/images/part2/img007799.jpg,6,
img005502.jpg,sfhq/images/part2/img005502.jpg,6,
img009433.jpg,sfhq/images/part2/img009433.jpg,6,
img007006.jpg,sfhq/images/part2/img007006.jpg,6,
img009003.jpg,sfhq/images/part2/img009003.jpg,6,
img009609.jpg,sfhq/images/part2/img009609.jpg,6,
img006212.jpg,sfhq/images/part2/img006212.jpg,6,
img006529.jpg,sfhq/images/part2/img006529.jpg,6,
img007925.jpg,sfhq/images/part2/img007925.jpg,6,
img007443.jpg,sfhq/images/part2/img007443.jpg,6,
img009458.jpg,sfhq/images/part2/img009458.jpg,6,
img009048.jpg,sfhq/images/part2/img009048.jpg,6,
img009640.jpg,sfhq/images/part2/img009640.jpg,6,
img009881.jpg,sfhq/images/part2/img009881.jpg,6,
img006751.jpg,sfhq/images/part2/img006751.jpg,6,
img008909.jpg,sfhq/images/part2/img008909.jpg,6,
img005035.jpg,sfhq/images/part2/img005035.jpg,6,
img006779.jpg,sfhq/images/part2/img006779.jpg,6,
img006390.jpg,sfhq/images/part2/img006390.jpg,6,
img006686.jpg,sfhq/images/part2/img006686.jpg,6,
img008961.jpg,sfhq/images/part2/img008961.jpg,6,
img009099.jpg,sfhq/images/part2/img009099.jpg,6,
img007566.jpg,sfhq/images/part2/img007566.jpg,6,
img009273.jpg,sfhq/images/part2/img009273.jpg,6,
img006754.jpg,sfhq/images/part2/img006754.jpg,6,
img006616.jpg,sfhq/images/part2/img006616.jpg,6,
img009368.jpg,sfhq/images/part2/img009368.jpg,6,
img009376.jpg,sfhq/images/part2/img009376.jpg,6,
img009595.jpg,sfhq/images/part2/img009595.jpg,6,
img005084.jpg,sfhq/images/part2/img005084.jpg,6,
img008517.jpg,sfhq/images/part2/img008517.jpg,6,
img007135.jpg,sfhq/images/part2/img007135.jpg,6,
img009399.jpg,sfhq/images/part2/img009399.jpg,6,
img007719.jpg,sfhq/images/part2/img007719.jpg,6,
img008063.jpg,sfhq/images/part2/img008063.jpg,6,
img008687.jpg,sfhq/images/part2/img008687.jpg,6,
img005728.jpg,sfhq/images/part2/img005728.jpg,6,
img006349.jpg,sfhq/images/part2/img006349.jpg,6,
img006415.jpg,sfhq/images/part2/img006415.jpg,6,
img005329.jpg,sfhq/images/part2/img005329.jpg,6,
img007384.jpg,sfhq/images/part2/img007384.jpg,6,
img007044.jpg,sfhq/images/part2/img007044.jpg,6,
img006722.jpg,sfhq/images/part2/img006722.jpg,6,
img007413.jpg,sfhq/images/part2/img007413.jpg,6,
img007266.jpg,sfhq/images/part2/img007266.jpg,6,
img005554.jpg,sfhq/images/part2/img005554.jpg,6,
img006169.jpg,sfhq/images/part2/img006169.jpg,6,
img008014.jpg,sfhq/images/part2/img008014.jpg,6,
img006557.jpg,sfhq/images/part2/img006557.jpg,6,
img006856.jpg,sfhq/images/part2/img006856.jpg,6,
img008028.jpg,sfhq/images/part2/img008028.jpg,6,
img009226.jpg,sfhq/images/part2/img009226.jpg,6,
img006964.jpg,sfhq/images/part2/img006964.jpg,6,
img008658.jpg,sfhq/images/part2/img008658.jpg,6,
img005106.jpg,sfhq/images/part2/img005106.jpg,6,
img007085.jpg,sfhq/images/part2/img007085.jpg,6,
img005120.jpg,sfhq/images/part2/img005120.jpg,6,
img009149.jpg,sfhq/images/part2/img009149.jpg,6,
img005813.jpg,sfhq/images/part2/img005813.jpg,6,
img005135.jpg,sfhq/images/part2/img005135.jpg,6,
img006803.jpg,sfhq/images/part2/img006803.jpg,6,
img009501.jpg,sfhq/images/part2/img009501.jpg,6,
img008698.jpg,sfhq/images/part2/img008698.jpg,6,
img006137.jpg,sfhq/images/part2/img006137.jpg,6,
img009181.jpg,sfhq/images/part2/img009181.jpg,6,
img005712.jpg,sfhq/images/part2/img005712.jpg,6,
img007893.jpg,sfhq/images/part2/img007893.jpg,6,
img005907.jpg,sfhq/images/part2/img005907.jpg,6,
img006241.jpg,sfhq/images/part2/img006241.jpg,6,
img006189.jpg,sfhq/images/part2/img006189.jpg,6,
img009754.jpg,sfhq/images/part2/img009754.jpg,6,
img005103.jpg,sfhq/images/part2/img005103.jpg,6,
img008718.jpg,sfhq/images/part2/img008718.jpg,6,
img006526.jpg,sfhq/images/part2/img006526.jpg,6,
img007317.jpg,sfhq/images/part2/img007317.jpg,6,
img006184.jpg,sfhq/images/part2/img006184.jpg,6,
img008808.jpg,sfhq/images/part2/img008808.jpg,6,
img007697.jpg,sfhq/images/part2/img007697.jpg,6,
img007490.jpg,sfhq/images/part2/img007490.jpg,6,
img008238.jpg,sfhq/images/part2/img008238.jpg,6,
img007541.jpg,sfhq/images/part2/img007541.jpg,6,
img005311.jpg,sfhq/images/part2/img005311.jpg,6,
img008652.jpg,sfhq/images/part2/img008652.jpg,6,
img009852.jpg,sfhq/images/part2/img009852.jpg,6,
img009276.jpg,sfhq/images/part2/img009276.jpg,6,
img008955.jpg,sfhq/images/part2/img008955.jpg,6,
img008676.jpg,sfhq/images/part2/img008676.jpg,6,
img009482.jpg,sfhq/images/part2/img009482.jpg,6,
img008479.jpg,sfhq/images/part2/img008479.jpg,6,
img005449.jpg,sfhq/images/part2/img005449.jpg,6,
img009568.jpg,sfhq/images/part2/img009568.jpg,6,
img008570.jpg,sfhq/images/part2/img008570.jpg,6,
img008078.jpg,sfhq/images/part2/img008078.jpg,6,
img005397.jpg,sfhq/images/part2/img005397.jpg,6,
img009773.jpg,sfhq/images/part2/img009773.jpg,6,
img009449.jpg,sfhq/images/part2/img009449.jpg,6,
img005825.jpg,sfhq/images/part2/img005825.jpg,6,
img006502.jpg,sfhq/images/part2/img006502.jpg,6,
img006004.jpg,sfhq/images/part2/img006004.jpg,6,
img009284.jpg,sfhq/images/part2/img009284.jpg,6,
img006385.jpg,sfhq/images/part2/img006385.jpg,6,
img009156.jpg,sfhq/images/part2/img009156.jpg,6,
img006589.jpg,sfhq/images/part2/img006589.jpg,6,
img005960.jpg,sfhq/images/part2/img005960.jpg,6,
img006411.jpg,sfhq/images/part2/img006411.jpg,6,
img009028.jpg,sfhq/images/part2/img009028.jpg,6,
img009232.jpg,sfhq/images/part2/img009232.jpg,6,
img007092.jpg,sfhq/images/part2/img007092.jpg,6,
img008287.jpg,sfhq/images/part2/img008287.jpg,6,
img006690.jpg,sfhq/images/part2/img006690.jpg,6,
img007715.jpg,sfhq/images/part2/img007715.jpg,6,
img008138.jpg,sfhq/images/part2/img008138.jpg,6,
img006064.jpg,sfhq/images/part2/img006064.jpg,6,
img007103.jpg,sfhq/images/part2/img007103.jpg,6,
img006384.jpg,sfhq/images/part2/img006384.jpg,6,
img005297.jpg,sfhq/images/part2/img005297.jpg,6,
img005018.jpg,sfhq/images/part2/img005018.jpg,6,
img005964.jpg,sfhq/images/part2/img005964.jpg,6,
img005475.jpg,sfhq/images/part2/img005475.jpg,6,
img005601.jpg,sfhq/images/part2/img005601.jpg,6,
img006122.jpg,sfhq/images/part2/img006122.jpg,6,
img009922.jpg,sfhq/images/part2/img009922.jpg,6,
img007677.jpg,sfhq/images/part2/img007677.jpg,6,
img006527.jpg,sfhq/images/part2/img006527.jpg,6,
img009173.jpg,sfhq/images/part2/img009173.jpg,6,
img005684.jpg,sfhq/images/part2/img005684.jpg,6,
img006976.jpg,sfhq/images/part2/img006976.jpg,6,
img005151.jpg,sfhq/images/part2/img005151.jpg,6,
img008840.jpg,sfhq/images/part2/img008840.jpg,6,
img009291.jpg,sfhq/images/part2/img009291.jpg,6,
img006446.jpg,sfhq/images/part2/img006446.jpg,6,
img006230.jpg,sfhq/images/part2/img006230.jpg,6,
img007685.jpg,sfhq/images/part2/img007685.jpg,6,
img009684.jpg,sfhq/images/part2/img009684.jpg,6,
img007791.jpg,sfhq/images/part2/img007791.jpg,6,
img005401.jpg,sfhq/images/part2/img005401.jpg,6,
img005875.jpg,sfhq/images/part2/img005875.jpg,6,
img008521.jpg,sfhq/images/part2/img008521.jpg,6,
img009010.jpg,sfhq/images/part2/img009010.jpg,6,
img009677.jpg,sfhq/images/part2/img009677.jpg,6,
img008008.jpg,sfhq/images/part2/img008008.jpg,6,
img009225.jpg,sfhq/images/part2/img009225.jpg,6,
img008546.jpg,sfhq/images/part2/img008546.jpg,6,
img006067.jpg,sfhq/images/part2/img006067.jpg,6,
img006392.jpg,sfhq/images/part2/img006392.jpg,6,
img009587.jpg,sfhq/images/part2/img009587.jpg,6,
img007095.jpg,sfhq/images/part2/img007095.jpg,6,
img007099.jpg,sfhq/images/part2/img007099.jpg,6,
img008475.jpg,sfhq/images/part2/img008475.jpg,6,
img008824.jpg,sfhq/images/part2/img008824.jpg,6,
img009663.jpg,sfhq/images/part2/img009663.jpg,6,
img005313.jpg,sfhq/images/part2/img005313.jpg,6,
img005937.jpg,sfhq/images/part2/img005937.jpg,6,
img006622.jpg,sfhq/images/part2/img006622.jpg,6,
img006925.jpg,sfhq/images/part2/img006925.jpg,6,
img008132.jpg,sfhq/images/part2/img008132.jpg,6,
img008940.jpg,sfhq/images/part2/img008940.jpg,6,
img005193.jpg,sfhq/images/part2/img005193.jpg,6,
img005370.jpg,sfhq/images/part2/img005370.jpg,6,
img006403.jpg,sfhq/images/part2/img006403.jpg,6,
img008850.jpg,sfhq/images/part2/img008850.jpg,6,
img005656.jpg,sfhq/images/part2/img005656.jpg,6,
img005073.jpg,sfhq/images/part2/img005073.jpg,6,
img006688.jpg,sfhq/images/part2/img006688.jpg,6,
img005191.jpg,sfhq/images/part2/img005191.jpg,6,
img006953.jpg,sfhq/images/part2/img006953.jpg,6,
img007205.jpg,sfhq/images/part2/img007205.jpg,6,
img009873.jpg,sfhq/images/part2/img009873.jpg,6,
img007462.jpg,sfhq/images/part2/img007462.jpg,6,
img008206.jpg,sfhq/images/part2/img008206.jpg,6,
img008903.jpg,sfhq/images/part2/img008903.jpg,6,
img005099.jpg,sfhq/images/part2/img005099.jpg,6,
img008324.jpg,sfhq/images/part2/img008324.jpg,6,
img009553.jpg,sfhq/images/part2/img009553.jpg,6,
img005596.jpg,sfhq/images/part2/img005596.jpg,6,
img006640.jpg,sfhq/images/part2/img006640.jpg,6,
img006780.jpg,sfhq/images/part2/img006780.jpg,6,
img009163.jpg,sfhq/images/part2/img009163.jpg,6,
img008146.jpg,sfhq/images/part2/img008146.jpg,6,
img009620.jpg,sfhq/images/part2/img009620.jpg,6,
img008080.jpg,sfhq/images/part2/img008080.jpg,6,
img005267.jpg,sfhq/images/part2/img005267.jpg,6,
img007252.jpg,sfhq/images/part2/img007252.jpg,6,
img008779.jpg,sfhq/images/part2/img008779.jpg,6,
img005671.jpg,sfhq/images/part2/img005671.jpg,6,
img005696.jpg,sfhq/images/part2/img005696.jpg,6,
img005903.jpg,sfhq/images/part2/img005903.jpg,6,
img009696.jpg,sfhq/images/part2/img009696.jpg,6,
img008799.jpg,sfhq/images/part2/img008799.jpg,6,
img008727.jpg,sfhq/images/part2/img008727.jpg,6,
img007664.jpg,sfhq/images/part2/img007664.jpg,6,
img006340.jpg,sfhq/images/part2/img006340.jpg,6,
img008505.jpg,sfhq/images/part2/img008505.jpg,6,
img007423.jpg,sfhq/images/part2/img007423.jpg,6,
img005147.jpg,sfhq/images/part2/img005147.jpg,6,
img008042.jpg,sfhq/images/part2/img008042.jpg,6,
img008865.jpg,sfhq/images/part2/img008865.jpg,6,
img007050.jpg,sfhq/images/part2/img007050.jpg,6,
img005953.jpg,sfhq/images/part2/img005953.jpg,6,
img006391.jpg,sfhq/images/part2/img006391.jpg,6,
img008770.jpg,sfhq/images/part2/img008770.jpg,6,
img008793.jpg,sfhq/images/part2/img008793.jpg,6,
img009538.jpg,sfhq/images/part2/img009538.jpg,6,
img009515.jpg,sfhq/images/part2/img009515.jpg,6,
img005003.jpg,sfhq/images/part2/img005003.jpg,6,
img007218.jpg,sfhq/images/part2/img007218.jpg,6,
img008592.jpg,sfhq/images/part2/img008592.jpg,6,
img008859.jpg,sfhq/images/part2/img008859.jpg,6,
img006410.jpg,sfhq/images/part2/img006410.jpg,6,
img006957.jpg,sfhq/images/part2/img006957.jpg,6,
img009668.jpg,sfhq/images/part2/img009668.jpg,6,
img008222.jpg,sfhq/images/part2/img008222.jpg,6,
img006044.jpg,sfhq/images/part2/img006044.jpg,6,
img005360.jpg,sfhq/images/part2/img005360.jpg,6,
img007624.jpg,sfhq/images/part2/img007624.jpg,6,
img008128.jpg,sfhq/images/part2/img008128.jpg,6,
img009374.jpg,sfhq/images/part2/img009374.jpg,6,
img008959.jpg,sfhq/images/part2/img008959.jpg,6,
img008219.jpg,sfhq/images/part2/img008219.jpg,6,
img007049.jpg,sfhq/images/part2/img007049.jpg,6,
img008390.jpg,sfhq/images/part2/img008390.jpg,6,
img009969.jpg,sfhq/images/part2/img009969.jpg,6,
img008519.jpg,sfhq/images/part2/img008519.jpg,6,
img009809.jpg,sfhq/images/part2/img009809.jpg,6,
img009270.jpg,sfhq/images/part2/img009270.jpg,6,
img005490.jpg,sfhq/images/part2/img005490.jpg,6,
img007180.jpg,sfhq/images/part2/img007180.jpg,6,
img005212.jpg,sfhq/images/part2/img005212.jpg,6,
img007237.jpg,sfhq/images/part2/img007237.jpg,6,
img008353.jpg,sfhq/images/part2/img008353.jpg,6,
img008764.jpg,sfhq/images/part2/img008764.jpg,6,
img007169.jpg,sfhq/images/part2/img007169.jpg,6,
img007833.jpg,sfhq/images/part2/img007833.jpg,6,
img007383.jpg,sfhq/images/part2/img007383.jpg,6,
img008223.jpg,sfhq/images/part2/img008223.jpg,6,
img009726.jpg,sfhq/images/part2/img009726.jpg,6,
img005562.jpg,sfhq/images/part2/img005562.jpg,6,
img009272.jpg,sfhq/images/part2/img009272.jpg,6,
img009017.jpg,sfhq/images/part2/img009017.jpg,6,
img008922.jpg,sfhq/images/part2/img008922.jpg,6,
img005677.jpg,sfhq/images/part2/img005677.jpg,6,
img009321.jpg,sfhq/images/part2/img009321.jpg,6,
img008732.jpg,sfhq/images/part2/img008732.jpg,6,
img009290.jpg,sfhq/images/part2/img009290.jpg,6,
img007590.jpg,sfhq/images/part2/img007590.jpg,6,
img008275.jpg,sfhq/images/part2/img008275.jpg,6,
img008016.jpg,sfhq/images/part2/img008016.jpg,6,
img008389.jpg,sfhq/images/part2/img008389.jpg,6,
img007832.jpg,sfhq/images/part2/img007832.jpg,6,
img005180.jpg,sfhq/images/part2/img005180.jpg,6,
img006952.jpg,sfhq/images/part2/img006952.jpg,6,
img008421.jpg,sfhq/images/part2/img008421.jpg,6,
img008136.jpg,sfhq/images/part2/img008136.jpg,6,
img005492.jpg,sfhq/images/part2/img005492.jpg,6,
img009274.jpg,sfhq/images/part2/img009274.jpg,6,
img008115.jpg,sfhq/images/part2/img008115.jpg,6,
img008328.jpg,sfhq/images/part2/img008328.jpg,6,
img006400.jpg,sfhq/images/part2/img006400.jpg,6,
img007859.jpg,sfhq/images/part2/img007859.jpg,6,
img005298.jpg,sfhq/images/part2/img005298.jpg,6,
img007377.jpg,sfhq/images/part2/img007377.jpg,6,
img008618.jpg,sfhq/images/part2/img008618.jpg,6,
img005404.jpg,sfhq/images/part2/img005404.jpg,6,
img007292.jpg,sfhq/images/part2/img007292.jpg,6,
img006164.jpg,sfhq/images/part2/img006164.jpg,6,
img005005.jpg,sfhq/images/part2/img005005.jpg,6,
img007825.jpg,sfhq/images/part2/img007825.jpg,6,
img008363.jpg,sfhq/images/part2/img008363.jpg,6,
img009155.jpg,sfhq/images/part2/img009155.jpg,6,
img006592.jpg,sfhq/images/part2/img006592.jpg,6,
img008949.jpg,sfhq/images/part2/img008949.jpg,6,
img006629.jpg,sfhq/images/part2/img006629.jpg,6,
img009023.jpg,sfhq/images/part2/img009023.jpg,6,
img006409.jpg,sfhq/images/part2/img006409.jpg,6,
img005045.jpg,sfhq/images/part2/img005045.jpg,6,
img008932.jpg,sfhq/images/part2/img008932.jpg,6,
img006827.jpg,sfhq/images/part2/img006827.jpg,6,
img009192.jpg,sfhq/images/part2/img009192.jpg,6,
img006297.jpg,sfhq/images/part2/img006297.jpg,6,
img007119.jpg,sfhq/images/part2/img007119.jpg,6,
img009247.jpg,sfhq/images/part2/img009247.jpg,6,
img008272.jpg,sfhq/images/part2/img008272.jpg,6,
img008703.jpg,sfhq/images/part2/img008703.jpg,6,
img009168.jpg,sfhq/images/part2/img009168.jpg,6,
img006276.jpg,sfhq/images/part2/img006276.jpg,6,
img009887.jpg,sfhq/images/part2/img009887.jpg,6,
img005239.jpg,sfhq/images/part2/img005239.jpg,6,
img006048.jpg,sfhq/images/part2/img006048.jpg,6,
img005325.jpg,sfhq/images/part2/img005325.jpg,6,
img006620.jpg,sfhq/images/part2/img006620.jpg,6,
img008027.jpg,sfhq/images/part2/img008027.jpg,6,
img008694.jpg,sfhq/images/part2/img008694.jpg,6,
img008329.jpg,sfhq/images/part2/img008329.jpg,6,
img009908.jpg,sfhq/images/part2/img009908.jpg,6,
img006712.jpg,sfhq/images/part2/img006712.jpg,6,
img006885.jpg,sfhq/images/part2/img006885.jpg,6,
img006659.jpg,sfhq/images/part2/img006659.jpg,6,
img005644.jpg,sfhq/images/part2/img005644.jpg,6,
img009360.jpg,sfhq/images/part2/img009360.jpg,6,
img009267.jpg,sfhq/images/part2/img009267.jpg,6,
img009801.jpg,sfhq/images/part2/img009801.jpg,6,
img006423.jpg,sfhq/images/part2/img006423.jpg,6,
img009201.jpg,sfhq/images/part2/img009201.jpg,6,
img008133.jpg,sfhq/images/part2/img008133.jpg,6,
img006817.jpg,sfhq/images/part2/img006817.jpg,6,
img005315.jpg,sfhq/images/part2/img005315.jpg,6,
img005618.jpg,sfhq/images/part2/img005618.jpg,6,
img007550.jpg,sfhq/images/part2/img007550.jpg,6,
img008381.jpg,sfhq/images/part2/img008381.jpg,6,
img006857.jpg,sfhq/images/part2/img006857.jpg,6,
img005579.jpg,sfhq/images/part2/img005579.jpg,6,
img009489.jpg,sfhq/images/part2/img009489.jpg,6,
img009039.jpg,sfhq/images/part2/img009039.jpg,6,
img007921.jpg,sfhq/images/part2/img007921.jpg,6,
img007096.jpg,sfhq/images/part2/img007096.jpg,6,
img009479.jpg,sfhq/images/part2/img009479.jpg,6,
img008627.jpg,sfhq/images/part2/img008627.jpg,6,
img006163.jpg,sfhq/images/part2/img006163.jpg,6,
img007043.jpg,sfhq/images/part2/img007043.jpg,6,
img006492.jpg,sfhq/images/part2/img006492.jpg,6,
img007105.jpg,sfhq/images/part2/img007105.jpg,6,
img009712.jpg,sfhq/images/part2/img009712.jpg,6,
img008472.jpg,sfhq/images/part2/img008472.jpg,6,
img007150.jpg,sfhq/images/part2/img007150.jpg,6,
img005839.jpg,sfhq/images/part2/img005839.jpg,6,
img006806.jpg,sfhq/images/part2/img006806.jpg,6,
img007631.jpg,sfhq/images/part2/img007631.jpg,6,
img005333.jpg,sfhq/images/part2/img005333.jpg,6,
img006727.jpg,sfhq/images/part2/img006727.jpg,6,
img008814.jpg,sfhq/images/part2/img008814.jpg,6,
img007064.jpg,sfhq/images/part2/img007064.jpg,6,
img008126.jpg,sfhq/images/part2/img008126.jpg,6,
img005083.jpg,sfhq/images/part2/img005083.jpg,6,
img009217.jpg,sfhq/images/part2/img009217.jpg,6,
img008278.jpg,sfhq/images/part2/img008278.jpg,6,
img005529.jpg,sfhq/images/part2/img005529.jpg,6,
img007417.jpg,sfhq/images/part2/img007417.jpg,6,
img006979.jpg,sfhq/images/part2/img006979.jpg,6,
img005263.jpg,sfhq/images/part2/img005263.jpg,6,
img007403.jpg,sfhq/images/part2/img007403.jpg,6,
img005550.jpg,sfhq/images/part2/img005550.jpg,6,
img007084.jpg,sfhq/images/part2/img007084.jpg,6,
img007506.jpg,sfhq/images/part2/img007506.jpg,6,
img006549.jpg,sfhq/images/part2/img006549.jpg,6,
img009660.jpg,sfhq/images/part2/img009660.jpg,6,
img007440.jpg,sfhq/images/part2/img007440.jpg,6,
img005509.jpg,sfhq/images/part2/img005509.jpg,6,
img007262.jpg,sfhq/images/part2/img007262.jpg,6,
img006445.jpg,sfhq/images/part2/img006445.jpg,6,
img009171.jpg,sfhq/images/part2/img009171.jpg,6,
img009005.jpg,sfhq/images/part2/img009005.jpg,6,
img008457.jpg,sfhq/images/part2/img008457.jpg,6,
img009619.jpg,sfhq/images/part2/img009619.jpg,6,
img008636.jpg,sfhq/images/part2/img008636.jpg,6,
img008529.jpg,sfhq/images/part2/img008529.jpg,6,
img008336.jpg,sfhq/images/part2/img008336.jpg,6,
img007679.jpg,sfhq/images/part2/img007679.jpg,6,
img006773.jpg,sfhq/images/part2/img006773.jpg,6,
img005448.jpg,sfhq/images/part2/img005448.jpg,6,
img005524.jpg,sfhq/images/part2/img005524.jpg,6,
img006041.jpg,sfhq/images/part2/img006041.jpg,6,
img008367.jpg,sfhq/images/part2/img008367.jpg,6,
img005229.jpg,sfhq/images/part2/img005229.jpg,6,
img009430.jpg,sfhq/images/part2/img009430.jpg,6,
img008994.jpg,sfhq/images/part2/img008994.jpg,6,
img009019.jpg,sfhq/images/part2/img009019.jpg,6,
img005047.jpg,sfhq/images/part2/img005047.jpg,6,
img008788.jpg,sfhq/images/part2/img008788.jpg,6,
img006495.jpg,sfhq/images/part2/img006495.jpg,6,
img005371.jpg,sfhq/images/part2/img005371.jpg,6,
img006356.jpg,sfhq/images/part2/img006356.jpg,6,
img006271.jpg,sfhq/images/part2/img006271.jpg,6,
img006915.jpg,sfhq/images/part2/img006915.jpg,6,
img006145.jpg,sfhq/images/part2/img006145.jpg,6,
img007709.jpg,sfhq/images/part2/img007709.jpg,6,
img008991.jpg,sfhq/images/part2/img008991.jpg,6,
img008817.jpg,sfhq/images/part2/img008817.jpg,6,
img007731.jpg,sfhq/images/part2/img007731.jpg,6,
img006599.jpg,sfhq/images/part2/img006599.jpg,6,
img008288.jpg,sfhq/images/part2/img008288.jpg,6,
img006720.jpg,sfhq/images/part2/img006720.jpg,6,
img009756.jpg,sfhq/images/part2/img009756.jpg,6,
img008002.jpg,sfhq/images/part2/img008002.jpg,6,
img009460.jpg,sfhq/images/part2/img009460.jpg,6,
img008240.jpg,sfhq/images/part2/img008240.jpg,6,
img009999.jpg,sfhq/images/part2/img009999.jpg,6,
img006311.jpg,sfhq/images/part2/img006311.jpg,6,
img007592.jpg,sfhq/images/part2/img007592.jpg,6,
img006813.jpg,sfhq/images/part2/img006813.jpg,6,
img009069.jpg,sfhq/images/part2/img009069.jpg,6,
img009714.jpg,sfhq/images/part2/img009714.jpg,6,
img008429.jpg,sfhq/images/part2/img008429.jpg,6,
img008906.jpg,sfhq/images/part2/img008906.jpg,6,
img007086.jpg,sfhq/images/part2/img007086.jpg,6,
img005249.jpg,sfhq/images/part2/img005249.jpg,6,
img009343.jpg,sfhq/images/part2/img009343.jpg,6,
img007773.jpg,sfhq/images/part2/img007773.jpg,6,
img008029.jpg,sfhq/images/part2/img008029.jpg,6,
img009198.jpg,sfhq/images/part2/img009198.jpg,6,
img009548.jpg,sfhq/images/part2/img009548.jpg,6,
img005944.jpg,sfhq/images/part2/img005944.jpg,6,
img009687.jpg,sfhq/images/part2/img009687.jpg,6,
img005204.jpg,sfhq/images/part2/img005204.jpg,6,
img007346.jpg,sfhq/images/part2/img007346.jpg,6,
img009615.jpg,sfhq/images/part2/img009615.jpg,6,
img008598.jpg,sfhq/images/part2/img008598.jpg,6,
img006045.jpg,sfhq/images/part2/img006045.jpg,6,
img006034.jpg,sfhq/images/part2/img006034.jpg,6,
img007957.jpg,sfhq/images/part2/img007957.jpg,6,
img006525.jpg,sfhq/images/part2/img006525.jpg,6,
img006598.jpg,sfhq/images/part2/img006598.jpg,6,
img009327.jpg,sfhq/images/part2/img009327.jpg,6,
img009237.jpg,sfhq/images/part2/img009237.jpg,6,
img008607.jpg,sfhq/images/part2/img008607.jpg,6,
img008091.jpg,sfhq/images/part2/img008091.jpg,6,
img009037.jpg,sfhq/images/part2/img009037.jpg,6,
img009603.jpg,sfhq/images/part2/img009603.jpg,6,
img006319.jpg,sfhq/images/part2/img006319.jpg,6,
img006350.jpg,sfhq/images/part2/img006350.jpg,6,
img006704.jpg,sfhq/images/part2/img006704.jpg,6,
img008352.jpg,sfhq/images/part2/img008352.jpg,6,
img008869.jpg,sfhq/images/part2/img008869.jpg,6,
img006820.jpg,sfhq/images/part2/img006820.jpg,6,
img007610.jpg,sfhq/images/part2/img007610.jpg,6,
img005670.jpg,sfhq/images/part2/img005670.jpg,6,
img009472.jpg,sfhq/images/part2/img009472.jpg,6,
img006168.jpg,sfhq/images/part2/img006168.jpg,6,
img005997.jpg,sfhq/images/part2/img005997.jpg,6,
img006731.jpg,sfhq/images/part2/img006731.jpg,6,
img007727.jpg,sfhq/images/part2/img007727.jpg,6,
img008484.jpg,sfhq/images/part2/img008484.jpg,6,
img007164.jpg,sfhq/images/part2/img007164.jpg,6,
img008917.jpg,sfhq/images/part2/img008917.jpg,6,
img006338.jpg,sfhq/images/part2/img006338.jpg,6,
img009734.jpg,sfhq/images/part2/img009734.jpg,6,
img005856.jpg,sfhq/images/part2/img005856.jpg,6,
img006838.jpg,sfhq/images/part2/img006838.jpg,6,
img008201.jpg,sfhq/images/part2/img008201.jpg,6,
img008294.jpg,sfhq/images/part2/img008294.jpg,6,
img009072.jpg,sfhq/images/part2/img009072.jpg,6,
img005394.jpg,sfhq/images/part2/img005394.jpg,6,
img009935.jpg,sfhq/images/part2/img009935.jpg,6,
img008364.jpg,sfhq/images/part2/img008364.jpg,6,
img005457.jpg,sfhq/images/part2/img005457.jpg,6,
img008384.jpg,sfhq/images/part2/img008384.jpg,6,
img005187.jpg,sfhq/images/part2/img005187.jpg,6,
img008125.jpg,sfhq/images/part2/img008125.jpg,6,
img008504.jpg,sfhq/images/part2/img008504.jpg,6,
img008731.jpg,sfhq/images/part2/img008731.jpg,6,
img008252.jpg,sfhq/images/part2/img008252.jpg,6,
img007949.jpg,sfhq/images/part2/img007949.jpg,6,
img009441.jpg,sfhq/images/part2/img009441.jpg,6,
img008241.jpg,sfhq/images/part2/img008241.jpg,6,
img009860.jpg,sfhq/images/part2/img009860.jpg,6,
img005068.jpg,sfhq/images/part2/img005068.jpg,6,
img007211.jpg,sfhq/images/part2/img007211.jpg,6,
img006375.jpg,sfhq/images/part2/img006375.jpg,6,
img009194.jpg,sfhq/images/part2/img009194.jpg,6,
img006681.jpg,sfhq/images/part2/img006681.jpg,6,
img007364.jpg,sfhq/images/part2/img007364.jpg,6,
img007895.jpg,sfhq/images/part2/img007895.jpg,6,
img008189.jpg,sfhq/images/part2/img008189.jpg,6,
img009637.jpg,sfhq/images/part2/img009637.jpg,6,
img009575.jpg,sfhq/images/part2/img009575.jpg,6,
img008656.jpg,sfhq/images/part2/img008656.jpg,6,
img007429.jpg,sfhq/images/part2/img007429.jpg,6,
img007912.jpg,sfhq/images/part2/img007912.jpg,6,
img007468.jpg,sfhq/images/part2/img007468.jpg,6,
img007721.jpg,sfhq/images/part2/img007721.jpg,6,
img005802.jpg,sfhq/images/part2/img005802.jpg,6,
img009664.jpg,sfhq/images/part2/img009664.jpg,6,
img008156.jpg,sfhq/images/part2/img008156.jpg,6,
img005881.jpg,sfhq/images/part2/img005881.jpg,6,
img006369.jpg,sfhq/images/part2/img006369.jpg,6,
img006918.jpg,sfhq/images/part2/img006918.jpg,6,
img006887.jpg,sfhq/images/part2/img006887.jpg,6,
img009621.jpg,sfhq/images/part2/img009621.jpg,6,
img008954.jpg,sfhq/images/part2/img008954.jpg,6,
img009427.jpg,sfhq/images/part2/img009427.jpg,6,
img008613.jpg,sfhq/images/part2/img008613.jpg,6,
img005747.jpg,sfhq/images/part2/img005747.jpg,6,
img005299.jpg,sfhq/images/part2/img005299.jpg,6,
img006541.jpg,sfhq/images/part2/img006541.jpg,6,
img009692.jpg,sfhq/images/part2/img009692.jpg,6,
img006524.jpg,sfhq/images/part2/img006524.jpg,6,
img009822.jpg,sfhq/images/part2/img009822.jpg,6,
img009200.jpg,sfhq/images/part2/img009200.jpg,6,
img005782.jpg,sfhq/images/part2/img005782.jpg,6,
img005309.jpg,sfhq/images/part2/img005309.jpg,6,
img007966.jpg,sfhq/images/part2/img007966.jpg,6,
img005374.jpg,sfhq/images/part2/img005374.jpg,6,
img008026.jpg,sfhq/images/part2/img008026.jpg,6,
img005745.jpg,sfhq/images/part2/img005745.jpg,6,
img007705.jpg,sfhq/images/part2/img007705.jpg,6,
img007620.jpg,sfhq/images/part2/img007620.jpg,6,
img005637.jpg,sfhq/images/part2/img005637.jpg,6,
img005156.jpg,sfhq/images/part2/img005156.jpg,6,
img009820.jpg,sfhq/images/part2/img009820.jpg,6,
img009530.jpg,sfhq/images/part2/img009530.jpg,6,
img008490.jpg,sfhq/images/part2/img008490.jpg,6,
img007042.jpg,sfhq/images/part2/img007042.jpg,6,
img005499.jpg,sfhq/images/part2/img005499.jpg,6,
img009552.jpg,sfhq/images/part2/img009552.jpg,6,
img005116.jpg,sfhq/images/part2/img005116.jpg,6,
img007454.jpg,sfhq/images/part2/img007454.jpg,6,
img009964.jpg,sfhq/images/part2/img009964.jpg,6,
img007970.jpg,sfhq/images/part2/img007970.jpg,6,
img007768.jpg,sfhq/images/part2/img007768.jpg,6,
img006488.jpg,sfhq/images/part2/img006488.jpg,6,
img006128.jpg,sfhq/images/part2/img006128.jpg,6,
img006472.jpg,sfhq/images/part2/img006472.jpg,6,
img009132.jpg,sfhq/images/part2/img009132.jpg,6,
img009711.jpg,sfhq/images/part2/img009711.jpg,6,
img005144.jpg,sfhq/images/part2/img005144.jpg,6,
img006764.jpg,sfhq/images/part2/img006764.jpg,6,
img009894.jpg,sfhq/images/part2/img009894.jpg,6,
img005803.jpg,sfhq/images/part2/img005803.jpg,6,
img007838.jpg,sfhq/images/part2/img007838.jpg,6,
img005110.jpg,sfhq/images/part2/img005110.jpg,6,
img009318.jpg,sfhq/images/part2/img009318.jpg,6,
img007013.jpg,sfhq/images/part2/img007013.jpg,6,
img007120.jpg,sfhq/images/part2/img007120.jpg,6,
img008048.jpg,sfhq/images/part2/img008048.jpg,6,
img005160.jpg,sfhq/images/part2/img005160.jpg,6,
img006613.jpg,sfhq/images/part2/img006613.jpg,6,
img007642.jpg,sfhq/images/part2/img007642.jpg,6,
img008355.jpg,sfhq/images/part2/img008355.jpg,6,
img008190.jpg,sfhq/images/part2/img008190.jpg,6,
img006435.jpg,sfhq/images/part2/img006435.jpg,6,
img009520.jpg,sfhq/images/part2/img009520.jpg,6,
img008377.jpg,sfhq/images/part2/img008377.jpg,6,
img007343.jpg,sfhq/images/part2/img007343.jpg,6,
img008778.jpg,sfhq/images/part2/img008778.jpg,6,
img007587.jpg,sfhq/images/part2/img007587.jpg,6,
img009199.jpg,sfhq/images/part2/img009199.jpg,6,
img007754.jpg,sfhq/images/part2/img007754.jpg,6,
img005761.jpg,sfhq/images/part2/img005761.jpg,6,
img006239.jpg,sfhq/images/part2/img006239.jpg,6,
img007117.jpg,sfhq/images/part2/img007117.jpg,6,
img005114.jpg,sfhq/images/part2/img005114.jpg,6,
img005790.jpg,sfhq/images/part2/img005790.jpg,6,
img005389.jpg,sfhq/images/part2/img005389.jpg,6,
img007432.jpg,sfhq/images/part2/img007432.jpg,6,
img009836.jpg,sfhq/images/part2/img009836.jpg,6,
img005931.jpg,sfhq/images/part2/img005931.jpg,6,
img006903.jpg,sfhq/images/part2/img006903.jpg,6,
img009104.jpg,sfhq/images/part2/img009104.jpg,6,
img007857.jpg,sfhq/images/part2/img007857.jpg,6,
img005420.jpg,sfhq/images/part2/img005420.jpg,6,
img007879.jpg,sfhq/images/part2/img007879.jpg,6,
img005538.jpg,sfhq/images/part2/img005538.jpg,6,
img006080.jpg,sfhq/images/part2/img006080.jpg,6,
img007713.jpg,sfhq/images/part2/img007713.jpg,6,
img006126.jpg,sfhq/images/part2/img006126.jpg,6,
img008902.jpg,sfhq/images/part2/img008902.jpg,6,
img005744.jpg,sfhq/images/part2/img005744.jpg,6,
img005265.jpg,sfhq/images/part2/img005265.jpg,6,
img006810.jpg,sfhq/images/part2/img006810.jpg,6,
img006235.jpg,sfhq/images/part2/img006235.jpg,6,
img007294.jpg,sfhq/images/part2/img007294.jpg,6,
img007316.jpg,sfhq/images/part2/img007316.jpg,6,
img007743.jpg,sfhq/images/part2/img007743.jpg,6,
img009930.jpg,sfhq/images/part2/img009930.jpg,6,
img005270.jpg,sfhq/images/part2/img005270.jpg,6,
img006737.jpg,sfhq/images/part2/img006737.jpg,6,
img006308.jpg,sfhq/images/part2/img006308.jpg,6,
img009114.jpg,sfhq/images/part2/img009114.jpg,6,
img006912.jpg,sfhq/images/part2/img006912.jpg,6,
img005040.jpg,sfhq/images/part2/img005040.jpg,6,
img006958.jpg,sfhq/images/part2/img006958.jpg,6,
img009539.jpg,sfhq/images/part2/img009539.jpg,6,
img008396.jpg,sfhq/images/part2/img008396.jpg,6,
img009312.jpg,sfhq/images/part2/img009312.jpg,6,
img006125.jpg,sfhq/images/part2/img006125.jpg,6,
img005231.jpg,sfhq/images/part2/img005231.jpg,6,
img007034.jpg,sfhq/images/part2/img007034.jpg,6,
img008849.jpg,sfhq/images/part2/img008849.jpg,6,
img006562.jpg,sfhq/images/part2/img006562.jpg,6,
img009855.jpg,sfhq/images/part2/img009855.jpg,6,
img006139.jpg,sfhq/images/part2/img006139.jpg,6,
img007871.jpg,sfhq/images/part2/img007871.jpg,6,
img009749.jpg,sfhq/images/part2/img009749.jpg,6,
img008204.jpg,sfhq/images/part2/img008204.jpg,6,
img008055.jpg,sfhq/images/part2/img008055.jpg,6,
img006732.jpg,sfhq/images/part2/img006732.jpg,6,
img006551.jpg,sfhq/images/part2/img006551.jpg,6,
img005923.jpg,sfhq/images/part2/img005923.jpg,6,
img006747.jpg,sfhq/images/part2/img006747.jpg,6,
img006574.jpg,sfhq/images/part2/img006574.jpg,6,
img005322.jpg,sfhq/images/part2/img005322.jpg,6,
img006042.jpg,sfhq/images/part2/img006042.jpg,6,
img005673.jpg,sfhq/images/part2/img005673.jpg,6,
img008270.jpg,sfhq/images/part2/img008270.jpg,6,
img006881.jpg,sfhq/images/part2/img006881.jpg,6,
img008140.jpg,sfhq/images/part2/img008140.jpg,6,
img009018.jpg,sfhq/images/part2/img009018.jpg,6,
img005789.jpg,sfhq/images/part2/img005789.jpg,6,
img009030.jpg,sfhq/images/part2/img009030.jpg,6,
img008670.jpg,sfhq/images/part2/img008670.jpg,6,
img007197.jpg,sfhq/images/part2/img007197.jpg,6,
img006658.jpg,sfhq/images/part2/img006658.jpg,6,
img006497.jpg,sfhq/images/part2/img006497.jpg,6,
img007862.jpg,sfhq/images/part2/img007862.jpg,6,
img007853.jpg,sfhq/images/part2/img007853.jpg,6,
img005145.jpg,sfhq/images/part2/img005145.jpg,6,
img006236.jpg,sfhq/images/part2/img006236.jpg,6,
img009917.jpg,sfhq/images/part2/img009917.jpg,6,
img005487.jpg,sfhq/images/part2/img005487.jpg,6,
img007852.jpg,sfhq/images/part2/img007852.jpg,6,
img009210.jpg,sfhq/images/part2/img009210.jpg,6,
img009613.jpg,sfhq/images/part2/img009613.jpg,6,
img005522.jpg,sfhq/images/part2/img005522.jpg,6,
img005260.jpg,sfhq/images/part2/img005260.jpg,6,
img008599.jpg,sfhq/images/part2/img008599.jpg,6,
img006701.jpg,sfhq/images/part2/img006701.jpg,6,
img006362.jpg,sfhq/images/part2/img006362.jpg,6,
img006920.jpg,sfhq/images/part2/img006920.jpg,6,
img009261.jpg,sfhq/images/part2/img009261.jpg,6,
img005780.jpg,sfhq/images/part2/img005780.jpg,6,
img005709.jpg,sfhq/images/part2/img005709.jpg,6,
img006285.jpg,sfhq/images/part2/img006285.jpg,6,
img006552.jpg,sfhq/images/part2/img006552.jpg,6,
img008120.jpg,sfhq/images/part2/img008120.jpg,6,
img006011.jpg,sfhq/images/part2/img006011.jpg,6,
img007585.jpg,sfhq/images/part2/img007585.jpg,6,
img009882.jpg,sfhq/images/part2/img009882.jpg,6,
img005633.jpg,sfhq/images/part2/img005633.jpg,6,
img009657.jpg,sfhq/images/part2/img009657.jpg,6,
img005169.jpg,sfhq/images/part2/img005169.jpg,6,
img006417.jpg,sfhq/images/part2/img006417.jpg,6,
img008018.jpg,sfhq/images/part2/img008018.jpg,6,
img008168.jpg,sfhq/images/part2/img008168.jpg,6,
img005276.jpg,sfhq/images/part2/img005276.jpg,6,
img009966.jpg,sfhq/images/part2/img009966.jpg,6,
img006318.jpg,sfhq/images/part2/img006318.jpg,6,
img008681.jpg,sfhq/images/part2/img008681.jpg,6,
img005836.jpg,sfhq/images/part2/img005836.jpg,6,
img006585.jpg,sfhq/images/part2/img006585.jpg,6,
img005877.jpg,sfhq/images/part2/img005877.jpg,6,
img009322.jpg,sfhq/images/part2/img009322.jpg,6,
img007052.jpg,sfhq/images/part2/img007052.jpg,6,
img009250.jpg,sfhq/images/part2/img009250.jpg,6,
img005095.jpg,sfhq/images/part2/img005095.jpg,6,
img006850.jpg,sfhq/images/part2/img006850.jpg,6,
img007168.jpg,sfhq/images/part2/img007168.jpg,6,
img008754.jpg,sfhq/images/part2/img008754.jpg,6,
img009545.jpg,sfhq/images/part2/img009545.jpg,6,
img005351.jpg,sfhq/images/part2/img005351.jpg,6,
img009597.jpg,sfhq/images/part2/img009597.jpg,6,
img009221.jpg,sfhq/images/part2/img009221.jpg,6,
img005615.jpg,sfhq/images/part2/img005615.jpg,6,
img009732.jpg,sfhq/images/part2/img009732.jpg,6,
img006286.jpg,sfhq/images/part2/img006286.jpg,6,
img009344.jpg,sfhq/images/part2/img009344.jpg,6,
img009728.jpg,sfhq/images/part2/img009728.jpg,6,
img009938.jpg,sfhq/images/part2/img009938.jpg,6,
img009021.jpg,sfhq/images/part2/img009021.jpg,6,
img009592.jpg,sfhq/images/part2/img009592.jpg,6,
img005092.jpg,sfhq/images/part2/img005092.jpg,6,
img008449.jpg,sfhq/images/part2/img008449.jpg,6,
img007716.jpg,sfhq/images/part2/img007716.jpg,6,
img009982.jpg,sfhq/images/part2/img009982.jpg,6,
img006666.jpg,sfhq/images/part2/img006666.jpg,6,
img006043.jpg,sfhq/images/part2/img006043.jpg,6,
img005775.jpg,sfhq/images/part2/img005775.jpg,6,
img009921.jpg,sfhq/images/part2/img009921.jpg,6,
img007054.jpg,sfhq/images/part2/img007054.jpg,6,
img009062.jpg,sfhq/images/part2/img009062.jpg,6,
img007524.jpg,sfhq/images/part2/img007524.jpg,6,
img007671.jpg,sfhq/images/part2/img007671.jpg,6,
img009380.jpg,sfhq/images/part2/img009380.jpg,6,
img008081.jpg,sfhq/images/part2/img008081.jpg,6,
img005009.jpg,sfhq/images/part2/img005009.jpg,6,
img005698.jpg,sfhq/images/part2/img005698.jpg,6,
img007025.jpg,sfhq/images/part2/img007025.jpg,6,
img008010.jpg,sfhq/images/part2/img008010.jpg,6,
img006434.jpg,sfhq/images/part2/img006434.jpg,6,
img008022.jpg,sfhq/images/part2/img008022.jpg,6,
img005840.jpg,sfhq/images/part2/img005840.jpg,6,
img006481.jpg,sfhq/images/part2/img006481.jpg,6,
img007430.jpg,sfhq/images/part2/img007430.jpg,6,
img005883.jpg,sfhq/images/part2/img005883.jpg,6,
img008897.jpg,sfhq/images/part2/img008897.jpg,6,
img008604.jpg,sfhq/images/part2/img008604.jpg,6,
img008034.jpg,sfhq/images/part2/img008034.jpg,6,
img007790.jpg,sfhq/images/part2/img007790.jpg,6,
img008130.jpg,sfhq/images/part2/img008130.jpg,6,
img008118.jpg,sfhq/images/part2/img008118.jpg,6,
img008637.jpg,sfhq/images/part2/img008637.jpg,6,
img009723.jpg,sfhq/images/part2/img009723.jpg,6,
img008898.jpg,sfhq/images/part2/img008898.jpg,6,
img009445.jpg,sfhq/images/part2/img009445.jpg,6,
img005545.jpg,sfhq/images/part2/img005545.jpg,6,
img009075.jpg,sfhq/images/part2/img009075.jpg,6,
img006699.jpg,sfhq/images/part2/img006699.jpg,6,
img006429.jpg,sfhq/images/part2/img006429.jpg,6,
img005253.jpg,sfhq/images/part2/img005253.jpg,6,
img006136.jpg,sfhq/images/part2/img006136.jpg,6,
img006006.jpg,sfhq/images/part2/img006006.jpg,6,
img006756.jpg,sfhq/images/part2/img006756.jpg,6,
img005531.jpg,sfhq/images/part2/img005531.jpg,6,
img008087.jpg,sfhq/images/part2/img008087.jpg,6,
img005433.jpg,sfhq/images/part2/img005433.jpg,6,
img006590.jpg,sfhq/images/part2/img006590.jpg,6,
img009263.jpg,sfhq/images/part2/img009263.jpg,6,
img009781.jpg,sfhq/images/part2/img009781.jpg,6,
img006578.jpg,sfhq/images/part2/img006578.jpg,6,
img008509.jpg,sfhq/images/part2/img008509.jpg,6,
img008683.jpg,sfhq/images/part2/img008683.jpg,6,
img007953.jpg,sfhq/images/part2/img007953.jpg,6,
img006332.jpg,sfhq/images/part2/img006332.jpg,6,
img008970.jpg,sfhq/images/part2/img008970.jpg,6,
img007161.jpg,sfhq/images/part2/img007161.jpg,6,
img008918.jpg,sfhq/images/part2/img008918.jpg,6,
img009404.jpg,sfhq/images/part2/img009404.jpg,6,
img009434.jpg,sfhq/images/part2/img009434.jpg,6,
img009245.jpg,sfhq/images/part2/img009245.jpg,6,
img006012.jpg,sfhq/images/part2/img006012.jpg,6,
img007594.jpg,sfhq/images/part2/img007594.jpg,6,
img005927.jpg,sfhq/images/part2/img005927.jpg,6,
img006744.jpg,sfhq/images/part2/img006744.jpg,6,
img005337.jpg,sfhq/images/part2/img005337.jpg,6,
img008701.jpg,sfhq/images/part2/img008701.jpg,6,
img009079.jpg,sfhq/images/part2/img009079.jpg,6,
img006558.jpg,sfhq/images/part2/img006558.jpg,6,
img008595.jpg,sfhq/images/part2/img008595.jpg,6,
img006202.jpg,sfhq/images/part2/img006202.jpg,6,
img008722.jpg,sfhq/images/part2/img008722.jpg,6,
img007668.jpg,sfhq/images/part2/img007668.jpg,6,
img005929.jpg,sfhq/images/part2/img005929.jpg,6,
img008885.jpg,sfhq/images/part2/img008885.jpg,6,
img009760.jpg,sfhq/images/part2/img009760.jpg,6,
img008391.jpg,sfhq/images/part2/img008391.jpg,6,
img007712.jpg,sfhq/images/part2/img007712.jpg,6,
img009416.jpg,sfhq/images/part2/img009416.jpg,6,
img007330.jpg,sfhq/images/part2/img007330.jpg,6,
img007808.jpg,sfhq/images/part2/img007808.jpg,6,
img008373.jpg,sfhq/images/part2/img008373.jpg,6,
img007939.jpg,sfhq/images/part2/img007939.jpg,6,
img008826.jpg,sfhq/images/part2/img008826.jpg,6,
img006919.jpg,sfhq/images/part2/img006919.jpg,6,
img006790.jpg,sfhq/images/part2/img006790.jpg,6,
img008580.jpg,sfhq/images/part2/img008580.jpg,6,
img006092.jpg,sfhq/images/part2/img006092.jpg,6,
img009074.jpg,sfhq/images/part2/img009074.jpg,6,
img005221.jpg,sfhq/images/part2/img005221.jpg,6,
img005541.jpg,sfhq/images/part2/img005541.jpg,6,
img009392.jpg,sfhq/images/part2/img009392.jpg,6,
img006900.jpg,sfhq/images/part2/img006900.jpg,6,
img005788.jpg,sfhq/images/part2/img005788.jpg,6,
img008892.jpg,sfhq/images/part2/img008892.jpg,6,
img009703.jpg,sfhq/images/part2/img009703.jpg,6,
img005771.jpg,sfhq/images/part2/img005771.jpg,6,
img006328.jpg,sfhq/images/part2/img006328.jpg,6,
img008400.jpg,sfhq/images/part2/img008400.jpg,6,
img006706.jpg,sfhq/images/part2/img006706.jpg,6,
img005465.jpg,sfhq/images/part2/img005465.jpg,6,
img006086.jpg,sfhq/images/part2/img006086.jpg,6,
img007558.jpg,sfhq/images/part2/img007558.jpg,6,
img005230.jpg,sfhq/images/part2/img005230.jpg,6,
img009405.jpg,sfhq/images/part2/img009405.jpg,6,
img007786.jpg,sfhq/images/part2/img007786.jpg,6,
img006605.jpg,sfhq/images/part2/img006605.jpg,6,
img006399.jpg,sfhq/images/part2/img006399.jpg,6,
img008325.jpg,sfhq/images/part2/img008325.jpg,6,
img008261.jpg,sfhq/images/part2/img008261.jpg,6,
img006698.jpg,sfhq/images/part2/img006698.jpg,6,
img008462.jpg,sfhq/images/part2/img008462.jpg,6,
img007004.jpg,sfhq/images/part2/img007004.jpg,6,
img007746.jpg,sfhq/images/part2/img007746.jpg,6,
img009840.jpg,sfhq/images/part2/img009840.jpg,6,
img006379.jpg,sfhq/images/part2/img006379.jpg,6,
img008357.jpg,sfhq/images/part2/img008357.jpg,6,
img005882.jpg,sfhq/images/part2/img005882.jpg,6,
img008032.jpg,sfhq/images/part2/img008032.jpg,6,
img005072.jpg,sfhq/images/part2/img005072.jpg,6,
img006134.jpg,sfhq/images/part2/img006134.jpg,6,
img009481.jpg,sfhq/images/part2/img009481.jpg,6,
img007544.jpg,sfhq/images/part2/img007544.jpg,6,
img005089.jpg,sfhq/images/part2/img005089.jpg,6,
img007547.jpg,sfhq/images/part2/img007547.jpg,6,
img006507.jpg,sfhq/images/part2/img006507.jpg,6,
img008031.jpg,sfhq/images/part2/img008031.jpg,6,
img009417.jpg,sfhq/images/part2/img009417.jpg,6,
img007581.jpg,sfhq/images/part2/img007581.jpg,6,
img007818.jpg,sfhq/images/part2/img007818.jpg,6,
img009986.jpg,sfhq/images/part2/img009986.jpg,6,
img009053.jpg,sfhq/images/part2/img009053.jpg,6,
img009491.jpg,sfhq/images/part2/img009491.jpg,6,
img008785.jpg,sfhq/images/part2/img008785.jpg,6,
img009045.jpg,sfhq/images/part2/img009045.jpg,6,
img009126.jpg,sfhq/images/part2/img009126.jpg,6,
img009522.jpg,sfhq/images/part2/img009522.jpg,6,
img008747.jpg,sfhq/images/part2/img008747.jpg,6,
img009733.jpg,sfhq/images/part2/img009733.jpg,6,
img007678.jpg,sfhq/images/part2/img007678.jpg,6,
img007375.jpg,sfhq/images/part2/img007375.jpg,6,
img009862.jpg,sfhq/images/part2/img009862.jpg,6,
img009743.jpg,sfhq/images/part2/img009743.jpg,6,
img009630.jpg,sfhq/images/part2/img009630.jpg,6,
img006889.jpg,sfhq/images/part2/img006889.jpg,6,
img008194.jpg,sfhq/images/part2/img008194.jpg,6,
img005876.jpg,sfhq/images/part2/img005876.jpg,6,
img007529.jpg,sfhq/images/part2/img007529.jpg,6,
img008711.jpg,sfhq/images/part2/img008711.jpg,6,
img008379.jpg,sfhq/images/part2/img008379.jpg,6,
img008806.jpg,sfhq/images/part2/img008806.jpg,6,
img008601.jpg,sfhq/images/part2/img008601.jpg,6,
img005372.jpg,sfhq/images/part2/img005372.jpg,6,
img009842.jpg,sfhq/images/part2/img009842.jpg,6,
img009869.jpg,sfhq/images/part2/img009869.jpg,6,
img008709.jpg,sfhq/images/part2/img008709.jpg,6,
img006769.jpg,sfhq/images/part2/img006769.jpg,6,
img008406.jpg,sfhq/images/part2/img008406.jpg,6,
img007478.jpg,sfhq/images/part2/img007478.jpg,6,
img006248.jpg,sfhq/images/part2/img006248.jpg,6,
img006749.jpg,sfhq/images/part2/img006749.jpg,6,
img007185.jpg,sfhq/images/part2/img007185.jpg,6,
img007035.jpg,sfhq/images/part2/img007035.jpg,6,
img008181.jpg,sfhq/images/part2/img008181.jpg,6,
img006778.jpg,sfhq/images/part2/img006778.jpg,6,
img006821.jpg,sfhq/images/part2/img006821.jpg,6,
img006799.jpg,sfhq/images/part2/img006799.jpg,6,
img007984.jpg,sfhq/images/part2/img007984.jpg,6,
img008989.jpg,sfhq/images/part2/img008989.jpg,6,
img006345.jpg,sfhq/images/part2/img006345.jpg,6,
img008202.jpg,sfhq/images/part2/img008202.jpg,6,
img005724.jpg,sfhq/images/part2/img005724.jpg,6,
img008667.jpg,sfhq/images/part2/img008667.jpg,6,
img005034.jpg,sfhq/images/part2/img005034.jpg,6,
img008303.jpg,sfhq/images/part2/img008303.jpg,6,
img006967.jpg,sfhq/images/part2/img006967.jpg,6,
img009591.jpg,sfhq/images/part2/img009591.jpg,6,
img005076.jpg,sfhq/images/part2/img005076.jpg,6,
img007835.jpg,sfhq/images/part2/img007835.jpg,6,
img006892.jpg,sfhq/images/part2/img006892.jpg,6,
img006651.jpg,sfhq/images/part2/img006651.jpg,6,
img007184.jpg,sfhq/images/part2/img007184.jpg,6,
img008076.jpg,sfhq/images/part2/img008076.jpg,6,
img008354.jpg,sfhq/images/part2/img008354.jpg,6,
img006812.jpg,sfhq/images/part2/img006812.jpg,6,
img007136.jpg,sfhq/images/part2/img007136.jpg,6,
img008447.jpg,sfhq/images/part2/img008447.jpg,6,
img005366.jpg,sfhq/images/part2/img005366.jpg,6,
img006723.jpg,sfhq/images/part2/img006723.jpg,6,
img005472.jpg,sfhq/images/part2/img005472.jpg,6,
img006619.jpg,sfhq/images/part2/img006619.jpg,6,
img005834.jpg,sfhq/images/part2/img005834.jpg,6,
img009504.jpg,sfhq/images/part2/img009504.jpg,6,
img007365.jpg,sfhq/images/part2/img007365.jpg,6,
img007431.jpg,sfhq/images/part2/img007431.jpg,6,
img008543.jpg,sfhq/images/part2/img008543.jpg,6,
img008729.jpg,sfhq/images/part2/img008729.jpg,6,
img007502.jpg,sfhq/images/part2/img007502.jpg,6,
img008690.jpg,sfhq/images/part2/img008690.jpg,6,
img009223.jpg,sfhq/images/part2/img009223.jpg,6,
img007315.jpg,sfhq/images/part2/img007315.jpg,6,
img008175.jpg,sfhq/images/part2/img008175.jpg,6,
img008182.jpg,sfhq/images/part2/img008182.jpg,6,
img008719.jpg,sfhq/images/part2/img008719.jpg,6,
img006860.jpg,sfhq/images/part2/img006860.jpg,6,
img009518.jpg,sfhq/images/part2/img009518.jpg,6,
img006133.jpg,sfhq/images/part2/img006133.jpg,6,
img007512.jpg,sfhq/images/part2/img007512.jpg,6,
img005976.jpg,sfhq/images/part2/img005976.jpg,6,
img007287.jpg,sfhq/images/part2/img007287.jpg,6,
img006876.jpg,sfhq/images/part2/img006876.jpg,6,
img009996.jpg,sfhq/images/part2/img009996.jpg,6,
img007319.jpg,sfhq/images/part2/img007319.jpg,6,
img009429.jpg,sfhq/images/part2/img009429.jpg,6,
img009596.jpg,sfhq/images/part2/img009596.jpg,6,
img008506.jpg,sfhq/images/part2/img008506.jpg,6,
img009020.jpg,sfhq/images/part2/img009020.jpg,6,
img008293.jpg,sfhq/images/part2/img008293.jpg,6,
img006268.jpg,sfhq/images/part2/img006268.jpg,6,
img008997.jpg,sfhq/images/part2/img008997.jpg,6,
img007725.jpg,sfhq/images/part2/img007725.jpg,6,
img008593.jpg,sfhq/images/part2/img008593.jpg,6,
img008302.jpg,sfhq/images/part2/img008302.jpg,6,
img008935.jpg,sfhq/images/part2/img008935.jpg,6,
img007826.jpg,sfhq/images/part2/img007826.jpg,6,
img007666.jpg,sfhq/images/part2/img007666.jpg,6,
img005812.jpg,sfhq/images/part2/img005812.jpg,6,
img006227.jpg,sfhq/images/part2/img006227.jpg,6,
img008621.jpg,sfhq/images/part2/img008621.jpg,6,
img006262.jpg,sfhq/images/part2/img006262.jpg,6,
img009025.jpg,sfhq/images/part2/img009025.jpg,6,
img009562.jpg,sfhq/images/part2/img009562.jpg,6,
img009551.jpg,sfhq/images/part2/img009551.jpg,6,
img009214.jpg,sfhq/images/part2/img009214.jpg,6,
img007686.jpg,sfhq/images/part2/img007686.jpg,6,
img006214.jpg,sfhq/images/part2/img006214.jpg,6,
img005393.jpg,sfhq/images/part2/img005393.jpg,6,
img006508.jpg,sfhq/images/part2/img006508.jpg,6,
img009563.jpg,sfhq/images/part2/img009563.jpg,6,
img007997.jpg,sfhq/images/part2/img007997.jpg,6,
img008626.jpg,sfhq/images/part2/img008626.jpg,6,
img007015.jpg,sfhq/images/part2/img007015.jpg,6,
img009800.jpg,sfhq/images/part2/img009800.jpg,6,
img005787.jpg,sfhq/images/part2/img005787.jpg,6,
img005122.jpg,sfhq/images/part2/img005122.jpg,6,
img006365.jpg,sfhq/images/part2/img006365.jpg,6,
img008273.jpg,sfhq/images/part2/img008273.jpg,6,
img008911.jpg,sfhq/images/part2/img008911.jpg,6,
img008767.jpg,sfhq/images/part2/img008767.jpg,6,
img009466.jpg,sfhq/images/part2/img009466.jpg,6,
img007855.jpg,sfhq/images/part2/img007855.jpg,6,
img009133.jpg,sfhq/images/part2/img009133.jpg,6,
img007989.jpg,sfhq/images/part2/img007989.jpg,6,
img007469.jpg,sfhq/images/part2/img007469.jpg,6,
img005650.jpg,sfhq/images/part2/img005650.jpg,6,
img005233.jpg,sfhq/images/part2/img005233.jpg,6,
img007771.jpg,sfhq/images/part2/img007771.jpg,6,
img005966.jpg,sfhq/images/part2/img005966.jpg,6,
img008769.jpg,sfhq/images/part2/img008769.jpg,6,
img006482.jpg,sfhq/images/part2/img006482.jpg,6,
img006654.jpg,sfhq/images/part2/img006654.jpg,6,
img007460.jpg,sfhq/images/part2/img007460.jpg,6,
img007182.jpg,sfhq/images/part2/img007182.jpg,6,
img007646.jpg,sfhq/images/part2/img007646.jpg,6,
img007219.jpg,sfhq/images/part2/img007219.jpg,6,
img006127.jpg,sfhq/images/part2/img006127.jpg,6,
img008495.jpg,sfhq/images/part2/img008495.jpg,6,
img005458.jpg,sfhq/images/part2/img005458.jpg,6,
img009370.jpg,sfhq/images/part2/img009370.jpg,6,
img009165.jpg,sfhq/images/part2/img009165.jpg,6,
img006793.jpg,sfhq/images/part2/img006793.jpg,6,
img005500.jpg,sfhq/images/part2/img005500.jpg,6,
img005588.jpg,sfhq/images/part2/img005588.jpg,6,
img009937.jpg,sfhq/images/part2/img009937.jpg,6,
img006213.jpg,sfhq/images/part2/img006213.jpg,6,
img008689.jpg,sfhq/images/part2/img008689.jpg,6,
img005720.jpg,sfhq/images/part2/img005720.jpg,6,
img006765.jpg,sfhq/images/part2/img006765.jpg,6,
img007123.jpg,sfhq/images/part2/img007123.jpg,6,
img007829.jpg,sfhq/images/part2/img007829.jpg,6,
img007860.jpg,sfhq/images/part2/img007860.jpg,6,
img006713.jpg,sfhq/images/part2/img006713.jpg,6,
img009379.jpg,sfhq/images/part2/img009379.jpg,6,
img008453.jpg,sfhq/images/part2/img008453.jpg,6,
img009432.jpg,sfhq/images/part2/img009432.jpg,6,
img008482.jpg,sfhq/images/part2/img008482.jpg,6,
img007797.jpg,sfhq/images/part2/img007797.jpg,6,
img005065.jpg,sfhq/images/part2/img005065.jpg,6,
img009642.jpg,sfhq/images/part2/img009642.jpg,6,
img009798.jpg,sfhq/images/part2/img009798.jpg,6,
img006649.jpg,sfhq/images/part2/img006649.jpg,6,
img005732.jpg,sfhq/images/part2/img005732.jpg,6,
img009185.jpg,sfhq/images/part2/img009185.jpg,6,
img007077.jpg,sfhq/images/part2/img007077.jpg,6,
img008410.jpg,sfhq/images/part2/img008410.jpg,6,
img007457.jpg,sfhq/images/part2/img007457.jpg,6,
img009113.jpg,sfhq/images/part2/img009113.jpg,6,
img005621.jpg,sfhq/images/part2/img005621.jpg,6,
img008830.jpg,sfhq/images/part2/img008830.jpg,6,
img006030.jpg,sfhq/images/part2/img006030.jpg,6,
img008510.jpg,sfhq/images/part2/img008510.jpg,6,
img008966.jpg,sfhq/images/part2/img008966.jpg,6,
img005000.jpg,sfhq/images/part2/img005000.jpg,6,
img008313.jpg,sfhq/images/part2/img008313.jpg,6,
img007108.jpg,sfhq/images/part2/img007108.jpg,6,
img005399.jpg,sfhq/images/part2/img005399.jpg,6,
img006941.jpg,sfhq/images/part2/img006941.jpg,6,
img008370.jpg,sfhq/images/part2/img008370.jpg,6,
img006596.jpg,sfhq/images/part2/img006596.jpg,6,
img008871.jpg,sfhq/images/part2/img008871.jpg,6,
img008768.jpg,sfhq/images/part2/img008768.jpg,6,
img007625.jpg,sfhq/images/part2/img007625.jpg,6,
img005088.jpg,sfhq/images/part2/img005088.jpg,6,
img005279.jpg,sfhq/images/part2/img005279.jpg,6,
img005862.jpg,sfhq/images/part2/img005862.jpg,6,
img005004.jpg,sfhq/images/part2/img005004.jpg,6,
img007728.jpg,sfhq/images/part2/img007728.jpg,6,
img007421.jpg,sfhq/images/part2/img007421.jpg,6,
img007269.jpg,sfhq/images/part2/img007269.jpg,6,
img005471.jpg,sfhq/images/part2/img005471.jpg,6,
img005361.jpg,sfhq/images/part2/img005361.jpg,6,
img005494.jpg,sfhq/images/part2/img005494.jpg,6,
img007154.jpg,sfhq/images/part2/img007154.jpg,6,
img008435.jpg,sfhq/images/part2/img008435.jpg,6,
img007437.jpg,sfhq/images/part2/img007437.jpg,6,
img008545.jpg,sfhq/images/part2/img008545.jpg,6,
img008819.jpg,sfhq/images/part2/img008819.jpg,6,
img007507.jpg,sfhq/images/part2/img007507.jpg,6,
img008291.jpg,sfhq/images/part2/img008291.jpg,6,
img009670.jpg,sfhq/images/part2/img009670.jpg,6,
img006996.jpg,sfhq/images/part2/img006996.jpg,6,
img008882.jpg,sfhq/images/part2/img008882.jpg,6,
img006959.jpg,sfhq/images/part2/img006959.jpg,6,
img007097.jpg,sfhq/images/part2/img007097.jpg,6,
img008104.jpg,sfhq/images/part2/img008104.jpg,6,
img007410.jpg,sfhq/images/part2/img007410.jpg,6,
img005879.jpg,sfhq/images/part2/img005879.jpg,6,
img009035.jpg,sfhq/images/part2/img009035.jpg,6,
img009414.jpg,sfhq/images/part2/img009414.jpg,6,
img008539.jpg,sfhq/images/part2/img008539.jpg,6,
img005863.jpg,sfhq/images/part2/img005863.jpg,6,
img007943.jpg,sfhq/images/part2/img007943.jpg,6,
img006938.jpg,sfhq/images/part2/img006938.jpg,6,
img007324.jpg,sfhq/images/part2/img007324.jpg,6,
img008872.jpg,sfhq/images/part2/img008872.jpg,6,
img005134.jpg,sfhq/images/part2/img005134.jpg,6,
img009725.jpg,sfhq/images/part2/img009725.jpg,6,
img006871.jpg,sfhq/images/part2/img006871.jpg,6,
img007203.jpg,sfhq/images/part2/img007203.jpg,6,
img009406.jpg,sfhq/images/part2/img009406.jpg,6,
img005217.jpg,sfhq/images/part2/img005217.jpg,6,
img007548.jpg,sfhq/images/part2/img007548.jpg,6,
img008707.jpg,sfhq/images/part2/img008707.jpg,6,
img006229.jpg,sfhq/images/part2/img006229.jpg,6,
img008815.jpg,sfhq/images/part2/img008815.jpg,6,
img006096.jpg,sfhq/images/part2/img006096.jpg,6,
img007176.jpg,sfhq/images/part2/img007176.jpg,6,
img006784.jpg,sfhq/images/part2/img006784.jpg,6,
img006863.jpg,sfhq/images/part2/img006863.jpg,6,
img007126.jpg,sfhq/images/part2/img007126.jpg,6,
img009644.jpg,sfhq/images/part2/img009644.jpg,6,
img008023.jpg,sfhq/images/part2/img008023.jpg,6,
img006002.jpg,sfhq/images/part2/img006002.jpg,6,
img007313.jpg,sfhq/images/part2/img007313.jpg,6,
img007236.jpg,sfhq/images/part2/img007236.jpg,6,
img006554.jpg,sfhq/images/part2/img006554.jpg,6,
img005691.jpg,sfhq/images/part2/img005691.jpg,6,
img005121.jpg,sfhq/images/part2/img005121.jpg,6,
img007684.jpg,sfhq/images/part2/img007684.jpg,6,
img006520.jpg,sfhq/images/part2/img006520.jpg,6,
img006907.jpg,sfhq/images/part2/img006907.jpg,6,
img009511.jpg,sfhq/images/part2/img009511.jpg,6,
img005053.jpg,sfhq/images/part2/img005053.jpg,6,
img005463.jpg,sfhq/images/part2/img005463.jpg,6,
img008433.jpg,sfhq/images/part2/img008433.jpg,6,
img009452.jpg,sfhq/images/part2/img009452.jpg,6,
img008756.jpg,sfhq/images/part2/img008756.jpg,6,
img007511.jpg,sfhq/images/part2/img007511.jpg,6,
img009531.jpg,sfhq/images/part2/img009531.jpg,6,
img005607.jpg,sfhq/images/part2/img005607.jpg,6,
img007141.jpg,sfhq/images/part2/img007141.jpg,6,
img008172.jpg,sfhq/images/part2/img008172.jpg,6,
img009503.jpg,sfhq/images/part2/img009503.jpg,6,
img005137.jpg,sfhq/images/part2/img005137.jpg,6,
img007385.jpg,sfhq/images/part2/img007385.jpg,6,
img005532.jpg,sfhq/images/part2/img005532.jpg,6,
img006624.jpg,sfhq/images/part2/img006624.jpg,6,
img006641.jpg,sfhq/images/part2/img006641.jpg,6,
img009442.jpg,sfhq/images/part2/img009442.jpg,6,
img006025.jpg,sfhq/images/part2/img006025.jpg,6,
img005211.jpg,sfhq/images/part2/img005211.jpg,6,
img006893.jpg,sfhq/images/part2/img006893.jpg,6,
img008366.jpg,sfhq/images/part2/img008366.jpg,6,
img005925.jpg,sfhq/images/part2/img005925.jpg,6,
img007310.jpg,sfhq/images/part2/img007310.jpg,6,
img005246.jpg,sfhq/images/part2/img005246.jpg,6,
img006336.jpg,sfhq/images/part2/img006336.jpg,6,
img008568.jpg,sfhq/images/part2/img008568.jpg,6,
img009765.jpg,sfhq/images/part2/img009765.jpg,6,
img006244.jpg,sfhq/images/part2/img006244.jpg,6,
img006209.jpg,sfhq/images/part2/img006209.jpg,6,
img006473.jpg,sfhq/images/part2/img006473.jpg,6,
img006314.jpg,sfhq/images/part2/img006314.jpg,6,
img008021.jpg,sfhq/images/part2/img008021.jpg,6,
img007051.jpg,sfhq/images/part2/img007051.jpg,6,
img005941.jpg,sfhq/images/part2/img005941.jpg,6,
img007698.jpg,sfhq/images/part2/img007698.jpg,6,
img006822.jpg,sfhq/images/part2/img006822.jpg,6,
img006614.jpg,sfhq/images/part2/img006614.jpg,6,
img008678.jpg,sfhq/images/part2/img008678.jpg,6,
img005592.jpg,sfhq/images/part2/img005592.jpg,6,
img007722.jpg,sfhq/images/part2/img007722.jpg,6,
img005410.jpg,sfhq/images/part2/img005410.jpg,6,
img009819.jpg,sfhq/images/part2/img009819.jpg,6,
img009269.jpg,sfhq/images/part2/img009269.jpg,6,
img005172.jpg,sfhq/images/part2/img005172.jpg,6,
img006430.jpg,sfhq/images/part2/img006430.jpg,6,
img005804.jpg,sfhq/images/part2/img005804.jpg,6,
img007247.jpg,sfhq/images/part2/img007247.jpg,6,
img009190.jpg,sfhq/images/part2/img009190.jpg,6,
img005918.jpg,sfhq/images/part2/img005918.jpg,6,
img006772.jpg,sfhq/images/part2/img006772.jpg,6,
img005353.jpg,sfhq/images/part2/img005353.jpg,6,
img007815.jpg,sfhq/images/part2/img007815.jpg,6,
img006132.jpg,sfhq/images/part2/img006132.jpg,6,
img009544.jpg,sfhq/images/part2/img009544.jpg,6,
img008609.jpg,sfhq/images/part2/img008609.jpg,6,
img006284.jpg,sfhq/images/part2/img006284.jpg,6,
img005301.jpg,sfhq/images/part2/img005301.jpg,6,
img009326.jpg,sfhq/images/part2/img009326.jpg,6,
img009184.jpg,sfhq/images/part2/img009184.jpg,6,
img006326.jpg,sfhq/images/part2/img006326.jpg,6,
img006896.jpg,sfhq/images/part2/img006896.jpg,6,
img005919.jpg,sfhq/images/part2/img005919.jpg,6,
img007023.jpg,sfhq/images/part2/img007023.jpg,6,
img006500.jpg,sfhq/images/part2/img006500.jpg,6,
img007318.jpg,sfhq/images/part2/img007318.jpg,6,
img005406.jpg,sfhq/images/part2/img005406.jpg,6,
img005359.jpg,sfhq/images/part2/img005359.jpg,6,
img008758.jpg,sfhq/images/part2/img008758.jpg,6,
img008268.jpg,sfhq/images/part2/img008268.jpg,6,
img008934.jpg,sfhq/images/part2/img008934.jpg,6,
img008680.jpg,sfhq/images/part2/img008680.jpg,6,
img007618.jpg,sfhq/images/part2/img007618.jpg,6,
img005343.jpg,sfhq/images/part2/img005343.jpg,6,
img006594.jpg,sfhq/images/part2/img006594.jpg,6,
img006631.jpg,sfhq/images/part2/img006631.jpg,6,
img006982.jpg,sfhq/images/part2/img006982.jpg,6,
img005831.jpg,sfhq/images/part2/img005831.jpg,6,
img008901.jpg,sfhq/images/part2/img008901.jpg,6,
img009438.jpg,sfhq/images/part2/img009438.jpg,6,
img007696.jpg,sfhq/images/part2/img007696.jpg,6,
img005345.jpg,sfhq/images/part2/img005345.jpg,6,
img005408.jpg,sfhq/images/part2/img005408.jpg,6,
img005054.jpg,sfhq/images/part2/img005054.jpg,6,
img007819.jpg,sfhq/images/part2/img007819.jpg,6,
img009408.jpg,sfhq/images/part2/img009408.jpg,6,
img007757.jpg,sfhq/images/part2/img007757.jpg,6,
img007388.jpg,sfhq/images/part2/img007388.jpg,6,
img005628.jpg,sfhq/images/part2/img005628.jpg,6,
img009990.jpg,sfhq/images/part2/img009990.jpg,6,
img007783.jpg,sfhq/images/part2/img007783.jpg,6,
img007311.jpg,sfhq/images/part2/img007311.jpg,6,
img009834.jpg,sfhq/images/part2/img009834.jpg,6,
img009331.jpg,sfhq/images/part2/img009331.jpg,6,
img005177.jpg,sfhq/images/part2/img005177.jpg,6,
img007112.jpg,sfhq/images/part2/img007112.jpg,6,
img007523.jpg,sfhq/images/part2/img007523.jpg,6,
img008742.jpg,sfhq/images/part2/img008742.jpg,6,
img008602.jpg,sfhq/images/part2/img008602.jpg,6,
img006936.jpg,sfhq/images/part2/img006936.jpg,6,
img007286.jpg,sfhq/images/part2/img007286.jpg,6,
img006555.jpg,sfhq/images/part2/img006555.jpg,6,
img009710.jpg,sfhq/images/part2/img009710.jpg,6,
img009142.jpg,sfhq/images/part2/img009142.jpg,6,
img007470.jpg,sfhq/images/part2/img007470.jpg,6,
img007996.jpg,sfhq/images/part2/img007996.jpg,6,
img008620.jpg,sfhq/images/part2/img008620.jpg,6,
img005843.jpg,sfhq/images/part2/img005843.jpg,6,
img007066.jpg,sfhq/images/part2/img007066.jpg,6,
img007227.jpg,sfhq/images/part2/img007227.jpg,6,
img008065.jpg,sfhq/images/part2/img008065.jpg,6,
img005023.jpg,sfhq/images/part2/img005023.jpg,6,
img008161.jpg,sfhq/images/part2/img008161.jpg,6,
img007606.jpg,sfhq/images/part2/img007606.jpg,6,
img006275.jpg,sfhq/images/part2/img006275.jpg,6,
img007526.jpg,sfhq/images/part2/img007526.jpg,6,
img009279.jpg,sfhq/images/part2/img009279.jpg,6,
img005355.jpg,sfhq/images/part2/img005355.jpg,6,
img007923.jpg,sfhq/images/part2/img007923.jpg,6,
img005561.jpg,sfhq/images/part2/img005561.jpg,6,
img005597.jpg,sfhq/images/part2/img005597.jpg,6,
img006753.jpg,sfhq/images/part2/img006753.jpg,6,
img005992.jpg,sfhq/images/part2/img005992.jpg,6,
img009407.jpg,sfhq/images/part2/img009407.jpg,6,
img009280.jpg,sfhq/images/part2/img009280.jpg,6,
img005625.jpg,sfhq/images/part2/img005625.jpg,6,
img007854.jpg,sfhq/images/part2/img007854.jpg,6,
img006458.jpg,sfhq/images/part2/img006458.jpg,6,
img006330.jpg,sfhq/images/part2/img006330.jpg,6,
img007016.jpg,sfhq/images/part2/img007016.jpg,6,
img008069.jpg,sfhq/images/part2/img008069.jpg,6,
img008417.jpg,sfhq/images/part2/img008417.jpg,6,
img007798.jpg,sfhq/images/part2/img007798.jpg,6,
img006930.jpg,sfhq/images/part2/img006930.jpg,6,
img006121.jpg,sfhq/images/part2/img006121.jpg,6,
img009358.jpg,sfhq/images/part2/img009358.jpg,6,
img005924.jpg,sfhq/images/part2/img005924.jpg,6,
img005680.jpg,sfhq/images/part2/img005680.jpg,6,
img007467.jpg,sfhq/images/part2/img007467.jpg,6,
img006879.jpg,sfhq/images/part2/img006879.jpg,6,
img007299.jpg,sfhq/images/part2/img007299.jpg,6,
img009876.jpg,sfhq/images/part2/img009876.jpg,6,
img007978.jpg,sfhq/images/part2/img007978.jpg,6,
img007518.jpg,sfhq/images/part2/img007518.jpg,6,
img007347.jpg,sfhq/images/part2/img007347.jpg,6,
img005895.jpg,sfhq/images/part2/img005895.jpg,6,
img006279.jpg,sfhq/images/part2/img006279.jpg,6,
img005254.jpg,sfhq/images/part2/img005254.jpg,6,
img007667.jpg,sfhq/images/part2/img007667.jpg,6,
img007263.jpg,sfhq/images/part2/img007263.jpg,6,
img009329.jpg,sfhq/images/part2/img009329.jpg,6,
img005932.jpg,sfhq/images/part2/img005932.jpg,6,
img005718.jpg,sfhq/images/part2/img005718.jpg,6,
img005527.jpg,sfhq/images/part2/img005527.jpg,6,
img005897.jpg,sfhq/images/part2/img005897.jpg,6,
img007775.jpg,sfhq/images/part2/img007775.jpg,6,
img006612.jpg,sfhq/images/part2/img006612.jpg,6,
img008464.jpg,sfhq/images/part2/img008464.jpg,6,
img007932.jpg,sfhq/images/part2/img007932.jpg,6,
img009623.jpg,sfhq/images/part2/img009623.jpg,6,
img006588.jpg,sfhq/images/part2/img006588.jpg,6,
img005334.jpg,sfhq/images/part2/img005334.jpg,6,
img008691.jpg,sfhq/images/part2/img008691.jpg,6,
img006366.jpg,sfhq/images/part2/img006366.jpg,6,
img006825.jpg,sfhq/images/part2/img006825.jpg,6,
img006673.jpg,sfhq/images/part2/img006673.jpg,6,
img009394.jpg,sfhq/images/part2/img009394.jpg,6,
img006347.jpg,sfhq/images/part2/img006347.jpg,6,
img008444.jpg,sfhq/images/part2/img008444.jpg,6,
img006479.jpg,sfhq/images/part2/img006479.jpg,6,
img009204.jpg,sfhq/images/part2/img009204.jpg,6,
img006609.jpg,sfhq/images/part2/img006609.jpg,6,
img008759.jpg,sfhq/images/part2/img008759.jpg,6,
img005287.jpg,sfhq/images/part2/img005287.jpg,6,
img008738.jpg,sfhq/images/part2/img008738.jpg,6,
img009252.jpg,sfhq/images/part2/img009252.jpg,6,
img007780.jpg,sfhq/images/part2/img007780.jpg,6,
img008152.jpg,sfhq/images/part2/img008152.jpg,6,
img005734.jpg,sfhq/images/part2/img005734.jpg,6,
img009183.jpg,sfhq/images/part2/img009183.jpg,6,
img005622.jpg,sfhq/images/part2/img005622.jpg,6,
img009565.jpg,sfhq/images/part2/img009565.jpg,6,
img008967.jpg,sfhq/images/part2/img008967.jpg,6,
img006721.jpg,sfhq/images/part2/img006721.jpg,6,
img006402.jpg,sfhq/images/part2/img006402.jpg,6,
img006103.jpg,sfhq/images/part2/img006103.jpg,6,
img009636.jpg,sfhq/images/part2/img009636.jpg,6,
img007687.jpg,sfhq/images/part2/img007687.jpg,6,
img009666.jpg,sfhq/images/part2/img009666.jpg,6,
img005984.jpg,sfhq/images/part2/img005984.jpg,6,
img007498.jpg,sfhq/images/part2/img007498.jpg,6,
img008432.jpg,sfhq/images/part2/img008432.jpg,6,
img009646.jpg,sfhq/images/part2/img009646.jpg,6,
img008614.jpg,sfhq/images/part2/img008614.jpg,6,
img008653.jpg,sfhq/images/part2/img008653.jpg,6,
img009494.jpg,sfhq/images/part2/img009494.jpg,6,
img008346.jpg,sfhq/images/part2/img008346.jpg,6,
img009653.jpg,sfhq/images/part2/img009653.jpg,6,
img008271.jpg,sfhq/images/part2/img008271.jpg,6,
img005971.jpg,sfhq/images/part2/img005971.jpg,6,
img009116.jpg,sfhq/images/part2/img009116.jpg,6,
img005167.jpg,sfhq/images/part2/img005167.jpg,6,
img009764.jpg,sfhq/images/part2/img009764.jpg,6,
img005459.jpg,sfhq/images/part2/img005459.jpg,6,
img007206.jpg,sfhq/images/part2/img007206.jpg,6,
img005326.jpg,sfhq/images/part2/img005326.jpg,6,
img007616.jpg,sfhq/images/part2/img007616.jpg,6,
img006370.jpg,sfhq/images/part2/img006370.jpg,6,
img007947.jpg,sfhq/images/part2/img007947.jpg,6,
img006038.jpg,sfhq/images/part2/img006038.jpg,6,
img009202.jpg,sfhq/images/part2/img009202.jpg,6,
img007355.jpg,sfhq/images/part2/img007355.jpg,6,
img007094.jpg,sfhq/images/part2/img007094.jpg,6,
img009536.jpg,sfhq/images/part2/img009536.jpg,6,
img009541.jpg,sfhq/images/part2/img009541.jpg,6,
img006601.jpg,sfhq/images/part2/img006601.jpg,6,
img008705.jpg,sfhq/images/part2/img008705.jpg,6,
img009993.jpg,sfhq/images/part2/img009993.jpg,6,
img008398.jpg,sfhq/images/part2/img008398.jpg,6,
img008345.jpg,sfhq/images/part2/img008345.jpg,6,
img005304.jpg,sfhq/images/part2/img005304.jpg,6,
img009695.jpg,sfhq/images/part2/img009695.jpg,6,
img007389.jpg,sfhq/images/part2/img007389.jpg,6,
img008077.jpg,sfhq/images/part2/img008077.jpg,6,
img006047.jpg,sfhq/images/part2/img006047.jpg,6,
img009285.jpg,sfhq/images/part2/img009285.jpg,6,
img005077.jpg,sfhq/images/part2/img005077.jpg,6,
img009516.jpg,sfhq/images/part2/img009516.jpg,6,
img009081.jpg,sfhq/images/part2/img009081.jpg,6,
img008867.jpg,sfhq/images/part2/img008867.jpg,6,
img009589.jpg,sfhq/images/part2/img009589.jpg,6,
img009364.jpg,sfhq/images/part2/img009364.jpg,6,
img007271.jpg,sfhq/images/part2/img007271.jpg,6,
img006580.jpg,sfhq/images/part2/img006580.jpg,6,
img006644.jpg,sfhq/images/part2/img006644.jpg,6,
img008751.jpg,sfhq/images/part2/img008751.jpg,6,
img005982.jpg,sfhq/images/part2/img005982.jpg,6,
img009824.jpg,sfhq/images/part2/img009824.jpg,6,
img006456.jpg,sfhq/images/part2/img006456.jpg,6,
img009162.jpg,sfhq/images/part2/img009162.jpg,6,
img005078.jpg,sfhq/images/part2/img005078.jpg,6,
img009277.jpg,sfhq/images/part2/img009277.jpg,6,
img008492.jpg,sfhq/images/part2/img008492.jpg,6,
img005769.jpg,sfhq/images/part2/img005769.jpg,6,
img005069.jpg,sfhq/images/part2/img005069.jpg,6,
img007396.jpg,sfhq/images/part2/img007396.jpg,6,
img006668.jpg,sfhq/images/part2/img006668.jpg,6,
img008220.jpg,sfhq/images/part2/img008220.jpg,6,
img008109.jpg,sfhq/images/part2/img008109.jpg,6,
img005423.jpg,sfhq/images/part2/img005423.jpg,6,
img007147.jpg,sfhq/images/part2/img007147.jpg,6,
img007148.jpg,sfhq/images/part2/img007148.jpg,6,
img009036.jpg,sfhq/images/part2/img009036.jpg,6,
img005851.jpg,sfhq/images/part2/img005851.jpg,6,
img007656.jpg,sfhq/images/part2/img007656.jpg,6,
img005486.jpg,sfhq/images/part2/img005486.jpg,6,
img005664.jpg,sfhq/images/part2/img005664.jpg,6,
img007942.jpg,sfhq/images/part2/img007942.jpg,6,
img009215.jpg,sfhq/images/part2/img009215.jpg,6,
img006173.jpg,sfhq/images/part2/img006173.jpg,6,
img008344.jpg,sfhq/images/part2/img008344.jpg,6,
img006453.jpg,sfhq/images/part2/img006453.jpg,6,
img007425.jpg,sfhq/images/part2/img007425.jpg,6,
img008649.jpg,sfhq/images/part2/img008649.jpg,6,
img005526.jpg,sfhq/images/part2/img005526.jpg,6,
img007880.jpg,sfhq/images/part2/img007880.jpg,6,
img006316.jpg,sfhq/images/part2/img006316.jpg,6,
img007750.jpg,sfhq/images/part2/img007750.jpg,6,
img005375.jpg,sfhq/images/part2/img005375.jpg,6,
img005136.jpg,sfhq/images/part2/img005136.jpg,6,
img009230.jpg,sfhq/images/part2/img009230.jpg,6,
img009040.jpg,sfhq/images/part2/img009040.jpg,6,
img006697.jpg,sfhq/images/part2/img006697.jpg,6,
img009425.jpg,sfhq/images/part2/img009425.jpg,6,
img005181.jpg,sfhq/images/part2/img005181.jpg,6,
img006717.jpg,sfhq/images/part2/img006717.jpg,6,
img009328.jpg,sfhq/images/part2/img009328.jpg,6,
img007763.jpg,sfhq/images/part2/img007763.jpg,6,
img006501.jpg,sfhq/images/part2/img006501.jpg,6,
img007549.jpg,sfhq/images/part2/img007549.jpg,6,
img006467.jpg,sfhq/images/part2/img006467.jpg,6,
img007106.jpg,sfhq/images/part2/img007106.jpg,6,
img009041.jpg,sfhq/images/part2/img009041.jpg,6,
img007559.jpg,sfhq/images/part2/img007559.jpg,6,
img007693.jpg,sfhq/images/part2/img007693.jpg,6,
img009857.jpg,sfhq/images/part2/img009857.jpg,6,
img009121.jpg,sfhq/images/part2/img009121.jpg,6,
img007929.jpg,sfhq/images/part2/img007929.jpg,6,
img007060.jpg,sfhq/images/part2/img007060.jpg,6,
img007072.jpg,sfhq/images/part2/img007072.jpg,6,
img009581.jpg,sfhq/images/part2/img009581.jpg,6,
img006824.jpg,sfhq/images/part2/img006824.jpg,6,
img008009.jpg,sfhq/images/part2/img008009.jpg,6,
img006296.jpg,sfhq/images/part2/img006296.jpg,6,
img006266.jpg,sfhq/images/part2/img006266.jpg,6,
img005512.jpg,sfhq/images/part2/img005512.jpg,6,
img008423.jpg,sfhq/images/part2/img008423.jpg,6,
img008941.jpg,sfhq/images/part2/img008941.jpg,6,
img007273.jpg,sfhq/images/part2/img007273.jpg,6,
img008998.jpg,sfhq/images/part2/img008998.jpg,6,
img006939.jpg,sfhq/images/part2/img006939.jpg,6,
img006058.jpg,sfhq/images/part2/img006058.jpg,6,
img005251.jpg,sfhq/images/part2/img005251.jpg,6,
img005871.jpg,sfhq/images/part2/img005871.jpg,6,
img009775.jpg,sfhq/images/part2/img009775.jpg,6,
img005998.jpg,sfhq/images/part2/img005998.jpg,6,
img005118.jpg,sfhq/images/part2/img005118.jpg,6,
img009949.jpg,sfhq/images/part2/img009949.jpg,6,
img008755.jpg,sfhq/images/part2/img008755.jpg,6,
img007600.jpg,sfhq/images/part2/img007600.jpg,6,
img005489.jpg,sfhq/images/part2/img005489.jpg,6,
img008064.jpg,sfhq/images/part2/img008064.jpg,6,
img006449.jpg,sfhq/images/part2/img006449.jpg,6,
img007643.jpg,sfhq/images/part2/img007643.jpg,6,
img008051.jpg,sfhq/images/part2/img008051.jpg,6,
img007199.jpg,sfhq/images/part2/img007199.jpg,6,
img005421.jpg,sfhq/images/part2/img005421.jpg,6,
img006228.jpg,sfhq/images/part2/img006228.jpg,6,
img006735.jpg,sfhq/images/part2/img006735.jpg,6,
img009086.jpg,sfhq/images/part2/img009086.jpg,6,
img005872.jpg,sfhq/images/part2/img005872.jpg,6,
img008089.jpg,sfhq/images/part2/img008089.jpg,6,
img008285.jpg,sfhq/images/part2/img008285.jpg,6,
img005501.jpg,sfhq/images/part2/img005501.jpg,6,
img005006.jpg,sfhq/images/part2/img005006.jpg,6,
img008938.jpg,sfhq/images/part2/img008938.jpg,6,
img009130.jpg,sfhq/images/part2/img009130.jpg,6,
img009583.jpg,sfhq/images/part2/img009583.jpg,6,
img005504.jpg,sfhq/images/part2/img005504.jpg,6,
img006111.jpg,sfhq/images/part2/img006111.jpg,6,
img008474.jpg,sfhq/images/part2/img008474.jpg,6,
img006073.jpg,sfhq/images/part2/img006073.jpg,6,
img008213.jpg,sfhq/images/part2/img008213.jpg,6,
img007259.jpg,sfhq/images/part2/img007259.jpg,6,
img007589.jpg,sfhq/images/part2/img007589.jpg,6,
img008196.jpg,sfhq/images/part2/img008196.jpg,6,
img006116.jpg,sfhq/images/part2/img006116.jpg,6,
img009998.jpg,sfhq/images/part2/img009998.jpg,6,
img008359.jpg,sfhq/images/part2/img008359.jpg,6,
img007424.jpg,sfhq/images/part2/img007424.jpg,6,
img005418.jpg,sfhq/images/part2/img005418.jpg,6,
img005912.jpg,sfhq/images/part2/img005912.jpg,6,
img005816.jpg,sfhq/images/part2/img005816.jpg,6,
img007936.jpg,sfhq/images/part2/img007936.jpg,6,
img009054.jpg,sfhq/images/part2/img009054.jpg,6,
img008748.jpg,sfhq/images/part2/img008748.jpg,6,
img008600.jpg,sfhq/images/part2/img008600.jpg,6,
img006610.jpg,sfhq/images/part2/img006610.jpg,6,
img009867.jpg,sfhq/images/part2/img009867.jpg,6,
img005611.jpg,sfhq/images/part2/img005611.jpg,6,
img008210.jpg,sfhq/images/part2/img008210.jpg,6,
img009170.jpg,sfhq/images/part2/img009170.jpg,6,
img007692.jpg,sfhq/images/part2/img007692.jpg,6,
img009919.jpg,sfhq/images/part2/img009919.jpg,6,
img009823.jpg,sfhq/images/part2/img009823.jpg,6,
img005214.jpg,sfhq/images/part2/img005214.jpg,6,
img009093.jpg,sfhq/images/part2/img009093.jpg,6,
img008382.jpg,sfhq/images/part2/img008382.jpg,6,
img006577.jpg,sfhq/images/part2/img006577.jpg,6,
img009627.jpg,sfhq/images/part2/img009627.jpg,6,
img007406.jpg,sfhq/images/part2/img007406.jpg,6,
img007026.jpg,sfhq/images/part2/img007026.jpg,6,
img007639.jpg,sfhq/images/part2/img007639.jpg,6,
img006144.jpg,sfhq/images/part2/img006144.jpg,6,
img006108.jpg,sfhq/images/part2/img006108.jpg,6,
img007888.jpg,sfhq/images/part2/img007888.jpg,6,
img006110.jpg,sfhq/images/part2/img006110.jpg,6,
img006182.jpg,sfhq/images/part2/img006182.jpg,6,
img006906.jpg,sfhq/images/part2/img006906.jpg,6,
img005445.jpg,sfhq/images/part2/img005445.jpg,6,
img005310.jpg,sfhq/images/part2/img005310.jpg,6,
img005196.jpg,sfhq/images/part2/img005196.jpg,6,
img006571.jpg,sfhq/images/part2/img006571.jpg,6,
img006663.jpg,sfhq/images/part2/img006663.jpg,6,
img007435.jpg,sfhq/images/part2/img007435.jpg,6,
img005859.jpg,sfhq/images/part2/img005859.jpg,6,
img006705.jpg,sfhq/images/part2/img006705.jpg,6,
img006440.jpg,sfhq/images/part2/img006440.jpg,6,
img006190.jpg,sfhq/images/part2/img006190.jpg,6,
img007557.jpg,sfhq/images/part2/img007557.jpg,6,
img006635.jpg,sfhq/images/part2/img006635.jpg,6,
img006851.jpg,sfhq/images/part2/img006851.jpg,6,
img009512.jpg,sfhq/images/part2/img009512.jpg,6,
img009909.jpg,sfhq/images/part2/img009909.jpg,6,
img009923.jpg,sfhq/images/part2/img009923.jpg,6,
img006255.jpg,sfhq/images/part2/img006255.jpg,6,
img008712.jpg,sfhq/images/part2/img008712.jpg,6,
img006077.jpg,sfhq/images/part2/img006077.jpg,6,
img006946.jpg,sfhq/images/part2/img006946.jpg,6,
img005668.jpg,sfhq/images/part2/img005668.jpg,6,
img009089.jpg,sfhq/images/part2/img009089.jpg,6,
img009558.jpg,sfhq/images/part2/img009558.jpg,6,
img005543.jpg,sfhq/images/part2/img005543.jpg,6,
img007886.jpg,sfhq/images/part2/img007886.jpg,6,
img005014.jpg,sfhq/images/part2/img005014.jpg,6,
img009759.jpg,sfhq/images/part2/img009759.jpg,6,
img006148.jpg,sfhq/images/part2/img006148.jpg,6,
img006238.jpg,sfhq/images/part2/img006238.jpg,6,
img007840.jpg,sfhq/images/part2/img007840.jpg,6,
img006910.jpg,sfhq/images/part2/img006910.jpg,6,
img005123.jpg,sfhq/images/part2/img005123.jpg,6,
img009363.jpg,sfhq/images/part2/img009363.jpg,6,
img005570.jpg,sfhq/images/part2/img005570.jpg,6,
img008459.jpg,sfhq/images/part2/img008459.jpg,6,
img006193.jpg,sfhq/images/part2/img006193.jpg,6,
img005312.jpg,sfhq/images/part2/img005312.jpg,6,
img006514.jpg,sfhq/images/part2/img006514.jpg,6,
img006667.jpg,sfhq/images/part2/img006667.jpg,6,
img005970.jpg,sfhq/images/part2/img005970.jpg,6,
img008576.jpg,sfhq/images/part2/img008576.jpg,6,
img009352.jpg,sfhq/images/part2/img009352.jpg,6,
img006100.jpg,sfhq/images/part2/img006100.jpg,6,
img009061.jpg,sfhq/images/part2/img009061.jpg,6,
img008052.jpg,sfhq/images/part2/img008052.jpg,6,
img009444.jpg,sfhq/images/part2/img009444.jpg,6,
img007400.jpg,sfhq/images/part2/img007400.jpg,6,
img005757.jpg,sfhq/images/part2/img005757.jpg,6,
img008802.jpg,sfhq/images/part2/img008802.jpg,6,
img008587.jpg,sfhq/images/part2/img008587.jpg,6,
img009487.jpg,sfhq/images/part2/img009487.jpg,6,
img009167.jpg,sfhq/images/part2/img009167.jpg,6,
img009557.jpg,sfhq/images/part2/img009557.jpg,6,
img006882.jpg,sfhq/images/part2/img006882.jpg,6,
img005079.jpg,sfhq/images/part2/img005079.jpg,6,
img008428.jpg,sfhq/images/part2/img008428.jpg,6,
img006469.jpg,sfhq/images/part2/img006469.jpg,6,
img008225.jpg,sfhq/images/part2/img008225.jpg,6,
img006873.jpg,sfhq/images/part2/img006873.jpg,6,
img009967.jpg,sfhq/images/part2/img009967.jpg,6,
img006196.jpg,sfhq/images/part2/img006196.jpg,6,
img005398.jpg,sfhq/images/part2/img005398.jpg,6,
img007121.jpg,sfhq/images/part2/img007121.jpg,6,
img008414.jpg,sfhq/images/part2/img008414.jpg,6,
img009412.jpg,sfhq/images/part2/img009412.jpg,6,
img008097.jpg,sfhq/images/part2/img008097.jpg,6,
img008296.jpg,sfhq/images/part2/img008296.jpg,6,
img006966.jpg,sfhq/images/part2/img006966.jpg,6,
img005247.jpg,sfhq/images/part2/img005247.jpg,6,
img008792.jpg,sfhq/images/part2/img008792.jpg,6,
img009366.jpg,sfhq/images/part2/img009366.jpg,6,
img006841.jpg,sfhq/images/part2/img006841.jpg,6,
img005642.jpg,sfhq/images/part2/img005642.jpg,6,
img007125.jpg,sfhq/images/part2/img007125.jpg,6,
img005983.jpg,sfhq/images/part2/img005983.jpg,6,
img008960.jpg,sfhq/images/part2/img008960.jpg,6,
img005289.jpg,sfhq/images/part2/img005289.jpg,6,
img005444.jpg,sfhq/images/part2/img005444.jpg,6,
img005977.jpg,sfhq/images/part2/img005977.jpg,6,
img007339.jpg,sfhq/images/part2/img007339.jpg,6,
img008713.jpg,sfhq/images/part2/img008713.jpg,6,
img006685.jpg,sfhq/images/part2/img006685.jpg,6,
img006962.jpg,sfhq/images/part2/img006962.jpg,6,
img007040.jpg,sfhq/images/part2/img007040.jpg,6,
img007588.jpg,sfhq/images/part2/img007588.jpg,6,
img009496.jpg,sfhq/images/part2/img009496.jpg,6,
img007190.jpg,sfhq/images/part2/img007190.jpg,6,
img006194.jpg,sfhq/images/part2/img006194.jpg,6,
img005234.jpg,sfhq/images/part2/img005234.jpg,6,
img008137.jpg,sfhq/images/part2/img008137.jpg,6,
img009761.jpg,sfhq/images/part2/img009761.jpg,6,
img007758.jpg,sfhq/images/part2/img007758.jpg,6,
img006088.jpg,sfhq/images/part2/img006088.jpg,6,
img006839.jpg,sfhq/images/part2/img006839.jpg,6,
img008374.jpg,sfhq/images/part2/img008374.jpg,6,
img008990.jpg,sfhq/images/part2/img008990.jpg,6,
img007244.jpg,sfhq/images/part2/img007244.jpg,6,
img006638.jpg,sfhq/images/part2/img006638.jpg,6,
img009342.jpg,sfhq/images/part2/img009342.jpg,6,
img005007.jpg,sfhq/images/part2/img005007.jpg,6,
img008330.jpg,sfhq/images/part2/img008330.jpg,6,
img008853.jpg,sfhq/images/part2/img008853.jpg,6,
img008497.jpg,sfhq/images/part2/img008497.jpg,6,
img006470.jpg,sfhq/images/part2/img006470.jpg,6,
img008131.jpg,sfhq/images/part2/img008131.jpg,6,
img005517.jpg,sfhq/images/part2/img005517.jpg,6,
img006050.jpg,sfhq/images/part2/img006050.jpg,6,
img009372.jpg,sfhq/images/part2/img009372.jpg,6,
img006459.jpg,sfhq/images/part2/img006459.jpg,6,
img006951.jpg,sfhq/images/part2/img006951.jpg,6,
img005422.jpg,sfhq/images/part2/img005422.jpg,6,
img006422.jpg,sfhq/images/part2/img006422.jpg,6,
img006074.jpg,sfhq/images/part2/img006074.jpg,6,
img008145.jpg,sfhq/images/part2/img008145.jpg,6,
img005198.jpg,sfhq/images/part2/img005198.jpg,6,
img007582.jpg,sfhq/images/part2/img007582.jpg,6,
img009736.jpg,sfhq/images/part2/img009736.jpg,6,
img006245.jpg,sfhq/images/part2/img006245.jpg,6,
img007129.jpg,sfhq/images/part2/img007129.jpg,6,
img005908.jpg,sfhq/images/part2/img005908.jpg,6,
img006443.jpg,sfhq/images/part2/img006443.jpg,6,
img008798.jpg,sfhq/images/part2/img008798.jpg,6,
img007334.jpg,sfhq/images/part2/img007334.jpg,6,
img005950.jpg,sfhq/images/part2/img005950.jpg,6,
img009884.jpg,sfhq/images/part2/img009884.jpg,6,
img005806.jpg,sfhq/images/part2/img005806.jpg,6,
img005735.jpg,sfhq/images/part2/img005735.jpg,6,
img008368.jpg,sfhq/images/part2/img008368.jpg,6,
img005890.jpg,sfhq/images/part2/img005890.jpg,6,
img006381.jpg,sfhq/images/part2/img006381.jpg,6,
img008290.jpg,sfhq/images/part2/img008290.jpg,6,
img009293.jpg,sfhq/images/part2/img009293.jpg,6,
img007554.jpg,sfhq/images/part2/img007554.jpg,6,
img007839.jpg,sfhq/images/part2/img007839.jpg,6,
img009835.jpg,sfhq/images/part2/img009835.jpg,6,
img008071.jpg,sfhq/images/part2/img008071.jpg,6,
img007645.jpg,sfhq/images/part2/img007645.jpg,6,
img008227.jpg,sfhq/images/part2/img008227.jpg,6,
img009683.jpg,sfhq/images/part2/img009683.jpg,6,
img008163.jpg,sfhq/images/part2/img008163.jpg,6,
img009236.jpg,sfhq/images/part2/img009236.jpg,6,
img006586.jpg,sfhq/images/part2/img006586.jpg,6,
img006461.jpg,sfhq/images/part2/img006461.jpg,6,
img006811.jpg,sfhq/images/part2/img006811.jpg,6,
img008234.jpg,sfhq/images/part2/img008234.jpg,6,
img007575.jpg,sfhq/images/part2/img007575.jpg,6,
img006534.jpg,sfhq/images/part2/img006534.jpg,6,
img009220.jpg,sfhq/images/part2/img009220.jpg,6,
img009107.jpg,sfhq/images/part2/img009107.jpg,6,
img007021.jpg,sfhq/images/part2/img007021.jpg,6,
img008193.jpg,sfhq/images/part2/img008193.jpg,6,
img007569.jpg,sfhq/images/part2/img007569.jpg,6,
img005542.jpg,sfhq/images/part2/img005542.jpg,6,
img009547.jpg,sfhq/images/part2/img009547.jpg,6,
img008108.jpg,sfhq/images/part2/img008108.jpg,6,
img005702.jpg,sfhq/images/part2/img005702.jpg,6,
img009953.jpg,sfhq/images/part2/img009953.jpg,6,
img008157.jpg,sfhq/images/part2/img008157.jpg,6,
img005814.jpg,sfhq/images/part2/img005814.jpg,6,
img005350.jpg,sfhq/images/part2/img005350.jpg,6,
img008540.jpg,sfhq/images/part2/img008540.jpg,6,
img009008.jpg,sfhq/images/part2/img009008.jpg,6,
img007450.jpg,sfhq/images/part2/img007450.jpg,6,
img008208.jpg,sfhq/images/part2/img008208.jpg,6,
img009499.jpg,sfhq/images/part2/img009499.jpg,6,
img005051.jpg,sfhq/images/part2/img005051.jpg,6,
img005243.jpg,sfhq/images/part2/img005243.jpg,6,
img006937.jpg,sfhq/images/part2/img006937.jpg,6,
img005380.jpg,sfhq/images/part2/img005380.jpg,6,
img005519.jpg,sfhq/images/part2/img005519.jpg,6,
img005388.jpg,sfhq/images/part2/img005388.jpg,6,
img008623.jpg,sfhq/images/part2/img008623.jpg,6,
img005460.jpg,sfhq/images/part2/img005460.jpg,6,
img007167.jpg,sfhq/images/part2/img007167.jpg,6,
img006766.jpg,sfhq/images/part2/img006766.jpg,6,
img005762.jpg,sfhq/images/part2/img005762.jpg,6,
img009323.jpg,sfhq/images/part2/img009323.jpg,6,
img005848.jpg,sfhq/images/part2/img005848.jpg,6,
img008197.jpg,sfhq/images/part2/img008197.jpg,6,
img007935.jpg,sfhq/images/part2/img007935.jpg,6,
img009046.jpg,sfhq/images/part2/img009046.jpg,6,
img009566.jpg,sfhq/images/part2/img009566.jpg,6,
img008995.jpg,sfhq/images/part2/img008995.jpg,6,
img005268.jpg,sfhq/images/part2/img005268.jpg,6,
img009519.jpg,sfhq/images/part2/img009519.jpg,6,
img008596.jpg,sfhq/images/part2/img008596.jpg,6,
img007723.jpg,sfhq/images/part2/img007723.jpg,6,
img009509.jpg,sfhq/images/part2/img009509.jpg,6,
img009007.jpg,sfhq/images/part2/img009007.jpg,6,
img009410.jpg,sfhq/images/part2/img009410.jpg,6,
img009362.jpg,sfhq/images/part2/img009362.jpg,6,
img005811.jpg,sfhq/images/part2/img005811.jpg,6,
img008907.jpg,sfhq/images/part2/img008907.jpg,6,
img006414.jpg,sfhq/images/part2/img006414.jpg,6,
img006317.jpg,sfhq/images/part2/img006317.jpg,6,
img007397.jpg,sfhq/images/part2/img007397.jpg,6,
img008876.jpg,sfhq/images/part2/img008876.jpg,6,
img006398.jpg,sfhq/images/part2/img006398.jpg,6,
img009904.jpg,sfhq/images/part2/img009904.jpg,6,
img006323.jpg,sfhq/images/part2/img006323.jpg,6,
img007474.jpg,sfhq/images/part2/img007474.jpg,6,
img008427.jpg,sfhq/images/part2/img008427.jpg,6,
img009209.jpg,sfhq/images/part2/img009209.jpg,6,
img005824.jpg,sfhq/images/part2/img005824.jpg,6,
img008889.jpg,sfhq/images/part2/img008889.jpg,6,
img007109.jpg,sfhq/images/part2/img007109.jpg,6,
img006653.jpg,sfhq/images/part2/img006653.jpg,6,
img008883.jpg,sfhq/images/part2/img008883.jpg,6,
img006217.jpg,sfhq/images/part2/img006217.jpg,6,
img005979.jpg,sfhq/images/part2/img005979.jpg,6,
img008214.jpg,sfhq/images/part2/img008214.jpg,6,
img007973.jpg,sfhq/images/part2/img007973.jpg,6,
img006955.jpg,sfhq/images/part2/img006955.jpg,6,
img008635.jpg,sfhq/images/part2/img008635.jpg,6,
img005037.jpg,sfhq/images/part2/img005037.jpg,6,
img005852.jpg,sfhq/images/part2/img005852.jpg,6,
img007870.jpg,sfhq/images/part2/img007870.jpg,6,
img007641.jpg,sfhq/images/part2/img007641.jpg,6,
img008647.jpg,sfhq/images/part2/img008647.jpg,6,
img009810.jpg,sfhq/images/part2/img009810.jpg,6,
img009667.jpg,sfhq/images/part2/img009667.jpg,6,
img007456.jpg,sfhq/images/part2/img007456.jpg,6,
img006329.jpg,sfhq/images/part2/img006329.jpg,6,
img009004.jpg,sfhq/images/part2/img009004.jpg,6,
img005321.jpg,sfhq/images/part2/img005321.jpg,6,
img006499.jpg,sfhq/images/part2/img006499.jpg,6,
img007868.jpg,sfhq/images/part2/img007868.jpg,6,
img006176.jpg,sfhq/images/part2/img006176.jpg,6,
img008556.jpg,sfhq/images/part2/img008556.jpg,6,
img006584.jpg,sfhq/images/part2/img006584.jpg,6,
img005808.jpg,sfhq/images/part2/img005808.jpg,6,
img007615.jpg,sfhq/images/part2/img007615.jpg,6,
img008551.jpg,sfhq/images/part2/img008551.jpg,6,
img008673.jpg,sfhq/images/part2/img008673.jpg,6,
img006203.jpg,sfhq/images/part2/img006203.jpg,6,
img005752.jpg,sfhq/images/part2/img005752.jpg,6,
img005290.jpg,sfhq/images/part2/img005290.jpg,6,
img008318.jpg,sfhq/images/part2/img008318.jpg,6,
img009337.jpg,sfhq/images/part2/img009337.jpg,6,
img008981.jpg,sfhq/images/part2/img008981.jpg,6,
img009905.jpg,sfhq/images/part2/img009905.jpg,6,
img005109.jpg,sfhq/images/part2/img005109.jpg,6,
img005556.jpg,sfhq/images/part2/img005556.jpg,6,
img007132.jpg,sfhq/images/part2/img007132.jpg,6,
img007922.jpg,sfhq/images/part2/img007922.jpg,6,
img008123.jpg,sfhq/images/part2/img008123.jpg,6,
img009841.jpg,sfhq/images/part2/img009841.jpg,6,
img009872.jpg,sfhq/images/part2/img009872.jpg,6,
img005679.jpg,sfhq/images/part2/img005679.jpg,6,
img009235.jpg,sfhq/images/part2/img009235.jpg,6,
img006476.jpg,sfhq/images/part2/img006476.jpg,6,
img009928.jpg,sfhq/images/part2/img009928.jpg,6,
img007372.jpg,sfhq/images/part2/img007372.jpg,6,
img006146.jpg,sfhq/images/part2/img006146.jpg,6,
img006506.jpg,sfhq/images/part2/img006506.jpg,6,
img006251.jpg,sfhq/images/part2/img006251.jpg,6,
img005266.jpg,sfhq/images/part2/img005266.jpg,6,
img009464.jpg,sfhq/images/part2/img009464.jpg,6,
img009910.jpg,sfhq/images/part2/img009910.jpg,6,
img007278.jpg,sfhq/images/part2/img007278.jpg,6,
img005195.jpg,sfhq/images/part2/img005195.jpg,6,
img009741.jpg,sfhq/images/part2/img009741.jpg,6,
img006364.jpg,sfhq/images/part2/img006364.jpg,6,
img009673.jpg,sfhq/images/part2/img009673.jpg,6,
img005880.jpg,sfhq/images/part2/img005880.jpg,6,
img008332.jpg,sfhq/images/part2/img008332.jpg,6,
img008446.jpg,sfhq/images/part2/img008446.jpg,6,
img009141.jpg,sfhq/images/part2/img009141.jpg,6,
img009691.jpg,sfhq/images/part2/img009691.jpg,6,
img007629.jpg,sfhq/images/part2/img007629.jpg,6,
img008310.jpg,sfhq/images/part2/img008310.jpg,6,
img005473.jpg,sfhq/images/part2/img005473.jpg,6,
img009617.jpg,sfhq/images/part2/img009617.jpg,6,
img009987.jpg,sfhq/images/part2/img009987.jpg,6,
img006204.jpg,sfhq/images/part2/img006204.jpg,6,
img008773.jpg,sfhq/images/part2/img008773.jpg,6,
img007231.jpg,sfhq/images/part2/img007231.jpg,6,
img007607.jpg,sfhq/images/part2/img007607.jpg,6,
img007938.jpg,sfhq/images/part2/img007938.jpg,6,
img006575.jpg,sfhq/images/part2/img006575.jpg,6,
img005742.jpg,sfhq/images/part2/img005742.jpg,6,
img009490.jpg,sfhq/images/part2/img009490.jpg,6,
img009033.jpg,sfhq/images/part2/img009033.jpg,6,
img009264.jpg,sfhq/images/part2/img009264.jpg,6,
img005431.jpg,sfhq/images/part2/img005431.jpg,6,
img009895.jpg,sfhq/images/part2/img009895.jpg,6,
img007374.jpg,sfhq/images/part2/img007374.jpg,6,
img006301.jpg,sfhq/images/part2/img006301.jpg,6,
img009384.jpg,sfhq/images/part2/img009384.jpg,6,
img009616.jpg,sfhq/images/part2/img009616.jpg,6,
img008305.jpg,sfhq/images/part2/img008305.jpg,6,
img005327.jpg,sfhq/images/part2/img005327.jpg,6,
img008569.jpg,sfhq/images/part2/img008569.jpg,6,
img007521.jpg,sfhq/images/part2/img007521.jpg,6,
img006171.jpg,sfhq/images/part2/img006171.jpg,6,
img005962.jpg,sfhq/images/part2/img005962.jpg,6,
img009229.jpg,sfhq/images/part2/img009229.jpg,6,
img008753.jpg,sfhq/images/part2/img008753.jpg,6,
img006152.jpg,sfhq/images/part2/img006152.jpg,6,
img007076.jpg,sfhq/images/part2/img007076.jpg,6,
img005392.jpg,sfhq/images/part2/img005392.jpg,6,
img008251.jpg,sfhq/images/part2/img008251.jpg,6,
img007673.jpg,sfhq/images/part2/img007673.jpg,6,
img005721.jpg,sfhq/images/part2/img005721.jpg,6,
img008498.jpg,sfhq/images/part2/img008498.jpg,6,
img009912.jpg,sfhq/images/part2/img009912.jpg,6,
img005363.jpg,sfhq/images/part2/img005363.jpg,6,
img007007.jpg,sfhq/images/part2/img007007.jpg,6,
img008912.jpg,sfhq/images/part2/img008912.jpg,6,
img007748.jpg,sfhq/images/part2/img007748.jpg,6,
img008558.jpg,sfhq/images/part2/img008558.jpg,6,
img006961.jpg,sfhq/images/part2/img006961.jpg,6,
img006739.jpg,sfhq/images/part2/img006739.jpg,6,
img006576.jpg,sfhq/images/part2/img006576.jpg,6,
img009055.jpg,sfhq/images/part2/img009055.jpg,6,
img007596.jpg,sfhq/images/part2/img007596.jpg,6,
img008334.jpg,sfhq/images/part2/img008334.jpg,6,
img009528.jpg,sfhq/images/part2/img009528.jpg,6,
img007830.jpg,sfhq/images/part2/img007830.jpg,6,
img009774.jpg,sfhq/images/part2/img009774.jpg,6,
img007337.jpg,sfhq/images/part2/img007337.jpg,6,
img005942.jpg,sfhq/images/part2/img005942.jpg,6,
img006426.jpg,sfhq/images/part2/img006426.jpg,6,
img009751.jpg,sfhq/images/part2/img009751.jpg,6,
img006707.jpg,sfhq/images/part2/img006707.jpg,6,
img008232.jpg,sfhq/images/part2/img008232.jpg,6,
img009934.jpg,sfhq/images/part2/img009934.jpg,6,
img005715.jpg,sfhq/images/part2/img005715.jpg,6,
img005432.jpg,sfhq/images/part2/img005432.jpg,6,
img007441.jpg,sfhq/images/part2/img007441.jpg,6,
img007306.jpg,sfhq/images/part2/img007306.jpg,6,
img007573.jpg,sfhq/images/part2/img007573.jpg,6,
img007201.jpg,sfhq/images/part2/img007201.jpg,6,
img008804.jpg,sfhq/images/part2/img008804.jpg,6,
img009671.jpg,sfhq/images/part2/img009671.jpg,6,
img005817.jpg,sfhq/images/part2/img005817.jpg,6,
img009475.jpg,sfhq/images/part2/img009475.jpg,6,
img008166.jpg,sfhq/images/part2/img008166.jpg,6,
img007362.jpg,sfhq/images/part2/img007362.jpg,6,
img005224.jpg,sfhq/images/part2/img005224.jpg,6,
img005645.jpg,sfhq/images/part2/img005645.jpg,6,
img005357.jpg,sfhq/images/part2/img005357.jpg,6,
img006600.jpg,sfhq/images/part2/img006600.jpg,6,
img008777.jpg,sfhq/images/part2/img008777.jpg,6,
img006913.jpg,sfhq/images/part2/img006913.jpg,6,
img008775.jpg,sfhq/images/part2/img008775.jpg,6,
img009709.jpg,sfhq/images/part2/img009709.jpg,6,
img005505.jpg,sfhq/images/part2/img005505.jpg,6,
img006207.jpg,sfhq/images/part2/img006207.jpg,6,
img005800.jpg,sfhq/images/part2/img005800.jpg,6,
img007344.jpg,sfhq/images/part2/img007344.jpg,6,
img009555.jpg,sfhq/images/part2/img009555.jpg,6,
img007241.jpg,sfhq/images/part2/img007241.jpg,6,
img005711.jpg,sfhq/images/part2/img005711.jpg,6,
img007138.jpg,sfhq/images/part2/img007138.jpg,6,
img006969.jpg,sfhq/images/part2/img006969.jpg,6,
img005152.jpg,sfhq/images/part2/img005152.jpg,6,
img005159.jpg,sfhq/images/part2/img005159.jpg,6,
img007220.jpg,sfhq/images/part2/img007220.jpg,6,
img008084.jpg,sfhq/images/part2/img008084.jpg,6,
img009304.jpg,sfhq/images/part2/img009304.jpg,6,
img005651.jpg,sfhq/images/part2/img005651.jpg,6,
img005920.jpg,sfhq/images/part2/img005920.jpg,6,
img006498.jpg,sfhq/images/part2/img006498.jpg,6,
img009782.jpg,sfhq/images/part2/img009782.jpg,6,
img005235.jpg,sfhq/images/part2/img005235.jpg,6,
img007156.jpg,sfhq/images/part2/img007156.jpg,6,
img007254.jpg,sfhq/images/part2/img007254.jpg,6,
img007941.jpg,sfhq/images/part2/img007941.jpg,6,
img008980.jpg,sfhq/images/part2/img008980.jpg,6,
img007809.jpg,sfhq/images/part2/img007809.jpg,6,
img008886.jpg,sfhq/images/part2/img008886.jpg,6,
img007392.jpg,sfhq/images/part2/img007392.jpg,6,
img006657.jpg,sfhq/images/part2/img006657.jpg,6,
img007915.jpg,sfhq/images/part2/img007915.jpg,6,
img009783.jpg,sfhq/images/part2/img009783.jpg,6,
img007735.jpg,sfhq/images/part2/img007735.jpg,6,
img008879.jpg,sfhq/images/part2/img008879.jpg,6,
img005913.jpg,sfhq/images/part2/img005913.jpg,6,
img009870.jpg,sfhq/images/part2/img009870.jpg,6,
img009886.jpg,sfhq/images/part2/img009886.jpg,6,
img006798.jpg,sfhq/images/part2/img006798.jpg,6,
img008074.jpg,sfhq/images/part2/img008074.jpg,6,
img009001.jpg,sfhq/images/part2/img009001.jpg,6,
img007848.jpg,sfhq/images/part2/img007848.jpg,6,
img007496.jpg,sfhq/images/part2/img007496.jpg,6,
img008477.jpg,sfhq/images/part2/img008477.jpg,6,
img008987.jpg,sfhq/images/part2/img008987.jpg,6,
img005368.jpg,sfhq/images/part2/img005368.jpg,6,
img009324.jpg,sfhq/images/part2/img009324.jpg,6,
img009837.jpg,sfhq/images/part2/img009837.jpg,6,
img008315.jpg,sfhq/images/part2/img008315.jpg,6,
img006331.jpg,sfhq/images/part2/img006331.jpg,6,
img005569.jpg,sfhq/images/part2/img005569.jpg,6,
img008760.jpg,sfhq/images/part2/img008760.jpg,6,
img006413.jpg,sfhq/images/part2/img006413.jpg,6,
img008762.jpg,sfhq/images/part2/img008762.jpg,6,
img006118.jpg,sfhq/images/part2/img006118.jpg,6,
img005657.jpg,sfhq/images/part2/img005657.jpg,6,
img007140.jpg,sfhq/images/part2/img007140.jpg,6,
img009790.jpg,sfhq/images/part2/img009790.jpg,6,
img005947.jpg,sfhq/images/part2/img005947.jpg,6,
img008745.jpg,sfhq/images/part2/img008745.jpg,6,
img005208.jpg,sfhq/images/part2/img005208.jpg,6,
img007062.jpg,sfhq/images/part2/img007062.jpg,6,
img008608.jpg,sfhq/images/part2/img008608.jpg,6,
img005692.jpg,sfhq/images/part2/img005692.jpg,6,
img009777.jpg,sfhq/images/part2/img009777.jpg,6,
img006621.jpg,sfhq/images/part2/img006621.jpg,6,
img009346.jpg,sfhq/images/part2/img009346.jpg,6,
img009391.jpg,sfhq/images/part2/img009391.jpg,6,
img008686.jpg,sfhq/images/part2/img008686.jpg,6,
img006777.jpg,sfhq/images/part2/img006777.jpg,6,
img008813.jpg,sfhq/images/part2/img008813.jpg,6,
img009334.jpg,sfhq/images/part2/img009334.jpg,6,
img006478.jpg,sfhq/images/part2/img006478.jpg,6,
img005860.jpg,sfhq/images/part2/img005860.jpg,6,
img008664.jpg,sfhq/images/part2/img008664.jpg,6,
img005654.jpg,sfhq/images/part2/img005654.jpg,6,
img009166.jpg,sfhq/images/part2/img009166.jpg,6,
img005899.jpg,sfhq/images/part2/img005899.jpg,6,
img008845.jpg,sfhq/images/part2/img008845.jpg,6,
img009138.jpg,sfhq/images/part2/img009138.jpg,6,
img006416.jpg,sfhq/images/part2/img006416.jpg,6,
img009228.jpg,sfhq/images/part2/img009228.jpg,6,
img009994.jpg,sfhq/images/part2/img009994.jpg,6,
img007519.jpg,sfhq/images/part2/img007519.jpg,6,
img006288.jpg,sfhq/images/part2/img006288.jpg,6,
img009097.jpg,sfhq/images/part2/img009097.jpg,6,
img007301.jpg,sfhq/images/part2/img007301.jpg,6,
img006261.jpg,sfhq/images/part2/img006261.jpg,6,
img007902.jpg,sfhq/images/part2/img007902.jpg,6,
img007817.jpg,sfhq/images/part2/img007817.jpg,6,
img006895.jpg,sfhq/images/part2/img006895.jpg,6,
img007977.jpg,sfhq/images/part2/img007977.jpg,6,
img005138.jpg,sfhq/images/part2/img005138.jpg,6,
img006948.jpg,sfhq/images/part2/img006948.jpg,6,
img008392.jpg,sfhq/images/part2/img008392.jpg,6,
img009567.jpg,sfhq/images/part2/img009567.jpg,6,
img009978.jpg,sfhq/images/part2/img009978.jpg,6,
img005655.jpg,sfhq/images/part2/img005655.jpg,6,
img005610.jpg,sfhq/images/part2/img005610.jpg,6,
img008117.jpg,sfhq/images/part2/img008117.jpg,6,
img006303.jpg,sfhq/images/part2/img006303.jpg,6,
img007110.jpg,sfhq/images/part2/img007110.jpg,6,
img007787.jpg,sfhq/images/part2/img007787.jpg,6,
img008984.jpg,sfhq/images/part2/img008984.jpg,6,
img009942.jpg,sfhq/images/part2/img009942.jpg,6,
img009340.jpg,sfhq/images/part2/img009340.jpg,6,
img008200.jpg,sfhq/images/part2/img008200.jpg,6,
img006745.jpg,sfhq/images/part2/img006745.jpg,6,
img007563.jpg,sfhq/images/part2/img007563.jpg,6,
img006633.jpg,sfhq/images/part2/img006633.jpg,6,
img007975.jpg,sfhq/images/part2/img007975.jpg,6,
img008159.jpg,sfhq/images/part2/img008159.jpg,6,
img009879.jpg,sfhq/images/part2/img009879.jpg,6,
img006298.jpg,sfhq/images/part2/img006298.jpg,6,
img005115.jpg,sfhq/images/part2/img005115.jpg,6,
img009807.jpg,sfhq/images/part2/img009807.jpg,6,
img006652.jpg,sfhq/images/part2/img006652.jpg,6,
img005094.jpg,sfhq/images/part2/img005094.jpg,6,
img006655.jpg,sfhq/images/part2/img006655.jpg,6,
img008965.jpg,sfhq/images/part2/img008965.jpg,6,
img005681.jpg,sfhq/images/part2/img005681.jpg,6,
img006240.jpg,sfhq/images/part2/img006240.jpg,6,
img009738.jpg,sfhq/images/part2/img009738.jpg,6,
img008878.jpg,sfhq/images/part2/img008878.jpg,6,
img008832.jpg,sfhq/images/part2/img008832.jpg,6,
img005741.jpg,sfhq/images/part2/img005741.jpg,6,
img005766.jpg,sfhq/images/part2/img005766.jpg,6,
img008005.jpg,sfhq/images/part2/img008005.jpg,6,
img007382.jpg,sfhq/images/part2/img007382.jpg,6,
img006709.jpg,sfhq/images/part2/img006709.jpg,6,
img008562.jpg,sfhq/images/part2/img008562.jpg,6,
img008567.jpg,sfhq/images/part2/img008567.jpg,6,
img007216.jpg,sfhq/images/part2/img007216.jpg,6,
img005518.jpg,sfhq/images/part2/img005518.jpg,6,
img009955.jpg,sfhq/images/part2/img009955.jpg,6,
img005525.jpg,sfhq/images/part2/img005525.jpg,6,
img006662.jpg,sfhq/images/part2/img006662.jpg,6,
img005521.jpg,sfhq/images/part2/img005521.jpg,6,
img005038.jpg,sfhq/images/part2/img005038.jpg,6,
img007215.jpg,sfhq/images/part2/img007215.jpg,6,
img006993.jpg,sfhq/images/part2/img006993.jpg,6,
img006537.jpg,sfhq/images/part2/img006537.jpg,6,
img006438.jpg,sfhq/images/part2/img006438.jpg,6,
img006373.jpg,sfhq/images/part2/img006373.jpg,6,
img009068.jpg,sfhq/images/part2/img009068.jpg,6,
img009382.jpg,sfhq/images/part2/img009382.jpg,6,
img005822.jpg,sfhq/images/part2/img005822.jpg,6,
img009727.jpg,sfhq/images/part2/img009727.jpg,6,
img006987.jpg,sfhq/images/part2/img006987.jpg,6,
img005064.jpg,sfhq/images/part2/img005064.jpg,6,
img009746.jpg,sfhq/images/part2/img009746.jpg,6,
img006671.jpg,sfhq/images/part2/img006671.jpg,6,
img006643.jpg,sfhq/images/part2/img006643.jpg,6,
img007059.jpg,sfhq/images/part2/img007059.jpg,6,
img008242.jpg,sfhq/images/part2/img008242.jpg,6,
img007341.jpg,sfhq/images/part2/img007341.jpg,6,
img008942.jpg,sfhq/images/part2/img008942.jpg,6,
img005369.jpg,sfhq/images/part2/img005369.jpg,6,
img006089.jpg,sfhq/images/part2/img006089.jpg,6,
img008411.jpg,sfhq/images/part2/img008411.jpg,6,
img007500.jpg,sfhq/images/part2/img007500.jpg,6,
img009507.jpg,sfhq/images/part2/img009507.jpg,6,
img007045.jpg,sfhq/images/part2/img007045.jpg,6,
img009238.jpg,sfhq/images/part2/img009238.jpg,6,
img009297.jpg,sfhq/images/part2/img009297.jpg,6,
img006954.jpg,sfhq/images/part2/img006954.jpg,6,
img009067.jpg,sfhq/images/part2/img009067.jpg,6,
img008162.jpg,sfhq/images/part2/img008162.jpg,6,
img007207.jpg,sfhq/images/part2/img007207.jpg,6,
img009098.jpg,sfhq/images/part2/img009098.jpg,6,
img005190.jpg,sfhq/images/part2/img005190.jpg,6,
img008744.jpg,sfhq/images/part2/img008744.jpg,6,
img005342.jpg,sfhq/images/part2/img005342.jpg,6,
img006535.jpg,sfhq/images/part2/img006535.jpg,6,
img009212.jpg,sfhq/images/part2/img009212.jpg,6,
img007354.jpg,sfhq/images/part2/img007354.jpg,6,
img005417.jpg,sfhq/images/part2/img005417.jpg,6,
img006548.jpg,sfhq/images/part2/img006548.jpg,6,
img005493.jpg,sfhq/images/part2/img005493.jpg,6,
img007284.jpg,sfhq/images/part2/img007284.jpg,6,
img006062.jpg,sfhq/images/part2/img006062.jpg,6,
img008986.jpg,sfhq/images/part2/img008986.jpg,6,
img007651.jpg,sfhq/images/part2/img007651.jpg,6,
img009614.jpg,sfhq/images/part2/img009614.jpg,6,
img005336.jpg,sfhq/images/part2/img005336.jpg,6,
img006890.jpg,sfhq/images/part2/img006890.jpg,6,
img007297.jpg,sfhq/images/part2/img007297.jpg,6,
img008183.jpg,sfhq/images/part2/img008183.jpg,6,
img008982.jpg,sfhq/images/part2/img008982.jpg,6,
img005215.jpg,sfhq/images/part2/img005215.jpg,6,
img009135.jpg,sfhq/images/part2/img009135.jpg,6,
img007864.jpg,sfhq/images/part2/img007864.jpg,6,
img009455.jpg,sfhq/images/part2/img009455.jpg,6,
img005754.jpg,sfhq/images/part2/img005754.jpg,6,
img005785.jpg,sfhq/images/part2/img005785.jpg,6,
img005373.jpg,sfhq/images/part2/img005373.jpg,6,
img009313.jpg,sfhq/images/part2/img009313.jpg,6,
img009604.jpg,sfhq/images/part2/img009604.jpg,6,
img007419.jpg,sfhq/images/part2/img007419.jpg,6,
img005200.jpg,sfhq/images/part2/img005200.jpg,6,
img009502.jpg,sfhq/images/part2/img009502.jpg,6,
img006123.jpg,sfhq/images/part2/img006123.jpg,6,
img006460.jpg,sfhq/images/part2/img006460.jpg,6,
img007945.jpg,sfhq/images/part2/img007945.jpg,6,
img008663.jpg,sfhq/images/part2/img008663.jpg,6,
img006734.jpg,sfhq/images/part2/img006734.jpg,6,
img009606.jpg,sfhq/images/part2/img009606.jpg,6,
img006231.jpg,sfhq/images/part2/img006231.jpg,6,
img005413.jpg,sfhq/images/part2/img005413.jpg,6,
img008148.jpg,sfhq/images/part2/img008148.jpg,6,
img008518.jpg,sfhq/images/part2/img008518.jpg,6,
img008787.jpg,sfhq/images/part2/img008787.jpg,6,
img007357.jpg,sfhq/images/part2/img007357.jpg,6,
img008665.jpg,sfhq/images/part2/img008665.jpg,6,
img005701.jpg,sfhq/images/part2/img005701.jpg,6,
img008574.jpg,sfhq/images/part2/img008574.jpg,6,
img009699.jpg,sfhq/images/part2/img009699.jpg,6,
img009648.jpg,sfhq/images/part2/img009648.jpg,6,
img005440.jpg,sfhq/images/part2/img005440.jpg,6,
img007755.jpg,sfhq/images/part2/img007755.jpg,6,
img006725.jpg,sfhq/images/part2/img006725.jpg,6,
img009719.jpg,sfhq/images/part2/img009719.jpg,6,
img007046.jpg,sfhq/images/part2/img007046.jpg,6,
img006436.jpg,sfhq/images/part2/img006436.jpg,6,
img009564.jpg,sfhq/images/part2/img009564.jpg,6,
img005157.jpg,sfhq/images/part2/img005157.jpg,6,
img008292.jpg,sfhq/images/part2/img008292.jpg,6,
img008122.jpg,sfhq/images/part2/img008122.jpg,6,
img008199.jpg,sfhq/images/part2/img008199.jpg,6,
img005726.jpg,sfhq/images/part2/img005726.jpg,6,
img007087.jpg,sfhq/images/part2/img007087.jpg,6,
img005751.jpg,sfhq/images/part2/img005751.jpg,6,
img006015.jpg,sfhq/images/part2/img006015.jpg,6,
img008003.jpg,sfhq/images/part2/img008003.jpg,6,
img006486.jpg,sfhq/images/part2/img006486.jpg,6,
img009802.jpg,sfhq/images/part2/img009802.jpg,6,
img005426.jpg,sfhq/images/part2/img005426.jpg,6,
img009789.jpg,sfhq/images/part2/img009789.jpg,6,
img008187.jpg,sfhq/images/part2/img008187.jpg,6,
img005608.jpg,sfhq/images/part2/img005608.jpg,6,
img007572.jpg,sfhq/images/part2/img007572.jpg,6,
img008844.jpg,sfhq/images/part2/img008844.jpg,6,
img007909.jpg,sfhq/images/part2/img007909.jpg,6,
img005381.jpg,sfhq/images/part2/img005381.jpg,6,
img009310.jpg,sfhq/images/part2/img009310.jpg,6,
img007640.jpg,sfhq/images/part2/img007640.jpg,6,
img005002.jpg,sfhq/images/part2/img005002.jpg,6,
img007063.jpg,sfhq/images/part2/img007063.jpg,6,
img006197.jpg,sfhq/images/part2/img006197.jpg,6,
img005340.jpg,sfhq/images/part2/img005340.jpg,6,
img006247.jpg,sfhq/images/part2/img006247.jpg,6,
img009440.jpg,sfhq/images/part2/img009440.jpg,6,
img006845.jpg,sfhq/images/part2/img006845.jpg,6,
img005958.jpg,sfhq/images/part2/img005958.jpg,6,
img008946.jpg,sfhq/images/part2/img008946.jpg,6,
img009418.jpg,sfhq/images/part2/img009418.jpg,6,
img005705.jpg,sfhq/images/part2/img005705.jpg,6,
img009356.jpg,sfhq/images/part2/img009356.jpg,6,
img005419.jpg,sfhq/images/part2/img005419.jpg,6,
img007974.jpg,sfhq/images/part2/img007974.jpg,6,
img005514.jpg,sfhq/images/part2/img005514.jpg,6,
img005989.jpg,sfhq/images/part2/img005989.jpg,6,
img005620.jpg,sfhq/images/part2/img005620.jpg,6,
img006057.jpg,sfhq/images/part2/img006057.jpg,6,
img009282.jpg,sfhq/images/part2/img009282.jpg,6,
img009383.jpg,sfhq/images/part2/img009383.jpg,6,
img008746.jpg,sfhq/images/part2/img008746.jpg,6,
img009767.jpg,sfhq/images/part2/img009767.jpg,6,
img006344.jpg,sfhq/images/part2/img006344.jpg,6,
img009735.jpg,sfhq/images/part2/img009735.jpg,6,
img009753.jpg,sfhq/images/part2/img009753.jpg,6,
img009722.jpg,sfhq/images/part2/img009722.jpg,6,
img007804.jpg,sfhq/images/part2/img007804.jpg,6,
img008333.jpg,sfhq/images/part2/img008333.jpg,6,
img007082.jpg,sfhq/images/part2/img007082.jpg,6,
img009421.jpg,sfhq/images/part2/img009421.jpg,6,
img006281.jpg,sfhq/images/part2/img006281.jpg,6,
img008750.jpg,sfhq/images/part2/img008750.jpg,6,
img008279.jpg,sfhq/images/part2/img008279.jpg,6,
img007534.jpg,sfhq/images/part2/img007534.jpg,6,
img009124.jpg,sfhq/images/part2/img009124.jpg,6,
img005844.jpg,sfhq/images/part2/img005844.jpg,6,
img007522.jpg,sfhq/images/part2/img007522.jpg,6,
img005902.jpg,sfhq/images/part2/img005902.jpg,6,
img008861.jpg,sfhq/images/part2/img008861.jpg,6,
img008262.jpg,sfhq/images/part2/img008262.jpg,6,
img008693.jpg,sfhq/images/part2/img008693.jpg,6,
img006870.jpg,sfhq/images/part2/img006870.jpg,6,
img008594.jpg,sfhq/images/part2/img008594.jpg,6,
img009739.jpg,sfhq/images/part2/img009739.jpg,6,
img009843.jpg,sfhq/images/part2/img009843.jpg,6,
img006933.jpg,sfhq/images/part2/img006933.jpg,6,
img008335.jpg,sfhq/images/part2/img008335.jpg,6,
img009178.jpg,sfhq/images/part2/img009178.jpg,6,
img006157.jpg,sfhq/images/part2/img006157.jpg,6,
img009115.jpg,sfhq/images/part2/img009115.jpg,6,
img006932.jpg,sfhq/images/part2/img006932.jpg,6,
img006972.jpg,sfhq/images/part2/img006972.jpg,6,
img007837.jpg,sfhq/images/part2/img007837.jpg,6,
img007373.jpg,sfhq/images/part2/img007373.jpg,6,
img007439.jpg,sfhq/images/part2/img007439.jpg,6,
img006147.jpg,sfhq/images/part2/img006147.jpg,6,
img008628.jpg,sfhq/images/part2/img008628.jpg,6,
img009175.jpg,sfhq/images/part2/img009175.jpg,6,
img005935.jpg,sfhq/images/part2/img005935.jpg,6,
img009708.jpg,sfhq/images/part2/img009708.jpg,6,
img006922.jpg,sfhq/images/part2/img006922.jpg,6,
img008037.jpg,sfhq/images/part2/img008037.jpg,6,
img006310.jpg,sfhq/images/part2/img006310.jpg,6,
img007465.jpg,sfhq/images/part2/img007465.jpg,6,
img006995.jpg,sfhq/images/part2/img006995.jpg,6,
img007752.jpg,sfhq/images/part2/img007752.jpg,6,
img007657.jpg,sfhq/images/part2/img007657.jpg,6,
img006424.jpg,sfhq/images/part2/img006424.jpg,6,
img007395.jpg,sfhq/images/part2/img007395.jpg,6,
img007065.jpg,sfhq/images/part2/img007065.jpg,6,
img006094.jpg,sfhq/images/part2/img006094.jpg,6,
img009542.jpg,sfhq/images/part2/img009542.jpg,6,
img008299.jpg,sfhq/images/part2/img008299.jpg,6,
img007149.jpg,sfhq/images/part2/img007149.jpg,6,
img005978.jpg,sfhq/images/part2/img005978.jpg,6,
img009064.jpg,sfhq/images/part2/img009064.jpg,6,
img005653.jpg,sfhq/images/part2/img005653.jpg,6,
img005572.jpg,sfhq/images/part2/img005572.jpg,6,
img008437.jpg,sfhq/images/part2/img008437.jpg,6,
img006076.jpg,sfhq/images/part2/img006076.jpg,6,
img008564.jpg,sfhq/images/part2/img008564.jpg,6,
img009626.jpg,sfhq/images/part2/img009626.jpg,6,
img006267.jpg,sfhq/images/part2/img006267.jpg,6,
img006724.jpg,sfhq/images/part2/img006724.jpg,6,
img006450.jpg,sfhq/images/part2/img006450.jpg,6,
img006980.jpg,sfhq/images/part2/img006980.jpg,6,
img007910.jpg,sfhq/images/part2/img007910.jpg,6,
img009693.jpg,sfhq/images/part2/img009693.jpg,6,
img007928.jpg,sfhq/images/part2/img007928.jpg,6,
img007584.jpg,sfhq/images/part2/img007584.jpg,6,
img008976.jpg,sfhq/images/part2/img008976.jpg,6,
img005024.jpg,sfhq/images/part2/img005024.jpg,6,
img005574.jpg,sfhq/images/part2/img005574.jpg,6,
img009951.jpg,sfhq/images/part2/img009951.jpg,6,
img005926.jpg,sfhq/images/part2/img005926.jpg,6,
img006024.jpg,sfhq/images/part2/img006024.jpg,6,
img007778.jpg,sfhq/images/part2/img007778.jpg,6,
img006155.jpg,sfhq/images/part2/img006155.jpg,6,
img007134.jpg,sfhq/images/part2/img007134.jpg,6,
img007633.jpg,sfhq/images/part2/img007633.jpg,6,
img009610.jpg,sfhq/images/part2/img009610.jpg,6,
img006804.jpg,sfhq/images/part2/img006804.jpg,6,
img009189.jpg,sfhq/images/part2/img009189.jpg,6,
img008341.jpg,sfhq/images/part2/img008341.jpg,6,
img008900.jpg,sfhq/images/part2/img008900.jpg,6,
img005969.jpg,sfhq/images/part2/img005969.jpg,6,
img009161.jpg,sfhq/images/part2/img009161.jpg,6,
img006917.jpg,sfhq/images/part2/img006917.jpg,6,
img005835.jpg,sfhq/images/part2/img005835.jpg,6,
img006439.jpg,sfhq/images/part2/img006439.jpg,6,
img006566.jpg,sfhq/images/part2/img006566.jpg,6,
img007991.jpg,sfhq/images/part2/img007991.jpg,6,
img009752.jpg,sfhq/images/part2/img009752.jpg,6,
img009486.jpg,sfhq/images/part2/img009486.jpg,6,
img005272.jpg,sfhq/images/part2/img005272.jpg,6,
img007488.jpg,sfhq/images/part2/img007488.jpg,6,
img008696.jpg,sfhq/images/part2/img008696.jpg,6,
img009428.jpg,sfhq/images/part2/img009428.jpg,6,
img005155.jpg,sfhq/images/part2/img005155.jpg,6,
img007288.jpg,sfhq/images/part2/img007288.jpg,6,
img009588.jpg,sfhq/images/part2/img009588.jpg,6,
img008323.jpg,sfhq/images/part2/img008323.jpg,6,
img005587.jpg,sfhq/images/part2/img005587.jpg,6,
img007663.jpg,sfhq/images/part2/img007663.jpg,6,
img008209.jpg,sfhq/images/part2/img008209.jpg,6,
img009580.jpg,sfhq/images/part2/img009580.jpg,6,
img007453.jpg,sfhq/images/part2/img007453.jpg,6,
img007404.jpg,sfhq/images/part2/img007404.jpg,6,
img007777.jpg,sfhq/images/part2/img007777.jpg,6,
img007276.jpg,sfhq/images/part2/img007276.jpg,6,
img007789.jpg,sfhq/images/part2/img007789.jpg,6,
img007415.jpg,sfhq/images/part2/img007415.jpg,6,
img006572.jpg,sfhq/images/part2/img006572.jpg,6,
img005578.jpg,sfhq/images/part2/img005578.jpg,6,
img008675.jpg,sfhq/images/part2/img008675.jpg,6,
img008781.jpg,sfhq/images/part2/img008781.jpg,6,
img005317.jpg,sfhq/images/part2/img005317.jpg,6,
img005548.jpg,sfhq/images/part2/img005548.jpg,6,
img007159.jpg,sfhq/images/part2/img007159.jpg,6,
img005434.jpg,sfhq/images/part2/img005434.jpg,6,
img006582.jpg,sfhq/images/part2/img006582.jpg,6,
img009049.jpg,sfhq/images/part2/img009049.jpg,6,
img005158.jpg,sfhq/images/part2/img005158.jpg,6,
img009984.jpg,sfhq/images/part2/img009984.jpg,6,
img005537.jpg,sfhq/images/part2/img005537.jpg,6,
img006874.jpg,sfhq/images/part2/img006874.jpg,6,
img007918.jpg,sfhq/images/part2/img007918.jpg,6,
img006862.jpg,sfhq/images/part2/img006862.jpg,6,
img005183.jpg,sfhq/images/part2/img005183.jpg,6,
img007240.jpg,sfhq/images/part2/img007240.jpg,6,
img007181.jpg,sfhq/images/part2/img007181.jpg,6,
img005031.jpg,sfhq/images/part2/img005031.jpg,6,
img005602.jpg,sfhq/images/part2/img005602.jpg,6,
img005496.jpg,sfhq/images/part2/img005496.jpg,6,
img009533.jpg,sfhq/images/part2/img009533.jpg,6,
img008114.jpg,sfhq/images/part2/img008114.jpg,6,
img006162.jpg,sfhq/images/part2/img006162.jpg,6,
img008039.jpg,sfhq/images/part2/img008039.jpg,6,
img008977.jpg,sfhq/images/part2/img008977.jpg,6,
img008899.jpg,sfhq/images/part2/img008899.jpg,6,
img005917.jpg,sfhq/images/part2/img005917.jpg,6,
img009137.jpg,sfhq/images/part2/img009137.jpg,6,
img008360.jpg,sfhq/images/part2/img008360.jpg,6,
img008239.jpg,sfhq/images/part2/img008239.jpg,6,
img006743.jpg,sfhq/images/part2/img006743.jpg,6,
img008038.jpg,sfhq/images/part2/img008038.jpg,6,
img009505.jpg,sfhq/images/part2/img009505.jpg,6,
img006352.jpg,sfhq/images/part2/img006352.jpg,6,
img009903.jpg,sfhq/images/part2/img009903.jpg,6,
img008964.jpg,sfhq/images/part2/img008964.jpg,6,
img009989.jpg,sfhq/images/part2/img009989.jpg,6,
img007309.jpg,sfhq/images/part2/img007309.jpg,6,
img007210.jpg,sfhq/images/part2/img007210.jpg,6,
img009556.jpg,sfhq/images/part2/img009556.jpg,6,
img006407.jpg,sfhq/images/part2/img006407.jpg,6,
img005723.jpg,sfhq/images/part2/img005723.jpg,6,
img009493.jpg,sfhq/images/part2/img009493.jpg,6,
img006151.jpg,sfhq/images/part2/img006151.jpg,6,
img006826.jpg,sfhq/images/part2/img006826.jpg,6,
img008221.jpg,sfhq/images/part2/img008221.jpg,6,
img005238.jpg,sfhq/images/part2/img005238.jpg,6,
img006082.jpg,sfhq/images/part2/img006082.jpg,6,
img005476.jpg,sfhq/images/part2/img005476.jpg,6,
img009925.jpg,sfhq/images/part2/img009925.jpg,6,
img005641.jpg,sfhq/images/part2/img005641.jpg,6,
img008134.jpg,sfhq/images/part2/img008134.jpg,6,
img005551.jpg,sfhq/images/part2/img005551.jpg,6,
img008205.jpg,sfhq/images/part2/img008205.jpg,6,
img006715.jpg,sfhq/images/part2/img006715.jpg,6,
img007188.jpg,sfhq/images/part2/img007188.jpg,6,
img005255.jpg,sfhq/images/part2/img005255.jpg,6,
img005318.jpg,sfhq/images/part2/img005318.jpg,6,
img007805.jpg,sfhq/images/part2/img007805.jpg,6,
img005699.jpg,sfhq/images/part2/img005699.jpg,6,
img008812.jpg,sfhq/images/part2/img008812.jpg,6,
img006711.jpg,sfhq/images/part2/img006711.jpg,6,
img005085.jpg,sfhq/images/part2/img005085.jpg,6,
img007762.jpg,sfhq/images/part2/img007762.jpg,6,
img006762.jpg,sfhq/images/part2/img006762.jpg,6,
img006683.jpg,sfhq/images/part2/img006683.jpg,6,
img009914.jpg,sfhq/images/part2/img009914.jpg,6,
img008761.jpg,sfhq/images/part2/img008761.jpg,6,
img005220.jpg,sfhq/images/part2/img005220.jpg,6,
img009450.jpg,sfhq/images/part2/img009450.jpg,6,
img008154.jpg,sfhq/images/part2/img008154.jpg,6,
img007737.jpg,sfhq/images/part2/img007737.jpg,6,
img008443.jpg,sfhq/images/part2/img008443.jpg,6,
img009926.jpg,sfhq/images/part2/img009926.jpg,6,
img007497.jpg,sfhq/images/part2/img007497.jpg,6,
img009011.jpg,sfhq/images/part2/img009011.jpg,6,
img005438.jpg,sfhq/images/part2/img005438.jpg,6,
img005606.jpg,sfhq/images/part2/img005606.jpg,6,
img007576.jpg,sfhq/images/part2/img007576.jpg,6,
img006809.jpg,sfhq/images/part2/img006809.jpg,6,
img006741.jpg,sfhq/images/part2/img006741.jpg,6,
img009058.jpg,sfhq/images/part2/img009058.jpg,6,
img005868.jpg,sfhq/images/part2/img005868.jpg,6,
img005020.jpg,sfhq/images/part2/img005020.jpg,6,
img009770.jpg,sfhq/images/part2/img009770.jpg,6,
img007208.jpg,sfhq/images/part2/img007208.jpg,6,
img009174.jpg,sfhq/images/part2/img009174.jpg,6,
img005763.jpg,sfhq/images/part2/img005763.jpg,6,
img009139.jpg,sfhq/images/part2/img009139.jpg,6,
img005914.jpg,sfhq/images/part2/img005914.jpg,6,
img007426.jpg,sfhq/images/part2/img007426.jpg,6,
img006888.jpg,sfhq/images/part2/img006888.jpg,6,
img007300.jpg,sfhq/images/part2/img007300.jpg,6,
img006253.jpg,sfhq/images/part2/img006253.jpg,6,
img007703.jpg,sfhq/images/part2/img007703.jpg,6,
img009268.jpg,sfhq/images/part2/img009268.jpg,6,
img006291.jpg,sfhq/images/part2/img006291.jpg,6,
img007899.jpg,sfhq/images/part2/img007899.jpg,6,
img005758.jpg,sfhq/images/part2/img005758.jpg,6,
img008019.jpg,sfhq/images/part2/img008019.jpg,6,
img008692.jpg,sfhq/images/part2/img008692.jpg,6,
img008420.jpg,sfhq/images/part2/img008420.jpg,6,
img008465.jpg,sfhq/images/part2/img008465.jpg,6,
img007627.jpg,sfhq/images/part2/img007627.jpg,6,
img009056.jpg,sfhq/images/part2/img009056.jpg,6,
img005281.jpg,sfhq/images/part2/img005281.jpg,6,
img006380.jpg,sfhq/images/part2/img006380.jpg,6,
img008702.jpg,sfhq/images/part2/img008702.jpg,6,
img005202.jpg,sfhq/images/part2/img005202.jpg,6,
img008803.jpg,sfhq/images/part2/img008803.jpg,6,
img007005.jpg,sfhq/images/part2/img007005.jpg,6,
img006290.jpg,sfhq/images/part2/img006290.jpg,6,
img005339.jpg,sfhq/images/part2/img005339.jpg,6,
img005838.jpg,sfhq/images/part2/img005838.jpg,6,
img005557.jpg,sfhq/images/part2/img005557.jpg,6,
img009136.jpg,sfhq/images/part2/img009136.jpg,6,
img009769.jpg,sfhq/images/part2/img009769.jpg,6,
img009730.jpg,sfhq/images/part2/img009730.jpg,6,
img009933.jpg,sfhq/images/part2/img009933.jpg,6,
img006968.jpg,sfhq/images/part2/img006968.jpg,6,
img006020.jpg,sfhq/images/part2/img006020.jpg,6,
img006989.jpg,sfhq/images/part2/img006989.jpg,6,
img005853.jpg,sfhq/images/part2/img005853.jpg,6,
img006800.jpg,sfhq/images/part2/img006800.jpg,6,
img007101.jpg,sfhq/images/part2/img007101.jpg,6,
img009303.jpg,sfhq/images/part2/img009303.jpg,6,
img006224.jpg,sfhq/images/part2/img006224.jpg,6,
img006161.jpg,sfhq/images/part2/img006161.jpg,6,
img009359.jpg,sfhq/images/part2/img009359.jpg,6,
img008409.jpg,sfhq/images/part2/img008409.jpg,6,
img007552.jpg,sfhq/images/part2/img007552.jpg,6,
img009483.jpg,sfhq/images/part2/img009483.jpg,6,
img007828.jpg,sfhq/images/part2/img007828.jpg,6,
img006054.jpg,sfhq/images/part2/img006054.jpg,6,
img007003.jpg,sfhq/images/part2/img007003.jpg,6,
img006124.jpg,sfhq/images/part2/img006124.jpg,6,
img009682.jpg,sfhq/images/part2/img009682.jpg,6,
img008632.jpg,sfhq/images/part2/img008632.jpg,6,
img008095.jpg,sfhq/images/part2/img008095.jpg,6,
img005675.jpg,sfhq/images/part2/img005675.jpg,6,
img009397.jpg,sfhq/images/part2/img009397.jpg,6,
img007963.jpg,sfhq/images/part2/img007963.jpg,6,
img005585.jpg,sfhq/images/part2/img005585.jpg,6,
img008469.jpg,sfhq/images/part2/img008469.jpg,6,
img009585.jpg,sfhq/images/part2/img009585.jpg,6,
img007146.jpg,sfhq/images/part2/img007146.jpg,6,
img006299.jpg,sfhq/images/part2/img006299.jpg,6,
img007486.jpg,sfhq/images/part2/img007486.jpg,6,
img005455.jpg,sfhq/images/part2/img005455.jpg,6,
img006138.jpg,sfhq/images/part2/img006138.jpg,6,
img005139.jpg,sfhq/images/part2/img005139.jpg,6,
img006200.jpg,sfhq/images/part2/img006200.jpg,6,
img006901.jpg,sfhq/images/part2/img006901.jpg,6,
img008127.jpg,sfhq/images/part2/img008127.jpg,6,
img008851.jpg,sfhq/images/part2/img008851.jpg,6,
img006924.jpg,sfhq/images/part2/img006924.jpg,6,
img005330.jpg,sfhq/images/part2/img005330.jpg,6,
img007665.jpg,sfhq/images/part2/img007665.jpg,6,
img006192.jpg,sfhq/images/part2/img006192.jpg,6,
img006988.jpg,sfhq/images/part2/img006988.jpg,6,
img008372.jpg,sfhq/images/part2/img008372.jpg,6,
img009301.jpg,sfhq/images/part2/img009301.jpg,6,
img009373.jpg,sfhq/images/part2/img009373.jpg,6,
img007876.jpg,sfhq/images/part2/img007876.jpg,6,
img005477.jpg,sfhq/images/part2/img005477.jpg,6,
img006700.jpg,sfhq/images/part2/img006700.jpg,6,
img006016.jpg,sfhq/images/part2/img006016.jpg,6,
img009254.jpg,sfhq/images/part2/img009254.jpg,6,
img005344.jpg,sfhq/images/part2/img005344.jpg,6,
img006815.jpg,sfhq/images/part2/img006815.jpg,6,
img009517.jpg,sfhq/images/part2/img009517.jpg,6,
img005349.jpg,sfhq/images/part2/img005349.jpg,6,
img007118.jpg,sfhq/images/part2/img007118.jpg,6,
img009369.jpg,sfhq/images/part2/img009369.jpg,6,
img008571.jpg,sfhq/images/part2/img008571.jpg,6,
img005179.jpg,sfhq/images/part2/img005179.jpg,6,
img008854.jpg,sfhq/images/part2/img008854.jpg,6,
img008572.jpg,sfhq/images/part2/img008572.jpg,6,
img008405.jpg,sfhq/images/part2/img008405.jpg,6,
img007597.jpg,sfhq/images/part2/img007597.jpg,6,
img009750.jpg,sfhq/images/part2/img009750.jpg,6,
img009234.jpg,sfhq/images/part2/img009234.jpg,6,
img006256.jpg,sfhq/images/part2/img006256.jpg,6,
img008526.jpg,sfhq/images/part2/img008526.jpg,6,
img007683.jpg,sfhq/images/part2/img007683.jpg,6,
img005016.jpg,sfhq/images/part2/img005016.jpg,6,
img005719.jpg,sfhq/images/part2/img005719.jpg,6,
img009300.jpg,sfhq/images/part2/img009300.jpg,6,
img007759.jpg,sfhq/images/part2/img007759.jpg,6,
img006587.jpg,sfhq/images/part2/img006587.jpg,6,
img009956.jpg,sfhq/images/part2/img009956.jpg,6,
img005328.jpg,sfhq/images/part2/img005328.jpg,6,
img005178.jpg,sfhq/images/part2/img005178.jpg,6,
img006523.jpg,sfhq/images/part2/img006523.jpg,6,
img007250.jpg,sfhq/images/part2/img007250.jpg,6,
img007792.jpg,sfhq/images/part2/img007792.jpg,6,
img009014.jpg,sfhq/images/part2/img009014.jpg,6,
img006343.jpg,sfhq/images/part2/img006343.jpg,6,
img009205.jpg,sfhq/images/part2/img009205.jpg,6,
img005564.jpg,sfhq/images/part2/img005564.jpg,6,
img005707.jpg,sfhq/images/part2/img005707.jpg,6,
img006069.jpg,sfhq/images/part2/img006069.jpg,6,
img005560.jpg,sfhq/images/part2/img005560.jpg,6,
img009598.jpg,sfhq/images/part2/img009598.jpg,6,
img009805.jpg,sfhq/images/part2/img009805.jpg,6,
img006878.jpg,sfhq/images/part2/img006878.jpg,6,
img006078.jpg,sfhq/images/part2/img006078.jpg,6,
img008046.jpg,sfhq/images/part2/img008046.jpg,6,
img005885.jpg,sfhq/images/part2/img005885.jpg,6,
img006628.jpg,sfhq/images/part2/img006628.jpg,6,
img008229.jpg,sfhq/images/part2/img008229.jpg,6,
img006014.jpg,sfhq/images/part2/img006014.jpg,6,
img006990.jpg,sfhq/images/part2/img006990.jpg,6,
img006462.jpg,sfhq/images/part2/img006462.jpg,6,
img008106.jpg,sfhq/images/part2/img008106.jpg,6,
img005469.jpg,sfhq/images/part2/img005469.jpg,6,
img009260.jpg,sfhq/images/part2/img009260.jpg,6,
img006315.jpg,sfhq/images/part2/img006315.jpg,6,
img007823.jpg,sfhq/images/part2/img007823.jpg,6,
img005131.jpg,sfhq/images/part2/img005131.jpg,6,
img005454.jpg,sfhq/images/part2/img005454.jpg,6,
img009244.jpg,sfhq/images/part2/img009244.jpg,6,
img006944.jpg,sfhq/images/part2/img006944.jpg,6,
img009240.jpg,sfhq/images/part2/img009240.jpg,6,
img006904.jpg,sfhq/images/part2/img006904.jpg,6,
img006617.jpg,sfhq/images/part2/img006617.jpg,6,
img006695.jpg,sfhq/images/part2/img006695.jpg,6,
img005901.jpg,sfhq/images/part2/img005901.jpg,6,
img005259.jpg,sfhq/images/part2/img005259.jpg,6,
img005753.jpg,sfhq/images/part2/img005753.jpg,6,
img008958.jpg,sfhq/images/part2/img008958.jpg,6,
img009888.jpg,sfhq/images/part2/img009888.jpg,6,
img009599.jpg,sfhq/images/part2/img009599.jpg,6,
img008176.jpg,sfhq/images/part2/img008176.jpg,6,
img007601.jpg,sfhq/images/part2/img007601.jpg,6,
img008950.jpg,sfhq/images/part2/img008950.jpg,6,
img006855.jpg,sfhq/images/part2/img006855.jpg,6,
img007813.jpg,sfhq/images/part2/img007813.jpg,6,
img005900.jpg,sfhq/images/part2/img005900.jpg,6,
img005951.jpg,sfhq/images/part2/img005951.jpg,6,
img006404.jpg,sfhq/images/part2/img006404.jpg,6,
img008141.jpg,sfhq/images/part2/img008141.jpg,6,
img006522.jpg,sfhq/images/part2/img006522.jpg,6,
img006102.jpg,sfhq/images/part2/img006102.jpg,6,
img007238.jpg,sfhq/images/part2/img007238.jpg,6,
img009554.jpg,sfhq/images/part2/img009554.jpg,6,
img006032.jpg,sfhq/images/part2/img006032.jpg,6,
img009521.jpg,sfhq/images/part2/img009521.jpg,6,
img009537.jpg,sfhq/images/part2/img009537.jpg,6,
img007178.jpg,sfhq/images/part2/img007178.jpg,6,
img009830.jpg,sfhq/images/part2/img009830.jpg,6,
img007282.jpg,sfhq/images/part2/img007282.jpg,6,
img007285.jpg,sfhq/images/part2/img007285.jpg,6,
img009689.jpg,sfhq/images/part2/img009689.jpg,6,
img005189.jpg,sfhq/images/part2/img005189.jpg,6,
img008542.jpg,sfhq/images/part2/img008542.jpg,6,
img009257.jpg,sfhq/images/part2/img009257.jpg,6,
img009218.jpg,sfhq/images/part2/img009218.jpg,6,
img007381.jpg,sfhq/images/part2/img007381.jpg,6,
img008873.jpg,sfhq/images/part2/img008873.jpg,6,
img008301.jpg,sfhq/images/part2/img008301.jpg,6,
img008993.jpg,sfhq/images/part2/img008993.jpg,6,
img007710.jpg,sfhq/images/part2/img007710.jpg,6,
img009991.jpg,sfhq/images/part2/img009991.jpg,6,
img005792.jpg,sfhq/images/part2/img005792.jpg,6,
img009721.jpg,sfhq/images/part2/img009721.jpg,6,
img008841.jpg,sfhq/images/part2/img008841.jpg,6,
img006829.jpg,sfhq/images/part2/img006829.jpg,6,
img009013.jpg,sfhq/images/part2/img009013.jpg,6,
img009246.jpg,sfhq/images/part2/img009246.jpg,6,
img008169.jpg,sfhq/images/part2/img008169.jpg,6,
img009817.jpg,sfhq/images/part2/img009817.jpg,6,
img005511.jpg,sfhq/images/part2/img005511.jpg,6,
img007127.jpg,sfhq/images/part2/img007127.jpg,6,
img006559.jpg,sfhq/images/part2/img006559.jpg,6,
img008515.jpg,sfhq/images/part2/img008515.jpg,6,
img007960.jpg,sfhq/images/part2/img007960.jpg,6,
img005140.jpg,sfhq/images/part2/img005140.jpg,6,
img007020.jpg,sfhq/images/part2/img007020.jpg,6,
img005042.jpg,sfhq/images/part2/img005042.jpg,6,
img007741.jpg,sfhq/images/part2/img007741.jpg,6,
img008309.jpg,sfhq/images/part2/img008309.jpg,6,
img006935.jpg,sfhq/images/part2/img006935.jpg,6,
img007842.jpg,sfhq/images/part2/img007842.jpg,6,
img007580.jpg,sfhq/images/part2/img007580.jpg,6,
img007491.jpg,sfhq/images/part2/img007491.jpg,6,
img005697.jpg,sfhq/images/part2/img005697.jpg,6,
img008491.jpg,sfhq/images/part2/img008491.jpg,6,
img006642.jpg,sfhq/images/part2/img006642.jpg,6,
img006451.jpg,sfhq/images/part2/img006451.jpg,6,
img006154.jpg,sfhq/images/part2/img006154.jpg,6,
img008566.jpg,sfhq/images/part2/img008566.jpg,6,
img009821.jpg,sfhq/images/part2/img009821.jpg,6,
img007067.jpg,sfhq/images/part2/img007067.jpg,6,
img006491.jpg,sfhq/images/part2/img006491.jpg,6,
img008006.jpg,sfhq/images/part2/img008006.jpg,6,
img009128.jpg,sfhq/images/part2/img009128.jpg,6,
img009080.jpg,sfhq/images/part2/img009080.jpg,6,
img008734.jpg,sfhq/images/part2/img008734.jpg,6,
img008726.jpg,sfhq/images/part2/img008726.jpg,6,
img009029.jpg,sfhq/images/part2/img009029.jpg,6,
img008093.jpg,sfhq/images/part2/img008093.jpg,6,
img005192.jpg,sfhq/images/part2/img005192.jpg,6,
img008528.jpg,sfhq/images/part2/img008528.jpg,6,
img008079.jpg,sfhq/images/part2/img008079.jpg,6,
img006789.jpg,sfhq/images/part2/img006789.jpg,6,
img008513.jpg,sfhq/images/part2/img008513.jpg,6,
img009164.jpg,sfhq/images/part2/img009164.jpg,6,
img006232.jpg,sfhq/images/part2/img006232.jpg,6,
img007303.jpg,sfhq/images/part2/img007303.jpg,6,
img005584.jpg,sfhq/images/part2/img005584.jpg,6,
img007475.jpg,sfhq/images/part2/img007475.jpg,6,
img009203.jpg,sfhq/images/part2/img009203.jpg,6,
img006833.jpg,sfhq/images/part2/img006833.jpg,6,
img009791.jpg,sfhq/images/part2/img009791.jpg,6,
img005986.jpg,sfhq/images/part2/img005986.jpg,6,
img008458.jpg,sfhq/images/part2/img008458.jpg,6,
img008485.jpg,sfhq/images/part2/img008485.jpg,6,
img007956.jpg,sfhq/images/part2/img007956.jpg,6,
img005889.jpg,sfhq/images/part2/img005889.jpg,6,
img006714.jpg,sfhq/images/part2/img006714.jpg,6,
img008800.jpg,sfhq/images/part2/img008800.jpg,6,
img006859.jpg,sfhq/images/part2/img006859.jpg,6,
img007937.jpg,sfhq/images/part2/img007937.jpg,6,
img008739.jpg,sfhq/images/part2/img008739.jpg,6,
img009624.jpg,sfhq/images/part2/img009624.jpg,6,
img008044.jpg,sfhq/images/part2/img008044.jpg,6,
img007986.jpg,sfhq/images/part2/img007986.jpg,6,
img009378.jpg,sfhq/images/part2/img009378.jpg,6,
img008891.jpg,sfhq/images/part2/img008891.jpg,6,
img006165.jpg,sfhq/images/part2/img006165.jpg,6,
img005520.jpg,sfhq/images/part2/img005520.jpg,6,
img006542.jpg,sfhq/images/part2/img006542.jpg,6,
img005236.jpg,sfhq/images/part2/img005236.jpg,6,
img005377.jpg,sfhq/images/part2/img005377.jpg,6,
img008928.jpg,sfhq/images/part2/img008928.jpg,6,
img007635.jpg,sfhq/images/part2/img007635.jpg,6,
img008881.jpg,sfhq/images/part2/img008881.jpg,6,
img007724.jpg,sfhq/images/part2/img007724.jpg,6,
img009959.jpg,sfhq/images/part2/img009959.jpg,6,
img009063.jpg,sfhq/images/part2/img009063.jpg,6,
img009845.jpg,sfhq/images/part2/img009845.jpg,6,
img005946.jpg,sfhq/images/part2/img005946.jpg,6,
img009924.jpg,sfhq/images/part2/img009924.jpg,6,
img005973.jpg,sfhq/images/part2/img005973.jpg,6,
img005033.jpg,sfhq/images/part2/img005033.jpg,6,
img009319.jpg,sfhq/images/part2/img009319.jpg,6,
img007157.jpg,sfhq/images/part2/img007157.jpg,6,
img006447.jpg,sfhq/images/part2/img006447.jpg,6,
img007608.jpg,sfhq/images/part2/img007608.jpg,6,
img005609.jpg,sfhq/images/part2/img005609.jpg,6,
img007041.jpg,sfhq/images/part2/img007041.jpg,6,
img009868.jpg,sfhq/images/part2/img009868.jpg,6,
img006120.jpg,sfhq/images/part2/img006120.jpg,6,
img005479.jpg,sfhq/images/part2/img005479.jpg,6,
img007812.jpg,sfhq/images/part2/img007812.jpg,6,
img006295.jpg,sfhq/images/part2/img006295.jpg,6,
img009092.jpg,sfhq/images/part2/img009092.jpg,6,
img007224.jpg,sfhq/images/part2/img007224.jpg,6,
img007999.jpg,sfhq/images/part2/img007999.jpg,6,
img006273.jpg,sfhq/images/part2/img006273.jpg,6,
img009118.jpg,sfhq/images/part2/img009118.jpg,6,
img007163.jpg,sfhq/images/part2/img007163.jpg,6,
img007571.jpg,sfhq/images/part2/img007571.jpg,6,
img009393.jpg,sfhq/images/part2/img009393.jpg,6,
img006049.jpg,sfhq/images/part2/img006049.jpg,6,
img009006.jpg,sfhq/images/part2/img009006.jpg,6,
img007560.jpg,sfhq/images/part2/img007560.jpg,6,
img008386.jpg,sfhq/images/part2/img008386.jpg,6,
img007821.jpg,sfhq/images/part2/img007821.jpg,6,
img008581.jpg,sfhq/images/part2/img008581.jpg,6,
img006377.jpg,sfhq/images/part2/img006377.jpg,6,
img006374.jpg,sfhq/images/part2/img006374.jpg,6,
img009296.jpg,sfhq/images/part2/img009296.jpg,6,
img007896.jpg,sfhq/images/part2/img007896.jpg,6,
img005430.jpg,sfhq/images/part2/img005430.jpg,6,
img005845.jpg,sfhq/images/part2/img005845.jpg,6,
img005830.jpg,sfhq/images/part2/img005830.jpg,6,
img008489.jpg,sfhq/images/part2/img008489.jpg,6,
img006556.jpg,sfhq/images/part2/img006556.jpg,6,
img007623.jpg,sfhq/images/part2/img007623.jpg,6,
img009786.jpg,sfhq/images/part2/img009786.jpg,6,
img009186.jpg,sfhq/images/part2/img009186.jpg,6,
img009762.jpg,sfhq/images/part2/img009762.jpg,6,
img009688.jpg,sfhq/images/part2/img009688.jpg,6,
img009239.jpg,sfhq/images/part2/img009239.jpg,6,
img007785.jpg,sfhq/images/part2/img007785.jpg,6,
img007681.jpg,sfhq/images/part2/img007681.jpg,6,
img009266.jpg,sfhq/images/part2/img009266.jpg,6,
img007913.jpg,sfhq/images/part2/img007913.jpg,6,
img007033.jpg,sfhq/images/part2/img007033.jpg,6,
img007012.jpg,sfhq/images/part2/img007012.jpg,6,
img007537.jpg,sfhq/images/part2/img007537.jpg,6,
img007706.jpg,sfhq/images/part2/img007706.jpg,6,
img006129.jpg,sfhq/images/part2/img006129.jpg,6,
img008548.jpg,sfhq/images/part2/img008548.jpg,6,
img007264.jpg,sfhq/images/part2/img007264.jpg,6,
img009529.jpg,sfhq/images/part2/img009529.jpg,6,
img007676.jpg,sfhq/images/part2/img007676.jpg,6,
img005593.jpg,sfhq/images/part2/img005593.jpg,6,
img009906.jpg,sfhq/images/part2/img009906.jpg,6,
img005963.jpg,sfhq/images/part2/img005963.jpg,6,
img006647.jpg,sfhq/images/part2/img006647.jpg,6,
img008525.jpg,sfhq/images/part2/img008525.jpg,6,
img005306.jpg,sfhq/images/part2/img005306.jpg,6,
img005170.jpg,sfhq/images/part2/img005170.jpg,6,
img006916.jpg,sfhq/images/part2/img006916.jpg,6,
img006341.jpg,sfhq/images/part2/img006341.jpg,6,
img008794.jpg,sfhq/images/part2/img008794.jpg,6,
img009100.jpg,sfhq/images/part2/img009100.jpg,6,
img005098.jpg,sfhq/images/part2/img005098.jpg,6,
img006172.jpg,sfhq/images/part2/img006172.jpg,6,
img007393.jpg,sfhq/images/part2/img007393.jpg,6,
img006604.jpg,sfhq/images/part2/img006604.jpg,6,
img009793.jpg,sfhq/images/part2/img009793.jpg,6,
img006669.jpg,sfhq/images/part2/img006669.jpg,6,
img009716.jpg,sfhq/images/part2/img009716.jpg,6,
img006448.jpg,sfhq/images/part2/img006448.jpg,6,
img008561.jpg,sfhq/images/part2/img008561.jpg,6,
img005798.jpg,sfhq/images/part2/img005798.jpg,6,
img005013.jpg,sfhq/images/part2/img005013.jpg,6,
img007409.jpg,sfhq/images/part2/img007409.jpg,6,
img005218.jpg,sfhq/images/part2/img005218.jpg,6,
img009423.jpg,sfhq/images/part2/img009423.jpg,6,
img008530.jpg,sfhq/images/part2/img008530.jpg,6,
img005008.jpg,sfhq/images/part2/img005008.jpg,6,
img008590.jpg,sfhq/images/part2/img008590.jpg,6,
img007493.jpg,sfhq/images/part2/img007493.jpg,6,
img008948.jpg,sfhq/images/part2/img008948.jpg,6,
img006733.jpg,sfhq/images/part2/img006733.jpg,6,
img008147.jpg,sfhq/images/part2/img008147.jpg,6,
img006805.jpg,sfhq/images/part2/img006805.jpg,6,
img008466.jpg,sfhq/images/part2/img008466.jpg,6,
img005965.jpg,sfhq/images/part2/img005965.jpg,6,
img005996.jpg,sfhq/images/part2/img005996.jpg,6,
img006141.jpg,sfhq/images/part2/img006141.jpg,6,
img007107.jpg,sfhq/images/part2/img007107.jpg,6,
img007834.jpg,sfhq/images/part2/img007834.jpg,6,
img006211.jpg,sfhq/images/part2/img006211.jpg,6,
img009844.jpg,sfhq/images/part2/img009844.jpg,6,
img008929.jpg,sfhq/images/part2/img008929.jpg,6,
img009883.jpg,sfhq/images/part2/img009883.jpg,6,
img008672.jpg,sfhq/images/part2/img008672.jpg,6,
img008247.jpg,sfhq/images/part2/img008247.jpg,6,
img008424.jpg,sfhq/images/part2/img008424.jpg,6,
img009448.jpg,sfhq/images/part2/img009448.jpg,6,
img007483.jpg,sfhq/images/part2/img007483.jpg,6,
img008971.jpg,sfhq/images/part2/img008971.jpg,6,
img008584.jpg,sfhq/images/part2/img008584.jpg,6,
img007308.jpg,sfhq/images/part2/img007308.jpg,6,
img006233.jpg,sfhq/images/part2/img006233.jpg,6,
img007028.jpg,sfhq/images/part2/img007028.jpg,6,
img008316.jpg,sfhq/images/part2/img008316.jpg,6,
img008226.jpg,sfhq/images/part2/img008226.jpg,6,
img006981.jpg,sfhq/images/part2/img006981.jpg,6,
img009283.jpg,sfhq/images/part2/img009283.jpg,6,
img005906.jpg,sfhq/images/part2/img005906.jpg,6,
img005603.jpg,sfhq/images/part2/img005603.jpg,6,
img005688.jpg,sfhq/images/part2/img005688.jpg,6,
img005842.jpg,sfhq/images/part2/img005842.jpg,6,
img009846.jpg,sfhq/images/part2/img009846.jpg,6,
img008476.jpg,sfhq/images/part2/img008476.jpg,6,
img005857.jpg,sfhq/images/part2/img005857.jpg,6,
img005453.jpg,sfhq/images/part2/img005453.jpg,6,
img009849.jpg,sfhq/images/part2/img009849.jpg,6,
img005981.jpg,sfhq/images/part2/img005981.jpg,6,
img008012.jpg,sfhq/images/part2/img008012.jpg,6,
img007564.jpg,sfhq/images/part2/img007564.jpg,6,
img005605.jpg,sfhq/images/part2/img005605.jpg,6,
img005801.jpg,sfhq/images/part2/img005801.jpg,6,
img005467.jpg,sfhq/images/part2/img005467.jpg,6,
img005510.jpg,sfhq/images/part2/img005510.jpg,6,
img007885.jpg,sfhq/images/part2/img007885.jpg,6,
img006355.jpg,sfhq/images/part2/img006355.jpg,6,
img005175.jpg,sfhq/images/part2/img005175.jpg,6,
img009632.jpg,sfhq/images/part2/img009632.jpg,6,
img007222.jpg,sfhq/images/part2/img007222.jpg,6,
img008575.jpg,sfhq/images/part2/img008575.jpg,6,
img005058.jpg,sfhq/images/part2/img005058.jpg,6,
img009525.jpg,sfhq/images/part2/img009525.jpg,6,
img008265.jpg,sfhq/images/part2/img008265.jpg,6,
img007729.jpg,sfhq/images/part2/img007729.jpg,6,
img005991.jpg,sfhq/images/part2/img005991.jpg,6,
img009784.jpg,sfhq/images/part2/img009784.jpg,6,
img007998.jpg,sfhq/images/part2/img007998.jpg,6,
img007776.jpg,sfhq/images/part2/img007776.jpg,6,
img009411.jpg,sfhq/images/part2/img009411.jpg,6,
img006782.jpg,sfhq/images/part2/img006782.jpg,6,
img006234.jpg,sfhq/images/part2/img006234.jpg,6,
img006632.jpg,sfhq/images/part2/img006632.jpg,6,
img006536.jpg,sfhq/images/part2/img006536.jpg,6,
img006513.jpg,sfhq/images/part2/img006513.jpg,6,
img006942.jpg,sfhq/images/part2/img006942.jpg,6,
img006199.jpg,sfhq/images/part2/img006199.jpg,6,
img007527.jpg,sfhq/images/part2/img007527.jpg,6,
img007144.jpg,sfhq/images/part2/img007144.jpg,6,
img007577.jpg,sfhq/images/part2/img007577.jpg,6,
img006808.jpg,sfhq/images/part2/img006808.jpg,6,
img009635.jpg,sfhq/images/part2/img009635.jpg,6,
img009546.jpg,sfhq/images/part2/img009546.jpg,6,
img008839.jpg,sfhq/images/part2/img008839.jpg,6,
img006796.jpg,sfhq/images/part2/img006796.jpg,6,
img005052.jpg,sfhq/images/part2/img005052.jpg,6,
img006441.jpg,sfhq/images/part2/img006441.jpg,6,
img005201.jpg,sfhq/images/part2/img005201.jpg,6,
img005945.jpg,sfhq/images/part2/img005945.jpg,6,
img005870.jpg,sfhq/images/part2/img005870.jpg,6,
img005604.jpg,sfhq/images/part2/img005604.jpg,6,
img005939.jpg,sfhq/images/part2/img005939.jpg,6,
img007556.jpg,sfhq/images/part2/img007556.jpg,6,
img005823.jpg,sfhq/images/part2/img005823.jpg,6,
img008554.jpg,sfhq/images/part2/img008554.jpg,6,
img009724.jpg,sfhq/images/part2/img009724.jpg,6,
img006079.jpg,sfhq/images/part2/img006079.jpg,6,
img005523.jpg,sfhq/images/part2/img005523.jpg,6,
img007335.jpg,sfhq/images/part2/img007335.jpg,6,
img005528.jpg,sfhq/images/part2/img005528.jpg,6,
img009569.jpg,sfhq/images/part2/img009569.jpg,6,
img006801.jpg,sfhq/images/part2/img006801.jpg,6,
img005905.jpg,sfhq/images/part2/img005905.jpg,6,
img006674.jpg,sfhq/images/part2/img006674.jpg,6,
img008988.jpg,sfhq/images/part2/img008988.jpg,6,
img008321.jpg,sfhq/images/part2/img008321.jpg,6,
img007133.jpg,sfhq/images/part2/img007133.jpg,6,
img008440.jpg,sfhq/images/part2/img008440.jpg,6,
img006105.jpg,sfhq/images/part2/img006105.jpg,6,
img005015.jpg,sfhq/images/part2/img005015.jpg,6,
img005630.jpg,sfhq/images/part2/img005630.jpg,6,
img008401.jpg,sfhq/images/part2/img008401.jpg,6,
img007770.jpg,sfhq/images/part2/img007770.jpg,6,
img007414.jpg,sfhq/images/part2/img007414.jpg,6,
img005443.jpg,sfhq/images/part2/img005443.jpg,6,
img005461.jpg,sfhq/images/part2/img005461.jpg,6,
img005638.jpg,sfhq/images/part2/img005638.jpg,6,
img006921.jpg,sfhq/images/part2/img006921.jpg,6,
img008535.jpg,sfhq/images/part2/img008535.jpg,6,
img005635.jpg,sfhq/images/part2/img005635.jpg,6,
img008331.jpg,sfhq/images/part2/img008331.jpg,6,
img008507.jpg,sfhq/images/part2/img008507.jpg,6,
img008073.jpg,sfhq/images/part2/img008073.jpg,6,
img008936.jpg,sfhq/images/part2/img008936.jpg,6,
img009454.jpg,sfhq/images/part2/img009454.jpg,6,
img005799.jpg,sfhq/images/part2/img005799.jpg,6,
img006386.jpg,sfhq/images/part2/img006386.jpg,6,
img009652.jpg,sfhq/images/part2/img009652.jpg,6,
img008375.jpg,sfhq/images/part2/img008375.jpg,6,
img009582.jpg,sfhq/images/part2/img009582.jpg,6,
img006106.jpg,sfhq/images/part2/img006106.jpg,6,
img007053.jpg,sfhq/images/part2/img007053.jpg,6,
img009420.jpg,sfhq/images/part2/img009420.jpg,6,
img006175.jpg,sfhq/images/part2/img006175.jpg,6,
img006740.jpg,sfhq/images/part2/img006740.jpg,6,
img008952.jpg,sfhq/images/part2/img008952.jpg,6,
img007955.jpg,sfhq/images/part2/img007955.jpg,6,
img008943.jpg,sfhq/images/part2/img008943.jpg,6,
img009532.jpg,sfhq/images/part2/img009532.jpg,6,
img006926.jpg,sfhq/images/part2/img006926.jpg,6,
img007774.jpg,sfhq/images/part2/img007774.jpg,6,
img006183.jpg,sfhq/images/part2/img006183.jpg,6,
img005305.jpg,sfhq/images/part2/img005305.jpg,6,
img007781.jpg,sfhq/images/part2/img007781.jpg,6,
img007353.jpg,sfhq/images/part2/img007353.jpg,6,
img007865.jpg,sfhq/images/part2/img007865.jpg,6,
img005599.jpg,sfhq/images/part2/img005599.jpg,6,
img006984.jpg,sfhq/images/part2/img006984.jpg,6,
img007253.jpg,sfhq/images/part2/img007253.jpg,6,
img006084.jpg,sfhq/images/part2/img006084.jpg,6,
img008185.jpg,sfhq/images/part2/img008185.jpg,6,
img007361.jpg,sfhq/images/part2/img007361.jpg,6,
img006243.jpg,sfhq/images/part2/img006243.jpg,6,
img006009.jpg,sfhq/images/part2/img006009.jpg,6,
img009858.jpg,sfhq/images/part2/img009858.jpg,6,
img006519.jpg,sfhq/images/part2/img006519.jpg,6,
img005391.jpg,sfhq/images/part2/img005391.jpg,6,
img005717.jpg,sfhq/images/part2/img005717.jpg,6,
img005194.jpg,sfhq/images/part2/img005194.jpg,6,
img009365.jpg,sfhq/images/part2/img009365.jpg,6,
img006852.jpg,sfhq/images/part2/img006852.jpg,6,
img008786.jpg,sfhq/images/part2/img008786.jpg,6,
img008610.jpg,sfhq/images/part2/img008610.jpg,6,
img006339.jpg,sfhq/images/part2/img006339.jpg,6,
img006929.jpg,sfhq/images/part2/img006929.jpg,6,
img005867.jpg,sfhq/images/part2/img005867.jpg,6,
img007863.jpg,sfhq/images/part2/img007863.jpg,6,
img009787.jpg,sfhq/images/part2/img009787.jpg,6,
img009000.jpg,sfhq/images/part2/img009000.jpg,6,
img005258.jpg,sfhq/images/part2/img005258.jpg,6,
img005082.jpg,sfhq/images/part2/img005082.jpg,6,
img005232.jpg,sfhq/images/part2/img005232.jpg,6,
img005594.jpg,sfhq/images/part2/img005594.jpg,6,
img005379.jpg,sfhq/images/part2/img005379.jpg,6,
img007142.jpg,sfhq/images/part2/img007142.jpg,6,
img005627.jpg,sfhq/images/part2/img005627.jpg,6,
img005993.jpg,sfhq/images/part2/img005993.jpg,6,
img005428.jpg,sfhq/images/part2/img005428.jpg,6,
img006891.jpg,sfhq/images/part2/img006891.jpg,6,
img005285.jpg,sfhq/images/part2/img005285.jpg,6,
img007166.jpg,sfhq/images/part2/img007166.jpg,6,
img009524.jpg,sfhq/images/part2/img009524.jpg,6,
img008766.jpg,sfhq/images/part2/img008766.jpg,6,
img009654.jpg,sfhq/images/part2/img009654.jpg,6,
img005768.jpg,sfhq/images/part2/img005768.jpg,6,
img009233.jpg,sfhq/images/part2/img009233.jpg,6,
img006861.jpg,sfhq/images/part2/img006861.jpg,6,
img007561.jpg,sfhq/images/part2/img007561.jpg,6,
img008782.jpg,sfhq/images/part2/img008782.jpg,6,
img006509.jpg,sfhq/images/part2/img006509.jpg,6,
img009866.jpg,sfhq/images/part2/img009866.jpg,6,
img005772.jpg,sfhq/images/part2/img005772.jpg,6,
img009090.jpg,sfhq/images/part2/img009090.jpg,6,
img005043.jpg,sfhq/images/part2/img005043.jpg,6,
img009381.jpg,sfhq/images/part2/img009381.jpg,6,
img005293.jpg,sfhq/images/part2/img005293.jpg,6,
img008101.jpg,sfhq/images/part2/img008101.jpg,6,
img008789.jpg,sfhq/images/part2/img008789.jpg,6,
img005874.jpg,sfhq/images/part2/img005874.jpg,6,
img005652.jpg,sfhq/images/part2/img005652.jpg,6,
img006185.jpg,sfhq/images/part2/img006185.jpg,6,
img006943.jpg,sfhq/images/part2/img006943.jpg,6,
img006973.jpg,sfhq/images/part2/img006973.jpg,6,
img009182.jpg,sfhq/images/part2/img009182.jpg,6,
img008094.jpg,sfhq/images/part2/img008094.jpg,6,
img007451.jpg,sfhq/images/part2/img007451.jpg,6,
img005227.jpg,sfhq/images/part2/img005227.jpg,6,
img007458.jpg,sfhq/images/part2/img007458.jpg,6,
img009748.jpg,sfhq/images/part2/img009748.jpg,6,
img009333.jpg,sfhq/images/part2/img009333.jpg,6,
img008456.jpg,sfhq/images/part2/img008456.jpg,6,
img006483.jpg,sfhq/images/part2/img006483.jpg,6,
img007647.jpg,sfhq/images/part2/img007647.jpg,6,
img007336.jpg,sfhq/images/part2/img007336.jpg,6,
img009400.jpg,sfhq/images/part2/img009400.jpg,6,
img005362.jpg,sfhq/images/part2/img005362.jpg,6,
img009890.jpg,sfhq/images/part2/img009890.jpg,6,
img005182.jpg,sfhq/images/part2/img005182.jpg,6,
img009456.jpg,sfhq/images/part2/img009456.jpg,6,
img006867.jpg,sfhq/images/part2/img006867.jpg,6,
img007246.jpg,sfhq/images/part2/img007246.jpg,6,
img005483.jpg,sfhq/images/part2/img005483.jpg,6,
img006516.jpg,sfhq/images/part2/img006516.jpg,6,
img008776.jpg,sfhq/images/part2/img008776.jpg,6,
img008255.jpg,sfhq/images/part2/img008255.jpg,6,
img006834.jpg,sfhq/images/part2/img006834.jpg,6,
img008848.jpg,sfhq/images/part2/img008848.jpg,6,
img009377.jpg,sfhq/images/part2/img009377.jpg,6,
img009785.jpg,sfhq/images/part2/img009785.jpg,6,
img005148.jpg,sfhq/images/part2/img005148.jpg,6,
img009259.jpg,sfhq/images/part2/img009259.jpg,6,
img007230.jpg,sfhq/images/part2/img007230.jpg,6,
img007158.jpg,sfhq/images/part2/img007158.jpg,6,
img005206.jpg,sfhq/images/part2/img005206.jpg,6,
img008349.jpg,sfhq/images/part2/img008349.jpg,6,
img007968.jpg,sfhq/images/part2/img007968.jpg,6,
img007944.jpg,sfhq/images/part2/img007944.jpg,6,
img005940.jpg,sfhq/images/part2/img005940.jpg,6,
img007753.jpg,sfhq/images/part2/img007753.jpg,6,
img008430.jpg,sfhq/images/part2/img008430.jpg,6,
img006254.jpg,sfhq/images/part2/img006254.jpg,6,
img007017.jpg,sfhq/images/part2/img007017.jpg,6,
img006615.jpg,sfhq/images/part2/img006615.jpg,6,
img007434.jpg,sfhq/images/part2/img007434.jpg,6,
img008555.jpg,sfhq/images/part2/img008555.jpg,6,
img007471.jpg,sfhq/images/part2/img007471.jpg,6,
img007008.jpg,sfhq/images/part2/img007008.jpg,6,
img007954.jpg,sfhq/images/part2/img007954.jpg,6,
img005725.jpg,sfhq/images/part2/img005725.jpg,6,
img007536.jpg,sfhq/images/part2/img007536.jpg,6,
img006865.jpg,sfhq/images/part2/img006865.jpg,6,
img006201.jpg,sfhq/images/part2/img006201.jpg,6,
img005730.jpg,sfhq/images/part2/img005730.jpg,6,
img006302.jpg,sfhq/images/part2/img006302.jpg,6,
img007194.jpg,sfhq/images/part2/img007194.jpg,6,
img005663.jpg,sfhq/images/part2/img005663.jpg,6,
img008651.jpg,sfhq/images/part2/img008651.jpg,6,
img008968.jpg,sfhq/images/part2/img008968.jpg,6,
img009593.jpg,sfhq/images/part2/img009593.jpg,6,
img005303.jpg,sfhq/images/part2/img005303.jpg,6,
img005869.jpg,sfhq/images/part2/img005869.jpg,6,
img007030.jpg,sfhq/images/part2/img007030.jpg,6,
img005580.jpg,sfhq/images/part2/img005580.jpg,6,
img007982.jpg,sfhq/images/part2/img007982.jpg,6,
img008399.jpg,sfhq/images/part2/img008399.jpg,6,
img006307.jpg,sfhq/images/part2/img006307.jpg,6,
img008537.jpg,sfhq/images/part2/img008537.jpg,6,
img007359.jpg,sfhq/images/part2/img007359.jpg,6,
img006678.jpg,sfhq/images/part2/img006678.jpg,6,
img009154.jpg,sfhq/images/part2/img009154.jpg,6,
img009016.jpg,sfhq/images/part2/img009016.jpg,6,
img007466.jpg,sfhq/images/part2/img007466.jpg,6,
img007613.jpg,sfhq/images/part2/img007613.jpg,6,
img009140.jpg,sfhq/images/part2/img009140.jpg,6,
img005661.jpg,sfhq/images/part2/img005661.jpg,6,
img007037.jpg,sfhq/images/part2/img007037.jpg,6,
img008956.jpg,sfhq/images/part2/img008956.jpg,6,
img005888.jpg,sfhq/images/part2/img005888.jpg,6,
img006728.jpg,sfhq/images/part2/img006728.jpg,6,
img005854.jpg,sfhq/images/part2/img005854.jpg,6,
img006070.jpg,sfhq/images/part2/img006070.jpg,6,
img005968.jpg,sfhq/images/part2/img005968.jpg,6,
img008487.jpg,sfhq/images/part2/img008487.jpg,6,
img008438.jpg,sfhq/images/part2/img008438.jpg,6,
img007436.jpg,sfhq/images/part2/img007436.jpg,6,
img005892.jpg,sfhq/images/part2/img005892.jpg,6,
img006226.jpg,sfhq/images/part2/img006226.jpg,6,
img008648.jpg,sfhq/images/part2/img008648.jpg,6,
img009590.jpg,sfhq/images/part2/img009590.jpg,6,
img008874.jpg,sfhq/images/part2/img008874.jpg,6,
img009339.jpg,sfhq/images/part2/img009339.jpg,6,
img005097.jpg,sfhq/images/part2/img005097.jpg,6,
img007314.jpg,sfhq/images/part2/img007314.jpg,6,
img006135.jpg,sfhq/images/part2/img006135.jpg,6,
img005203.jpg,sfhq/images/part2/img005203.jpg,6,
img009963.jpg,sfhq/images/part2/img009963.jpg,6,
img005767.jpg,sfhq/images/part2/img005767.jpg,6,
img008837.jpg,sfhq/images/part2/img008837.jpg,6,
img005894.jpg,sfhq/images/part2/img005894.jpg,6,
img005952.jpg,sfhq/images/part2/img005952.jpg,6,
img007644.jpg,sfhq/images/part2/img007644.jpg,6,
img007080.jpg,sfhq/images/part2/img007080.jpg,6,
img005026.jpg,sfhq/images/part2/img005026.jpg,6,
img008092.jpg,sfhq/images/part2/img008092.jpg,6,
img006606.jpg,sfhq/images/part2/img006606.jpg,6,
img005439.jpg,sfhq/images/part2/img005439.jpg,6,
img009109.jpg,sfhq/images/part2/img009109.jpg,6,
img009461.jpg,sfhq/images/part2/img009461.jpg,6,
img007801.jpg,sfhq/images/part2/img007801.jpg,6,
img006634.jpg,sfhq/images/part2/img006634.jpg,6,
img006095.jpg,sfhq/images/part2/img006095.jpg,6,
img007363.jpg,sfhq/images/part2/img007363.jpg,6,
img007093.jpg,sfhq/images/part2/img007093.jpg,6,
img009681.jpg,sfhq/images/part2/img009681.jpg,6,
img009828.jpg,sfhq/images/part2/img009828.jpg,6,
img005011.jpg,sfhq/images/part2/img005011.jpg,6,
img006603.jpg,sfhq/images/part2/img006603.jpg,6,
img006869.jpg,sfhq/images/part2/img006869.jpg,6,
img006758.jpg,sfhq/images/part2/img006758.jpg,6,
img007070.jpg,sfhq/images/part2/img007070.jpg,6,
img007405.jpg,sfhq/images/part2/img007405.jpg,6,
img008178.jpg,sfhq/images/part2/img008178.jpg,6,
img007448.jpg,sfhq/images/part2/img007448.jpg,6,
img006515.jpg,sfhq/images/part2/img006515.jpg,6,
img005478.jpg,sfhq/images/part2/img005478.jpg,6,
img008772.jpg,sfhq/images/part2/img008772.jpg,6,
img009305.jpg,sfhq/images/part2/img009305.jpg,6,
img008142.jpg,sfhq/images/part2/img008142.jpg,6,
img005286.jpg,sfhq/images/part2/img005286.jpg,6,
img007662.jpg,sfhq/images/part2/img007662.jpg,6,
img006427.jpg,sfhq/images/part2/img006427.jpg,6,
img006167.jpg,sfhq/images/part2/img006167.jpg,6,
img007091.jpg,sfhq/images/part2/img007091.jpg,6,
img009083.jpg,sfhq/images/part2/img009083.jpg,6,
img009946.jpg,sfhq/images/part2/img009946.jpg,6,
img007081.jpg,sfhq/images/part2/img007081.jpg,6,
img006550.jpg,sfhq/images/part2/img006550.jpg,6,
img009110.jpg,sfhq/images/part2/img009110.jpg,6,
img007717.jpg,sfhq/images/part2/img007717.jpg,6,
img006191.jpg,sfhq/images/part2/img006191.jpg,6,
img009861.jpg,sfhq/images/part2/img009861.jpg,6,
img008007.jpg,sfhq/images/part2/img008007.jpg,6,
img007971.jpg,sfhq/images/part2/img007971.jpg,6,
img007702.jpg,sfhq/images/part2/img007702.jpg,6,
img009211.jpg,sfhq/images/part2/img009211.jpg,6,
img009901.jpg,sfhq/images/part2/img009901.jpg,6,
img009307.jpg,sfhq/images/part2/img009307.jpg,6,
img008714.jpg,sfhq/images/part2/img008714.jpg,6,
img005331.jpg,sfhq/images/part2/img005331.jpg,6,
img005810.jpg,sfhq/images/part2/img005810.jpg,6,
img006003.jpg,sfhq/images/part2/img006003.jpg,6,
img008369.jpg,sfhq/images/part2/img008369.jpg,6,
img006412.jpg,sfhq/images/part2/img006412.jpg,6,
img007464.jpg,sfhq/images/part2/img007464.jpg,6,
img009026.jpg,sfhq/images/part2/img009026.jpg,6,
img005162.jpg,sfhq/images/part2/img005162.jpg,6,
img006480.jpg,sfhq/images/part2/img006480.jpg,6,
img009918.jpg,sfhq/images/part2/img009918.jpg,6,
img009179.jpg,sfhq/images/part2/img009179.jpg,6,
img009650.jpg,sfhq/images/part2/img009650.jpg,6,
img005075.jpg,sfhq/images/part2/img005075.jpg,6,
img007039.jpg,sfhq/images/part2/img007039.jpg,6,
img005048.jpg,sfhq/images/part2/img005048.jpg,6,
img009177.jpg,sfhq/images/part2/img009177.jpg,6,
img009570.jpg,sfhq/images/part2/img009570.jpg,6,
img009815.jpg,sfhq/images/part2/img009815.jpg,6,
img006718.jpg,sfhq/images/part2/img006718.jpg,6,
img008733.jpg,sfhq/images/part2/img008733.jpg,6,
img005409.jpg,sfhq/images/part2/img005409.jpg,6,
img006974.jpg,sfhq/images/part2/img006974.jpg,6,
img008536.jpg,sfhq/images/part2/img008536.jpg,6,
img008679.jpg,sfhq/images/part2/img008679.jpg,6,
img007898.jpg,sfhq/images/part2/img007898.jpg,6,
img007931.jpg,sfhq/images/part2/img007931.jpg,6,
img007952.jpg,sfhq/images/part2/img007952.jpg,6,
img005539.jpg,sfhq/images/part2/img005539.jpg,6,
img006679.jpg,sfhq/images/part2/img006679.jpg,6,
img005386.jpg,sfhq/images/part2/img005386.jpg,6,
img005142.jpg,sfhq/images/part2/img005142.jpg,6,
img005911.jpg,sfhq/images/part2/img005911.jpg,6,
img007653.jpg,sfhq/images/part2/img007653.jpg,6,
img009302.jpg,sfhq/images/part2/img009302.jpg,6,
img006265.jpg,sfhq/images/part2/img006265.jpg,6,
img008111.jpg,sfhq/images/part2/img008111.jpg,6,
img008153.jpg,sfhq/images/part2/img008153.jpg,6,
img007160.jpg,sfhq/images/part2/img007160.jpg,6,
img005028.jpg,sfhq/images/part2/img005028.jpg,6,
img009287.jpg,sfhq/images/part2/img009287.jpg,6,
img006264.jpg,sfhq/images/part2/img006264.jpg,6,
img009281.jpg,sfhq/images/part2/img009281.jpg,6,
img006960.jpg,sfhq/images/part2/img006960.jpg,6,
img007530.jpg,sfhq/images/part2/img007530.jpg,6,
img005127.jpg,sfhq/images/part2/img005127.jpg,6,
img009675.jpg,sfhq/images/part2/img009675.jpg,6,
img008105.jpg,sfhq/images/part2/img008105.jpg,6,
img006160.jpg,sfhq/images/part2/img006160.jpg,6,
img005480.jpg,sfhq/images/part2/img005480.jpg,6,
img008634.jpg,sfhq/images/part2/img008634.jpg,6,
img007258.jpg,sfhq/images/part2/img007258.jpg,6,
img008277.jpg,sfhq/images/part2/img008277.jpg,6,
img008362.jpg,sfhq/images/part2/img008362.jpg,6,
img006639.jpg,sfhq/images/part2/img006639.jpg,6,
img008394.jpg,sfhq/images/part2/img008394.jpg,6,
img006052.jpg,sfhq/images/part2/img006052.jpg,6,
img007173.jpg,sfhq/images/part2/img007173.jpg,6,
img007484.jpg,sfhq/images/part2/img007484.jpg,6,
img007894.jpg,sfhq/images/part2/img007894.jpg,6,
img008249.jpg,sfhq/images/part2/img008249.jpg,6,
img009249.jpg,sfhq/images/part2/img009249.jpg,6,
img009818.jpg,sfhq/images/part2/img009818.jpg,6,
img008937.jpg,sfhq/images/part2/img008937.jpg,6,
img009112.jpg,sfhq/images/part2/img009112.jpg,6,
img007680.jpg,sfhq/images/part2/img007680.jpg,6,
img006060.jpg,sfhq/images/part2/img006060.jpg,6,
img007489.jpg,sfhq/images/part2/img007489.jpg,6,
img009508.jpg,sfhq/images/part2/img009508.jpg,6,
img006618.jpg,sfhq/images/part2/img006618.jpg,6,
img006956.jpg,sfhq/images/part2/img006956.jpg,6,
img008783.jpg,sfhq/images/part2/img008783.jpg,6,
img007756.jpg,sfhq/images/part2/img007756.jpg,6,
img007874.jpg,sfhq/images/part2/img007874.jpg,6,
img007990.jpg,sfhq/images/part2/img007990.jpg,6,
img005546.jpg,sfhq/images/part2/img005546.jpg,6,
img006277.jpg,sfhq/images/part2/img006277.jpg,6,
img007630.jpg,sfhq/images/part2/img007630.jpg,6,
img005468.jpg,sfhq/images/part2/img005468.jpg,6,
img006560.jpg,sfhq/images/part2/img006560.jpg,6,
img005781.jpg,sfhq/images/part2/img005781.jpg,6,
img006661.jpg,sfhq/images/part2/img006661.jpg,6,
img006837.jpg,sfhq/images/part2/img006837.jpg,6,
img005797.jpg,sfhq/images/part2/img005797.jpg,6,
img007018.jpg,sfhq/images/part2/img007018.jpg,6,
img009403.jpg,sfhq/images/part2/img009403.jpg,6,
img005647.jpg,sfhq/images/part2/img005647.jpg,6,
img006877.jpg,sfhq/images/part2/img006877.jpg,6,
img006342.jpg,sfhq/images/part2/img006342.jpg,6,
img008974.jpg,sfhq/images/part2/img008974.jpg,6,
img005427.jpg,sfhq/images/part2/img005427.jpg,6,
img006289.jpg,sfhq/images/part2/img006289.jpg,6,
img008807.jpg,sfhq/images/part2/img008807.jpg,6,
img005466.jpg,sfhq/images/part2/img005466.jpg,6,
img008139.jpg,sfhq/images/part2/img008139.jpg,6,
img006505.jpg,sfhq/images/part2/img006505.jpg,6,
img006908.jpg,sfhq/images/part2/img006908.jpg,6,
img006359.jpg,sfhq/images/part2/img006359.jpg,6,
img006607.jpg,sfhq/images/part2/img006607.jpg,6,
img006061.jpg,sfhq/images/part2/img006061.jpg,6,
img007485.jpg,sfhq/images/part2/img007485.jpg,6,
img008144.jpg,sfhq/images/part2/img008144.jpg,6,
img006496.jpg,sfhq/images/part2/img006496.jpg,6,
img007265.jpg,sfhq/images/part2/img007265.jpg,6,
img005770.jpg,sfhq/images/part2/img005770.jpg,6,
img009172.jpg,sfhq/images/part2/img009172.jpg,6,
img006691.jpg,sfhq/images/part2/img006691.jpg,6,
img008350.jpg,sfhq/images/part2/img008350.jpg,6,
img005704.jpg,sfhq/images/part2/img005704.jpg,6,
img008992.jpg,sfhq/images/part2/img008992.jpg,6,
img008969.jpg,sfhq/images/part2/img008969.jpg,6,
img006218.jpg,sfhq/images/part2/img006218.jpg,6,
img006457.jpg,sfhq/images/part2/img006457.jpg,6,
img008893.jpg,sfhq/images/part2/img008893.jpg,6,
img009647.jpg,sfhq/images/part2/img009647.jpg,6,
img007983.jpg,sfhq/images/part2/img007983.jpg,6,
img008908.jpg,sfhq/images/part2/img008908.jpg,6,
img007545.jpg,sfhq/images/part2/img007545.jpg,6,
img008004.jpg,sfhq/images/part2/img008004.jpg,6,
img009629.jpg,sfhq/images/part2/img009629.jpg,6,
img006083.jpg,sfhq/images/part2/img006083.jpg,6,
img006757.jpg,sfhq/images/part2/img006757.jpg,6,
img008124.jpg,sfhq/images/part2/img008124.jpg,6,
img007002.jpg,sfhq/images/part2/img007002.jpg,6,
img009473.jpg,sfhq/images/part2/img009473.jpg,6,
img007632.jpg,sfhq/images/part2/img007632.jpg,6,
img009096.jpg,sfhq/images/part2/img009096.jpg,6,
img009827.jpg,sfhq/images/part2/img009827.jpg,6,
img005474.jpg,sfhq/images/part2/img005474.jpg,6,
img008041.jpg,sfhq/images/part2/img008041.jpg,6,
img005727.jpg,sfhq/images/part2/img005727.jpg,6,
img008700.jpg,sfhq/images/part2/img008700.jpg,6,
img005904.jpg,sfhq/images/part2/img005904.jpg,6,
img008597.jpg,sfhq/images/part2/img008597.jpg,6,
img007221.jpg,sfhq/images/part2/img007221.jpg,6,
img007934.jpg,sfhq/images/part2/img007934.jpg,6,
img007186.jpg,sfhq/images/part2/img007186.jpg,6,
img007296.jpg,sfhq/images/part2/img007296.jpg,6,
img006053.jpg,sfhq/images/part2/img006053.jpg,6,
img007274.jpg,sfhq/images/part2/img007274.jpg,6,
img005416.jpg,sfhq/images/part2/img005416.jpg,6,
img009286.jpg,sfhq/images/part2/img009286.jpg,6,
img005943.jpg,sfhq/images/part2/img005943.jpg,6,
img005027.jpg,sfhq/images/part2/img005027.jpg,6,
img005666.jpg,sfhq/images/part2/img005666.jpg,6,
img007583.jpg,sfhq/images/part2/img007583.jpg,6,
img008395.jpg,sfhq/images/part2/img008395.jpg,6,
img005150.jpg,sfhq/images/part2/img005150.jpg,6,
img008445.jpg,sfhq/images/part2/img008445.jpg,6,
img005498.jpg,sfhq/images/part2/img005498.jpg,6,
img005174.jpg,sfhq/images/part2/img005174.jpg,6,
img009398.jpg,sfhq/images/part2/img009398.jpg,6,
img007739.jpg,sfhq/images/part2/img007739.jpg,6,
img005686.jpg,sfhq/images/part2/img005686.jpg,6,
img008947.jpg,sfhq/images/part2/img008947.jpg,6,
img008045.jpg,sfhq/images/part2/img008045.jpg,6,
img008508.jpg,sfhq/images/part2/img008508.jpg,6,
img007867.jpg,sfhq/images/part2/img007867.jpg,6,
img005107.jpg,sfhq/images/part2/img005107.jpg,6,
img009832.jpg,sfhq/images/part2/img009832.jpg,6,
img009134.jpg,sfhq/images/part2/img009134.jpg,6,
img007075.jpg,sfhq/images/part2/img007075.jpg,6,
img007726.jpg,sfhq/images/part2/img007726.jpg,6,
img005096.jpg,sfhq/images/part2/img005096.jpg,6,
img007861.jpg,sfhq/images/part2/img007861.jpg,6,
img008245.jpg,sfhq/images/part2/img008245.jpg,6,
img006219.jpg,sfhq/images/part2/img006219.jpg,6,
img008471.jpg,sfhq/images/part2/img008471.jpg,6,
img008500.jpg,sfhq/images/part2/img008500.jpg,6,
img006835.jpg,sfhq/images/part2/img006835.jpg,6,
img005347.jpg,sfhq/images/part2/img005347.jpg,6,
img007779.jpg,sfhq/images/part2/img007779.jpg,6,
img006408.jpg,sfhq/images/part2/img006408.jpg,6,
img007111.jpg,sfhq/images/part2/img007111.jpg,6,
img005866.jpg,sfhq/images/part2/img005866.jpg,6,
img008582.jpg,sfhq/images/part2/img008582.jpg,6,
img005442.jpg,sfhq/images/part2/img005442.jpg,6,
img008671.jpg,sfhq/images/part2/img008671.jpg,6,
img007225.jpg,sfhq/images/part2/img007225.jpg,6,
img005773.jpg,sfhq/images/part2/img005773.jpg,6,
img005186.jpg,sfhq/images/part2/img005186.jpg,6,
img008058.jpg,sfhq/images/part2/img008058.jpg,6,
img008963.jpg,sfhq/images/part2/img008963.jpg,6,
img009447.jpg,sfhq/images/part2/img009447.jpg,6,
img006710.jpg,sfhq/images/part2/img006710.jpg,6,
img007847.jpg,sfhq/images/part2/img007847.jpg,6,
img005358.jpg,sfhq/images/part2/img005358.jpg,6,
img007551.jpg,sfhq/images/part2/img007551.jpg,6,
img006677.jpg,sfhq/images/part2/img006677.jpg,6,
img007014.jpg,sfhq/images/part2/img007014.jpg,6,
img009939.jpg,sfhq/images/part2/img009939.jpg,6,
img005447.jpg,sfhq/images/part2/img005447.jpg,6,
img005794.jpg,sfhq/images/part2/img005794.jpg,6,
img006670.jpg,sfhq/images/part2/img006670.jpg,6,
img009022.jpg,sfhq/images/part2/img009022.jpg,6,
img006593.jpg,sfhq/images/part2/img006593.jpg,6,
img007356.jpg,sfhq/images/part2/img007356.jpg,6,
img006665.jpg,sfhq/images/part2/img006665.jpg,6,
img005886.jpg,sfhq/images/part2/img005886.jpg,6,
img007011.jpg,sfhq/images/part2/img007011.jpg,6,
img006858.jpg,sfhq/images/part2/img006858.jpg,6,
img007650.jpg,sfhq/images/part2/img007650.jpg,6,
img007824.jpg,sfhq/images/part2/img007824.jpg,6,
img008165.jpg,sfhq/images/part2/img008165.jpg,6,
img007603.jpg,sfhq/images/part2/img007603.jpg,6,
img009467.jpg,sfhq/images/part2/img009467.jpg,6,
img008559.jpg,sfhq/images/part2/img008559.jpg,6,
img007378.jpg,sfhq/images/part2/img007378.jpg,6,
img005957.jpg,sfhq/images/part2/img005957.jpg,6,
img007562.jpg,sfhq/images/part2/img007562.jpg,6,
img008730.jpg,sfhq/images/part2/img008730.jpg,6,
img009332.jpg,sfhq/images/part2/img009332.jpg,6,
img006263.jpg,sfhq/images/part2/img006263.jpg,6,
img009386.jpg,sfhq/images/part2/img009386.jpg,6,
img009059.jpg,sfhq/images/part2/img009059.jpg,6,
img009916.jpg,sfhq/images/part2/img009916.jpg,6,
img007767.jpg,sfhq/images/part2/img007767.jpg,6,
img007782.jpg,sfhq/images/part2/img007782.jpg,6,
img007257.jpg,sfhq/images/part2/img007257.jpg,6,
img007174.jpg,sfhq/images/part2/img007174.jpg,6,
img007745.jpg,sfhq/images/part2/img007745.jpg,6,
img005302.jpg,sfhq/images/part2/img005302.jpg,6,
img009974.jpg,sfhq/images/part2/img009974.jpg,6,
img007191.jpg,sfhq/images/part2/img007191.jpg,6,
img006198.jpg,sfhq/images/part2/img006198.jpg,6,
img007565.jpg,sfhq/images/part2/img007565.jpg,6,
img009659.jpg,sfhq/images/part2/img009659.jpg,6,
img009152.jpg,sfhq/images/part2/img009152.jpg,6,
img009797.jpg,sfhq/images/part2/img009797.jpg,6,
img008914.jpg,sfhq/images/part2/img008914.jpg,6,
img008828.jpg,sfhq/images/part2/img008828.jpg,6,
img006090.jpg,sfhq/images/part2/img006090.jpg,6,
img005319.jpg,sfhq/images/part2/img005319.jpg,6,
img005264.jpg,sfhq/images/part2/img005264.jpg,6,
img006029.jpg,sfhq/images/part2/img006029.jpg,6,
img008514.jpg,sfhq/images/part2/img008514.jpg,6,
img005755.jpg,sfhq/images/part2/img005755.jpg,6,
img008090.jpg,sfhq/images/part2/img008090.jpg,6,
img007477.jpg,sfhq/images/part2/img007477.jpg,6,
img009641.jpg,sfhq/images/part2/img009641.jpg,6,
img005706.jpg,sfhq/images/part2/img005706.jpg,6,
img005737.jpg,sfhq/images/part2/img005737.jpg,6,
img009419.jpg,sfhq/images/part2/img009419.jpg,6,
img007869.jpg,sfhq/images/part2/img007869.jpg,6,
img009262.jpg,sfhq/images/part2/img009262.jpg,6,
img009947.jpg,sfhq/images/part2/img009947.jpg,6,
img008532.jpg,sfhq/images/part2/img008532.jpg,6,
img005750.jpg,sfhq/images/part2/img005750.jpg,6,
img005938.jpg,sfhq/images/part2/img005938.jpg,6,
img009385.jpg,sfhq/images/part2/img009385.jpg,6,
img005059.jpg,sfhq/images/part2/img005059.jpg,6,
img005632.jpg,sfhq/images/part2/img005632.jpg,6,
img008661.jpg,sfhq/images/part2/img008661.jpg,6,
img005995.jpg,sfhq/images/part2/img005995.jpg,6,
img006597.jpg,sfhq/images/part2/img006597.jpg,6,
img007845.jpg,sfhq/images/part2/img007845.jpg,6,
img008655.jpg,sfhq/images/part2/img008655.jpg,6,
img008631.jpg,sfhq/images/part2/img008631.jpg,6,
img005713.jpg,sfhq/images/part2/img005713.jpg,6,
img009896.jpg,sfhq/images/part2/img009896.jpg,6,
img009936.jpg,sfhq/images/part2/img009936.jpg,6,
img009437.jpg,sfhq/images/part2/img009437.jpg,6,
img007277.jpg,sfhq/images/part2/img007277.jpg,6,
img008388.jpg,sfhq/images/part2/img008388.jpg,6,
img006405.jpg,sfhq/images/part2/img006405.jpg,6,
img007988.jpg,sfhq/images/part2/img007988.jpg,6,
img009497.jpg,sfhq/images/part2/img009497.jpg,6,
img008915.jpg,sfhq/images/part2/img008915.jpg,6,
img009298.jpg,sfhq/images/part2/img009298.jpg,6,
img007795.jpg,sfhq/images/part2/img007795.jpg,6,
img009543.jpg,sfhq/images/part2/img009543.jpg,6,
img005577.jpg,sfhq/images/part2/img005577.jpg,6,
img008541.jpg,sfhq/images/part2/img008541.jpg,6,
img007463.jpg,sfhq/images/part2/img007463.jpg,6,
img006872.jpg,sfhq/images/part2/img006872.jpg,6,
img006637.jpg,sfhq/images/part2/img006637.jpg,6,
img006726.jpg,sfhq/images/part2/img006726.jpg,6,
img008001.jpg,sfhq/images/part2/img008001.jpg,6,
img005482.jpg,sfhq/images/part2/img005482.jpg,6,
img006117.jpg,sfhq/images/part2/img006117.jpg,6,
img006206.jpg,sfhq/images/part2/img006206.jpg,6,
img007398.jpg,sfhq/images/part2/img007398.jpg,6,
img007213.jpg,sfhq/images/part2/img007213.jpg,6,
img008307.jpg,sfhq/images/part2/img008307.jpg,6,
img005171.jpg,sfhq/images/part2/img005171.jpg,6,
img007882.jpg,sfhq/images/part2/img007882.jpg,6,
img007283.jpg,sfhq/images/part2/img007283.jpg,6,
img005213.jpg,sfhq/images/part2/img005213.jpg,6,
img009794.jpg,sfhq/images/part2/img009794.jpg,6,
img006210.jpg,sfhq/images/part2/img006210.jpg,6,
img008864.jpg,sfhq/images/part2/img008864.jpg,6,
img007189.jpg,sfhq/images/part2/img007189.jpg,6,
img007532.jpg,sfhq/images/part2/img007532.jpg,6,
img009191.jpg,sfhq/images/part2/img009191.jpg,6,
img007291.jpg,sfhq/images/part2/img007291.jpg,6,
img006109.jpg,sfhq/images/part2/img006109.jpg,6,
img007145.jpg,sfhq/images/part2/img007145.jpg,6,
img007940.jpg,sfhq/images/part2/img007940.jpg,6,
img009127.jpg,sfhq/images/part2/img009127.jpg,6,
img009705.jpg,sfhq/images/part2/img009705.jpg,6,
img009265.jpg,sfhq/images/part2/img009265.jpg,6,
img006312.jpg,sfhq/images/part2/img006312.jpg,6,
img006511.jpg,sfhq/images/part2/img006511.jpg,6,
img005132.jpg,sfhq/images/part2/img005132.jpg,6,
img006819.jpg,sfhq/images/part2/img006819.jpg,6,
img005567.jpg,sfhq/images/part2/img005567.jpg,6,
img005530.jpg,sfhq/images/part2/img005530.jpg,6,
img008708.jpg,sfhq/images/part2/img008708.jpg,6,
img007245.jpg,sfhq/images/part2/img007245.jpg,6,
img005117.jpg,sfhq/images/part2/img005117.jpg,6,
img009651.jpg,sfhq/images/part2/img009651.jpg,6,
img008533.jpg,sfhq/images/part2/img008533.jpg,6,
img006026.jpg,sfhq/images/part2/img006026.jpg,6,
img006991.jpg,sfhq/images/part2/img006991.jpg,6,
img006738.jpg,sfhq/images/part2/img006738.jpg,6,
img009715.jpg,sfhq/images/part2/img009715.jpg,6,
img005288.jpg,sfhq/images/part2/img005288.jpg,6,
img009278.jpg,sfhq/images/part2/img009278.jpg,6,
img005916.jpg,sfhq/images/part2/img005916.jpg,6,
img009027.jpg,sfhq/images/part2/img009027.jpg,6,
img006716.jpg,sfhq/images/part2/img006716.jpg,6,
img009932.jpg,sfhq/images/part2/img009932.jpg,6,
img005125.jpg,sfhq/images/part2/img005125.jpg,6,
img009422.jpg,sfhq/images/part2/img009422.jpg,6,
img009549.jpg,sfhq/images/part2/img009549.jpg,6,
img005061.jpg,sfhq/images/part2/img005061.jpg,6,
img008919.jpg,sfhq/images/part2/img008919.jpg,6,
img005623.jpg,sfhq/images/part2/img005623.jpg,6,
img005030.jpg,sfhq/images/part2/img005030.jpg,6,
img007322.jpg,sfhq/images/part2/img007322.jpg,6,
img007659.jpg,sfhq/images/part2/img007659.jpg,6,
img005740.jpg,sfhq/images/part2/img005740.jpg,6,
img009697.jpg,sfhq/images/part2/img009697.jpg,6,
img005226.jpg,sfhq/images/part2/img005226.jpg,6,
img009424.jpg,sfhq/images/part2/img009424.jpg,6,
img006104.jpg,sfhq/images/part2/img006104.jpg,6,
img006153.jpg,sfhq/images/part2/img006153.jpg,6,
img005424.jpg,sfhq/images/part2/img005424.jpg,6,
img007567.jpg,sfhq/images/part2/img007567.jpg,6,
img007366.jpg,sfhq/images/part2/img007366.jpg,6,
img005783.jpg,sfhq/images/part2/img005783.jpg,6,
img008638.jpg,sfhq/images/part2/img008638.jpg,6,
img009354.jpg,sfhq/images/part2/img009354.jpg,6,
img005746.jpg,sfhq/images/part2/img005746.jpg,6,
img007591.jpg,sfhq/images/part2/img007591.jpg,6,
img005383.jpg,sfhq/images/part2/img005383.jpg,6,
img008710.jpg,sfhq/images/part2/img008710.jpg,6,
img006794.jpg,sfhq/images/part2/img006794.jpg,6,
img009997.jpg,sfhq/images/part2/img009997.jpg,6,
img008921.jpg,sfhq/images/part2/img008921.jpg,6,
img009658.jpg,sfhq/images/part2/img009658.jpg,6,
img005948.jpg,sfhq/images/part2/img005948.jpg,6,
img006249.jpg,sfhq/images/part2/img006249.jpg,6,
img009633.jpg,sfhq/images/part2/img009633.jpg,6,
img008688.jpg,sfhq/images/part2/img008688.jpg,6,
img008877.jpg,sfhq/images/part2/img008877.jpg,6,
img009106.jpg,sfhq/images/part2/img009106.jpg,6,
img007654.jpg,sfhq/images/part2/img007654.jpg,6,
img007831.jpg,sfhq/images/part2/img007831.jpg,6,
img009105.jpg,sfhq/images/part2/img009105.jpg,6,
img005199.jpg,sfhq/images/part2/img005199.jpg,6,
img007890.jpg,sfhq/images/part2/img007890.jpg,6,
img009117.jpg,sfhq/images/part2/img009117.jpg,6,
img009146.jpg,sfhq/images/part2/img009146.jpg,6,
img008780.jpg,sfhq/images/part2/img008780.jpg,6,
img007223.jpg,sfhq/images/part2/img007223.jpg,6,
img007843.jpg,sfhq/images/part2/img007843.jpg,6,
img007242.jpg,sfhq/images/part2/img007242.jpg,6,
img005634.jpg,sfhq/images/part2/img005634.jpg,6,
img005687.jpg,sfhq/images/part2/img005687.jpg,6,
img007367.jpg,sfhq/images/part2/img007367.jpg,6,
img007447.jpg,sfhq/images/part2/img007447.jpg,6,
img005436.jpg,sfhq/images/part2/img005436.jpg,6,
img007794.jpg,sfhq/images/part2/img007794.jpg,6,
img005046.jpg,sfhq/images/part2/img005046.jpg,6,
img009579.jpg,sfhq/images/part2/img009579.jpg,6,
img005571.jpg,sfhq/images/part2/img005571.jpg,6,
img008831.jpg,sfhq/images/part2/img008831.jpg,6,
img008025.jpg,sfhq/images/part2/img008025.jpg,6,
img007155.jpg,sfhq/images/part2/img007155.jpg,6,
img008418.jpg,sfhq/images/part2/img008418.jpg,6,
img007793.jpg,sfhq/images/part2/img007793.jpg,6,
img005988.jpg,sfhq/images/part2/img005988.jpg,6,
img005405.jpg,sfhq/images/part2/img005405.jpg,6,
img005219.jpg,sfhq/images/part2/img005219.jpg,6,
img005581.jpg,sfhq/images/part2/img005581.jpg,6,
img007320.jpg,sfhq/images/part2/img007320.jpg,6,
img008017.jpg,sfhq/images/part2/img008017.jpg,6,
img007251.jpg,sfhq/images/part2/img007251.jpg,6,
img008380.jpg,sfhq/images/part2/img008380.jpg,6,
img006533.jpg,sfhq/images/part2/img006533.jpg,6,
img006775.jpg,sfhq/images/part2/img006775.jpg,6,
img008054.jpg,sfhq/images/part2/img008054.jpg,6,
img008254.jpg,sfhq/images/part2/img008254.jpg,6,
img008774.jpg,sfhq/images/part2/img008774.jpg,6,
img006300.jpg,sfhq/images/part2/img006300.jpg,6,
img007175.jpg,sfhq/images/part2/img007175.jpg,6,
img006033.jpg,sfhq/images/part2/img006033.jpg,6,
img006795.jpg,sfhq/images/part2/img006795.jpg,6,
img005980.jpg,sfhq/images/part2/img005980.jpg,6,
img007057.jpg,sfhq/images/part2/img007057.jpg,6,
img005129.jpg,sfhq/images/part2/img005129.jpg,6,
img005184.jpg,sfhq/images/part2/img005184.jpg,6,
img005314.jpg,sfhq/images/part2/img005314.jpg,6,
img009594.jpg,sfhq/images/part2/img009594.jpg,6,
img007914.jpg,sfhq/images/part2/img007914.jpg,6,
img005067.jpg,sfhq/images/part2/img005067.jpg,6,
img006546.jpg,sfhq/images/part2/img006546.jpg,6,
img007884.jpg,sfhq/images/part2/img007884.jpg,6,
img005185.jpg,sfhq/images/part2/img005185.jpg,6,
img006648.jpg,sfhq/images/part2/img006648.jpg,6,
img008743.jpg,sfhq/images/part2/img008743.jpg,6,
img006305.jpg,sfhq/images/part2/img006305.jpg,6,
img008904.jpg,sfhq/images/part2/img008904.jpg,6,
img006170.jpg,sfhq/images/part2/img006170.jpg,6,
img007740.jpg,sfhq/images/part2/img007740.jpg,6,
img009066.jpg,sfhq/images/part2/img009066.jpg,6,
img008493.jpg,sfhq/images/part2/img008493.jpg,6,
img009645.jpg,sfhq/images/part2/img009645.jpg,6,
img008043.jpg,sfhq/images/part2/img008043.jpg,6,
img009101.jpg,sfhq/images/part2/img009101.jpg,6,
img006611.jpg,sfhq/images/part2/img006611.jpg,6,
img007514.jpg,sfhq/images/part2/img007514.jpg,6,
img008784.jpg,sfhq/images/part2/img008784.jpg,6,
img006140.jpg,sfhq/images/part2/img006140.jpg,6,
img007858.jpg,sfhq/images/part2/img007858.jpg,6,
img005296.jpg,sfhq/images/part2/img005296.jpg,6,
img007083.jpg,sfhq/images/part2/img007083.jpg,6,
img006623.jpg,sfhq/images/part2/img006623.jpg,6,
img005464.jpg,sfhq/images/part2/img005464.jpg,6,
img007634.jpg,sfhq/images/part2/img007634.jpg,6,
img005626.jpg,sfhq/images/part2/img005626.jpg,6,
img005695.jpg,sfhq/images/part2/img005695.jpg,6,
img008322.jpg,sfhq/images/part2/img008322.jpg,6,
img006565.jpg,sfhq/images/part2/img006565.jpg,6,
img006272.jpg,sfhq/images/part2/img006272.jpg,6,
img005113.jpg,sfhq/images/part2/img005113.jpg,6,
img005470.jpg,sfhq/images/part2/img005470.jpg,6,
img006748.jpg,sfhq/images/part2/img006748.jpg,6,
img007079.jpg,sfhq/images/part2/img007079.jpg,6,
img007379.jpg,sfhq/images/part2/img007379.jpg,6,
img006419.jpg,sfhq/images/part2/img006419.jpg,6,
img008263.jpg,sfhq/images/part2/img008263.jpg,6,
img008284.jpg,sfhq/images/part2/img008284.jpg,6,
img008099.jpg,sfhq/images/part2/img008099.jpg,6,
img008494.jpg,sfhq/images/part2/img008494.jpg,6,
img007822.jpg,sfhq/images/part2/img007822.jpg,6,
img006539.jpg,sfhq/images/part2/img006539.jpg,6,
img007391.jpg,sfhq/images/part2/img007391.jpg,6,
img006081.jpg,sfhq/images/part2/img006081.jpg,6,
img009779.jpg,sfhq/images/part2/img009779.jpg,6,
img006998.jpg,sfhq/images/part2/img006998.jpg,6,
img005891.jpg,sfhq/images/part2/img005891.jpg,6,
img009891.jpg,sfhq/images/part2/img009891.jpg,6,
img007619.jpg,sfhq/images/part2/img007619.jpg,6,
img008641.jpg,sfhq/images/part2/img008641.jpg,6,
img009375.jpg,sfhq/images/part2/img009375.jpg,6,
img006573.jpg,sfhq/images/part2/img006573.jpg,6,
img006223.jpg,sfhq/images/part2/img006223.jpg,6,
img008619.jpg,sfhq/images/part2/img008619.jpg,6,
img005533.jpg,sfhq/images/part2/img005533.jpg,6,
img008243.jpg,sfhq/images/part2/img008243.jpg,6,
img005776.jpg,sfhq/images/part2/img005776.jpg,6,
img005818.jpg,sfhq/images/part2/img005818.jpg,6,
img009336.jpg,sfhq/images/part2/img009336.jpg,6,
img008212.jpg,sfhq/images/part2/img008212.jpg,6,
img006278.jpg,sfhq/images/part2/img006278.jpg,6,
img007761.jpg,sfhq/images/part2/img007761.jpg,6,
img005049.jpg,sfhq/images/part2/img005049.jpg,6,
img005335.jpg,sfhq/images/part2/img005335.jpg,6,
img005612.jpg,sfhq/images/part2/img005612.jpg,6,
img007100.jpg,sfhq/images/part2/img007100.jpg,6,
img008895.jpg,sfhq/images/part2/img008895.jpg,6,
img005066.jpg,sfhq/images/part2/img005066.jpg,6,
img007487.jpg,sfhq/images/part2/img007487.jpg,6,
img009854.jpg,sfhq/images/part2/img009854.jpg,6,
img008143.jpg,sfhq/images/part2/img008143.jpg,6,
img008402.jpg,sfhq/images/part2/img008402.jpg,6,
img006018.jpg,sfhq/images/part2/img006018.jpg,6,
img007351.jpg,sfhq/images/part2/img007351.jpg,6,
img005090.jpg,sfhq/images/part2/img005090.jpg,6,
img007553.jpg,sfhq/images/part2/img007553.jpg,6,
img008930.jpg,sfhq/images/part2/img008930.jpg,6,
img008448.jpg,sfhq/images/part2/img008448.jpg,6,
img005846.jpg,sfhq/images/part2/img005846.jpg,6,
img008749.jpg,sfhq/images/part2/img008749.jpg,6,
img006306.jpg,sfhq/images/part2/img006306.jpg,6,
img006626.jpg,sfhq/images/part2/img006626.jpg,6,
img009195.jpg,sfhq/images/part2/img009195.jpg,6,
img006842.jpg,sfhq/images/part2/img006842.jpg,6,
img005161.jpg,sfhq/images/part2/img005161.jpg,6,
img006664.jpg,sfhq/images/part2/img006664.jpg,6,
img006538.jpg,sfhq/images/part2/img006538.jpg,6,
img009742.jpg,sfhq/images/part2/img009742.jpg,6,
img007305.jpg,sfhq/images/part2/img007305.jpg,6,
img009622.jpg,sfhq/images/part2/img009622.jpg,6,
img007289.jpg,sfhq/images/part2/img007289.jpg,6,
img005961.jpg,sfhq/images/part2/img005961.jpg,6,
img007907.jpg,sfhq/images/part2/img007907.jpg,6,
img005565.jpg,sfhq/images/part2/img005565.jpg,6,
img005733.jpg,sfhq/images/part2/img005733.jpg,6,
img006992.jpg,sfhq/images/part2/img006992.jpg,6,
img006883.jpg,sfhq/images/part2/img006883.jpg,6,
img006039.jpg,sfhq/images/part2/img006039.jpg,6,
img008999.jpg,sfhq/images/part2/img008999.jpg,6,
img009443.jpg,sfhq/images/part2/img009443.jpg,6,
img007517.jpg,sfhq/images/part2/img007517.jpg,6,
img008425.jpg,sfhq/images/part2/img008425.jpg,6,
img008654.jpg,sfhq/images/part2/img008654.jpg,6,
img005143.jpg,sfhq/images/part2/img005143.jpg,6,
img007422.jpg,sfhq/images/part2/img007422.jpg,6,
img006242.jpg,sfhq/images/part2/img006242.jpg,6,
img007980.jpg,sfhq/images/part2/img007980.jpg,6,
img005513.jpg,sfhq/images/part2/img005513.jpg,6,
img008047.jpg,sfhq/images/part2/img008047.jpg,6,
img008192.jpg,sfhq/images/part2/img008192.jpg,6,
img006823.jpg,sfhq/images/part2/img006823.jpg,6,
img007751.jpg,sfhq/images/part2/img007751.jpg,6,
img008790.jpg,sfhq/images/part2/img008790.jpg,6,
img006802.jpg,sfhq/images/part2/img006802.jpg,6,
img009495.jpg,sfhq/images/part2/img009495.jpg,6,
img005378.jpg,sfhq/images/part2/img005378.jpg,6,
img009958.jpg,sfhq/images/part2/img009958.jpg,6,
img009607.jpg,sfhq/images/part2/img009607.jpg,6,
img008715.jpg,sfhq/images/part2/img008715.jpg,6,
img009095.jpg,sfhq/images/part2/img009095.jpg,6,
img008931.jpg,sfhq/images/part2/img008931.jpg,6,
img006656.jpg,sfhq/images/part2/img006656.jpg,6,
img009713.jpg,sfhq/images/part2/img009713.jpg,6,
img007803.jpg,sfhq/images/part2/img007803.jpg,6,
img007695.jpg,sfhq/images/part2/img007695.jpg,6,
img009679.jpg,sfhq/images/part2/img009679.jpg,6,
img006421.jpg,sfhq/images/part2/img006421.jpg,6,
img005765.jpg,sfhq/images/part2/img005765.jpg,6,
img005163.jpg,sfhq/images/part2/img005163.jpg,6,
img005277.jpg,sfhq/images/part2/img005277.jpg,6,
img006071.jpg,sfhq/images/part2/img006071.jpg,6,
img009863.jpg,sfhq/images/part2/img009863.jpg,6,
img006595.jpg,sfhq/images/part2/img006595.jpg,6,
img009962.jpg,sfhq/images/part2/img009962.jpg,6,
img007152.jpg,sfhq/images/part2/img007152.jpg,6,
img006158.jpg,sfhq/images/part2/img006158.jpg,6,
img009927.jpg,sfhq/images/part2/img009927.jpg,6,
img009453.jpg,sfhq/images/part2/img009453.jpg,6,
img009469.jpg,sfhq/images/part2/img009469.jpg,6,
img009717.jpg,sfhq/images/part2/img009717.jpg,6,
img007029.jpg,sfhq/images/part2/img007029.jpg,6,
img009976.jpg,sfhq/images/part2/img009976.jpg,6,
img009578.jpg,sfhq/images/part2/img009578.jpg,6,
img009345.jpg,sfhq/images/part2/img009345.jpg,6,
img006205.jpg,sfhq/images/part2/img006205.jpg,6,
img008896.jpg,sfhq/images/part2/img008896.jpg,6,
img009216.jpg,sfhq/images/part2/img009216.jpg,6,
img006975.jpg,sfhq/images/part2/img006975.jpg,6,
img005176.jpg,sfhq/images/part2/img005176.jpg,6,
img008383.jpg,sfhq/images/part2/img008383.jpg,6,
img005348.jpg,sfhq/images/part2/img005348.jpg,6,
img005760.jpg,sfhq/images/part2/img005760.jpg,6,
img008184.jpg,sfhq/images/part2/img008184.jpg,6,
img007959.jpg,sfhq/images/part2/img007959.jpg,6,
img008583.jpg,sfhq/images/part2/img008583.jpg,6,
img005898.jpg,sfhq/images/part2/img005898.jpg,6,
img005165.jpg,sfhq/images/part2/img005165.jpg,6,
img009088.jpg,sfhq/images/part2/img009088.jpg,6,
img005934.jpg,sfhq/images/part2/img005934.jpg,6,
img008250.jpg,sfhq/images/part2/img008250.jpg,6,
img007595.jpg,sfhq/images/part2/img007595.jpg,6,
img006702.jpg,sfhq/images/part2/img006702.jpg,6,
img007637.jpg,sfhq/images/part2/img007637.jpg,6,
img008113.jpg,sfhq/images/part2/img008113.jpg,6,
img006708.jpg,sfhq/images/part2/img006708.jpg,6,
img008522.jpg,sfhq/images/part2/img008522.jpg,6,
img007889.jpg,sfhq/images/part2/img007889.jpg,6,
img008376.jpg,sfhq/images/part2/img008376.jpg,6,
img006818.jpg,sfhq/images/part2/img006818.jpg,6,
img009387.jpg,sfhq/images/part2/img009387.jpg,6,
img006293.jpg,sfhq/images/part2/img006293.jpg,6,
img007655.jpg,sfhq/images/part2/img007655.jpg,6,
img008454.jpg,sfhq/images/part2/img008454.jpg,6,
img007376.jpg,sfhq/images/part2/img007376.jpg,6,
img009413.jpg,sfhq/images/part2/img009413.jpg,6,
img007614.jpg,sfhq/images/part2/img007614.jpg,6,
img008643.jpg,sfhq/images/part2/img008643.jpg,6,
img008488.jpg,sfhq/images/part2/img008488.jpg,6,
img009338.jpg,sfhq/images/part2/img009338.jpg,6,
img006475.jpg,sfhq/images/part2/img006475.jpg,6,
img009060.jpg,sfhq/images/part2/img009060.jpg,6,
img005974.jpg,sfhq/images/part2/img005974.jpg,6,
img009295.jpg,sfhq/images/part2/img009295.jpg,6,
img009702.jpg,sfhq/images/part2/img009702.jpg,6,
img008588.jpg,sfhq/images/part2/img008588.jpg,6,
img009150.jpg,sfhq/images/part2/img009150.jpg,6,
img008544.jpg,sfhq/images/part2/img008544.jpg,6,
img009253.jpg,sfhq/images/part2/img009253.jpg,6,
img008434.jpg,sfhq/images/part2/img008434.jpg,6,
img007171.jpg,sfhq/images/part2/img007171.jpg,6,
img005022.jpg,sfhq/images/part2/img005022.jpg,6,
img006320.jpg,sfhq/images/part2/img006320.jpg,6,
img006543.jpg,sfhq/images/part2/img006543.jpg,6,
img005975.jpg,sfhq/images/part2/img005975.jpg,6,
img009941.jpg,sfhq/images/part2/img009941.jpg,6,
img009744.jpg,sfhq/images/part2/img009744.jpg,6,
img006977.jpg,sfhq/images/part2/img006977.jpg,6,
img007916.jpg,sfhq/images/part2/img007916.jpg,6,
img009350.jpg,sfhq/images/part2/img009350.jpg,6,
img006767.jpg,sfhq/images/part2/img006767.jpg,6,
img006259.jpg,sfhq/images/part2/img006259.jpg,6,
img005535.jpg,sfhq/images/part2/img005535.jpg,6,
img008875.jpg,sfhq/images/part2/img008875.jpg,6,
img006494.jpg,sfhq/images/part2/img006494.jpg,6,
img009893.jpg,sfhq/images/part2/img009893.jpg,6,
img005793.jpg,sfhq/images/part2/img005793.jpg,6,
img005332.jpg,sfhq/images/part2/img005332.jpg,6,
img007137.jpg,sfhq/images/part2/img007137.jpg,6,
img009009.jpg,sfhq/images/part2/img009009.jpg,6,
img007459.jpg,sfhq/images/part2/img007459.jpg,6,
img007209.jpg,sfhq/images/part2/img007209.jpg,6,
img009718.jpg,sfhq/images/part2/img009718.jpg,6,
img008573.jpg,sfhq/images/part2/img008573.jpg,6,
img007508.jpg,sfhq/images/part2/img007508.jpg,6,
img007636.jpg,sfhq/images/part2/img007636.jpg,6,
img009977.jpg,sfhq/images/part2/img009977.jpg,6,
img009145.jpg,sfhq/images/part2/img009145.jpg,6,
img009463.jpg,sfhq/images/part2/img009463.jpg,6,
img007993.jpg,sfhq/images/part2/img007993.jpg,6,
img008884.jpg,sfhq/images/part2/img008884.jpg,6,
img005240.jpg,sfhq/images/part2/img005240.jpg,6,
img008397.jpg,sfhq/images/part2/img008397.jpg,6,
img006327.jpg,sfhq/images/part2/img006327.jpg,6,
img006694.jpg,sfhq/images/part2/img006694.jpg,6,
img007349.jpg,sfhq/images/part2/img007349.jpg,6,
img008520.jpg,sfhq/images/part2/img008520.jpg,6,
img008951.jpg,sfhq/images/part2/img008951.jpg,6,
img007234.jpg,sfhq/images/part2/img007234.jpg,6,
img006115.jpg,sfhq/images/part2/img006115.jpg,6,
img005320.jpg,sfhq/images/part2/img005320.jpg,6,
img009153.jpg,sfhq/images/part2/img009153.jpg,6,
img009471.jpg,sfhq/images/part2/img009471.jpg,6,
img007883.jpg,sfhq/images/part2/img007883.jpg,6,
img006072.jpg,sfhq/images/part2/img006072.jpg,6,
img007000.jpg,sfhq/images/part2/img007000.jpg,6,
img009804.jpg,sfhq/images/part2/img009804.jpg,6,
img006309.jpg,sfhq/images/part2/img006309.jpg,6,
img005225.jpg,sfhq/images/part2/img005225.jpg,6,
img005382.jpg,sfhq/images/part2/img005382.jpg,6,
img007001.jpg,sfhq/images/part2/img007001.jpg,6,
img006787.jpg,sfhq/images/part2/img006787.jpg,6,
img009091.jpg,sfhq/images/part2/img009091.jpg,6,
img009859.jpg,sfhq/images/part2/img009859.jpg,6,
img009388.jpg,sfhq/images/part2/img009388.jpg,6,
img006940.jpg,sfhq/images/part2/img006940.jpg,6,
img009227.jpg,sfhq/images/part2/img009227.jpg,6,
img008847.jpg,sfhq/images/part2/img008847.jpg,6,
img009241.jpg,sfhq/images/part2/img009241.jpg,6,
img007908.jpg,sfhq/images/part2/img007908.jpg,6,
img009242.jpg,sfhq/images/part2/img009242.jpg,6,
img007987.jpg,sfhq/images/part2/img007987.jpg,6,
img008646.jpg,sfhq/images/part2/img008646.jpg,6,
img005456.jpg,sfhq/images/part2/img005456.jpg,6,
img007342.jpg,sfhq/images/part2/img007342.jpg,6,
img007622.jpg,sfhq/images/part2/img007622.jpg,6,
img007555.jpg,sfhq/images/part2/img007555.jpg,6,
img005364.jpg,sfhq/images/part2/img005364.jpg,6,
img009572.jpg,sfhq/images/part2/img009572.jpg,6,
img009513.jpg,sfhq/images/part2/img009513.jpg,6,
img008975.jpg,sfhq/images/part2/img008975.jpg,6,
img005292.jpg,sfhq/images/part2/img005292.jpg,6,
img007911.jpg,sfhq/images/part2/img007911.jpg,6,
img006321.jpg,sfhq/images/part2/img006321.jpg,6,
img008625.jpg,sfhq/images/part2/img008625.jpg,6,
img009851.jpg,sfhq/images/part2/img009851.jpg,6,
img007836.jpg,sfhq/images/part2/img007836.jpg,6,
img009831.jpg,sfhq/images/part2/img009831.jpg,6,
img006832.jpg,sfhq/images/part2/img006832.jpg,6,
img008436.jpg,sfhq/images/part2/img008436.jpg,6,
img007598.jpg,sfhq/images/part2/img007598.jpg,6,
img006066.jpg,sfhq/images/part2/img006066.jpg,6,
img005506.jpg,sfhq/images/part2/img005506.jpg,6,
img006692.jpg,sfhq/images/part2/img006692.jpg,6,
img007068.jpg,sfhq/images/part2/img007068.jpg,6,
img008565.jpg,sfhq/images/part2/img008565.jpg,6,
img007479.jpg,sfhq/images/part2/img007479.jpg,6,
img009506.jpg,sfhq/images/part2/img009506.jpg,6,
img008371.jpg,sfhq/images/part2/img008371.jpg,6,
img008611.jpg,sfhq/images/part2/img008611.jpg,6,
img008677.jpg,sfhq/images/part2/img008677.jpg,6,
img007851.jpg,sfhq/images/part2/img007851.jpg,6,
img007604.jpg,sfhq/images/part2/img007604.jpg,6,
img006046.jpg,sfhq/images/part2/img006046.jpg,6,
img007143.jpg,sfhq/images/part2/img007143.jpg,6,
img007917.jpg,sfhq/images/part2/img007917.jpg,6,
img006368.jpg,sfhq/images/part2/img006368.jpg,6,
img009847.jpg,sfhq/images/part2/img009847.jpg,6,
img009208.jpg,sfhq/images/part2/img009208.jpg,6,
img008347.jpg,sfhq/images/part2/img008347.jpg,6,
img005595.jpg,sfhq/images/part2/img005595.jpg,6,
img005619.jpg,sfhq/images/part2/img005619.jpg,6,
img005547.jpg,sfhq/images/part2/img005547.jpg,6,
img009674.jpg,sfhq/images/part2/img009674.jpg,6,
img009972.jpg,sfhq/images/part2/img009972.jpg,6,
img005639.jpg,sfhq/images/part2/img005639.jpg,6,
img008298.jpg,sfhq/images/part2/img008298.jpg,6,
img006510.jpg,sfhq/images/part2/img006510.jpg,6,
img007055.jpg,sfhq/images/part2/img007055.jpg,6,
img006569.jpg,sfhq/images/part2/img006569.jpg,6,
img009207.jpg,sfhq/images/part2/img009207.jpg,6,
img007738.jpg,sfhq/images/part2/img007738.jpg,6,
img009611.jpg,sfhq/images/part2/img009611.jpg,6,
img006371.jpg,sfhq/images/part2/img006371.jpg,6,
img009102.jpg,sfhq/images/part2/img009102.jpg,6,
img007873.jpg,sfhq/images/part2/img007873.jpg,6,
img007992.jpg,sfhq/images/part2/img007992.jpg,6,
img009371.jpg,sfhq/images/part2/img009371.jpg,6,
img007179.jpg,sfhq/images/part2/img007179.jpg,6,
img009470.jpg,sfhq/images/part2/img009470.jpg,6,
img007130.jpg,sfhq/images/part2/img007130.jpg,6,
img007427.jpg,sfhq/images/part2/img007427.jpg,6,
img005646.jpg,sfhq/images/part2/img005646.jpg,6,
img008791.jpg,sfhq/images/part2/img008791.jpg,6,
img007412.jpg,sfhq/images/part2/img007412.jpg,6,
img006759.jpg,sfhq/images/part2/img006759.jpg,6,
img005411.jpg,sfhq/images/part2/img005411.jpg,6,
img009902.jpg,sfhq/images/part2/img009902.jpg,6,
img007387.jpg,sfhq/images/part2/img007387.jpg,6,
img009669.jpg,sfhq/images/part2/img009669.jpg,6,
img005534.jpg,sfhq/images/part2/img005534.jpg,6,
img007744.jpg,sfhq/images/part2/img007744.jpg,6,
img008944.jpg,sfhq/images/part2/img008944.jpg,6,
img007031.jpg,sfhq/images/part2/img007031.jpg,6,
img008110.jpg,sfhq/images/part2/img008110.jpg,6,
img005515.jpg,sfhq/images/part2/img005515.jpg,6,
img005146.jpg,sfhq/images/part2/img005146.jpg,6,
img007979.jpg,sfhq/images/part2/img007979.jpg,6,
img008061.jpg,sfhq/images/part2/img008061.jpg,6,
img008274.jpg,sfhq/images/part2/img008274.jpg,6,
img005662.jpg,sfhq/images/part2/img005662.jpg,6,
img005283.jpg,sfhq/images/part2/img005283.jpg,6,
img008385.jpg,sfhq/images/part2/img008385.jpg,6,
img006553.jpg,sfhq/images/part2/img006553.jpg,6,
img005922.jpg,sfhq/images/part2/img005922.jpg,6,
img005216.jpg,sfhq/images/part2/img005216.jpg,6,
img007920.jpg,sfhq/images/part2/img007920.jpg,6,
img008888.jpg,sfhq/images/part2/img008888.jpg,6,
img009979.jpg,sfhq/images/part2/img009979.jpg,6,
img005269.jpg,sfhq/images/part2/img005269.jpg,6,
img008075.jpg,sfhq/images/part2/img008075.jpg,6,
img009747.jpg,sfhq/images/part2/img009747.jpg,6,
img007261.jpg,sfhq/images/part2/img007261.jpg,6,
img007887.jpg,sfhq/images/part2/img007887.jpg,6,
img009256.jpg,sfhq/images/part2/img009256.jpg,6,
img008337.jpg,sfhq/images/part2/img008337.jpg,6,
img006660.jpg,sfhq/images/part2/img006660.jpg,6,
img006997.jpg,sfhq/images/part2/img006997.jpg,6,
img005582.jpg,sfhq/images/part2/img005582.jpg,6,
img009961.jpg,sfhq/images/part2/img009961.jpg,6,
img008158.jpg,sfhq/images/part2/img008158.jpg,6,
img007538.jpg,sfhq/images/part2/img007538.jpg,6,
img007472.jpg,sfhq/images/part2/img007472.jpg,6,
img008486.jpg,sfhq/images/part2/img008486.jpg,6,
img006156.jpg,sfhq/images/part2/img006156.jpg,6,
img008070.jpg,sfhq/images/part2/img008070.jpg,6,
img009335.jpg,sfhq/images/part2/img009335.jpg,6,
img009602.jpg,sfhq/images/part2/img009602.jpg,6,
img006899.jpg,sfhq/images/part2/img006899.jpg,6,
img007069.jpg,sfhq/images/part2/img007069.jpg,6,
img006304.jpg,sfhq/images/part2/img006304.jpg,6,
img007965.jpg,sfhq/images/part2/img007965.jpg,6,
img007256.jpg,sfhq/images/part2/img007256.jpg,6,
img007504.jpg,sfhq/images/part2/img007504.jpg,6,
img007304.jpg,sfhq/images/part2/img007304.jpg,6,
img008267.jpg,sfhq/images/part2/img008267.jpg,6,
img008149.jpg,sfhq/images/part2/img008149.jpg,6,
img006487.jpg,sfhq/images/part2/img006487.jpg,6,
img007718.jpg,sfhq/images/part2/img007718.jpg,6,
img005252.jpg,sfhq/images/part2/img005252.jpg,6,
img008235.jpg,sfhq/images/part2/img008235.jpg,6,
img009439.jpg,sfhq/images/part2/img009439.jpg,6,
img008721.jpg,sfhq/images/part2/img008721.jpg,6,
img007332.jpg,sfhq/images/part2/img007332.jpg,6,
img007638.jpg,sfhq/images/part2/img007638.jpg,6,
img008916.jpg,sfhq/images/part2/img008916.jpg,6,
img007732.jpg,sfhq/images/part2/img007732.jpg,6,
img008164.jpg,sfhq/images/part2/img008164.jpg,6,
img008633.jpg,sfhq/images/part2/img008633.jpg,6,
img005873.jpg,sfhq/images/part2/img005873.jpg,6,
img005759.jpg,sfhq/images/part2/img005759.jpg,6,
img007038.jpg,sfhq/images/part2/img007038.jpg,6,
img007433.jpg,sfhq/images/part2/img007433.jpg,6,
img006065.jpg,sfhq/images/part2/img006065.jpg,6,
img006864.jpg,sfhq/images/part2/img006864.jpg,6,
img007074.jpg,sfhq/images/part2/img007074.jpg,6,
img008320.jpg,sfhq/images/part2/img008320.jpg,6,
img006687.jpg,sfhq/images/part2/img006687.jpg,6,
img005412.jpg,sfhq/images/part2/img005412.jpg,6,
img006928.jpg,sfhq/images/part2/img006928.jpg,6,
img005149.jpg,sfhq/images/part2/img005149.jpg,6,
img008365.jpg,sfhq/images/part2/img008365.jpg,6,
img005536.jpg,sfhq/images/part2/img005536.jpg,6,
img009446.jpg,sfhq/images/part2/img009446.jpg,6,
img006625.jpg,sfhq/images/part2/img006625.jpg,6,
img005796.jpg,sfhq/images/part2/img005796.jpg,6,
img008979.jpg,sfhq/images/part2/img008979.jpg,6,
img008579.jpg,sfhq/images/part2/img008579.jpg,6,
img008481.jpg,sfhq/images/part2/img008481.jpg,6,
img009573.jpg,sfhq/images/part2/img009573.jpg,6,
img005093.jpg,sfhq/images/part2/img005093.jpg,6,
img008460.jpg,sfhq/images/part2/img008460.jpg,6,
img005245.jpg,sfhq/images/part2/img005245.jpg,6,
img009540.jpg,sfhq/images/part2/img009540.jpg,6,
img008862.jpg,sfhq/images/part2/img008862.jpg,6,
img009402.jpg,sfhq/images/part2/img009402.jpg,6,
img006353.jpg,sfhq/images/part2/img006353.jpg,6,
img006949.jpg,sfhq/images/part2/img006949.jpg,6,
img007688.jpg,sfhq/images/part2/img007688.jpg,6,
img006493.jpg,sfhq/images/part2/img006493.jpg,6,
img008926.jpg,sfhq/images/part2/img008926.jpg,6,
img005367.jpg,sfhq/images/part2/img005367.jpg,6,
img007009.jpg,sfhq/images/part2/img007009.jpg,6,
img007967.jpg,sfhq/images/part2/img007967.jpg,6,
img005291.jpg,sfhq/images/part2/img005291.jpg,6,
img005678.jpg,sfhq/images/part2/img005678.jpg,6,
img008179.jpg,sfhq/images/part2/img008179.jpg,6,
img008050.jpg,sfhq/images/part2/img008050.jpg,6,
img006693.jpg,sfhq/images/part2/img006693.jpg,6,
img008717.jpg,sfhq/images/part2/img008717.jpg,6,
img005403.jpg,sfhq/images/part2/img005403.jpg,6,
img005739.jpg,sfhq/images/part2/img005739.jpg,6,
img008843.jpg,sfhq/images/part2/img008843.jpg,6,
img007260.jpg,sfhq/images/part2/img007260.jpg,6,
img006530.jpg,sfhq/images/part2/img006530.jpg,6,
img006035.jpg,sfhq/images/part2/img006035.jpg,6,
img007927.jpg,sfhq/images/part2/img007927.jpg,6,
img009294.jpg,sfhq/images/part2/img009294.jpg,6,
img005624.jpg,sfhq/images/part2/img005624.jpg,6,
img007672.jpg,sfhq/images/part2/img007672.jpg,6,
img006292.jpg,sfhq/images/part2/img006292.jpg,6,
img007772.jpg,sfhq/images/part2/img007772.jpg,6,
img008207.jpg,sfhq/images/part2/img008207.jpg,6,
img006098.jpg,sfhq/images/part2/img006098.jpg,6,
img007233.jpg,sfhq/images/part2/img007233.jpg,6,
img008682.jpg,sfhq/images/part2/img008682.jpg,6,
img009084.jpg,sfhq/images/part2/img009084.jpg,6,
img008560.jpg,sfhq/images/part2/img008560.jpg,6,
img009478.jpg,sfhq/images/part2/img009478.jpg,6,
img008870.jpg,sfhq/images/part2/img008870.jpg,6,
img009628.jpg,sfhq/images/part2/img009628.jpg,6,
img005036.jpg,sfhq/images/part2/img005036.jpg,6,
img006274.jpg,sfhq/images/part2/img006274.jpg,6,
img007568.jpg,sfhq/images/part2/img007568.jpg,6,
img008067.jpg,sfhq/images/part2/img008067.jpg,6,
img005108.jpg,sfhq/images/part2/img005108.jpg,6,
img008174.jpg,sfhq/images/part2/img008174.jpg,6,
img008585.jpg,sfhq/images/part2/img008585.jpg,6,
img008985.jpg,sfhq/images/part2/img008985.jpg,6,
img007204.jpg,sfhq/images/part2/img007204.jpg,6,
img006324.jpg,sfhq/images/part2/img006324.jpg,6,
img005820.jpg,sfhq/images/part2/img005820.jpg,6,
img006382.jpg,sfhq/images/part2/img006382.jpg,6,
img008644.jpg,sfhq/images/part2/img008644.jpg,6,
img007114.jpg,sfhq/images/part2/img007114.jpg,6,
img005086.jpg,sfhq/images/part2/img005086.jpg,6,
img006216.jpg,sfhq/images/part2/img006216.jpg,6,
img005815.jpg,sfhq/images/part2/img005815.jpg,6,
img007669.jpg,sfhq/images/part2/img007669.jpg,6,
img007036.jpg,sfhq/images/part2/img007036.jpg,6,
img005955.jpg,sfhq/images/part2/img005955.jpg,6,
img008112.jpg,sfhq/images/part2/img008112.jpg,6,
img005017.jpg,sfhq/images/part2/img005017.jpg,6,
img008810.jpg,sfhq/images/part2/img008810.jpg,6,
img005508.jpg,sfhq/images/part2/img005508.jpg,6,
img005693.jpg,sfhq/images/part2/img005693.jpg,6,
img007280.jpg,sfhq/images/part2/img007280.jpg,6,
img009462.jpg,sfhq/images/part2/img009462.jpg,6,
img009776.jpg,sfhq/images/part2/img009776.jpg,6,
img005295.jpg,sfhq/images/part2/img005295.jpg,6,
img008426.jpg,sfhq/images/part2/img008426.jpg,6,
img008264.jpg,sfhq/images/part2/img008264.jpg,6,
img005462.jpg,sfhq/images/part2/img005462.jpg,6,
img008280.jpg,sfhq/images/part2/img008280.jpg,6,
img009811.jpg,sfhq/images/part2/img009811.jpg,6,
img008720.jpg,sfhq/images/part2/img008720.jpg,6,
img005105.jpg,sfhq/images/part2/img005105.jpg,6,
img009944.jpg,sfhq/images/part2/img009944.jpg,6,
img007714.jpg,sfhq/images/part2/img007714.jpg,6,
img009808.jpg,sfhq/images/part2/img009808.jpg,6,
img006348.jpg,sfhq/images/part2/img006348.jpg,6,
img008547.jpg,sfhq/images/part2/img008547.jpg,6,
img008741.jpg,sfhq/images/part2/img008741.jpg,6,
img008669.jpg,sfhq/images/part2/img008669.jpg,6,
img006886.jpg,sfhq/images/part2/img006886.jpg,6,
img007122.jpg,sfhq/images/part2/img007122.jpg,6,
img005784.jpg,sfhq/images/part2/img005784.jpg,6,
img006464.jpg,sfhq/images/part2/img006464.jpg,6,
img009219.jpg,sfhq/images/part2/img009219.jpg,6,
img008846.jpg,sfhq/images/part2/img008846.jpg,6,
img007531.jpg,sfhq/images/part2/img007531.jpg,6,
img009778.jpg,sfhq/images/part2/img009778.jpg,6,
img005643.jpg,sfhq/images/part2/img005643.jpg,6,
img007115.jpg,sfhq/images/part2/img007115.jpg,6,
img009492.jpg,sfhq/images/part2/img009492.jpg,6,
img009571.jpg,sfhq/images/part2/img009571.jpg,6,
img008629.jpg,sfhq/images/part2/img008629.jpg,6,
img005829.jpg,sfhq/images/part2/img005829.jpg,6,
img005865.jpg,sfhq/images/part2/img005865.jpg,6,
img005056.jpg,sfhq/images/part2/img005056.jpg,6,
img005690.jpg,sfhq/images/part2/img005690.jpg,6,
img008308.jpg,sfhq/images/part2/img008308.jpg,6,
img005450.jpg,sfhq/images/part2/img005450.jpg,6,
img006465.jpg,sfhq/images/part2/img006465.jpg,6,
img005435.jpg,sfhq/images/part2/img005435.jpg,6,
img005703.jpg,sfhq/images/part2/img005703.jpg,6,
img009813.jpg,sfhq/images/part2/img009813.jpg,6,
img006294.jpg,sfhq/images/part2/img006294.jpg,6,
img008103.jpg,sfhq/images/part2/img008103.jpg,6,
img005062.jpg,sfhq/images/part2/img005062.jpg,6,
img009347.jpg,sfhq/images/part2/img009347.jpg,6,
img007760.jpg,sfhq/images/part2/img007760.jpg,6,
img007612.jpg,sfhq/images/part2/img007612.jpg,6,
img009665.jpg,sfhq/images/part2/img009665.jpg,6,
img009288.jpg,sfhq/images/part2/img009288.jpg,6,
img009176.jpg,sfhq/images/part2/img009176.jpg,6,
img005070.jpg,sfhq/images/part2/img005070.jpg,6,
img009389.jpg,sfhq/images/part2/img009389.jpg,6,
img007302.jpg,sfhq/images/part2/img007302.jpg,6,
img006703.jpg,sfhq/images/part2/img006703.jpg,6,
img006746.jpg,sfhq/images/part2/img006746.jpg,6,
img009803.jpg,sfhq/images/part2/img009803.jpg,6,
img007579.jpg,sfhq/images/part2/img007579.jpg,6,
img008586.jpg,sfhq/images/part2/img008586.jpg,6,
img005591.jpg,sfhq/images/part2/img005591.jpg,6,
img008237.jpg,sfhq/images/part2/img008237.jpg,6,
img006792.jpg,sfhq/images/part2/img006792.jpg,6,
img007784.jpg,sfhq/images/part2/img007784.jpg,6,
img007689.jpg,sfhq/images/part2/img007689.jpg,6,
img007198.jpg,sfhq/images/part2/img007198.jpg,6,
img008945.jpg,sfhq/images/part2/img008945.jpg,6,
img006418.jpg,sfhq/images/part2/img006418.jpg,6,
img006357.jpg,sfhq/images/part2/img006357.jpg,6,
img007172.jpg,sfhq/images/part2/img007172.jpg,6,
img007891.jpg,sfhq/images/part2/img007891.jpg,6,
img009514.jpg,sfhq/images/part2/img009514.jpg,6,
img008452.jpg,sfhq/images/part2/img008452.jpg,6,
img009780.jpg,sfhq/images/part2/img009780.jpg,6,
img007177.jpg,sfhq/images/part2/img007177.jpg,6,
img008351.jpg,sfhq/images/part2/img008351.jpg,6,
img008269.jpg,sfhq/images/part2/img008269.jpg,6,
img006372.jpg,sfhq/images/part2/img006372.jpg,6,
img006471.jpg,sfhq/images/part2/img006471.jpg,6,
img007248.jpg,sfhq/images/part2/img007248.jpg,6,
img005507.jpg,sfhq/images/part2/img005507.jpg,6,
img008622.jpg,sfhq/images/part2/img008622.jpg,6,
img008160.jpg,sfhq/images/part2/img008160.jpg,6,
img009396.jpg,sfhq/images/part2/img009396.jpg,6,
img006898.jpg,sfhq/images/part2/img006898.jpg,6,
img006056.jpg,sfhq/images/part2/img006056.jpg,6,
img005910.jpg,sfhq/images/part2/img005910.jpg,6,
img009740.jpg,sfhq/images/part2/img009740.jpg,6,
img007476.jpg,sfhq/images/part2/img007476.jpg,6,
img007442.jpg,sfhq/images/part2/img007442.jpg,6,
img006107.jpg,sfhq/images/part2/img006107.jpg,6,
img006221.jpg,sfhq/images/part2/img006221.jpg,6,
img005828.jpg,sfhq/images/part2/img005828.jpg,6,
img006142.jpg,sfhq/images/part2/img006142.jpg,6,
img006521.jpg,sfhq/images/part2/img006521.jpg,6,
img009038.jpg,sfhq/images/part2/img009038.jpg,6,
img008167.jpg,sfhq/images/part2/img008167.jpg,6,
img006322.jpg,sfhq/images/part2/img006322.jpg,6,
img009731.jpg,sfhq/images/part2/img009731.jpg,6,
img005484.jpg,sfhq/images/part2/img005484.jpg,6,
img009945.jpg,sfhq/images/part2/img009945.jpg,6,
img005012.jpg,sfhq/images/part2/img005012.jpg,6,
img005503.jpg,sfhq/images/part2/img005503.jpg,6,
img008431.jpg,sfhq/images/part2/img008431.jpg,6,
img008085.jpg,sfhq/images/part2/img008085.jpg,6,
img006466.jpg,sfhq/images/part2/img006466.jpg,6,
img007333.jpg,sfhq/images/part2/img007333.jpg,6,
img007124.jpg,sfhq/images/part2/img007124.jpg,6,
img007866.jpg,sfhq/images/part2/img007866.jpg,6,
img007193.jpg,sfhq/images/part2/img007193.jpg,6,
img007229.jpg,sfhq/images/part2/img007229.jpg,6,
img009898.jpg,sfhq/images/part2/img009898.jpg,6,
img006463.jpg,sfhq/images/part2/img006463.jpg,6,
img007878.jpg,sfhq/images/part2/img007878.jpg,6,
img005779.jpg,sfhq/images/part2/img005779.jpg,6,
img006680.jpg,sfhq/images/part2/img006680.jpg,6,
img008699.jpg,sfhq/images/part2/img008699.jpg,6,
img007510.jpg,sfhq/images/part2/img007510.jpg,6,
img006187.jpg,sfhq/images/part2/img006187.jpg,6,
img006394.jpg,sfhq/images/part2/img006394.jpg,6,
img009292.jpg,sfhq/images/part2/img009292.jpg,6,
img005091.jpg,sfhq/images/part2/img005091.jpg,6,
img006608.jpg,sfhq/images/part2/img006608.jpg,6,
img009880.jpg,sfhq/images/part2/img009880.jpg,6,
img009510.jpg,sfhq/images/part2/img009510.jpg,6,
img007449.jpg,sfhq/images/part2/img007449.jpg,6,
img008478.jpg,sfhq/images/part2/img008478.jpg,6,
img008173.jpg,sfhq/images/part2/img008173.jpg,6,
img009076.jpg,sfhq/images/part2/img009076.jpg,6,
img007586.jpg,sfhq/images/part2/img007586.jpg,6,
img008393.jpg,sfhq/images/part2/img008393.jpg,6,
img008343.jpg,sfhq/images/part2/img008343.jpg,6,
img007875.jpg,sfhq/images/part2/img007875.jpg,6,
img009159.jpg,sfhq/images/part2/img009159.jpg,6,
img005949.jpg,sfhq/images/part2/img005949.jpg,6,
img006814.jpg,sfhq/images/part2/img006814.jpg,6,
img009196.jpg,sfhq/images/part2/img009196.jpg,6,
img009123.jpg,sfhq/images/part2/img009123.jpg,6,
img005861.jpg,sfhq/images/part2/img005861.jpg,6,
img007972.jpg,sfhq/images/part2/img007972.jpg,6,
img009082.jpg,sfhq/images/part2/img009082.jpg,6,
img008416.jpg,sfhq/images/part2/img008416.jpg,6,
img009231.jpg,sfhq/images/part2/img009231.jpg,6,
img007402.jpg,sfhq/images/part2/img007402.jpg,6,
img007535.jpg,sfhq/images/part2/img007535.jpg,6,
img009825.jpg,sfhq/images/part2/img009825.jpg,6,
img009351.jpg,sfhq/images/part2/img009351.jpg,6,
img009073.jpg,sfhq/images/part2/img009073.jpg,6,
img006150.jpg,sfhq/images/part2/img006150.jpg,6,
img007892.jpg,sfhq/images/part2/img007892.jpg,6,
img009222.jpg,sfhq/images/part2/img009222.jpg,6,
img007919.jpg,sfhq/images/part2/img007919.jpg,6,
img006583.jpg,sfhq/images/part2/img006583.jpg,6,
img009435.jpg,sfhq/images/part2/img009435.jpg,6,
img005100.jpg,sfhq/images/part2/img005100.jpg,6,
img006927.jpg,sfhq/images/part2/img006927.jpg,6,
img007950.jpg,sfhq/images/part2/img007950.jpg,6,
img006489.jpg,sfhq/images/part2/img006489.jpg,6,
img009024.jpg,sfhq/images/part2/img009024.jpg,6,
img005855.jpg,sfhq/images/part2/img005855.jpg,6,
img007540.jpg,sfhq/images/part2/img007540.jpg,6,
img009985.jpg,sfhq/images/part2/img009985.jpg,6,
img006149.jpg,sfhq/images/part2/img006149.jpg,6,
img005485.jpg,sfhq/images/part2/img005485.jpg,6,
img007073.jpg,sfhq/images/part2/img007073.jpg,6,
img007139.jpg,sfhq/images/part2/img007139.jpg,6,
img006334.jpg,sfhq/images/part2/img006334.jpg,6,
img006797.jpg,sfhq/images/part2/img006797.jpg,6,
img009052.jpg,sfhq/images/part2/img009052.jpg,6,
img008516.jpg,sfhq/images/part2/img008516.jpg,6,
img005930.jpg,sfhq/images/part2/img005930.jpg,6,
img009534.jpg,sfhq/images/part2/img009534.jpg,6,
img008033.jpg,sfhq/images/part2/img008033.jpg,6,
img006752.jpg,sfhq/images/part2/img006752.jpg,6,
img005676.jpg,sfhq/images/part2/img005676.jpg,6,
img009960.jpg,sfhq/images/part2/img009960.jpg,6,
img006114.jpg,sfhq/images/part2/img006114.jpg,6,
img009409.jpg,sfhq/images/part2/img009409.jpg,6,
img007924.jpg,sfhq/images/part2/img007924.jpg,6,
img007329.jpg,sfhq/images/part2/img007329.jpg,6,
img008412.jpg,sfhq/images/part2/img008412.jpg,6,
img008062.jpg,sfhq/images/part2/img008062.jpg,6,
img006675.jpg,sfhq/images/part2/img006675.jpg,6,
img006970.jpg,sfhq/images/part2/img006970.jpg,6,
img007102.jpg,sfhq/images/part2/img007102.jpg,6,
img009160.jpg,sfhq/images/part2/img009160.jpg,6,
img007446.jpg,sfhq/images/part2/img007446.jpg,6,
img008339.jpg,sfhq/images/part2/img008339.jpg,6,
img008304.jpg,sfhq/images/part2/img008304.jpg,6,
img006934.jpg,sfhq/images/part2/img006934.jpg,6,
img006008.jpg,sfhq/images/part2/img006008.jpg,6,
img006019.jpg,sfhq/images/part2/img006019.jpg,6,
img009838.jpg,sfhq/images/part2/img009838.jpg,6,
img008499.jpg,sfhq/images/part2/img008499.jpg,6,
img007416.jpg,sfhq/images/part2/img007416.jpg,6,
img008740.jpg,sfhq/images/part2/img008740.jpg,6,
img009612.jpg,sfhq/images/part2/img009612.jpg,6,
img005590.jpg,sfhq/images/part2/img005590.jpg,6,
img005896.jpg,sfhq/images/part2/img005896.jpg,6,
img009772.jpg,sfhq/images/part2/img009772.jpg,6,
img009306.jpg,sfhq/images/part2/img009306.jpg,6,
img005614.jpg,sfhq/images/part2/img005614.jpg,6,
img005282.jpg,sfhq/images/part2/img005282.jpg,6,
img009698.jpg,sfhq/images/part2/img009698.jpg,6,
img005481.jpg,sfhq/images/part2/img005481.jpg,6,
img006075.jpg,sfhq/images/part2/img006075.jpg,6,
img007849.jpg,sfhq/images/part2/img007849.jpg,6,
img008978.jpg,sfhq/images/part2/img008978.jpg,6,
img008049.jpg,sfhq/images/part2/img008049.jpg,6,
img006396.jpg,sfhq/images/part2/img006396.jpg,6,
img005893.jpg,sfhq/images/part2/img005893.jpg,6,
img009915.jpg,sfhq/images/part2/img009915.jpg,6,
img007543.jpg,sfhq/images/part2/img007543.jpg,6,
img009907.jpg,sfhq/images/part2/img009907.jpg,6,
img005294.jpg,sfhq/images/part2/img005294.jpg,6,
img005999.jpg,sfhq/images/part2/img005999.jpg,6,
img005921.jpg,sfhq/images/part2/img005921.jpg,6,
img007192.jpg,sfhq/images/part2/img007192.jpg,6,
img008404.jpg,sfhq/images/part2/img008404.jpg,6,
img008356.jpg,sfhq/images/part2/img008356.jpg,6,
img006828.jpg,sfhq/images/part2/img006828.jpg,6,
img005636.jpg,sfhq/images/part2/img005636.jpg,6,
img008905.jpg,sfhq/images/part2/img008905.jpg,6,
img005041.jpg,sfhq/images/part2/img005041.jpg,6,
img009047.jpg,sfhq/images/part2/img009047.jpg,6,
img008000.jpg,sfhq/images/part2/img008000.jpg,6,
img007113.jpg,sfhq/images/part2/img007113.jpg,6,
img006028.jpg,sfhq/images/part2/img006028.jpg,6,
img006181.jpg,sfhq/images/part2/img006181.jpg,6,
img008833.jpg,sfhq/images/part2/img008833.jpg,6,
img006097.jpg,sfhq/images/part2/img006097.jpg,6,
img008257.jpg,sfhq/images/part2/img008257.jpg,6,
img007516.jpg,sfhq/images/part2/img007516.jpg,6,
img007200.jpg,sfhq/images/part2/img007200.jpg,6,
img005850.jpg,sfhq/images/part2/img005850.jpg,6,
img007513.jpg,sfhq/images/part2/img007513.jpg,6,
img005777.jpg,sfhq/images/part2/img005777.jpg,6,
img008957.jpg,sfhq/images/part2/img008957.jpg,6,
img008553.jpg,sfhq/images/part2/img008553.jpg,6,
img008685.jpg,sfhq/images/part2/img008685.jpg,6,
img007331.jpg,sfhq/images/part2/img007331.jpg,6,
img008258.jpg,sfhq/images/part2/img008258.jpg,6,
img009952.jpg,sfhq/images/part2/img009952.jpg,6,
img008281.jpg,sfhq/images/part2/img008281.jpg,6,
img005985.jpg,sfhq/images/part2/img005985.jpg,6,
img007800.jpg,sfhq/images/part2/img007800.jpg,6,
img006763.jpg,sfhq/images/part2/img006763.jpg,6,
img005128.jpg,sfhq/images/part2/img005128.jpg,6,
img009094.jpg,sfhq/images/part2/img009094.jpg,6,
img008338.jpg,sfhq/images/part2/img008338.jpg,6,
img009527.jpg,sfhq/images/part2/img009527.jpg,6,
img008314.jpg,sfhq/images/part2/img008314.jpg,6,
img007368.jpg,sfhq/images/part2/img007368.jpg,6,
img006791.jpg,sfhq/images/part2/img006791.jpg,6,
img006099.jpg,sfhq/images/part2/img006099.jpg,6,
img005166.jpg,sfhq/images/part2/img005166.jpg,6,
img005748.jpg,sfhq/images/part2/img005748.jpg,6,
img008191.jpg,sfhq/images/part2/img008191.jpg,6,
img007503.jpg,sfhq/images/part2/img007503.jpg,6,
img009577.jpg,sfhq/images/part2/img009577.jpg,6,
img008716.jpg,sfhq/images/part2/img008716.jpg,6,
img008857.jpg,sfhq/images/part2/img008857.jpg,6,
img006581.jpg,sfhq/images/part2/img006581.jpg,6,
img008662.jpg,sfhq/images/part2/img008662.jpg,6,
img008013.jpg,sfhq/images/part2/img008013.jpg,6,
img006159.jpg,sfhq/images/part2/img006159.jpg,6,
img007533.jpg,sfhq/images/part2/img007533.jpg,6,
img008246.jpg,sfhq/images/part2/img008246.jpg,6,
img007455.jpg,sfhq/images/part2/img007455.jpg,6,
img005669.jpg,sfhq/images/part2/img005669.jpg,6,
img006059.jpg,sfhq/images/part2/img006059.jpg,6,
img005685.jpg,sfhq/images/part2/img005685.jpg,6,
img007492.jpg,sfhq/images/part2/img007492.jpg,6,
img005786.jpg,sfhq/images/part2/img005786.jpg,6,
img007691.jpg,sfhq/images/part2/img007691.jpg,6,
img005437.jpg,sfhq/images/part2/img005437.jpg,6,
img008327.jpg,sfhq/images/part2/img008327.jpg,6,
img009638.jpg,sfhq/images/part2/img009638.jpg,6,
img006736.jpg,sfhq/images/part2/img006736.jpg,6,
img009631.jpg,sfhq/images/part2/img009631.jpg,6,
img006761.jpg,sfhq/images/part2/img006761.jpg,6,
img007648.jpg,sfhq/images/part2/img007648.jpg,6,
img009148.jpg,sfhq/images/part2/img009148.jpg,6,
img009656.jpg,sfhq/images/part2/img009656.jpg,6,
img007674.jpg,sfhq/images/part2/img007674.jpg,6,
img005241.jpg,sfhq/images/part2/img005241.jpg,6,
img009087.jpg,sfhq/images/part2/img009087.jpg,6,
img008512.jpg,sfhq/images/part2/img008512.jpg,6,
img008527.jpg,sfhq/images/part2/img008527.jpg,6,
img005242.jpg,sfhq/images/part2/img005242.jpg,6,
img005826.jpg,sfhq/images/part2/img005826.jpg,6,
img006393.jpg,sfhq/images/part2/img006393.jpg,6,
img005390.jpg,sfhq/images/part2/img005390.jpg,6,
img006174.jpg,sfhq/images/part2/img006174.jpg,6,
img006911.jpg,sfhq/images/part2/img006911.jpg,6,
img009920.jpg,sfhq/images/part2/img009920.jpg,6,
img009634.jpg,sfhq/images/part2/img009634.jpg,6,
img009875.jpg,sfhq/images/part2/img009875.jpg,6,
img005025.jpg,sfhq/images/part2/img005025.jpg,6,
img008823.jpg,sfhq/images/part2/img008823.jpg,6,
img006091.jpg,sfhq/images/part2/img006091.jpg,6,
img005222.jpg,sfhq/images/part2/img005222.jpg,6,
img006188.jpg,sfhq/images/part2/img006188.jpg,6,
img007900.jpg,sfhq/images/part2/img007900.jpg,6,
img006947.jpg,sfhq/images/part2/img006947.jpg,6,
img008809.jpg,sfhq/images/part2/img008809.jpg,6,
img007699.jpg,sfhq/images/part2/img007699.jpg,6,
img009560.jpg,sfhq/images/part2/img009560.jpg,6,
img009071.jpg,sfhq/images/part2/img009071.jpg,6,
img009864.jpg,sfhq/images/part2/img009864.jpg,6,
img007827.jpg,sfhq/images/part2/img007827.jpg,6,
img005649.jpg,sfhq/images/part2/img005649.jpg,6,
img006166.jpg,sfhq/images/part2/img006166.jpg,6,
img009348.jpg,sfhq/images/part2/img009348.jpg,6,
img008413.jpg,sfhq/images/part2/img008413.jpg,6,
img009197.jpg,sfhq/images/part2/img009197.jpg,6,
img008408.jpg,sfhq/images/part2/img008408.jpg,6,
img007390.jpg,sfhq/images/part2/img007390.jpg,6,
img005648.jpg,sfhq/images/part2/img005648.jpg,6,
img008797.jpg,sfhq/images/part2/img008797.jpg,6,
img005915.jpg,sfhq/images/part2/img005915.jpg,6,
img008695.jpg,sfhq/images/part2/img008695.jpg,6,
img008763.jpg,sfhq/images/part2/img008763.jpg,6,
img005909.jpg,sfhq/images/part2/img005909.jpg,6,
img009900.jpg,sfhq/images/part2/img009900.jpg,6,
img009032.jpg,sfhq/images/part2/img009032.jpg,6,
img009353.jpg,sfhq/images/part2/img009353.jpg,6,
img009031.jpg,sfhq/images/part2/img009031.jpg,6,
img006771.jpg,sfhq/images/part2/img006771.jpg,6,
img007599.jpg,sfhq/images/part2/img007599.jpg,6,
img006354.jpg,sfhq/images/part2/img006354.jpg,6,
img008578.jpg,sfhq/images/part2/img008578.jpg,6,
img007153.jpg,sfhq/images/part2/img007153.jpg,6,
img007281.jpg,sfhq/images/part2/img007281.jpg,6,
img006783.jpg,sfhq/images/part2/img006783.jpg,6,
img008624.jpg,sfhq/images/part2/img008624.jpg,6,
img005081.jpg,sfhq/images/part2/img005081.jpg,6,
img008856.jpg,sfhq/images/part2/img008856.jpg,6,
img005821.jpg,sfhq/images/part2/img005821.jpg,6,
img008684.jpg,sfhq/images/part2/img008684.jpg,6,
img009574.jpg,sfhq/images/part2/img009574.jpg,6,
img009561.jpg,sfhq/images/part2/img009561.jpg,6,
img007270.jpg,sfhq/images/part2/img007270.jpg,6,
img009608.jpg,sfhq/images/part2/img009608.jpg,6,
img008660.jpg,sfhq/images/part2/img008660.jpg,6,
img008501.jpg,sfhq/images/part2/img008501.jpg,6,
img006963.jpg,sfhq/images/part2/img006963.jpg,6,
img006093.jpg,sfhq/images/part2/img006093.jpg,6,
img006031.jpg,sfhq/images/part2/img006031.jpg,6,
img006378.jpg,sfhq/images/part2/img006378.jpg,6,
img005057.jpg,sfhq/images/part2/img005057.jpg,6,
img006178.jpg,sfhq/images/part2/img006178.jpg,6,
img007528.jpg,sfhq/images/part2/img007528.jpg,6,
img008927.jpg,sfhq/images/part2/img008927.jpg,6,
img005553.jpg,sfhq/images/part2/img005553.jpg,6,
img009995.jpg,sfhq/images/part2/img009995.jpg,6,
img009480.jpg,sfhq/images/part2/img009480.jpg,6,
img006909.jpg,sfhq/images/part2/img006909.jpg,6,
img006544.jpg,sfhq/images/part2/img006544.jpg,6,
img009788.jpg,sfhq/images/part2/img009788.jpg,6,
img005154.jpg,sfhq/images/part2/img005154.jpg,6,
img006442.jpg,sfhq/images/part2/img006442.jpg,6,
img009766.jpg,sfhq/images/part2/img009766.jpg,6,
img005316.jpg,sfhq/images/part2/img005316.jpg,6,
img006945.jpg,sfhq/images/part2/img006945.jpg,6,
img008121.jpg,sfhq/images/part2/img008121.jpg,6,
img005228.jpg,sfhq/images/part2/img005228.jpg,6,
img009500.jpg,sfhq/images/part2/img009500.jpg,6,
img008650.jpg,sfhq/images/part2/img008650.jpg,6,
img006950.jpg,sfhq/images/part2/img006950.jpg,6,
img007010.jpg,sfhq/images/part2/img007010.jpg,6,
img005010.jpg,sfhq/images/part2/img005010.jpg,6,
img007730.jpg,sfhq/images/part2/img007730.jpg,6,
img009680.jpg,sfhq/images/part2/img009680.jpg,6,
img006844.jpg,sfhq/images/part2/img006844.jpg,6,
img008358.jpg,sfhq/images/part2/img008358.jpg,6,
img006376.jpg,sfhq/images/part2/img006376.jpg,6,
img007088.jpg,sfhq/images/part2/img007088.jpg,6,
img006358.jpg,sfhq/images/part2/img006358.jpg,6,
img009488.jpg,sfhq/images/part2/img009488.jpg,6,
img009706.jpg,sfhq/images/part2/img009706.jpg,6,
img009686.jpg,sfhq/images/part2/img009686.jpg,6,
img007764.jpg,sfhq/images/part2/img007764.jpg,6,
img008082.jpg,sfhq/images/part2/img008082.jpg,6,
img008704.jpg,sfhq/images/part2/img008704.jpg,6,
img006361.jpg,sfhq/images/part2/img006361.jpg,6,
img005743.jpg,sfhq/images/part2/img005743.jpg,6,
img006602.jpg,sfhq/images/part2/img006602.jpg,6,
img007628.jpg,sfhq/images/part2/img007628.jpg,6,
img005928.jpg,sfhq/images/part2/img005928.jpg,6,
img007649.jpg,sfhq/images/part2/img007649.jpg,6,
img008231.jpg,sfhq/images/part2/img008231.jpg,6,
img007806.jpg,sfhq/images/part2/img007806.jpg,6,
img008668.jpg,sfhq/images/part2/img008668.jpg,6,
img006287.jpg,sfhq/images/part2/img006287.jpg,6,
img008198.jpg,sfhq/images/part2/img008198.jpg,6,
img007881.jpg,sfhq/images/part2/img007881.jpg,6,
img006563.jpg,sfhq/images/part2/img006563.jpg,6,
img009745.jpg,sfhq/images/part2/img009745.jpg,6,
img008470.jpg,sfhq/images/part2/img008470.jpg,6,
img007027.jpg,sfhq/images/part2/img007027.jpg,6,
img005795.jpg,sfhq/images/part2/img005795.jpg,6,
img009690.jpg,sfhq/images/part2/img009690.jpg,6,
img009477.jpg,sfhq/images/part2/img009477.jpg,6,
img008642.jpg,sfhq/images/part2/img008642.jpg,6,
img007969.jpg,sfhq/images/part2/img007969.jpg,6,
img005029.jpg,sfhq/images/part2/img005029.jpg,6,
img009576.jpg,sfhq/images/part2/img009576.jpg,6,
img005700.jpg,sfhq/images/part2/img005700.jpg,6,
img008216.jpg,sfhq/images/part2/img008216.jpg,6,
img005629.jpg,sfhq/images/part2/img005629.jpg,6,
img008035.jpg,sfhq/images/part2/img008035.jpg,6,
img009878.jpg,sfhq/images/part2/img009878.jpg,6,
img006180.jpg,sfhq/images/part2/img006180.jpg,6,
img005274.jpg,sfhq/images/part2/img005274.jpg,6,
img006853.jpg,sfhq/images/part2/img006853.jpg,6,
img005425.jpg,sfhq/images/part2/img005425.jpg,6,
img009349.jpg,sfhq/images/part2/img009349.jpg,6,
img007032.jpg,sfhq/images/part2/img007032.jpg,6,
img008910.jpg,sfhq/images/part2/img008910.jpg,6,
img005346.jpg,sfhq/images/part2/img005346.jpg,6,
img007961.jpg,sfhq/images/part2/img007961.jpg,6,
img008852.jpg,sfhq/images/part2/img008852.jpg,6,
img007128.jpg,sfhq/images/part2/img007128.jpg,6,
img006816.jpg,sfhq/images/part2/img006816.jpg,6,
img006485.jpg,sfhq/images/part2/img006485.jpg,6,
img006454.jpg,sfhq/images/part2/img006454.jpg,6,
img009707.jpg,sfhq/images/part2/img009707.jpg,6,
img005055.jpg,sfhq/images/part2/img005055.jpg,6,
img006630.jpg,sfhq/images/part2/img006630.jpg,6,
img005356.jpg,sfhq/images/part2/img005356.jpg,6,
img007408.jpg,sfhq/images/part2/img007408.jpg,6,
img007078.jpg,sfhq/images/part2/img007078.jpg,6,
img007452.jpg,sfhq/images/part2/img007452.jpg,6,
img009415.jpg,sfhq/images/part2/img009415.jpg,6,
img008040.jpg,sfhq/images/part2/img008040.jpg,6,
img006786.jpg,sfhq/images/part2/img006786.jpg,6,
img007165.jpg,sfhq/images/part2/img007165.jpg,6,
img006468.jpg,sfhq/images/part2/img006468.jpg,6,
img009833.jpg,sfhq/images/part2/img009833.jpg,6,
img005659.jpg,sfhq/images/part2/img005659.jpg,6,
img007482.jpg,sfhq/images/part2/img007482.jpg,6,
img007694.jpg,sfhq/images/part2/img007694.jpg,6,
img006130.jpg,sfhq/images/part2/img006130.jpg,6,
img009812.jpg,sfhq/images/part2/img009812.jpg,6,
img008860.jpg,sfhq/images/part2/img008860.jpg,6,
img009325.jpg,sfhq/images/part2/img009325.jpg,6,
img008805.jpg,sfhq/images/part2/img008805.jpg,6,
img009676.jpg,sfhq/images/part2/img009676.jpg,6,
img006517.jpg,sfhq/images/part2/img006517.jpg,6,
img005414.jpg,sfhq/images/part2/img005414.jpg,6,
img008550.jpg,sfhq/images/part2/img008550.jpg,6,
img009193.jpg,sfhq/images/part2/img009193.jpg,6,
img006351.jpg,sfhq/images/part2/img006351.jpg,6,
img006420.jpg,sfhq/images/part2/img006420.jpg,6,
img007841.jpg,sfhq/images/part2/img007841.jpg,6,
img008311.jpg,sfhq/images/part2/img008311.jpg,6,
img007428.jpg,sfhq/images/part2/img007428.jpg,6,
img008589.jpg,sfhq/images/part2/img008589.jpg,6,
img005640.jpg,sfhq/images/part2/img005640.jpg,6,
img008933.jpg,sfhq/images/part2/img008933.jpg,6,
img006868.jpg,sfhq/images/part2/img006868.jpg,6,
img005250.jpg,sfhq/images/part2/img005250.jpg,6,
img005133.jpg,sfhq/images/part2/img005133.jpg,6,
img009275.jpg,sfhq/images/part2/img009275.jpg,6,
img005778.jpg,sfhq/images/part2/img005778.jpg,6,
img007926.jpg,sfhq/images/part2/img007926.jpg,6,
img008295.jpg,sfhq/images/part2/img008295.jpg,6,
img005878.jpg,sfhq/images/part2/img005878.jpg,6,
img007505.jpg,sfhq/images/part2/img007505.jpg,6,
img005402.jpg,sfhq/images/part2/img005402.jpg,6,
img008260.jpg,sfhq/images/part2/img008260.jpg,6,
img005385.jpg,sfhq/images/part2/img005385.jpg,6,
img008461.jpg,sfhq/images/part2/img008461.jpg,6,
img005323.jpg,sfhq/images/part2/img005323.jpg,6,
img005248.jpg,sfhq/images/part2/img005248.jpg,6,
img005130.jpg,sfhq/images/part2/img005130.jpg,6,
img009968.jpg,sfhq/images/part2/img009968.jpg,6,
img005936.jpg,sfhq/images/part2/img005936.jpg,6,
img008913.jpg,sfhq/images/part2/img008913.jpg,6,
img008615.jpg,sfhq/images/part2/img008615.jpg,6,
img005631.jpg,sfhq/images/part2/img005631.jpg,6,
img009465.jpg,sfhq/images/part2/img009465.jpg,6,
img007609.jpg,sfhq/images/part2/img007609.jpg,6,
img007901.jpg,sfhq/images/part2/img007901.jpg,6,
img006484.jpg,sfhq/images/part2/img006484.jpg,6,
img005261.jpg,sfhq/images/part2/img005261.jpg,6,
img009147.jpg,sfhq/images/part2/img009147.jpg,6,
img007481.jpg,sfhq/images/part2/img007481.jpg,6,
img008983.jpg,sfhq/images/part2/img008983.jpg,6,
img006848.jpg,sfhq/images/part2/img006848.jpg,6,
img006518.jpg,sfhq/images/part2/img006518.jpg,6,
img007473.jpg,sfhq/images/part2/img007473.jpg,6,
img008180.jpg,sfhq/images/part2/img008180.jpg,6,
img007742.jpg,sfhq/images/part2/img007742.jpg,6,
img009316.jpg,sfhq/images/part2/img009316.jpg,6,
img008972.jpg,sfhq/images/part2/img008972.jpg,6,
img009012.jpg,sfhq/images/part2/img009012.jpg,6,
img009309.jpg,sfhq/images/part2/img009309.jpg,6,
img006965.jpg,sfhq/images/part2/img006965.jpg,6,
img006270.jpg,sfhq/images/part2/img006270.jpg,6,
img009763.jpg,sfhq/images/part2/img009763.jpg,6,
img005959.jpg,sfhq/images/part2/img005959.jpg,6,
img008450.jpg,sfhq/images/part2/img008450.jpg,6,
img009678.jpg,sfhq/images/part2/img009678.jpg,6,
img006431.jpg,sfhq/images/part2/img006431.jpg,6,
img008557.jpg,sfhq/images/part2/img008557.jpg,6,
img006646.jpg,sfhq/images/part2/img006646.jpg,6,
img005933.jpg,sfhq/images/part2/img005933.jpg,6,
img006788.jpg,sfhq/images/part2/img006788.jpg,6,
img005665.jpg,sfhq/images/part2/img005665.jpg,6,
img006131.jpg,sfhq/images/part2/img006131.jpg,6,
img008218.jpg,sfhq/images/part2/img008218.jpg,6,
img009892.jpg,sfhq/images/part2/img009892.jpg,6,
img008858.jpg,sfhq/images/part2/img008858.jpg,6,
img008224.jpg,sfhq/images/part2/img008224.jpg,6,
img005544.jpg,sfhq/images/part2/img005544.jpg,6,
img007071.jpg,sfhq/images/part2/img007071.jpg,6,
img007976.jpg,sfhq/images/part2/img007976.jpg,6,
img006636.jpg,sfhq/images/part2/img006636.jpg,6,
img008531.jpg,sfhq/images/part2/img008531.jpg,6,
img006401.jpg,sfhq/images/part2/img006401.jpg,6,
img008724.jpg,sfhq/images/part2/img008724.jpg,6,
img005972.jpg,sfhq/images/part2/img005972.jpg,6,
img005616.jpg,sfhq/images/part2/img005616.jpg,6,
img009661.jpg,sfhq/images/part2/img009661.jpg,6,
img009151.jpg,sfhq/images/part2/img009151.jpg,6,
img007090.jpg,sfhq/images/part2/img007090.jpg,6,
img005488.jpg,sfhq/images/part2/img005488.jpg,6,
img009758.jpg,sfhq/images/part2/img009758.jpg,6,
img007946.jpg,sfhq/images/part2/img007946.jpg,6,
img006119.jpg,sfhq/images/part2/img006119.jpg,6,
img007243.jpg,sfhq/images/part2/img007243.jpg,6,
img009243.jpg,sfhq/images/part2/img009243.jpg,6,
img005682.jpg,sfhq/images/part2/img005682.jpg,6,
img009034.jpg,sfhq/images/part2/img009034.jpg,6,
img009983.jpg,sfhq/images/part2/img009983.jpg,6,
img007501.jpg,sfhq/images/part2/img007501.jpg,6,
img005683.jpg,sfhq/images/part2/img005683.jpg,6,
img009523.jpg,sfhq/images/part2/img009523.jpg,6,
img005714.jpg,sfhq/images/part2/img005714.jpg,6,
img007162.jpg,sfhq/images/part2/img007162.jpg,6,
img005858.jpg,sfhq/images/part2/img005858.jpg,6,
img006849.jpg,sfhq/images/part2/img006849.jpg,6,
img007981.jpg,sfhq/images/part2/img007981.jpg,6,
img009865.jpg,sfhq/images/part2/img009865.jpg,6,
img009395.jpg,sfhq/images/part2/img009395.jpg,6,
img009143.jpg,sfhq/images/part2/img009143.jpg,6,
img006840.jpg,sfhq/images/part2/img006840.jpg,6,
img008757.jpg,sfhq/images/part2/img008757.jpg,6,
img006923.jpg,sfhq/images/part2/img006923.jpg,6,
img007272.jpg,sfhq/images/part2/img007272.jpg,6,
img005256.jpg,sfhq/images/part2/img005256.jpg,6,
img009988.jpg,sfhq/images/part2/img009988.jpg,6,
img008312.jpg,sfhq/images/part2/img008312.jpg,6,
img008248.jpg,sfhq/images/part2/img008248.jpg,6,
img006561.jpg,sfhq/images/part2/img006561.jpg,6,
img009792.jpg,sfhq/images/part2/img009792.jpg,6,
img005173.jpg,sfhq/images/part2/img005173.jpg,6,
img008666.jpg,sfhq/images/part2/img008666.jpg,6,
img006742.jpg,sfhq/images/part2/img006742.jpg,6,
img007856.jpg,sfhq/images/part2/img007856.jpg,6,
img009694.jpg,sfhq/images/part2/img009694.jpg,6,
img008496.jpg,sfhq/images/part2/img008496.jpg,6,
img009251.jpg,sfhq/images/part2/img009251.jpg,6,
img006676.jpg,sfhq/images/part2/img006676.jpg,6,
img005600.jpg,sfhq/images/part2/img005600.jpg,6,
img005563.jpg,sfhq/images/part2/img005563.jpg,6,
img007850.jpg,sfhq/images/part2/img007850.jpg,6,
img005071.jpg,sfhq/images/part2/img005071.jpg,6,
img009289.jpg,sfhq/images/part2/img009289.jpg,6,
img005112.jpg,sfhq/images/part2/img005112.jpg,6,
img009729.jpg,sfhq/images/part2/img009729.jpg,6,
img008996.jpg,sfhq/images/part2/img008996.jpg,6,
img007542.jpg,sfhq/images/part2/img007542.jpg,6,
img006010.jpg,sfhq/images/part2/img006010.jpg,6,
img009874.jpg,sfhq/images/part2/img009874.jpg,6,
img009051.jpg,sfhq/images/part2/img009051.jpg,6,
img009271.jpg,sfhq/images/part2/img009271.jpg,6,
img008538.jpg,sfhq/images/part2/img008538.jpg,6,
img009649.jpg,sfhq/images/part2/img009649.jpg,6,
img007061.jpg,sfhq/images/part2/img007061.jpg,6,
img006905.jpg,sfhq/images/part2/img006905.jpg,6,
img007358.jpg,sfhq/images/part2/img007358.jpg,6,
img006477.jpg,sfhq/images/part2/img006477.jpg,6,
img008836.jpg,sfhq/images/part2/img008836.jpg,6,
img007394.jpg,sfhq/images/part2/img007394.jpg,6,
img006774.jpg,sfhq/images/part2/img006774.jpg,6,
img005153.jpg,sfhq/images/part2/img005153.jpg,6,
img009361.jpg,sfhq/images/part2/img009361.jpg,6,
img007212.jpg,sfhq/images/part2/img007212.jpg,6,
img006143.jpg,sfhq/images/part2/img006143.jpg,6,
img008011.jpg,sfhq/images/part2/img008011.jpg,6,
img009550.jpg,sfhq/images/part2/img009550.jpg,6,
img006490.jpg,sfhq/images/part2/img006490.jpg,6,
img009950.jpg,sfhq/images/part2/img009950.jpg,6,
img006225.jpg,sfhq/images/part2/img006225.jpg,6,
img009755.jpg,sfhq/images/part2/img009755.jpg,6,
img009213.jpg,sfhq/images/part2/img009213.jpg,6,
img009330.jpg,sfhq/images/part2/img009330.jpg,6,
img008822.jpg,sfhq/images/part2/img008822.jpg,6,
img007340.jpg,sfhq/images/part2/img007340.jpg,6,
img008253.jpg,sfhq/images/part2/img008253.jpg,6,
img008286.jpg,sfhq/images/part2/img008286.jpg,6,
img009856.jpg,sfhq/images/part2/img009856.jpg,6,
img006280.jpg,sfhq/images/part2/img006280.jpg,6,
img009122.jpg,sfhq/images/part2/img009122.jpg,6,
img008300.jpg,sfhq/images/part2/img008300.jpg,6,
img006983.jpg,sfhq/images/part2/img006983.jpg,6,
img009484.jpg,sfhq/images/part2/img009484.jpg,6,
img007352.jpg,sfhq/images/part2/img007352.jpg,6,
img005396.jpg,sfhq/images/part2/img005396.jpg,6,
img005452.jpg,sfhq/images/part2/img005452.jpg,6,
img006258.jpg,sfhq/images/part2/img006258.jpg,6,
img008868.jpg,sfhq/images/part2/img008868.jpg,6,
img007539.jpg,sfhq/images/part2/img007539.jpg,6,
img005589.jpg,sfhq/images/part2/img005589.jpg,6,
img005729.jpg,sfhq/images/part2/img005729.jpg,6,
img006579.jpg,sfhq/images/part2/img006579.jpg,6,
img006770.jpg,sfhq/images/part2/img006770.jpg,6,
img008736.jpg,sfhq/images/part2/img008736.jpg,6,
img007228.jpg,sfhq/images/part2/img007228.jpg,6,
img008616.jpg,sfhq/images/part2/img008616.jpg,6,
img005308.jpg,sfhq/images/part2/img005308.jpg,6,
img009103.jpg,sfhq/images/part2/img009103.jpg,6,
img005209.jpg,sfhq/images/part2/img005209.jpg,6,
img009070.jpg,sfhq/images/part2/img009070.jpg,6,
img006325.jpg,sfhq/images/part2/img006325.jpg,6,
img008863.jpg,sfhq/images/part2/img008863.jpg,6,
img006087.jpg,sfhq/images/part2/img006087.jpg,6,
img007700.jpg,sfhq/images/part2/img007700.jpg,6,
img009169.jpg,sfhq/images/part2/img009169.jpg,6,
img009899.jpg,sfhq/images/part2/img009899.jpg,6,
img007445.jpg,sfhq/images/part2/img007445.jpg,6,
img005731.jpg,sfhq/images/part2/img005731.jpg,6,
img008289.jpg,sfhq/images/part2/img008289.jpg,6,
img006781.jpg,sfhq/images/part2/img006781.jpg,6,
img009971.jpg,sfhq/images/part2/img009971.jpg,6,
img006337.jpg,sfhq/images/part2/img006337.jpg,6,
img006022.jpg,sfhq/images/part2/img006022.jpg,6,
img006444.jpg,sfhq/images/part2/img006444.jpg,6,
img008020.jpg,sfhq/images/part2/img008020.jpg,6,
img009911.jpg,sfhq/images/part2/img009911.jpg,6,
img008283.jpg,sfhq/images/part2/img008283.jpg,6,
img009600.jpg,sfhq/images/part2/img009600.jpg,6,
img006055.jpg,sfhq/images/part2/img006055.jpg,6,
img008340.jpg,sfhq/images/part2/img008340.jpg,6,
img008415.jpg,sfhq/images/part2/img008415.jpg,6,
img007872.jpg,sfhq/images/part2/img007872.jpg,6,
img006433.jpg,sfhq/images/part2/img006433.jpg,6,
img005278.jpg,sfhq/images/part2/img005278.jpg,6,
img006335.jpg,sfhq/images/part2/img006335.jpg,6,
img007345.jpg,sfhq/images/part2/img007345.jpg,6,
img008203.jpg,sfhq/images/part2/img008203.jpg,6,
img008306.jpg,sfhq/images/part2/img008306.jpg,6,
img007897.jpg,sfhq/images/part2/img007897.jpg,6,
img007611.jpg,sfhq/images/part2/img007611.jpg,6,
img006437.jpg,sfhq/images/part2/img006437.jpg,6,
img005275.jpg,sfhq/images/part2/img005275.jpg,6,
img006750.jpg,sfhq/images/part2/img006750.jpg,6,
img008155.jpg,sfhq/images/part2/img008155.jpg,6,
img006627.jpg,sfhq/images/part2/img006627.jpg,6,
img007151.jpg,sfhq/images/part2/img007151.jpg,6,
img009889.jpg,sfhq/images/part2/img009889.jpg,6,
img006504.jpg,sfhq/images/part2/img006504.jpg,6,
img005749.jpg,sfhq/images/part2/img005749.jpg,6,
img007985.jpg,sfhq/images/part2/img007985.jpg,6,
img009180.jpg,sfhq/images/part2/img009180.jpg,6,
img009125.jpg,sfhq/images/part2/img009125.jpg,6,
img005307.jpg,sfhq/images/part2/img005307.jpg,6,
img005223.jpg,sfhq/images/part2/img005223.jpg,6,
img007816.jpg,sfhq/images/part2/img007816.jpg,6,
img009129.jpg,sfhq/images/part2/img009129.jpg,6,
img007328.jpg,sfhq/images/part2/img007328.jpg,6,
img008924.jpg,sfhq/images/part2/img008924.jpg,6,
img007399.jpg,sfhq/images/part2/img007399.jpg,6,
img005341.jpg,sfhq/images/part2/img005341.jpg,6,
img009848.jpg,sfhq/images/part2/img009848.jpg,6,
img005164.jpg,sfhq/images/part2/img005164.jpg,6,
img007814.jpg,sfhq/images/part2/img007814.jpg,6,
img008455.jpg,sfhq/images/part2/img008455.jpg,6,
img008195.jpg,sfhq/images/part2/img008195.jpg,6,
img005864.jpg,sfhq/images/part2/img005864.jpg,6,
img005738.jpg,sfhq/images/part2/img005738.jpg,6,
img007369.jpg,sfhq/images/part2/img007369.jpg,6,
img008015.jpg,sfhq/images/part2/img008015.jpg,6,
img008072.jpg,sfhq/images/part2/img008072.jpg,6,
img007371.jpg,sfhq/images/part2/img007371.jpg,6,
img007661.jpg,sfhq/images/part2/img007661.jpg,6,
img009601.jpg,sfhq/images/part2/img009601.jpg,6,
img009618.jpg,sfhq/images/part2/img009618.jpg,6,
img008422.jpg,sfhq/images/part2/img008422.jpg,6,
img007249.jpg,sfhq/images/part2/img007249.jpg,6,
img005021.jpg,sfhq/images/part2/img005021.jpg,6,
img009816.jpg,sfhq/images/part2/img009816.jpg,6,
img008116.jpg,sfhq/images/part2/img008116.jpg,6,
img008086.jpg,sfhq/images/part2/img008086.jpg,6,
img007736.jpg,sfhq/images/part2/img007736.jpg,6,
img005667.jpg,sfhq/images/part2/img005667.jpg,6,
img005280.jpg,sfhq/images/part2/img005280.jpg,6,
img008468.jpg,sfhq/images/part2/img008468.jpg,6,
img009315.jpg,sfhq/images/part2/img009315.jpg,6,
img007202.jpg,sfhq/images/part2/img007202.jpg,6,
img009980.jpg,sfhq/images/part2/img009980.jpg,6,
img009187.jpg,sfhq/images/part2/img009187.jpg,6,
img008317.jpg,sfhq/images/part2/img008317.jpg,6,
img005395.jpg,sfhq/images/part2/img005395.jpg,6,
img009799.jpg,sfhq/images/part2/img009799.jpg,6,
img008829.jpg,sfhq/images/part2/img008829.jpg,6,
img009474.jpg,sfhq/images/part2/img009474.jpg,6,
img006452.jpg,sfhq/images/part2/img006452.jpg,6,
img005338.jpg,sfhq/images/part2/img005338.jpg,6,
img009042.jpg,sfhq/images/part2/img009042.jpg,6,
img008129.jpg,sfhq/images/part2/img008129.jpg,6,
img007962.jpg,sfhq/images/part2/img007962.jpg,6,
img006257.jpg,sfhq/images/part2/img006257.jpg,6,
img009255.jpg,sfhq/images/part2/img009255.jpg,6,
img009299.jpg,sfhq/images/part2/img009299.jpg,6,
img007701.jpg,sfhq/images/part2/img007701.jpg,6,
img008171.jpg,sfhq/images/part2/img008171.jpg,6,
img006540.jpg,sfhq/images/part2/img006540.jpg,6,
img008795.jpg,sfhq/images/part2/img008795.jpg,6,
img009771.jpg,sfhq/images/part2/img009771.jpg,6,
img007104.jpg,sfhq/images/part2/img007104.jpg,6,
img005205.jpg,sfhq/images/part2/img005205.jpg,6,
img008890.jpg,sfhq/images/part2/img008890.jpg,6,
img006367.jpg,sfhq/images/part2/img006367.jpg,6,
img009188.jpg,sfhq/images/part2/img009188.jpg,6,
img007418.jpg,sfhq/images/part2/img007418.jpg,6,
img006884.jpg,sfhq/images/part2/img006884.jpg,6,
img006237.jpg,sfhq/images/part2/img006237.jpg,6,
img007707.jpg,sfhq/images/part2/img007707.jpg,6,
img007098.jpg,sfhq/images/part2/img007098.jpg,6,
img005827.jpg,sfhq/images/part2/img005827.jpg,6,
img007994.jpg,sfhq/images/part2/img007994.jpg,6,
img007187.jpg,sfhq/images/part2/img007187.jpg,6,
img009535.jpg,sfhq/images/part2/img009535.jpg,6,
img008473.jpg,sfhq/images/part2/img008473.jpg,6,
img005429.jpg,sfhq/images/part2/img005429.jpg,6,
img007232.jpg,sfhq/images/part2/img007232.jpg,6,
img009206.jpg,sfhq/images/part2/img009206.jpg,6,
img009655.jpg,sfhq/images/part2/img009655.jpg,6,
img007820.jpg,sfhq/images/part2/img007820.jpg,6,
img008552.jpg,sfhq/images/part2/img008552.jpg,6,
img007690.jpg,sfhq/images/part2/img007690.jpg,6,
img007605.jpg,sfhq/images/part2/img007605.jpg,6,
img005552.jpg,sfhq/images/part2/img005552.jpg,6,
img007380.jpg,sfhq/images/part2/img007380.jpg,6,
img009077.jpg,sfhq/images/part2/img009077.jpg,6,
img007048.jpg,sfhq/images/part2/img007048.jpg,6,
img005884.jpg,sfhq/images/part2/img005884.jpg,6,
img006036.jpg,sfhq/images/part2/img006036.jpg,6,
img008233.jpg,sfhq/images/part2/img008233.jpg,6,
img008887.jpg,sfhq/images/part2/img008887.jpg,6,
img005376.jpg,sfhq/images/part2/img005376.jpg,6,
img008617.jpg,sfhq/images/part2/img008617.jpg,6,
img008816.jpg,sfhq/images/part2/img008816.jpg,6,
img008186.jpg,sfhq/images/part2/img008186.jpg,6,
img007930.jpg,sfhq/images/part2/img007930.jpg,6,
img005210.jpg,sfhq/images/part2/img005210.jpg,6,
img008236.jpg,sfhq/images/part2/img008236.jpg,6,
img009357.jpg,sfhq/images/part2/img009357.jpg,6,
img008835.jpg,sfhq/images/part2/img008835.jpg,6,
img007480.jpg,sfhq/images/part2/img007480.jpg,6,
img006696.jpg,sfhq/images/part2/img006696.jpg,6,
img009044.jpg,sfhq/images/part2/img009044.jpg,6,
img007951.jpg,sfhq/images/part2/img007951.jpg,6,
img008342.jpg,sfhq/images/part2/img008342.jpg,6,
img005987.jpg,sfhq/images/part2/img005987.jpg,6,
img008480.jpg,sfhq/images/part2/img008480.jpg,6,
img006040.jpg,sfhq/images/part2/img006040.jpg,6,
img007196.jpg,sfhq/images/part2/img007196.jpg,6,
img007325.jpg,sfhq/images/part2/img007325.jpg,6,
img009341.jpg,sfhq/images/part2/img009341.jpg,6,
img008502.jpg,sfhq/images/part2/img008502.jpg,6,
img009390.jpg,sfhq/images/part2/img009390.jpg,6,
img008259.jpg,sfhq/images/part2/img008259.jpg,6,
img006252.jpg,sfhq/images/part2/img006252.jpg,6,
img008441.jpg,sfhq/images/part2/img008441.jpg,6,
img008630.jpg,sfhq/images/part2/img008630.jpg,6,
img009850.jpg,sfhq/images/part2/img009850.jpg,6,
img009144.jpg,sfhq/images/part2/img009144.jpg,6,
img009672.jpg,sfhq/images/part2/img009672.jpg,6,
img009248.jpg,sfhq/images/part2/img009248.jpg,6,
img007948.jpg,sfhq/images/part2/img007948.jpg,6,
img007370.jpg,sfhq/images/part2/img007370.jpg,6,
img008150.jpg,sfhq/images/part2/img008150.jpg,6,
img009459.jpg,sfhq/images/part2/img009459.jpg,6,
img006760.jpg,sfhq/images/part2/img006760.jpg,6,
img007749.jpg,sfhq/images/part2/img007749.jpg,6,
img005809.jpg,sfhq/images/part2/img005809.jpg,6,
img005549.jpg,sfhq/images/part2/img005549.jpg,6,
img008834.jpg,sfhq/images/part2/img008834.jpg,6,
img008217.jpg,sfhq/images/part2/img008217.jpg,6,
img006215.jpg,sfhq/images/part2/img006215.jpg,6,
img005956.jpg,sfhq/images/part2/img005956.jpg,6,
img006531.jpg,sfhq/images/part2/img006531.jpg,6,
img006186.jpg,sfhq/images/part2/img006186.jpg,6,
img007411.jpg,sfhq/images/part2/img007411.jpg,6,
img007235.jpg,sfhq/images/part2/img007235.jpg,6,
img009795.jpg,sfhq/images/part2/img009795.jpg,6,
img005019.jpg,sfhq/images/part2/img005019.jpg,6,
img006113.jpg,sfhq/images/part2/img006113.jpg,6,
img009131.jpg,sfhq/images/part2/img009131.jpg,6,
img005774.jpg,sfhq/images/part2/img005774.jpg,6,
img006985.jpg,sfhq/images/part2/img006985.jpg,6,
img007810.jpg,sfhq/images/part2/img007810.jpg,6,
img008442.jpg,sfhq/images/part2/img008442.jpg,6,
img005598.jpg,sfhq/images/part2/img005598.jpg,6,
img006755.jpg,sfhq/images/part2/img006755.jpg,6,
img008378.jpg,sfhq/images/part2/img008378.jpg,6,
img006785.jpg,sfhq/images/part2/img006785.jpg,6,
img006807.jpg,sfhq/images/part2/img006807.jpg,6,
img007323.jpg,sfhq/images/part2/img007323.jpg,6,
img009643.jpg,sfhq/images/part2/img009643.jpg,6,
img007617.jpg,sfhq/images/part2/img007617.jpg,6,
img007734.jpg,sfhq/images/part2/img007734.jpg,6,
img005102.jpg,sfhq/images/part2/img005102.jpg,6,
img005491.jpg,sfhq/images/part2/img005491.jpg,6,
img006007.jpg,sfhq/images/part2/img006007.jpg,6,
img006503.jpg,sfhq/images/part2/img006503.jpg,6,
img008674.jpg,sfhq/images/part2/img008674.jpg,6,
img006831.jpg,sfhq/images/part2/img006831.jpg,6,
img008953.jpg,sfhq/images/part2/img008953.jpg,6,
img007116.jpg,sfhq/images/part2/img007116.jpg,6,
img005819.jpg,sfhq/images/part2/img005819.jpg,6,
img007499.jpg,sfhq/images/part2/img007499.jpg,6,
img008821.jpg,sfhq/images/part2/img008821.jpg,6,
img008606.jpg,sfhq/images/part2/img008606.jpg,6,
img008725.jpg,sfhq/images/part2/img008725.jpg,6,
img005849.jpg,sfhq/images/part2/img005849.jpg,6,
img007682.jpg,sfhq/images/part2/img007682.jpg,6,
img006880.jpg,sfhq/images/part2/img006880.jpg,6,
img008419.jpg,sfhq/images/part2/img008419.jpg,6,
img008939.jpg,sfhq/images/part2/img008939.jpg,6,
img006768.jpg,sfhq/images/part2/img006768.jpg,6,
img008735.jpg,sfhq/images/part2/img008735.jpg,6,
img008855.jpg,sfhq/images/part2/img008855.jpg,6,
img008801.jpg,sfhq/images/part2/img008801.jpg,6,
img007802.jpg,sfhq/images/part2/img007802.jpg,6,
img009954.jpg,sfhq/images/part2/img009954.jpg,6,
img007670.jpg,sfhq/images/part2/img007670.jpg,6,
img008100.jpg,sfhq/images/part2/img008100.jpg,6,
img006269.jpg,sfhq/images/part2/img006269.jpg,6,
img005710.jpg,sfhq/images/part2/img005710.jpg,6,
img007766.jpg,sfhq/images/part2/img007766.jpg,6,
img005694.jpg,sfhq/images/part2/img005694.jpg,6,
img007788.jpg,sfhq/images/part2/img007788.jpg,6,
img006063.jpg,sfhq/images/part2/img006063.jpg,6,
img007906.jpg,sfhq/images/part2/img007906.jpg,6,
img005573.jpg,sfhq/images/part2/img005573.jpg,6,
img009057.jpg,sfhq/images/part2/img009057.jpg,6,
img005708.jpg,sfhq/images/part2/img005708.jpg,6,
img009258.jpg,sfhq/images/part2/img009258.jpg,6,
img005756.jpg,sfhq/images/part2/img005756.jpg,6,
img006719.jpg,sfhq/images/part2/img006719.jpg,6,
img005791.jpg,sfhq/images/part2/img005791.jpg,6,
img005441.jpg,sfhq/images/part2/img005441.jpg,6,
img007509.jpg,sfhq/images/part2/img007509.jpg,6,
img006836.jpg,sfhq/images/part2/img006836.jpg,6,
img008962.jpg,sfhq/images/part2/img008962.jpg,6,
img008603.jpg,sfhq/images/part2/img008603.jpg,6,
img005540.jpg,sfhq/images/part2/img005540.jpg,6,
img009639.jpg,sfhq/images/part2/img009639.jpg,6,
img009877.jpg,sfhq/images/part2/img009877.jpg,6,
img008266.jpg,sfhq/images/part2/img008266.jpg,6,
img009308.jpg,sfhq/images/part2/img009308.jpg,6,
img007904.jpg,sfhq/images/part2/img007904.jpg,6,
img006220.jpg,sfhq/images/part2/img006220.jpg,6,
img007327.jpg,sfhq/images/part2/img007327.jpg,6,
img005273.jpg,sfhq/images/part2/img005273.jpg,6,
img008973.jpg,sfhq/images/part2/img008973.jpg,6,
img006283.jpg,sfhq/images/part2/img006283.jpg,6,
img006875.jpg,sfhq/images/part2/img006875.jpg,6,
img008894.jpg,sfhq/images/part2/img008894.jpg,6,
img008177.jpg,sfhq/images/part2/img008177.jpg,6,
img008612.jpg,sfhq/images/part2/img008612.jpg,6,
img006346.jpg,sfhq/images/part2/img006346.jpg,6,
img005384.jpg,sfhq/images/part2/img005384.jpg,6,
img008549.jpg,sfhq/images/part2/img008549.jpg,6,
img007578.jpg,sfhq/images/part2/img007578.jpg,6,
img009853.jpg,sfhq/images/part2/img009853.jpg,6,
img008211.jpg,sfhq/images/part2/img008211.jpg,6,
img008866.jpg,sfhq/images/part2/img008866.jpg,6,
img007877.jpg,sfhq/images/part2/img007877.jpg,6,
img009320.jpg,sfhq/images/part2/img009320.jpg,6,
img006894.jpg,sfhq/images/part2/img006894.jpg,6,
img006395.jpg,sfhq/images/part2/img006395.jpg,6,
img008151.jpg,sfhq/images/part2/img008151.jpg,6,
img009913.jpg,sfhq/images/part2/img009913.jpg,6,
img006474.jpg,sfhq/images/part2/img006474.jpg,6,
img007338.jpg,sfhq/images/part2/img007338.jpg,6,
img007704.jpg,sfhq/images/part2/img007704.jpg,6,
img009476.jpg,sfhq/images/part2/img009476.jpg,6,
img009401.jpg,sfhq/images/part2/img009401.jpg,6,
img005271.jpg,sfhq/images/part2/img005271.jpg,6,
img006650.jpg,sfhq/images/part2/img006650.jpg,6,
img009929.jpg,sfhq/images/part2/img009929.jpg,6,
img008657.jpg,sfhq/images/part2/img008657.jpg,6,
img006005.jpg,sfhq/images/part2/img006005.jpg,6,
img006313.jpg,sfhq/images/part2/img006313.jpg,6,
img008752.jpg,sfhq/images/part2/img008752.jpg,6,
img007574.jpg,sfhq/images/part2/img007574.jpg,6,
img005197.jpg,sfhq/images/part2/img005197.jpg,6,
img005237.jpg,sfhq/images/part2/img005237.jpg,6,
img006455.jpg,sfhq/images/part2/img006455.jpg,6,
img008534.jpg,sfhq/images/part2/img008534.jpg,6,
img006776.jpg,sfhq/images/part2/img006776.jpg,6,
img005063.jpg,sfhq/images/part2/img005063.jpg,6,
img009065.jpg,sfhq/images/part2/img009065.jpg,6,
img007905.jpg,sfhq/images/part2/img007905.jpg,6,
img009431.jpg,sfhq/images/part2/img009431.jpg,6,
img007290.jpg,sfhq/images/part2/img007290.jpg,6,
img008119.jpg,sfhq/images/part2/img008119.jpg,6,
img006428.jpg,sfhq/images/part2/img006428.jpg,6,
img005990.jpg,sfhq/images/part2/img005990.jpg,6,
img009015.jpg,sfhq/images/part2/img009015.jpg,6,
img009973.jpg,sfhq/images/part2/img009973.jpg,6,
img005805.jpg,sfhq/images/part2/img005805.jpg,6,
img008920.jpg,sfhq/images/part2/img008920.jpg,6,
img007401.jpg,sfhq/images/part2/img007401.jpg,6,
img005689.jpg,sfhq/images/part2/img005689.jpg,6,
img009120.jpg,sfhq/images/part2/img009120.jpg,6,
img007226.jpg,sfhq/images/part2/img007226.jpg,6,
img007444.jpg,sfhq/images/part2/img007444.jpg,6,
img006866.jpg,sfhq/images/part2/img006866.jpg,6,
img006013.jpg,sfhq/images/part2/img006013.jpg,6,
img005387.jpg,sfhq/images/part2/img005387.jpg,6,
img008059.jpg,sfhq/images/part2/img008059.jpg,6,
img006177.jpg,sfhq/images/part2/img006177.jpg,6,
img009625.jpg,sfhq/images/part2/img009625.jpg,6,
img008659.jpg,sfhq/images/part2/img008659.jpg,6,
img006179.jpg,sfhq/images/part2/img006179.jpg,6,
img009885.jpg,sfhq/images/part2/img009885.jpg,6,
img007546.jpg,sfhq/images/part2/img007546.jpg,6,
img007807.jpg,sfhq/images/part2/img007807.jpg,6,
img005104.jpg,sfhq/images/part2/img005104.jpg,6,
img007626.jpg,sfhq/images/part2/img007626.jpg,6,
img007268.jpg,sfhq/images/part2/img007268.jpg,6,
img006532.jpg,sfhq/images/part2/img006532.jpg,6,
img006547.jpg,sfhq/images/part2/img006547.jpg,6,
img008348.jpg,sfhq/images/part2/img008348.jpg,6,
img008737.jpg,sfhq/images/part2/img008737.jpg,6,
img008818.jpg,sfhq/images/part2/img008818.jpg,6,
img007047.jpg,sfhq/images/part2/img007047.jpg,6,
img007747.jpg,sfhq/images/part2/img007747.jpg,6,
img009970.jpg,sfhq/images/part2/img009970.jpg,6,
img006282.jpg,sfhq/images/part2/img006282.jpg,6,
img008407.jpg,sfhq/images/part2/img008407.jpg,6,
img006843.jpg,sfhq/images/part2/img006843.jpg,6,
img005001.jpg,sfhq/images/part2/img005001.jpg,6,
img008591.jpg,sfhq/images/part2/img008591.jpg,6,
img005446.jpg,sfhq/images/part2/img005446.jpg,6,
img009078.jpg,sfhq/images/part2/img009078.jpg,6,
img006730.jpg,sfhq/images/part2/img006730.jpg,6,
img009701.jpg,sfhq/images/part2/img009701.jpg,6,
img005354.jpg,sfhq/images/part2/img005354.jpg,6,
img007024.jpg,sfhq/images/part2/img007024.jpg,6,
img005119.jpg,sfhq/images/part2/img005119.jpg,6,
img008511.jpg,sfhq/images/part2/img008511.jpg,6,
img007170.jpg,sfhq/images/part2/img007170.jpg,6,
img005887.jpg,sfhq/images/part2/img005887.jpg,6,
img006684.jpg,sfhq/images/part2/img006684.jpg,6,
img008068.jpg,sfhq/images/part2/img008068.jpg,6,
img008925.jpg,sfhq/images/part2/img008925.jpg,6,
img005660.jpg,sfhq/images/part2/img005660.jpg,6,
img007733.jpg,sfhq/images/part2/img007733.jpg,6,
img007438.jpg,sfhq/images/part2/img007438.jpg,6,
img005324.jpg,sfhq/images/part2/img005324.jpg,6,
img006195.jpg,sfhq/images/part2/img006195.jpg,6,
img005575.jpg,sfhq/images/part2/img005575.jpg,6,
img008228.jpg,sfhq/images/part2/img008228.jpg,6,
img007183.jpg,sfhq/images/part2/img007183.jpg,6,
img008524.jpg,sfhq/images/part2/img008524.jpg,6,
img009768.jpg,sfhq/images/part2/img009768.jpg,6,
img006425.jpg,sfhq/images/part2/img006425.jpg,6,
img007321.jpg,sfhq/images/part2/img007321.jpg,6,
img009720.jpg,sfhq/images/part2/img009720.jpg,6,
img009992.jpg,sfhq/images/part2/img009992.jpg,6,
img008387.jpg,sfhq/images/part2/img008387.jpg,6,
img008483.jpg,sfhq/images/part2/img008483.jpg,6,
img005837.jpg,sfhq/images/part2/img005837.jpg,6,
img007275.jpg,sfhq/images/part2/img007275.jpg,6,
img008825.jpg,sfhq/images/part2/img008825.jpg,6,
img007846.jpg,sfhq/images/part2/img007846.jpg,6,
img006512.jpg,sfhq/images/part2/img006512.jpg,6,
img006112.jpg,sfhq/images/part2/img006112.jpg,6,
img007019.jpg,sfhq/images/part2/img007019.jpg,6,
img007964.jpg,sfhq/images/part2/img007964.jpg,6,
img005994.jpg,sfhq/images/part2/img005994.jpg,6,
img008102.jpg,sfhq/images/part2/img008102.jpg,6,
img008697.jpg,sfhq/images/part2/img008697.jpg,6,
img008706.jpg,sfhq/images/part2/img008706.jpg,6,
img007933.jpg,sfhq/images/part2/img007933.jpg,6,
img006689.jpg,sfhq/images/part2/img006689.jpg,6,
img005300.jpg,sfhq/images/part2/img005300.jpg,6,
img006222.jpg,sfhq/images/part2/img006222.jpg,6,
img007089.jpg,sfhq/images/part2/img007089.jpg,6,
img008403.jpg,sfhq/images/part2/img008403.jpg,6,
img007298.jpg,sfhq/images/part2/img007298.jpg,6,
img006994.jpg,sfhq/images/part2/img006994.jpg,6,
img006397.jpg,sfhq/images/part2/img006397.jpg,6,
img006389.jpg,sfhq/images/part2/img006389.jpg,6,
img008639.jpg,sfhq/images/part2/img008639.jpg,6,
img006208.jpg,sfhq/images/part2/img006208.jpg,6,
img005074.jpg,sfhq/images/part2/img005074.jpg,6,
img009814.jpg,sfhq/images/part2/img009814.jpg,6,
img009940.jpg,sfhq/images/part2/img009940.jpg,6,
img008880.jpg,sfhq/images/part2/img008880.jpg,6,
img008135.jpg,sfhq/images/part2/img008135.jpg,6,
img008170.jpg,sfhq/images/part2/img008170.jpg,6,
img005126.jpg,sfhq/images/part2/img005126.jpg,6,
img007360.jpg,sfhq/images/part2/img007360.jpg,6,
img006260.jpg,sfhq/images/part2/img006260.jpg,6,
img009085.jpg,sfhq/images/part2/img009085.jpg,6,
img009355.jpg,sfhq/images/part2/img009355.jpg,6,
img007131.jpg,sfhq/images/part2/img007131.jpg,6,
img005558.jpg,sfhq/images/part2/img005558.jpg,6,
img007711.jpg,sfhq/images/part2/img007711.jpg,6,
img007293.jpg,sfhq/images/part2/img007293.jpg,6,
img005847.jpg,sfhq/images/part2/img005847.jpg,6,
img007214.jpg,sfhq/images/part2/img007214.jpg,6,
img005736.jpg,sfhq/images/part2/img005736.jpg,6,
img005617.jpg,sfhq/images/part2/img005617.jpg,6,
img007621.jpg,sfhq/images/part2/img007621.jpg,6,
img008282.jpg,sfhq/images/part2/img008282.jpg,6,
img005954.jpg,sfhq/images/part2/img005954.jpg,6,
img008096.jpg,sfhq/images/part2/img008096.jpg,6,
img005188.jpg,sfhq/images/part2/img005188.jpg,6,
img005407.jpg,sfhq/images/part2/img005407.jpg,6,
img009931.jpg,sfhq/images/part2/img009931.jpg,6,
img005044.jpg,sfhq/images/part2/img005044.jpg,6,
img007058.jpg,sfhq/images/part2/img007058.jpg,6,
img005415.jpg,sfhq/images/part2/img005415.jpg,6,
img005124.jpg,sfhq/images/part2/img005124.jpg,6,
img005568.jpg,sfhq/images/part2/img005568.jpg,6,
img005400.jpg,sfhq/images/part2/img005400.jpg,6,
img007407.jpg,sfhq/images/part2/img007407.jpg,6,
img009426.jpg,sfhq/images/part2/img009426.jpg,6,
img005841.jpg,sfhq/images/part2/img005841.jpg,6,
img005672.jpg,sfhq/images/part2/img005672.jpg,6,
img008503.jpg,sfhq/images/part2/img008503.jpg,6,
img007796.jpg,sfhq/images/part2/img007796.jpg,6,
img008463.jpg,sfhq/images/part2/img008463.jpg,6,
img006570.jpg,sfhq/images/part2/img006570.jpg,6,
img007217.jpg,sfhq/images/part2/img007217.jpg,6,
img008842.jpg,sfhq/images/part2/img008842.jpg,6,
img006246.jpg,sfhq/images/part2/img006246.jpg,6,
img009662.jpg,sfhq/images/part2/img009662.jpg,6,
img005050.jpg,sfhq/images/part2/img005050.jpg,6,
img009948.jpg,sfhq/images/part2/img009948.jpg,6,
img006363.jpg,sfhq/images/part2/img006363.jpg,6,
img005576.jpg,sfhq/images/part2/img005576.jpg,6,
img008523.jpg,sfhq/images/part2/img008523.jpg,6,
img007602.jpg,sfhq/images/part2/img007602.jpg,6,
img006333.jpg,sfhq/images/part2/img006333.jpg,6,
img008188.jpg,sfhq/images/part2/img008188.jpg,6,
img007708.jpg,sfhq/images/part2/img007708.jpg,6,
img005080.jpg,sfhq/images/part2/img005080.jpg,6,
img006250.jpg,sfhq/images/part2/img006250.jpg,6,
img007239.jpg,sfhq/images/part2/img007239.jpg,6,
img008827.jpg,sfhq/images/part2/img008827.jpg,6,
img009157.jpg,sfhq/images/part2/img009157.jpg,6,
img005586.jpg,sfhq/images/part2/img005586.jpg,6,
img007811.jpg,sfhq/images/part2/img007811.jpg,6,
img006023.jpg,sfhq/images/part2/img006023.jpg,6,
img008820.jpg,sfhq/images/part2/img008820.jpg,6,
img008467.jpg,sfhq/images/part2/img008467.jpg,6,
img008297.jpg,sfhq/images/part2/img008297.jpg,6,
img007494.jpg,sfhq/images/part2/img007494.jpg,6,
img005722.jpg,sfhq/images/part2/img005722.jpg,6,
img008088.jpg,sfhq/images/part2/img008088.jpg,6,
img008036.jpg,sfhq/images/part2/img008036.jpg,6,
img008276.jpg,sfhq/images/part2/img008276.jpg,6,
img005967.jpg,sfhq/images/part2/img005967.jpg,6,
img009605.jpg,sfhq/images/part2/img009605.jpg,6,
img007056.jpg,sfhq/images/part2/img007056.jpg,6,
img009498.jpg,sfhq/images/part2/img009498.jpg,6,
img007267.jpg,sfhq/images/part2/img007267.jpg,6,
img007279.jpg,sfhq/images/part2/img007279.jpg,6,
img006387.jpg,sfhq/images/part2/img006387.jpg,6,
img008066.jpg,sfhq/images/part2/img008066.jpg,6,
img006682.jpg,sfhq/images/part2/img006682.jpg,6,
img008215.jpg,sfhq/images/part2/img008215.jpg,6,
img006383.jpg,sfhq/images/part2/img006383.jpg,6,
img006051.jpg,sfhq/images/part2/img006051.jpg,6,
img006914.jpg,sfhq/images/part2/img006914.jpg,6,
img008056.jpg,sfhq/images/part2/img008056.jpg,6,
img006645.jpg,sfhq/images/part2/img006645.jpg,6,
img007570.jpg,sfhq/images/part2/img007570.jpg,6,
img009965.jpg,sfhq/images/part2/img009965.jpg,6,
img008838.jpg,sfhq/images/part2/img008838.jpg,6,
img006931.jpg,sfhq/images/part2/img006931.jpg,6,
img007520.jpg,sfhq/images/part2/img007520.jpg,6,
img008024.jpg,sfhq/images/part2/img008024.jpg,6,
img006847.jpg,sfhq/images/part2/img006847.jpg,6,
img008361.jpg,sfhq/images/part2/img008361.jpg,6,
img008256.jpg,sfhq/images/part2/img008256.jpg,6,
img005764.jpg,sfhq/images/part2/img005764.jpg,6,
img007593.jpg,sfhq/images/part2/img007593.jpg,6,
img009826.jpg,sfhq/images/part2/img009826.jpg,6,
img008319.jpg,sfhq/images/part2/img008319.jpg,6,
img005352.jpg,sfhq/images/part2/img005352.jpg,6,
img009796.jpg,sfhq/images/part2/img009796.jpg,6,
img006432.jpg,sfhq/images/part2/img006432.jpg,6,
img009050.jpg,sfhq/images/part2/img009050.jpg,6,
img007658.jpg,sfhq/images/part2/img007658.jpg,6,
img005495.jpg,sfhq/images/part2/img005495.jpg,6,
img005365.jpg,sfhq/images/part2/img005365.jpg,6,
img008244.jpg,sfhq/images/part2/img008244.jpg,6,
img005141.jpg,sfhq/images/part2/img005141.jpg,6,
img009108.jpg,sfhq/images/part2/img009108.jpg,6,
img009314.jpg,sfhq/images/part2/img009314.jpg,6,
img008728.jpg,sfhq/images/part2/img008728.jpg,6,
img008098.jpg,sfhq/images/part2/img008098.jpg,6,
img009526.jpg,sfhq/images/part2/img009526.jpg,6,
img009158.jpg,sfhq/images/part2/img009158.jpg,6,
img007420.jpg,sfhq/images/part2/img007420.jpg,6,
img007386.jpg,sfhq/images/part2/img007386.jpg,6,
img007652.jpg,sfhq/images/part2/img007652.jpg,6,
img008439.jpg,sfhq/images/part2/img008439.jpg,6,
img005032.jpg,sfhq/images/part2/img005032.jpg,6,
img005833.jpg,sfhq/images/part2/img005833.jpg,6,
img006672.jpg,sfhq/images/part2/img006672.jpg,6,
img005497.jpg,sfhq/images/part2/img005497.jpg,6,
img009224.jpg,sfhq/images/part2/img009224.jpg,6,
img007995.jpg,sfhq/images/part2/img007995.jpg,6,
img006037.jpg,sfhq/images/part2/img006037.jpg,6,
img007675.jpg,sfhq/images/part2/img007675.jpg,6,
img005832.jpg,sfhq/images/part2/img005832.jpg,6,
img007348.jpg,sfhq/images/part2/img007348.jpg,6,
img005559.jpg,sfhq/images/part2/img005559.jpg,6,
img009975.jpg,sfhq/images/part2/img009975.jpg,6,
img007515.jpg,sfhq/images/part2/img007515.jpg,6,
img007307.jpg,sfhq/images/part2/img007307.jpg,6,
img006846.jpg,sfhq/images/part2/img006846.jpg,6,
img009829.jpg,sfhq/images/part2/img009829.jpg,6,
img006101.jpg,sfhq/images/part2/img006101.jpg,6,
img007312.jpg,sfhq/images/part2/img007312.jpg,6,
img005101.jpg,sfhq/images/part2/img005101.jpg,6,
img007765.jpg,sfhq/images/part2/img007765.jpg,6,
img009457.jpg,sfhq/images/part2/img009457.jpg,6,
img006085.jpg,sfhq/images/part2/img006085.jpg,6,
img005674.jpg,sfhq/images/part2/img005674.jpg,6,
img005207.jpg,sfhq/images/part2/img005207.jpg,6,
img005039.jpg,sfhq/images/part2/img005039.jpg,6,
img009451.jpg,sfhq/images/part2/img009451.jpg,6,
img005516.jpg,sfhq/images/part2/img005516.jpg,6,
img009317.jpg,sfhq/images/part2/img009317.jpg,6,
img009957.jpg,sfhq/images/part2/img009957.jpg,6,
img006854.jpg,sfhq/images/part2/img006854.jpg,6,
img008796.jpg,sfhq/images/part2/img008796.jpg,6,
img006999.jpg,sfhq/images/part2/img006999.jpg,6,
img009436.jpg,sfhq/images/part2/img009436.jpg,6,
img009700.jpg,sfhq/images/part2/img009700.jpg,6,
img008230.jpg,sfhq/images/part2/img008230.jpg,6,
img008060.jpg,sfhq/images/part2/img008060.jpg,6,
img008057.jpg,sfhq/images/part2/img008057.jpg,6,
img008451.jpg,sfhq/images/part2/img008451.jpg,6,
img008605.jpg,sfhq/images/part2/img008605.jpg,6,
img007326.jpg,sfhq/images/part2/img007326.jpg,6,
img006000.jpg,sfhq/images/part2/img006000.jpg,6,
img009559.jpg,sfhq/images/part2/img009559.jpg,6,
img007720.jpg,sfhq/images/part2/img007720.jpg,6,
img006021.jpg,sfhq/images/part2/img006021.jpg,6,
img006830.jpg,sfhq/images/part2/img006830.jpg,6,
img005451.jpg,sfhq/images/part2/img005451.jpg,6,
img006897.jpg,sfhq/images/part2/img006897.jpg,6,
img005168.jpg,sfhq/images/part2/img005168.jpg,6,
img006971.jpg,sfhq/images/part2/img006971.jpg,6,
img008640.jpg,sfhq/images/part2/img008640.jpg,6,
img005613.jpg,sfhq/images/part2/img005613.jpg,6,
img005244.jpg,sfhq/images/part2/img005244.jpg,6,
img006902.jpg,sfhq/images/part2/img006902.jpg,6,
img007660.jpg,sfhq/images/part2/img007660.jpg,6,
img008563.jpg,sfhq/images/part2/img008563.jpg,6,
img005716.jpg,sfhq/images/part2/img005716.jpg,6,
img009111.jpg,sfhq/images/part2/img009111.jpg,6,
img005566.jpg,sfhq/images/part2/img005566.jpg,6,
img009367.jpg,sfhq/images/part2/img009367.jpg,6,
img005583.jpg,sfhq/images/part2/img005583.jpg,6,
img006406.jpg,sfhq/images/part2/img006406.jpg,6,
img009685.jpg,sfhq/images/part2/img009685.jpg,6,
img009002.jpg,sfhq/images/part2/img009002.jpg,6,
img007255.jpg,sfhq/images/part2/img007255.jpg,6,
img006388.jpg,sfhq/images/part2/img006388.jpg,6,
img008765.jpg,sfhq/images/part2/img008765.jpg,6,
img009584.jpg,sfhq/images/part2/img009584.jpg,6,
img005658.jpg,sfhq/images/part2/img005658.jpg,6,
img009468.jpg,sfhq/images/part2/img009468.jpg,6,
img008577.jpg,sfhq/images/part2/img008577.jpg,6,
img008030.jpg,sfhq/images/part2/img008030.jpg,6,
