filename,image_path,target,category
img002213.jpg,cips/cips-churces/img002213.jpg,6,cips-churces
img001022.jpg,cips/cips-churces/img001022.jpg,6,cips-churces
img001099.jpg,cips/cips-churces/img001099.jpg,6,cips-churces
img000529.jpg,cips/cips-churces/img000529.jpg,6,cips-churces
img000606.jpg,cips/cips-churces/img000606.jpg,6,cips-churces
img001765.jpg,cips/cips-churces/img001765.jpg,6,cips-churces
img002782.jpg,cips/cips-churces/img002782.jpg,6,cips-churces
img001279.jpg,cips/cips-churces/img001279.jpg,6,cips-churces
img000717.jpg,cips/cips-churces/img000717.jpg,6,cips-churces
img002556.jpg,cips/cips-churces/img002556.jpg,6,cips-churces
img002011.jpg,cips/cips-churces/img002011.jpg,6,cips-churces
img001998.jpg,cips/cips-churces/img001998.jpg,6,cips-churces
img002723.jpg,cips/cips-churces/img002723.jpg,6,cips-churces
img000002.jpg,cips/cips-churces/img000002.jpg,6,cips-churces
img000509.jpg,cips/cips-churces/img000509.jpg,6,cips-churces
img001924.jpg,cips/cips-churces/img001924.jpg,6,cips-churces
img000932.jpg,cips/cips-churces/img000932.jpg,6,cips-churces
img002626.jpg,cips/cips-churces/img002626.jpg,6,cips-churces
img001966.jpg,cips/cips-churces/img001966.jpg,6,cips-churces
img001831.jpg,cips/cips-churces/img001831.jpg,6,cips-churces
img000089.jpg,cips/cips-churces/img000089.jpg,6,cips-churces
img001841.jpg,cips/cips-churces/img001841.jpg,6,cips-churces
img000437.jpg,cips/cips-churces/img000437.jpg,6,cips-churces
img000326.jpg,cips/cips-churces/img000326.jpg,6,cips-churces
img000593.jpg,cips/cips-churces/img000593.jpg,6,cips-churces
img002588.jpg,cips/cips-churces/img002588.jpg,6,cips-churces
img001199.jpg,cips/cips-churces/img001199.jpg,6,cips-churces
img000465.jpg,cips/cips-churces/img000465.jpg,6,cips-churces
img000855.jpg,cips/cips-churces/img000855.jpg,6,cips-churces
img001736.jpg,cips/cips-churces/img001736.jpg,6,cips-churces
img002727.jpg,cips/cips-churces/img002727.jpg,6,cips-churces
img001078.jpg,cips/cips-churces/img001078.jpg,6,cips-churces
img002681.jpg,cips/cips-churces/img002681.jpg,6,cips-churces
img002661.jpg,cips/cips-churces/img002661.jpg,6,cips-churces
img001247.jpg,cips/cips-churces/img001247.jpg,6,cips-churces
img002721.jpg,cips/cips-churces/img002721.jpg,6,cips-churces
img000883.jpg,cips/cips-churces/img000883.jpg,6,cips-churces
img000118.jpg,cips/cips-churces/img000118.jpg,6,cips-churces
img001376.jpg,cips/cips-churces/img001376.jpg,6,cips-churces
img001666.jpg,cips/cips-churces/img001666.jpg,6,cips-churces
img002446.jpg,cips/cips-churces/img002446.jpg,6,cips-churces
img000760.jpg,cips/cips-churces/img000760.jpg,6,cips-churces
img000922.jpg,cips/cips-churces/img000922.jpg,6,cips-churces
img001343.jpg,cips/cips-churces/img001343.jpg,6,cips-churces
img001789.jpg,cips/cips-churces/img001789.jpg,6,cips-churces
img001387.jpg,cips/cips-churces/img001387.jpg,6,cips-churces
img001911.jpg,cips/cips-churces/img001911.jpg,6,cips-churces
img001632.jpg,cips/cips-churces/img001632.jpg,6,cips-churces
img002760.jpg,cips/cips-churces/img002760.jpg,6,cips-churces
img000494.jpg,cips/cips-churces/img000494.jpg,6,cips-churces
img000869.jpg,cips/cips-churces/img000869.jpg,6,cips-churces
img002674.jpg,cips/cips-churces/img002674.jpg,6,cips-churces
img001430.jpg,cips/cips-churces/img001430.jpg,6,cips-churces
img000085.jpg,cips/cips-churces/img000085.jpg,6,cips-churces
img002018.jpg,cips/cips-churces/img002018.jpg,6,cips-churces
img002407.jpg,cips/cips-churces/img002407.jpg,6,cips-churces
img002151.jpg,cips/cips-churces/img002151.jpg,6,cips-churces
img001284.jpg,cips/cips-churces/img001284.jpg,6,cips-churces
img000906.jpg,cips/cips-churces/img000906.jpg,6,cips-churces
img001454.jpg,cips/cips-churces/img001454.jpg,6,cips-churces
img001278.jpg,cips/cips-churces/img001278.jpg,6,cips-churces
img000526.jpg,cips/cips-churces/img000526.jpg,6,cips-churces
img001659.jpg,cips/cips-churces/img001659.jpg,6,cips-churces
img002035.jpg,cips/cips-churces/img002035.jpg,6,cips-churces
img000313.jpg,cips/cips-churces/img000313.jpg,6,cips-churces
img002406.jpg,cips/cips-churces/img002406.jpg,6,cips-churces
img001929.jpg,cips/cips-churces/img001929.jpg,6,cips-churces
img001657.jpg,cips/cips-churces/img001657.jpg,6,cips-churces
img000198.jpg,cips/cips-churces/img000198.jpg,6,cips-churces
img001443.jpg,cips/cips-churces/img001443.jpg,6,cips-churces
img000896.jpg,cips/cips-churces/img000896.jpg,6,cips-churces
img000916.jpg,cips/cips-churces/img000916.jpg,6,cips-churces
img002032.jpg,cips/cips-churces/img002032.jpg,6,cips-churces
img002317.jpg,cips/cips-churces/img002317.jpg,6,cips-churces
img002183.jpg,cips/cips-churces/img002183.jpg,6,cips-churces
img002452.jpg,cips/cips-churces/img002452.jpg,6,cips-churces
img002501.jpg,cips/cips-churces/img002501.jpg,6,cips-churces
img000129.jpg,cips/cips-churces/img000129.jpg,6,cips-churces
img000061.jpg,cips/cips-churces/img000061.jpg,6,cips-churces
img000518.jpg,cips/cips-churces/img000518.jpg,6,cips-churces
img001689.jpg,cips/cips-churces/img001689.jpg,6,cips-churces
img000082.jpg,cips/cips-churces/img000082.jpg,6,cips-churces
img001510.jpg,cips/cips-churces/img001510.jpg,6,cips-churces
img001896.jpg,cips/cips-churces/img001896.jpg,6,cips-churces
img002030.jpg,cips/cips-churces/img002030.jpg,6,cips-churces
img001620.jpg,cips/cips-churces/img001620.jpg,6,cips-churces
img000186.jpg,cips/cips-churces/img000186.jpg,6,cips-churces
img002300.jpg,cips/cips-churces/img002300.jpg,6,cips-churces
img002564.jpg,cips/cips-churces/img002564.jpg,6,cips-churces
img000784.jpg,cips/cips-churces/img000784.jpg,6,cips-churces
img002310.jpg,cips/cips-churces/img002310.jpg,6,cips-churces
img000871.jpg,cips/cips-churces/img000871.jpg,6,cips-churces
img001053.jpg,cips/cips-churces/img001053.jpg,6,cips-churces
img000661.jpg,cips/cips-churces/img000661.jpg,6,cips-churces
img002609.jpg,cips/cips-churces/img002609.jpg,6,cips-churces
img000093.jpg,cips/cips-churces/img000093.jpg,6,cips-churces
img000043.jpg,cips/cips-churces/img000043.jpg,6,cips-churces
img002103.jpg,cips/cips-churces/img002103.jpg,6,cips-churces
img000415.jpg,cips/cips-churces/img000415.jpg,6,cips-churces
img000969.jpg,cips/cips-churces/img000969.jpg,6,cips-churces
img002131.jpg,cips/cips-churces/img002131.jpg,6,cips-churces
img001285.jpg,cips/cips-churces/img001285.jpg,6,cips-churces
img001136.jpg,cips/cips-churces/img001136.jpg,6,cips-churces
img000410.jpg,cips/cips-churces/img000410.jpg,6,cips-churces
img001729.jpg,cips/cips-churces/img001729.jpg,6,cips-churces
img000435.jpg,cips/cips-churces/img000435.jpg,6,cips-churces
img002374.jpg,cips/cips-churces/img002374.jpg,6,cips-churces
img002473.jpg,cips/cips-churces/img002473.jpg,6,cips-churces
img001862.jpg,cips/cips-churces/img001862.jpg,6,cips-churces
img002587.jpg,cips/cips-churces/img002587.jpg,6,cips-churces
img000363.jpg,cips/cips-churces/img000363.jpg,6,cips-churces
img002742.jpg,cips/cips-churces/img002742.jpg,6,cips-churces
img000794.jpg,cips/cips-churces/img000794.jpg,6,cips-churces
img001261.jpg,cips/cips-churces/img001261.jpg,6,cips-churces
img001353.jpg,cips/cips-churces/img001353.jpg,6,cips-churces
img002433.jpg,cips/cips-churces/img002433.jpg,6,cips-churces
img000978.jpg,cips/cips-churces/img000978.jpg,6,cips-churces
img001949.jpg,cips/cips-churces/img001949.jpg,6,cips-churces
img001559.jpg,cips/cips-churces/img001559.jpg,6,cips-churces
img000355.jpg,cips/cips-churces/img000355.jpg,6,cips-churces
img001173.jpg,cips/cips-churces/img001173.jpg,6,cips-churces
img001407.jpg,cips/cips-churces/img001407.jpg,6,cips-churces
img000438.jpg,cips/cips-churces/img000438.jpg,6,cips-churces
img001842.jpg,cips/cips-churces/img001842.jpg,6,cips-churces
img001302.jpg,cips/cips-churces/img001302.jpg,6,cips-churces
img000433.jpg,cips/cips-churces/img000433.jpg,6,cips-churces
img002185.jpg,cips/cips-churces/img002185.jpg,6,cips-churces
img000473.jpg,cips/cips-churces/img000473.jpg,6,cips-churces
img001893.jpg,cips/cips-churces/img001893.jpg,6,cips-churces
img000670.jpg,cips/cips-churces/img000670.jpg,6,cips-churces
img002621.jpg,cips/cips-churces/img002621.jpg,6,cips-churces
img000012.jpg,cips/cips-churces/img000012.jpg,6,cips-churces
img000219.jpg,cips/cips-churces/img000219.jpg,6,cips-churces
img000621.jpg,cips/cips-churces/img000621.jpg,6,cips-churces
img001737.jpg,cips/cips-churces/img001737.jpg,6,cips-churces
img000280.jpg,cips/cips-churces/img000280.jpg,6,cips-churces
img002547.jpg,cips/cips-churces/img002547.jpg,6,cips-churces
img000058.jpg,cips/cips-churces/img000058.jpg,6,cips-churces
img002511.jpg,cips/cips-churces/img002511.jpg,6,cips-churces
img002279.jpg,cips/cips-churces/img002279.jpg,6,cips-churces
img002288.jpg,cips/cips-churces/img002288.jpg,6,cips-churces
img001287.jpg,cips/cips-churces/img001287.jpg,6,cips-churces
img001461.jpg,cips/cips-churces/img001461.jpg,6,cips-churces
img001947.jpg,cips/cips-churces/img001947.jpg,6,cips-churces
img001678.jpg,cips/cips-churces/img001678.jpg,6,cips-churces
img000110.jpg,cips/cips-churces/img000110.jpg,6,cips-churces
img000120.jpg,cips/cips-churces/img000120.jpg,6,cips-churces
img001194.jpg,cips/cips-churces/img001194.jpg,6,cips-churces
img002293.jpg,cips/cips-churces/img002293.jpg,6,cips-churces
img000788.jpg,cips/cips-churces/img000788.jpg,6,cips-churces
img000046.jpg,cips/cips-churces/img000046.jpg,6,cips-churces
img002200.jpg,cips/cips-churces/img002200.jpg,6,cips-churces
img001962.jpg,cips/cips-churces/img001962.jpg,6,cips-churces
img002693.jpg,cips/cips-churces/img002693.jpg,6,cips-churces
img002593.jpg,cips/cips-churces/img002593.jpg,6,cips-churces
img000169.jpg,cips/cips-churces/img000169.jpg,6,cips-churces
img002262.jpg,cips/cips-churces/img002262.jpg,6,cips-churces
img001411.jpg,cips/cips-churces/img001411.jpg,6,cips-churces
img001065.jpg,cips/cips-churces/img001065.jpg,6,cips-churces
img001564.jpg,cips/cips-churces/img001564.jpg,6,cips-churces
img002222.jpg,cips/cips-churces/img002222.jpg,6,cips-churces
img000732.jpg,cips/cips-churces/img000732.jpg,6,cips-churces
img001555.jpg,cips/cips-churces/img001555.jpg,6,cips-churces
img001288.jpg,cips/cips-churces/img001288.jpg,6,cips-churces
img002688.jpg,cips/cips-churces/img002688.jpg,6,cips-churces
img000131.jpg,cips/cips-churces/img000131.jpg,6,cips-churces
img000284.jpg,cips/cips-churces/img000284.jpg,6,cips-churces
img002372.jpg,cips/cips-churces/img002372.jpg,6,cips-churces
img001013.jpg,cips/cips-churces/img001013.jpg,6,cips-churces
img001245.jpg,cips/cips-churces/img001245.jpg,6,cips-churces
img001568.jpg,cips/cips-churces/img001568.jpg,6,cips-churces
img001914.jpg,cips/cips-churces/img001914.jpg,6,cips-churces
img001635.jpg,cips/cips-churces/img001635.jpg,6,cips-churces
img001269.jpg,cips/cips-churces/img001269.jpg,6,cips-churces
img001846.jpg,cips/cips-churces/img001846.jpg,6,cips-churces
img000172.jpg,cips/cips-churces/img000172.jpg,6,cips-churces
img000190.jpg,cips/cips-churces/img000190.jpg,6,cips-churces
img001655.jpg,cips/cips-churces/img001655.jpg,6,cips-churces
img002689.jpg,cips/cips-churces/img002689.jpg,6,cips-churces
img002207.jpg,cips/cips-churces/img002207.jpg,6,cips-churces
img002486.jpg,cips/cips-churces/img002486.jpg,6,cips-churces
img001857.jpg,cips/cips-churces/img001857.jpg,6,cips-churces
img002049.jpg,cips/cips-churces/img002049.jpg,6,cips-churces
img000985.jpg,cips/cips-churces/img000985.jpg,6,cips-churces
img000712.jpg,cips/cips-churces/img000712.jpg,6,cips-churces
img000349.jpg,cips/cips-churces/img000349.jpg,6,cips-churces
img000025.jpg,cips/cips-churces/img000025.jpg,6,cips-churces
img001730.jpg,cips/cips-churces/img001730.jpg,6,cips-churces
img002228.jpg,cips/cips-churces/img002228.jpg,6,cips-churces
img002068.jpg,cips/cips-churces/img002068.jpg,6,cips-churces
img001132.jpg,cips/cips-churces/img001132.jpg,6,cips-churces
img001276.jpg,cips/cips-churces/img001276.jpg,6,cips-churces
img002680.jpg,cips/cips-churces/img002680.jpg,6,cips-churces
img000482.jpg,cips/cips-churces/img000482.jpg,6,cips-churces
img000662.jpg,cips/cips-churces/img000662.jpg,6,cips-churces
img002652.jpg,cips/cips-churces/img002652.jpg,6,cips-churces
img001392.jpg,cips/cips-churces/img001392.jpg,6,cips-churces
img000927.jpg,cips/cips-churces/img000927.jpg,6,cips-churces
img001501.jpg,cips/cips-churces/img001501.jpg,6,cips-churces
img002378.jpg,cips/cips-churces/img002378.jpg,6,cips-churces
img001021.jpg,cips/cips-churces/img001021.jpg,6,cips-churces
img001093.jpg,cips/cips-churces/img001093.jpg,6,cips-churces
img001794.jpg,cips/cips-churces/img001794.jpg,6,cips-churces
img002692.jpg,cips/cips-churces/img002692.jpg,6,cips-churces
img002656.jpg,cips/cips-churces/img002656.jpg,6,cips-churces
img000021.jpg,cips/cips-churces/img000021.jpg,6,cips-churces
img000737.jpg,cips/cips-churces/img000737.jpg,6,cips-churces
img000217.jpg,cips/cips-churces/img000217.jpg,6,cips-churces
img002216.jpg,cips/cips-churces/img002216.jpg,6,cips-churces
img002418.jpg,cips/cips-churces/img002418.jpg,6,cips-churces
img002485.jpg,cips/cips-churces/img002485.jpg,6,cips-churces
img000343.jpg,cips/cips-churces/img000343.jpg,6,cips-churces
img002565.jpg,cips/cips-churces/img002565.jpg,6,cips-churces
img001919.jpg,cips/cips-churces/img001919.jpg,6,cips-churces
img000735.jpg,cips/cips-churces/img000735.jpg,6,cips-churces
img002784.jpg,cips/cips-churces/img002784.jpg,6,cips-churces
img000590.jpg,cips/cips-churces/img000590.jpg,6,cips-churces
img002337.jpg,cips/cips-churces/img002337.jpg,6,cips-churces
img002336.jpg,cips/cips-churces/img002336.jpg,6,cips-churces
img002704.jpg,cips/cips-churces/img002704.jpg,6,cips-churces
img002797.jpg,cips/cips-churces/img002797.jpg,6,cips-churces
img000554.jpg,cips/cips-churces/img000554.jpg,6,cips-churces
img000060.jpg,cips/cips-churces/img000060.jpg,6,cips-churces
img000379.jpg,cips/cips-churces/img000379.jpg,6,cips-churces
img002631.jpg,cips/cips-churces/img002631.jpg,6,cips-churces
img000054.jpg,cips/cips-churces/img000054.jpg,6,cips-churces
img000292.jpg,cips/cips-churces/img000292.jpg,6,cips-churces
img000948.jpg,cips/cips-churces/img000948.jpg,6,cips-churces
img000285.jpg,cips/cips-churces/img000285.jpg,6,cips-churces
img002746.jpg,cips/cips-churces/img002746.jpg,6,cips-churces
img001699.jpg,cips/cips-churces/img001699.jpg,6,cips-churces
img000283.jpg,cips/cips-churces/img000283.jpg,6,cips-churces
img000859.jpg,cips/cips-churces/img000859.jpg,6,cips-churces
img001104.jpg,cips/cips-churces/img001104.jpg,6,cips-churces
img000449.jpg,cips/cips-churces/img000449.jpg,6,cips-churces
img002100.jpg,cips/cips-churces/img002100.jpg,6,cips-churces
img001190.jpg,cips/cips-churces/img001190.jpg,6,cips-churces
img002381.jpg,cips/cips-churces/img002381.jpg,6,cips-churces
img001438.jpg,cips/cips-churces/img001438.jpg,6,cips-churces
img001202.jpg,cips/cips-churces/img001202.jpg,6,cips-churces
img001873.jpg,cips/cips-churces/img001873.jpg,6,cips-churces
img001262.jpg,cips/cips-churces/img001262.jpg,6,cips-churces
img001874.jpg,cips/cips-churces/img001874.jpg,6,cips-churces
img002781.jpg,cips/cips-churces/img002781.jpg,6,cips-churces
img000835.jpg,cips/cips-churces/img000835.jpg,6,cips-churces
img002174.jpg,cips/cips-churces/img002174.jpg,6,cips-churces
img000817.jpg,cips/cips-churces/img000817.jpg,6,cips-churces
img000664.jpg,cips/cips-churces/img000664.jpg,6,cips-churces
img001719.jpg,cips/cips-churces/img001719.jpg,6,cips-churces
img001933.jpg,cips/cips-churces/img001933.jpg,6,cips-churces
img002741.jpg,cips/cips-churces/img002741.jpg,6,cips-churces
img002110.jpg,cips/cips-churces/img002110.jpg,6,cips-churces
img000091.jpg,cips/cips-churces/img000091.jpg,6,cips-churces
img001727.jpg,cips/cips-churces/img001727.jpg,6,cips-churces
img000179.jpg,cips/cips-churces/img000179.jpg,6,cips-churces
img001500.jpg,cips/cips-churces/img001500.jpg,6,cips-churces
img000065.jpg,cips/cips-churces/img000065.jpg,6,cips-churces
img000460.jpg,cips/cips-churces/img000460.jpg,6,cips-churces
img001731.jpg,cips/cips-churces/img001731.jpg,6,cips-churces
img000952.jpg,cips/cips-churces/img000952.jpg,6,cips-churces
img000618.jpg,cips/cips-churces/img000618.jpg,6,cips-churces
img000388.jpg,cips/cips-churces/img000388.jpg,6,cips-churces
img002341.jpg,cips/cips-churces/img002341.jpg,6,cips-churces
img000810.jpg,cips/cips-churces/img000810.jpg,6,cips-churces
img000037.jpg,cips/cips-churces/img000037.jpg,6,cips-churces
img001277.jpg,cips/cips-churces/img001277.jpg,6,cips-churces
img000378.jpg,cips/cips-churces/img000378.jpg,6,cips-churces
img000994.jpg,cips/cips-churces/img000994.jpg,6,cips-churces
img000472.jpg,cips/cips-churces/img000472.jpg,6,cips-churces
img001967.jpg,cips/cips-churces/img001967.jpg,6,cips-churces
img001797.jpg,cips/cips-churces/img001797.jpg,6,cips-churces
img000889.jpg,cips/cips-churces/img000889.jpg,6,cips-churces
img002164.jpg,cips/cips-churces/img002164.jpg,6,cips-churces
img002143.jpg,cips/cips-churces/img002143.jpg,6,cips-churces
img000409.jpg,cips/cips-churces/img000409.jpg,6,cips-churces
img001491.jpg,cips/cips-churces/img001491.jpg,6,cips-churces
img002603.jpg,cips/cips-churces/img002603.jpg,6,cips-churces
img002069.jpg,cips/cips-churces/img002069.jpg,6,cips-churces
img002397.jpg,cips/cips-churces/img002397.jpg,6,cips-churces
img000500.jpg,cips/cips-churces/img000500.jpg,6,cips-churces
img001636.jpg,cips/cips-churces/img001636.jpg,6,cips-churces
img002750.jpg,cips/cips-churces/img002750.jpg,6,cips-churces
img002393.jpg,cips/cips-churces/img002393.jpg,6,cips-churces
img000149.jpg,cips/cips-churces/img000149.jpg,6,cips-churces
img000499.jpg,cips/cips-churces/img000499.jpg,6,cips-churces
img000853.jpg,cips/cips-churces/img000853.jpg,6,cips-churces
img001481.jpg,cips/cips-churces/img001481.jpg,6,cips-churces
img001031.jpg,cips/cips-churces/img001031.jpg,6,cips-churces
img002717.jpg,cips/cips-churces/img002717.jpg,6,cips-churces
img002248.jpg,cips/cips-churces/img002248.jpg,6,cips-churces
img000230.jpg,cips/cips-churces/img000230.jpg,6,cips-churces
img000956.jpg,cips/cips-churces/img000956.jpg,6,cips-churces
img000617.jpg,cips/cips-churces/img000617.jpg,6,cips-churces
img002676.jpg,cips/cips-churces/img002676.jpg,6,cips-churces
img002764.jpg,cips/cips-churces/img002764.jpg,6,cips-churces
img000413.jpg,cips/cips-churces/img000413.jpg,6,cips-churces
img002715.jpg,cips/cips-churces/img002715.jpg,6,cips-churces
img000544.jpg,cips/cips-churces/img000544.jpg,6,cips-churces
img001317.jpg,cips/cips-churces/img001317.jpg,6,cips-churces
img001489.jpg,cips/cips-churces/img001489.jpg,6,cips-churces
img000706.jpg,cips/cips-churces/img000706.jpg,6,cips-churces
img001275.jpg,cips/cips-churces/img001275.jpg,6,cips-churces
img001668.jpg,cips/cips-churces/img001668.jpg,6,cips-churces
img000898.jpg,cips/cips-churces/img000898.jpg,6,cips-churces
img001958.jpg,cips/cips-churces/img001958.jpg,6,cips-churces
img000700.jpg,cips/cips-churces/img000700.jpg,6,cips-churces
img001639.jpg,cips/cips-churces/img001639.jpg,6,cips-churces
img002273.jpg,cips/cips-churces/img002273.jpg,6,cips-churces
img002386.jpg,cips/cips-churces/img002386.jpg,6,cips-churces
img001182.jpg,cips/cips-churces/img001182.jpg,6,cips-churces
img002115.jpg,cips/cips-churces/img002115.jpg,6,cips-churces
img000189.jpg,cips/cips-churces/img000189.jpg,6,cips-churces
img001506.jpg,cips/cips-churces/img001506.jpg,6,cips-churces
img002126.jpg,cips/cips-churces/img002126.jpg,6,cips-churces
img000550.jpg,cips/cips-churces/img000550.jpg,6,cips-churces
img001211.jpg,cips/cips-churces/img001211.jpg,6,cips-churces
img001166.jpg,cips/cips-churces/img001166.jpg,6,cips-churces
img001604.jpg,cips/cips-churces/img001604.jpg,6,cips-churces
img002678.jpg,cips/cips-churces/img002678.jpg,6,cips-churces
img001963.jpg,cips/cips-churces/img001963.jpg,6,cips-churces
img002673.jpg,cips/cips-churces/img002673.jpg,6,cips-churces
img000746.jpg,cips/cips-churces/img000746.jpg,6,cips-churces
img001428.jpg,cips/cips-churces/img001428.jpg,6,cips-churces
img000163.jpg,cips/cips-churces/img000163.jpg,6,cips-churces
img002796.jpg,cips/cips-churces/img002796.jpg,6,cips-churces
img002384.jpg,cips/cips-churces/img002384.jpg,6,cips-churces
img000096.jpg,cips/cips-churces/img000096.jpg,6,cips-churces
img000464.jpg,cips/cips-churces/img000464.jpg,6,cips-churces
img001629.jpg,cips/cips-churces/img001629.jpg,6,cips-churces
img000887.jpg,cips/cips-churces/img000887.jpg,6,cips-churces
img000821.jpg,cips/cips-churces/img000821.jpg,6,cips-churces
img001170.jpg,cips/cips-churces/img001170.jpg,6,cips-churces
img000807.jpg,cips/cips-churces/img000807.jpg,6,cips-churces
img001584.jpg,cips/cips-churces/img001584.jpg,6,cips-churces
img000993.jpg,cips/cips-churces/img000993.jpg,6,cips-churces
img000567.jpg,cips/cips-churces/img000567.jpg,6,cips-churces
img002280.jpg,cips/cips-churces/img002280.jpg,6,cips-churces
img002245.jpg,cips/cips-churces/img002245.jpg,6,cips-churces
img002551.jpg,cips/cips-churces/img002551.jpg,6,cips-churces
img001865.jpg,cips/cips-churces/img001865.jpg,6,cips-churces
img000867.jpg,cips/cips-churces/img000867.jpg,6,cips-churces
img000153.jpg,cips/cips-churces/img000153.jpg,6,cips-churces
img002042.jpg,cips/cips-churces/img002042.jpg,6,cips-churces
img000134.jpg,cips/cips-churces/img000134.jpg,6,cips-churces
img002640.jpg,cips/cips-churces/img002640.jpg,6,cips-churces
img000603.jpg,cips/cips-churces/img000603.jpg,6,cips-churces
img001601.jpg,cips/cips-churces/img001601.jpg,6,cips-churces
img000667.jpg,cips/cips-churces/img000667.jpg,6,cips-churces
img002239.jpg,cips/cips-churces/img002239.jpg,6,cips-churces
img001912.jpg,cips/cips-churces/img001912.jpg,6,cips-churces
img001677.jpg,cips/cips-churces/img001677.jpg,6,cips-churces
img001573.jpg,cips/cips-churces/img001573.jpg,6,cips-churces
img000116.jpg,cips/cips-churces/img000116.jpg,6,cips-churces
img000486.jpg,cips/cips-churces/img000486.jpg,6,cips-churces
img000960.jpg,cips/cips-churces/img000960.jpg,6,cips-churces
img001628.jpg,cips/cips-churces/img001628.jpg,6,cips-churces
img002385.jpg,cips/cips-churces/img002385.jpg,6,cips-churces
img001739.jpg,cips/cips-churces/img001739.jpg,6,cips-churces
img001776.jpg,cips/cips-churces/img001776.jpg,6,cips-churces
img002475.jpg,cips/cips-churces/img002475.jpg,6,cips-churces
img001644.jpg,cips/cips-churces/img001644.jpg,6,cips-churces
img002314.jpg,cips/cips-churces/img002314.jpg,6,cips-churces
img000462.jpg,cips/cips-churces/img000462.jpg,6,cips-churces
img000668.jpg,cips/cips-churces/img000668.jpg,6,cips-churces
img002295.jpg,cips/cips-churces/img002295.jpg,6,cips-churces
img001597.jpg,cips/cips-churces/img001597.jpg,6,cips-churces
img000347.jpg,cips/cips-churces/img000347.jpg,6,cips-churces
img000877.jpg,cips/cips-churces/img000877.jpg,6,cips-churces
img000848.jpg,cips/cips-churces/img000848.jpg,6,cips-churces
img001909.jpg,cips/cips-churces/img001909.jpg,6,cips-churces
img002331.jpg,cips/cips-churces/img002331.jpg,6,cips-churces
img002464.jpg,cips/cips-churces/img002464.jpg,6,cips-churces
img000542.jpg,cips/cips-churces/img000542.jpg,6,cips-churces
img000274.jpg,cips/cips-churces/img000274.jpg,6,cips-churces
img000614.jpg,cips/cips-churces/img000614.jpg,6,cips-churces
img002398.jpg,cips/cips-churces/img002398.jpg,6,cips-churces
img000645.jpg,cips/cips-churces/img000645.jpg,6,cips-churces
img000234.jpg,cips/cips-churces/img000234.jpg,6,cips-churces
img001296.jpg,cips/cips-churces/img001296.jpg,6,cips-churces
img000448.jpg,cips/cips-churces/img000448.jpg,6,cips-churces
img001532.jpg,cips/cips-churces/img001532.jpg,6,cips-churces
img002209.jpg,cips/cips-churces/img002209.jpg,6,cips-churces
img000638.jpg,cips/cips-churces/img000638.jpg,6,cips-churces
img002204.jpg,cips/cips-churces/img002204.jpg,6,cips-churces
img002702.jpg,cips/cips-churces/img002702.jpg,6,cips-churces
img002478.jpg,cips/cips-churces/img002478.jpg,6,cips-churces
img002695.jpg,cips/cips-churces/img002695.jpg,6,cips-churces
img000540.jpg,cips/cips-churces/img000540.jpg,6,cips-churces
img001669.jpg,cips/cips-churces/img001669.jpg,6,cips-churces
img002521.jpg,cips/cips-churces/img002521.jpg,6,cips-churces
img000332.jpg,cips/cips-churces/img000332.jpg,6,cips-churces
img001536.jpg,cips/cips-churces/img001536.jpg,6,cips-churces
img002477.jpg,cips/cips-churces/img002477.jpg,6,cips-churces
img000984.jpg,cips/cips-churces/img000984.jpg,6,cips-churces
img001398.jpg,cips/cips-churces/img001398.jpg,6,cips-churces
img001938.jpg,cips/cips-churces/img001938.jpg,6,cips-churces
img000802.jpg,cips/cips-churces/img000802.jpg,6,cips-churces
img000756.jpg,cips/cips-churces/img000756.jpg,6,cips-churces
img001144.jpg,cips/cips-churces/img001144.jpg,6,cips-churces
img001441.jpg,cips/cips-churces/img001441.jpg,6,cips-churces
img002221.jpg,cips/cips-churces/img002221.jpg,6,cips-churces
img002350.jpg,cips/cips-churces/img002350.jpg,6,cips-churces
img002765.jpg,cips/cips-churces/img002765.jpg,6,cips-churces
img001103.jpg,cips/cips-churces/img001103.jpg,6,cips-churces
img002056.jpg,cips/cips-churces/img002056.jpg,6,cips-churces
img001068.jpg,cips/cips-churces/img001068.jpg,6,cips-churces
img002015.jpg,cips/cips-churces/img002015.jpg,6,cips-churces
img002382.jpg,cips/cips-churces/img002382.jpg,6,cips-churces
img001370.jpg,cips/cips-churces/img001370.jpg,6,cips-churces
img000354.jpg,cips/cips-churces/img000354.jpg,6,cips-churces
img001987.jpg,cips/cips-churces/img001987.jpg,6,cips-churces
img002025.jpg,cips/cips-churces/img002025.jpg,6,cips-churces
img001850.jpg,cips/cips-churces/img001850.jpg,6,cips-churces
img001999.jpg,cips/cips-churces/img001999.jpg,6,cips-churces
img001994.jpg,cips/cips-churces/img001994.jpg,6,cips-churces
img001891.jpg,cips/cips-churces/img001891.jpg,6,cips-churces
img002472.jpg,cips/cips-churces/img002472.jpg,6,cips-churces
img001608.jpg,cips/cips-churces/img001608.jpg,6,cips-churces
img000657.jpg,cips/cips-churces/img000657.jpg,6,cips-churces
img000990.jpg,cips/cips-churces/img000990.jpg,6,cips-churces
img000602.jpg,cips/cips-churces/img000602.jpg,6,cips-churces
img001280.jpg,cips/cips-churces/img001280.jpg,6,cips-churces
img000907.jpg,cips/cips-churces/img000907.jpg,6,cips-churces
img001375.jpg,cips/cips-churces/img001375.jpg,6,cips-churces
img002364.jpg,cips/cips-churces/img002364.jpg,6,cips-churces
img002152.jpg,cips/cips-churces/img002152.jpg,6,cips-churces
img002133.jpg,cips/cips-churces/img002133.jpg,6,cips-churces
img001561.jpg,cips/cips-churces/img001561.jpg,6,cips-churces
img002259.jpg,cips/cips-churces/img002259.jpg,6,cips-churces
img001631.jpg,cips/cips-churces/img001631.jpg,6,cips-churces
img002601.jpg,cips/cips-churces/img002601.jpg,6,cips-churces
img001015.jpg,cips/cips-churces/img001015.jpg,6,cips-churces
img000938.jpg,cips/cips-churces/img000938.jpg,6,cips-churces
img001246.jpg,cips/cips-churces/img001246.jpg,6,cips-churces
img002437.jpg,cips/cips-churces/img002437.jpg,6,cips-churces
img001887.jpg,cips/cips-churces/img001887.jpg,6,cips-churces
img001837.jpg,cips/cips-churces/img001837.jpg,6,cips-churces
img001155.jpg,cips/cips-churces/img001155.jpg,6,cips-churces
img000059.jpg,cips/cips-churces/img000059.jpg,6,cips-churces
img001069.jpg,cips/cips-churces/img001069.jpg,6,cips-churces
img001084.jpg,cips/cips-churces/img001084.jpg,6,cips-churces
img000719.jpg,cips/cips-churces/img000719.jpg,6,cips-churces
img001299.jpg,cips/cips-churces/img001299.jpg,6,cips-churces
img001535.jpg,cips/cips-churces/img001535.jpg,6,cips-churces
img001318.jpg,cips/cips-churces/img001318.jpg,6,cips-churces
img001935.jpg,cips/cips-churces/img001935.jpg,6,cips-churces
img001663.jpg,cips/cips-churces/img001663.jpg,6,cips-churces
img001115.jpg,cips/cips-churces/img001115.jpg,6,cips-churces
img000446.jpg,cips/cips-churces/img000446.jpg,6,cips-churces
img000996.jpg,cips/cips-churces/img000996.jpg,6,cips-churces
img001242.jpg,cips/cips-churces/img001242.jpg,6,cips-churces
img001109.jpg,cips/cips-churces/img001109.jpg,6,cips-churces
img002687.jpg,cips/cips-churces/img002687.jpg,6,cips-churces
img000981.jpg,cips/cips-churces/img000981.jpg,6,cips-churces
img002224.jpg,cips/cips-churces/img002224.jpg,6,cips-churces
img000708.jpg,cips/cips-churces/img000708.jpg,6,cips-churces
img001995.jpg,cips/cips-churces/img001995.jpg,6,cips-churces
img000231.jpg,cips/cips-churces/img000231.jpg,6,cips-churces
img001546.jpg,cips/cips-churces/img001546.jpg,6,cips-churces
img000148.jpg,cips/cips-churces/img000148.jpg,6,cips-churces
img002017.jpg,cips/cips-churces/img002017.jpg,6,cips-churces
img000510.jpg,cips/cips-churces/img000510.jpg,6,cips-churces
img001086.jpg,cips/cips-churces/img001086.jpg,6,cips-churces
img002052.jpg,cips/cips-churces/img002052.jpg,6,cips-churces
img001380.jpg,cips/cips-churces/img001380.jpg,6,cips-churces
img001218.jpg,cips/cips-churces/img001218.jpg,6,cips-churces
img000596.jpg,cips/cips-churces/img000596.jpg,6,cips-churces
img001867.jpg,cips/cips-churces/img001867.jpg,6,cips-churces
img000495.jpg,cips/cips-churces/img000495.jpg,6,cips-churces
img001188.jpg,cips/cips-churces/img001188.jpg,6,cips-churces
img000038.jpg,cips/cips-churces/img000038.jpg,6,cips-churces
img001819.jpg,cips/cips-churces/img001819.jpg,6,cips-churces
img002070.jpg,cips/cips-churces/img002070.jpg,6,cips-churces
img000611.jpg,cips/cips-churces/img000611.jpg,6,cips-churces
img001348.jpg,cips/cips-churces/img001348.jpg,6,cips-churces
img000286.jpg,cips/cips-churces/img000286.jpg,6,cips-churces
img001077.jpg,cips/cips-churces/img001077.jpg,6,cips-churces
img000342.jpg,cips/cips-churces/img000342.jpg,6,cips-churces
img000524.jpg,cips/cips-churces/img000524.jpg,6,cips-churces
img000476.jpg,cips/cips-churces/img000476.jpg,6,cips-churces
img001478.jpg,cips/cips-churces/img001478.jpg,6,cips-churces
img001051.jpg,cips/cips-churces/img001051.jpg,6,cips-churces
img001679.jpg,cips/cips-churces/img001679.jpg,6,cips-churces
img001164.jpg,cips/cips-churces/img001164.jpg,6,cips-churces
img002190.jpg,cips/cips-churces/img002190.jpg,6,cips-churces
img001471.jpg,cips/cips-churces/img001471.jpg,6,cips-churces
img001406.jpg,cips/cips-churces/img001406.jpg,6,cips-churces
img000769.jpg,cips/cips-churces/img000769.jpg,6,cips-churces
img000029.jpg,cips/cips-churces/img000029.jpg,6,cips-churces
img002141.jpg,cips/cips-churces/img002141.jpg,6,cips-churces
img001319.jpg,cips/cips-churces/img001319.jpg,6,cips-churces
img002430.jpg,cips/cips-churces/img002430.jpg,6,cips-churces
img001410.jpg,cips/cips-churces/img001410.jpg,6,cips-churces
img000324.jpg,cips/cips-churces/img000324.jpg,6,cips-churces
img001661.jpg,cips/cips-churces/img001661.jpg,6,cips-churces
img001292.jpg,cips/cips-churces/img001292.jpg,6,cips-churces
img000199.jpg,cips/cips-churces/img000199.jpg,6,cips-churces
img000215.jpg,cips/cips-churces/img000215.jpg,6,cips-churces
img001894.jpg,cips/cips-churces/img001894.jpg,6,cips-churces
img002156.jpg,cips/cips-churces/img002156.jpg,6,cips-churces
img001981.jpg,cips/cips-churces/img001981.jpg,6,cips-churces
img002003.jpg,cips/cips-churces/img002003.jpg,6,cips-churces
img002181.jpg,cips/cips-churces/img002181.jpg,6,cips-churces
img001692.jpg,cips/cips-churces/img001692.jpg,6,cips-churces
img001281.jpg,cips/cips-churces/img001281.jpg,6,cips-churces
img001125.jpg,cips/cips-churces/img001125.jpg,6,cips-churces
img001993.jpg,cips/cips-churces/img001993.jpg,6,cips-churces
img001974.jpg,cips/cips-churces/img001974.jpg,6,cips-churces
img002620.jpg,cips/cips-churces/img002620.jpg,6,cips-churces
img000833.jpg,cips/cips-churces/img000833.jpg,6,cips-churces
img001813.jpg,cips/cips-churces/img001813.jpg,6,cips-churces
img001444.jpg,cips/cips-churces/img001444.jpg,6,cips-churces
img002630.jpg,cips/cips-churces/img002630.jpg,6,cips-churces
img000672.jpg,cips/cips-churces/img000672.jpg,6,cips-churces
img000644.jpg,cips/cips-churces/img000644.jpg,6,cips-churces
img002665.jpg,cips/cips-churces/img002665.jpg,6,cips-churces
img001087.jpg,cips/cips-churces/img001087.jpg,6,cips-churces
img000694.jpg,cips/cips-churces/img000694.jpg,6,cips-churces
img000980.jpg,cips/cips-churces/img000980.jpg,6,cips-churces
img000123.jpg,cips/cips-churces/img000123.jpg,6,cips-churces
img000277.jpg,cips/cips-churces/img000277.jpg,6,cips-churces
img002525.jpg,cips/cips-churces/img002525.jpg,6,cips-churces
img002225.jpg,cips/cips-churces/img002225.jpg,6,cips-churces
img000576.jpg,cips/cips-churces/img000576.jpg,6,cips-churces
img000151.jpg,cips/cips-churces/img000151.jpg,6,cips-churces
img002291.jpg,cips/cips-churces/img002291.jpg,6,cips-churces
img001467.jpg,cips/cips-churces/img001467.jpg,6,cips-churces
img002142.jpg,cips/cips-churces/img002142.jpg,6,cips-churces
img001900.jpg,cips/cips-churces/img001900.jpg,6,cips-churces
img001024.jpg,cips/cips-churces/img001024.jpg,6,cips-churces
img001889.jpg,cips/cips-churces/img001889.jpg,6,cips-churces
img002504.jpg,cips/cips-churces/img002504.jpg,6,cips-churces
img001682.jpg,cips/cips-churces/img001682.jpg,6,cips-churces
img002305.jpg,cips/cips-churces/img002305.jpg,6,cips-churces
img001399.jpg,cips/cips-churces/img001399.jpg,6,cips-churces
img002545.jpg,cips/cips-churces/img002545.jpg,6,cips-churces
img001554.jpg,cips/cips-churces/img001554.jpg,6,cips-churces
img000157.jpg,cips/cips-churces/img000157.jpg,6,cips-churces
img001634.jpg,cips/cips-churces/img001634.jpg,6,cips-churces
img000999.jpg,cips/cips-churces/img000999.jpg,6,cips-churces
img000397.jpg,cips/cips-churces/img000397.jpg,6,cips-churces
img001509.jpg,cips/cips-churces/img001509.jpg,6,cips-churces
img002461.jpg,cips/cips-churces/img002461.jpg,6,cips-churces
img000392.jpg,cips/cips-churces/img000392.jpg,6,cips-churces
img000348.jpg,cips/cips-churces/img000348.jpg,6,cips-churces
img001545.jpg,cips/cips-churces/img001545.jpg,6,cips-churces
img002510.jpg,cips/cips-churces/img002510.jpg,6,cips-churces
img001815.jpg,cips/cips-churces/img001815.jpg,6,cips-churces
img001567.jpg,cips/cips-churces/img001567.jpg,6,cips-churces
img001709.jpg,cips/cips-churces/img001709.jpg,6,cips-churces
img002012.jpg,cips/cips-churces/img002012.jpg,6,cips-churces
img002060.jpg,cips/cips-churces/img002060.jpg,6,cips-churces
img001184.jpg,cips/cips-churces/img001184.jpg,6,cips-churces
img001138.jpg,cips/cips-churces/img001138.jpg,6,cips-churces
img000884.jpg,cips/cips-churces/img000884.jpg,6,cips-churces
img002751.jpg,cips/cips-churces/img002751.jpg,6,cips-churces
img002526.jpg,cips/cips-churces/img002526.jpg,6,cips-churces
img000053.jpg,cips/cips-churces/img000053.jpg,6,cips-churces
img001703.jpg,cips/cips-churces/img001703.jpg,6,cips-churces
img001667.jpg,cips/cips-churces/img001667.jpg,6,cips-churces
img000063.jpg,cips/cips-churces/img000063.jpg,6,cips-churces
img000937.jpg,cips/cips-churces/img000937.jpg,6,cips-churces
img002585.jpg,cips/cips-churces/img002585.jpg,6,cips-churces
img002429.jpg,cips/cips-churces/img002429.jpg,6,cips-churces
img000532.jpg,cips/cips-churces/img000532.jpg,6,cips-churces
img001882.jpg,cips/cips-churces/img001882.jpg,6,cips-churces
img001990.jpg,cips/cips-churces/img001990.jpg,6,cips-churces
img000870.jpg,cips/cips-churces/img000870.jpg,6,cips-churces
img001386.jpg,cips/cips-churces/img001386.jpg,6,cips-churces
img001451.jpg,cips/cips-churces/img001451.jpg,6,cips-churces
img002747.jpg,cips/cips-churces/img002747.jpg,6,cips-churces
img001151.jpg,cips/cips-churces/img001151.jpg,6,cips-churces
img002086.jpg,cips/cips-churces/img002086.jpg,6,cips-churces
img000715.jpg,cips/cips-churces/img000715.jpg,6,cips-churces
img000791.jpg,cips/cips-churces/img000791.jpg,6,cips-churces
img002391.jpg,cips/cips-churces/img002391.jpg,6,cips-churces
img000073.jpg,cips/cips-churces/img000073.jpg,6,cips-churces
img001920.jpg,cips/cips-churces/img001920.jpg,6,cips-churces
img000570.jpg,cips/cips-churces/img000570.jpg,6,cips-churces
img002093.jpg,cips/cips-churces/img002093.jpg,6,cips-churces
img000702.jpg,cips/cips-churces/img000702.jpg,6,cips-churces
img000051.jpg,cips/cips-churces/img000051.jpg,6,cips-churces
img002743.jpg,cips/cips-churces/img002743.jpg,6,cips-churces
img002169.jpg,cips/cips-churces/img002169.jpg,6,cips-churces
img002420.jpg,cips/cips-churces/img002420.jpg,6,cips-churces
img000920.jpg,cips/cips-churces/img000920.jpg,6,cips-churces
img001698.jpg,cips/cips-churces/img001698.jpg,6,cips-churces
img001030.jpg,cips/cips-churces/img001030.jpg,6,cips-churces
img000162.jpg,cips/cips-churces/img000162.jpg,6,cips-churces
img002292.jpg,cips/cips-churces/img002292.jpg,6,cips-churces
img001851.jpg,cips/cips-churces/img001851.jpg,6,cips-churces
img001492.jpg,cips/cips-churces/img001492.jpg,6,cips-churces
img001888.jpg,cips/cips-churces/img001888.jpg,6,cips-churces
img001111.jpg,cips/cips-churces/img001111.jpg,6,cips-churces
img000806.jpg,cips/cips-churces/img000806.jpg,6,cips-churces
img002757.jpg,cips/cips-churces/img002757.jpg,6,cips-churces
img000779.jpg,cips/cips-churces/img000779.jpg,6,cips-churces
img002045.jpg,cips/cips-churces/img002045.jpg,6,cips-churces
img001075.jpg,cips/cips-churces/img001075.jpg,6,cips-churces
img002443.jpg,cips/cips-churces/img002443.jpg,6,cips-churces
img001614.jpg,cips/cips-churces/img001614.jpg,6,cips-churces
img002438.jpg,cips/cips-churces/img002438.jpg,6,cips-churces
img002296.jpg,cips/cips-churces/img002296.jpg,6,cips-churces
img001440.jpg,cips/cips-churces/img001440.jpg,6,cips-churces
img000325.jpg,cips/cips-churces/img000325.jpg,6,cips-churces
img002488.jpg,cips/cips-churces/img002488.jpg,6,cips-churces
img001855.jpg,cips/cips-churces/img001855.jpg,6,cips-churces
img000780.jpg,cips/cips-churces/img000780.jpg,6,cips-churces
img002530.jpg,cips/cips-churces/img002530.jpg,6,cips-churces
img001134.jpg,cips/cips-churces/img001134.jpg,6,cips-churces
img000374.jpg,cips/cips-churces/img000374.jpg,6,cips-churces
img000056.jpg,cips/cips-churces/img000056.jpg,6,cips-churces
img001588.jpg,cips/cips-churces/img001588.jpg,6,cips-churces
img001297.jpg,cips/cips-churces/img001297.jpg,6,cips-churces
img000146.jpg,cips/cips-churces/img000146.jpg,6,cips-churces
img002763.jpg,cips/cips-churces/img002763.jpg,6,cips-churces
img000456.jpg,cips/cips-churces/img000456.jpg,6,cips-churces
img002705.jpg,cips/cips-churces/img002705.jpg,6,cips-churces
img002101.jpg,cips/cips-churces/img002101.jpg,6,cips-churces
img000957.jpg,cips/cips-churces/img000957.jpg,6,cips-churces
img000894.jpg,cips/cips-churces/img000894.jpg,6,cips-churces
img001922.jpg,cips/cips-churces/img001922.jpg,6,cips-churces
img000842.jpg,cips/cips-churces/img000842.jpg,6,cips-churces
img000678.jpg,cips/cips-churces/img000678.jpg,6,cips-churces
img001123.jpg,cips/cips-churces/img001123.jpg,6,cips-churces
img000624.jpg,cips/cips-churces/img000624.jpg,6,cips-churces
img001777.jpg,cips/cips-churces/img001777.jpg,6,cips-churces
img002392.jpg,cips/cips-churces/img002392.jpg,6,cips-churces
img002468.jpg,cips/cips-churces/img002468.jpg,6,cips-churces
img001227.jpg,cips/cips-churces/img001227.jpg,6,cips-churces
img000743.jpg,cips/cips-churces/img000743.jpg,6,cips-churces
img001042.jpg,cips/cips-churces/img001042.jpg,6,cips-churces
img000846.jpg,cips/cips-churces/img000846.jpg,6,cips-churces
img000809.jpg,cips/cips-churces/img000809.jpg,6,cips-churces
img002256.jpg,cips/cips-churces/img002256.jpg,6,cips-churces
img000263.jpg,cips/cips-churces/img000263.jpg,6,cips-churces
img000103.jpg,cips/cips-churces/img000103.jpg,6,cips-churces
img000928.jpg,cips/cips-churces/img000928.jpg,6,cips-churces
img001827.jpg,cips/cips-churces/img001827.jpg,6,cips-churces
img002719.jpg,cips/cips-churces/img002719.jpg,6,cips-churces
img002202.jpg,cips/cips-churces/img002202.jpg,6,cips-churces
img000610.jpg,cips/cips-churces/img000610.jpg,6,cips-churces
img002571.jpg,cips/cips-churces/img002571.jpg,6,cips-churces
img000418.jpg,cips/cips-churces/img000418.jpg,6,cips-churces
img001358.jpg,cips/cips-churces/img001358.jpg,6,cips-churces
img000034.jpg,cips/cips-churces/img000034.jpg,6,cips-churces
img000360.jpg,cips/cips-churces/img000360.jpg,6,cips-churces
img001538.jpg,cips/cips-churces/img001538.jpg,6,cips-churces
img002789.jpg,cips/cips-churces/img002789.jpg,6,cips-churces
img000432.jpg,cips/cips-churces/img000432.jpg,6,cips-churces
img001800.jpg,cips/cips-churces/img001800.jpg,6,cips-churces
img000211.jpg,cips/cips-churces/img000211.jpg,6,cips-churces
img001433.jpg,cips/cips-churces/img001433.jpg,6,cips-churces
img001772.jpg,cips/cips-churces/img001772.jpg,6,cips-churces
img002522.jpg,cips/cips-churces/img002522.jpg,6,cips-churces
img001505.jpg,cips/cips-churces/img001505.jpg,6,cips-churces
img002342.jpg,cips/cips-churces/img002342.jpg,6,cips-churces
img001028.jpg,cips/cips-churces/img001028.jpg,6,cips-churces
img001854.jpg,cips/cips-churces/img001854.jpg,6,cips-churces
img001684.jpg,cips/cips-churces/img001684.jpg,6,cips-churces
img000127.jpg,cips/cips-churces/img000127.jpg,6,cips-churces
img000860.jpg,cips/cips-churces/img000860.jpg,6,cips-churces
img001808.jpg,cips/cips-churces/img001808.jpg,6,cips-churces
img002091.jpg,cips/cips-churces/img002091.jpg,6,cips-churces
img001747.jpg,cips/cips-churces/img001747.jpg,6,cips-churces
img002592.jpg,cips/cips-churces/img002592.jpg,6,cips-churces
img000866.jpg,cips/cips-churces/img000866.jpg,6,cips-churces
img000910.jpg,cips/cips-churces/img000910.jpg,6,cips-churces
img001700.jpg,cips/cips-churces/img001700.jpg,6,cips-churces
img002561.jpg,cips/cips-churces/img002561.jpg,6,cips-churces
img002405.jpg,cips/cips-churces/img002405.jpg,6,cips-churces
img001957.jpg,cips/cips-churces/img001957.jpg,6,cips-churces
img001189.jpg,cips/cips-churces/img001189.jpg,6,cips-churces
img002050.jpg,cips/cips-churces/img002050.jpg,6,cips-churces
img000287.jpg,cips/cips-churces/img000287.jpg,6,cips-churces
img001356.jpg,cips/cips-churces/img001356.jpg,6,cips-churces
img000156.jpg,cips/cips-churces/img000156.jpg,6,cips-churces
img001806.jpg,cips/cips-churces/img001806.jpg,6,cips-churces
img001107.jpg,cips/cips-churces/img001107.jpg,6,cips-churces
img000166.jpg,cips/cips-churces/img000166.jpg,6,cips-churces
img002054.jpg,cips/cips-churces/img002054.jpg,6,cips-churces
img001691.jpg,cips/cips-churces/img001691.jpg,6,cips-churces
img000302.jpg,cips/cips-churces/img000302.jpg,6,cips-churces
img000824.jpg,cips/cips-churces/img000824.jpg,6,cips-churces
img000031.jpg,cips/cips-churces/img000031.jpg,6,cips-churces
img002759.jpg,cips/cips-churces/img002759.jpg,6,cips-churces
img001186.jpg,cips/cips-churces/img001186.jpg,6,cips-churces
img000048.jpg,cips/cips-churces/img000048.jpg,6,cips-churces
img002487.jpg,cips/cips-churces/img002487.jpg,6,cips-churces
img001447.jpg,cips/cips-churces/img001447.jpg,6,cips-churces
img002182.jpg,cips/cips-churces/img002182.jpg,6,cips-churces
img000727.jpg,cips/cips-churces/img000727.jpg,6,cips-churces
img000439.jpg,cips/cips-churces/img000439.jpg,6,cips-churces
img000180.jpg,cips/cips-churces/img000180.jpg,6,cips-churces
img002085.jpg,cips/cips-churces/img002085.jpg,6,cips-churces
img002163.jpg,cips/cips-churces/img002163.jpg,6,cips-churces
img001432.jpg,cips/cips-churces/img001432.jpg,6,cips-churces
img002713.jpg,cips/cips-churces/img002713.jpg,6,cips-churces
img001905.jpg,cips/cips-churces/img001905.jpg,6,cips-churces
img000417.jpg,cips/cips-churces/img000417.jpg,6,cips-churces
img002579.jpg,cips/cips-churces/img002579.jpg,6,cips-churces
img000988.jpg,cips/cips-churces/img000988.jpg,6,cips-churces
img000380.jpg,cips/cips-churces/img000380.jpg,6,cips-churces
img001055.jpg,cips/cips-churces/img001055.jpg,6,cips-churces
img002005.jpg,cips/cips-churces/img002005.jpg,6,cips-churces
img000013.jpg,cips/cips-churces/img000013.jpg,6,cips-churces
img000933.jpg,cips/cips-churces/img000933.jpg,6,cips-churces
img000480.jpg,cips/cips-churces/img000480.jpg,6,cips-churces
img002399.jpg,cips/cips-churces/img002399.jpg,6,cips-churces
img000502.jpg,cips/cips-churces/img000502.jpg,6,cips-churces
img001991.jpg,cips/cips-churces/img001991.jpg,6,cips-churces
img002197.jpg,cips/cips-churces/img002197.jpg,6,cips-churces
img001270.jpg,cips/cips-churces/img001270.jpg,6,cips-churces
img001688.jpg,cips/cips-churces/img001688.jpg,6,cips-churces
img000651.jpg,cips/cips-churces/img000651.jpg,6,cips-churces
img001959.jpg,cips/cips-churces/img001959.jpg,6,cips-churces
img002339.jpg,cips/cips-churces/img002339.jpg,6,cips-churces
img000070.jpg,cips/cips-churces/img000070.jpg,6,cips-churces
img001760.jpg,cips/cips-churces/img001760.jpg,6,cips-churces
img002349.jpg,cips/cips-churces/img002349.jpg,6,cips-churces
img001344.jpg,cips/cips-churces/img001344.jpg,6,cips-churces
img001556.jpg,cips/cips-churces/img001556.jpg,6,cips-churces
img001809.jpg,cips/cips-churces/img001809.jpg,6,cips-churces
img001459.jpg,cips/cips-churces/img001459.jpg,6,cips-churces
img002094.jpg,cips/cips-churces/img002094.jpg,6,cips-churces
img000674.jpg,cips/cips-churces/img000674.jpg,6,cips-churces
img002348.jpg,cips/cips-churces/img002348.jpg,6,cips-churces
img002650.jpg,cips/cips-churces/img002650.jpg,6,cips-churces
img000813.jpg,cips/cips-churces/img000813.jpg,6,cips-churces
img001488.jpg,cips/cips-churces/img001488.jpg,6,cips-churces
img002067.jpg,cips/cips-churces/img002067.jpg,6,cips-churces
img001623.jpg,cips/cips-churces/img001623.jpg,6,cips-churces
img000764.jpg,cips/cips-churces/img000764.jpg,6,cips-churces
img002732.jpg,cips/cips-churces/img002732.jpg,6,cips-churces
img000222.jpg,cips/cips-churces/img000222.jpg,6,cips-churces
img001457.jpg,cips/cips-churces/img001457.jpg,6,cips-churces
img002244.jpg,cips/cips-churces/img002244.jpg,6,cips-churces
img001493.jpg,cips/cips-churces/img001493.jpg,6,cips-churces
img001816.jpg,cips/cips-churces/img001816.jpg,6,cips-churces
img002324.jpg,cips/cips-churces/img002324.jpg,6,cips-churces
img002431.jpg,cips/cips-churces/img002431.jpg,6,cips-churces
img000704.jpg,cips/cips-churces/img000704.jpg,6,cips-churces
img001236.jpg,cips/cips-churces/img001236.jpg,6,cips-churces
img002191.jpg,cips/cips-churces/img002191.jpg,6,cips-churces
img001311.jpg,cips/cips-churces/img001311.jpg,6,cips-churces
img001643.jpg,cips/cips-churces/img001643.jpg,6,cips-churces
img001274.jpg,cips/cips-churces/img001274.jpg,6,cips-churces
img000018.jpg,cips/cips-churces/img000018.jpg,6,cips-churces
img002731.jpg,cips/cips-churces/img002731.jpg,6,cips-churces
img001207.jpg,cips/cips-churces/img001207.jpg,6,cips-churces
img002792.jpg,cips/cips-churces/img002792.jpg,6,cips-churces
img000770.jpg,cips/cips-churces/img000770.jpg,6,cips-churces
img002155.jpg,cips/cips-churces/img002155.jpg,6,cips-churces
img000857.jpg,cips/cips-churces/img000857.jpg,6,cips-churces
img000175.jpg,cips/cips-churces/img000175.jpg,6,cips-churces
img000248.jpg,cips/cips-churces/img000248.jpg,6,cips-churces
img000659.jpg,cips/cips-churces/img000659.jpg,6,cips-churces
img000115.jpg,cips/cips-churces/img000115.jpg,6,cips-churces
img001040.jpg,cips/cips-churces/img001040.jpg,6,cips-churces
img000605.jpg,cips/cips-churces/img000605.jpg,6,cips-churces
img001696.jpg,cips/cips-churces/img001696.jpg,6,cips-churces
img001083.jpg,cips/cips-churces/img001083.jpg,6,cips-churces
img001413.jpg,cips/cips-churces/img001413.jpg,6,cips-churces
img000890.jpg,cips/cips-churces/img000890.jpg,6,cips-churces
img002425.jpg,cips/cips-churces/img002425.jpg,6,cips-churces
img000107.jpg,cips/cips-churces/img000107.jpg,6,cips-churces
img002435.jpg,cips/cips-churces/img002435.jpg,6,cips-churces
img002092.jpg,cips/cips-churces/img002092.jpg,6,cips-churces
img000839.jpg,cips/cips-churces/img000839.jpg,6,cips-churces
img001869.jpg,cips/cips-churces/img001869.jpg,6,cips-churces
img002097.jpg,cips/cips-churces/img002097.jpg,6,cips-churces
img002493.jpg,cips/cips-churces/img002493.jpg,6,cips-churces
img001453.jpg,cips/cips-churces/img001453.jpg,6,cips-churces
img000066.jpg,cips/cips-churces/img000066.jpg,6,cips-churces
img001129.jpg,cips/cips-churces/img001129.jpg,6,cips-churces
img002770.jpg,cips/cips-churces/img002770.jpg,6,cips-churces
img001271.jpg,cips/cips-churces/img001271.jpg,6,cips-churces
img000243.jpg,cips/cips-churces/img000243.jpg,6,cips-churces
img000711.jpg,cips/cips-churces/img000711.jpg,6,cips-churces
img002598.jpg,cips/cips-churces/img002598.jpg,6,cips-churces
img001807.jpg,cips/cips-churces/img001807.jpg,6,cips-churces
img000716.jpg,cips/cips-churces/img000716.jpg,6,cips-churces
img000458.jpg,cips/cips-churces/img000458.jpg,6,cips-churces
img001651.jpg,cips/cips-churces/img001651.jpg,6,cips-churces
img002034.jpg,cips/cips-churces/img002034.jpg,6,cips-churces
img002540.jpg,cips/cips-churces/img002540.jpg,6,cips-churces
img000203.jpg,cips/cips-churces/img000203.jpg,6,cips-churces
img001417.jpg,cips/cips-churces/img001417.jpg,6,cips-churces
img001618.jpg,cips/cips-churces/img001618.jpg,6,cips-churces
img002776.jpg,cips/cips-churces/img002776.jpg,6,cips-churces
img000049.jpg,cips/cips-churces/img000049.jpg,6,cips-churces
img000731.jpg,cips/cips-churces/img000731.jpg,6,cips-churces
img001114.jpg,cips/cips-churces/img001114.jpg,6,cips-churces
img001778.jpg,cips/cips-churces/img001778.jpg,6,cips-churces
img001477.jpg,cips/cips-churces/img001477.jpg,6,cips-churces
img000987.jpg,cips/cips-churces/img000987.jpg,6,cips-churces
img002031.jpg,cips/cips-churces/img002031.jpg,6,cips-churces
img000267.jpg,cips/cips-churces/img000267.jpg,6,cips-churces
img000728.jpg,cips/cips-churces/img000728.jpg,6,cips-churces
img002778.jpg,cips/cips-churces/img002778.jpg,6,cips-churces
img002359.jpg,cips/cips-churces/img002359.jpg,6,cips-churces
img001158.jpg,cips/cips-churces/img001158.jpg,6,cips-churces
img002677.jpg,cips/cips-churces/img002677.jpg,6,cips-churces
img000442.jpg,cips/cips-churces/img000442.jpg,6,cips-churces
img000533.jpg,cips/cips-churces/img000533.jpg,6,cips-churces
img000636.jpg,cips/cips-churces/img000636.jpg,6,cips-churces
img001996.jpg,cips/cips-churces/img001996.jpg,6,cips-churces
img000140.jpg,cips/cips-churces/img000140.jpg,6,cips-churces
img001818.jpg,cips/cips-churces/img001818.jpg,6,cips-churces
img000825.jpg,cips/cips-churces/img000825.jpg,6,cips-churces
img002619.jpg,cips/cips-churces/img002619.jpg,6,cips-churces
img001337.jpg,cips/cips-churces/img001337.jpg,6,cips-churces
img002505.jpg,cips/cips-churces/img002505.jpg,6,cips-churces
img000225.jpg,cips/cips-churces/img000225.jpg,6,cips-churces
img002567.jpg,cips/cips-churces/img002567.jpg,6,cips-churces
img001062.jpg,cips/cips-churces/img001062.jpg,6,cips-churces
img000594.jpg,cips/cips-churces/img000594.jpg,6,cips-churces
img001716.jpg,cips/cips-churces/img001716.jpg,6,cips-churces
img000188.jpg,cips/cips-churces/img000188.jpg,6,cips-churces
img001195.jpg,cips/cips-churces/img001195.jpg,6,cips-churces
img000366.jpg,cips/cips-churces/img000366.jpg,6,cips-churces
img002122.jpg,cips/cips-churces/img002122.jpg,6,cips-churces
img001946.jpg,cips/cips-churces/img001946.jpg,6,cips-churces
img000006.jpg,cips/cips-churces/img000006.jpg,6,cips-churces
img000026.jpg,cips/cips-churces/img000026.jpg,6,cips-churces
img001231.jpg,cips/cips-churces/img001231.jpg,6,cips-churces
img000095.jpg,cips/cips-churces/img000095.jpg,6,cips-churces
img000414.jpg,cips/cips-churces/img000414.jpg,6,cips-churces
img002596.jpg,cips/cips-churces/img002596.jpg,6,cips-churces
img000364.jpg,cips/cips-churces/img000364.jpg,6,cips-churces
img000663.jpg,cips/cips-churces/img000663.jpg,6,cips-churces
img002298.jpg,cips/cips-churces/img002298.jpg,6,cips-churces
img001463.jpg,cips/cips-churces/img001463.jpg,6,cips-churces
img000564.jpg,cips/cips-churces/img000564.jpg,6,cips-churces
img000396.jpg,cips/cips-churces/img000396.jpg,6,cips-churces
img002767.jpg,cips/cips-churces/img002767.jpg,6,cips-churces
img000099.jpg,cips/cips-churces/img000099.jpg,6,cips-churces
img002318.jpg,cips/cips-churces/img002318.jpg,6,cips-churces
img000520.jpg,cips/cips-churces/img000520.jpg,6,cips-churces
img002059.jpg,cips/cips-churces/img002059.jpg,6,cips-churces
img002434.jpg,cips/cips-churces/img002434.jpg,6,cips-churces
img001014.jpg,cips/cips-churces/img001014.jpg,6,cips-churces
img001466.jpg,cips/cips-churces/img001466.jpg,6,cips-churces
img000069.jpg,cips/cips-churces/img000069.jpg,6,cips-churces
img001671.jpg,cips/cips-churces/img001671.jpg,6,cips-churces
img001633.jpg,cips/cips-churces/img001633.jpg,6,cips-churces
img001473.jpg,cips/cips-churces/img001473.jpg,6,cips-churces
img002553.jpg,cips/cips-churces/img002553.jpg,6,cips-churces
img000849.jpg,cips/cips-churces/img000849.jpg,6,cips-churces
img001208.jpg,cips/cips-churces/img001208.jpg,6,cips-churces
img001168.jpg,cips/cips-churces/img001168.jpg,6,cips-churces
img002065.jpg,cips/cips-churces/img002065.jpg,6,cips-churces
img001656.jpg,cips/cips-churces/img001656.jpg,6,cips-churces
img001609.jpg,cips/cips-churces/img001609.jpg,6,cips-churces
img002669.jpg,cips/cips-churces/img002669.jpg,6,cips-churces
img000035.jpg,cips/cips-churces/img000035.jpg,6,cips-churces
img002660.jpg,cips/cips-churces/img002660.jpg,6,cips-churces
img000251.jpg,cips/cips-churces/img000251.jpg,6,cips-churces
img000723.jpg,cips/cips-churces/img000723.jpg,6,cips-churces
img000747.jpg,cips/cips-churces/img000747.jpg,6,cips-churces
img000394.jpg,cips/cips-churces/img000394.jpg,6,cips-churces
img000654.jpg,cips/cips-churces/img000654.jpg,6,cips-churces
img002306.jpg,cips/cips-churces/img002306.jpg,6,cips-churces
img002327.jpg,cips/cips-churces/img002327.jpg,6,cips-churces
img001257.jpg,cips/cips-churces/img001257.jpg,6,cips-churces
img000966.jpg,cips/cips-churces/img000966.jpg,6,cips-churces
img002128.jpg,cips/cips-churces/img002128.jpg,6,cips-churces
img001431.jpg,cips/cips-churces/img001431.jpg,6,cips-churces
img000272.jpg,cips/cips-churces/img000272.jpg,6,cips-churces
img000946.jpg,cips/cips-churces/img000946.jpg,6,cips-churces
img000139.jpg,cips/cips-churces/img000139.jpg,6,cips-churces
img000145.jpg,cips/cips-churces/img000145.jpg,6,cips-churces
img000475.jpg,cips/cips-churces/img000475.jpg,6,cips-churces
img001229.jpg,cips/cips-churces/img001229.jpg,6,cips-churces
img001600.jpg,cips/cips-churces/img001600.jpg,6,cips-churces
img002427.jpg,cips/cips-churces/img002427.jpg,6,cips-churces
img001796.jpg,cips/cips-churces/img001796.jpg,6,cips-churces
img002725.jpg,cips/cips-churces/img002725.jpg,6,cips-churces
img002543.jpg,cips/cips-churces/img002543.jpg,6,cips-churces
img001214.jpg,cips/cips-churces/img001214.jpg,6,cips-churces
img001130.jpg,cips/cips-churces/img001130.jpg,6,cips-churces
img001043.jpg,cips/cips-churces/img001043.jpg,6,cips-churces
img002739.jpg,cips/cips-churces/img002739.jpg,6,cips-churces
img001923.jpg,cips/cips-churces/img001923.jpg,6,cips-churces
img001192.jpg,cips/cips-churces/img001192.jpg,6,cips-churces
img001866.jpg,cips/cips-churces/img001866.jpg,6,cips-churces
img001059.jpg,cips/cips-churces/img001059.jpg,6,cips-churces
img002335.jpg,cips/cips-churces/img002335.jpg,6,cips-churces
img000453.jpg,cips/cips-churces/img000453.jpg,6,cips-churces
img000629.jpg,cips/cips-churces/img000629.jpg,6,cips-churces
img000312.jpg,cips/cips-churces/img000312.jpg,6,cips-churces
img002186.jpg,cips/cips-churces/img002186.jpg,6,cips-churces
img001771.jpg,cips/cips-churces/img001771.jpg,6,cips-churces
img002167.jpg,cips/cips-churces/img002167.jpg,6,cips-churces
img002301.jpg,cips/cips-churces/img002301.jpg,6,cips-churces
img000001.jpg,cips/cips-churces/img000001.jpg,6,cips-churces
img000335.jpg,cips/cips-churces/img000335.jpg,6,cips-churces
img002066.jpg,cips/cips-churces/img002066.jpg,6,cips-churces
img001988.jpg,cips/cips-churces/img001988.jpg,6,cips-churces
img000676.jpg,cips/cips-churces/img000676.jpg,6,cips-churces
img001836.jpg,cips/cips-churces/img001836.jpg,6,cips-churces
img000682.jpg,cips/cips-churces/img000682.jpg,6,cips-churces
img000003.jpg,cips/cips-churces/img000003.jpg,6,cips-churces
img002079.jpg,cips/cips-churces/img002079.jpg,6,cips-churces
img001687.jpg,cips/cips-churces/img001687.jpg,6,cips-churces
img000403.jpg,cips/cips-churces/img000403.jpg,6,cips-churces
img001341.jpg,cips/cips-churces/img001341.jpg,6,cips-churces
img000771.jpg,cips/cips-churces/img000771.jpg,6,cips-churces
img002672.jpg,cips/cips-churces/img002672.jpg,6,cips-churces
img002604.jpg,cips/cips-churces/img002604.jpg,6,cips-churces
img000161.jpg,cips/cips-churces/img000161.jpg,6,cips-churces
img001641.jpg,cips/cips-churces/img001641.jpg,6,cips-churces
img000738.jpg,cips/cips-churces/img000738.jpg,6,cips-churces
img002144.jpg,cips/cips-churces/img002144.jpg,6,cips-churces
img000819.jpg,cips/cips-churces/img000819.jpg,6,cips-churces
img000367.jpg,cips/cips-churces/img000367.jpg,6,cips-churces
img000371.jpg,cips/cips-churces/img000371.jpg,6,cips-churces
img000138.jpg,cips/cips-churces/img000138.jpg,6,cips-churces
img001624.jpg,cips/cips-churces/img001624.jpg,6,cips-churces
img000255.jpg,cips/cips-churces/img000255.jpg,6,cips-churces
img000563.jpg,cips/cips-churces/img000563.jpg,6,cips-churces
img001482.jpg,cips/cips-churces/img001482.jpg,6,cips-churces
img001686.jpg,cips/cips-churces/img001686.jpg,6,cips-churces
img000328.jpg,cips/cips-churces/img000328.jpg,6,cips-churces
img001833.jpg,cips/cips-churces/img001833.jpg,6,cips-churces
img000632.jpg,cips/cips-churces/img000632.jpg,6,cips-churces
img000868.jpg,cips/cips-churces/img000868.jpg,6,cips-churces
img002220.jpg,cips/cips-churces/img002220.jpg,6,cips-churces
img000619.jpg,cips/cips-churces/img000619.jpg,6,cips-churces
img000936.jpg,cips/cips-churces/img000936.jpg,6,cips-churces
img000213.jpg,cips/cips-churces/img000213.jpg,6,cips-churces
img001256.jpg,cips/cips-churces/img001256.jpg,6,cips-churces
img001067.jpg,cips/cips-churces/img001067.jpg,6,cips-churces
img002445.jpg,cips/cips-churces/img002445.jpg,6,cips-churces
img002536.jpg,cips/cips-churces/img002536.jpg,6,cips-churces
img001230.jpg,cips/cips-churces/img001230.jpg,6,cips-churces
img000947.jpg,cips/cips-churces/img000947.jpg,6,cips-churces
img002121.jpg,cips/cips-churces/img002121.jpg,6,cips-churces
img002146.jpg,cips/cips-churces/img002146.jpg,6,cips-churces
img000912.jpg,cips/cips-churces/img000912.jpg,6,cips-churces
img001590.jpg,cips/cips-churces/img001590.jpg,6,cips-churces
img001316.jpg,cips/cips-churces/img001316.jpg,6,cips-churces
img000137.jpg,cips/cips-churces/img000137.jpg,6,cips-churces
img000515.jpg,cips/cips-churces/img000515.jpg,6,cips-churces
img000971.jpg,cips/cips-churces/img000971.jpg,6,cips-churces
img002524.jpg,cips/cips-churces/img002524.jpg,6,cips-churces
img002307.jpg,cips/cips-churces/img002307.jpg,6,cips-churces
img000052.jpg,cips/cips-churces/img000052.jpg,6,cips-churces
img001120.jpg,cips/cips-churces/img001120.jpg,6,cips-churces
img001175.jpg,cips/cips-churces/img001175.jpg,6,cips-churces
img000467.jpg,cips/cips-churces/img000467.jpg,6,cips-churces
img002771.jpg,cips/cips-churces/img002771.jpg,6,cips-churces
img002020.jpg,cips/cips-churces/img002020.jpg,6,cips-churces
img001589.jpg,cips/cips-churces/img001589.jpg,6,cips-churces
img002043.jpg,cips/cips-churces/img002043.jpg,6,cips-churces
img000024.jpg,cips/cips-churces/img000024.jpg,6,cips-churces
img000119.jpg,cips/cips-churces/img000119.jpg,6,cips-churces
img000577.jpg,cips/cips-churces/img000577.jpg,6,cips-churces
img002332.jpg,cips/cips-churces/img002332.jpg,6,cips-churces
img000641.jpg,cips/cips-churces/img000641.jpg,6,cips-churces
img001552.jpg,cips/cips-churces/img001552.jpg,6,cips-churces
img002426.jpg,cips/cips-churces/img002426.jpg,6,cips-churces
img001915.jpg,cips/cips-churces/img001915.jpg,6,cips-churces
img001409.jpg,cips/cips-churces/img001409.jpg,6,cips-churces
img001553.jpg,cips/cips-churces/img001553.jpg,6,cips-churces
img001899.jpg,cips/cips-churces/img001899.jpg,6,cips-churces
img000838.jpg,cips/cips-churces/img000838.jpg,6,cips-churces
img001721.jpg,cips/cips-churces/img001721.jpg,6,cips-churces
img000074.jpg,cips/cips-churces/img000074.jpg,6,cips-churces
img000447.jpg,cips/cips-churces/img000447.jpg,6,cips-churces
img001248.jpg,cips/cips-churces/img001248.jpg,6,cips-churces
img001728.jpg,cips/cips-churces/img001728.jpg,6,cips-churces
img000608.jpg,cips/cips-churces/img000608.jpg,6,cips-churces
img000504.jpg,cips/cips-churces/img000504.jpg,6,cips-churces
img002237.jpg,cips/cips-churces/img002237.jpg,6,cips-churces
img000201.jpg,cips/cips-churces/img000201.jpg,6,cips-churces
img002038.jpg,cips/cips-churces/img002038.jpg,6,cips-churces
img002088.jpg,cips/cips-churces/img002088.jpg,6,cips-churces
img002264.jpg,cips/cips-churces/img002264.jpg,6,cips-churces
img001951.jpg,cips/cips-churces/img001951.jpg,6,cips-churces
img001259.jpg,cips/cips-churces/img001259.jpg,6,cips-churces
img002706.jpg,cips/cips-churces/img002706.jpg,6,cips-churces
img001389.jpg,cips/cips-churces/img001389.jpg,6,cips-churces
img002470.jpg,cips/cips-churces/img002470.jpg,6,cips-churces
img001828.jpg,cips/cips-churces/img001828.jpg,6,cips-churces
img002574.jpg,cips/cips-churces/img002574.jpg,6,cips-churces
img000491.jpg,cips/cips-churces/img000491.jpg,6,cips-churces
img000958.jpg,cips/cips-churces/img000958.jpg,6,cips-churces
img000481.jpg,cips/cips-churces/img000481.jpg,6,cips-churces
img002605.jpg,cips/cips-churces/img002605.jpg,6,cips-churces
img001562.jpg,cips/cips-churces/img001562.jpg,6,cips-churces
img000143.jpg,cips/cips-churces/img000143.jpg,6,cips-churces
img000359.jpg,cips/cips-churces/img000359.jpg,6,cips-churces
img000259.jpg,cips/cips-churces/img000259.jpg,6,cips-churces
img000669.jpg,cips/cips-churces/img000669.jpg,6,cips-churces
img000087.jpg,cips/cips-churces/img000087.jpg,6,cips-churces
img000245.jpg,cips/cips-churces/img000245.jpg,6,cips-churces
img000633.jpg,cips/cips-churces/img000633.jpg,6,cips-churces
img000639.jpg,cips/cips-churces/img000639.jpg,6,cips-churces
img000880.jpg,cips/cips-churces/img000880.jpg,6,cips-churces
img002268.jpg,cips/cips-churces/img002268.jpg,6,cips-churces
img002276.jpg,cips/cips-churces/img002276.jpg,6,cips-churces
img001965.jpg,cips/cips-churces/img001965.jpg,6,cips-churces
img000078.jpg,cips/cips-churces/img000078.jpg,6,cips-churces
img001149.jpg,cips/cips-churces/img001149.jpg,6,cips-churces
img000820.jpg,cips/cips-churces/img000820.jpg,6,cips-churces
img000111.jpg,cips/cips-churces/img000111.jpg,6,cips-churces
img000748.jpg,cips/cips-churces/img000748.jpg,6,cips-churces
img002265.jpg,cips/cips-churces/img002265.jpg,6,cips-churces
img002189.jpg,cips/cips-churces/img002189.jpg,6,cips-churces
img001435.jpg,cips/cips-churces/img001435.jpg,6,cips-churces
img002219.jpg,cips/cips-churces/img002219.jpg,6,cips-churces
img001845.jpg,cips/cips-churces/img001845.jpg,6,cips-churces
img002733.jpg,cips/cips-churces/img002733.jpg,6,cips-churces
img001328.jpg,cips/cips-churces/img001328.jpg,6,cips-churces
img000181.jpg,cips/cips-churces/img000181.jpg,6,cips-churces
img001566.jpg,cips/cips-churces/img001566.jpg,6,cips-churces
img000516.jpg,cips/cips-churces/img000516.jpg,6,cips-churces
img001681.jpg,cips/cips-churces/img001681.jpg,6,cips-churces
img002090.jpg,cips/cips-churces/img002090.jpg,6,cips-churces
img001220.jpg,cips/cips-churces/img001220.jpg,6,cips-churces
img001861.jpg,cips/cips-churces/img001861.jpg,6,cips-churces
img000689.jpg,cips/cips-churces/img000689.jpg,6,cips-churces
img000893.jpg,cips/cips-churces/img000893.jpg,6,cips-churces
img000498.jpg,cips/cips-churces/img000498.jpg,6,cips-churces
img002303.jpg,cips/cips-churces/img002303.jpg,6,cips-churces
img002172.jpg,cips/cips-churces/img002172.jpg,6,cips-churces
img001094.jpg,cips/cips-churces/img001094.jpg,6,cips-churces
img002584.jpg,cips/cips-churces/img002584.jpg,6,cips-churces
img001222.jpg,cips/cips-churces/img001222.jpg,6,cips-churces
img002428.jpg,cips/cips-churces/img002428.jpg,6,cips-churces
img001081.jpg,cips/cips-churces/img001081.jpg,6,cips-churces
img001578.jpg,cips/cips-churces/img001578.jpg,6,cips-churces
img000919.jpg,cips/cips-churces/img000919.jpg,6,cips-churces
img001283.jpg,cips/cips-churces/img001283.jpg,6,cips-churces
img000185.jpg,cips/cips-churces/img000185.jpg,6,cips-churces
img000233.jpg,cips/cips-churces/img000233.jpg,6,cips-churces
img002474.jpg,cips/cips-churces/img002474.jpg,6,cips-churces
img001388.jpg,cips/cips-churces/img001388.jpg,6,cips-churces
img000844.jpg,cips/cips-churces/img000844.jpg,6,cips-churces
img002365.jpg,cips/cips-churces/img002365.jpg,6,cips-churces
img001290.jpg,cips/cips-churces/img001290.jpg,6,cips-churces
img000232.jpg,cips/cips-churces/img000232.jpg,6,cips-churces
img002509.jpg,cips/cips-churces/img002509.jpg,6,cips-churces
img002234.jpg,cips/cips-churces/img002234.jpg,6,cips-churces
img000892.jpg,cips/cips-churces/img000892.jpg,6,cips-churces
img000436.jpg,cips/cips-churces/img000436.jpg,6,cips-churces
img002546.jpg,cips/cips-churces/img002546.jpg,6,cips-churces
img002170.jpg,cips/cips-churces/img002170.jpg,6,cips-churces
img000152.jpg,cips/cips-churces/img000152.jpg,6,cips-churces
img002125.jpg,cips/cips-churces/img002125.jpg,6,cips-churces
img000308.jpg,cips/cips-churces/img000308.jpg,6,cips-churces
img002709.jpg,cips/cips-churces/img002709.jpg,6,cips-churces
img000005.jpg,cips/cips-churces/img000005.jpg,6,cips-churces
img001450.jpg,cips/cips-churces/img001450.jpg,6,cips-churces
img002029.jpg,cips/cips-churces/img002029.jpg,6,cips-churces
img001323.jpg,cips/cips-churces/img001323.jpg,6,cips-churces
img000795.jpg,cips/cips-churces/img000795.jpg,6,cips-churces
img002480.jpg,cips/cips-churces/img002480.jpg,6,cips-churces
img002790.jpg,cips/cips-churces/img002790.jpg,6,cips-churces
img001071.jpg,cips/cips-churces/img001071.jpg,6,cips-churces
img001038.jpg,cips/cips-churces/img001038.jpg,6,cips-churces
img002139.jpg,cips/cips-churces/img002139.jpg,6,cips-churces
img000454.jpg,cips/cips-churces/img000454.jpg,6,cips-churces
img001000.jpg,cips/cips-churces/img001000.jpg,6,cips-churces
img000722.jpg,cips/cips-churces/img000722.jpg,6,cips-churces
img002633.jpg,cips/cips-churces/img002633.jpg,6,cips-churces
img002777.jpg,cips/cips-churces/img002777.jpg,6,cips-churces
img002653.jpg,cips/cips-churces/img002653.jpg,6,cips-churces
img001349.jpg,cips/cips-churces/img001349.jpg,6,cips-churces
img000989.jpg,cips/cips-churces/img000989.jpg,6,cips-churces
img001033.jpg,cips/cips-churces/img001033.jpg,6,cips-churces
img001774.jpg,cips/cips-churces/img001774.jpg,6,cips-churces
img000194.jpg,cips/cips-churces/img000194.jpg,6,cips-churces
img000279.jpg,cips/cips-churces/img000279.jpg,6,cips-churces
img000601.jpg,cips/cips-churces/img000601.jpg,6,cips-churces
img000351.jpg,cips/cips-churces/img000351.jpg,6,cips-churces
img000557.jpg,cips/cips-churces/img000557.jpg,6,cips-churces
img002753.jpg,cips/cips-churces/img002753.jpg,6,cips-churces
img001576.jpg,cips/cips-churces/img001576.jpg,6,cips-churces
img001050.jpg,cips/cips-churces/img001050.jpg,6,cips-churces
img001940.jpg,cips/cips-churces/img001940.jpg,6,cips-churces
img000158.jpg,cips/cips-churces/img000158.jpg,6,cips-churces
img000786.jpg,cips/cips-churces/img000786.jpg,6,cips-churces
img002498.jpg,cips/cips-churces/img002498.jpg,6,cips-churces
img001169.jpg,cips/cips-churces/img001169.jpg,6,cips-churces
img001853.jpg,cips/cips-churces/img001853.jpg,6,cips-churces
img002512.jpg,cips/cips-churces/img002512.jpg,6,cips-churces
img002403.jpg,cips/cips-churces/img002403.jpg,6,cips-churces
img000949.jpg,cips/cips-churces/img000949.jpg,6,cips-churces
img002368.jpg,cips/cips-churces/img002368.jpg,6,cips-churces
img002231.jpg,cips/cips-churces/img002231.jpg,6,cips-churces
img000656.jpg,cips/cips-churces/img000656.jpg,6,cips-churces
img001864.jpg,cips/cips-churces/img001864.jpg,6,cips-churces
img000965.jpg,cips/cips-churces/img000965.jpg,6,cips-churces
img001767.jpg,cips/cips-churces/img001767.jpg,6,cips-churces
img000566.jpg,cips/cips-churces/img000566.jpg,6,cips-churces
img000872.jpg,cips/cips-churces/img000872.jpg,6,cips-churces
img000649.jpg,cips/cips-churces/img000649.jpg,6,cips-churces
img000944.jpg,cips/cips-churces/img000944.jpg,6,cips-churces
img001225.jpg,cips/cips-churces/img001225.jpg,6,cips-churces
img002048.jpg,cips/cips-churces/img002048.jpg,6,cips-churces
img002629.jpg,cips/cips-churces/img002629.jpg,6,cips-churces
img001442.jpg,cips/cips-churces/img001442.jpg,6,cips-churces
img001070.jpg,cips/cips-churces/img001070.jpg,6,cips-churces
img001811.jpg,cips/cips-churces/img001811.jpg,6,cips-churces
img001325.jpg,cips/cips-churces/img001325.jpg,6,cips-churces
img002615.jpg,cips/cips-churces/img002615.jpg,6,cips-churces
img002238.jpg,cips/cips-churces/img002238.jpg,6,cips-churces
img002748.jpg,cips/cips-churces/img002748.jpg,6,cips-churces
img002215.jpg,cips/cips-churces/img002215.jpg,6,cips-churces
img000725.jpg,cips/cips-churces/img000725.jpg,6,cips-churces
img000976.jpg,cips/cips-churces/img000976.jpg,6,cips-churces
img002000.jpg,cips/cips-churces/img002000.jpg,6,cips-churces
img002712.jpg,cips/cips-churces/img002712.jpg,6,cips-churces
img001066.jpg,cips/cips-churces/img001066.jpg,6,cips-churces
img002449.jpg,cips/cips-churces/img002449.jpg,6,cips-churces
img001954.jpg,cips/cips-churces/img001954.jpg,6,cips-churces
img002255.jpg,cips/cips-churces/img002255.jpg,6,cips-churces
img000736.jpg,cips/cips-churces/img000736.jpg,6,cips-churces
img001045.jpg,cips/cips-churces/img001045.jpg,6,cips-churces
img001694.jpg,cips/cips-churces/img001694.jpg,6,cips-churces
img001383.jpg,cips/cips-churces/img001383.jpg,6,cips-churces
img002671.jpg,cips/cips-churces/img002671.jpg,6,cips-churces
img000212.jpg,cips/cips-churces/img000212.jpg,6,cips-churces
img000541.jpg,cips/cips-churces/img000541.jpg,6,cips-churces
img000305.jpg,cips/cips-churces/img000305.jpg,6,cips-churces
img001465.jpg,cips/cips-churces/img001465.jpg,6,cips-churces
img000144.jpg,cips/cips-churces/img000144.jpg,6,cips-churces
img002135.jpg,cips/cips-churces/img002135.jpg,6,cips-churces
img000369.jpg,cips/cips-churces/img000369.jpg,6,cips-churces
img001092.jpg,cips/cips-churces/img001092.jpg,6,cips-churces
img001997.jpg,cips/cips-churces/img001997.jpg,6,cips-churces
img002277.jpg,cips/cips-churces/img002277.jpg,6,cips-churces
img001425.jpg,cips/cips-churces/img001425.jpg,6,cips-churces
img001365.jpg,cips/cips-churces/img001365.jpg,6,cips-churces
img000405.jpg,cips/cips-churces/img000405.jpg,6,cips-churces
img001340.jpg,cips/cips-churces/img001340.jpg,6,cips-churces
img001157.jpg,cips/cips-churces/img001157.jpg,6,cips-churces
img000010.jpg,cips/cips-churces/img000010.jpg,6,cips-churces
img001017.jpg,cips/cips-churces/img001017.jpg,6,cips-churces
img002577.jpg,cips/cips-churces/img002577.jpg,6,cips-churces
img000196.jpg,cips/cips-churces/img000196.jpg,6,cips-churces
img000998.jpg,cips/cips-churces/img000998.jpg,6,cips-churces
img000303.jpg,cips/cips-churces/img000303.jpg,6,cips-churces
img002414.jpg,cips/cips-churces/img002414.jpg,6,cips-churces
img001732.jpg,cips/cips-churces/img001732.jpg,6,cips-churces
img000398.jpg,cips/cips-churces/img000398.jpg,6,cips-churces
img001204.jpg,cips/cips-churces/img001204.jpg,6,cips-churces
img002562.jpg,cips/cips-churces/img002562.jpg,6,cips-churces
img000102.jpg,cips/cips-churces/img000102.jpg,6,cips-churces
img002037.jpg,cips/cips-churces/img002037.jpg,6,cips-churces
img001826.jpg,cips/cips-churces/img001826.jpg,6,cips-churces
img000785.jpg,cips/cips-churces/img000785.jpg,6,cips-churces
img001253.jpg,cips/cips-churces/img001253.jpg,6,cips-churces
img000247.jpg,cips/cips-churces/img000247.jpg,6,cips-churces
img001091.jpg,cips/cips-churces/img001091.jpg,6,cips-churces
img001652.jpg,cips/cips-churces/img001652.jpg,6,cips-churces
img000752.jpg,cips/cips-churces/img000752.jpg,6,cips-churces
img002119.jpg,cips/cips-churces/img002119.jpg,6,cips-churces
img001928.jpg,cips/cips-churces/img001928.jpg,6,cips-churces
img001415.jpg,cips/cips-churces/img001415.jpg,6,cips-churces
img000895.jpg,cips/cips-churces/img000895.jpg,6,cips-churces
img000299.jpg,cips/cips-churces/img000299.jpg,6,cips-churces
img000081.jpg,cips/cips-churces/img000081.jpg,6,cips-churces
img000122.jpg,cips/cips-churces/img000122.jpg,6,cips-churces
img001675.jpg,cips/cips-churces/img001675.jpg,6,cips-churces
img001373.jpg,cips/cips-churces/img001373.jpg,6,cips-churces
img000901.jpg,cips/cips-churces/img000901.jpg,6,cips-churces
img000945.jpg,cips/cips-churces/img000945.jpg,6,cips-churces
img000561.jpg,cips/cips-churces/img000561.jpg,6,cips-churces
img000027.jpg,cips/cips-churces/img000027.jpg,6,cips-churces
img001393.jpg,cips/cips-churces/img001393.jpg,6,cips-churces
img002136.jpg,cips/cips-churces/img002136.jpg,6,cips-churces
img001860.jpg,cips/cips-churces/img001860.jpg,6,cips-churces
img001621.jpg,cips/cips-churces/img001621.jpg,6,cips-churces
img002659.jpg,cips/cips-churces/img002659.jpg,6,cips-churces
img002313.jpg,cips/cips-churces/img002313.jpg,6,cips-churces
img002668.jpg,cips/cips-churces/img002668.jpg,6,cips-churces
img002502.jpg,cips/cips-churces/img002502.jpg,6,cips-churces
img000885.jpg,cips/cips-churces/img000885.jpg,6,cips-churces
img001881.jpg,cips/cips-churces/img001881.jpg,6,cips-churces
img002243.jpg,cips/cips-churces/img002243.jpg,6,cips-churces
img001901.jpg,cips/cips-churces/img001901.jpg,6,cips-churces
img000684.jpg,cips/cips-churces/img000684.jpg,6,cips-churces
img002595.jpg,cips/cips-churces/img002595.jpg,6,cips-churces
img001412.jpg,cips/cips-churces/img001412.jpg,6,cips-churces
img000925.jpg,cips/cips-churces/img000925.jpg,6,cips-churces
img002194.jpg,cips/cips-churces/img002194.jpg,6,cips-churces
img002600.jpg,cips/cips-churces/img002600.jpg,6,cips-churces
img002377.jpg,cips/cips-churces/img002377.jpg,6,cips-churces
img001304.jpg,cips/cips-churces/img001304.jpg,6,cips-churces
img001048.jpg,cips/cips-churces/img001048.jpg,6,cips-churces
img000977.jpg,cips/cips-churces/img000977.jpg,6,cips-churces
img000079.jpg,cips/cips-churces/img000079.jpg,6,cips-churces
img001805.jpg,cips/cips-churces/img001805.jpg,6,cips-churces
img002027.jpg,cips/cips-churces/img002027.jpg,6,cips-churces
img001232.jpg,cips/cips-churces/img001232.jpg,6,cips-churces
img000445.jpg,cips/cips-churces/img000445.jpg,6,cips-churces
img000393.jpg,cips/cips-churces/img000393.jpg,6,cips-churces
img000701.jpg,cips/cips-churces/img000701.jpg,6,cips-churces
img001437.jpg,cips/cips-churces/img001437.jpg,6,cips-churces
img002270.jpg,cips/cips-churces/img002270.jpg,6,cips-churces
img001856.jpg,cips/cips-churces/img001856.jpg,6,cips-churces
img001627.jpg,cips/cips-churces/img001627.jpg,6,cips-churces
img001662.jpg,cips/cips-churces/img001662.jpg,6,cips-churces
img000260.jpg,cips/cips-churces/img000260.jpg,6,cips-churces
img001596.jpg,cips/cips-churces/img001596.jpg,6,cips-churces
img000721.jpg,cips/cips-churces/img000721.jpg,6,cips-churces
img001751.jpg,cips/cips-churces/img001751.jpg,6,cips-churces
img000914.jpg,cips/cips-churces/img000914.jpg,6,cips-churces
img001161.jpg,cips/cips-churces/img001161.jpg,6,cips-churces
img001547.jpg,cips/cips-churces/img001547.jpg,6,cips-churces
img002542.jpg,cips/cips-churces/img002542.jpg,6,cips-churces
img002165.jpg,cips/cips-churces/img002165.jpg,6,cips-churces
img001362.jpg,cips/cips-churces/img001362.jpg,6,cips-churces
img001187.jpg,cips/cips-churces/img001187.jpg,6,cips-churces
img002647.jpg,cips/cips-churces/img002647.jpg,6,cips-churces
img002499.jpg,cips/cips-churces/img002499.jpg,6,cips-churces
img002232.jpg,cips/cips-churces/img002232.jpg,6,cips-churces
img002412.jpg,cips/cips-churces/img002412.jpg,6,cips-churces
img001744.jpg,cips/cips-churces/img001744.jpg,6,cips-churces
img002450.jpg,cips/cips-churces/img002450.jpg,6,cips-churces
img002148.jpg,cips/cips-churces/img002148.jpg,6,cips-churces
img002362.jpg,cips/cips-churces/img002362.jpg,6,cips-churces
img000164.jpg,cips/cips-churces/img000164.jpg,6,cips-churces
img000204.jpg,cips/cips-churces/img000204.jpg,6,cips-churces
img000047.jpg,cips/cips-churces/img000047.jpg,6,cips-churces
img000242.jpg,cips/cips-churces/img000242.jpg,6,cips-churces
img001742.jpg,cips/cips-churces/img001742.jpg,6,cips-churces
img001408.jpg,cips/cips-churces/img001408.jpg,6,cips-churces
img000553.jpg,cips/cips-churces/img000553.jpg,6,cips-churces
img000057.jpg,cips/cips-churces/img000057.jpg,6,cips-churces
img002716.jpg,cips/cips-churces/img002716.jpg,6,cips-churces
img002657.jpg,cips/cips-churces/img002657.jpg,6,cips-churces
img000547.jpg,cips/cips-churces/img000547.jpg,6,cips-churces
img002667.jpg,cips/cips-churces/img002667.jpg,6,cips-churces
img000607.jpg,cips/cips-churces/img000607.jpg,6,cips-churces
img002309.jpg,cips/cips-churces/img002309.jpg,6,cips-churces
img000798.jpg,cips/cips-churces/img000798.jpg,6,cips-churces
img001336.jpg,cips/cips-churces/img001336.jpg,6,cips-churces
img001521.jpg,cips/cips-churces/img001521.jpg,6,cips-churces
img000573.jpg,cips/cips-churces/img000573.jpg,6,cips-churces
img001381.jpg,cips/cips-churces/img001381.jpg,6,cips-churces
img000067.jpg,cips/cips-churces/img000067.jpg,6,cips-churces
img001973.jpg,cips/cips-churces/img001973.jpg,6,cips-churces
img001054.jpg,cips/cips-churces/img001054.jpg,6,cips-churces
img001484.jpg,cips/cips-churces/img001484.jpg,6,cips-churces
img000389.jpg,cips/cips-churces/img000389.jpg,6,cips-churces
img000477.jpg,cips/cips-churces/img000477.jpg,6,cips-churces
img002184.jpg,cips/cips-churces/img002184.jpg,6,cips-churces
img002287.jpg,cips/cips-churces/img002287.jpg,6,cips-churces
img001748.jpg,cips/cips-churces/img001748.jpg,6,cips-churces
img000236.jpg,cips/cips-churces/img000236.jpg,6,cips-churces
img000640.jpg,cips/cips-churces/img000640.jpg,6,cips-churces
img001011.jpg,cips/cips-churces/img001011.jpg,6,cips-churces
img000381.jpg,cips/cips-churces/img000381.jpg,6,cips-churces
img001384.jpg,cips/cips-churces/img001384.jpg,6,cips-churces
img001683.jpg,cips/cips-churces/img001683.jpg,6,cips-churces
img001397.jpg,cips/cips-churces/img001397.jpg,6,cips-churces
img002646.jpg,cips/cips-churces/img002646.jpg,6,cips-churces
img001863.jpg,cips/cips-churces/img001863.jpg,6,cips-churces
img002026.jpg,cips/cips-churces/img002026.jpg,6,cips-churces
img001223.jpg,cips/cips-churces/img001223.jpg,6,cips-churces
img001581.jpg,cips/cips-churces/img001581.jpg,6,cips-churces
img001551.jpg,cips/cips-churces/img001551.jpg,6,cips-churces
img000045.jpg,cips/cips-churces/img000045.jpg,6,cips-churces
img001982.jpg,cips/cips-churces/img001982.jpg,6,cips-churces
img002227.jpg,cips/cips-churces/img002227.jpg,6,cips-churces
img001402.jpg,cips/cips-churces/img001402.jpg,6,cips-churces
img002352.jpg,cips/cips-churces/img002352.jpg,6,cips-churces
img000552.jpg,cips/cips-churces/img000552.jpg,6,cips-churces
img002455.jpg,cips/cips-churces/img002455.jpg,6,cips-churces
img002387.jpg,cips/cips-churces/img002387.jpg,6,cips-churces
img002783.jpg,cips/cips-churces/img002783.jpg,6,cips-churces
img001595.jpg,cips/cips-churces/img001595.jpg,6,cips-churces
img002666.jpg,cips/cips-churces/img002666.jpg,6,cips-churces
img001541.jpg,cips/cips-churces/img001541.jpg,6,cips-churces
img001658.jpg,cips/cips-churces/img001658.jpg,6,cips-churces
img002518.jpg,cips/cips-churces/img002518.jpg,6,cips-churces
img001260.jpg,cips/cips-churces/img001260.jpg,6,cips-churces
img001571.jpg,cips/cips-churces/img001571.jpg,6,cips-churces
img002519.jpg,cips/cips-churces/img002519.jpg,6,cips-churces
img000782.jpg,cips/cips-churces/img000782.jpg,6,cips-churces
img001063.jpg,cips/cips-churces/img001063.jpg,6,cips-churces
img000580.jpg,cips/cips-churces/img000580.jpg,6,cips-churces
img002081.jpg,cips/cips-churces/img002081.jpg,6,cips-churces
img002494.jpg,cips/cips-churces/img002494.jpg,6,cips-churces
img000333.jpg,cips/cips-churces/img000333.jpg,6,cips-churces
img000357.jpg,cips/cips-churces/img000357.jpg,6,cips-churces
img000346.jpg,cips/cips-churces/img000346.jpg,6,cips-churces
img002371.jpg,cips/cips-churces/img002371.jpg,6,cips-churces
img001240.jpg,cips/cips-churces/img001240.jpg,6,cips-churces
img000237.jpg,cips/cips-churces/img000237.jpg,6,cips-churces
img001503.jpg,cips/cips-churces/img001503.jpg,6,cips-churces
img001531.jpg,cips/cips-churces/img001531.jpg,6,cips-churces
img001820.jpg,cips/cips-churces/img001820.jpg,6,cips-churces
img000125.jpg,cips/cips-churces/img000125.jpg,6,cips-churces
img001200.jpg,cips/cips-churces/img001200.jpg,6,cips-churces
img000276.jpg,cips/cips-churces/img000276.jpg,6,cips-churces
img002622.jpg,cips/cips-churces/img002622.jpg,6,cips-churces
img001368.jpg,cips/cips-churces/img001368.jpg,6,cips-churces
img000675.jpg,cips/cips-churces/img000675.jpg,6,cips-churces
img001903.jpg,cips/cips-churces/img001903.jpg,6,cips-churces
img000942.jpg,cips/cips-churces/img000942.jpg,6,cips-churces
img000155.jpg,cips/cips-churces/img000155.jpg,6,cips-churces
img001143.jpg,cips/cips-churces/img001143.jpg,6,cips-churces
img001649.jpg,cips/cips-churces/img001649.jpg,6,cips-churces
img000918.jpg,cips/cips-churces/img000918.jpg,6,cips-churces
img000559.jpg,cips/cips-churces/img000559.jpg,6,cips-churces
img002373.jpg,cips/cips-churces/img002373.jpg,6,cips-churces
img002774.jpg,cips/cips-churces/img002774.jpg,6,cips-churces
img000512.jpg,cips/cips-churces/img000512.jpg,6,cips-churces
img001642.jpg,cips/cips-churces/img001642.jpg,6,cips-churces
img000783.jpg,cips/cips-churces/img000783.jpg,6,cips-churces
img002635.jpg,cips/cips-churces/img002635.jpg,6,cips-churces
img002632.jpg,cips/cips-churces/img002632.jpg,6,cips-churces
img000084.jpg,cips/cips-churces/img000084.jpg,6,cips-churces
img002506.jpg,cips/cips-churces/img002506.jpg,6,cips-churces
img002208.jpg,cips/cips-churces/img002208.jpg,6,cips-churces
img002560.jpg,cips/cips-churces/img002560.jpg,6,cips-churces
img002099.jpg,cips/cips-churces/img002099.jpg,6,cips-churces
img000862.jpg,cips/cips-churces/img000862.jpg,6,cips-churces
img000588.jpg,cips/cips-churces/img000588.jpg,6,cips-churces
img002625.jpg,cips/cips-churces/img002625.jpg,6,cips-churces
img001781.jpg,cips/cips-churces/img001781.jpg,6,cips-churces
img002523.jpg,cips/cips-churces/img002523.jpg,6,cips-churces
img000992.jpg,cips/cips-churces/img000992.jpg,6,cips-churces
img002266.jpg,cips/cips-churces/img002266.jpg,6,cips-churces
img000386.jpg,cips/cips-churces/img000386.jpg,6,cips-churces
img002275.jpg,cips/cips-churces/img002275.jpg,6,cips-churces
img001844.jpg,cips/cips-churces/img001844.jpg,6,cips-churces
img000135.jpg,cips/cips-churces/img000135.jpg,6,cips-churces
img000030.jpg,cips/cips-churces/img000030.jpg,6,cips-churces
img001898.jpg,cips/cips-churces/img001898.jpg,6,cips-churces
img000615.jpg,cips/cips-churces/img000615.jpg,6,cips-churces
img002282.jpg,cips/cips-churces/img002282.jpg,6,cips-churces
img001984.jpg,cips/cips-churces/img001984.jpg,6,cips-churces
img000206.jpg,cips/cips-churces/img000206.jpg,6,cips-churces
img002696.jpg,cips/cips-churces/img002696.jpg,6,cips-churces
img000634.jpg,cips/cips-churces/img000634.jpg,6,cips-churces
img001745.jpg,cips/cips-churces/img001745.jpg,6,cips-churces
img001910.jpg,cips/cips-churces/img001910.jpg,6,cips-churces
img001404.jpg,cips/cips-churces/img001404.jpg,6,cips-churces
img000789.jpg,cips/cips-churces/img000789.jpg,6,cips-churces
img001522.jpg,cips/cips-churces/img001522.jpg,6,cips-churces
img002749.jpg,cips/cips-churces/img002749.jpg,6,cips-churces
img000000.jpg,cips/cips-churces/img000000.jpg,6,cips-churces
img000296.jpg,cips/cips-churces/img000296.jpg,6,cips-churces
img002726.jpg,cips/cips-churces/img002726.jpg,6,cips-churces
img000749.jpg,cips/cips-churces/img000749.jpg,6,cips-churces
img001672.jpg,cips/cips-churces/img001672.jpg,6,cips-churces
img000525.jpg,cips/cips-churces/img000525.jpg,6,cips-churces
img001355.jpg,cips/cips-churces/img001355.jpg,6,cips-churces
img000604.jpg,cips/cips-churces/img000604.jpg,6,cips-churces
img000598.jpg,cips/cips-churces/img000598.jpg,6,cips-churces
img001968.jpg,cips/cips-churces/img001968.jpg,6,cips-churces
img001773.jpg,cips/cips-churces/img001773.jpg,6,cips-churces
img002780.jpg,cips/cips-churces/img002780.jpg,6,cips-churces
img001969.jpg,cips/cips-churces/img001969.jpg,6,cips-churces
img001822.jpg,cips/cips-churces/img001822.jpg,6,cips-churces
img001310.jpg,cips/cips-churces/img001310.jpg,6,cips-churces
img001572.jpg,cips/cips-churces/img001572.jpg,6,cips-churces
img002734.jpg,cips/cips-churces/img002734.jpg,6,cips-churces
img001849.jpg,cips/cips-churces/img001849.jpg,6,cips-churces
img001749.jpg,cips/cips-churces/img001749.jpg,6,cips-churces
img002147.jpg,cips/cips-churces/img002147.jpg,6,cips-churces
img000551.jpg,cips/cips-churces/img000551.jpg,6,cips-churces
img002745.jpg,cips/cips-churces/img002745.jpg,6,cips-churces
img001838.jpg,cips/cips-churces/img001838.jpg,6,cips-churces
img002738.jpg,cips/cips-churces/img002738.jpg,6,cips-churces
img000014.jpg,cips/cips-churces/img000014.jpg,6,cips-churces
img002102.jpg,cips/cips-churces/img002102.jpg,6,cips-churces
img002573.jpg,cips/cips-churces/img002573.jpg,6,cips-churces
img002140.jpg,cips/cips-churces/img002140.jpg,6,cips-churces
img001750.jpg,cips/cips-churces/img001750.jpg,6,cips-churces
img000724.jpg,cips/cips-churces/img000724.jpg,6,cips-churces
img002658.jpg,cips/cips-churces/img002658.jpg,6,cips-churces
img002457.jpg,cips/cips-churces/img002457.jpg,6,cips-churces
img002363.jpg,cips/cips-churces/img002363.jpg,6,cips-churces
img001892.jpg,cips/cips-churces/img001892.jpg,6,cips-churces
img000291.jpg,cips/cips-churces/img000291.jpg,6,cips-churces
img000970.jpg,cips/cips-churces/img000970.jpg,6,cips-churces
img001843.jpg,cips/cips-churces/img001843.jpg,6,cips-churces
img000406.jpg,cips/cips-churces/img000406.jpg,6,cips-churces
img000195.jpg,cips/cips-churces/img000195.jpg,6,cips-churces
img001118.jpg,cips/cips-churces/img001118.jpg,6,cips-churces
img002483.jpg,cips/cips-churces/img002483.jpg,6,cips-churces
img000511.jpg,cips/cips-churces/img000511.jpg,6,cips-churces
img001537.jpg,cips/cips-churces/img001537.jpg,6,cips-churces
img000733.jpg,cips/cips-churces/img000733.jpg,6,cips-churces
img000628.jpg,cips/cips-churces/img000628.jpg,6,cips-churces
img000558.jpg,cips/cips-churces/img000558.jpg,6,cips-churces
img000854.jpg,cips/cips-churces/img000854.jpg,6,cips-churces
img001205.jpg,cips/cips-churces/img001205.jpg,6,cips-churces
img001003.jpg,cips/cips-churces/img001003.jpg,6,cips-churces
img000750.jpg,cips/cips-churces/img000750.jpg,6,cips-churces
img002039.jpg,cips/cips-churces/img002039.jpg,6,cips-churces
img001907.jpg,cips/cips-churces/img001907.jpg,6,cips-churces
img000830.jpg,cips/cips-churces/img000830.jpg,6,cips-churces
img001676.jpg,cips/cips-churces/img001676.jpg,6,cips-churces
img001475.jpg,cips/cips-churces/img001475.jpg,6,cips-churces
img002107.jpg,cips/cips-churces/img002107.jpg,6,cips-churces
img000778.jpg,cips/cips-churces/img000778.jpg,6,cips-churces
img001942.jpg,cips/cips-churces/img001942.jpg,6,cips-churces
img001335.jpg,cips/cips-churces/img001335.jpg,6,cips-churces
img001346.jpg,cips/cips-churces/img001346.jpg,6,cips-churces
img001429.jpg,cips/cips-churces/img001429.jpg,6,cips-churces
img002481.jpg,cips/cips-churces/img002481.jpg,6,cips-churces
img002109.jpg,cips/cips-churces/img002109.jpg,6,cips-churces
img000586.jpg,cips/cips-churces/img000586.jpg,6,cips-churces
img000501.jpg,cips/cips-churces/img000501.jpg,6,cips-churces
img000787.jpg,cips/cips-churces/img000787.jpg,6,cips-churces
img002013.jpg,cips/cips-churces/img002013.jpg,6,cips-churces
img002080.jpg,cips/cips-churces/img002080.jpg,6,cips-churces
img001391.jpg,cips/cips-churces/img001391.jpg,6,cips-churces
img002351.jpg,cips/cips-churces/img002351.jpg,6,cips-churces
img002077.jpg,cips/cips-churces/img002077.jpg,6,cips-churces
img002196.jpg,cips/cips-churces/img002196.jpg,6,cips-churces
img000763.jpg,cips/cips-churces/img000763.jpg,6,cips-churces
img002112.jpg,cips/cips-churces/img002112.jpg,6,cips-churces
img000339.jpg,cips/cips-churces/img000339.jpg,6,cips-churces
img000766.jpg,cips/cips-churces/img000766.jpg,6,cips-churces
img001757.jpg,cips/cips-churces/img001757.jpg,6,cips-churces
img001301.jpg,cips/cips-churces/img001301.jpg,6,cips-churces
img002159.jpg,cips/cips-churces/img002159.jpg,6,cips-churces
img000399.jpg,cips/cips-churces/img000399.jpg,6,cips-churces
img002496.jpg,cips/cips-churces/img002496.jpg,6,cips-churces
img002153.jpg,cips/cips-churces/img002153.jpg,6,cips-churces
img002684.jpg,cips/cips-churces/img002684.jpg,6,cips-churces
img002366.jpg,cips/cips-churces/img002366.jpg,6,cips-churces
img001212.jpg,cips/cips-churces/img001212.jpg,6,cips-churces
img001174.jpg,cips/cips-churces/img001174.jpg,6,cips-churces
img000451.jpg,cips/cips-churces/img000451.jpg,6,cips-churces
img001591.jpg,cips/cips-churces/img001591.jpg,6,cips-churces
img001251.jpg,cips/cips-churces/img001251.jpg,6,cips-churces
img002395.jpg,cips/cips-churces/img002395.jpg,6,cips-churces
img000016.jpg,cips/cips-churces/img000016.jpg,6,cips-churces
img002218.jpg,cips/cips-churces/img002218.jpg,6,cips-churces
img001664.jpg,cips/cips-churces/img001664.jpg,6,cips-churces
img002203.jpg,cips/cips-churces/img002203.jpg,6,cips-churces
img002537.jpg,cips/cips-churces/img002537.jpg,6,cips-churces
img000223.jpg,cips/cips-churces/img000223.jpg,6,cips-churces
img002773.jpg,cips/cips-churces/img002773.jpg,6,cips-churces
img002004.jpg,cips/cips-churces/img002004.jpg,6,cips-churces
img000582.jpg,cips/cips-churces/img000582.jpg,6,cips-churces
img002422.jpg,cips/cips-churces/img002422.jpg,6,cips-churces
img000318.jpg,cips/cips-churces/img000318.jpg,6,cips-churces
img000709.jpg,cips/cips-churces/img000709.jpg,6,cips-churces
img002793.jpg,cips/cips-churces/img002793.jpg,6,cips-churces
img001252.jpg,cips/cips-churces/img001252.jpg,6,cips-churces
img000513.jpg,cips/cips-churces/img000513.jpg,6,cips-churces
img000226.jpg,cips/cips-churces/img000226.jpg,6,cips-churces
img001334.jpg,cips/cips-churces/img001334.jpg,6,cips-churces
img002127.jpg,cips/cips-churces/img002127.jpg,6,cips-churces
img001539.jpg,cips/cips-churces/img001539.jpg,6,cips-churces
img001122.jpg,cips/cips-churces/img001122.jpg,6,cips-churces
img000961.jpg,cips/cips-churces/img000961.jpg,6,cips-churces
img002608.jpg,cips/cips-churces/img002608.jpg,6,cips-churces
img001351.jpg,cips/cips-churces/img001351.jpg,6,cips-churces
img000019.jpg,cips/cips-churces/img000019.jpg,6,cips-churces
img000009.jpg,cips/cips-churces/img000009.jpg,6,cips-churces
img000193.jpg,cips/cips-churces/img000193.jpg,6,cips-churces
img001733.jpg,cips/cips-churces/img001733.jpg,6,cips-churces
img000555.jpg,cips/cips-churces/img000555.jpg,6,cips-churces
img000967.jpg,cips/cips-churces/img000967.jpg,6,cips-churces
img000478.jpg,cips/cips-churces/img000478.jpg,6,cips-churces
img001163.jpg,cips/cips-churces/img001163.jpg,6,cips-churces
img001405.jpg,cips/cips-churces/img001405.jpg,6,cips-churces
img002411.jpg,cips/cips-churces/img002411.jpg,6,cips-churces
img002707.jpg,cips/cips-churces/img002707.jpg,6,cips-churces
img001141.jpg,cips/cips-churces/img001141.jpg,6,cips-churces
img002098.jpg,cips/cips-churces/img002098.jpg,6,cips-churces
img002670.jpg,cips/cips-churces/img002670.jpg,6,cips-churces
img002173.jpg,cips/cips-churces/img002173.jpg,6,cips-churces
img000951.jpg,cips/cips-churces/img000951.jpg,6,cips-churces
img001160.jpg,cips/cips-churces/img001160.jpg,6,cips-churces
img001540.jpg,cips/cips-churces/img001540.jpg,6,cips-churces
img001786.jpg,cips/cips-churces/img001786.jpg,6,cips-churces
img000757.jpg,cips/cips-churces/img000757.jpg,6,cips-churces
img001897.jpg,cips/cips-churces/img001897.jpg,6,cips-churces
img002421.jpg,cips/cips-churces/img002421.jpg,6,cips-churces
img002642.jpg,cips/cips-churces/img002642.jpg,6,cips-churces
img001347.jpg,cips/cips-churces/img001347.jpg,6,cips-churces
img001713.jpg,cips/cips-churces/img001713.jpg,6,cips-churces
img001802.jpg,cips/cips-churces/img001802.jpg,6,cips-churces
img000469.jpg,cips/cips-churces/img000469.jpg,6,cips-churces
img002552.jpg,cips/cips-churces/img002552.jpg,6,cips-churces
img001755.jpg,cips/cips-churces/img001755.jpg,6,cips-churces
img002063.jpg,cips/cips-churces/img002063.jpg,6,cips-churces
img001029.jpg,cips/cips-churces/img001029.jpg,6,cips-churces
img000416.jpg,cips/cips-churces/img000416.jpg,6,cips-churces
img001812.jpg,cips/cips-churces/img001812.jpg,6,cips-churces
img002358.jpg,cips/cips-churces/img002358.jpg,6,cips-churces
img001153.jpg,cips/cips-churces/img001153.jpg,6,cips-churces
img000463.jpg,cips/cips-churces/img000463.jpg,6,cips-churces
img001817.jpg,cips/cips-churces/img001817.jpg,6,cips-churces
img001470.jpg,cips/cips-churces/img001470.jpg,6,cips-churces
img002527.jpg,cips/cips-churces/img002527.jpg,6,cips-churces
img002795.jpg,cips/cips-churces/img002795.jpg,6,cips-churces
img002531.jpg,cips/cips-churces/img002531.jpg,6,cips-churces
img002369.jpg,cips/cips-churces/img002369.jpg,6,cips-churces
img002353.jpg,cips/cips-churces/img002353.jpg,6,cips-churces
img001544.jpg,cips/cips-churces/img001544.jpg,6,cips-churces
img002258.jpg,cips/cips-churces/img002258.jpg,6,cips-churces
img001839.jpg,cips/cips-churces/img001839.jpg,6,cips-churces
img001350.jpg,cips/cips-churces/img001350.jpg,6,cips-churces
img000407.jpg,cips/cips-churces/img000407.jpg,6,cips-churces
img001135.jpg,cips/cips-churces/img001135.jpg,6,cips-churces
img000281.jpg,cips/cips-churces/img000281.jpg,6,cips-churces
img000679.jpg,cips/cips-churces/img000679.jpg,6,cips-churces
img001026.jpg,cips/cips-churces/img001026.jpg,6,cips-churces
img000266.jpg,cips/cips-churces/img000266.jpg,6,cips-churces
img001593.jpg,cips/cips-churces/img001593.jpg,6,cips-churces
img001233.jpg,cips/cips-churces/img001233.jpg,6,cips-churces
img000793.jpg,cips/cips-churces/img000793.jpg,6,cips-churces
img000055.jpg,cips/cips-churces/img000055.jpg,6,cips-churces
img001515.jpg,cips/cips-churces/img001515.jpg,6,cips-churces
img000401.jpg,cips/cips-churces/img000401.jpg,6,cips-churces
img001273.jpg,cips/cips-churces/img001273.jpg,6,cips-churces
img001707.jpg,cips/cips-churces/img001707.jpg,6,cips-churces
img000680.jpg,cips/cips-churces/img000680.jpg,6,cips-churces
img002168.jpg,cips/cips-churces/img002168.jpg,6,cips-churces
img001172.jpg,cips/cips-churces/img001172.jpg,6,cips-churces
img002462.jpg,cips/cips-churces/img002462.jpg,6,cips-churces
img002396.jpg,cips/cips-churces/img002396.jpg,6,cips-churces
img000344.jpg,cips/cips-churces/img000344.jpg,6,cips-churces
img001019.jpg,cips/cips-churces/img001019.jpg,6,cips-churces
img002014.jpg,cips/cips-churces/img002014.jpg,6,cips-churces
img002581.jpg,cips/cips-churces/img002581.jpg,6,cips-churces
img000812.jpg,cips/cips-churces/img000812.jpg,6,cips-churces
img000022.jpg,cips/cips-churces/img000022.jpg,6,cips-churces
img002517.jpg,cips/cips-churces/img002517.jpg,6,cips-churces
img001456.jpg,cips/cips-churces/img001456.jpg,6,cips-churces
img002529.jpg,cips/cips-churces/img002529.jpg,6,cips-churces
img002495.jpg,cips/cips-churces/img002495.jpg,6,cips-churces
img001560.jpg,cips/cips-churces/img001560.jpg,6,cips-churces
img001139.jpg,cips/cips-churces/img001139.jpg,6,cips-churces
img000858.jpg,cips/cips-churces/img000858.jpg,6,cips-churces
img001960.jpg,cips/cips-churces/img001960.jpg,6,cips-churces
img001243.jpg,cips/cips-churces/img001243.jpg,6,cips-churces
img000202.jpg,cips/cips-churces/img000202.jpg,6,cips-churces
img002104.jpg,cips/cips-churces/img002104.jpg,6,cips-churces
img002302.jpg,cips/cips-churces/img002302.jpg,6,cips-churces
img000383.jpg,cips/cips-churces/img000383.jpg,6,cips-churces
img001150.jpg,cips/cips-churces/img001150.jpg,6,cips-churces
img000338.jpg,cips/cips-churces/img000338.jpg,6,cips-churces
img002281.jpg,cips/cips-churces/img002281.jpg,6,cips-churces
img001529.jpg,cips/cips-churces/img001529.jpg,6,cips-churces
img001183.jpg,cips/cips-churces/img001183.jpg,6,cips-churces
img000879.jpg,cips/cips-churces/img000879.jpg,6,cips-churces
img000929.jpg,cips/cips-churces/img000929.jpg,6,cips-churces
img000568.jpg,cips/cips-churces/img000568.jpg,6,cips-churces
img001044.jpg,cips/cips-churces/img001044.jpg,6,cips-churces
img000042.jpg,cips/cips-churces/img000042.jpg,6,cips-churces
img001803.jpg,cips/cips-churces/img001803.jpg,6,cips-churces
img000762.jpg,cips/cips-churces/img000762.jpg,6,cips-churces
img000637.jpg,cips/cips-churces/img000637.jpg,6,cips-churces
img001570.jpg,cips/cips-churces/img001570.jpg,6,cips-churces
img002157.jpg,cips/cips-churces/img002157.jpg,6,cips-churces
img002261.jpg,cips/cips-churces/img002261.jpg,6,cips-churces
img002651.jpg,cips/cips-churces/img002651.jpg,6,cips-churces
img000336.jpg,cips/cips-churces/img000336.jpg,6,cips-churces
img000535.jpg,cips/cips-churces/img000535.jpg,6,cips-churces
img000384.jpg,cips/cips-churces/img000384.jpg,6,cips-churces
img000483.jpg,cips/cips-churces/img000483.jpg,6,cips-churces
img001100.jpg,cips/cips-churces/img001100.jpg,6,cips-churces
img002149.jpg,cips/cips-churces/img002149.jpg,6,cips-churces
img000400.jpg,cips/cips-churces/img000400.jpg,6,cips-churces
img000375.jpg,cips/cips-churces/img000375.jpg,6,cips-churces
img001752.jpg,cips/cips-churces/img001752.jpg,6,cips-churces
img000905.jpg,cips/cips-churces/img000905.jpg,6,cips-churces
img000117.jpg,cips/cips-churces/img000117.jpg,6,cips-churces
img002639.jpg,cips/cips-churces/img002639.jpg,6,cips-churces
img000147.jpg,cips/cips-churces/img000147.jpg,6,cips-churces
img000256.jpg,cips/cips-churces/img000256.jpg,6,cips-churces
img001526.jpg,cips/cips-churces/img001526.jpg,6,cips-churces
img000572.jpg,cips/cips-churces/img000572.jpg,6,cips-churces
img000671.jpg,cips/cips-churces/img000671.jpg,6,cips-churces
img000955.jpg,cips/cips-churces/img000955.jpg,6,cips-churces
img000972.jpg,cips/cips-churces/img000972.jpg,6,cips-churces
img001082.jpg,cips/cips-churces/img001082.jpg,6,cips-churces
img002533.jpg,cips/cips-churces/img002533.jpg,6,cips-churces
img001009.jpg,cips/cips-churces/img001009.jpg,6,cips-churces
img001902.jpg,cips/cips-churces/img001902.jpg,6,cips-churces
img002084.jpg,cips/cips-churces/img002084.jpg,6,cips-churces
img000244.jpg,cips/cips-churces/img000244.jpg,6,cips-churces
img001162.jpg,cips/cips-churces/img001162.jpg,6,cips-churces
img000986.jpg,cips/cips-churces/img000986.jpg,6,cips-churces
img001025.jpg,cips/cips-churces/img001025.jpg,6,cips-churces
img002145.jpg,cips/cips-churces/img002145.jpg,6,cips-churces
img000546.jpg,cips/cips-churces/img000546.jpg,6,cips-churces
img000523.jpg,cips/cips-churces/img000523.jpg,6,cips-churces
img002333.jpg,cips/cips-churces/img002333.jpg,6,cips-churces
img001176.jpg,cips/cips-churces/img001176.jpg,6,cips-churces
img000560.jpg,cips/cips-churces/img000560.jpg,6,cips-churces
img002290.jpg,cips/cips-churces/img002290.jpg,6,cips-churces
img002230.jpg,cips/cips-churces/img002230.jpg,6,cips-churces
img001090.jpg,cips/cips-churces/img001090.jpg,6,cips-churces
img001291.jpg,cips/cips-churces/img001291.jpg,6,cips-churces
img000097.jpg,cips/cips-churces/img000097.jpg,6,cips-churces
img000142.jpg,cips/cips-churces/img000142.jpg,6,cips-churces
img001298.jpg,cips/cips-churces/img001298.jpg,6,cips-churces
img000254.jpg,cips/cips-churces/img000254.jpg,6,cips-churces
img000714.jpg,cips/cips-churces/img000714.jpg,6,cips-churces
img002614.jpg,cips/cips-churces/img002614.jpg,6,cips-churces
img002548.jpg,cips/cips-churces/img002548.jpg,6,cips-churces
img001520.jpg,cips/cips-churces/img001520.jpg,6,cips-churces
img000427.jpg,cips/cips-churces/img000427.jpg,6,cips-churces
img002788.jpg,cips/cips-churces/img002788.jpg,6,cips-churces
img001486.jpg,cips/cips-churces/img001486.jpg,6,cips-churces
img002703.jpg,cips/cips-churces/img002703.jpg,6,cips-churces
img002578.jpg,cips/cips-churces/img002578.jpg,6,cips-churces
img000112.jpg,cips/cips-churces/img000112.jpg,6,cips-churces
img002459.jpg,cips/cips-churces/img002459.jpg,6,cips-churces
img001152.jpg,cips/cips-churces/img001152.jpg,6,cips-churces
img001926.jpg,cips/cips-churces/img001926.jpg,6,cips-churces
img000792.jpg,cips/cips-churces/img000792.jpg,6,cips-churces
img001221.jpg,cips/cips-churces/img001221.jpg,6,cips-churces
img002355.jpg,cips/cips-churces/img002355.jpg,6,cips-churces
img002675.jpg,cips/cips-churces/img002675.jpg,6,cips-churces
img001217.jpg,cips/cips-churces/img001217.jpg,6,cips-churces
img001504.jpg,cips/cips-churces/img001504.jpg,6,cips-churces
img002376.jpg,cips/cips-churces/img002376.jpg,6,cips-churces
img002752.jpg,cips/cips-churces/img002752.jpg,6,cips-churces
img002597.jpg,cips/cips-churces/img002597.jpg,6,cips-churces
img002229.jpg,cips/cips-churces/img002229.jpg,6,cips-churces
img000372.jpg,cips/cips-churces/img000372.jpg,6,cips-churces
img000940.jpg,cips/cips-churces/img000940.jpg,6,cips-churces
img001718.jpg,cips/cips-churces/img001718.jpg,6,cips-churces
img001198.jpg,cips/cips-churces/img001198.jpg,6,cips-churces
img001332.jpg,cips/cips-churces/img001332.jpg,6,cips-churces
img000128.jpg,cips/cips-churces/img000128.jpg,6,cips-churces
img002575.jpg,cips/cips-churces/img002575.jpg,6,cips-churces
img001592.jpg,cips/cips-churces/img001592.jpg,6,cips-churces
img001140.jpg,cips/cips-churces/img001140.jpg,6,cips-churces
img000176.jpg,cips/cips-churces/img000176.jpg,6,cips-churces
img001523.jpg,cips/cips-churces/img001523.jpg,6,cips-churces
img002569.jpg,cips/cips-churces/img002569.jpg,6,cips-churces
img002187.jpg,cips/cips-churces/img002187.jpg,6,cips-churces
img000278.jpg,cips/cips-churces/img000278.jpg,6,cips-churces
img000726.jpg,cips/cips-churces/img000726.jpg,6,cips-churces
img000799.jpg,cips/cips-churces/img000799.jpg,6,cips-churces
img001495.jpg,cips/cips-churces/img001495.jpg,6,cips-churces
img001908.jpg,cips/cips-churces/img001908.jpg,6,cips-churces
img002087.jpg,cips/cips-churces/img002087.jpg,6,cips-churces
img002441.jpg,cips/cips-churces/img002441.jpg,6,cips-churces
img000571.jpg,cips/cips-churces/img000571.jpg,6,cips-churces
img002607.jpg,cips/cips-churces/img002607.jpg,6,cips-churces
img002271.jpg,cips/cips-churces/img002271.jpg,6,cips-churces
img002655.jpg,cips/cips-churces/img002655.jpg,6,cips-churces
img001005.jpg,cips/cips-churces/img001005.jpg,6,cips-churces
img000983.jpg,cips/cips-churces/img000983.jpg,6,cips-churces
img000154.jpg,cips/cips-churces/img000154.jpg,6,cips-churces
img000899.jpg,cips/cips-churces/img000899.jpg,6,cips-churces
img000428.jpg,cips/cips-churces/img000428.jpg,6,cips-churces
img000652.jpg,cips/cips-churces/img000652.jpg,6,cips-churces
img000565.jpg,cips/cips-churces/img000565.jpg,6,cips-churces
img000881.jpg,cips/cips-churces/img000881.jpg,6,cips-churces
img002023.jpg,cips/cips-churces/img002023.jpg,6,cips-churces
img000423.jpg,cips/cips-churces/img000423.jpg,6,cips-churces
img000165.jpg,cips/cips-churces/img000165.jpg,6,cips-churces
img002175.jpg,cips/cips-churces/img002175.jpg,6,cips-churces
img001300.jpg,cips/cips-churces/img001300.jpg,6,cips-churces
img002456.jpg,cips/cips-churces/img002456.jpg,6,cips-churces
img001653.jpg,cips/cips-churces/img001653.jpg,6,cips-churces
img001717.jpg,cips/cips-churces/img001717.jpg,6,cips-churces
img001154.jpg,cips/cips-churces/img001154.jpg,6,cips-churces
img001759.jpg,cips/cips-churces/img001759.jpg,6,cips-churces
img002787.jpg,cips/cips-churces/img002787.jpg,6,cips-churces
img001137.jpg,cips/cips-churces/img001137.jpg,6,cips-churces
img000293.jpg,cips/cips-churces/img000293.jpg,6,cips-churces
img002415.jpg,cips/cips-churces/img002415.jpg,6,cips-churces
img001558.jpg,cips/cips-churces/img001558.jpg,6,cips-churces
img002541.jpg,cips/cips-churces/img002541.jpg,6,cips-churces
img002612.jpg,cips/cips-churces/img002612.jpg,6,cips-churces
img002514.jpg,cips/cips-churces/img002514.jpg,6,cips-churces
img001921.jpg,cips/cips-churces/img001921.jpg,6,cips-churces
img000104.jpg,cips/cips-churces/img000104.jpg,6,cips-churces
img000528.jpg,cips/cips-churces/img000528.jpg,6,cips-churces
img002198.jpg,cips/cips-churces/img002198.jpg,6,cips-churces
img001502.jpg,cips/cips-churces/img001502.jpg,6,cips-churces
img001941.jpg,cips/cips-churces/img001941.jpg,6,cips-churces
img002040.jpg,cips/cips-churces/img002040.jpg,6,cips-churces
img001769.jpg,cips/cips-churces/img001769.jpg,6,cips-churces
img001829.jpg,cips/cips-churces/img001829.jpg,6,cips-churces
img002345.jpg,cips/cips-churces/img002345.jpg,6,cips-churces
img001434.jpg,cips/cips-churces/img001434.jpg,6,cips-churces
img002448.jpg,cips/cips-churces/img002448.jpg,6,cips-churces
img002006.jpg,cips/cips-churces/img002006.jpg,6,cips-churces
img000703.jpg,cips/cips-churces/img000703.jpg,6,cips-churces
img002636.jpg,cips/cips-churces/img002636.jpg,6,cips-churces
img002367.jpg,cips/cips-churces/img002367.jpg,6,cips-churces
img002379.jpg,cips/cips-churces/img002379.jpg,6,cips-churces
img000968.jpg,cips/cips-churces/img000968.jpg,6,cips-churces
img000443.jpg,cips/cips-churces/img000443.jpg,6,cips-churces
img002465.jpg,cips/cips-churces/img002465.jpg,6,cips-churces
img001799.jpg,cips/cips-churces/img001799.jpg,6,cips-churces
img000290.jpg,cips/cips-churces/img000290.jpg,6,cips-churces
img000265.jpg,cips/cips-churces/img000265.jpg,6,cips-churces
img001528.jpg,cips/cips-churces/img001528.jpg,6,cips-churces
img002075.jpg,cips/cips-churces/img002075.jpg,6,cips-churces
img002538.jpg,cips/cips-churces/img002538.jpg,6,cips-churces
img002390.jpg,cips/cips-churces/img002390.jpg,6,cips-churces
img000365.jpg,cips/cips-churces/img000365.jpg,6,cips-churces
img002247.jpg,cips/cips-churces/img002247.jpg,6,cips-churces
img001244.jpg,cips/cips-churces/img001244.jpg,6,cips-churces
img002294.jpg,cips/cips-churces/img002294.jpg,6,cips-churces
img002786.jpg,cips/cips-churces/img002786.jpg,6,cips-churces
img001619.jpg,cips/cips-churces/img001619.jpg,6,cips-churces
img000935.jpg,cips/cips-churces/img000935.jpg,6,cips-churces
img000856.jpg,cips/cips-churces/img000856.jpg,6,cips-churces
img000269.jpg,cips/cips-churces/img000269.jpg,6,cips-churces
img002134.jpg,cips/cips-churces/img002134.jpg,6,cips-churces
img001587.jpg,cips/cips-churces/img001587.jpg,6,cips-churces
img001224.jpg,cips/cips-churces/img001224.jpg,6,cips-churces
img001868.jpg,cips/cips-churces/img001868.jpg,6,cips-churces
img002132.jpg,cips/cips-churces/img002132.jpg,6,cips-churces
img002758.jpg,cips/cips-churces/img002758.jpg,6,cips-churces
img000861.jpg,cips/cips-churces/img000861.jpg,6,cips-churces
img002272.jpg,cips/cips-churces/img002272.jpg,6,cips-churces
img002756.jpg,cips/cips-churces/img002756.jpg,6,cips-churces
img000691.jpg,cips/cips-churces/img000691.jpg,6,cips-churces
img001753.jpg,cips/cips-churces/img001753.jpg,6,cips-churces
img000781.jpg,cips/cips-churces/img000781.jpg,6,cips-churces
img001121.jpg,cips/cips-churces/img001121.jpg,6,cips-churces
img001858.jpg,cips/cips-churces/img001858.jpg,6,cips-churces
img001095.jpg,cips/cips-churces/img001095.jpg,6,cips-churces
img002555.jpg,cips/cips-churces/img002555.jpg,6,cips-churces
img001418.jpg,cips/cips-churces/img001418.jpg,6,cips-churces
img001308.jpg,cips/cips-churces/img001308.jpg,6,cips-churces
img002572.jpg,cips/cips-churces/img002572.jpg,6,cips-churces
img000847.jpg,cips/cips-churces/img000847.jpg,6,cips-churces
img000361.jpg,cips/cips-churces/img000361.jpg,6,cips-churces
img002700.jpg,cips/cips-churces/img002700.jpg,6,cips-churces
img001338.jpg,cips/cips-churces/img001338.jpg,6,cips-churces
img001210.jpg,cips/cips-churces/img001210.jpg,6,cips-churces
img002009.jpg,cips/cips-churces/img002009.jpg,6,cips-churces
img000092.jpg,cips/cips-churces/img000092.jpg,6,cips-churces
img000574.jpg,cips/cips-churces/img000574.jpg,6,cips-churces
img002442.jpg,cips/cips-churces/img002442.jpg,6,cips-churces
img000352.jpg,cips/cips-churces/img000352.jpg,6,cips-churces
img001080.jpg,cips/cips-churces/img001080.jpg,6,cips-churces
img001165.jpg,cips/cips-churces/img001165.jpg,6,cips-churces
img000734.jpg,cips/cips-churces/img000734.jpg,6,cips-churces
img002590.jpg,cips/cips-churces/img002590.jpg,6,cips-churces
img000050.jpg,cips/cips-churces/img000050.jpg,6,cips-churces
img002076.jpg,cips/cips-churces/img002076.jpg,6,cips-churces
img001648.jpg,cips/cips-churces/img001648.jpg,6,cips-churces
img002024.jpg,cips/cips-churces/img002024.jpg,6,cips-churces
img002319.jpg,cips/cips-churces/img002319.jpg,6,cips-churces
img002570.jpg,cips/cips-churces/img002570.jpg,6,cips-churces
img001004.jpg,cips/cips-churces/img001004.jpg,6,cips-churces
img000729.jpg,cips/cips-churces/img000729.jpg,6,cips-churces
img000221.jpg,cips/cips-churces/img000221.jpg,6,cips-churces
img000642.jpg,cips/cips-churces/img000642.jpg,6,cips-churces
img001518.jpg,cips/cips-churces/img001518.jpg,6,cips-churces
img001097.jpg,cips/cips-churces/img001097.jpg,6,cips-churces
img002436.jpg,cips/cips-churces/img002436.jpg,6,cips-churces
img002691.jpg,cips/cips-churces/img002691.jpg,6,cips-churces
img002118.jpg,cips/cips-churces/img002118.jpg,6,cips-churces
img001704.jpg,cips/cips-churces/img001704.jpg,6,cips-churces
img000362.jpg,cips/cips-churces/img000362.jpg,6,cips-churces
img001790.jpg,cips/cips-churces/img001790.jpg,6,cips-churces
img000713.jpg,cips/cips-churces/img000713.jpg,6,cips-churces
img002682.jpg,cips/cips-churces/img002682.jpg,6,cips-churces
img000943.jpg,cips/cips-churces/img000943.jpg,6,cips-churces
img001616.jpg,cips/cips-churces/img001616.jpg,6,cips-churces
img000261.jpg,cips/cips-churces/img000261.jpg,6,cips-churces
img000543.jpg,cips/cips-churces/img000543.jpg,6,cips-churces
img001499.jpg,cips/cips-churces/img001499.jpg,6,cips-churces
img000479.jpg,cips/cips-churces/img000479.jpg,6,cips-churces
img000023.jpg,cips/cips-churces/img000023.jpg,6,cips-churces
img001944.jpg,cips/cips-churces/img001944.jpg,6,cips-churces
img001701.jpg,cips/cips-churces/img001701.jpg,6,cips-churces
img001178.jpg,cips/cips-churces/img001178.jpg,6,cips-churces
img002722.jpg,cips/cips-churces/img002722.jpg,6,cips-churces
img000878.jpg,cips/cips-churces/img000878.jpg,6,cips-churces
img002008.jpg,cips/cips-churces/img002008.jpg,6,cips-churces
img002503.jpg,cips/cips-churces/img002503.jpg,6,cips-churces
img000776.jpg,cips/cips-churces/img000776.jpg,6,cips-churces
img000173.jpg,cips/cips-churces/img000173.jpg,6,cips-churces
img000827.jpg,cips/cips-churces/img000827.jpg,6,cips-churces
img001179.jpg,cips/cips-churces/img001179.jpg,6,cips-churces
img001483.jpg,cips/cips-churces/img001483.jpg,6,cips-churces
img000774.jpg,cips/cips-churces/img000774.jpg,6,cips-churces
img002627.jpg,cips/cips-churces/img002627.jpg,6,cips-churces
img000289.jpg,cips/cips-churces/img000289.jpg,6,cips-churces
img002360.jpg,cips/cips-churces/img002360.jpg,6,cips-churces
img002233.jpg,cips/cips-churces/img002233.jpg,6,cips-churces
img002439.jpg,cips/cips-churces/img002439.jpg,6,cips-churces
img001156.jpg,cips/cips-churces/img001156.jpg,6,cips-churces
img000522.jpg,cips/cips-churces/img000522.jpg,6,cips-churces
img001126.jpg,cips/cips-churces/img001126.jpg,6,cips-churces
img000487.jpg,cips/cips-churces/img000487.jpg,6,cips-churces
img000851.jpg,cips/cips-churces/img000851.jpg,6,cips-churces
img002772.jpg,cips/cips-churces/img002772.jpg,6,cips-churces
img002158.jpg,cips/cips-churces/img002158.jpg,6,cips-churces
img001494.jpg,cips/cips-churces/img001494.jpg,6,cips-churces
img000698.jpg,cips/cips-churces/img000698.jpg,6,cips-churces
img001743.jpg,cips/cips-churces/img001743.jpg,6,cips-churces
img001361.jpg,cips/cips-churces/img001361.jpg,6,cips-churces
img000950.jpg,cips/cips-churces/img000950.jpg,6,cips-churces
img000801.jpg,cips/cips-churces/img000801.jpg,6,cips-churces
img002634.jpg,cips/cips-churces/img002634.jpg,6,cips-churces
img001798.jpg,cips/cips-churces/img001798.jpg,6,cips-churces
img002737.jpg,cips/cips-churces/img002737.jpg,6,cips-churces
img000136.jpg,cips/cips-churces/img000136.jpg,6,cips-churces
img002685.jpg,cips/cips-churces/img002685.jpg,6,cips-churces
img000200.jpg,cips/cips-churces/img000200.jpg,6,cips-churces
img002383.jpg,cips/cips-churces/img002383.jpg,6,cips-churces
img002007.jpg,cips/cips-churces/img002007.jpg,6,cips-churces
img001726.jpg,cips/cips-churces/img001726.jpg,6,cips-churces
img001970.jpg,cips/cips-churces/img001970.jpg,6,cips-churces
img000941.jpg,cips/cips-churces/img000941.jpg,6,cips-churces
img001764.jpg,cips/cips-churces/img001764.jpg,6,cips-churces
img000109.jpg,cips/cips-churces/img000109.jpg,6,cips-churces
img000429.jpg,cips/cips-churces/img000429.jpg,6,cips-churces
img000168.jpg,cips/cips-churces/img000168.jpg,6,cips-churces
img002299.jpg,cips/cips-churces/img002299.jpg,6,cips-churces
img000323.jpg,cips/cips-churces/img000323.jpg,6,cips-churces
img002217.jpg,cips/cips-churces/img002217.jpg,6,cips-churces
img000457.jpg,cips/cips-churces/img000457.jpg,6,cips-churces
img000496.jpg,cips/cips-churces/img000496.jpg,6,cips-churces
img002193.jpg,cips/cips-churces/img002193.jpg,6,cips-churces
img000455.jpg,cips/cips-churces/img000455.jpg,6,cips-churces
img001895.jpg,cips/cips-churces/img001895.jpg,6,cips-churces
img001770.jpg,cips/cips-churces/img001770.jpg,6,cips-churces
img000412.jpg,cips/cips-churces/img000412.jpg,6,cips-churces
img001695.jpg,cips/cips-churces/img001695.jpg,6,cips-churces
img002312.jpg,cips/cips-churces/img002312.jpg,6,cips-churces
img001948.jpg,cips/cips-churces/img001948.jpg,6,cips-churces
img001321.jpg,cips/cips-churces/img001321.jpg,6,cips-churces
img001810.jpg,cips/cips-churces/img001810.jpg,6,cips-churces
img002400.jpg,cips/cips-churces/img002400.jpg,6,cips-churces
img000258.jpg,cips/cips-churces/img000258.jpg,6,cips-churces
img001847.jpg,cips/cips-churces/img001847.jpg,6,cips-churces
img002558.jpg,cips/cips-churces/img002558.jpg,6,cips-churces
img000358.jpg,cips/cips-churces/img000358.jpg,6,cips-churces
img000620.jpg,cips/cips-churces/img000620.jpg,6,cips-churces
img001615.jpg,cips/cips-churces/img001615.jpg,6,cips-churces
img000840.jpg,cips/cips-churces/img000840.jpg,6,cips-churces
img002137.jpg,cips/cips-churces/img002137.jpg,6,cips-churces
img002698.jpg,cips/cips-churces/img002698.jpg,6,cips-churces
img001056.jpg,cips/cips-churces/img001056.jpg,6,cips-churces
img000658.jpg,cips/cips-churces/img000658.jpg,6,cips-churces
img000015.jpg,cips/cips-churces/img000015.jpg,6,cips-churces
img001177.jpg,cips/cips-churces/img001177.jpg,6,cips-churces
img001630.jpg,cips/cips-churces/img001630.jpg,6,cips-churces
img000330.jpg,cips/cips-churces/img000330.jpg,6,cips-churces
img002528.jpg,cips/cips-churces/img002528.jpg,6,cips-churces
img001814.jpg,cips/cips-churces/img001814.jpg,6,cips-churces
img001918.jpg,cips/cips-churces/img001918.jpg,6,cips-churces
img001585.jpg,cips/cips-churces/img001585.jpg,6,cips-churces
img000876.jpg,cips/cips-churces/img000876.jpg,6,cips-churces
img001416.jpg,cips/cips-churces/img001416.jpg,6,cips-churces
img001012.jpg,cips/cips-churces/img001012.jpg,6,cips-churces
img002044.jpg,cips/cips-churces/img002044.jpg,6,cips-churces
img000730.jpg,cips/cips-churces/img000730.jpg,6,cips-churces
img000132.jpg,cips/cips-churces/img000132.jpg,6,cips-churces
img001710.jpg,cips/cips-churces/img001710.jpg,6,cips-churces
img002516.jpg,cips/cips-churces/img002516.jpg,6,cips-churces
img000740.jpg,cips/cips-churces/img000740.jpg,6,cips-churces
img001377.jpg,cips/cips-churces/img001377.jpg,6,cips-churces
img000934.jpg,cips/cips-churces/img000934.jpg,6,cips-churces
img002267.jpg,cips/cips-churces/img002267.jpg,6,cips-churces
img000327.jpg,cips/cips-churces/img000327.jpg,6,cips-churces
img002199.jpg,cips/cips-churces/img002199.jpg,6,cips-churces
img000767.jpg,cips/cips-churces/img000767.jpg,6,cips-churces
img001307.jpg,cips/cips-churces/img001307.jpg,6,cips-churces
img001215.jpg,cips/cips-churces/img001215.jpg,6,cips-churces
img000273.jpg,cips/cips-churces/img000273.jpg,6,cips-churces
img000973.jpg,cips/cips-churces/img000973.jpg,6,cips-churces
img001848.jpg,cips/cips-churces/img001848.jpg,6,cips-churces
img002179.jpg,cips/cips-churces/img002179.jpg,6,cips-churces
img002022.jpg,cips/cips-churces/img002022.jpg,6,cips-churces
img001367.jpg,cips/cips-churces/img001367.jpg,6,cips-churces
img002254.jpg,cips/cips-churces/img002254.jpg,6,cips-churces
img000622.jpg,cips/cips-churces/img000622.jpg,6,cips-churces
img002338.jpg,cips/cips-churces/img002338.jpg,6,cips-churces
img000474.jpg,cips/cips-churces/img000474.jpg,6,cips-churces
img000953.jpg,cips/cips-churces/img000953.jpg,6,cips-churces
img000530.jpg,cips/cips-churces/img000530.jpg,6,cips-churces
img001228.jpg,cips/cips-churces/img001228.jpg,6,cips-churces
img000271.jpg,cips/cips-churces/img000271.jpg,6,cips-churces
img002083.jpg,cips/cips-churces/img002083.jpg,6,cips-churces
img000841.jpg,cips/cips-churces/img000841.jpg,6,cips-churces
img001875.jpg,cips/cips-churces/img001875.jpg,6,cips-churces
img000710.jpg,cips/cips-churces/img000710.jpg,6,cips-churces
img000126.jpg,cips/cips-churces/img000126.jpg,6,cips-churces
img002356.jpg,cips/cips-churces/img002356.jpg,6,cips-churces
img001034.jpg,cips/cips-churces/img001034.jpg,6,cips-churces
img000837.jpg,cips/cips-churces/img000837.jpg,6,cips-churces
img002549.jpg,cips/cips-churces/img002549.jpg,6,cips-churces
img001072.jpg,cips/cips-churces/img001072.jpg,6,cips-churces
img000490.jpg,cips/cips-churces/img000490.jpg,6,cips-churces
img000033.jpg,cips/cips-churces/img000033.jpg,6,cips-churces
img002192.jpg,cips/cips-churces/img002192.jpg,6,cips-churces
img001913.jpg,cips/cips-churces/img001913.jpg,6,cips-churces
img001530.jpg,cips/cips-churces/img001530.jpg,6,cips-churces
img002074.jpg,cips/cips-churces/img002074.jpg,6,cips-churces
img002582.jpg,cips/cips-churces/img002582.jpg,6,cips-churces
img000307.jpg,cips/cips-churces/img000307.jpg,6,cips-churces
img001606.jpg,cips/cips-churces/img001606.jpg,6,cips-churces
img000647.jpg,cips/cips-churces/img000647.jpg,6,cips-churces
img002346.jpg,cips/cips-churces/img002346.jpg,6,cips-churces
img000192.jpg,cips/cips-churces/img000192.jpg,6,cips-churces
img000319.jpg,cips/cips-churces/img000319.jpg,6,cips-churces
img001932.jpg,cips/cips-churces/img001932.jpg,6,cips-churces
img002057.jpg,cips/cips-churces/img002057.jpg,6,cips-churces
img002330.jpg,cips/cips-churces/img002330.jpg,6,cips-churces
img002735.jpg,cips/cips-churces/img002735.jpg,6,cips-churces
img001519.jpg,cips/cips-churces/img001519.jpg,6,cips-churces
img001020.jpg,cips/cips-churces/img001020.jpg,6,cips-churces
img002586.jpg,cips/cips-churces/img002586.jpg,6,cips-churces
img001788.jpg,cips/cips-churces/img001788.jpg,6,cips-churces
img001268.jpg,cips/cips-churces/img001268.jpg,6,cips-churces
img001424.jpg,cips/cips-churces/img001424.jpg,6,cips-churces
img001795.jpg,cips/cips-churces/img001795.jpg,6,cips-churces
img000991.jpg,cips/cips-churces/img000991.jpg,6,cips-churces
img000309.jpg,cips/cips-churces/img000309.jpg,6,cips-churces
img001446.jpg,cips/cips-churces/img001446.jpg,6,cips-churces
img000171.jpg,cips/cips-churces/img000171.jpg,6,cips-churces
img002611.jpg,cips/cips-churces/img002611.jpg,6,cips-churces
img001422.jpg,cips/cips-churces/img001422.jpg,6,cips-churces
img000692.jpg,cips/cips-churces/img000692.jpg,6,cips-churces
img001201.jpg,cips/cips-churces/img001201.jpg,6,cips-churces
img001758.jpg,cips/cips-churces/img001758.jpg,6,cips-churces
img001602.jpg,cips/cips-churces/img001602.jpg,6,cips-churces
img000538.jpg,cips/cips-churces/img000538.jpg,6,cips-churces
img001206.jpg,cips/cips-churces/img001206.jpg,6,cips-churces
img002444.jpg,cips/cips-churces/img002444.jpg,6,cips-churces
img001768.jpg,cips/cips-churces/img001768.jpg,6,cips-churces
img000320.jpg,cips/cips-churces/img000320.jpg,6,cips-churces
img000434.jpg,cips/cips-churces/img000434.jpg,6,cips-churces
img001927.jpg,cips/cips-churces/img001927.jpg,6,cips-churces
img000635.jpg,cips/cips-churces/img000635.jpg,6,cips-churces
img002568.jpg,cips/cips-churces/img002568.jpg,6,cips-churces
img002316.jpg,cips/cips-churces/img002316.jpg,6,cips-churces
img002260.jpg,cips/cips-churces/img002260.jpg,6,cips-churces
img001563.jpg,cips/cips-churces/img001563.jpg,6,cips-churces
img001512.jpg,cips/cips-churces/img001512.jpg,6,cips-churces
img001088.jpg,cips/cips-churces/img001088.jpg,6,cips-churces
img000939.jpg,cips/cips-churces/img000939.jpg,6,cips-churces
img002610.jpg,cips/cips-churces/img002610.jpg,6,cips-churces
img000974.jpg,cips/cips-churces/img000974.jpg,6,cips-churces
img000227.jpg,cips/cips-churces/img000227.jpg,6,cips-churces
img001939.jpg,cips/cips-churces/img001939.jpg,6,cips-churces
img002078.jpg,cips/cips-churces/img002078.jpg,6,cips-churces
img001533.jpg,cips/cips-churces/img001533.jpg,6,cips-churces
img001708.jpg,cips/cips-churces/img001708.jpg,6,cips-churces
img001599.jpg,cips/cips-churces/img001599.jpg,6,cips-churces
img002791.jpg,cips/cips-churces/img002791.jpg,6,cips-churces
img000583.jpg,cips/cips-churces/img000583.jpg,6,cips-churces
img001035.jpg,cips/cips-churces/img001035.jpg,6,cips-churces
img001680.jpg,cips/cips-churces/img001680.jpg,6,cips-churces
img002799.jpg,cips/cips-churces/img002799.jpg,6,cips-churces
img000811.jpg,cips/cips-churces/img000811.jpg,6,cips-churces
img000345.jpg,cips/cips-churces/img000345.jpg,6,cips-churces
img001507.jpg,cips/cips-churces/img001507.jpg,6,cips-churces
img002616.jpg,cips/cips-churces/img002616.jpg,6,cips-churces
img000178.jpg,cips/cips-churces/img000178.jpg,6,cips-churces
img000693.jpg,cips/cips-churces/img000693.jpg,6,cips-churces
img000470.jpg,cips/cips-churces/img000470.jpg,6,cips-churces
img000531.jpg,cips/cips-churces/img000531.jpg,6,cips-churces
img000924.jpg,cips/cips-churces/img000924.jpg,6,cips-churces
img001366.jpg,cips/cips-churces/img001366.jpg,6,cips-churces
img002113.jpg,cips/cips-churces/img002113.jpg,6,cips-churces
img001305.jpg,cips/cips-churces/img001305.jpg,6,cips-churces
img002432.jpg,cips/cips-churces/img002432.jpg,6,cips-churces
img000205.jpg,cips/cips-churces/img000205.jpg,6,cips-churces
img002154.jpg,cips/cips-churces/img002154.jpg,6,cips-churces
img002028.jpg,cips/cips-churces/img002028.jpg,6,cips-churces
img000411.jpg,cips/cips-churces/img000411.jpg,6,cips-churces
img001485.jpg,cips/cips-churces/img001485.jpg,6,cips-churces
img001976.jpg,cips/cips-churces/img001976.jpg,6,cips-churces
img001265.jpg,cips/cips-churces/img001265.jpg,6,cips-churces
img000350.jpg,cips/cips-churces/img000350.jpg,6,cips-churces
img000207.jpg,cips/cips-churces/img000207.jpg,6,cips-churces
img002730.jpg,cips/cips-churces/img002730.jpg,6,cips-churces
img001575.jpg,cips/cips-churces/img001575.jpg,6,cips-churces
img001832.jpg,cips/cips-churces/img001832.jpg,6,cips-churces
img002253.jpg,cips/cips-churces/img002253.jpg,6,cips-churces
img001213.jpg,cips/cips-churces/img001213.jpg,6,cips-churces
img000068.jpg,cips/cips-churces/img000068.jpg,6,cips-churces
img002380.jpg,cips/cips-churces/img002380.jpg,6,cips-churces
img002223.jpg,cips/cips-churces/img002223.jpg,6,cips-churces
img002618.jpg,cips/cips-churces/img002618.jpg,6,cips-churces
img002375.jpg,cips/cips-churces/img002375.jpg,6,cips-churces
img001378.jpg,cips/cips-churces/img001378.jpg,6,cips-churces
img001712.jpg,cips/cips-churces/img001712.jpg,6,cips-churces
img001931.jpg,cips/cips-churces/img001931.jpg,6,cips-churces
img002417.jpg,cips/cips-churces/img002417.jpg,6,cips-churces
img001548.jpg,cips/cips-churces/img001548.jpg,6,cips-churces
img001041.jpg,cips/cips-churces/img001041.jpg,6,cips-churces
img001878.jpg,cips/cips-churces/img001878.jpg,6,cips-churces
img001735.jpg,cips/cips-churces/img001735.jpg,6,cips-churces
img002111.jpg,cips/cips-churces/img002111.jpg,6,cips-churces
img001880.jpg,cips/cips-churces/img001880.jpg,6,cips-churces
img000080.jpg,cips/cips-churces/img000080.jpg,6,cips-churces
img001312.jpg,cips/cips-churces/img001312.jpg,6,cips-churces
img002416.jpg,cips/cips-churces/img002416.jpg,6,cips-churces
img002413.jpg,cips/cips-churces/img002413.jpg,6,cips-churces
img000915.jpg,cips/cips-churces/img000915.jpg,6,cips-churces
img000816.jpg,cips/cips-churces/img000816.jpg,6,cips-churces
img002638.jpg,cips/cips-churces/img002638.jpg,6,cips-churces
img001396.jpg,cips/cips-churces/img001396.jpg,6,cips-churces
img002623.jpg,cips/cips-churces/img002623.jpg,6,cips-churces
img001313.jpg,cips/cips-churces/img001313.jpg,6,cips-churces
img000843.jpg,cips/cips-churces/img000843.jpg,6,cips-churces
img002051.jpg,cips/cips-churces/img002051.jpg,6,cips-churces
img002649.jpg,cips/cips-churces/img002649.jpg,6,cips-churces
img002718.jpg,cips/cips-churces/img002718.jpg,6,cips-churces
img001612.jpg,cips/cips-churces/img001612.jpg,6,cips-churces
img000527.jpg,cips/cips-churces/img000527.jpg,6,cips-churces
img000182.jpg,cips/cips-churces/img000182.jpg,6,cips-churces
img002583.jpg,cips/cips-churces/img002583.jpg,6,cips-churces
img000677.jpg,cips/cips-churces/img000677.jpg,6,cips-churces
img001239.jpg,cips/cips-churces/img001239.jpg,6,cips-churces
img000257.jpg,cips/cips-churces/img000257.jpg,6,cips-churces
img001354.jpg,cips/cips-churces/img001354.jpg,6,cips-churces
img001490.jpg,cips/cips-churces/img001490.jpg,6,cips-churces
img000020.jpg,cips/cips-churces/img000020.jpg,6,cips-churces
img000741.jpg,cips/cips-churces/img000741.jpg,6,cips-churces
img001379.jpg,cips/cips-churces/img001379.jpg,6,cips-churces
img000249.jpg,cips/cips-churces/img000249.jpg,6,cips-churces
img002212.jpg,cips/cips-churces/img002212.jpg,6,cips-churces
img002683.jpg,cips/cips-churces/img002683.jpg,6,cips-churces
img001209.jpg,cips/cips-churces/img001209.jpg,6,cips-churces
img001622.jpg,cips/cips-churces/img001622.jpg,6,cips-churces
img000295.jpg,cips/cips-churces/img000295.jpg,6,cips-churces
img001525.jpg,cips/cips-churces/img001525.jpg,6,cips-churces
img001436.jpg,cips/cips-churces/img001436.jpg,6,cips-churces
img001010.jpg,cips/cips-churces/img001010.jpg,6,cips-churces
img001254.jpg,cips/cips-churces/img001254.jpg,6,cips-churces
img002744.jpg,cips/cips-churces/img002744.jpg,6,cips-churces
img001390.jpg,cips/cips-churces/img001390.jpg,6,cips-churces
img001975.jpg,cips/cips-churces/img001975.jpg,6,cips-churces
img001787.jpg,cips/cips-churces/img001787.jpg,6,cips-churces
img001073.jpg,cips/cips-churces/img001073.jpg,6,cips-churces
img001583.jpg,cips/cips-churces/img001583.jpg,6,cips-churces
img001113.jpg,cips/cips-churces/img001113.jpg,6,cips-churces
img001263.jpg,cips/cips-churces/img001263.jpg,6,cips-churces
img002033.jpg,cips/cips-churces/img002033.jpg,6,cips-churces
img000653.jpg,cips/cips-churces/img000653.jpg,6,cips-churces
img000044.jpg,cips/cips-churces/img000044.jpg,6,cips-churces
img001626.jpg,cips/cips-churces/img001626.jpg,6,cips-churces
img000150.jpg,cips/cips-churces/img000150.jpg,6,cips-churces
img000962.jpg,cips/cips-churces/img000962.jpg,6,cips-churces
img002785.jpg,cips/cips-churces/img002785.jpg,6,cips-churces
img000613.jpg,cips/cips-churces/img000613.jpg,6,cips-churces
img002594.jpg,cips/cips-churces/img002594.jpg,6,cips-churces
img002401.jpg,cips/cips-churces/img002401.jpg,6,cips-churces
img002162.jpg,cips/cips-churces/img002162.jpg,6,cips-churces
img000873.jpg,cips/cips-churces/img000873.jpg,6,cips-churces
img000864.jpg,cips/cips-churces/img000864.jpg,6,cips-churces
img000759.jpg,cips/cips-churces/img000759.jpg,6,cips-churces
img002047.jpg,cips/cips-churces/img002047.jpg,6,cips-churces
img000468.jpg,cips/cips-churces/img000468.jpg,6,cips-churces
img001448.jpg,cips/cips-churces/img001448.jpg,6,cips-churces
img000718.jpg,cips/cips-churces/img000718.jpg,6,cips-churces
img001782.jpg,cips/cips-churces/img001782.jpg,6,cips-churces
img001089.jpg,cips/cips-churces/img001089.jpg,6,cips-churces
img000666.jpg,cips/cips-churces/img000666.jpg,6,cips-churces
img001449.jpg,cips/cips-churces/img001449.jpg,6,cips-churces
img001871.jpg,cips/cips-churces/img001871.jpg,6,cips-churces
img001403.jpg,cips/cips-churces/img001403.jpg,6,cips-churces
img002769.jpg,cips/cips-churces/img002769.jpg,6,cips-churces
img001823.jpg,cips/cips-churces/img001823.jpg,6,cips-churces
img000865.jpg,cips/cips-churces/img000865.jpg,6,cips-churces
img001008.jpg,cips/cips-churces/img001008.jpg,6,cips-churces
img002321.jpg,cips/cips-churces/img002321.jpg,6,cips-churces
img001569.jpg,cips/cips-churces/img001569.jpg,6,cips-churces
img001617.jpg,cips/cips-churces/img001617.jpg,6,cips-churces
img000459.jpg,cips/cips-churces/img000459.jpg,6,cips-churces
img002539.jpg,cips/cips-churces/img002539.jpg,6,cips-churces
img000537.jpg,cips/cips-churces/img000537.jpg,6,cips-churces
img002177.jpg,cips/cips-churces/img002177.jpg,6,cips-churces
img002637.jpg,cips/cips-churces/img002637.jpg,6,cips-churces
img000765.jpg,cips/cips-churces/img000765.jpg,6,cips-churces
img001006.jpg,cips/cips-churces/img001006.jpg,6,cips-churces
img002710.jpg,cips/cips-churces/img002710.jpg,6,cips-churces
img001401.jpg,cips/cips-churces/img001401.jpg,6,cips-churces
img000772.jpg,cips/cips-churces/img000772.jpg,6,cips-churces
img002566.jpg,cips/cips-churces/img002566.jpg,6,cips-churces
img000888.jpg,cips/cips-churces/img000888.jpg,6,cips-churces
img000210.jpg,cips/cips-churces/img000210.jpg,6,cips-churces
img001181.jpg,cips/cips-churces/img001181.jpg,6,cips-churces
img002240.jpg,cips/cips-churces/img002240.jpg,6,cips-churces
img000600.jpg,cips/cips-churces/img000600.jpg,6,cips-churces
img000113.jpg,cips/cips-churces/img000113.jpg,6,cips-churces
img001610.jpg,cips/cips-churces/img001610.jpg,6,cips-churces
img000695.jpg,cips/cips-churces/img000695.jpg,6,cips-churces
img000098.jpg,cips/cips-churces/img000098.jpg,6,cips-churces
img002297.jpg,cips/cips-churces/img002297.jpg,6,cips-churces
img002679.jpg,cips/cips-churces/img002679.jpg,6,cips-churces
img000017.jpg,cips/cips-churces/img000017.jpg,6,cips-churces
img000908.jpg,cips/cips-churces/img000908.jpg,6,cips-churces
img000536.jpg,cips/cips-churces/img000536.jpg,6,cips-churces
img001458.jpg,cips/cips-churces/img001458.jpg,6,cips-churces
img000599.jpg,cips/cips-churces/img000599.jpg,6,cips-churces
img000241.jpg,cips/cips-churces/img000241.jpg,6,cips-churces
img000492.jpg,cips/cips-churces/img000492.jpg,6,cips-churces
img000745.jpg,cips/cips-churces/img000745.jpg,6,cips-churces
img001427.jpg,cips/cips-churces/img001427.jpg,6,cips-churces
img001498.jpg,cips/cips-churces/img001498.jpg,6,cips-churces
img000159.jpg,cips/cips-churces/img000159.jpg,6,cips-churces
img001549.jpg,cips/cips-churces/img001549.jpg,6,cips-churces
img001235.jpg,cips/cips-churces/img001235.jpg,6,cips-churces
img002490.jpg,cips/cips-churces/img002490.jpg,6,cips-churces
img000521.jpg,cips/cips-churces/img000521.jpg,6,cips-churces
img001579.jpg,cips/cips-churces/img001579.jpg,6,cips-churces
img002320.jpg,cips/cips-churces/img002320.jpg,6,cips-churces
img000216.jpg,cips/cips-churces/img000216.jpg,6,cips-churces
img000592.jpg,cips/cips-churces/img000592.jpg,6,cips-churces
img002404.jpg,cips/cips-churces/img002404.jpg,6,cips-churces
img001706.jpg,cips/cips-churces/img001706.jpg,6,cips-churces
img000306.jpg,cips/cips-churces/img000306.jpg,6,cips-churces
img001238.jpg,cips/cips-churces/img001238.jpg,6,cips-churces
img002458.jpg,cips/cips-churces/img002458.jpg,6,cips-churces
img000808.jpg,cips/cips-churces/img000808.jpg,6,cips-churces
img000036.jpg,cips/cips-churces/img000036.jpg,6,cips-churces
img000790.jpg,cips/cips-churces/img000790.jpg,6,cips-churces
img002096.jpg,cips/cips-churces/img002096.jpg,6,cips-churces
img001734.jpg,cips/cips-churces/img001734.jpg,6,cips-churces
img001117.jpg,cips/cips-churces/img001117.jpg,6,cips-churces
img001191.jpg,cips/cips-churces/img001191.jpg,6,cips-churces
img001372.jpg,cips/cips-churces/img001372.jpg,6,cips-churces
img000288.jpg,cips/cips-churces/img000288.jpg,6,cips-churces
img002002.jpg,cips/cips-churces/img002002.jpg,6,cips-churces
img001792.jpg,cips/cips-churces/img001792.jpg,6,cips-churces
img001670.jpg,cips/cips-churces/img001670.jpg,6,cips-churces
img000616.jpg,cips/cips-churces/img000616.jpg,6,cips-churces
img000239.jpg,cips/cips-churces/img000239.jpg,6,cips-churces
img000673.jpg,cips/cips-churces/img000673.jpg,6,cips-churces
img001226.jpg,cips/cips-churces/img001226.jpg,6,cips-churces
img000075.jpg,cips/cips-churces/img000075.jpg,6,cips-churces
img001371.jpg,cips/cips-churces/img001371.jpg,6,cips-churces
img002482.jpg,cips/cips-churces/img002482.jpg,6,cips-churces
img001445.jpg,cips/cips-churces/img001445.jpg,6,cips-churces
img001272.jpg,cips/cips-churces/img001272.jpg,6,cips-churces
img002440.jpg,cips/cips-churces/img002440.jpg,6,cips-churces
img000900.jpg,cips/cips-churces/img000900.jpg,6,cips-churces
img000404.jpg,cips/cips-churces/img000404.jpg,6,cips-churces
img000742.jpg,cips/cips-churces/img000742.jpg,6,cips-churces
img001763.jpg,cips/cips-churces/img001763.jpg,6,cips-churces
img000587.jpg,cips/cips-churces/img000587.jpg,6,cips-churces
img001322.jpg,cips/cips-churces/img001322.jpg,6,cips-churces
img002041.jpg,cips/cips-churces/img002041.jpg,6,cips-churces
img001945.jpg,cips/cips-churces/img001945.jpg,6,cips-churces
img001741.jpg,cips/cips-churces/img001741.jpg,6,cips-churces
img002095.jpg,cips/cips-churces/img002095.jpg,6,cips-churces
img000609.jpg,cips/cips-churces/img000609.jpg,6,cips-churces
img001479.jpg,cips/cips-churces/img001479.jpg,6,cips-churces
img001036.jpg,cips/cips-churces/img001036.jpg,6,cips-churces
img001320.jpg,cips/cips-churces/img001320.jpg,6,cips-churces
img001514.jpg,cips/cips-churces/img001514.jpg,6,cips-churces
img001314.jpg,cips/cips-churces/img001314.jpg,6,cips-churces
img000121.jpg,cips/cips-churces/img000121.jpg,6,cips-churces
img000804.jpg,cips/cips-churces/img000804.jpg,6,cips-churces
img002500.jpg,cips/cips-churces/img002500.jpg,6,cips-churces
img002036.jpg,cips/cips-churces/img002036.jpg,6,cips-churces
img000931.jpg,cips/cips-churces/img000931.jpg,6,cips-churces
img002161.jpg,cips/cips-churces/img002161.jpg,6,cips-churces
img002108.jpg,cips/cips-churces/img002108.jpg,6,cips-churces
img001715.jpg,cips/cips-churces/img001715.jpg,6,cips-churces
img002720.jpg,cips/cips-churces/img002720.jpg,6,cips-churces
img001534.jpg,cips/cips-churces/img001534.jpg,6,cips-churces
img000105.jpg,cips/cips-churces/img000105.jpg,6,cips-churces
img001001.jpg,cips/cips-churces/img001001.jpg,6,cips-churces
img002768.jpg,cips/cips-churces/img002768.jpg,6,cips-churces
img002150.jpg,cips/cips-churces/img002150.jpg,6,cips-churces
img001766.jpg,cips/cips-churces/img001766.jpg,6,cips-churces
img000612.jpg,cips/cips-churces/img000612.jpg,6,cips-churces
img000505.jpg,cips/cips-churces/img000505.jpg,6,cips-churces
img000077.jpg,cips/cips-churces/img000077.jpg,6,cips-churces
img001472.jpg,cips/cips-churces/img001472.jpg,6,cips-churces
img001018.jpg,cips/cips-churces/img001018.jpg,6,cips-churces
img002201.jpg,cips/cips-churces/img002201.jpg,6,cips-churces
img001775.jpg,cips/cips-churces/img001775.jpg,6,cips-churces
img002214.jpg,cips/cips-churces/img002214.jpg,6,cips-churces
img001824.jpg,cips/cips-churces/img001824.jpg,6,cips-churces
img001793.jpg,cips/cips-churces/img001793.jpg,6,cips-churces
img001464.jpg,cips/cips-churces/img001464.jpg,6,cips-churces
img002424.jpg,cips/cips-churces/img002424.jpg,6,cips-churces
img002117.jpg,cips/cips-churces/img002117.jpg,6,cips-churces
img002071.jpg,cips/cips-churces/img002071.jpg,6,cips-churces
img001363.jpg,cips/cips-churces/img001363.jpg,6,cips-churces
img000076.jpg,cips/cips-churces/img000076.jpg,6,cips-churces
img000262.jpg,cips/cips-churces/img000262.jpg,6,cips-churces
img000183.jpg,cips/cips-churces/img000183.jpg,6,cips-churces
img000909.jpg,cips/cips-churces/img000909.jpg,6,cips-churces
img002663.jpg,cips/cips-churces/img002663.jpg,6,cips-churces
img000425.jpg,cips/cips-churces/img000425.jpg,6,cips-churces
img001032.jpg,cips/cips-churces/img001032.jpg,6,cips-churces
img000177.jpg,cips/cips-churces/img000177.jpg,6,cips-churces
img001057.jpg,cips/cips-churces/img001057.jpg,6,cips-churces
img002252.jpg,cips/cips-churces/img002252.jpg,6,cips-churces
img000815.jpg,cips/cips-churces/img000815.jpg,6,cips-churces
img002274.jpg,cips/cips-churces/img002274.jpg,6,cips-churces
img000623.jpg,cips/cips-churces/img000623.jpg,6,cips-churces
img000488.jpg,cips/cips-churces/img000488.jpg,6,cips-churces
img000875.jpg,cips/cips-churces/img000875.jpg,6,cips-churces
img001557.jpg,cips/cips-churces/img001557.jpg,6,cips-churces
img001219.jpg,cips/cips-churces/img001219.jpg,6,cips-churces
img002106.jpg,cips/cips-churces/img002106.jpg,6,cips-churces
img002617.jpg,cips/cips-churces/img002617.jpg,6,cips-churces
img000040.jpg,cips/cips-churces/img000040.jpg,6,cips-churces
img000660.jpg,cips/cips-churces/img000660.jpg,6,cips-churces
img000979.jpg,cips/cips-churces/img000979.jpg,6,cips-churces
img001382.jpg,cips/cips-churces/img001382.jpg,6,cips-churces
img000322.jpg,cips/cips-churces/img000322.jpg,6,cips-churces
img000390.jpg,cips/cips-churces/img000390.jpg,6,cips-churces
img002471.jpg,cips/cips-churces/img002471.jpg,6,cips-churces
img000130.jpg,cips/cips-churces/img000130.jpg,6,cips-churces
img001693.jpg,cips/cips-churces/img001693.jpg,6,cips-churces
img002534.jpg,cips/cips-churces/img002534.jpg,6,cips-churces
img001986.jpg,cips/cips-churces/img001986.jpg,6,cips-churces
img000517.jpg,cips/cips-churces/img000517.jpg,6,cips-churces
img002491.jpg,cips/cips-churces/img002491.jpg,6,cips-churces
img002188.jpg,cips/cips-churces/img002188.jpg,6,cips-churces
img001128.jpg,cips/cips-churces/img001128.jpg,6,cips-churces
img000160.jpg,cips/cips-churces/img000160.jpg,6,cips-churces
img000845.jpg,cips/cips-churces/img000845.jpg,6,cips-churces
img001462.jpg,cips/cips-churces/img001462.jpg,6,cips-churces
img002166.jpg,cips/cips-churces/img002166.jpg,6,cips-churces
img001835.jpg,cips/cips-churces/img001835.jpg,6,cips-churces
img001992.jpg,cips/cips-churces/img001992.jpg,6,cips-churces
img000897.jpg,cips/cips-churces/img000897.jpg,6,cips-churces
img001133.jpg,cips/cips-churces/img001133.jpg,6,cips-churces
img001193.jpg,cips/cips-churces/img001193.jpg,6,cips-churces
img001016.jpg,cips/cips-churces/img001016.jpg,6,cips-churces
img001423.jpg,cips/cips-churces/img001423.jpg,6,cips-churces
img000124.jpg,cips/cips-churces/img000124.jpg,6,cips-churces
img002289.jpg,cips/cips-churces/img002289.jpg,6,cips-churces
img001877.jpg,cips/cips-churces/img001877.jpg,6,cips-churces
img000903.jpg,cips/cips-churces/img000903.jpg,6,cips-churces
img001203.jpg,cips/cips-churces/img001203.jpg,6,cips-churces
img001112.jpg,cips/cips-churces/img001112.jpg,6,cips-churces
img002195.jpg,cips/cips-churces/img002195.jpg,6,cips-churces
img002628.jpg,cips/cips-churces/img002628.jpg,6,cips-churces
img000755.jpg,cips/cips-churces/img000755.jpg,6,cips-churces
img002402.jpg,cips/cips-churces/img002402.jpg,6,cips-churces
img000041.jpg,cips/cips-churces/img000041.jpg,6,cips-churces
img001714.jpg,cips/cips-churces/img001714.jpg,6,cips-churces
img001582.jpg,cips/cips-churces/img001582.jpg,6,cips-churces
img001315.jpg,cips/cips-churces/img001315.jpg,6,cips-churces
img000751.jpg,cips/cips-churces/img000751.jpg,6,cips-churces
img002322.jpg,cips/cips-churces/img002322.jpg,6,cips-churces
img001961.jpg,cips/cips-churces/img001961.jpg,6,cips-churces
img000904.jpg,cips/cips-churces/img000904.jpg,6,cips-churces
img001359.jpg,cips/cips-churces/img001359.jpg,6,cips-churces
img000321.jpg,cips/cips-churces/img000321.jpg,6,cips-churces
img002138.jpg,cips/cips-churces/img002138.jpg,6,cips-churces
img001650.jpg,cips/cips-churces/img001650.jpg,6,cips-churces
img002648.jpg,cips/cips-churces/img002648.jpg,6,cips-churces
img002308.jpg,cips/cips-churces/img002308.jpg,6,cips-churces
img002624.jpg,cips/cips-churces/img002624.jpg,6,cips-churces
img000777.jpg,cips/cips-churces/img000777.jpg,6,cips-churces
img001906.jpg,cips/cips-churces/img001906.jpg,6,cips-churces
img001419.jpg,cips/cips-churces/img001419.jpg,6,cips-churces
img001779.jpg,cips/cips-churces/img001779.jpg,6,cips-churces
img001705.jpg,cips/cips-churces/img001705.jpg,6,cips-churces
img001345.jpg,cips/cips-churces/img001345.jpg,6,cips-churces
img001930.jpg,cips/cips-churces/img001930.jpg,6,cips-churces
img001950.jpg,cips/cips-churces/img001950.jpg,6,cips-churces
img000665.jpg,cips/cips-churces/img000665.jpg,6,cips-churces
img002388.jpg,cips/cips-churces/img002388.jpg,6,cips-churces
img000585.jpg,cips/cips-churces/img000585.jpg,6,cips-churces
img000964.jpg,cips/cips-churces/img000964.jpg,6,cips-churces
img001870.jpg,cips/cips-churces/img001870.jpg,6,cips-churces
img002664.jpg,cips/cips-churces/img002664.jpg,6,cips-churces
img000556.jpg,cips/cips-churces/img000556.jpg,6,cips-churces
img002460.jpg,cips/cips-churces/img002460.jpg,6,cips-churces
img000141.jpg,cips/cips-churces/img000141.jpg,6,cips-churces
img001989.jpg,cips/cips-churces/img001989.jpg,6,cips-churces
img001977.jpg,cips/cips-churces/img001977.jpg,6,cips-churces
img001116.jpg,cips/cips-churces/img001116.jpg,6,cips-churces
img002344.jpg,cips/cips-churces/img002344.jpg,6,cips-churces
img000923.jpg,cips/cips-churces/img000923.jpg,6,cips-churces
img000100.jpg,cips/cips-churces/img000100.jpg,6,cips-churces
img001421.jpg,cips/cips-churces/img001421.jpg,6,cips-churces
img000106.jpg,cips/cips-churces/img000106.jpg,6,cips-churces
img001289.jpg,cips/cips-churces/img001289.jpg,6,cips-churces
img001685.jpg,cips/cips-churces/img001685.jpg,6,cips-churces
img002711.jpg,cips/cips-churces/img002711.jpg,6,cips-churces
img001964.jpg,cips/cips-churces/img001964.jpg,6,cips-churces
img001049.jpg,cips/cips-churces/img001049.jpg,6,cips-churces
img002329.jpg,cips/cips-churces/img002329.jpg,6,cips-churces
img002708.jpg,cips/cips-churces/img002708.jpg,6,cips-churces
img001098.jpg,cips/cips-churces/img001098.jpg,6,cips-churces
img000083.jpg,cips/cips-churces/img000083.jpg,6,cips-churces
img000297.jpg,cips/cips-churces/img000297.jpg,6,cips-churces
img000430.jpg,cips/cips-churces/img000430.jpg,6,cips-churces
img000630.jpg,cips/cips-churces/img000630.jpg,6,cips-churces
img001640.jpg,cips/cips-churces/img001640.jpg,6,cips-churces
img000466.jpg,cips/cips-churces/img000466.jpg,6,cips-churces
img000444.jpg,cips/cips-churces/img000444.jpg,6,cips-churces
img001886.jpg,cips/cips-churces/img001886.jpg,6,cips-churces
img000004.jpg,cips/cips-churces/img000004.jpg,6,cips-churces
img000982.jpg,cips/cips-churces/img000982.jpg,6,cips-churces
img002466.jpg,cips/cips-churces/img002466.jpg,6,cips-churces
img000340.jpg,cips/cips-churces/img000340.jpg,6,cips-churces
img002580.jpg,cips/cips-churces/img002580.jpg,6,cips-churces
img001079.jpg,cips/cips-churces/img001079.jpg,6,cips-churces
img002602.jpg,cips/cips-churces/img002602.jpg,6,cips-churces
img000298.jpg,cips/cips-churces/img000298.jpg,6,cips-churces
img002532.jpg,cips/cips-churces/img002532.jpg,6,cips-churces
img002130.jpg,cips/cips-churces/img002130.jpg,6,cips-churces
img002419.jpg,cips/cips-churces/img002419.jpg,6,cips-churces
img002762.jpg,cips/cips-churces/img002762.jpg,6,cips-churces
img002559.jpg,cips/cips-churces/img002559.jpg,6,cips-churces
img002469.jpg,cips/cips-churces/img002469.jpg,6,cips-churces
img001830.jpg,cips/cips-churces/img001830.jpg,6,cips-churces
img002484.jpg,cips/cips-churces/img002484.jpg,6,cips-churces
img002690.jpg,cips/cips-churces/img002690.jpg,6,cips-churces
img000229.jpg,cips/cips-churces/img000229.jpg,6,cips-churces
img001955.jpg,cips/cips-churces/img001955.jpg,6,cips-churces
img000687.jpg,cips/cips-churces/img000687.jpg,6,cips-churces
img001574.jpg,cips/cips-churces/img001574.jpg,6,cips-churces
img002557.jpg,cips/cips-churces/img002557.jpg,6,cips-churces
img002284.jpg,cips/cips-churces/img002284.jpg,6,cips-churces
img002697.jpg,cips/cips-churces/img002697.jpg,6,cips-churces
img001468.jpg,cips/cips-churces/img001468.jpg,6,cips-churces
img000191.jpg,cips/cips-churces/img000191.jpg,6,cips-churces
img001980.jpg,cips/cips-churces/img001980.jpg,6,cips-churces
img001145.jpg,cips/cips-churces/img001145.jpg,6,cips-churces
img000818.jpg,cips/cips-churces/img000818.jpg,6,cips-churces
img000341.jpg,cips/cips-churces/img000341.jpg,6,cips-churces
img002489.jpg,cips/cips-churces/img002489.jpg,6,cips-churces
img002124.jpg,cips/cips-churces/img002124.jpg,6,cips-churces
img000902.jpg,cips/cips-churces/img000902.jpg,6,cips-churces
img002062.jpg,cips/cips-churces/img002062.jpg,6,cips-churces
img002754.jpg,cips/cips-churces/img002754.jpg,6,cips-churces
img000836.jpg,cips/cips-churces/img000836.jpg,6,cips-churces
img000508.jpg,cips/cips-churces/img000508.jpg,6,cips-churces
img000385.jpg,cips/cips-churces/img000385.jpg,6,cips-churces
img001282.jpg,cips/cips-churces/img001282.jpg,6,cips-churces
img000863.jpg,cips/cips-churces/img000863.jpg,6,cips-churces
img000930.jpg,cips/cips-churces/img000930.jpg,6,cips-churces
img001821.jpg,cips/cips-churces/img001821.jpg,6,cips-churces
img000705.jpg,cips/cips-churces/img000705.jpg,6,cips-churces
img000419.jpg,cips/cips-churces/img000419.jpg,6,cips-churces
img000094.jpg,cips/cips-churces/img000094.jpg,6,cips-churces
img001002.jpg,cips/cips-churces/img001002.jpg,6,cips-churces
img000011.jpg,cips/cips-churces/img000011.jpg,6,cips-churces
img000334.jpg,cips/cips-churces/img000334.jpg,6,cips-churces
img001326.jpg,cips/cips-churces/img001326.jpg,6,cips-churces
img000686.jpg,cips/cips-churces/img000686.jpg,6,cips-churces
img002686.jpg,cips/cips-churces/img002686.jpg,6,cips-churces
img001339.jpg,cips/cips-churces/img001339.jpg,6,cips-churces
img001724.jpg,cips/cips-churces/img001724.jpg,6,cips-churces
img001102.jpg,cips/cips-churces/img001102.jpg,6,cips-churces
img000579.jpg,cips/cips-churces/img000579.jpg,6,cips-churces
img001266.jpg,cips/cips-churces/img001266.jpg,6,cips-churces
img000071.jpg,cips/cips-churces/img000071.jpg,6,cips-churces
img002226.jpg,cips/cips-churces/img002226.jpg,6,cips-churces
img001039.jpg,cips/cips-churces/img001039.jpg,6,cips-churces
img000997.jpg,cips/cips-churces/img000997.jpg,6,cips-churces
img002046.jpg,cips/cips-churces/img002046.jpg,6,cips-churces
img001834.jpg,cips/cips-churces/img001834.jpg,6,cips-churces
img002447.jpg,cips/cips-churces/img002447.jpg,6,cips-churces
img000800.jpg,cips/cips-churces/img000800.jpg,6,cips-churces
img000697.jpg,cips/cips-churces/img000697.jpg,6,cips-churces
img001971.jpg,cips/cips-churces/img001971.jpg,6,cips-churces
img002535.jpg,cips/cips-churces/img002535.jpg,6,cips-churces
img002508.jpg,cips/cips-churces/img002508.jpg,6,cips-churces
img001064.jpg,cips/cips-churces/img001064.jpg,6,cips-churces
img001665.jpg,cips/cips-churces/img001665.jpg,6,cips-churces
img001884.jpg,cips/cips-churces/img001884.jpg,6,cips-churces
img002263.jpg,cips/cips-churces/img002263.jpg,6,cips-churces
img000699.jpg,cips/cips-churces/img000699.jpg,6,cips-churces
img001516.jpg,cips/cips-churces/img001516.jpg,6,cips-churces
img000007.jpg,cips/cips-churces/img000007.jpg,6,cips-churces
img001148.jpg,cips/cips-churces/img001148.jpg,6,cips-churces
img000452.jpg,cips/cips-churces/img000452.jpg,6,cips-churces
img001550.jpg,cips/cips-churces/img001550.jpg,6,cips-churces
img000768.jpg,cips/cips-churces/img000768.jpg,6,cips-churces
img000591.jpg,cips/cips-churces/img000591.jpg,6,cips-churces
img001723.jpg,cips/cips-churces/img001723.jpg,6,cips-churces
img000754.jpg,cips/cips-churces/img000754.jpg,6,cips-churces
img002283.jpg,cips/cips-churces/img002283.jpg,6,cips-churces
img001603.jpg,cips/cips-churces/img001603.jpg,6,cips-churces
img000184.jpg,cips/cips-churces/img000184.jpg,6,cips-churces
img001746.jpg,cips/cips-churces/img001746.jpg,6,cips-churces
img002315.jpg,cips/cips-churces/img002315.jpg,6,cips-churces
img002073.jpg,cips/cips-churces/img002073.jpg,6,cips-churces
img002644.jpg,cips/cips-churces/img002644.jpg,6,cips-churces
img002210.jpg,cips/cips-churces/img002210.jpg,6,cips-churces
img001497.jpg,cips/cips-churces/img001497.jpg,6,cips-churces
img002129.jpg,cips/cips-churces/img002129.jpg,6,cips-churces
img000562.jpg,cips/cips-churces/img000562.jpg,6,cips-churces
img000471.jpg,cips/cips-churces/img000471.jpg,6,cips-churces
img001783.jpg,cips/cips-churces/img001783.jpg,6,cips-churces
img001426.jpg,cips/cips-churces/img001426.jpg,6,cips-churces
img000503.jpg,cips/cips-churces/img000503.jpg,6,cips-churces
img001147.jpg,cips/cips-churces/img001147.jpg,6,cips-churces
img001762.jpg,cips/cips-churces/img001762.jpg,6,cips-churces
img000431.jpg,cips/cips-churces/img000431.jpg,6,cips-churces
img000420.jpg,cips/cips-churces/img000420.jpg,6,cips-churces
img002347.jpg,cips/cips-churces/img002347.jpg,6,cips-churces
img001953.jpg,cips/cips-churces/img001953.jpg,6,cips-churces
img000250.jpg,cips/cips-churces/img000250.jpg,6,cips-churces
img001294.jpg,cips/cips-churces/img001294.jpg,6,cips-churces
img002323.jpg,cips/cips-churces/img002323.jpg,6,cips-churces
img000450.jpg,cips/cips-churces/img000450.jpg,6,cips-churces
img000032.jpg,cips/cips-churces/img000032.jpg,6,cips-churces
img002544.jpg,cips/cips-churces/img002544.jpg,6,cips-churces
img000688.jpg,cips/cips-churces/img000688.jpg,6,cips-churces
img001876.jpg,cips/cips-churces/img001876.jpg,6,cips-churces
img002423.jpg,cips/cips-churces/img002423.jpg,6,cips-churces
img000822.jpg,cips/cips-churces/img000822.jpg,6,cips-churces
img000744.jpg,cips/cips-churces/img000744.jpg,6,cips-churces
img000008.jpg,cips/cips-churces/img000008.jpg,6,cips-churces
img000316.jpg,cips/cips-churces/img000316.jpg,6,cips-churces
img000370.jpg,cips/cips-churces/img000370.jpg,6,cips-churces
img000597.jpg,cips/cips-churces/img000597.jpg,6,cips-churces
img000850.jpg,cips/cips-churces/img000850.jpg,6,cips-churces
img001577.jpg,cips/cips-churces/img001577.jpg,6,cips-churces
img000627.jpg,cips/cips-churces/img000627.jpg,6,cips-churces
img001543.jpg,cips/cips-churces/img001543.jpg,6,cips-churces
img002016.jpg,cips/cips-churces/img002016.jpg,6,cips-churces
img002278.jpg,cips/cips-churces/img002278.jpg,6,cips-churces
img001131.jpg,cips/cips-churces/img001131.jpg,6,cips-churces
img000548.jpg,cips/cips-churces/img000548.jpg,6,cips-churces
img000353.jpg,cips/cips-churces/img000353.jpg,6,cips-churces
img000696.jpg,cips/cips-churces/img000696.jpg,6,cips-churces
img001061.jpg,cips/cips-churces/img001061.jpg,6,cips-churces
img000739.jpg,cips/cips-churces/img000739.jpg,6,cips-churces
img001825.jpg,cips/cips-churces/img001825.jpg,6,cips-churces
img000646.jpg,cips/cips-churces/img000646.jpg,6,cips-churces
img000975.jpg,cips/cips-churces/img000975.jpg,6,cips-churces
img001007.jpg,cips/cips-churces/img001007.jpg,6,cips-churces
img002591.jpg,cips/cips-churces/img002591.jpg,6,cips-churces
img000497.jpg,cips/cips-churces/img000497.jpg,6,cips-churces
img002019.jpg,cips/cips-churces/img002019.jpg,6,cips-churces
img001916.jpg,cips/cips-churces/img001916.jpg,6,cips-churces
img000626.jpg,cips/cips-churces/img000626.jpg,6,cips-churces
img001400.jpg,cips/cips-churces/img001400.jpg,6,cips-churces
img001167.jpg,cips/cips-churces/img001167.jpg,6,cips-churces
img000707.jpg,cips/cips-churces/img000707.jpg,6,cips-churces
img002479.jpg,cips/cips-churces/img002479.jpg,6,cips-churces
img000086.jpg,cips/cips-churces/img000086.jpg,6,cips-churces
img001342.jpg,cips/cips-churces/img001342.jpg,6,cips-churces
img002662.jpg,cips/cips-churces/img002662.jpg,6,cips-churces
img001879.jpg,cips/cips-churces/img001879.jpg,6,cips-churces
img000391.jpg,cips/cips-churces/img000391.jpg,6,cips-churces
img001452.jpg,cips/cips-churces/img001452.jpg,6,cips-churces
img000090.jpg,cips/cips-churces/img000090.jpg,6,cips-churces
img001352.jpg,cips/cips-churces/img001352.jpg,6,cips-churces
img002497.jpg,cips/cips-churces/img002497.jpg,6,cips-churces
img001306.jpg,cips/cips-churces/img001306.jpg,6,cips-churces
img001395.jpg,cips/cips-churces/img001395.jpg,6,cips-churces
img000214.jpg,cips/cips-churces/img000214.jpg,6,cips-churces
img001859.jpg,cips/cips-churces/img001859.jpg,6,cips-churces
img001333.jpg,cips/cips-churces/img001333.jpg,6,cips-churces
img002467.jpg,cips/cips-churces/img002467.jpg,6,cips-churces
img002328.jpg,cips/cips-churces/img002328.jpg,6,cips-churces
img000294.jpg,cips/cips-churces/img000294.jpg,6,cips-churces
img001237.jpg,cips/cips-churces/img001237.jpg,6,cips-churces
img000584.jpg,cips/cips-churces/img000584.jpg,6,cips-churces
img000252.jpg,cips/cips-churces/img000252.jpg,6,cips-churces
img001331.jpg,cips/cips-churces/img001331.jpg,6,cips-churces
img000917.jpg,cips/cips-churces/img000917.jpg,6,cips-churces
img001527.jpg,cips/cips-churces/img001527.jpg,6,cips-churces
img002072.jpg,cips/cips-churces/img002072.jpg,6,cips-churces
img001952.jpg,cips/cips-churces/img001952.jpg,6,cips-churces
img001801.jpg,cips/cips-churces/img001801.jpg,6,cips-churces
img001196.jpg,cips/cips-churces/img001196.jpg,6,cips-churces
img002599.jpg,cips/cips-churces/img002599.jpg,6,cips-churces
img000368.jpg,cips/cips-churces/img000368.jpg,6,cips-churces
img001455.jpg,cips/cips-churces/img001455.jpg,6,cips-churces
img001890.jpg,cips/cips-churces/img001890.jpg,6,cips-churces
img002492.jpg,cips/cips-churces/img002492.jpg,6,cips-churces
img000300.jpg,cips/cips-churces/img000300.jpg,6,cips-churces
img001480.jpg,cips/cips-churces/img001480.jpg,6,cips-churces
img000315.jpg,cips/cips-churces/img000315.jpg,6,cips-churces
img001058.jpg,cips/cips-churces/img001058.jpg,6,cips-churces
img000310.jpg,cips/cips-churces/img000310.jpg,6,cips-churces
img001978.jpg,cips/cips-churces/img001978.jpg,6,cips-churces
img000834.jpg,cips/cips-churces/img000834.jpg,6,cips-churces
img000489.jpg,cips/cips-churces/img000489.jpg,6,cips-churces
img000275.jpg,cips/cips-churces/img000275.jpg,6,cips-churces
img001580.jpg,cips/cips-churces/img001580.jpg,6,cips-churces
img002325.jpg,cips/cips-churces/img002325.jpg,6,cips-churces
img002311.jpg,cips/cips-churces/img002311.jpg,6,cips-churces
img001439.jpg,cips/cips-churces/img001439.jpg,6,cips-churces
img002736.jpg,cips/cips-churces/img002736.jpg,6,cips-churces
img000484.jpg,cips/cips-churces/img000484.jpg,6,cips-churces
img000683.jpg,cips/cips-churces/img000683.jpg,6,cips-churces
img001934.jpg,cips/cips-churces/img001934.jpg,6,cips-churces
img000208.jpg,cips/cips-churces/img000208.jpg,6,cips-churces
img001474.jpg,cips/cips-churces/img001474.jpg,6,cips-churces
img000569.jpg,cips/cips-churces/img000569.jpg,6,cips-churces
img001740.jpg,cips/cips-churces/img001740.jpg,6,cips-churces
img002699.jpg,cips/cips-churces/img002699.jpg,6,cips-churces
img000426.jpg,cips/cips-churces/img000426.jpg,6,cips-churces
img002576.jpg,cips/cips-churces/img002576.jpg,6,cips-churces
img000891.jpg,cips/cips-churces/img000891.jpg,6,cips-churces
img001625.jpg,cips/cips-churces/img001625.jpg,6,cips-churces
img002654.jpg,cips/cips-churces/img002654.jpg,6,cips-churces
img002454.jpg,cips/cips-churces/img002454.jpg,6,cips-churces
img001197.jpg,cips/cips-churces/img001197.jpg,6,cips-churces
img000545.jpg,cips/cips-churces/img000545.jpg,6,cips-churces
img001613.jpg,cips/cips-churces/img001613.jpg,6,cips-churces
img000108.jpg,cips/cips-churces/img000108.jpg,6,cips-churces
img001469.jpg,cips/cips-churces/img001469.jpg,6,cips-churces
img000954.jpg,cips/cips-churces/img000954.jpg,6,cips-churces
img001142.jpg,cips/cips-churces/img001142.jpg,6,cips-churces
img000655.jpg,cips/cips-churces/img000655.jpg,6,cips-churces
img001513.jpg,cips/cips-churces/img001513.jpg,6,cips-churces
img000133.jpg,cips/cips-churces/img000133.jpg,6,cips-churces
img002285.jpg,cips/cips-churces/img002285.jpg,6,cips-churces
img000224.jpg,cips/cips-churces/img000224.jpg,6,cips-churces
img000995.jpg,cips/cips-churces/img000995.jpg,6,cips-churces
img002589.jpg,cips/cips-churces/img002589.jpg,6,cips-churces
img000911.jpg,cips/cips-churces/img000911.jpg,6,cips-churces
img001076.jpg,cips/cips-churces/img001076.jpg,6,cips-churces
img000422.jpg,cips/cips-churces/img000422.jpg,6,cips-churces
img001883.jpg,cips/cips-churces/img001883.jpg,6,cips-churces
img000720.jpg,cips/cips-churces/img000720.jpg,6,cips-churces
img001420.jpg,cips/cips-churces/img001420.jpg,6,cips-churces
img000507.jpg,cips/cips-churces/img000507.jpg,6,cips-churces
img001027.jpg,cips/cips-churces/img001027.jpg,6,cips-churces
img002775.jpg,cips/cips-churces/img002775.jpg,6,cips-churces
img000268.jpg,cips/cips-churces/img000268.jpg,6,cips-churces
img002606.jpg,cips/cips-churces/img002606.jpg,6,cips-churces
img001594.jpg,cips/cips-churces/img001594.jpg,6,cips-churces
img002334.jpg,cips/cips-churces/img002334.jpg,6,cips-churces
img001385.jpg,cips/cips-churces/img001385.jpg,6,cips-churces
img001185.jpg,cips/cips-churces/img001185.jpg,6,cips-churces
img001258.jpg,cips/cips-churces/img001258.jpg,6,cips-churces
img000823.jpg,cips/cips-churces/img000823.jpg,6,cips-churces
img001937.jpg,cips/cips-churces/img001937.jpg,6,cips-churces
img001052.jpg,cips/cips-churces/img001052.jpg,6,cips-churces
img002798.jpg,cips/cips-churces/img002798.jpg,6,cips-churces
img000304.jpg,cips/cips-churces/img000304.jpg,6,cips-churces
img002694.jpg,cips/cips-churces/img002694.jpg,6,cips-churces
img002160.jpg,cips/cips-churces/img002160.jpg,6,cips-churces
img002206.jpg,cips/cips-churces/img002206.jpg,6,cips-churces
img000797.jpg,cips/cips-churces/img000797.jpg,6,cips-churces
img002520.jpg,cips/cips-churces/img002520.jpg,6,cips-churces
img001784.jpg,cips/cips-churces/img001784.jpg,6,cips-churces
img001983.jpg,cips/cips-churces/img001983.jpg,6,cips-churces
img001101.jpg,cips/cips-churces/img001101.jpg,6,cips-churces
img002082.jpg,cips/cips-churces/img002082.jpg,6,cips-churces
img001917.jpg,cips/cips-churces/img001917.jpg,6,cips-churces
img001754.jpg,cips/cips-churces/img001754.jpg,6,cips-churces
img001673.jpg,cips/cips-churces/img001673.jpg,6,cips-churces
img002641.jpg,cips/cips-churces/img002641.jpg,6,cips-churces
img000625.jpg,cips/cips-churces/img000625.jpg,6,cips-churces
img002343.jpg,cips/cips-churces/img002343.jpg,6,cips-churces
img001216.jpg,cips/cips-churces/img001216.jpg,6,cips-churces
img001327.jpg,cips/cips-churces/img001327.jpg,6,cips-churces
img002779.jpg,cips/cips-churces/img002779.jpg,6,cips-churces
img002171.jpg,cips/cips-churces/img002171.jpg,6,cips-churces
img000913.jpg,cips/cips-churces/img000913.jpg,6,cips-churces
img000493.jpg,cips/cips-churces/img000493.jpg,6,cips-churces
img000852.jpg,cips/cips-churces/img000852.jpg,6,cips-churces
img002114.jpg,cips/cips-churces/img002114.jpg,6,cips-churces
img001329.jpg,cips/cips-churces/img001329.jpg,6,cips-churces
img001756.jpg,cips/cips-churces/img001756.jpg,6,cips-churces
img001046.jpg,cips/cips-churces/img001046.jpg,6,cips-churces
img000796.jpg,cips/cips-churces/img000796.jpg,6,cips-churces
img002357.jpg,cips/cips-churces/img002357.jpg,6,cips-churces
img001241.jpg,cips/cips-churces/img001241.jpg,6,cips-churces
img002554.jpg,cips/cips-churces/img002554.jpg,6,cips-churces
img001722.jpg,cips/cips-churces/img001722.jpg,6,cips-churces
img001085.jpg,cips/cips-churces/img001085.jpg,6,cips-churces
img001180.jpg,cips/cips-churces/img001180.jpg,6,cips-churces
img001804.jpg,cips/cips-churces/img001804.jpg,6,cips-churces
img002246.jpg,cips/cips-churces/img002246.jpg,6,cips-churces
img001885.jpg,cips/cips-churces/img001885.jpg,6,cips-churces
img000803.jpg,cips/cips-churces/img000803.jpg,6,cips-churces
img002304.jpg,cips/cips-churces/img002304.jpg,6,cips-churces
img002053.jpg,cips/cips-churces/img002053.jpg,6,cips-churces
img001761.jpg,cips/cips-churces/img001761.jpg,6,cips-churces
img000578.jpg,cips/cips-churces/img000578.jpg,6,cips-churces
img000220.jpg,cips/cips-churces/img000220.jpg,6,cips-churces
img001360.jpg,cips/cips-churces/img001360.jpg,6,cips-churces
img001511.jpg,cips/cips-churces/img001511.jpg,6,cips-churces
img000387.jpg,cips/cips-churces/img000387.jpg,6,cips-churces
img000539.jpg,cips/cips-churces/img000539.jpg,6,cips-churces
img000882.jpg,cips/cips-churces/img000882.jpg,6,cips-churces
img002645.jpg,cips/cips-churces/img002645.jpg,6,cips-churces
img000595.jpg,cips/cips-churces/img000595.jpg,6,cips-churces
img000209.jpg,cips/cips-churces/img000209.jpg,6,cips-churces
img002766.jpg,cips/cips-churces/img002766.jpg,6,cips-churces
img000805.jpg,cips/cips-churces/img000805.jpg,6,cips-churces
img001702.jpg,cips/cips-churces/img001702.jpg,6,cips-churces
img001972.jpg,cips/cips-churces/img001972.jpg,6,cips-churces
img002408.jpg,cips/cips-churces/img002408.jpg,6,cips-churces
img002235.jpg,cips/cips-churces/img002235.jpg,6,cips-churces
img002205.jpg,cips/cips-churces/img002205.jpg,6,cips-churces
img000187.jpg,cips/cips-churces/img000187.jpg,6,cips-churces
img000174.jpg,cips/cips-churces/img000174.jpg,6,cips-churces
img000874.jpg,cips/cips-churces/img000874.jpg,6,cips-churces
img001638.jpg,cips/cips-churces/img001638.jpg,6,cips-churces
img000039.jpg,cips/cips-churces/img000039.jpg,6,cips-churces
img002250.jpg,cips/cips-churces/img002250.jpg,6,cips-churces
img000395.jpg,cips/cips-churces/img000395.jpg,6,cips-churces
img001985.jpg,cips/cips-churces/img001985.jpg,6,cips-churces
img001697.jpg,cips/cips-churces/img001697.jpg,6,cips-churces
img001487.jpg,cips/cips-churces/img001487.jpg,6,cips-churces
img001852.jpg,cips/cips-churces/img001852.jpg,6,cips-churces
img001023.jpg,cips/cips-churces/img001023.jpg,6,cips-churces
img001119.jpg,cips/cips-churces/img001119.jpg,6,cips-churces
img000549.jpg,cips/cips-churces/img000549.jpg,6,cips-churces
img002061.jpg,cips/cips-churces/img002061.jpg,6,cips-churces
img000575.jpg,cips/cips-churces/img000575.jpg,6,cips-churces
img000424.jpg,cips/cips-churces/img000424.jpg,6,cips-churces
img000440.jpg,cips/cips-churces/img000440.jpg,6,cips-churces
img001267.jpg,cips/cips-churces/img001267.jpg,6,cips-churces
img001074.jpg,cips/cips-churces/img001074.jpg,6,cips-churces
img000311.jpg,cips/cips-churces/img000311.jpg,6,cips-churces
img002613.jpg,cips/cips-churces/img002613.jpg,6,cips-churces
img001654.jpg,cips/cips-churces/img001654.jpg,6,cips-churces
img000826.jpg,cips/cips-churces/img000826.jpg,6,cips-churces
img002463.jpg,cips/cips-churces/img002463.jpg,6,cips-churces
img000356.jpg,cips/cips-churces/img000356.jpg,6,cips-churces
img001674.jpg,cips/cips-churces/img001674.jpg,6,cips-churces
img002021.jpg,cips/cips-churces/img002021.jpg,6,cips-churces
img000264.jpg,cips/cips-churces/img000264.jpg,6,cips-churces
img002001.jpg,cips/cips-churces/img002001.jpg,6,cips-churces
img001110.jpg,cips/cips-churces/img001110.jpg,6,cips-churces
img001106.jpg,cips/cips-churces/img001106.jpg,6,cips-churces
img001286.jpg,cips/cips-churces/img001286.jpg,6,cips-churces
img001607.jpg,cips/cips-churces/img001607.jpg,6,cips-churces
img002729.jpg,cips/cips-churces/img002729.jpg,6,cips-churces
img000963.jpg,cips/cips-churces/img000963.jpg,6,cips-churces
img002251.jpg,cips/cips-churces/img002251.jpg,6,cips-churces
img000441.jpg,cips/cips-churces/img000441.jpg,6,cips-churces
img002326.jpg,cips/cips-churces/img002326.jpg,6,cips-churces
img002242.jpg,cips/cips-churces/img002242.jpg,6,cips-churces
img000402.jpg,cips/cips-churces/img000402.jpg,6,cips-churces
img001171.jpg,cips/cips-churces/img001171.jpg,6,cips-churces
img001524.jpg,cips/cips-churces/img001524.jpg,6,cips-churces
img002010.jpg,cips/cips-churces/img002010.jpg,6,cips-churces
img000246.jpg,cips/cips-churces/img000246.jpg,6,cips-churces
img001394.jpg,cips/cips-churces/img001394.jpg,6,cips-churces
img002701.jpg,cips/cips-churces/img002701.jpg,6,cips-churces
img000317.jpg,cips/cips-churces/img000317.jpg,6,cips-churces
img001904.jpg,cips/cips-churces/img001904.jpg,6,cips-churces
img001872.jpg,cips/cips-churces/img001872.jpg,6,cips-churces
img001943.jpg,cips/cips-churces/img001943.jpg,6,cips-churces
img001496.jpg,cips/cips-churces/img001496.jpg,6,cips-churces
img001647.jpg,cips/cips-churces/img001647.jpg,6,cips-churces
img000829.jpg,cips/cips-churces/img000829.jpg,6,cips-churces
img000506.jpg,cips/cips-churces/img000506.jpg,6,cips-churces
img002123.jpg,cips/cips-churces/img002123.jpg,6,cips-churces
img001324.jpg,cips/cips-churces/img001324.jpg,6,cips-churces
img001979.jpg,cips/cips-churces/img001979.jpg,6,cips-churces
img001249.jpg,cips/cips-churces/img001249.jpg,6,cips-churces
img002286.jpg,cips/cips-churces/img002286.jpg,6,cips-churces
img000514.jpg,cips/cips-churces/img000514.jpg,6,cips-churces
img001303.jpg,cips/cips-churces/img001303.jpg,6,cips-churces
img001542.jpg,cips/cips-churces/img001542.jpg,6,cips-churces
img001660.jpg,cips/cips-churces/img001660.jpg,6,cips-churces
img000253.jpg,cips/cips-churces/img000253.jpg,6,cips-churces
img002180.jpg,cips/cips-churces/img002180.jpg,6,cips-churces
img000329.jpg,cips/cips-churces/img000329.jpg,6,cips-churces
img000758.jpg,cips/cips-churces/img000758.jpg,6,cips-churces
img002453.jpg,cips/cips-churces/img002453.jpg,6,cips-churces
img001374.jpg,cips/cips-churces/img001374.jpg,6,cips-churces
img002249.jpg,cips/cips-churces/img002249.jpg,6,cips-churces
img000314.jpg,cips/cips-churces/img000314.jpg,6,cips-churces
img000373.jpg,cips/cips-churces/img000373.jpg,6,cips-churces
img002794.jpg,cips/cips-churces/img002794.jpg,6,cips-churces
img001357.jpg,cips/cips-churces/img001357.jpg,6,cips-churces
img001598.jpg,cips/cips-churces/img001598.jpg,6,cips-churces
img000485.jpg,cips/cips-churces/img000485.jpg,6,cips-churces
img000921.jpg,cips/cips-churces/img000921.jpg,6,cips-churces
img002643.jpg,cips/cips-churces/img002643.jpg,6,cips-churces
img000519.jpg,cips/cips-churces/img000519.jpg,6,cips-churces
img000240.jpg,cips/cips-churces/img000240.jpg,6,cips-churces
img002740.jpg,cips/cips-churces/img002740.jpg,6,cips-churces
img000753.jpg,cips/cips-churces/img000753.jpg,6,cips-churces
img002409.jpg,cips/cips-churces/img002409.jpg,6,cips-churces
img002340.jpg,cips/cips-churces/img002340.jpg,6,cips-churces
img002116.jpg,cips/cips-churces/img002116.jpg,6,cips-churces
img001309.jpg,cips/cips-churces/img001309.jpg,6,cips-churces
img001127.jpg,cips/cips-churces/img001127.jpg,6,cips-churces
img000331.jpg,cips/cips-churces/img000331.jpg,6,cips-churces
img001460.jpg,cips/cips-churces/img001460.jpg,6,cips-churces
img000270.jpg,cips/cips-churces/img000270.jpg,6,cips-churces
img000421.jpg,cips/cips-churces/img000421.jpg,6,cips-churces
img001646.jpg,cips/cips-churces/img001646.jpg,6,cips-churces
img002241.jpg,cips/cips-churces/img002241.jpg,6,cips-churces
img002064.jpg,cips/cips-churces/img002064.jpg,6,cips-churces
img001586.jpg,cips/cips-churces/img001586.jpg,6,cips-churces
img000064.jpg,cips/cips-churces/img000064.jpg,6,cips-churces
img001250.jpg,cips/cips-churces/img001250.jpg,6,cips-churces
img002563.jpg,cips/cips-churces/img002563.jpg,6,cips-churces
img002354.jpg,cips/cips-churces/img002354.jpg,6,cips-churces
img001508.jpg,cips/cips-churces/img001508.jpg,6,cips-churces
img000814.jpg,cips/cips-churces/img000814.jpg,6,cips-churces
img000461.jpg,cips/cips-churces/img000461.jpg,6,cips-churces
img001738.jpg,cips/cips-churces/img001738.jpg,6,cips-churces
img000685.jpg,cips/cips-churces/img000685.jpg,6,cips-churces
img000886.jpg,cips/cips-churces/img000886.jpg,6,cips-churces
img002761.jpg,cips/cips-churces/img002761.jpg,6,cips-churces
img000228.jpg,cips/cips-churces/img000228.jpg,6,cips-churces
img002389.jpg,cips/cips-churces/img002389.jpg,6,cips-churces
img000382.jpg,cips/cips-churces/img000382.jpg,6,cips-churces
img000650.jpg,cips/cips-churces/img000650.jpg,6,cips-churces
img002269.jpg,cips/cips-churces/img002269.jpg,6,cips-churces
img000926.jpg,cips/cips-churces/img000926.jpg,6,cips-churces
img002550.jpg,cips/cips-churces/img002550.jpg,6,cips-churces
img001124.jpg,cips/cips-churces/img001124.jpg,6,cips-churces
img002513.jpg,cips/cips-churces/img002513.jpg,6,cips-churces
img000062.jpg,cips/cips-churces/img000062.jpg,6,cips-churces
img000690.jpg,cips/cips-churces/img000690.jpg,6,cips-churces
img001840.jpg,cips/cips-churces/img001840.jpg,6,cips-churces
img001476.jpg,cips/cips-churces/img001476.jpg,6,cips-churces
img002507.jpg,cips/cips-churces/img002507.jpg,6,cips-churces
img001108.jpg,cips/cips-churces/img001108.jpg,6,cips-churces
img002410.jpg,cips/cips-churces/img002410.jpg,6,cips-churces
img000376.jpg,cips/cips-churces/img000376.jpg,6,cips-churces
img000167.jpg,cips/cips-churces/img000167.jpg,6,cips-churces
img000114.jpg,cips/cips-churces/img000114.jpg,6,cips-churces
img002176.jpg,cips/cips-churces/img002176.jpg,6,cips-churces
img001791.jpg,cips/cips-churces/img001791.jpg,6,cips-churces
img001690.jpg,cips/cips-churces/img001690.jpg,6,cips-churces
img000282.jpg,cips/cips-churces/img000282.jpg,6,cips-churces
img002211.jpg,cips/cips-churces/img002211.jpg,6,cips-churces
img002755.jpg,cips/cips-churces/img002755.jpg,6,cips-churces
img002257.jpg,cips/cips-churces/img002257.jpg,6,cips-churces
img002515.jpg,cips/cips-churces/img002515.jpg,6,cips-churces
img000773.jpg,cips/cips-churces/img000773.jpg,6,cips-churces
img001037.jpg,cips/cips-churces/img001037.jpg,6,cips-churces
img000589.jpg,cips/cips-churces/img000589.jpg,6,cips-churces
img000408.jpg,cips/cips-churces/img000408.jpg,6,cips-churces
img002451.jpg,cips/cips-churces/img002451.jpg,6,cips-churces
img001637.jpg,cips/cips-churces/img001637.jpg,6,cips-churces
img001369.jpg,cips/cips-churces/img001369.jpg,6,cips-churces
img002724.jpg,cips/cips-churces/img002724.jpg,6,cips-churces
img000235.jpg,cips/cips-churces/img000235.jpg,6,cips-churces
img000648.jpg,cips/cips-churces/img000648.jpg,6,cips-churces
img000301.jpg,cips/cips-churces/img000301.jpg,6,cips-churces
img002055.jpg,cips/cips-churces/img002055.jpg,6,cips-churces
img001956.jpg,cips/cips-churces/img001956.jpg,6,cips-churces
img001611.jpg,cips/cips-churces/img001611.jpg,6,cips-churces
img000238.jpg,cips/cips-churces/img000238.jpg,6,cips-churces
img002058.jpg,cips/cips-churces/img002058.jpg,6,cips-churces
img000761.jpg,cips/cips-churces/img000761.jpg,6,cips-churces
img001565.jpg,cips/cips-churces/img001565.jpg,6,cips-churces
img002728.jpg,cips/cips-churces/img002728.jpg,6,cips-churces
img001925.jpg,cips/cips-churces/img001925.jpg,6,cips-churces
img001414.jpg,cips/cips-churces/img001414.jpg,6,cips-churces
img001725.jpg,cips/cips-churces/img001725.jpg,6,cips-churces
img000959.jpg,cips/cips-churces/img000959.jpg,6,cips-churces
img001364.jpg,cips/cips-churces/img001364.jpg,6,cips-churces
img001096.jpg,cips/cips-churces/img001096.jpg,6,cips-churces
img000072.jpg,cips/cips-churces/img000072.jpg,6,cips-churces
img000828.jpg,cips/cips-churces/img000828.jpg,6,cips-churces
img001146.jpg,cips/cips-churces/img001146.jpg,6,cips-churces
img000832.jpg,cips/cips-churces/img000832.jpg,6,cips-churces
img001234.jpg,cips/cips-churces/img001234.jpg,6,cips-churces
img001780.jpg,cips/cips-churces/img001780.jpg,6,cips-churces
img002236.jpg,cips/cips-churces/img002236.jpg,6,cips-churces
img001105.jpg,cips/cips-churces/img001105.jpg,6,cips-churces
img000088.jpg,cips/cips-churces/img000088.jpg,6,cips-churces
img002120.jpg,cips/cips-churces/img002120.jpg,6,cips-churces
img001517.jpg,cips/cips-churces/img001517.jpg,6,cips-churces
img000218.jpg,cips/cips-churces/img000218.jpg,6,cips-churces
img002361.jpg,cips/cips-churces/img002361.jpg,6,cips-churces
img002476.jpg,cips/cips-churces/img002476.jpg,6,cips-churces
img001720.jpg,cips/cips-churces/img001720.jpg,6,cips-churces
img000643.jpg,cips/cips-churces/img000643.jpg,6,cips-churces
img001293.jpg,cips/cips-churces/img001293.jpg,6,cips-churces
img001645.jpg,cips/cips-churces/img001645.jpg,6,cips-churces
img000831.jpg,cips/cips-churces/img000831.jpg,6,cips-churces
img000197.jpg,cips/cips-churces/img000197.jpg,6,cips-churces
img001711.jpg,cips/cips-churces/img001711.jpg,6,cips-churces
img000337.jpg,cips/cips-churces/img000337.jpg,6,cips-churces
img002394.jpg,cips/cips-churces/img002394.jpg,6,cips-churces
img002370.jpg,cips/cips-churces/img002370.jpg,6,cips-churces
img000170.jpg,cips/cips-churces/img000170.jpg,6,cips-churces
img002089.jpg,cips/cips-churces/img002089.jpg,6,cips-churces
img001047.jpg,cips/cips-churces/img001047.jpg,6,cips-churces
img000631.jpg,cips/cips-churces/img000631.jpg,6,cips-churces
img001785.jpg,cips/cips-churces/img001785.jpg,6,cips-churces
img002105.jpg,cips/cips-churces/img002105.jpg,6,cips-churces
img001936.jpg,cips/cips-churces/img001936.jpg,6,cips-churces
img000101.jpg,cips/cips-churces/img000101.jpg,6,cips-churces
img001159.jpg,cips/cips-churces/img001159.jpg,6,cips-churces
img001060.jpg,cips/cips-churces/img001060.jpg,6,cips-churces
img002714.jpg,cips/cips-churces/img002714.jpg,6,cips-churces
img000775.jpg,cips/cips-churces/img000775.jpg,6,cips-churces
img000681.jpg,cips/cips-churces/img000681.jpg,6,cips-churces
img001255.jpg,cips/cips-churces/img001255.jpg,6,cips-churces
img000377.jpg,cips/cips-churces/img000377.jpg,6,cips-churces
img001605.jpg,cips/cips-churces/img001605.jpg,6,cips-churces
img001264.jpg,cips/cips-churces/img001264.jpg,6,cips-churces
img001295.jpg,cips/cips-churces/img001295.jpg,6,cips-churces
img001330.jpg,cips/cips-churces/img001330.jpg,6,cips-churces
img000028.jpg,cips/cips-churces/img000028.jpg,6,cips-churces
img002178.jpg,cips/cips-churces/img002178.jpg,6,cips-churces
img000581.jpg,cips/cips-churces/img000581.jpg,6,cips-churces
img000534.jpg,cips/cips-churces/img000534.jpg,6,cips-churces
img001611.jpg,cips/cips-ffhq/img001611.jpg,6,cips-ffhq
img000106.jpg,cips/cips-ffhq/img000106.jpg,6,cips-ffhq
img002326.jpg,cips/cips-ffhq/img002326.jpg,6,cips-ffhq
img002736.jpg,cips/cips-ffhq/img002736.jpg,6,cips-ffhq
img000833.jpg,cips/cips-ffhq/img000833.jpg,6,cips-ffhq
img000555.jpg,cips/cips-ffhq/img000555.jpg,6,cips-ffhq
img003626.jpg,cips/cips-ffhq/img003626.jpg,6,cips-ffhq
img002812.jpg,cips/cips-ffhq/img002812.jpg,6,cips-ffhq
img003081.jpg,cips/cips-ffhq/img003081.jpg,6,cips-ffhq
img000435.jpg,cips/cips-ffhq/img000435.jpg,6,cips-ffhq
img000293.jpg,cips/cips-ffhq/img000293.jpg,6,cips-ffhq
img002437.jpg,cips/cips-ffhq/img002437.jpg,6,cips-ffhq
img000949.jpg,cips/cips-ffhq/img000949.jpg,6,cips-ffhq
img004665.jpg,cips/cips-ffhq/img004665.jpg,6,cips-ffhq
img000637.jpg,cips/cips-ffhq/img000637.jpg,6,cips-ffhq
img004051.jpg,cips/cips-ffhq/img004051.jpg,6,cips-ffhq
img001368.jpg,cips/cips-ffhq/img001368.jpg,6,cips-ffhq
img002600.jpg,cips/cips-ffhq/img002600.jpg,6,cips-ffhq
img002783.jpg,cips/cips-ffhq/img002783.jpg,6,cips-ffhq
img003697.jpg,cips/cips-ffhq/img003697.jpg,6,cips-ffhq
img000417.jpg,cips/cips-ffhq/img000417.jpg,6,cips-ffhq
img003382.jpg,cips/cips-ffhq/img003382.jpg,6,cips-ffhq
img003124.jpg,cips/cips-ffhq/img003124.jpg,6,cips-ffhq
img000604.jpg,cips/cips-ffhq/img000604.jpg,6,cips-ffhq
img002379.jpg,cips/cips-ffhq/img002379.jpg,6,cips-ffhq
img003332.jpg,cips/cips-ffhq/img003332.jpg,6,cips-ffhq
img000485.jpg,cips/cips-ffhq/img000485.jpg,6,cips-ffhq
img004605.jpg,cips/cips-ffhq/img004605.jpg,6,cips-ffhq
img000894.jpg,cips/cips-ffhq/img000894.jpg,6,cips-ffhq
img000381.jpg,cips/cips-ffhq/img000381.jpg,6,cips-ffhq
img002903.jpg,cips/cips-ffhq/img002903.jpg,6,cips-ffhq
img002221.jpg,cips/cips-ffhq/img002221.jpg,6,cips-ffhq
img003910.jpg,cips/cips-ffhq/img003910.jpg,6,cips-ffhq
img002695.jpg,cips/cips-ffhq/img002695.jpg,6,cips-ffhq
img004185.jpg,cips/cips-ffhq/img004185.jpg,6,cips-ffhq
img001172.jpg,cips/cips-ffhq/img001172.jpg,6,cips-ffhq
img004086.jpg,cips/cips-ffhq/img004086.jpg,6,cips-ffhq
img003404.jpg,cips/cips-ffhq/img003404.jpg,6,cips-ffhq
img001057.jpg,cips/cips-ffhq/img001057.jpg,6,cips-ffhq
img001161.jpg,cips/cips-ffhq/img001161.jpg,6,cips-ffhq
img001087.jpg,cips/cips-ffhq/img001087.jpg,6,cips-ffhq
img003862.jpg,cips/cips-ffhq/img003862.jpg,6,cips-ffhq
img001277.jpg,cips/cips-ffhq/img001277.jpg,6,cips-ffhq
img001031.jpg,cips/cips-ffhq/img001031.jpg,6,cips-ffhq
img002727.jpg,cips/cips-ffhq/img002727.jpg,6,cips-ffhq
img001416.jpg,cips/cips-ffhq/img001416.jpg,6,cips-ffhq
img000648.jpg,cips/cips-ffhq/img000648.jpg,6,cips-ffhq
img003946.jpg,cips/cips-ffhq/img003946.jpg,6,cips-ffhq
img003753.jpg,cips/cips-ffhq/img003753.jpg,6,cips-ffhq
img003601.jpg,cips/cips-ffhq/img003601.jpg,6,cips-ffhq
img000670.jpg,cips/cips-ffhq/img000670.jpg,6,cips-ffhq
img000443.jpg,cips/cips-ffhq/img000443.jpg,6,cips-ffhq
img004332.jpg,cips/cips-ffhq/img004332.jpg,6,cips-ffhq
img001051.jpg,cips/cips-ffhq/img001051.jpg,6,cips-ffhq
img003986.jpg,cips/cips-ffhq/img003986.jpg,6,cips-ffhq
img000717.jpg,cips/cips-ffhq/img000717.jpg,6,cips-ffhq
img003428.jpg,cips/cips-ffhq/img003428.jpg,6,cips-ffhq
img003286.jpg,cips/cips-ffhq/img003286.jpg,6,cips-ffhq
img000786.jpg,cips/cips-ffhq/img000786.jpg,6,cips-ffhq
img002180.jpg,cips/cips-ffhq/img002180.jpg,6,cips-ffhq
img002575.jpg,cips/cips-ffhq/img002575.jpg,6,cips-ffhq
img001803.jpg,cips/cips-ffhq/img001803.jpg,6,cips-ffhq
img000466.jpg,cips/cips-ffhq/img000466.jpg,6,cips-ffhq
img003629.jpg,cips/cips-ffhq/img003629.jpg,6,cips-ffhq
img000615.jpg,cips/cips-ffhq/img000615.jpg,6,cips-ffhq
img001725.jpg,cips/cips-ffhq/img001725.jpg,6,cips-ffhq
img004306.jpg,cips/cips-ffhq/img004306.jpg,6,cips-ffhq
img004134.jpg,cips/cips-ffhq/img004134.jpg,6,cips-ffhq
img004498.jpg,cips/cips-ffhq/img004498.jpg,6,cips-ffhq
img001482.jpg,cips/cips-ffhq/img001482.jpg,6,cips-ffhq
img004037.jpg,cips/cips-ffhq/img004037.jpg,6,cips-ffhq
img000542.jpg,cips/cips-ffhq/img000542.jpg,6,cips-ffhq
img004553.jpg,cips/cips-ffhq/img004553.jpg,6,cips-ffhq
img001787.jpg,cips/cips-ffhq/img001787.jpg,6,cips-ffhq
img003151.jpg,cips/cips-ffhq/img003151.jpg,6,cips-ffhq
img002678.jpg,cips/cips-ffhq/img002678.jpg,6,cips-ffhq
img004190.jpg,cips/cips-ffhq/img004190.jpg,6,cips-ffhq
img004016.jpg,cips/cips-ffhq/img004016.jpg,6,cips-ffhq
img001822.jpg,cips/cips-ffhq/img001822.jpg,6,cips-ffhq
img000755.jpg,cips/cips-ffhq/img000755.jpg,6,cips-ffhq
img004353.jpg,cips/cips-ffhq/img004353.jpg,6,cips-ffhq
img003905.jpg,cips/cips-ffhq/img003905.jpg,6,cips-ffhq
img000206.jpg,cips/cips-ffhq/img000206.jpg,6,cips-ffhq
img003361.jpg,cips/cips-ffhq/img003361.jpg,6,cips-ffhq
img000965.jpg,cips/cips-ffhq/img000965.jpg,6,cips-ffhq
img000864.jpg,cips/cips-ffhq/img000864.jpg,6,cips-ffhq
img000890.jpg,cips/cips-ffhq/img000890.jpg,6,cips-ffhq
img001304.jpg,cips/cips-ffhq/img001304.jpg,6,cips-ffhq
img002605.jpg,cips/cips-ffhq/img002605.jpg,6,cips-ffhq
img001206.jpg,cips/cips-ffhq/img001206.jpg,6,cips-ffhq
img004034.jpg,cips/cips-ffhq/img004034.jpg,6,cips-ffhq
img002468.jpg,cips/cips-ffhq/img002468.jpg,6,cips-ffhq
img002154.jpg,cips/cips-ffhq/img002154.jpg,6,cips-ffhq
img001861.jpg,cips/cips-ffhq/img001861.jpg,6,cips-ffhq
img000789.jpg,cips/cips-ffhq/img000789.jpg,6,cips-ffhq
img002234.jpg,cips/cips-ffhq/img002234.jpg,6,cips-ffhq
img000425.jpg,cips/cips-ffhq/img000425.jpg,6,cips-ffhq
img004468.jpg,cips/cips-ffhq/img004468.jpg,6,cips-ffhq
img001694.jpg,cips/cips-ffhq/img001694.jpg,6,cips-ffhq
img003465.jpg,cips/cips-ffhq/img003465.jpg,6,cips-ffhq
img001801.jpg,cips/cips-ffhq/img001801.jpg,6,cips-ffhq
img002384.jpg,cips/cips-ffhq/img002384.jpg,6,cips-ffhq
img000422.jpg,cips/cips-ffhq/img000422.jpg,6,cips-ffhq
img002896.jpg,cips/cips-ffhq/img002896.jpg,6,cips-ffhq
img002011.jpg,cips/cips-ffhq/img002011.jpg,6,cips-ffhq
img004528.jpg,cips/cips-ffhq/img004528.jpg,6,cips-ffhq
img004001.jpg,cips/cips-ffhq/img004001.jpg,6,cips-ffhq
img001288.jpg,cips/cips-ffhq/img001288.jpg,6,cips-ffhq
img000849.jpg,cips/cips-ffhq/img000849.jpg,6,cips-ffhq
img003333.jpg,cips/cips-ffhq/img003333.jpg,6,cips-ffhq
img000246.jpg,cips/cips-ffhq/img000246.jpg,6,cips-ffhq
img001872.jpg,cips/cips-ffhq/img001872.jpg,6,cips-ffhq
img003925.jpg,cips/cips-ffhq/img003925.jpg,6,cips-ffhq
img000489.jpg,cips/cips-ffhq/img000489.jpg,6,cips-ffhq
img000835.jpg,cips/cips-ffhq/img000835.jpg,6,cips-ffhq
img003237.jpg,cips/cips-ffhq/img003237.jpg,6,cips-ffhq
img003519.jpg,cips/cips-ffhq/img003519.jpg,6,cips-ffhq
img002960.jpg,cips/cips-ffhq/img002960.jpg,6,cips-ffhq
img003493.jpg,cips/cips-ffhq/img003493.jpg,6,cips-ffhq
img004173.jpg,cips/cips-ffhq/img004173.jpg,6,cips-ffhq
img004033.jpg,cips/cips-ffhq/img004033.jpg,6,cips-ffhq
img003961.jpg,cips/cips-ffhq/img003961.jpg,6,cips-ffhq
img000399.jpg,cips/cips-ffhq/img000399.jpg,6,cips-ffhq
img003820.jpg,cips/cips-ffhq/img003820.jpg,6,cips-ffhq
img004389.jpg,cips/cips-ffhq/img004389.jpg,6,cips-ffhq
img000438.jpg,cips/cips-ffhq/img000438.jpg,6,cips-ffhq
img002893.jpg,cips/cips-ffhq/img002893.jpg,6,cips-ffhq
img000330.jpg,cips/cips-ffhq/img000330.jpg,6,cips-ffhq
img000232.jpg,cips/cips-ffhq/img000232.jpg,6,cips-ffhq
img003856.jpg,cips/cips-ffhq/img003856.jpg,6,cips-ffhq
img004326.jpg,cips/cips-ffhq/img004326.jpg,6,cips-ffhq
img001104.jpg,cips/cips-ffhq/img001104.jpg,6,cips-ffhq
img002245.jpg,cips/cips-ffhq/img002245.jpg,6,cips-ffhq
img002885.jpg,cips/cips-ffhq/img002885.jpg,6,cips-ffhq
img001203.jpg,cips/cips-ffhq/img001203.jpg,6,cips-ffhq
img001117.jpg,cips/cips-ffhq/img001117.jpg,6,cips-ffhq
img002231.jpg,cips/cips-ffhq/img002231.jpg,6,cips-ffhq
img002747.jpg,cips/cips-ffhq/img002747.jpg,6,cips-ffhq
img003822.jpg,cips/cips-ffhq/img003822.jpg,6,cips-ffhq
img001583.jpg,cips/cips-ffhq/img001583.jpg,6,cips-ffhq
img004515.jpg,cips/cips-ffhq/img004515.jpg,6,cips-ffhq
img004798.jpg,cips/cips-ffhq/img004798.jpg,6,cips-ffhq
img002532.jpg,cips/cips-ffhq/img002532.jpg,6,cips-ffhq
img003176.jpg,cips/cips-ffhq/img003176.jpg,6,cips-ffhq
img004062.jpg,cips/cips-ffhq/img004062.jpg,6,cips-ffhq
img002531.jpg,cips/cips-ffhq/img002531.jpg,6,cips-ffhq
img001066.jpg,cips/cips-ffhq/img001066.jpg,6,cips-ffhq
img002645.jpg,cips/cips-ffhq/img002645.jpg,6,cips-ffhq
img000227.jpg,cips/cips-ffhq/img000227.jpg,6,cips-ffhq
img001253.jpg,cips/cips-ffhq/img001253.jpg,6,cips-ffhq
img002967.jpg,cips/cips-ffhq/img002967.jpg,6,cips-ffhq
img002095.jpg,cips/cips-ffhq/img002095.jpg,6,cips-ffhq
img001343.jpg,cips/cips-ffhq/img001343.jpg,6,cips-ffhq
img004730.jpg,cips/cips-ffhq/img004730.jpg,6,cips-ffhq
img004672.jpg,cips/cips-ffhq/img004672.jpg,6,cips-ffhq
img001846.jpg,cips/cips-ffhq/img001846.jpg,6,cips-ffhq
img000658.jpg,cips/cips-ffhq/img000658.jpg,6,cips-ffhq
img001030.jpg,cips/cips-ffhq/img001030.jpg,6,cips-ffhq
img004012.jpg,cips/cips-ffhq/img004012.jpg,6,cips-ffhq
img004224.jpg,cips/cips-ffhq/img004224.jpg,6,cips-ffhq
img003659.jpg,cips/cips-ffhq/img003659.jpg,6,cips-ffhq
img004163.jpg,cips/cips-ffhq/img004163.jpg,6,cips-ffhq
img001346.jpg,cips/cips-ffhq/img001346.jpg,6,cips-ffhq
img003297.jpg,cips/cips-ffhq/img003297.jpg,6,cips-ffhq
img004252.jpg,cips/cips-ffhq/img004252.jpg,6,cips-ffhq
img003846.jpg,cips/cips-ffhq/img003846.jpg,6,cips-ffhq
img003694.jpg,cips/cips-ffhq/img003694.jpg,6,cips-ffhq
img000823.jpg,cips/cips-ffhq/img000823.jpg,6,cips-ffhq
img004229.jpg,cips/cips-ffhq/img004229.jpg,6,cips-ffhq
img000087.jpg,cips/cips-ffhq/img000087.jpg,6,cips-ffhq
img002534.jpg,cips/cips-ffhq/img002534.jpg,6,cips-ffhq
img001830.jpg,cips/cips-ffhq/img001830.jpg,6,cips-ffhq
img002603.jpg,cips/cips-ffhq/img002603.jpg,6,cips-ffhq
img003683.jpg,cips/cips-ffhq/img003683.jpg,6,cips-ffhq
img002127.jpg,cips/cips-ffhq/img002127.jpg,6,cips-ffhq
img000697.jpg,cips/cips-ffhq/img000697.jpg,6,cips-ffhq
img001700.jpg,cips/cips-ffhq/img001700.jpg,6,cips-ffhq
img002381.jpg,cips/cips-ffhq/img002381.jpg,6,cips-ffhq
img004390.jpg,cips/cips-ffhq/img004390.jpg,6,cips-ffhq
img003623.jpg,cips/cips-ffhq/img003623.jpg,6,cips-ffhq
img003704.jpg,cips/cips-ffhq/img003704.jpg,6,cips-ffhq
img002665.jpg,cips/cips-ffhq/img002665.jpg,6,cips-ffhq
img002366.jpg,cips/cips-ffhq/img002366.jpg,6,cips-ffhq
img003424.jpg,cips/cips-ffhq/img003424.jpg,6,cips-ffhq
img003900.jpg,cips/cips-ffhq/img003900.jpg,6,cips-ffhq
img002443.jpg,cips/cips-ffhq/img002443.jpg,6,cips-ffhq
img004523.jpg,cips/cips-ffhq/img004523.jpg,6,cips-ffhq
img002804.jpg,cips/cips-ffhq/img002804.jpg,6,cips-ffhq
img003384.jpg,cips/cips-ffhq/img003384.jpg,6,cips-ffhq
img003633.jpg,cips/cips-ffhq/img003633.jpg,6,cips-ffhq
img000510.jpg,cips/cips-ffhq/img000510.jpg,6,cips-ffhq
img004506.jpg,cips/cips-ffhq/img004506.jpg,6,cips-ffhq
img003190.jpg,cips/cips-ffhq/img003190.jpg,6,cips-ffhq
img003617.jpg,cips/cips-ffhq/img003617.jpg,6,cips-ffhq
img003033.jpg,cips/cips-ffhq/img003033.jpg,6,cips-ffhq
img001764.jpg,cips/cips-ffhq/img001764.jpg,6,cips-ffhq
img001399.jpg,cips/cips-ffhq/img001399.jpg,6,cips-ffhq
img004559.jpg,cips/cips-ffhq/img004559.jpg,6,cips-ffhq
img001036.jpg,cips/cips-ffhq/img001036.jpg,6,cips-ffhq
img001539.jpg,cips/cips-ffhq/img001539.jpg,6,cips-ffhq
img001423.jpg,cips/cips-ffhq/img001423.jpg,6,cips-ffhq
img003096.jpg,cips/cips-ffhq/img003096.jpg,6,cips-ffhq
img002750.jpg,cips/cips-ffhq/img002750.jpg,6,cips-ffhq
img001441.jpg,cips/cips-ffhq/img001441.jpg,6,cips-ffhq
img001471.jpg,cips/cips-ffhq/img001471.jpg,6,cips-ffhq
img000409.jpg,cips/cips-ffhq/img000409.jpg,6,cips-ffhq
img000016.jpg,cips/cips-ffhq/img000016.jpg,6,cips-ffhq
img003326.jpg,cips/cips-ffhq/img003326.jpg,6,cips-ffhq
img002851.jpg,cips/cips-ffhq/img002851.jpg,6,cips-ffhq
img003854.jpg,cips/cips-ffhq/img003854.jpg,6,cips-ffhq
img004200.jpg,cips/cips-ffhq/img004200.jpg,6,cips-ffhq
img001264.jpg,cips/cips-ffhq/img001264.jpg,6,cips-ffhq
img000154.jpg,cips/cips-ffhq/img000154.jpg,6,cips-ffhq
img000149.jpg,cips/cips-ffhq/img000149.jpg,6,cips-ffhq
img004582.jpg,cips/cips-ffhq/img004582.jpg,6,cips-ffhq
img001988.jpg,cips/cips-ffhq/img001988.jpg,6,cips-ffhq
img002548.jpg,cips/cips-ffhq/img002548.jpg,6,cips-ffhq
img004350.jpg,cips/cips-ffhq/img004350.jpg,6,cips-ffhq
img001169.jpg,cips/cips-ffhq/img001169.jpg,6,cips-ffhq
img003599.jpg,cips/cips-ffhq/img003599.jpg,6,cips-ffhq
img003618.jpg,cips/cips-ffhq/img003618.jpg,6,cips-ffhq
img003112.jpg,cips/cips-ffhq/img003112.jpg,6,cips-ffhq
img001333.jpg,cips/cips-ffhq/img001333.jpg,6,cips-ffhq
img000921.jpg,cips/cips-ffhq/img000921.jpg,6,cips-ffhq
img004380.jpg,cips/cips-ffhq/img004380.jpg,6,cips-ffhq
img003682.jpg,cips/cips-ffhq/img003682.jpg,6,cips-ffhq
img001076.jpg,cips/cips-ffhq/img001076.jpg,6,cips-ffhq
img003628.jpg,cips/cips-ffhq/img003628.jpg,6,cips-ffhq
img000754.jpg,cips/cips-ffhq/img000754.jpg,6,cips-ffhq
img000217.jpg,cips/cips-ffhq/img000217.jpg,6,cips-ffhq
img000111.jpg,cips/cips-ffhq/img000111.jpg,6,cips-ffhq
img001545.jpg,cips/cips-ffhq/img001545.jpg,6,cips-ffhq
img004714.jpg,cips/cips-ffhq/img004714.jpg,6,cips-ffhq
img000768.jpg,cips/cips-ffhq/img000768.jpg,6,cips-ffhq
img003551.jpg,cips/cips-ffhq/img003551.jpg,6,cips-ffhq
img001838.jpg,cips/cips-ffhq/img001838.jpg,6,cips-ffhq
img001715.jpg,cips/cips-ffhq/img001715.jpg,6,cips-ffhq
img001832.jpg,cips/cips-ffhq/img001832.jpg,6,cips-ffhq
img003346.jpg,cips/cips-ffhq/img003346.jpg,6,cips-ffhq
img000501.jpg,cips/cips-ffhq/img000501.jpg,6,cips-ffhq
img003141.jpg,cips/cips-ffhq/img003141.jpg,6,cips-ffhq
img001607.jpg,cips/cips-ffhq/img001607.jpg,6,cips-ffhq
img002995.jpg,cips/cips-ffhq/img002995.jpg,6,cips-ffhq
img001911.jpg,cips/cips-ffhq/img001911.jpg,6,cips-ffhq
img003999.jpg,cips/cips-ffhq/img003999.jpg,6,cips-ffhq
img002467.jpg,cips/cips-ffhq/img002467.jpg,6,cips-ffhq
img001542.jpg,cips/cips-ffhq/img001542.jpg,6,cips-ffhq
img004620.jpg,cips/cips-ffhq/img004620.jpg,6,cips-ffhq
img001058.jpg,cips/cips-ffhq/img001058.jpg,6,cips-ffhq
img002285.jpg,cips/cips-ffhq/img002285.jpg,6,cips-ffhq
img004449.jpg,cips/cips-ffhq/img004449.jpg,6,cips-ffhq
img000844.jpg,cips/cips-ffhq/img000844.jpg,6,cips-ffhq
img004658.jpg,cips/cips-ffhq/img004658.jpg,6,cips-ffhq
img001029.jpg,cips/cips-ffhq/img001029.jpg,6,cips-ffhq
img004477.jpg,cips/cips-ffhq/img004477.jpg,6,cips-ffhq
img002390.jpg,cips/cips-ffhq/img002390.jpg,6,cips-ffhq
img004102.jpg,cips/cips-ffhq/img004102.jpg,6,cips-ffhq
img002753.jpg,cips/cips-ffhq/img002753.jpg,6,cips-ffhq
img004666.jpg,cips/cips-ffhq/img004666.jpg,6,cips-ffhq
img003310.jpg,cips/cips-ffhq/img003310.jpg,6,cips-ffhq
img000902.jpg,cips/cips-ffhq/img000902.jpg,6,cips-ffhq
img003614.jpg,cips/cips-ffhq/img003614.jpg,6,cips-ffhq
img004023.jpg,cips/cips-ffhq/img004023.jpg,6,cips-ffhq
img002486.jpg,cips/cips-ffhq/img002486.jpg,6,cips-ffhq
img002723.jpg,cips/cips-ffhq/img002723.jpg,6,cips-ffhq
img003366.jpg,cips/cips-ffhq/img003366.jpg,6,cips-ffhq
img000463.jpg,cips/cips-ffhq/img000463.jpg,6,cips-ffhq
img002837.jpg,cips/cips-ffhq/img002837.jpg,6,cips-ffhq
img002520.jpg,cips/cips-ffhq/img002520.jpg,6,cips-ffhq
img003665.jpg,cips/cips-ffhq/img003665.jpg,6,cips-ffhq
img003133.jpg,cips/cips-ffhq/img003133.jpg,6,cips-ffhq
img000055.jpg,cips/cips-ffhq/img000055.jpg,6,cips-ffhq
img002052.jpg,cips/cips-ffhq/img002052.jpg,6,cips-ffhq
img002609.jpg,cips/cips-ffhq/img002609.jpg,6,cips-ffhq
img000254.jpg,cips/cips-ffhq/img000254.jpg,6,cips-ffhq
img000173.jpg,cips/cips-ffhq/img000173.jpg,6,cips-ffhq
img001686.jpg,cips/cips-ffhq/img001686.jpg,6,cips-ffhq
img000423.jpg,cips/cips-ffhq/img000423.jpg,6,cips-ffhq
img004059.jpg,cips/cips-ffhq/img004059.jpg,6,cips-ffhq
img003319.jpg,cips/cips-ffhq/img003319.jpg,6,cips-ffhq
img000639.jpg,cips/cips-ffhq/img000639.jpg,6,cips-ffhq
img000917.jpg,cips/cips-ffhq/img000917.jpg,6,cips-ffhq
img000245.jpg,cips/cips-ffhq/img000245.jpg,6,cips-ffhq
img001361.jpg,cips/cips-ffhq/img001361.jpg,6,cips-ffhq
img004201.jpg,cips/cips-ffhq/img004201.jpg,6,cips-ffhq
img003029.jpg,cips/cips-ffhq/img003029.jpg,6,cips-ffhq
img003140.jpg,cips/cips-ffhq/img003140.jpg,6,cips-ffhq
img004002.jpg,cips/cips-ffhq/img004002.jpg,6,cips-ffhq
img002805.jpg,cips/cips-ffhq/img002805.jpg,6,cips-ffhq
img003061.jpg,cips/cips-ffhq/img003061.jpg,6,cips-ffhq
img003873.jpg,cips/cips-ffhq/img003873.jpg,6,cips-ffhq
img001584.jpg,cips/cips-ffhq/img001584.jpg,6,cips-ffhq
img003020.jpg,cips/cips-ffhq/img003020.jpg,6,cips-ffhq
img004253.jpg,cips/cips-ffhq/img004253.jpg,6,cips-ffhq
img002897.jpg,cips/cips-ffhq/img002897.jpg,6,cips-ffhq
img003739.jpg,cips/cips-ffhq/img003739.jpg,6,cips-ffhq
img003433.jpg,cips/cips-ffhq/img003433.jpg,6,cips-ffhq
img003880.jpg,cips/cips-ffhq/img003880.jpg,6,cips-ffhq
img003800.jpg,cips/cips-ffhq/img003800.jpg,6,cips-ffhq
img000413.jpg,cips/cips-ffhq/img000413.jpg,6,cips-ffhq
img002843.jpg,cips/cips-ffhq/img002843.jpg,6,cips-ffhq
img001942.jpg,cips/cips-ffhq/img001942.jpg,6,cips-ffhq
img004320.jpg,cips/cips-ffhq/img004320.jpg,6,cips-ffhq
img003995.jpg,cips/cips-ffhq/img003995.jpg,6,cips-ffhq
img001473.jpg,cips/cips-ffhq/img001473.jpg,6,cips-ffhq
img003383.jpg,cips/cips-ffhq/img003383.jpg,6,cips-ffhq
img002391.jpg,cips/cips-ffhq/img002391.jpg,6,cips-ffhq
img004704.jpg,cips/cips-ffhq/img004704.jpg,6,cips-ffhq
img001349.jpg,cips/cips-ffhq/img001349.jpg,6,cips-ffhq
img001168.jpg,cips/cips-ffhq/img001168.jpg,6,cips-ffhq
img002258.jpg,cips/cips-ffhq/img002258.jpg,6,cips-ffhq
img002904.jpg,cips/cips-ffhq/img002904.jpg,6,cips-ffhq
img003745.jpg,cips/cips-ffhq/img003745.jpg,6,cips-ffhq
img001782.jpg,cips/cips-ffhq/img001782.jpg,6,cips-ffhq
img001761.jpg,cips/cips-ffhq/img001761.jpg,6,cips-ffhq
img002227.jpg,cips/cips-ffhq/img002227.jpg,6,cips-ffhq
img000650.jpg,cips/cips-ffhq/img000650.jpg,6,cips-ffhq
img000394.jpg,cips/cips-ffhq/img000394.jpg,6,cips-ffhq
img000966.jpg,cips/cips-ffhq/img000966.jpg,6,cips-ffhq
img003032.jpg,cips/cips-ffhq/img003032.jpg,6,cips-ffhq
img000233.jpg,cips/cips-ffhq/img000233.jpg,6,cips-ffhq
img003063.jpg,cips/cips-ffhq/img003063.jpg,6,cips-ffhq
img001567.jpg,cips/cips-ffhq/img001567.jpg,6,cips-ffhq
img004019.jpg,cips/cips-ffhq/img004019.jpg,6,cips-ffhq
img002830.jpg,cips/cips-ffhq/img002830.jpg,6,cips-ffhq
img001519.jpg,cips/cips-ffhq/img001519.jpg,6,cips-ffhq
img000169.jpg,cips/cips-ffhq/img000169.jpg,6,cips-ffhq
img002200.jpg,cips/cips-ffhq/img002200.jpg,6,cips-ffhq
img004370.jpg,cips/cips-ffhq/img004370.jpg,6,cips-ffhq
img002317.jpg,cips/cips-ffhq/img002317.jpg,6,cips-ffhq
img000223.jpg,cips/cips-ffhq/img000223.jpg,6,cips-ffhq
img004527.jpg,cips/cips-ffhq/img004527.jpg,6,cips-ffhq
img002377.jpg,cips/cips-ffhq/img002377.jpg,6,cips-ffhq
img000960.jpg,cips/cips-ffhq/img000960.jpg,6,cips-ffhq
img001708.jpg,cips/cips-ffhq/img001708.jpg,6,cips-ffhq
img004777.jpg,cips/cips-ffhq/img004777.jpg,6,cips-ffhq
img001180.jpg,cips/cips-ffhq/img001180.jpg,6,cips-ffhq
img004618.jpg,cips/cips-ffhq/img004618.jpg,6,cips-ffhq
img004358.jpg,cips/cips-ffhq/img004358.jpg,6,cips-ffhq
img000100.jpg,cips/cips-ffhq/img000100.jpg,6,cips-ffhq
img001420.jpg,cips/cips-ffhq/img001420.jpg,6,cips-ffhq
img004107.jpg,cips/cips-ffhq/img004107.jpg,6,cips-ffhq
img000893.jpg,cips/cips-ffhq/img000893.jpg,6,cips-ffhq
img004294.jpg,cips/cips-ffhq/img004294.jpg,6,cips-ffhq
img003679.jpg,cips/cips-ffhq/img003679.jpg,6,cips-ffhq
img002577.jpg,cips/cips-ffhq/img002577.jpg,6,cips-ffhq
img002631.jpg,cips/cips-ffhq/img002631.jpg,6,cips-ffhq
img000138.jpg,cips/cips-ffhq/img000138.jpg,6,cips-ffhq
img004146.jpg,cips/cips-ffhq/img004146.jpg,6,cips-ffhq
img003376.jpg,cips/cips-ffhq/img003376.jpg,6,cips-ffhq
img004430.jpg,cips/cips-ffhq/img004430.jpg,6,cips-ffhq
img000843.jpg,cips/cips-ffhq/img000843.jpg,6,cips-ffhq
img004137.jpg,cips/cips-ffhq/img004137.jpg,6,cips-ffhq
img002607.jpg,cips/cips-ffhq/img002607.jpg,6,cips-ffhq
img002253.jpg,cips/cips-ffhq/img002253.jpg,6,cips-ffhq
img000889.jpg,cips/cips-ffhq/img000889.jpg,6,cips-ffhq
img003117.jpg,cips/cips-ffhq/img003117.jpg,6,cips-ffhq
img004560.jpg,cips/cips-ffhq/img004560.jpg,6,cips-ffhq
img002975.jpg,cips/cips-ffhq/img002975.jpg,6,cips-ffhq
img001606.jpg,cips/cips-ffhq/img001606.jpg,6,cips-ffhq
img004669.jpg,cips/cips-ffhq/img004669.jpg,6,cips-ffhq
img001705.jpg,cips/cips-ffhq/img001705.jpg,6,cips-ffhq
img000517.jpg,cips/cips-ffhq/img000517.jpg,6,cips-ffhq
img004410.jpg,cips/cips-ffhq/img004410.jpg,6,cips-ffhq
img000600.jpg,cips/cips-ffhq/img000600.jpg,6,cips-ffhq
img001134.jpg,cips/cips-ffhq/img001134.jpg,6,cips-ffhq
img002349.jpg,cips/cips-ffhq/img002349.jpg,6,cips-ffhq
img001163.jpg,cips/cips-ffhq/img001163.jpg,6,cips-ffhq
img003156.jpg,cips/cips-ffhq/img003156.jpg,6,cips-ffhq
img001533.jpg,cips/cips-ffhq/img001533.jpg,6,cips-ffhq
img000285.jpg,cips/cips-ffhq/img000285.jpg,6,cips-ffhq
img001096.jpg,cips/cips-ffhq/img001096.jpg,6,cips-ffhq
img004208.jpg,cips/cips-ffhq/img004208.jpg,6,cips-ffhq
img004538.jpg,cips/cips-ffhq/img004538.jpg,6,cips-ffhq
img002123.jpg,cips/cips-ffhq/img002123.jpg,6,cips-ffhq
img001316.jpg,cips/cips-ffhq/img001316.jpg,6,cips-ffhq
img003660.jpg,cips/cips-ffhq/img003660.jpg,6,cips-ffhq
img004554.jpg,cips/cips-ffhq/img004554.jpg,6,cips-ffhq
img000454.jpg,cips/cips-ffhq/img000454.jpg,6,cips-ffhq
img003881.jpg,cips/cips-ffhq/img003881.jpg,6,cips-ffhq
img004101.jpg,cips/cips-ffhq/img004101.jpg,6,cips-ffhq
img000414.jpg,cips/cips-ffhq/img000414.jpg,6,cips-ffhq
img003136.jpg,cips/cips-ffhq/img003136.jpg,6,cips-ffhq
img000598.jpg,cips/cips-ffhq/img000598.jpg,6,cips-ffhq
img000587.jpg,cips/cips-ffhq/img000587.jpg,6,cips-ffhq
img000557.jpg,cips/cips-ffhq/img000557.jpg,6,cips-ffhq
img003289.jpg,cips/cips-ffhq/img003289.jpg,6,cips-ffhq
img001689.jpg,cips/cips-ffhq/img001689.jpg,6,cips-ffhq
img001456.jpg,cips/cips-ffhq/img001456.jpg,6,cips-ffhq
img000806.jpg,cips/cips-ffhq/img000806.jpg,6,cips-ffhq
img002732.jpg,cips/cips-ffhq/img002732.jpg,6,cips-ffhq
img002557.jpg,cips/cips-ffhq/img002557.jpg,6,cips-ffhq
img003548.jpg,cips/cips-ffhq/img003548.jpg,6,cips-ffhq
img000720.jpg,cips/cips-ffhq/img000720.jpg,6,cips-ffhq
img002923.jpg,cips/cips-ffhq/img002923.jpg,6,cips-ffhq
img001409.jpg,cips/cips-ffhq/img001409.jpg,6,cips-ffhq
img000089.jpg,cips/cips-ffhq/img000089.jpg,6,cips-ffhq
img004088.jpg,cips/cips-ffhq/img004088.jpg,6,cips-ffhq
img001376.jpg,cips/cips-ffhq/img001376.jpg,6,cips-ffhq
img001682.jpg,cips/cips-ffhq/img001682.jpg,6,cips-ffhq
img004722.jpg,cips/cips-ffhq/img004722.jpg,6,cips-ffhq
img004443.jpg,cips/cips-ffhq/img004443.jpg,6,cips-ffhq
img004519.jpg,cips/cips-ffhq/img004519.jpg,6,cips-ffhq
img004586.jpg,cips/cips-ffhq/img004586.jpg,6,cips-ffhq
img002503.jpg,cips/cips-ffhq/img002503.jpg,6,cips-ffhq
img004261.jpg,cips/cips-ffhq/img004261.jpg,6,cips-ffhq
img002519.jpg,cips/cips-ffhq/img002519.jpg,6,cips-ffhq
img002155.jpg,cips/cips-ffhq/img002155.jpg,6,cips-ffhq
img003467.jpg,cips/cips-ffhq/img003467.jpg,6,cips-ffhq
img004347.jpg,cips/cips-ffhq/img004347.jpg,6,cips-ffhq
img004372.jpg,cips/cips-ffhq/img004372.jpg,6,cips-ffhq
img003338.jpg,cips/cips-ffhq/img003338.jpg,6,cips-ffhq
img000396.jpg,cips/cips-ffhq/img000396.jpg,6,cips-ffhq
img002268.jpg,cips/cips-ffhq/img002268.jpg,6,cips-ffhq
img000912.jpg,cips/cips-ffhq/img000912.jpg,6,cips-ffhq
img000944.jpg,cips/cips-ffhq/img000944.jpg,6,cips-ffhq
img004694.jpg,cips/cips-ffhq/img004694.jpg,6,cips-ffhq
img004592.jpg,cips/cips-ffhq/img004592.jpg,6,cips-ffhq
img004475.jpg,cips/cips-ffhq/img004475.jpg,6,cips-ffhq
img004616.jpg,cips/cips-ffhq/img004616.jpg,6,cips-ffhq
img004685.jpg,cips/cips-ffhq/img004685.jpg,6,cips-ffhq
img002838.jpg,cips/cips-ffhq/img002838.jpg,6,cips-ffhq
img002636.jpg,cips/cips-ffhq/img002636.jpg,6,cips-ffhq
img003427.jpg,cips/cips-ffhq/img003427.jpg,6,cips-ffhq
img004736.jpg,cips/cips-ffhq/img004736.jpg,6,cips-ffhq
img002627.jpg,cips/cips-ffhq/img002627.jpg,6,cips-ffhq
img002449.jpg,cips/cips-ffhq/img002449.jpg,6,cips-ffhq
img000385.jpg,cips/cips-ffhq/img000385.jpg,6,cips-ffhq
img003425.jpg,cips/cips-ffhq/img003425.jpg,6,cips-ffhq
img004479.jpg,cips/cips-ffhq/img004479.jpg,6,cips-ffhq
img004719.jpg,cips/cips-ffhq/img004719.jpg,6,cips-ffhq
img001745.jpg,cips/cips-ffhq/img001745.jpg,6,cips-ffhq
img002871.jpg,cips/cips-ffhq/img002871.jpg,6,cips-ffhq
img003996.jpg,cips/cips-ffhq/img003996.jpg,6,cips-ffhq
img001841.jpg,cips/cips-ffhq/img001841.jpg,6,cips-ffhq
img003353.jpg,cips/cips-ffhq/img003353.jpg,6,cips-ffhq
img003446.jpg,cips/cips-ffhq/img003446.jpg,6,cips-ffhq
img003945.jpg,cips/cips-ffhq/img003945.jpg,6,cips-ffhq
img003027.jpg,cips/cips-ffhq/img003027.jpg,6,cips-ffhq
img000998.jpg,cips/cips-ffhq/img000998.jpg,6,cips-ffhq
img000094.jpg,cips/cips-ffhq/img000094.jpg,6,cips-ffhq
img000357.jpg,cips/cips-ffhq/img000357.jpg,6,cips-ffhq
img000062.jpg,cips/cips-ffhq/img000062.jpg,6,cips-ffhq
img001651.jpg,cips/cips-ffhq/img001651.jpg,6,cips-ffhq
img002426.jpg,cips/cips-ffhq/img002426.jpg,6,cips-ffhq
img002442.jpg,cips/cips-ffhq/img002442.jpg,6,cips-ffhq
img004431.jpg,cips/cips-ffhq/img004431.jpg,6,cips-ffhq
img000569.jpg,cips/cips-ffhq/img000569.jpg,6,cips-ffhq
img002655.jpg,cips/cips-ffhq/img002655.jpg,6,cips-ffhq
img003044.jpg,cips/cips-ffhq/img003044.jpg,6,cips-ffhq
img001717.jpg,cips/cips-ffhq/img001717.jpg,6,cips-ffhq
img002700.jpg,cips/cips-ffhq/img002700.jpg,6,cips-ffhq
img000441.jpg,cips/cips-ffhq/img000441.jpg,6,cips-ffhq
img002111.jpg,cips/cips-ffhq/img002111.jpg,6,cips-ffhq
img000397.jpg,cips/cips-ffhq/img000397.jpg,6,cips-ffhq
img003684.jpg,cips/cips-ffhq/img003684.jpg,6,cips-ffhq
img003645.jpg,cips/cips-ffhq/img003645.jpg,6,cips-ffhq
img003392.jpg,cips/cips-ffhq/img003392.jpg,6,cips-ffhq
img003461.jpg,cips/cips-ffhq/img003461.jpg,6,cips-ffhq
img003275.jpg,cips/cips-ffhq/img003275.jpg,6,cips-ffhq
img000212.jpg,cips/cips-ffhq/img000212.jpg,6,cips-ffhq
img001884.jpg,cips/cips-ffhq/img001884.jpg,6,cips-ffhq
img002166.jpg,cips/cips-ffhq/img002166.jpg,6,cips-ffhq
img002301.jpg,cips/cips-ffhq/img002301.jpg,6,cips-ffhq
img002564.jpg,cips/cips-ffhq/img002564.jpg,6,cips-ffhq
img003113.jpg,cips/cips-ffhq/img003113.jpg,6,cips-ffhq
img000320.jpg,cips/cips-ffhq/img000320.jpg,6,cips-ffhq
img000102.jpg,cips/cips-ffhq/img000102.jpg,6,cips-ffhq
img000395.jpg,cips/cips-ffhq/img000395.jpg,6,cips-ffhq
img000028.jpg,cips/cips-ffhq/img000028.jpg,6,cips-ffhq
img002394.jpg,cips/cips-ffhq/img002394.jpg,6,cips-ffhq
img003788.jpg,cips/cips-ffhq/img003788.jpg,6,cips-ffhq
img003772.jpg,cips/cips-ffhq/img003772.jpg,6,cips-ffhq
img000035.jpg,cips/cips-ffhq/img000035.jpg,6,cips-ffhq
img001378.jpg,cips/cips-ffhq/img001378.jpg,6,cips-ffhq
img002898.jpg,cips/cips-ffhq/img002898.jpg,6,cips-ffhq
img000723.jpg,cips/cips-ffhq/img000723.jpg,6,cips-ffhq
img001337.jpg,cips/cips-ffhq/img001337.jpg,6,cips-ffhq
img001776.jpg,cips/cips-ffhq/img001776.jpg,6,cips-ffhq
img004073.jpg,cips/cips-ffhq/img004073.jpg,6,cips-ffhq
img002777.jpg,cips/cips-ffhq/img002777.jpg,6,cips-ffhq
img000855.jpg,cips/cips-ffhq/img000855.jpg,6,cips-ffhq
img002775.jpg,cips/cips-ffhq/img002775.jpg,6,cips-ffhq
img002254.jpg,cips/cips-ffhq/img002254.jpg,6,cips-ffhq
img000527.jpg,cips/cips-ffhq/img000527.jpg,6,cips-ffhq
img003668.jpg,cips/cips-ffhq/img003668.jpg,6,cips-ffhq
img001012.jpg,cips/cips-ffhq/img001012.jpg,6,cips-ffhq
img003681.jpg,cips/cips-ffhq/img003681.jpg,6,cips-ffhq
img004338.jpg,cips/cips-ffhq/img004338.jpg,6,cips-ffhq
img004745.jpg,cips/cips-ffhq/img004745.jpg,6,cips-ffhq
img003396.jpg,cips/cips-ffhq/img003396.jpg,6,cips-ffhq
img001274.jpg,cips/cips-ffhq/img001274.jpg,6,cips-ffhq
img003052.jpg,cips/cips-ffhq/img003052.jpg,6,cips-ffhq
img003991.jpg,cips/cips-ffhq/img003991.jpg,6,cips-ffhq
img003282.jpg,cips/cips-ffhq/img003282.jpg,6,cips-ffhq
img003106.jpg,cips/cips-ffhq/img003106.jpg,6,cips-ffhq
img003482.jpg,cips/cips-ffhq/img003482.jpg,6,cips-ffhq
img001061.jpg,cips/cips-ffhq/img001061.jpg,6,cips-ffhq
img004020.jpg,cips/cips-ffhq/img004020.jpg,6,cips-ffhq
img002289.jpg,cips/cips-ffhq/img002289.jpg,6,cips-ffhq
img004792.jpg,cips/cips-ffhq/img004792.jpg,6,cips-ffhq
img001461.jpg,cips/cips-ffhq/img001461.jpg,6,cips-ffhq
img004373.jpg,cips/cips-ffhq/img004373.jpg,6,cips-ffhq
img003920.jpg,cips/cips-ffhq/img003920.jpg,6,cips-ffhq
img004197.jpg,cips/cips-ffhq/img004197.jpg,6,cips-ffhq
img001229.jpg,cips/cips-ffhq/img001229.jpg,6,cips-ffhq
img000455.jpg,cips/cips-ffhq/img000455.jpg,6,cips-ffhq
img000899.jpg,cips/cips-ffhq/img000899.jpg,6,cips-ffhq
img002451.jpg,cips/cips-ffhq/img002451.jpg,6,cips-ffhq
img001171.jpg,cips/cips-ffhq/img001171.jpg,6,cips-ffhq
img002357.jpg,cips/cips-ffhq/img002357.jpg,6,cips-ffhq
img001332.jpg,cips/cips-ffhq/img001332.jpg,6,cips-ffhq
img001759.jpg,cips/cips-ffhq/img001759.jpg,6,cips-ffhq
img003578.jpg,cips/cips-ffhq/img003578.jpg,6,cips-ffhq
img000973.jpg,cips/cips-ffhq/img000973.jpg,6,cips-ffhq
img003737.jpg,cips/cips-ffhq/img003737.jpg,6,cips-ffhq
img004198.jpg,cips/cips-ffhq/img004198.jpg,6,cips-ffhq
img002782.jpg,cips/cips-ffhq/img002782.jpg,6,cips-ffhq
img003893.jpg,cips/cips-ffhq/img003893.jpg,6,cips-ffhq
img004753.jpg,cips/cips-ffhq/img004753.jpg,6,cips-ffhq
img003543.jpg,cips/cips-ffhq/img003543.jpg,6,cips-ffhq
img001010.jpg,cips/cips-ffhq/img001010.jpg,6,cips-ffhq
img003676.jpg,cips/cips-ffhq/img003676.jpg,6,cips-ffhq
img001105.jpg,cips/cips-ffhq/img001105.jpg,6,cips-ffhq
img002701.jpg,cips/cips-ffhq/img002701.jpg,6,cips-ffhq
img000500.jpg,cips/cips-ffhq/img000500.jpg,6,cips-ffhq
img002222.jpg,cips/cips-ffhq/img002222.jpg,6,cips-ffhq
img003649.jpg,cips/cips-ffhq/img003649.jpg,6,cips-ffhq
img004160.jpg,cips/cips-ffhq/img004160.jpg,6,cips-ffhq
img000190.jpg,cips/cips-ffhq/img000190.jpg,6,cips-ffhq
img001574.jpg,cips/cips-ffhq/img001574.jpg,6,cips-ffhq
img001080.jpg,cips/cips-ffhq/img001080.jpg,6,cips-ffhq
img002376.jpg,cips/cips-ffhq/img002376.jpg,6,cips-ffhq
img002410.jpg,cips/cips-ffhq/img002410.jpg,6,cips-ffhq
img001166.jpg,cips/cips-ffhq/img001166.jpg,6,cips-ffhq
img002388.jpg,cips/cips-ffhq/img002388.jpg,6,cips-ffhq
img000576.jpg,cips/cips-ffhq/img000576.jpg,6,cips-ffhq
img000008.jpg,cips/cips-ffhq/img000008.jpg,6,cips-ffhq
img002403.jpg,cips/cips-ffhq/img002403.jpg,6,cips-ffhq
img004221.jpg,cips/cips-ffhq/img004221.jpg,6,cips-ffhq
img002980.jpg,cips/cips-ffhq/img002980.jpg,6,cips-ffhq
img003957.jpg,cips/cips-ffhq/img003957.jpg,6,cips-ffhq
img000722.jpg,cips/cips-ffhq/img000722.jpg,6,cips-ffhq
img000325.jpg,cips/cips-ffhq/img000325.jpg,6,cips-ffhq
img002744.jpg,cips/cips-ffhq/img002744.jpg,6,cips-ffhq
img002117.jpg,cips/cips-ffhq/img002117.jpg,6,cips-ffhq
img001966.jpg,cips/cips-ffhq/img001966.jpg,6,cips-ffhq
img001608.jpg,cips/cips-ffhq/img001608.jpg,6,cips-ffhq
img002310.jpg,cips/cips-ffhq/img002310.jpg,6,cips-ffhq
img002032.jpg,cips/cips-ffhq/img002032.jpg,6,cips-ffhq
img000420.jpg,cips/cips-ffhq/img000420.jpg,6,cips-ffhq
img004467.jpg,cips/cips-ffhq/img004467.jpg,6,cips-ffhq
img004411.jpg,cips/cips-ffhq/img004411.jpg,6,cips-ffhq
img002776.jpg,cips/cips-ffhq/img002776.jpg,6,cips-ffhq
img003861.jpg,cips/cips-ffhq/img003861.jpg,6,cips-ffhq
img002761.jpg,cips/cips-ffhq/img002761.jpg,6,cips-ffhq
img002081.jpg,cips/cips-ffhq/img002081.jpg,6,cips-ffhq
img002026.jpg,cips/cips-ffhq/img002026.jpg,6,cips-ffhq
img000290.jpg,cips/cips-ffhq/img000290.jpg,6,cips-ffhq
img000553.jpg,cips/cips-ffhq/img000553.jpg,6,cips-ffhq
img003942.jpg,cips/cips-ffhq/img003942.jpg,6,cips-ffhq
img002446.jpg,cips/cips-ffhq/img002446.jpg,6,cips-ffhq
img004508.jpg,cips/cips-ffhq/img004508.jpg,6,cips-ffhq
img001646.jpg,cips/cips-ffhq/img001646.jpg,6,cips-ffhq
img002399.jpg,cips/cips-ffhq/img002399.jpg,6,cips-ffhq
img004014.jpg,cips/cips-ffhq/img004014.jpg,6,cips-ffhq
img002288.jpg,cips/cips-ffhq/img002288.jpg,6,cips-ffhq
img001977.jpg,cips/cips-ffhq/img001977.jpg,6,cips-ffhq
img003065.jpg,cips/cips-ffhq/img003065.jpg,6,cips-ffhq
img003349.jpg,cips/cips-ffhq/img003349.jpg,6,cips-ffhq
img001413.jpg,cips/cips-ffhq/img001413.jpg,6,cips-ffhq
img003074.jpg,cips/cips-ffhq/img003074.jpg,6,cips-ffhq
img000505.jpg,cips/cips-ffhq/img000505.jpg,6,cips-ffhq
img004420.jpg,cips/cips-ffhq/img004420.jpg,6,cips-ffhq
img001094.jpg,cips/cips-ffhq/img001094.jpg,6,cips-ffhq
img003577.jpg,cips/cips-ffhq/img003577.jpg,6,cips-ffhq
img001475.jpg,cips/cips-ffhq/img001475.jpg,6,cips-ffhq
img001481.jpg,cips/cips-ffhq/img001481.jpg,6,cips-ffhq
img001728.jpg,cips/cips-ffhq/img001728.jpg,6,cips-ffhq
img002441.jpg,cips/cips-ffhq/img002441.jpg,6,cips-ffhq
img003447.jpg,cips/cips-ffhq/img003447.jpg,6,cips-ffhq
img004369.jpg,cips/cips-ffhq/img004369.jpg,6,cips-ffhq
img001954.jpg,cips/cips-ffhq/img001954.jpg,6,cips-ffhq
img004132.jpg,cips/cips-ffhq/img004132.jpg,6,cips-ffhq
img003725.jpg,cips/cips-ffhq/img003725.jpg,6,cips-ffhq
img003890.jpg,cips/cips-ffhq/img003890.jpg,6,cips-ffhq
img003053.jpg,cips/cips-ffhq/img003053.jpg,6,cips-ffhq
img003756.jpg,cips/cips-ffhq/img003756.jpg,6,cips-ffhq
img004548.jpg,cips/cips-ffhq/img004548.jpg,6,cips-ffhq
img003817.jpg,cips/cips-ffhq/img003817.jpg,6,cips-ffhq
img004476.jpg,cips/cips-ffhq/img004476.jpg,6,cips-ffhq
img004191.jpg,cips/cips-ffhq/img004191.jpg,6,cips-ffhq
img001798.jpg,cips/cips-ffhq/img001798.jpg,6,cips-ffhq
img002612.jpg,cips/cips-ffhq/img002612.jpg,6,cips-ffhq
img001028.jpg,cips/cips-ffhq/img001028.jpg,6,cips-ffhq
img000201.jpg,cips/cips-ffhq/img000201.jpg,6,cips-ffhq
img003229.jpg,cips/cips-ffhq/img003229.jpg,6,cips-ffhq
img002810.jpg,cips/cips-ffhq/img002810.jpg,6,cips-ffhq
img000646.jpg,cips/cips-ffhq/img000646.jpg,6,cips-ffhq
img000681.jpg,cips/cips-ffhq/img000681.jpg,6,cips-ffhq
img001789.jpg,cips/cips-ffhq/img001789.jpg,6,cips-ffhq
img004116.jpg,cips/cips-ffhq/img004116.jpg,6,cips-ffhq
img002309.jpg,cips/cips-ffhq/img002309.jpg,6,cips-ffhq
img000105.jpg,cips/cips-ffhq/img000105.jpg,6,cips-ffhq
img002611.jpg,cips/cips-ffhq/img002611.jpg,6,cips-ffhq
img003678.jpg,cips/cips-ffhq/img003678.jpg,6,cips-ffhq
img000315.jpg,cips/cips-ffhq/img000315.jpg,6,cips-ffhq
img002145.jpg,cips/cips-ffhq/img002145.jpg,6,cips-ffhq
img002767.jpg,cips/cips-ffhq/img002767.jpg,6,cips-ffhq
img004771.jpg,cips/cips-ffhq/img004771.jpg,6,cips-ffhq
img003588.jpg,cips/cips-ffhq/img003588.jpg,6,cips-ffhq
img001856.jpg,cips/cips-ffhq/img001856.jpg,6,cips-ffhq
img003775.jpg,cips/cips-ffhq/img003775.jpg,6,cips-ffhq
img003521.jpg,cips/cips-ffhq/img003521.jpg,6,cips-ffhq
img002708.jpg,cips/cips-ffhq/img002708.jpg,6,cips-ffhq
img003092.jpg,cips/cips-ffhq/img003092.jpg,6,cips-ffhq
img004149.jpg,cips/cips-ffhq/img004149.jpg,6,cips-ffhq
img000007.jpg,cips/cips-ffhq/img000007.jpg,6,cips-ffhq
img001669.jpg,cips/cips-ffhq/img001669.jpg,6,cips-ffhq
img000481.jpg,cips/cips-ffhq/img000481.jpg,6,cips-ffhq
img004057.jpg,cips/cips-ffhq/img004057.jpg,6,cips-ffhq
img000905.jpg,cips/cips-ffhq/img000905.jpg,6,cips-ffhq
img004701.jpg,cips/cips-ffhq/img004701.jpg,6,cips-ffhq
img000186.jpg,cips/cips-ffhq/img000186.jpg,6,cips-ffhq
img002512.jpg,cips/cips-ffhq/img002512.jpg,6,cips-ffhq
img003535.jpg,cips/cips-ffhq/img003535.jpg,6,cips-ffhq
img000200.jpg,cips/cips-ffhq/img000200.jpg,6,cips-ffhq
img003135.jpg,cips/cips-ffhq/img003135.jpg,6,cips-ffhq
img002308.jpg,cips/cips-ffhq/img002308.jpg,6,cips-ffhq
img001760.jpg,cips/cips-ffhq/img001760.jpg,6,cips-ffhq
img004780.jpg,cips/cips-ffhq/img004780.jpg,6,cips-ffhq
img000987.jpg,cips/cips-ffhq/img000987.jpg,6,cips-ffhq
img003017.jpg,cips/cips-ffhq/img003017.jpg,6,cips-ffhq
img003732.jpg,cips/cips-ffhq/img003732.jpg,6,cips-ffhq
img003712.jpg,cips/cips-ffhq/img003712.jpg,6,cips-ffhq
img001181.jpg,cips/cips-ffhq/img001181.jpg,6,cips-ffhq
img000568.jpg,cips/cips-ffhq/img000568.jpg,6,cips-ffhq
img003049.jpg,cips/cips-ffhq/img003049.jpg,6,cips-ffhq
img004043.jpg,cips/cips-ffhq/img004043.jpg,6,cips-ffhq
img004713.jpg,cips/cips-ffhq/img004713.jpg,6,cips-ffhq
img002248.jpg,cips/cips-ffhq/img002248.jpg,6,cips-ffhq
img001673.jpg,cips/cips-ffhq/img001673.jpg,6,cips-ffhq
img004152.jpg,cips/cips-ffhq/img004152.jpg,6,cips-ffhq
img004194.jpg,cips/cips-ffhq/img004194.jpg,6,cips-ffhq
img001143.jpg,cips/cips-ffhq/img001143.jpg,6,cips-ffhq
img002774.jpg,cips/cips-ffhq/img002774.jpg,6,cips-ffhq
img002009.jpg,cips/cips-ffhq/img002009.jpg,6,cips-ffhq
img000662.jpg,cips/cips-ffhq/img000662.jpg,6,cips-ffhq
img001167.jpg,cips/cips-ffhq/img001167.jpg,6,cips-ffhq
img002988.jpg,cips/cips-ffhq/img002988.jpg,6,cips-ffhq
img004189.jpg,cips/cips-ffhq/img004189.jpg,6,cips-ffhq
img000447.jpg,cips/cips-ffhq/img000447.jpg,6,cips-ffhq
img004569.jpg,cips/cips-ffhq/img004569.jpg,6,cips-ffhq
img002367.jpg,cips/cips-ffhq/img002367.jpg,6,cips-ffhq
img002850.jpg,cips/cips-ffhq/img002850.jpg,6,cips-ffhq
img000570.jpg,cips/cips-ffhq/img000570.jpg,6,cips-ffhq
img002064.jpg,cips/cips-ffhq/img002064.jpg,6,cips-ffhq
img002876.jpg,cips/cips-ffhq/img002876.jpg,6,cips-ffhq
img001523.jpg,cips/cips-ffhq/img001523.jpg,6,cips-ffhq
img003990.jpg,cips/cips-ffhq/img003990.jpg,6,cips-ffhq
img004114.jpg,cips/cips-ffhq/img004114.jpg,6,cips-ffhq
img001301.jpg,cips/cips-ffhq/img001301.jpg,6,cips-ffhq
img003079.jpg,cips/cips-ffhq/img003079.jpg,6,cips-ffhq
img000955.jpg,cips/cips-ffhq/img000955.jpg,6,cips-ffhq
img000812.jpg,cips/cips-ffhq/img000812.jpg,6,cips-ffhq
img000248.jpg,cips/cips-ffhq/img000248.jpg,6,cips-ffhq
img002634.jpg,cips/cips-ffhq/img002634.jpg,6,cips-ffhq
img002518.jpg,cips/cips-ffhq/img002518.jpg,6,cips-ffhq
img000426.jpg,cips/cips-ffhq/img000426.jpg,6,cips-ffhq
img002419.jpg,cips/cips-ffhq/img002419.jpg,6,cips-ffhq
img000588.jpg,cips/cips-ffhq/img000588.jpg,6,cips-ffhq
img003855.jpg,cips/cips-ffhq/img003855.jpg,6,cips-ffhq
img000970.jpg,cips/cips-ffhq/img000970.jpg,6,cips-ffhq
img003608.jpg,cips/cips-ffhq/img003608.jpg,6,cips-ffhq
img003928.jpg,cips/cips-ffhq/img003928.jpg,6,cips-ffhq
img001325.jpg,cips/cips-ffhq/img001325.jpg,6,cips-ffhq
img004374.jpg,cips/cips-ffhq/img004374.jpg,6,cips-ffhq
img003537.jpg,cips/cips-ffhq/img003537.jpg,6,cips-ffhq
img002679.jpg,cips/cips-ffhq/img002679.jpg,6,cips-ffhq
img004017.jpg,cips/cips-ffhq/img004017.jpg,6,cips-ffhq
img002392.jpg,cips/cips-ffhq/img002392.jpg,6,cips-ffhq
img003497.jpg,cips/cips-ffhq/img003497.jpg,6,cips-ffhq
img002257.jpg,cips/cips-ffhq/img002257.jpg,6,cips-ffhq
img001005.jpg,cips/cips-ffhq/img001005.jpg,6,cips-ffhq
img001245.jpg,cips/cips-ffhq/img001245.jpg,6,cips-ffhq
img000160.jpg,cips/cips-ffhq/img000160.jpg,6,cips-ffhq
img003615.jpg,cips/cips-ffhq/img003615.jpg,6,cips-ffhq
img002169.jpg,cips/cips-ffhq/img002169.jpg,6,cips-ffhq
img004778.jpg,cips/cips-ffhq/img004778.jpg,6,cips-ffhq
img000006.jpg,cips/cips-ffhq/img000006.jpg,6,cips-ffhq
img004436.jpg,cips/cips-ffhq/img004436.jpg,6,cips-ffhq
img000209.jpg,cips/cips-ffhq/img000209.jpg,6,cips-ffhq
img000029.jpg,cips/cips-ffhq/img000029.jpg,6,cips-ffhq
img000537.jpg,cips/cips-ffhq/img000537.jpg,6,cips-ffhq
img000988.jpg,cips/cips-ffhq/img000988.jpg,6,cips-ffhq
img004398.jpg,cips/cips-ffhq/img004398.jpg,6,cips-ffhq
img001874.jpg,cips/cips-ffhq/img001874.jpg,6,cips-ffhq
img002065.jpg,cips/cips-ffhq/img002065.jpg,6,cips-ffhq
img002595.jpg,cips/cips-ffhq/img002595.jpg,6,cips-ffhq
img001589.jpg,cips/cips-ffhq/img001589.jpg,6,cips-ffhq
img004055.jpg,cips/cips-ffhq/img004055.jpg,6,cips-ffhq
img002343.jpg,cips/cips-ffhq/img002343.jpg,6,cips-ffhq
img002205.jpg,cips/cips-ffhq/img002205.jpg,6,cips-ffhq
img001703.jpg,cips/cips-ffhq/img001703.jpg,6,cips-ffhq
img003184.jpg,cips/cips-ffhq/img003184.jpg,6,cips-ffhq
img002373.jpg,cips/cips-ffhq/img002373.jpg,6,cips-ffhq
img000153.jpg,cips/cips-ffhq/img000153.jpg,6,cips-ffhq
img000023.jpg,cips/cips-ffhq/img000023.jpg,6,cips-ffhq
img000836.jpg,cips/cips-ffhq/img000836.jpg,6,cips-ffhq
img000387.jpg,cips/cips-ffhq/img000387.jpg,6,cips-ffhq
img003713.jpg,cips/cips-ffhq/img003713.jpg,6,cips-ffhq
img000393.jpg,cips/cips-ffhq/img000393.jpg,6,cips-ffhq
img000927.jpg,cips/cips-ffhq/img000927.jpg,6,cips-ffhq
img003398.jpg,cips/cips-ffhq/img003398.jpg,6,cips-ffhq
img004008.jpg,cips/cips-ffhq/img004008.jpg,6,cips-ffhq
img004576.jpg,cips/cips-ffhq/img004576.jpg,6,cips-ffhq
img002286.jpg,cips/cips-ffhq/img002286.jpg,6,cips-ffhq
img001698.jpg,cips/cips-ffhq/img001698.jpg,6,cips-ffhq
img002225.jpg,cips/cips-ffhq/img002225.jpg,6,cips-ffhq
img000678.jpg,cips/cips-ffhq/img000678.jpg,6,cips-ffhq
img000551.jpg,cips/cips-ffhq/img000551.jpg,6,cips-ffhq
img000882.jpg,cips/cips-ffhq/img000882.jpg,6,cips-ffhq
img001220.jpg,cips/cips-ffhq/img001220.jpg,6,cips-ffhq
img000850.jpg,cips/cips-ffhq/img000850.jpg,6,cips-ffhq
img004096.jpg,cips/cips-ffhq/img004096.jpg,6,cips-ffhq
img003271.jpg,cips/cips-ffhq/img003271.jpg,6,cips-ffhq
img001137.jpg,cips/cips-ffhq/img001137.jpg,6,cips-ffhq
img001365.jpg,cips/cips-ffhq/img001365.jpg,6,cips-ffhq
img003935.jpg,cips/cips-ffhq/img003935.jpg,6,cips-ffhq
img001084.jpg,cips/cips-ffhq/img001084.jpg,6,cips-ffhq
img002124.jpg,cips/cips-ffhq/img002124.jpg,6,cips-ffhq
img000471.jpg,cips/cips-ffhq/img000471.jpg,6,cips-ffhq
img001978.jpg,cips/cips-ffhq/img001978.jpg,6,cips-ffhq
img002273.jpg,cips/cips-ffhq/img002273.jpg,6,cips-ffhq
img001550.jpg,cips/cips-ffhq/img001550.jpg,6,cips-ffhq
img000633.jpg,cips/cips-ffhq/img000633.jpg,6,cips-ffhq
img003760.jpg,cips/cips-ffhq/img003760.jpg,6,cips-ffhq
img002668.jpg,cips/cips-ffhq/img002668.jpg,6,cips-ffhq
img001755.jpg,cips/cips-ffhq/img001755.jpg,6,cips-ffhq
img002685.jpg,cips/cips-ffhq/img002685.jpg,6,cips-ffhq
img002087.jpg,cips/cips-ffhq/img002087.jpg,6,cips-ffhq
img001059.jpg,cips/cips-ffhq/img001059.jpg,6,cips-ffhq
img002000.jpg,cips/cips-ffhq/img002000.jpg,6,cips-ffhq
img004245.jpg,cips/cips-ffhq/img004245.jpg,6,cips-ffhq
img003173.jpg,cips/cips-ffhq/img003173.jpg,6,cips-ffhq
img001522.jpg,cips/cips-ffhq/img001522.jpg,6,cips-ffhq
img004046.jpg,cips/cips-ffhq/img004046.jpg,6,cips-ffhq
img000503.jpg,cips/cips-ffhq/img000503.jpg,6,cips-ffhq
img004634.jpg,cips/cips-ffhq/img004634.jpg,6,cips-ffhq
img002890.jpg,cips/cips-ffhq/img002890.jpg,6,cips-ffhq
img000824.jpg,cips/cips-ffhq/img000824.jpg,6,cips-ffhq
img002735.jpg,cips/cips-ffhq/img002735.jpg,6,cips-ffhq
img000368.jpg,cips/cips-ffhq/img000368.jpg,6,cips-ffhq
img004150.jpg,cips/cips-ffhq/img004150.jpg,6,cips-ffhq
img002888.jpg,cips/cips-ffhq/img002888.jpg,6,cips-ffhq
img002297.jpg,cips/cips-ffhq/img002297.jpg,6,cips-ffhq
img000476.jpg,cips/cips-ffhq/img000476.jpg,6,cips-ffhq
img000668.jpg,cips/cips-ffhq/img000668.jpg,6,cips-ffhq
img000821.jpg,cips/cips-ffhq/img000821.jpg,6,cips-ffhq
img000699.jpg,cips/cips-ffhq/img000699.jpg,6,cips-ffhq
img004536.jpg,cips/cips-ffhq/img004536.jpg,6,cips-ffhq
img003742.jpg,cips/cips-ffhq/img003742.jpg,6,cips-ffhq
img002781.jpg,cips/cips-ffhq/img002781.jpg,6,cips-ffhq
img003347.jpg,cips/cips-ffhq/img003347.jpg,6,cips-ffhq
img001014.jpg,cips/cips-ffhq/img001014.jpg,6,cips-ffhq
img003838.jpg,cips/cips-ffhq/img003838.jpg,6,cips-ffhq
img004035.jpg,cips/cips-ffhq/img004035.jpg,6,cips-ffhq
img002940.jpg,cips/cips-ffhq/img002940.jpg,6,cips-ffhq
img000133.jpg,cips/cips-ffhq/img000133.jpg,6,cips-ffhq
img002114.jpg,cips/cips-ffhq/img002114.jpg,6,cips-ffhq
img003110.jpg,cips/cips-ffhq/img003110.jpg,6,cips-ffhq
img004301.jpg,cips/cips-ffhq/img004301.jpg,6,cips-ffhq
img001013.jpg,cips/cips-ffhq/img001013.jpg,6,cips-ffhq
img002515.jpg,cips/cips-ffhq/img002515.jpg,6,cips-ffhq
img003517.jpg,cips/cips-ffhq/img003517.jpg,6,cips-ffhq
img000113.jpg,cips/cips-ffhq/img000113.jpg,6,cips-ffhq
img002709.jpg,cips/cips-ffhq/img002709.jpg,6,cips-ffhq
img004623.jpg,cips/cips-ffhq/img004623.jpg,6,cips-ffhq
img001056.jpg,cips/cips-ffhq/img001056.jpg,6,cips-ffhq
img003591.jpg,cips/cips-ffhq/img003591.jpg,6,cips-ffhq
img003523.jpg,cips/cips-ffhq/img003523.jpg,6,cips-ffhq
img003666.jpg,cips/cips-ffhq/img003666.jpg,6,cips-ffhq
img001497.jpg,cips/cips-ffhq/img001497.jpg,6,cips-ffhq
img001599.jpg,cips/cips-ffhq/img001599.jpg,6,cips-ffhq
img002719.jpg,cips/cips-ffhq/img002719.jpg,6,cips-ffhq
img003356.jpg,cips/cips-ffhq/img003356.jpg,6,cips-ffhq
img003026.jpg,cips/cips-ffhq/img003026.jpg,6,cips-ffhq
img000751.jpg,cips/cips-ffhq/img000751.jpg,6,cips-ffhq
img003318.jpg,cips/cips-ffhq/img003318.jpg,6,cips-ffhq
img000222.jpg,cips/cips-ffhq/img000222.jpg,6,cips-ffhq
img001588.jpg,cips/cips-ffhq/img001588.jpg,6,cips-ffhq
img001902.jpg,cips/cips-ffhq/img001902.jpg,6,cips-ffhq
img003950.jpg,cips/cips-ffhq/img003950.jpg,6,cips-ffhq
img003393.jpg,cips/cips-ffhq/img003393.jpg,6,cips-ffhq
img002387.jpg,cips/cips-ffhq/img002387.jpg,6,cips-ffhq
img004495.jpg,cips/cips-ffhq/img004495.jpg,6,cips-ffhq
img000390.jpg,cips/cips-ffhq/img000390.jpg,6,cips-ffhq
img002283.jpg,cips/cips-ffhq/img002283.jpg,6,cips-ffhq
img002899.jpg,cips/cips-ffhq/img002899.jpg,6,cips-ffhq
img000057.jpg,cips/cips-ffhq/img000057.jpg,6,cips-ffhq
img002911.jpg,cips/cips-ffhq/img002911.jpg,6,cips-ffhq
img004728.jpg,cips/cips-ffhq/img004728.jpg,6,cips-ffhq
img000493.jpg,cips/cips-ffhq/img000493.jpg,6,cips-ffhq
img003815.jpg,cips/cips-ffhq/img003815.jpg,6,cips-ffhq
img002229.jpg,cips/cips-ffhq/img002229.jpg,6,cips-ffhq
img002906.jpg,cips/cips-ffhq/img002906.jpg,6,cips-ffhq
img004531.jpg,cips/cips-ffhq/img004531.jpg,6,cips-ffhq
img003208.jpg,cips/cips-ffhq/img003208.jpg,6,cips-ffhq
img000799.jpg,cips/cips-ffhq/img000799.jpg,6,cips-ffhq
img001347.jpg,cips/cips-ffhq/img001347.jpg,6,cips-ffhq
img002488.jpg,cips/cips-ffhq/img002488.jpg,6,cips-ffhq
img002758.jpg,cips/cips-ffhq/img002758.jpg,6,cips-ffhq
img003304.jpg,cips/cips-ffhq/img003304.jpg,6,cips-ffhq
img001363.jpg,cips/cips-ffhq/img001363.jpg,6,cips-ffhq
img003932.jpg,cips/cips-ffhq/img003932.jpg,6,cips-ffhq
img002552.jpg,cips/cips-ffhq/img002552.jpg,6,cips-ffhq
img002972.jpg,cips/cips-ffhq/img002972.jpg,6,cips-ffhq
img003554.jpg,cips/cips-ffhq/img003554.jpg,6,cips-ffhq
img001398.jpg,cips/cips-ffhq/img001398.jpg,6,cips-ffhq
img002809.jpg,cips/cips-ffhq/img002809.jpg,6,cips-ffhq
img000834.jpg,cips/cips-ffhq/img000834.jpg,6,cips-ffhq
img002742.jpg,cips/cips-ffhq/img002742.jpg,6,cips-ffhq
img002839.jpg,cips/cips-ffhq/img002839.jpg,6,cips-ffhq
img004027.jpg,cips/cips-ffhq/img004027.jpg,6,cips-ffhq
img000814.jpg,cips/cips-ffhq/img000814.jpg,6,cips-ffhq
img003207.jpg,cips/cips-ffhq/img003207.jpg,6,cips-ffhq
img004645.jpg,cips/cips-ffhq/img004645.jpg,6,cips-ffhq
img001479.jpg,cips/cips-ffhq/img001479.jpg,6,cips-ffhq
img004678.jpg,cips/cips-ffhq/img004678.jpg,6,cips-ffhq
img000172.jpg,cips/cips-ffhq/img000172.jpg,6,cips-ffhq
img004230.jpg,cips/cips-ffhq/img004230.jpg,6,cips-ffhq
img001131.jpg,cips/cips-ffhq/img001131.jpg,6,cips-ffhq
img004499.jpg,cips/cips-ffhq/img004499.jpg,6,cips-ffhq
img001515.jpg,cips/cips-ffhq/img001515.jpg,6,cips-ffhq
img000529.jpg,cips/cips-ffhq/img000529.jpg,6,cips-ffhq
img000188.jpg,cips/cips-ffhq/img000188.jpg,6,cips-ffhq
img001871.jpg,cips/cips-ffhq/img001871.jpg,6,cips-ffhq
img000494.jpg,cips/cips-ffhq/img000494.jpg,6,cips-ffhq
img000081.jpg,cips/cips-ffhq/img000081.jpg,6,cips-ffhq
img000118.jpg,cips/cips-ffhq/img000118.jpg,6,cips-ffhq
img002359.jpg,cips/cips-ffhq/img002359.jpg,6,cips-ffhq
img003479.jpg,cips/cips-ffhq/img003479.jpg,6,cips-ffhq
img003241.jpg,cips/cips-ffhq/img003241.jpg,6,cips-ffhq
img003860.jpg,cips/cips-ffhq/img003860.jpg,6,cips-ffhq
img000691.jpg,cips/cips-ffhq/img000691.jpg,6,cips-ffhq
img003746.jpg,cips/cips-ffhq/img003746.jpg,6,cips-ffhq
img003476.jpg,cips/cips-ffhq/img003476.jpg,6,cips-ffhq
img003296.jpg,cips/cips-ffhq/img003296.jpg,6,cips-ffhq
img004231.jpg,cips/cips-ffhq/img004231.jpg,6,cips-ffhq
img002361.jpg,cips/cips-ffhq/img002361.jpg,6,cips-ffhq
img002241.jpg,cips/cips-ffhq/img002241.jpg,6,cips-ffhq
img000305.jpg,cips/cips-ffhq/img000305.jpg,6,cips-ffhq
img004266.jpg,cips/cips-ffhq/img004266.jpg,6,cips-ffhq
img002431.jpg,cips/cips-ffhq/img002431.jpg,6,cips-ffhq
img000946.jpg,cips/cips-ffhq/img000946.jpg,6,cips-ffhq
img001002.jpg,cips/cips-ffhq/img001002.jpg,6,cips-ffhq
img004058.jpg,cips/cips-ffhq/img004058.jpg,6,cips-ffhq
img002509.jpg,cips/cips-ffhq/img002509.jpg,6,cips-ffhq
img003311.jpg,cips/cips-ffhq/img003311.jpg,6,cips-ffhq
img004158.jpg,cips/cips-ffhq/img004158.jpg,6,cips-ffhq
img004256.jpg,cips/cips-ffhq/img004256.jpg,6,cips-ffhq
img002526.jpg,cips/cips-ffhq/img002526.jpg,6,cips-ffhq
img003028.jpg,cips/cips-ffhq/img003028.jpg,6,cips-ffhq
img004195.jpg,cips/cips-ffhq/img004195.jpg,6,cips-ffhq
img004400.jpg,cips/cips-ffhq/img004400.jpg,6,cips-ffhq
img003194.jpg,cips/cips-ffhq/img003194.jpg,6,cips-ffhq
img003582.jpg,cips/cips-ffhq/img003582.jpg,6,cips-ffhq
img003426.jpg,cips/cips-ffhq/img003426.jpg,6,cips-ffhq
img000104.jpg,cips/cips-ffhq/img000104.jpg,6,cips-ffhq
img003039.jpg,cips/cips-ffhq/img003039.jpg,6,cips-ffhq
img003685.jpg,cips/cips-ffhq/img003685.jpg,6,cips-ffhq
img003868.jpg,cips/cips-ffhq/img003868.jpg,6,cips-ffhq
img001189.jpg,cips/cips-ffhq/img001189.jpg,6,cips-ffhq
img001535.jpg,cips/cips-ffhq/img001535.jpg,6,cips-ffhq
img003188.jpg,cips/cips-ffhq/img003188.jpg,6,cips-ffhq
img001205.jpg,cips/cips-ffhq/img001205.jpg,6,cips-ffhq
img001577.jpg,cips/cips-ffhq/img001577.jpg,6,cips-ffhq
img003689.jpg,cips/cips-ffhq/img003689.jpg,6,cips-ffhq
img000659.jpg,cips/cips-ffhq/img000659.jpg,6,cips-ffhq
img003842.jpg,cips/cips-ffhq/img003842.jpg,6,cips-ffhq
img000013.jpg,cips/cips-ffhq/img000013.jpg,6,cips-ffhq
img003168.jpg,cips/cips-ffhq/img003168.jpg,6,cips-ffhq
img002062.jpg,cips/cips-ffhq/img002062.jpg,6,cips-ffhq
img001213.jpg,cips/cips-ffhq/img001213.jpg,6,cips-ffhq
img002973.jpg,cips/cips-ffhq/img002973.jpg,6,cips-ffhq
img000780.jpg,cips/cips-ffhq/img000780.jpg,6,cips-ffhq
img003574.jpg,cips/cips-ffhq/img003574.jpg,6,cips-ffhq
img001833.jpg,cips/cips-ffhq/img001833.jpg,6,cips-ffhq
img004323.jpg,cips/cips-ffhq/img004323.jpg,6,cips-ffhq
img004752.jpg,cips/cips-ffhq/img004752.jpg,6,cips-ffhq
img002763.jpg,cips/cips-ffhq/img002763.jpg,6,cips-ffhq
img004041.jpg,cips/cips-ffhq/img004041.jpg,6,cips-ffhq
img002946.jpg,cips/cips-ffhq/img002946.jpg,6,cips-ffhq
img003897.jpg,cips/cips-ffhq/img003897.jpg,6,cips-ffhq
img002945.jpg,cips/cips-ffhq/img002945.jpg,6,cips-ffhq
img003180.jpg,cips/cips-ffhq/img003180.jpg,6,cips-ffhq
img001842.jpg,cips/cips-ffhq/img001842.jpg,6,cips-ffhq
img004703.jpg,cips/cips-ffhq/img004703.jpg,6,cips-ffhq
img000514.jpg,cips/cips-ffhq/img000514.jpg,6,cips-ffhq
img002835.jpg,cips/cips-ffhq/img002835.jpg,6,cips-ffhq
img003030.jpg,cips/cips-ffhq/img003030.jpg,6,cips-ffhq
img002055.jpg,cips/cips-ffhq/img002055.jpg,6,cips-ffhq
img001149.jpg,cips/cips-ffhq/img001149.jpg,6,cips-ffhq
img003483.jpg,cips/cips-ffhq/img003483.jpg,6,cips-ffhq
img003657.jpg,cips/cips-ffhq/img003657.jpg,6,cips-ffhq
img000462.jpg,cips/cips-ffhq/img000462.jpg,6,cips-ffhq
img002274.jpg,cips/cips-ffhq/img002274.jpg,6,cips-ffhq
img003161.jpg,cips/cips-ffhq/img003161.jpg,6,cips-ffhq
img003781.jpg,cips/cips-ffhq/img003781.jpg,6,cips-ffhq
img000159.jpg,cips/cips-ffhq/img000159.jpg,6,cips-ffhq
img000194.jpg,cips/cips-ffhq/img000194.jpg,6,cips-ffhq
img001082.jpg,cips/cips-ffhq/img001082.jpg,6,cips-ffhq
img003486.jpg,cips/cips-ffhq/img003486.jpg,6,cips-ffhq
img001948.jpg,cips/cips-ffhq/img001948.jpg,6,cips-ffhq
img000255.jpg,cips/cips-ffhq/img000255.jpg,6,cips-ffhq
img003177.jpg,cips/cips-ffhq/img003177.jpg,6,cips-ffhq
img002633.jpg,cips/cips-ffhq/img002633.jpg,6,cips-ffhq
img000914.jpg,cips/cips-ffhq/img000914.jpg,6,cips-ffhq
img001377.jpg,cips/cips-ffhq/img001377.jpg,6,cips-ffhq
img002047.jpg,cips/cips-ffhq/img002047.jpg,6,cips-ffhq
img003174.jpg,cips/cips-ffhq/img003174.jpg,6,cips-ffhq
img003607.jpg,cips/cips-ffhq/img003607.jpg,6,cips-ffhq
img001858.jpg,cips/cips-ffhq/img001858.jpg,6,cips-ffhq
img001924.jpg,cips/cips-ffhq/img001924.jpg,6,cips-ffhq
img003254.jpg,cips/cips-ffhq/img003254.jpg,6,cips-ffhq
img003865.jpg,cips/cips-ffhq/img003865.jpg,6,cips-ffhq
img004663.jpg,cips/cips-ffhq/img004663.jpg,6,cips-ffhq
img000881.jpg,cips/cips-ffhq/img000881.jpg,6,cips-ffhq
img001774.jpg,cips/cips-ffhq/img001774.jpg,6,cips-ffhq
img004769.jpg,cips/cips-ffhq/img004769.jpg,6,cips-ffhq
img001144.jpg,cips/cips-ffhq/img001144.jpg,6,cips-ffhq
img001370.jpg,cips/cips-ffhq/img001370.jpg,6,cips-ffhq
img003280.jpg,cips/cips-ffhq/img003280.jpg,6,cips-ffhq
img000863.jpg,cips/cips-ffhq/img000863.jpg,6,cips-ffhq
img000150.jpg,cips/cips-ffhq/img000150.jpg,6,cips-ffhq
img002563.jpg,cips/cips-ffhq/img002563.jpg,6,cips-ffhq
img000451.jpg,cips/cips-ffhq/img000451.jpg,6,cips-ffhq
img001566.jpg,cips/cips-ffhq/img001566.jpg,6,cips-ffhq
img000258.jpg,cips/cips-ffhq/img000258.jpg,6,cips-ffhq
img003097.jpg,cips/cips-ffhq/img003097.jpg,6,cips-ffhq
img002703.jpg,cips/cips-ffhq/img002703.jpg,6,cips-ffhq
img003036.jpg,cips/cips-ffhq/img003036.jpg,6,cips-ffhq
img001187.jpg,cips/cips-ffhq/img001187.jpg,6,cips-ffhq
img002282.jpg,cips/cips-ffhq/img002282.jpg,6,cips-ffhq
img004340.jpg,cips/cips-ffhq/img004340.jpg,6,cips-ffhq
img000536.jpg,cips/cips-ffhq/img000536.jpg,6,cips-ffhq
img001596.jpg,cips/cips-ffhq/img001596.jpg,6,cips-ffhq
img000702.jpg,cips/cips-ffhq/img000702.jpg,6,cips-ffhq
img000132.jpg,cips/cips-ffhq/img000132.jpg,6,cips-ffhq
img003955.jpg,cips/cips-ffhq/img003955.jpg,6,cips-ffhq
img004533.jpg,cips/cips-ffhq/img004533.jpg,6,cips-ffhq
img001720.jpg,cips/cips-ffhq/img001720.jpg,6,cips-ffhq
img000623.jpg,cips/cips-ffhq/img000623.jpg,6,cips-ffhq
img000644.jpg,cips/cips-ffhq/img000644.jpg,6,cips-ffhq
img004683.jpg,cips/cips-ffhq/img004683.jpg,6,cips-ffhq
img002385.jpg,cips/cips-ffhq/img002385.jpg,6,cips-ffhq
img001070.jpg,cips/cips-ffhq/img001070.jpg,6,cips-ffhq
img001133.jpg,cips/cips-ffhq/img001133.jpg,6,cips-ffhq
img003687.jpg,cips/cips-ffhq/img003687.jpg,6,cips-ffhq
img001170.jpg,cips/cips-ffhq/img001170.jpg,6,cips-ffhq
img003656.jpg,cips/cips-ffhq/img003656.jpg,6,cips-ffhq
img004723.jpg,cips/cips-ffhq/img004723.jpg,6,cips-ffhq
img000860.jpg,cips/cips-ffhq/img000860.jpg,6,cips-ffhq
img001819.jpg,cips/cips-ffhq/img001819.jpg,6,cips-ffhq
img002986.jpg,cips/cips-ffhq/img002986.jpg,6,cips-ffhq
img002795.jpg,cips/cips-ffhq/img002795.jpg,6,cips-ffhq
img002868.jpg,cips/cips-ffhq/img002868.jpg,6,cips-ffhq
img002977.jpg,cips/cips-ffhq/img002977.jpg,6,cips-ffhq
img000626.jpg,cips/cips-ffhq/img000626.jpg,6,cips-ffhq
img004028.jpg,cips/cips-ffhq/img004028.jpg,6,cips-ffhq
img000142.jpg,cips/cips-ffhq/img000142.jpg,6,cips-ffhq
img002396.jpg,cips/cips-ffhq/img002396.jpg,6,cips-ffhq
img002119.jpg,cips/cips-ffhq/img002119.jpg,6,cips-ffhq
img000571.jpg,cips/cips-ffhq/img000571.jpg,6,cips-ffhq
img001828.jpg,cips/cips-ffhq/img001828.jpg,6,cips-ffhq
img003470.jpg,cips/cips-ffhq/img003470.jpg,6,cips-ffhq
img001945.jpg,cips/cips-ffhq/img001945.jpg,6,cips-ffhq
img003606.jpg,cips/cips-ffhq/img003606.jpg,6,cips-ffhq
img000235.jpg,cips/cips-ffhq/img000235.jpg,6,cips-ffhq
img001883.jpg,cips/cips-ffhq/img001883.jpg,6,cips-ffhq
img003931.jpg,cips/cips-ffhq/img003931.jpg,6,cips-ffhq
img003468.jpg,cips/cips-ffhq/img003468.jpg,6,cips-ffhq
img000616.jpg,cips/cips-ffhq/img000616.jpg,6,cips-ffhq
img004273.jpg,cips/cips-ffhq/img004273.jpg,6,cips-ffhq
img004705.jpg,cips/cips-ffhq/img004705.jpg,6,cips-ffhq
img003495.jpg,cips/cips-ffhq/img003495.jpg,6,cips-ffhq
img000840.jpg,cips/cips-ffhq/img000840.jpg,6,cips-ffhq
img002073.jpg,cips/cips-ffhq/img002073.jpg,6,cips-ffhq
img000874.jpg,cips/cips-ffhq/img000874.jpg,6,cips-ffhq
img003564.jpg,cips/cips-ffhq/img003564.jpg,6,cips-ffhq
img001903.jpg,cips/cips-ffhq/img001903.jpg,6,cips-ffhq
img001672.jpg,cips/cips-ffhq/img001672.jpg,6,cips-ffhq
img003083.jpg,cips/cips-ffhq/img003083.jpg,6,cips-ffhq
img002035.jpg,cips/cips-ffhq/img002035.jpg,6,cips-ffhq
img001531.jpg,cips/cips-ffhq/img001531.jpg,6,cips-ffhq
img001472.jpg,cips/cips-ffhq/img001472.jpg,6,cips-ffhq
img001679.jpg,cips/cips-ffhq/img001679.jpg,6,cips-ffhq
img004428.jpg,cips/cips-ffhq/img004428.jpg,6,cips-ffhq
img001772.jpg,cips/cips-ffhq/img001772.jpg,6,cips-ffhq
img003118.jpg,cips/cips-ffhq/img003118.jpg,6,cips-ffhq
img001777.jpg,cips/cips-ffhq/img001777.jpg,6,cips-ffhq
img002869.jpg,cips/cips-ffhq/img002869.jpg,6,cips-ffhq
img000122.jpg,cips/cips-ffhq/img000122.jpg,6,cips-ffhq
img000513.jpg,cips/cips-ffhq/img000513.jpg,6,cips-ffhq
img003272.jpg,cips/cips-ffhq/img003272.jpg,6,cips-ffhq
img003407.jpg,cips/cips-ffhq/img003407.jpg,6,cips-ffhq
img000942.jpg,cips/cips-ffhq/img000942.jpg,6,cips-ffhq
img002447.jpg,cips/cips-ffhq/img002447.jpg,6,cips-ffhq
img000370.jpg,cips/cips-ffhq/img000370.jpg,6,cips-ffhq
img004092.jpg,cips/cips-ffhq/img004092.jpg,6,cips-ffhq
img001652.jpg,cips/cips-ffhq/img001652.jpg,6,cips-ffhq
img000705.jpg,cips/cips-ffhq/img000705.jpg,6,cips-ffhq
img002900.jpg,cips/cips-ffhq/img002900.jpg,6,cips-ffhq
img004579.jpg,cips/cips-ffhq/img004579.jpg,6,cips-ffhq
img004005.jpg,cips/cips-ffhq/img004005.jpg,6,cips-ffhq
img003896.jpg,cips/cips-ffhq/img003896.jpg,6,cips-ffhq
img000060.jpg,cips/cips-ffhq/img000060.jpg,6,cips-ffhq
img003968.jpg,cips/cips-ffhq/img003968.jpg,6,cips-ffhq
img003078.jpg,cips/cips-ffhq/img003078.jpg,6,cips-ffhq
img001268.jpg,cips/cips-ffhq/img001268.jpg,6,cips-ffhq
img001356.jpg,cips/cips-ffhq/img001356.jpg,6,cips-ffhq
img004447.jpg,cips/cips-ffhq/img004447.jpg,6,cips-ffhq
img002265.jpg,cips/cips-ffhq/img002265.jpg,6,cips-ffhq
img000333.jpg,cips/cips-ffhq/img000333.jpg,6,cips-ffhq
img000379.jpg,cips/cips-ffhq/img000379.jpg,6,cips-ffhq
img003568.jpg,cips/cips-ffhq/img003568.jpg,6,cips-ffhq
img002018.jpg,cips/cips-ffhq/img002018.jpg,6,cips-ffhq
img000707.jpg,cips/cips-ffhq/img000707.jpg,6,cips-ffhq
img003752.jpg,cips/cips-ffhq/img003752.jpg,6,cips-ffhq
img000207.jpg,cips/cips-ffhq/img000207.jpg,6,cips-ffhq
img004456.jpg,cips/cips-ffhq/img004456.jpg,6,cips-ffhq
img000415.jpg,cips/cips-ffhq/img000415.jpg,6,cips-ffhq
img001645.jpg,cips/cips-ffhq/img001645.jpg,6,cips-ffhq
img004000.jpg,cips/cips-ffhq/img004000.jpg,6,cips-ffhq
img001562.jpg,cips/cips-ffhq/img001562.jpg,6,cips-ffhq
img000166.jpg,cips/cips-ffhq/img000166.jpg,6,cips-ffhq
img001634.jpg,cips/cips-ffhq/img001634.jpg,6,cips-ffhq
img002866.jpg,cips/cips-ffhq/img002866.jpg,6,cips-ffhq
img001590.jpg,cips/cips-ffhq/img001590.jpg,6,cips-ffhq
img003847.jpg,cips/cips-ffhq/img003847.jpg,6,cips-ffhq
img000984.jpg,cips/cips-ffhq/img000984.jpg,6,cips-ffhq
img002793.jpg,cips/cips-ffhq/img002793.jpg,6,cips-ffhq
img002710.jpg,cips/cips-ffhq/img002710.jpg,6,cips-ffhq
img000669.jpg,cips/cips-ffhq/img000669.jpg,6,cips-ffhq
img000620.jpg,cips/cips-ffhq/img000620.jpg,6,cips-ffhq
img004710.jpg,cips/cips-ffhq/img004710.jpg,6,cips-ffhq
img002602.jpg,cips/cips-ffhq/img002602.jpg,6,cips-ffhq
img003316.jpg,cips/cips-ffhq/img003316.jpg,6,cips-ffhq
img000292.jpg,cips/cips-ffhq/img000292.jpg,6,cips-ffhq
img003823.jpg,cips/cips-ffhq/img003823.jpg,6,cips-ffhq
img000068.jpg,cips/cips-ffhq/img000068.jpg,6,cips-ffhq
img001284.jpg,cips/cips-ffhq/img001284.jpg,6,cips-ffhq
img002994.jpg,cips/cips-ffhq/img002994.jpg,6,cips-ffhq
img000971.jpg,cips/cips-ffhq/img000971.jpg,6,cips-ffhq
img002059.jpg,cips/cips-ffhq/img002059.jpg,6,cips-ffhq
img004183.jpg,cips/cips-ffhq/img004183.jpg,6,cips-ffhq
img003454.jpg,cips/cips-ffhq/img003454.jpg,6,cips-ffhq
img001401.jpg,cips/cips-ffhq/img001401.jpg,6,cips-ffhq
img000171.jpg,cips/cips-ffhq/img000171.jpg,6,cips-ffhq
img000374.jpg,cips/cips-ffhq/img000374.jpg,6,cips-ffhq
img004564.jpg,cips/cips-ffhq/img004564.jpg,6,cips-ffhq
img002001.jpg,cips/cips-ffhq/img002001.jpg,6,cips-ffhq
img002479.jpg,cips/cips-ffhq/img002479.jpg,6,cips-ffhq
img000838.jpg,cips/cips-ffhq/img000838.jpg,6,cips-ffhq
img001250.jpg,cips/cips-ffhq/img001250.jpg,6,cips-ffhq
img001979.jpg,cips/cips-ffhq/img001979.jpg,6,cips-ffhq
img002421.jpg,cips/cips-ffhq/img002421.jpg,6,cips-ffhq
img000811.jpg,cips/cips-ffhq/img000811.jpg,6,cips-ffhq
img004546.jpg,cips/cips-ffhq/img004546.jpg,6,cips-ffhq
img004362.jpg,cips/cips-ffhq/img004362.jpg,6,cips-ffhq
img000383.jpg,cips/cips-ffhq/img000383.jpg,6,cips-ffhq
img002102.jpg,cips/cips-ffhq/img002102.jpg,6,cips-ffhq
img000577.jpg,cips/cips-ffhq/img000577.jpg,6,cips-ffhq
img000929.jpg,cips/cips-ffhq/img000929.jpg,6,cips-ffhq
img000092.jpg,cips/cips-ffhq/img000092.jpg,6,cips-ffhq
img000066.jpg,cips/cips-ffhq/img000066.jpg,6,cips-ffhq
img002455.jpg,cips/cips-ffhq/img002455.jpg,6,cips-ffhq
img001666.jpg,cips/cips-ffhq/img001666.jpg,6,cips-ffhq
img004159.jpg,cips/cips-ffhq/img004159.jpg,6,cips-ffhq
img000810.jpg,cips/cips-ffhq/img000810.jpg,6,cips-ffhq
img000876.jpg,cips/cips-ffhq/img000876.jpg,6,cips-ffhq
img001958.jpg,cips/cips-ffhq/img001958.jpg,6,cips-ffhq
img000903.jpg,cips/cips-ffhq/img000903.jpg,6,cips-ffhq
img001095.jpg,cips/cips-ffhq/img001095.jpg,6,cips-ffhq
img004339.jpg,cips/cips-ffhq/img004339.jpg,6,cips-ffhq
img003595.jpg,cips/cips-ffhq/img003595.jpg,6,cips-ffhq
img001524.jpg,cips/cips-ffhq/img001524.jpg,6,cips-ffhq
img004247.jpg,cips/cips-ffhq/img004247.jpg,6,cips-ffhq
img003776.jpg,cips/cips-ffhq/img003776.jpg,6,cips-ffhq
img003882.jpg,cips/cips-ffhq/img003882.jpg,6,cips-ffhq
img003374.jpg,cips/cips-ffhq/img003374.jpg,6,cips-ffhq
img003288.jpg,cips/cips-ffhq/img003288.jpg,6,cips-ffhq
img001916.jpg,cips/cips-ffhq/img001916.jpg,6,cips-ffhq
img003231.jpg,cips/cips-ffhq/img003231.jpg,6,cips-ffhq
img003038.jpg,cips/cips-ffhq/img003038.jpg,6,cips-ffhq
img000040.jpg,cips/cips-ffhq/img000040.jpg,6,cips-ffhq
img004399.jpg,cips/cips-ffhq/img004399.jpg,6,cips-ffhq
img002997.jpg,cips/cips-ffhq/img002997.jpg,6,cips-ffhq
img000360.jpg,cips/cips-ffhq/img000360.jpg,6,cips-ffhq
img000273.jpg,cips/cips-ffhq/img000273.jpg,6,cips-ffhq
img001486.jpg,cips/cips-ffhq/img001486.jpg,6,cips-ffhq
img001001.jpg,cips/cips-ffhq/img001001.jpg,6,cips-ffhq
img004206.jpg,cips/cips-ffhq/img004206.jpg,6,cips-ffhq
img004419.jpg,cips/cips-ffhq/img004419.jpg,6,cips-ffhq
img000478.jpg,cips/cips-ffhq/img000478.jpg,6,cips-ffhq
img004650.jpg,cips/cips-ffhq/img004650.jpg,6,cips-ffhq
img000331.jpg,cips/cips-ffhq/img000331.jpg,6,cips-ffhq
img000348.jpg,cips/cips-ffhq/img000348.jpg,6,cips-ffhq
img002653.jpg,cips/cips-ffhq/img002653.jpg,6,cips-ffhq
img000521.jpg,cips/cips-ffhq/img000521.jpg,6,cips-ffhq
img003636.jpg,cips/cips-ffhq/img003636.jpg,6,cips-ffhq
img003934.jpg,cips/cips-ffhq/img003934.jpg,6,cips-ffhq
img002033.jpg,cips/cips-ffhq/img002033.jpg,6,cips-ffhq
img004758.jpg,cips/cips-ffhq/img004758.jpg,6,cips-ffhq
img000056.jpg,cips/cips-ffhq/img000056.jpg,6,cips-ffhq
img002511.jpg,cips/cips-ffhq/img002511.jpg,6,cips-ffhq
img002644.jpg,cips/cips-ffhq/img002644.jpg,6,cips-ffhq
img002551.jpg,cips/cips-ffhq/img002551.jpg,6,cips-ffhq
img002083.jpg,cips/cips-ffhq/img002083.jpg,6,cips-ffhq
img003158.jpg,cips/cips-ffhq/img003158.jpg,6,cips-ffhq
img003274.jpg,cips/cips-ffhq/img003274.jpg,6,cips-ffhq
img002579.jpg,cips/cips-ffhq/img002579.jpg,6,cips-ffhq
img002375.jpg,cips/cips-ffhq/img002375.jpg,6,cips-ffhq
img000129.jpg,cips/cips-ffhq/img000129.jpg,6,cips-ffhq
img004451.jpg,cips/cips-ffhq/img004451.jpg,6,cips-ffhq
img001402.jpg,cips/cips-ffhq/img001402.jpg,6,cips-ffhq
img004763.jpg,cips/cips-ffhq/img004763.jpg,6,cips-ffhq
img000110.jpg,cips/cips-ffhq/img000110.jpg,6,cips-ffhq
img001793.jpg,cips/cips-ffhq/img001793.jpg,6,cips-ffhq
img001305.jpg,cips/cips-ffhq/img001305.jpg,6,cips-ffhq
img003227.jpg,cips/cips-ffhq/img003227.jpg,6,cips-ffhq
img000496.jpg,cips/cips-ffhq/img000496.jpg,6,cips-ffhq
img004599.jpg,cips/cips-ffhq/img004599.jpg,6,cips-ffhq
img000268.jpg,cips/cips-ffhq/img000268.jpg,6,cips-ffhq
img001726.jpg,cips/cips-ffhq/img001726.jpg,6,cips-ffhq
img003077.jpg,cips/cips-ffhq/img003077.jpg,6,cips-ffhq
img002066.jpg,cips/cips-ffhq/img002066.jpg,6,cips-ffhq
img000601.jpg,cips/cips-ffhq/img000601.jpg,6,cips-ffhq
img000472.jpg,cips/cips-ffhq/img000472.jpg,6,cips-ffhq
img000032.jpg,cips/cips-ffhq/img000032.jpg,6,cips-ffhq
img002536.jpg,cips/cips-ffhq/img002536.jpg,6,cips-ffhq
img002601.jpg,cips/cips-ffhq/img002601.jpg,6,cips-ffhq
img004089.jpg,cips/cips-ffhq/img004089.jpg,6,cips-ffhq
img002878.jpg,cips/cips-ffhq/img002878.jpg,6,cips-ffhq
img003612.jpg,cips/cips-ffhq/img003612.jpg,6,cips-ffhq
img002213.jpg,cips/cips-ffhq/img002213.jpg,6,cips-ffhq
img002170.jpg,cips/cips-ffhq/img002170.jpg,6,cips-ffhq
img003967.jpg,cips/cips-ffhq/img003967.jpg,6,cips-ffhq
img000375.jpg,cips/cips-ffhq/img000375.jpg,6,cips-ffhq
img001178.jpg,cips/cips-ffhq/img001178.jpg,6,cips-ffhq
img003056.jpg,cips/cips-ffhq/img003056.jpg,6,cips-ffhq
img001668.jpg,cips/cips-ffhq/img001668.jpg,6,cips-ffhq
img000757.jpg,cips/cips-ffhq/img000757.jpg,6,cips-ffhq
img000080.jpg,cips/cips-ffhq/img000080.jpg,6,cips-ffhq
img000831.jpg,cips/cips-ffhq/img000831.jpg,6,cips-ffhq
img004681.jpg,cips/cips-ffhq/img004681.jpg,6,cips-ffhq
img004131.jpg,cips/cips-ffhq/img004131.jpg,6,cips-ffhq
img001513.jpg,cips/cips-ffhq/img001513.jpg,6,cips-ffhq
img001724.jpg,cips/cips-ffhq/img001724.jpg,6,cips-ffhq
img004013.jpg,cips/cips-ffhq/img004013.jpg,6,cips-ffhq
img002930.jpg,cips/cips-ffhq/img002930.jpg,6,cips-ffhq
img002012.jpg,cips/cips-ffhq/img002012.jpg,6,cips-ffhq
img002215.jpg,cips/cips-ffhq/img002215.jpg,6,cips-ffhq
img000115.jpg,cips/cips-ffhq/img000115.jpg,6,cips-ffhq
img002643.jpg,cips/cips-ffhq/img002643.jpg,6,cips-ffhq
img001878.jpg,cips/cips-ffhq/img001878.jpg,6,cips-ffhq
img002949.jpg,cips/cips-ffhq/img002949.jpg,6,cips-ffhq
img000278.jpg,cips/cips-ffhq/img000278.jpg,6,cips-ffhq
img003250.jpg,cips/cips-ffhq/img003250.jpg,6,cips-ffhq
img001964.jpg,cips/cips-ffhq/img001964.jpg,6,cips-ffhq
img003794.jpg,cips/cips-ffhq/img003794.jpg,6,cips-ffhq
img001514.jpg,cips/cips-ffhq/img001514.jpg,6,cips-ffhq
img001111.jpg,cips/cips-ffhq/img001111.jpg,6,cips-ffhq
img002948.jpg,cips/cips-ffhq/img002948.jpg,6,cips-ffhq
img003432.jpg,cips/cips-ffhq/img003432.jpg,6,cips-ffhq
img002990.jpg,cips/cips-ffhq/img002990.jpg,6,cips-ffhq
img003436.jpg,cips/cips-ffhq/img003436.jpg,6,cips-ffhq
img004125.jpg,cips/cips-ffhq/img004125.jpg,6,cips-ffhq
img004691.jpg,cips/cips-ffhq/img004691.jpg,6,cips-ffhq
img001756.jpg,cips/cips-ffhq/img001756.jpg,6,cips-ffhq
img002339.jpg,cips/cips-ffhq/img002339.jpg,6,cips-ffhq
img004486.jpg,cips/cips-ffhq/img004486.jpg,6,cips-ffhq
img000871.jpg,cips/cips-ffhq/img000871.jpg,6,cips-ffhq
img001393.jpg,cips/cips-ffhq/img001393.jpg,6,cips-ffhq
img000761.jpg,cips/cips-ffhq/img000761.jpg,6,cips-ffhq
img000813.jpg,cips/cips-ffhq/img000813.jpg,6,cips-ffhq
img003325.jpg,cips/cips-ffhq/img003325.jpg,6,cips-ffhq
img001654.jpg,cips/cips-ffhq/img001654.jpg,6,cips-ffhq
img002922.jpg,cips/cips-ffhq/img002922.jpg,6,cips-ffhq
img004765.jpg,cips/cips-ffhq/img004765.jpg,6,cips-ffhq
img002743.jpg,cips/cips-ffhq/img002743.jpg,6,cips-ffhq
img004094.jpg,cips/cips-ffhq/img004094.jpg,6,cips-ffhq
img001779.jpg,cips/cips-ffhq/img001779.jpg,6,cips-ffhq
img003485.jpg,cips/cips-ffhq/img003485.jpg,6,cips-ffhq
img002801.jpg,cips/cips-ffhq/img002801.jpg,6,cips-ffhq
img000429.jpg,cips/cips-ffhq/img000429.jpg,6,cips-ffhq
img000202.jpg,cips/cips-ffhq/img000202.jpg,6,cips-ffhq
img000759.jpg,cips/cips-ffhq/img000759.jpg,6,cips-ffhq
img001309.jpg,cips/cips-ffhq/img001309.jpg,6,cips-ffhq
img001197.jpg,cips/cips-ffhq/img001197.jpg,6,cips-ffhq
img000711.jpg,cips/cips-ffhq/img000711.jpg,6,cips-ffhq
img004544.jpg,cips/cips-ffhq/img004544.jpg,6,cips-ffhq
img001983.jpg,cips/cips-ffhq/img001983.jpg,6,cips-ffhq
img003314.jpg,cips/cips-ffhq/img003314.jpg,6,cips-ffhq
img003060.jpg,cips/cips-ffhq/img003060.jpg,6,cips-ffhq
img004787.jpg,cips/cips-ffhq/img004787.jpg,6,cips-ffhq
img003833.jpg,cips/cips-ffhq/img003833.jpg,6,cips-ffhq
img004612.jpg,cips/cips-ffhq/img004612.jpg,6,cips-ffhq
img004039.jpg,cips/cips-ffhq/img004039.jpg,6,cips-ffhq
img002144.jpg,cips/cips-ffhq/img002144.jpg,6,cips-ffhq
img000584.jpg,cips/cips-ffhq/img000584.jpg,6,cips-ffhq
img004497.jpg,cips/cips-ffhq/img004497.jpg,6,cips-ffhq
img000526.jpg,cips/cips-ffhq/img000526.jpg,6,cips-ffhq
img001593.jpg,cips/cips-ffhq/img001593.jpg,6,cips-ffhq
img001297.jpg,cips/cips-ffhq/img001297.jpg,6,cips-ffhq
img001495.jpg,cips/cips-ffhq/img001495.jpg,6,cips-ffhq
img002016.jpg,cips/cips-ffhq/img002016.jpg,6,cips-ffhq
img004446.jpg,cips/cips-ffhq/img004446.jpg,6,cips-ffhq
img000853.jpg,cips/cips-ffhq/img000853.jpg,6,cips-ffhq
img000803.jpg,cips/cips-ffhq/img000803.jpg,6,cips-ffhq
img000224.jpg,cips/cips-ffhq/img000224.jpg,6,cips-ffhq
img002107.jpg,cips/cips-ffhq/img002107.jpg,6,cips-ffhq
img002915.jpg,cips/cips-ffhq/img002915.jpg,6,cips-ffhq
img003399.jpg,cips/cips-ffhq/img003399.jpg,6,cips-ffhq
img000237.jpg,cips/cips-ffhq/img000237.jpg,6,cips-ffhq
img001890.jpg,cips/cips-ffhq/img001890.jpg,6,cips-ffhq
img004500.jpg,cips/cips-ffhq/img004500.jpg,6,cips-ffhq
img003102.jpg,cips/cips-ffhq/img003102.jpg,6,cips-ffhq
img000402.jpg,cips/cips-ffhq/img000402.jpg,6,cips-ffhq
img003631.jpg,cips/cips-ffhq/img003631.jpg,6,cips-ffhq
img001950.jpg,cips/cips-ffhq/img001950.jpg,6,cips-ffhq
img004265.jpg,cips/cips-ffhq/img004265.jpg,6,cips-ffhq
img004747.jpg,cips/cips-ffhq/img004747.jpg,6,cips-ffhq
img004147.jpg,cips/cips-ffhq/img004147.jpg,6,cips-ffhq
img004097.jpg,cips/cips-ffhq/img004097.jpg,6,cips-ffhq
img002584.jpg,cips/cips-ffhq/img002584.jpg,6,cips-ffhq
img000274.jpg,cips/cips-ffhq/img000274.jpg,6,cips-ffhq
img001018.jpg,cips/cips-ffhq/img001018.jpg,6,cips-ffhq
img000011.jpg,cips/cips-ffhq/img000011.jpg,6,cips-ffhq
img003644.jpg,cips/cips-ffhq/img003644.jpg,6,cips-ffhq
img002933.jpg,cips/cips-ffhq/img002933.jpg,6,cips-ffhq
img004211.jpg,cips/cips-ffhq/img004211.jpg,6,cips-ffhq
img004421.jpg,cips/cips-ffhq/img004421.jpg,6,cips-ffhq
img000139.jpg,cips/cips-ffhq/img000139.jpg,6,cips-ffhq
img003090.jpg,cips/cips-ffhq/img003090.jpg,6,cips-ffhq
img003965.jpg,cips/cips-ffhq/img003965.jpg,6,cips-ffhq
img003238.jpg,cips/cips-ffhq/img003238.jpg,6,cips-ffhq
img002854.jpg,cips/cips-ffhq/img002854.jpg,6,cips-ffhq
img001991.jpg,cips/cips-ffhq/img001991.jpg,6,cips-ffhq
img000117.jpg,cips/cips-ffhq/img000117.jpg,6,cips-ffhq
img003377.jpg,cips/cips-ffhq/img003377.jpg,6,cips-ffhq
img001408.jpg,cips/cips-ffhq/img001408.jpg,6,cips-ffhq
img000272.jpg,cips/cips-ffhq/img000272.jpg,6,cips-ffhq
img000698.jpg,cips/cips-ffhq/img000698.jpg,6,cips-ffhq
img000004.jpg,cips/cips-ffhq/img000004.jpg,6,cips-ffhq
img001101.jpg,cips/cips-ffhq/img001101.jpg,6,cips-ffhq
img003021.jpg,cips/cips-ffhq/img003021.jpg,6,cips-ffhq
img000565.jpg,cips/cips-ffhq/img000565.jpg,6,cips-ffhq
img000900.jpg,cips/cips-ffhq/img000900.jpg,6,cips-ffhq
img000734.jpg,cips/cips-ffhq/img000734.jpg,6,cips-ffhq
img002218.jpg,cips/cips-ffhq/img002218.jpg,6,cips-ffhq
img001709.jpg,cips/cips-ffhq/img001709.jpg,6,cips-ffhq
img002713.jpg,cips/cips-ffhq/img002713.jpg,6,cips-ffhq
img002596.jpg,cips/cips-ffhq/img002596.jpg,6,cips-ffhq
img002502.jpg,cips/cips-ffhq/img002502.jpg,6,cips-ffhq
img003501.jpg,cips/cips-ffhq/img003501.jpg,6,cips-ffhq
img004768.jpg,cips/cips-ffhq/img004768.jpg,6,cips-ffhq
img002167.jpg,cips/cips-ffhq/img002167.jpg,6,cips-ffhq
img001308.jpg,cips/cips-ffhq/img001308.jpg,6,cips-ffhq
img004751.jpg,cips/cips-ffhq/img004751.jpg,6,cips-ffhq
img003167.jpg,cips/cips-ffhq/img003167.jpg,6,cips-ffhq
img004690.jpg,cips/cips-ffhq/img004690.jpg,6,cips-ffhq
img000338.jpg,cips/cips-ffhq/img000338.jpg,6,cips-ffhq
img003634.jpg,cips/cips-ffhq/img003634.jpg,6,cips-ffhq
img003711.jpg,cips/cips-ffhq/img003711.jpg,6,cips-ffhq
img002135.jpg,cips/cips-ffhq/img002135.jpg,6,cips-ffhq
img004416.jpg,cips/cips-ffhq/img004416.jpg,6,cips-ffhq
img002356.jpg,cips/cips-ffhq/img002356.jpg,6,cips-ffhq
img001766.jpg,cips/cips-ffhq/img001766.jpg,6,cips-ffhq
img001424.jpg,cips/cips-ffhq/img001424.jpg,6,cips-ffhq
img001546.jpg,cips/cips-ffhq/img001546.jpg,6,cips-ffhq
img001177.jpg,cips/cips-ffhq/img001177.jpg,6,cips-ffhq
img003132.jpg,cips/cips-ffhq/img003132.jpg,6,cips-ffhq
img002461.jpg,cips/cips-ffhq/img002461.jpg,6,cips-ffhq
img001829.jpg,cips/cips-ffhq/img001829.jpg,6,cips-ffhq
img004662.jpg,cips/cips-ffhq/img004662.jpg,6,cips-ffhq
img001748.jpg,cips/cips-ffhq/img001748.jpg,6,cips-ffhq
img000077.jpg,cips/cips-ffhq/img000077.jpg,6,cips-ffhq
img003759.jpg,cips/cips-ffhq/img003759.jpg,6,cips-ffhq
img002090.jpg,cips/cips-ffhq/img002090.jpg,6,cips-ffhq
img002019.jpg,cips/cips-ffhq/img002019.jpg,6,cips-ffhq
img001041.jpg,cips/cips-ffhq/img001041.jpg,6,cips-ffhq
img001886.jpg,cips/cips-ffhq/img001886.jpg,6,cips-ffhq
img003741.jpg,cips/cips-ffhq/img003741.jpg,6,cips-ffhq
img002739.jpg,cips/cips-ffhq/img002739.jpg,6,cips-ffhq
img001156.jpg,cips/cips-ffhq/img001156.jpg,6,cips-ffhq
img001585.jpg,cips/cips-ffhq/img001585.jpg,6,cips-ffhq
img003730.jpg,cips/cips-ffhq/img003730.jpg,6,cips-ffhq
img001369.jpg,cips/cips-ffhq/img001369.jpg,6,cips-ffhq
img004054.jpg,cips/cips-ffhq/img004054.jpg,6,cips-ffhq
img003315.jpg,cips/cips-ffhq/img003315.jpg,6,cips-ffhq
img003763.jpg,cips/cips-ffhq/img003763.jpg,6,cips-ffhq
img001579.jpg,cips/cips-ffhq/img001579.jpg,6,cips-ffhq
img000284.jpg,cips/cips-ffhq/img000284.jpg,6,cips-ffhq
img004415.jpg,cips/cips-ffhq/img004415.jpg,6,cips-ffhq
img003602.jpg,cips/cips-ffhq/img003602.jpg,6,cips-ffhq
img000877.jpg,cips/cips-ffhq/img000877.jpg,6,cips-ffhq
img001512.jpg,cips/cips-ffhq/img001512.jpg,6,cips-ffhq
img003003.jpg,cips/cips-ffhq/img003003.jpg,6,cips-ffhq
img000959.jpg,cips/cips-ffhq/img000959.jpg,6,cips-ffhq
img004087.jpg,cips/cips-ffhq/img004087.jpg,6,cips-ffhq
img004581.jpg,cips/cips-ffhq/img004581.jpg,6,cips-ffhq
img003235.jpg,cips/cips-ffhq/img003235.jpg,6,cips-ffhq
img003051.jpg,cips/cips-ffhq/img003051.jpg,6,cips-ffhq
img001053.jpg,cips/cips-ffhq/img001053.jpg,6,cips-ffhq
img000572.jpg,cips/cips-ffhq/img000572.jpg,6,cips-ffhq
img001633.jpg,cips/cips-ffhq/img001633.jpg,6,cips-ffhq
img002093.jpg,cips/cips-ffhq/img002093.jpg,6,cips-ffhq
img000990.jpg,cips/cips-ffhq/img000990.jpg,6,cips-ffhq
img003234.jpg,cips/cips-ffhq/img003234.jpg,6,cips-ffhq
img000093.jpg,cips/cips-ffhq/img000093.jpg,6,cips-ffhq
img000574.jpg,cips/cips-ffhq/img000574.jpg,6,cips-ffhq
img001804.jpg,cips/cips-ffhq/img001804.jpg,6,cips-ffhq
img003561.jpg,cips/cips-ffhq/img003561.jpg,6,cips-ffhq
img000822.jpg,cips/cips-ffhq/img000822.jpg,6,cips-ffhq
img004587.jpg,cips/cips-ffhq/img004587.jpg,6,cips-ffhq
img003782.jpg,cips/cips-ffhq/img003782.jpg,6,cips-ffhq
img000126.jpg,cips/cips-ffhq/img000126.jpg,6,cips-ffhq
img003513.jpg,cips/cips-ffhq/img003513.jpg,6,cips-ffhq
img001935.jpg,cips/cips-ffhq/img001935.jpg,6,cips-ffhq
img000267.jpg,cips/cips-ffhq/img000267.jpg,6,cips-ffhq
img000642.jpg,cips/cips-ffhq/img000642.jpg,6,cips-ffhq
img002506.jpg,cips/cips-ffhq/img002506.jpg,6,cips-ffhq
img000070.jpg,cips/cips-ffhq/img000070.jpg,6,cips-ffhq
img001334.jpg,cips/cips-ffhq/img001334.jpg,6,cips-ffhq
img000886.jpg,cips/cips-ffhq/img000886.jpg,6,cips-ffhq
img001484.jpg,cips/cips-ffhq/img001484.jpg,6,cips-ffhq
img001665.jpg,cips/cips-ffhq/img001665.jpg,6,cips-ffhq
img002266.jpg,cips/cips-ffhq/img002266.jpg,6,cips-ffhq
img001291.jpg,cips/cips-ffhq/img001291.jpg,6,cips-ffhq
img001552.jpg,cips/cips-ffhq/img001552.jpg,6,cips-ffhq
img003580.jpg,cips/cips-ffhq/img003580.jpg,6,cips-ffhq
img000807.jpg,cips/cips-ffhq/img000807.jpg,6,cips-ffhq
img002118.jpg,cips/cips-ffhq/img002118.jpg,6,cips-ffhq
img000403.jpg,cips/cips-ffhq/img000403.jpg,6,cips-ffhq
img003663.jpg,cips/cips-ffhq/img003663.jpg,6,cips-ffhq
img002025.jpg,cips/cips-ffhq/img002025.jpg,6,cips-ffhq
img003430.jpg,cips/cips-ffhq/img003430.jpg,6,cips-ffhq
img004276.jpg,cips/cips-ffhq/img004276.jpg,6,cips-ffhq
img004182.jpg,cips/cips-ffhq/img004182.jpg,6,cips-ffhq
img000897.jpg,cips/cips-ffhq/img000897.jpg,6,cips-ffhq
img003839.jpg,cips/cips-ffhq/img003839.jpg,6,cips-ffhq
img000528.jpg,cips/cips-ffhq/img000528.jpg,6,cips-ffhq
img004667.jpg,cips/cips-ffhq/img004667.jpg,6,cips-ffhq
img000386.jpg,cips/cips-ffhq/img000386.jpg,6,cips-ffhq
img000260.jpg,cips/cips-ffhq/img000260.jpg,6,cips-ffhq
img003902.jpg,cips/cips-ffhq/img003902.jpg,6,cips-ffhq
img003281.jpg,cips/cips-ffhq/img003281.jpg,6,cips-ffhq
img004393.jpg,cips/cips-ffhq/img004393.jpg,6,cips-ffhq
img004529.jpg,cips/cips-ffhq/img004529.jpg,6,cips-ffhq
img000168.jpg,cips/cips-ffhq/img000168.jpg,6,cips-ffhq
img004572.jpg,cips/cips-ffhq/img004572.jpg,6,cips-ffhq
img001202.jpg,cips/cips-ffhq/img001202.jpg,6,cips-ffhq
img000097.jpg,cips/cips-ffhq/img000097.jpg,6,cips-ffhq
img002770.jpg,cips/cips-ffhq/img002770.jpg,6,cips-ffhq
img001511.jpg,cips/cips-ffhq/img001511.jpg,6,cips-ffhq
img000043.jpg,cips/cips-ffhq/img000043.jpg,6,cips-ffhq
img004423.jpg,cips/cips-ffhq/img004423.jpg,6,cips-ffhq
img001124.jpg,cips/cips-ffhq/img001124.jpg,6,cips-ffhq
img000982.jpg,cips/cips-ffhq/img000982.jpg,6,cips-ffhq
img000753.jpg,cips/cips-ffhq/img000753.jpg,6,cips-ffhq
img002197.jpg,cips/cips-ffhq/img002197.jpg,6,cips-ffhq
img002508.jpg,cips/cips-ffhq/img002508.jpg,6,cips-ffhq
img001453.jpg,cips/cips-ffhq/img001453.jpg,6,cips-ffhq
img000134.jpg,cips/cips-ffhq/img000134.jpg,6,cips-ffhq
img000630.jpg,cips/cips-ffhq/img000630.jpg,6,cips-ffhq
img003481.jpg,cips/cips-ffhq/img003481.jpg,6,cips-ffhq
img000895.jpg,cips/cips-ffhq/img000895.jpg,6,cips-ffhq
img002864.jpg,cips/cips-ffhq/img002864.jpg,6,cips-ffhq
img000983.jpg,cips/cips-ffhq/img000983.jpg,6,cips-ffhq
img002792.jpg,cips/cips-ffhq/img002792.jpg,6,cips-ffhq
img000904.jpg,cips/cips-ffhq/img000904.jpg,6,cips-ffhq
img003437.jpg,cips/cips-ffhq/img003437.jpg,6,cips-ffhq
img004764.jpg,cips/cips-ffhq/img004764.jpg,6,cips-ffhq
img001298.jpg,cips/cips-ffhq/img001298.jpg,6,cips-ffhq
img001451.jpg,cips/cips-ffhq/img001451.jpg,6,cips-ffhq
img004609.jpg,cips/cips-ffhq/img004609.jpg,6,cips-ffhq
img003778.jpg,cips/cips-ffhq/img003778.jpg,6,cips-ffhq
img001677.jpg,cips/cips-ffhq/img001677.jpg,6,cips-ffhq
img004239.jpg,cips/cips-ffhq/img004239.jpg,6,cips-ffhq
img001821.jpg,cips/cips-ffhq/img001821.jpg,6,cips-ffhq
img002745.jpg,cips/cips-ffhq/img002745.jpg,6,cips-ffhq
img004455.jpg,cips/cips-ffhq/img004455.jpg,6,cips-ffhq
img004288.jpg,cips/cips-ffhq/img004288.jpg,6,cips-ffhq
img003646.jpg,cips/cips-ffhq/img003646.jpg,6,cips-ffhq
img001788.jpg,cips/cips-ffhq/img001788.jpg,6,cips-ffhq
img001282.jpg,cips/cips-ffhq/img001282.jpg,6,cips-ffhq
img002493.jpg,cips/cips-ffhq/img002493.jpg,6,cips-ffhq
img004776.jpg,cips/cips-ffhq/img004776.jpg,6,cips-ffhq
img003675.jpg,cips/cips-ffhq/img003675.jpg,6,cips-ffhq
img000406.jpg,cips/cips-ffhq/img000406.jpg,6,cips-ffhq
img004611.jpg,cips/cips-ffhq/img004611.jpg,6,cips-ffhq
img001381.jpg,cips/cips-ffhq/img001381.jpg,6,cips-ffhq
img004053.jpg,cips/cips-ffhq/img004053.jpg,6,cips-ffhq
img000461.jpg,cips/cips-ffhq/img000461.jpg,6,cips-ffhq
img002568.jpg,cips/cips-ffhq/img002568.jpg,6,cips-ffhq
img002666.jpg,cips/cips-ffhq/img002666.jpg,6,cips-ffhq
img002210.jpg,cips/cips-ffhq/img002210.jpg,6,cips-ffhq
img002113.jpg,cips/cips-ffhq/img002113.jpg,6,cips-ffhq
img004458.jpg,cips/cips-ffhq/img004458.jpg,6,cips-ffhq
img001437.jpg,cips/cips-ffhq/img001437.jpg,6,cips-ffhq
img001157.jpg,cips/cips-ffhq/img001157.jpg,6,cips-ffhq
img000901.jpg,cips/cips-ffhq/img000901.jpg,6,cips-ffhq
img004186.jpg,cips/cips-ffhq/img004186.jpg,6,cips-ffhq
img000298.jpg,cips/cips-ffhq/img000298.jpg,6,cips-ffhq
img002053.jpg,cips/cips-ffhq/img002053.jpg,6,cips-ffhq
img000244.jpg,cips/cips-ffhq/img000244.jpg,6,cips-ffhq
img003926.jpg,cips/cips-ffhq/img003926.jpg,6,cips-ffhq
img001322.jpg,cips/cips-ffhq/img001322.jpg,6,cips-ffhq
img002530.jpg,cips/cips-ffhq/img002530.jpg,6,cips-ffhq
img000469.jpg,cips/cips-ffhq/img000469.jpg,6,cips-ffhq
img000416.jpg,cips/cips-ffhq/img000416.jpg,6,cips-ffhq
img000950.jpg,cips/cips-ffhq/img000950.jpg,6,cips-ffhq
img001190.jpg,cips/cips-ffhq/img001190.jpg,6,cips-ffhq
img000140.jpg,cips/cips-ffhq/img000140.jpg,6,cips-ffhq
img003899.jpg,cips/cips-ffhq/img003899.jpg,6,cips-ffhq
img003680.jpg,cips/cips-ffhq/img003680.jpg,6,cips-ffhq
img001179.jpg,cips/cips-ffhq/img001179.jpg,6,cips-ffhq
img004345.jpg,cips/cips-ffhq/img004345.jpg,6,cips-ffhq
img002978.jpg,cips/cips-ffhq/img002978.jpg,6,cips-ffhq
img004047.jpg,cips/cips-ffhq/img004047.jpg,6,cips-ffhq
img003120.jpg,cips/cips-ffhq/img003120.jpg,6,cips-ffhq
img004510.jpg,cips/cips-ffhq/img004510.jpg,6,cips-ffhq
img002961.jpg,cips/cips-ffhq/img002961.jpg,6,cips-ffhq
img002497.jpg,cips/cips-ffhq/img002497.jpg,6,cips-ffhq
img001477.jpg,cips/cips-ffhq/img001477.jpg,6,cips-ffhq
img003754.jpg,cips/cips-ffhq/img003754.jpg,6,cips-ffhq
img002570.jpg,cips/cips-ffhq/img002570.jpg,6,cips-ffhq
img003710.jpg,cips/cips-ffhq/img003710.jpg,6,cips-ffhq
img003091.jpg,cips/cips-ffhq/img003091.jpg,6,cips-ffhq
img002187.jpg,cips/cips-ffhq/img002187.jpg,6,cips-ffhq
img000696.jpg,cips/cips-ffhq/img000696.jpg,6,cips-ffhq
img004757.jpg,cips/cips-ffhq/img004757.jpg,6,cips-ffhq
img002958.jpg,cips/cips-ffhq/img002958.jpg,6,cips-ffhq
img004530.jpg,cips/cips-ffhq/img004530.jpg,6,cips-ffhq
img000590.jpg,cips/cips-ffhq/img000590.jpg,6,cips-ffhq
img001063.jpg,cips/cips-ffhq/img001063.jpg,6,cips-ffhq
img002240.jpg,cips/cips-ffhq/img002240.jpg,6,cips-ffhq
img001357.jpg,cips/cips-ffhq/img001357.jpg,6,cips-ffhq
img000716.jpg,cips/cips-ffhq/img000716.jpg,6,cips-ffhq
img002287.jpg,cips/cips-ffhq/img002287.jpg,6,cips-ffhq
img002970.jpg,cips/cips-ffhq/img002970.jpg,6,cips-ffhq
img003831.jpg,cips/cips-ffhq/img003831.jpg,6,cips-ffhq
img000286.jpg,cips/cips-ffhq/img000286.jpg,6,cips-ffhq
img001046.jpg,cips/cips-ffhq/img001046.jpg,6,cips-ffhq
img001701.jpg,cips/cips-ffhq/img001701.jpg,6,cips-ffhq
img001937.jpg,cips/cips-ffhq/img001937.jpg,6,cips-ffhq
img004688.jpg,cips/cips-ffhq/img004688.jpg,6,cips-ffhq
img003295.jpg,cips/cips-ffhq/img003295.jpg,6,cips-ffhq
img003109.jpg,cips/cips-ffhq/img003109.jpg,6,cips-ffhq
img002476.jpg,cips/cips-ffhq/img002476.jpg,6,cips-ffhq
img001817.jpg,cips/cips-ffhq/img001817.jpg,6,cips-ffhq
img000371.jpg,cips/cips-ffhq/img000371.jpg,6,cips-ffhq
img003622.jpg,cips/cips-ffhq/img003622.jpg,6,cips-ffhq
img003695.jpg,cips/cips-ffhq/img003695.jpg,6,cips-ffhq
img001741.jpg,cips/cips-ffhq/img001741.jpg,6,cips-ffhq
img002233.jpg,cips/cips-ffhq/img002233.jpg,6,cips-ffhq
img003214.jpg,cips/cips-ffhq/img003214.jpg,6,cips-ffhq
img004654.jpg,cips/cips-ffhq/img004654.jpg,6,cips-ffhq
img000045.jpg,cips/cips-ffhq/img000045.jpg,6,cips-ffhq
img004044.jpg,cips/cips-ffhq/img004044.jpg,6,cips-ffhq
img004249.jpg,cips/cips-ffhq/img004249.jpg,6,cips-ffhq
img004172.jpg,cips/cips-ffhq/img004172.jpg,6,cips-ffhq
img001020.jpg,cips/cips-ffhq/img001020.jpg,6,cips-ffhq
img000048.jpg,cips/cips-ffhq/img000048.jpg,6,cips-ffhq
img000281.jpg,cips/cips-ffhq/img000281.jpg,6,cips-ffhq
img003811.jpg,cips/cips-ffhq/img003811.jpg,6,cips-ffhq
img003291.jpg,cips/cips-ffhq/img003291.jpg,6,cips-ffhq
img002649.jpg,cips/cips-ffhq/img002649.jpg,6,cips-ffhq
img000130.jpg,cips/cips-ffhq/img000130.jpg,6,cips-ffhq
img004608.jpg,cips/cips-ffhq/img004608.jpg,6,cips-ffhq
img001875.jpg,cips/cips-ffhq/img001875.jpg,6,cips-ffhq
img002693.jpg,cips/cips-ffhq/img002693.jpg,6,cips-ffhq
img002919.jpg,cips/cips-ffhq/img002919.jpg,6,cips-ffhq
img001780.jpg,cips/cips-ffhq/img001780.jpg,6,cips-ffhq
img000585.jpg,cips/cips-ffhq/img000585.jpg,6,cips-ffhq
img000679.jpg,cips/cips-ffhq/img000679.jpg,6,cips-ffhq
img001734.jpg,cips/cips-ffhq/img001734.jpg,6,cips-ffhq
img001952.jpg,cips/cips-ffhq/img001952.jpg,6,cips-ffhq
img000196.jpg,cips/cips-ffhq/img000196.jpg,6,cips-ffhq
img003997.jpg,cips/cips-ffhq/img003997.jpg,6,cips-ffhq
img002523.jpg,cips/cips-ffhq/img002523.jpg,6,cips-ffhq
img003464.jpg,cips/cips-ffhq/img003464.jpg,6,cips-ffhq
img003419.jpg,cips/cips-ffhq/img003419.jpg,6,cips-ffhq
img004151.jpg,cips/cips-ffhq/img004151.jpg,6,cips-ffhq
img003693.jpg,cips/cips-ffhq/img003693.jpg,6,cips-ffhq
img002496.jpg,cips/cips-ffhq/img002496.jpg,6,cips-ffhq
img000163.jpg,cips/cips-ffhq/img000163.jpg,6,cips-ffhq
img002002.jpg,cips/cips-ffhq/img002002.jpg,6,cips-ffhq
img002696.jpg,cips/cips-ffhq/img002696.jpg,6,cips-ffhq
img000361.jpg,cips/cips-ffhq/img000361.jpg,6,cips-ffhq
img003360.jpg,cips/cips-ffhq/img003360.jpg,6,cips-ffhq
img002045.jpg,cips/cips-ffhq/img002045.jpg,6,cips-ffhq
img004459.jpg,cips/cips-ffhq/img004459.jpg,6,cips-ffhq
img002153.jpg,cips/cips-ffhq/img002153.jpg,6,cips-ffhq
img001007.jpg,cips/cips-ffhq/img001007.jpg,6,cips-ffhq
img000975.jpg,cips/cips-ffhq/img000975.jpg,6,cips-ffhq
img002827.jpg,cips/cips-ffhq/img002827.jpg,6,cips-ffhq
img003749.jpg,cips/cips-ffhq/img003749.jpg,6,cips-ffhq
img002453.jpg,cips/cips-ffhq/img002453.jpg,6,cips-ffhq
img002177.jpg,cips/cips-ffhq/img002177.jpg,6,cips-ffhq
img003387.jpg,cips/cips-ffhq/img003387.jpg,6,cips-ffhq
img004442.jpg,cips/cips-ffhq/img004442.jpg,6,cips-ffhq
img001575.jpg,cips/cips-ffhq/img001575.jpg,6,cips-ffhq
img002173.jpg,cips/cips-ffhq/img002173.jpg,6,cips-ffhq
img000915.jpg,cips/cips-ffhq/img000915.jpg,6,cips-ffhq
img001448.jpg,cips/cips-ffhq/img001448.jpg,6,cips-ffhq
img002882.jpg,cips/cips-ffhq/img002882.jpg,6,cips-ffhq
img002104.jpg,cips/cips-ffhq/img002104.jpg,6,cips-ffhq
img002870.jpg,cips/cips-ffhq/img002870.jpg,6,cips-ffhq
img003502.jpg,cips/cips-ffhq/img003502.jpg,6,cips-ffhq
img001662.jpg,cips/cips-ffhq/img001662.jpg,6,cips-ffhq
img003146.jpg,cips/cips-ffhq/img003146.jpg,6,cips-ffhq
img001891.jpg,cips/cips-ffhq/img001891.jpg,6,cips-ffhq
img004731.jpg,cips/cips-ffhq/img004731.jpg,6,cips-ffhq
img001918.jpg,cips/cips-ffhq/img001918.jpg,6,cips-ffhq
img003185.jpg,cips/cips-ffhq/img003185.jpg,6,cips-ffhq
img000266.jpg,cips/cips-ffhq/img000266.jpg,6,cips-ffhq
img000183.jpg,cips/cips-ffhq/img000183.jpg,6,cips-ffhq
img001763.jpg,cips/cips-ffhq/img001763.jpg,6,cips-ffhq
img000581.jpg,cips/cips-ffhq/img000581.jpg,6,cips-ffhq
img004577.jpg,cips/cips-ffhq/img004577.jpg,6,cips-ffhq
img000359.jpg,cips/cips-ffhq/img000359.jpg,6,cips-ffhq
img000096.jpg,cips/cips-ffhq/img000096.jpg,6,cips-ffhq
img004660.jpg,cips/cips-ffhq/img004660.jpg,6,cips-ffhq
img000306.jpg,cips/cips-ffhq/img000306.jpg,6,cips-ffhq
img002889.jpg,cips/cips-ffhq/img002889.jpg,6,cips-ffhq
img002543.jpg,cips/cips-ffhq/img002543.jpg,6,cips-ffhq
img003500.jpg,cips/cips-ffhq/img003500.jpg,6,cips-ffhq
img000561.jpg,cips/cips-ffhq/img000561.jpg,6,cips-ffhq
img002817.jpg,cips/cips-ffhq/img002817.jpg,6,cips-ffhq
img002582.jpg,cips/cips-ffhq/img002582.jpg,6,cips-ffhq
img003303.jpg,cips/cips-ffhq/img003303.jpg,6,cips-ffhq
img003228.jpg,cips/cips-ffhq/img003228.jpg,6,cips-ffhq
img001073.jpg,cips/cips-ffhq/img001073.jpg,6,cips-ffhq
img003638.jpg,cips/cips-ffhq/img003638.jpg,6,cips-ffhq
img003011.jpg,cips/cips-ffhq/img003011.jpg,6,cips-ffhq
img002639.jpg,cips/cips-ffhq/img002639.jpg,6,cips-ffhq
img004591.jpg,cips/cips-ffhq/img004591.jpg,6,cips-ffhq
img003159.jpg,cips/cips-ffhq/img003159.jpg,6,cips-ffhq
img003821.jpg,cips/cips-ffhq/img003821.jpg,6,cips-ffhq
img001454.jpg,cips/cips-ffhq/img001454.jpg,6,cips-ffhq
img004376.jpg,cips/cips-ffhq/img004376.jpg,6,cips-ffhq
img000430.jpg,cips/cips-ffhq/img000430.jpg,6,cips-ffhq
img003692.jpg,cips/cips-ffhq/img003692.jpg,6,cips-ffhq
img001450.jpg,cips/cips-ffhq/img001450.jpg,6,cips-ffhq
img001313.jpg,cips/cips-ffhq/img001313.jpg,6,cips-ffhq
img001691.jpg,cips/cips-ffhq/img001691.jpg,6,cips-ffhq
img000482.jpg,cips/cips-ffhq/img000482.jpg,6,cips-ffhq
img003532.jpg,cips/cips-ffhq/img003532.jpg,6,cips-ffhq
img004175.jpg,cips/cips-ffhq/img004175.jpg,6,cips-ffhq
img001506.jpg,cips/cips-ffhq/img001506.jpg,6,cips-ffhq
img001973.jpg,cips/cips-ffhq/img001973.jpg,6,cips-ffhq
img002780.jpg,cips/cips-ffhq/img002780.jpg,6,cips-ffhq
img002020.jpg,cips/cips-ffhq/img002020.jpg,6,cips-ffhq
img000291.jpg,cips/cips-ffhq/img000291.jpg,6,cips-ffhq
img000460.jpg,cips/cips-ffhq/img000460.jpg,6,cips-ffhq
img001299.jpg,cips/cips-ffhq/img001299.jpg,6,cips-ffhq
img001940.jpg,cips/cips-ffhq/img001940.jpg,6,cips-ffhq
img001936.jpg,cips/cips-ffhq/img001936.jpg,6,cips-ffhq
img002796.jpg,cips/cips-ffhq/img002796.jpg,6,cips-ffhq
img004414.jpg,cips/cips-ffhq/img004414.jpg,6,cips-ffhq
img000373.jpg,cips/cips-ffhq/img000373.jpg,6,cips-ffhq
img001016.jpg,cips/cips-ffhq/img001016.jpg,6,cips-ffhq
img004534.jpg,cips/cips-ffhq/img004534.jpg,6,cips-ffhq
img004226.jpg,cips/cips-ffhq/img004226.jpg,6,cips-ffhq
img004783.jpg,cips/cips-ffhq/img004783.jpg,6,cips-ffhq
img002334.jpg,cips/cips-ffhq/img002334.jpg,6,cips-ffhq
img004199.jpg,cips/cips-ffhq/img004199.jpg,6,cips-ffhq
img001118.jpg,cips/cips-ffhq/img001118.jpg,6,cips-ffhq
img004761.jpg,cips/cips-ffhq/img004761.jpg,6,cips-ffhq
img004085.jpg,cips/cips-ffhq/img004085.jpg,6,cips-ffhq
img000061.jpg,cips/cips-ffhq/img000061.jpg,6,cips-ffhq
img004337.jpg,cips/cips-ffhq/img004337.jpg,6,cips-ffhq
img000017.jpg,cips/cips-ffhq/img000017.jpg,6,cips-ffhq
img002857.jpg,cips/cips-ffhq/img002857.jpg,6,cips-ffhq
img003550.jpg,cips/cips-ffhq/img003550.jpg,6,cips-ffhq
img004106.jpg,cips/cips-ffhq/img004106.jpg,6,cips-ffhq
img002797.jpg,cips/cips-ffhq/img002797.jpg,6,cips-ffhq
img001439.jpg,cips/cips-ffhq/img001439.jpg,6,cips-ffhq
img001353.jpg,cips/cips-ffhq/img001353.jpg,6,cips-ffhq
img004504.jpg,cips/cips-ffhq/img004504.jpg,6,cips-ffhq
img002610.jpg,cips/cips-ffhq/img002610.jpg,6,cips-ffhq
img002037.jpg,cips/cips-ffhq/img002037.jpg,6,cips-ffhq
img002457.jpg,cips/cips-ffhq/img002457.jpg,6,cips-ffhq
img001738.jpg,cips/cips-ffhq/img001738.jpg,6,cips-ffhq
img001555.jpg,cips/cips-ffhq/img001555.jpg,6,cips-ffhq
img001505.jpg,cips/cips-ffhq/img001505.jpg,6,cips-ffhq
img002660.jpg,cips/cips-ffhq/img002660.jpg,6,cips-ffhq
img004461.jpg,cips/cips-ffhq/img004461.jpg,6,cips-ffhq
img001146.jpg,cips/cips-ffhq/img001146.jpg,6,cips-ffhq
img003449.jpg,cips/cips-ffhq/img003449.jpg,6,cips-ffhq
img004693.jpg,cips/cips-ffhq/img004693.jpg,6,cips-ffhq
img004426.jpg,cips/cips-ffhq/img004426.jpg,6,cips-ffhq
img004136.jpg,cips/cips-ffhq/img004136.jpg,6,cips-ffhq
img003818.jpg,cips/cips-ffhq/img003818.jpg,6,cips-ffhq
img001909.jpg,cips/cips-ffhq/img001909.jpg,6,cips-ffhq
img002752.jpg,cips/cips-ffhq/img002752.jpg,6,cips-ffhq
img000726.jpg,cips/cips-ffhq/img000726.jpg,6,cips-ffhq
img003525.jpg,cips/cips-ffhq/img003525.jpg,6,cips-ffhq
img002514.jpg,cips/cips-ffhq/img002514.jpg,6,cips-ffhq
img003321.jpg,cips/cips-ffhq/img003321.jpg,6,cips-ffhq
img003655.jpg,cips/cips-ffhq/img003655.jpg,6,cips-ffhq
img000302.jpg,cips/cips-ffhq/img000302.jpg,6,cips-ffhq
img001204.jpg,cips/cips-ffhq/img001204.jpg,6,cips-ffhq
img001919.jpg,cips/cips-ffhq/img001919.jpg,6,cips-ffhq
img003553.jpg,cips/cips-ffhq/img003553.jpg,6,cips-ffhq
img001336.jpg,cips/cips-ffhq/img001336.jpg,6,cips-ffhq
img004207.jpg,cips/cips-ffhq/img004207.jpg,6,cips-ffhq
img004218.jpg,cips/cips-ffhq/img004218.jpg,6,cips-ffhq
img000680.jpg,cips/cips-ffhq/img000680.jpg,6,cips-ffhq
img001338.jpg,cips/cips-ffhq/img001338.jpg,6,cips-ffhq
img003643.jpg,cips/cips-ffhq/img003643.jpg,6,cips-ffhq
img000597.jpg,cips/cips-ffhq/img000597.jpg,6,cips-ffhq
img003922.jpg,cips/cips-ffhq/img003922.jpg,6,cips-ffhq
img002226.jpg,cips/cips-ffhq/img002226.jpg,6,cips-ffhq
img001113.jpg,cips/cips-ffhq/img001113.jpg,6,cips-ffhq
img002623.jpg,cips/cips-ffhq/img002623.jpg,6,cips-ffhq
img004516.jpg,cips/cips-ffhq/img004516.jpg,6,cips-ffhq
img003714.jpg,cips/cips-ffhq/img003714.jpg,6,cips-ffhq
img002790.jpg,cips/cips-ffhq/img002790.jpg,6,cips-ffhq
img001153.jpg,cips/cips-ffhq/img001153.jpg,6,cips-ffhq
img000783.jpg,cips/cips-ffhq/img000783.jpg,6,cips-ffhq
img002862.jpg,cips/cips-ffhq/img002862.jpg,6,cips-ffhq
img000636.jpg,cips/cips-ffhq/img000636.jpg,6,cips-ffhq
img002859.jpg,cips/cips-ffhq/img002859.jpg,6,cips-ffhq
img001641.jpg,cips/cips-ffhq/img001641.jpg,6,cips-ffhq
img003596.jpg,cips/cips-ffhq/img003596.jpg,6,cips-ffhq
img001255.jpg,cips/cips-ffhq/img001255.jpg,6,cips-ffhq
img001835.jpg,cips/cips-ffhq/img001835.jpg,6,cips-ffhq
img001730.jpg,cips/cips-ffhq/img001730.jpg,6,cips-ffhq
img003510.jpg,cips/cips-ffhq/img003510.jpg,6,cips-ffhq
img001218.jpg,cips/cips-ffhq/img001218.jpg,6,cips-ffhq
img003992.jpg,cips/cips-ffhq/img003992.jpg,6,cips-ffhq
img003814.jpg,cips/cips-ffhq/img003814.jpg,6,cips-ffhq
img000738.jpg,cips/cips-ffhq/img000738.jpg,6,cips-ffhq
img001469.jpg,cips/cips-ffhq/img001469.jpg,6,cips-ffhq
img002238.jpg,cips/cips-ffhq/img002238.jpg,6,cips-ffhq
img003330.jpg,cips/cips-ffhq/img003330.jpg,6,cips-ffhq
img000231.jpg,cips/cips-ffhq/img000231.jpg,6,cips-ffhq
img002082.jpg,cips/cips-ffhq/img002082.jpg,6,cips-ffhq
img000044.jpg,cips/cips-ffhq/img000044.jpg,6,cips-ffhq
img001727.jpg,cips/cips-ffhq/img001727.jpg,6,cips-ffhq
img002721.jpg,cips/cips-ffhq/img002721.jpg,6,cips-ffhq
img003183.jpg,cips/cips-ffhq/img003183.jpg,6,cips-ffhq
img000511.jpg,cips/cips-ffhq/img000511.jpg,6,cips-ffhq
img002501.jpg,cips/cips-ffhq/img002501.jpg,6,cips-ffhq
img004351.jpg,cips/cips-ffhq/img004351.jpg,6,cips-ffhq
img001188.jpg,cips/cips-ffhq/img001188.jpg,6,cips-ffhq
img000475.jpg,cips/cips-ffhq/img000475.jpg,6,cips-ffhq
img000135.jpg,cips/cips-ffhq/img000135.jpg,6,cips-ffhq
img003940.jpg,cips/cips-ffhq/img003940.jpg,6,cips-ffhq
img002914.jpg,cips/cips-ffhq/img002914.jpg,6,cips-ffhq
img002176.jpg,cips/cips-ffhq/img002176.jpg,6,cips-ffhq
img004493.jpg,cips/cips-ffhq/img004493.jpg,6,cips-ffhq
img004624.jpg,cips/cips-ffhq/img004624.jpg,6,cips-ffhq
img000127.jpg,cips/cips-ffhq/img000127.jpg,6,cips-ffhq
img003095.jpg,cips/cips-ffhq/img003095.jpg,6,cips-ffhq
img000329.jpg,cips/cips-ffhq/img000329.jpg,6,cips-ffhq
img001231.jpg,cips/cips-ffhq/img001231.jpg,6,cips-ffhq
img003152.jpg,cips/cips-ffhq/img003152.jpg,6,cips-ffhq
img002454.jpg,cips/cips-ffhq/img002454.jpg,6,cips-ffhq
img003592.jpg,cips/cips-ffhq/img003592.jpg,6,cips-ffhq
img001289.jpg,cips/cips-ffhq/img001289.jpg,6,cips-ffhq
img004767.jpg,cips/cips-ffhq/img004767.jpg,6,cips-ffhq
img000954.jpg,cips/cips-ffhq/img000954.jpg,6,cips-ffhq
img003915.jpg,cips/cips-ffhq/img003915.jpg,6,cips-ffhq
img003962.jpg,cips/cips-ffhq/img003962.jpg,6,cips-ffhq
img000573.jpg,cips/cips-ffhq/img000573.jpg,6,cips-ffhq
img002895.jpg,cips/cips-ffhq/img002895.jpg,6,cips-ffhq
img001719.jpg,cips/cips-ffhq/img001719.jpg,6,cips-ffhq
img001026.jpg,cips/cips-ffhq/img001026.jpg,6,cips-ffhq
img002220.jpg,cips/cips-ffhq/img002220.jpg,6,cips-ffhq
img001065.jpg,cips/cips-ffhq/img001065.jpg,6,cips-ffhq
img004392.jpg,cips/cips-ffhq/img004392.jpg,6,cips-ffhq
img001811.jpg,cips/cips-ffhq/img001811.jpg,6,cips-ffhq
img003937.jpg,cips/cips-ffhq/img003937.jpg,6,cips-ffhq
img003980.jpg,cips/cips-ffhq/img003980.jpg,6,cips-ffhq
img000116.jpg,cips/cips-ffhq/img000116.jpg,6,cips-ffhq
img003748.jpg,cips/cips-ffhq/img003748.jpg,6,cips-ffhq
img002440.jpg,cips/cips-ffhq/img002440.jpg,6,cips-ffhq
img003196.jpg,cips/cips-ffhq/img003196.jpg,6,cips-ffhq
img003204.jpg,cips/cips-ffhq/img003204.jpg,6,cips-ffhq
img001907.jpg,cips/cips-ffhq/img001907.jpg,6,cips-ffhq
img001374.jpg,cips/cips-ffhq/img001374.jpg,6,cips-ffhq
img004274.jpg,cips/cips-ffhq/img004274.jpg,6,cips-ffhq
img003600.jpg,cips/cips-ffhq/img003600.jpg,6,cips-ffhq
img002654.jpg,cips/cips-ffhq/img002654.jpg,6,cips-ffhq
img000432.jpg,cips/cips-ffhq/img000432.jpg,6,cips-ffhq
img004165.jpg,cips/cips-ffhq/img004165.jpg,6,cips-ffhq
img002249.jpg,cips/cips-ffhq/img002249.jpg,6,cips-ffhq
img001653.jpg,cips/cips-ffhq/img001653.jpg,6,cips-ffhq
img000980.jpg,cips/cips-ffhq/img000980.jpg,6,cips-ffhq
img001885.jpg,cips/cips-ffhq/img001885.jpg,6,cips-ffhq
img003058.jpg,cips/cips-ffhq/img003058.jpg,6,cips-ffhq
img003093.jpg,cips/cips-ffhq/img003093.jpg,6,cips-ffhq
img000335.jpg,cips/cips-ffhq/img000335.jpg,6,cips-ffhq
img003559.jpg,cips/cips-ffhq/img003559.jpg,6,cips-ffhq
img003048.jpg,cips/cips-ffhq/img003048.jpg,6,cips-ffhq
img003518.jpg,cips/cips-ffhq/img003518.jpg,6,cips-ffhq
img003977.jpg,cips/cips-ffhq/img003977.jpg,6,cips-ffhq
img001186.jpg,cips/cips-ffhq/img001186.jpg,6,cips-ffhq
img003216.jpg,cips/cips-ffhq/img003216.jpg,6,cips-ffhq
img003283.jpg,cips/cips-ffhq/img003283.jpg,6,cips-ffhq
img003327.jpg,cips/cips-ffhq/img003327.jpg,6,cips-ffhq
img001616.jpg,cips/cips-ffhq/img001616.jpg,6,cips-ffhq
img001243.jpg,cips/cips-ffhq/img001243.jpg,6,cips-ffhq
img002134.jpg,cips/cips-ffhq/img002134.jpg,6,cips-ffhq
img004716.jpg,cips/cips-ffhq/img004716.jpg,6,cips-ffhq
img001573.jpg,cips/cips-ffhq/img001573.jpg,6,cips-ffhq
img000512.jpg,cips/cips-ffhq/img000512.jpg,6,cips-ffhq
img003294.jpg,cips/cips-ffhq/img003294.jpg,6,cips-ffhq
img002223.jpg,cips/cips-ffhq/img002223.jpg,6,cips-ffhq
img002691.jpg,cips/cips-ffhq/img002691.jpg,6,cips-ffhq
img002706.jpg,cips/cips-ffhq/img002706.jpg,6,cips-ffhq
img002635.jpg,cips/cips-ffhq/img002635.jpg,6,cips-ffhq
img001199.jpg,cips/cips-ffhq/img001199.jpg,6,cips-ffhq
img002151.jpg,cips/cips-ffhq/img002151.jpg,6,cips-ffhq
img001037.jpg,cips/cips-ffhq/img001037.jpg,6,cips-ffhq
img000491.jpg,cips/cips-ffhq/img000491.jpg,6,cips-ffhq
img003123.jpg,cips/cips-ffhq/img003123.jpg,6,cips-ffhq
img001466.jpg,cips/cips-ffhq/img001466.jpg,6,cips-ffhq
img000063.jpg,cips/cips-ffhq/img000063.jpg,6,cips-ffhq
img003716.jpg,cips/cips-ffhq/img003716.jpg,6,cips-ffhq
img000657.jpg,cips/cips-ffhq/img000657.jpg,6,cips-ffhq
img000164.jpg,cips/cips-ffhq/img000164.jpg,6,cips-ffhq
img000378.jpg,cips/cips-ffhq/img000378.jpg,6,cips-ffhq
img000922.jpg,cips/cips-ffhq/img000922.jpg,6,cips-ffhq
img004471.jpg,cips/cips-ffhq/img004471.jpg,6,cips-ffhq
img002179.jpg,cips/cips-ffhq/img002179.jpg,6,cips-ffhq
img001565.jpg,cips/cips-ffhq/img001565.jpg,6,cips-ffhq
img004118.jpg,cips/cips-ffhq/img004118.jpg,6,cips-ffhq
img004203.jpg,cips/cips-ffhq/img004203.jpg,6,cips-ffhq
img002201.jpg,cips/cips-ffhq/img002201.jpg,6,cips-ffhq
img004184.jpg,cips/cips-ffhq/img004184.jpg,6,cips-ffhq
img003575.jpg,cips/cips-ffhq/img003575.jpg,6,cips-ffhq
img004465.jpg,cips/cips-ffhq/img004465.jpg,6,cips-ffhq
img000805.jpg,cips/cips-ffhq/img000805.jpg,6,cips-ffhq
img003654.jpg,cips/cips-ffhq/img003654.jpg,6,cips-ffhq
img004613.jpg,cips/cips-ffhq/img004613.jpg,6,cips-ffhq
img003462.jpg,cips/cips-ffhq/img003462.jpg,6,cips-ffhq
img002054.jpg,cips/cips-ffhq/img002054.jpg,6,cips-ffhq
img004540.jpg,cips/cips-ffhq/img004540.jpg,6,cips-ffhq
img003257.jpg,cips/cips-ffhq/img003257.jpg,6,cips-ffhq
img004354.jpg,cips/cips-ffhq/img004354.jpg,6,cips-ffhq
img002928.jpg,cips/cips-ffhq/img002928.jpg,6,cips-ffhq
img003667.jpg,cips/cips-ffhq/img003667.jpg,6,cips-ffhq
img002849.jpg,cips/cips-ffhq/img002849.jpg,6,cips-ffhq
img001998.jpg,cips/cips-ffhq/img001998.jpg,6,cips-ffhq
img001621.jpg,cips/cips-ffhq/img001621.jpg,6,cips-ffhq
img001221.jpg,cips/cips-ffhq/img001221.jpg,6,cips-ffhq
img003191.jpg,cips/cips-ffhq/img003191.jpg,6,cips-ffhq
img002214.jpg,cips/cips-ffhq/img002214.jpg,6,cips-ffhq
img001252.jpg,cips/cips-ffhq/img001252.jpg,6,cips-ffhq
img003677.jpg,cips/cips-ffhq/img003677.jpg,6,cips-ffhq
img002203.jpg,cips/cips-ffhq/img002203.jpg,6,cips-ffhq
img002694.jpg,cips/cips-ffhq/img002694.jpg,6,cips-ffhq
img000033.jpg,cips/cips-ffhq/img000033.jpg,6,cips-ffhq
img000137.jpg,cips/cips-ffhq/img000137.jpg,6,cips-ffhq
img001632.jpg,cips/cips-ffhq/img001632.jpg,6,cips-ffhq
img001601.jpg,cips/cips-ffhq/img001601.jpg,6,cips-ffhq
img002417.jpg,cips/cips-ffhq/img002417.jpg,6,cips-ffhq
img002613.jpg,cips/cips-ffhq/img002613.jpg,6,cips-ffhq
img000981.jpg,cips/cips-ffhq/img000981.jpg,6,cips-ffhq
img001556.jpg,cips/cips-ffhq/img001556.jpg,6,cips-ffhq
img003799.jpg,cips/cips-ffhq/img003799.jpg,6,cips-ffhq
img003373.jpg,cips/cips-ffhq/img003373.jpg,6,cips-ffhq
img003826.jpg,cips/cips-ffhq/img003826.jpg,6,cips-ffhq
img003887.jpg,cips/cips-ffhq/img003887.jpg,6,cips-ffhq
img004110.jpg,cips/cips-ffhq/img004110.jpg,6,cips-ffhq
img002362.jpg,cips/cips-ffhq/img002362.jpg,6,cips-ffhq
img002541.jpg,cips/cips-ffhq/img002541.jpg,6,cips-ffhq
img004375.jpg,cips/cips-ffhq/img004375.jpg,6,cips-ffhq
img002711.jpg,cips/cips-ffhq/img002711.jpg,6,cips-ffhq
img002389.jpg,cips/cips-ffhq/img002389.jpg,6,cips-ffhq
img002834.jpg,cips/cips-ffhq/img002834.jpg,6,cips-ffhq
img001559.jpg,cips/cips-ffhq/img001559.jpg,6,cips-ffhq
img004799.jpg,cips/cips-ffhq/img004799.jpg,6,cips-ffhq
img002664.jpg,cips/cips-ffhq/img002664.jpg,6,cips-ffhq
img001000.jpg,cips/cips-ffhq/img001000.jpg,6,cips-ffhq
img002648.jpg,cips/cips-ffhq/img002648.jpg,6,cips-ffhq
img002271.jpg,cips/cips-ffhq/img002271.jpg,6,cips-ffhq
img002567.jpg,cips/cips-ffhq/img002567.jpg,6,cips-ffhq
img002956.jpg,cips/cips-ffhq/img002956.jpg,6,cips-ffhq
img000099.jpg,cips/cips-ffhq/img000099.jpg,6,cips-ffhq
img004193.jpg,cips/cips-ffhq/img004193.jpg,6,cips-ffhq
img004686.jpg,cips/cips-ffhq/img004686.jpg,6,cips-ffhq
img001081.jpg,cips/cips-ffhq/img001081.jpg,6,cips-ffhq
img002689.jpg,cips/cips-ffhq/img002689.jpg,6,cips-ffhq
img000852.jpg,cips/cips-ffhq/img000852.jpg,6,cips-ffhq
img002172.jpg,cips/cips-ffhq/img002172.jpg,6,cips-ffhq
img001920.jpg,cips/cips-ffhq/img001920.jpg,6,cips-ffhq
img002046.jpg,cips/cips-ffhq/img002046.jpg,6,cips-ffhq
img001098.jpg,cips/cips-ffhq/img001098.jpg,6,cips-ffhq
img002450.jpg,cips/cips-ffhq/img002450.jpg,6,cips-ffhq
img003007.jpg,cips/cips-ffhq/img003007.jpg,6,cips-ffhq
img004135.jpg,cips/cips-ffhq/img004135.jpg,6,cips-ffhq
img000610.jpg,cips/cips-ffhq/img000610.jpg,6,cips-ffhq
img001837.jpg,cips/cips-ffhq/img001837.jpg,6,cips-ffhq
img003889.jpg,cips/cips-ffhq/img003889.jpg,6,cips-ffhq
img001470.jpg,cips/cips-ffhq/img001470.jpg,6,cips-ffhq
img004141.jpg,cips/cips-ffhq/img004141.jpg,6,cips-ffhq
img002853.jpg,cips/cips-ffhq/img002853.jpg,6,cips-ffhq
img001955.jpg,cips/cips-ffhq/img001955.jpg,6,cips-ffhq
img003658.jpg,cips/cips-ffhq/img003658.jpg,6,cips-ffhq
img000301.jpg,cips/cips-ffhq/img000301.jpg,6,cips-ffhq
img000815.jpg,cips/cips-ffhq/img000815.jpg,6,cips-ffhq
img002341.jpg,cips/cips-ffhq/img002341.jpg,6,cips-ffhq
img000000.jpg,cips/cips-ffhq/img000000.jpg,6,cips-ffhq
img001873.jpg,cips/cips-ffhq/img001873.jpg,6,cips-ffhq
img002527.jpg,cips/cips-ffhq/img002527.jpg,6,cips-ffhq
img003312.jpg,cips/cips-ffhq/img003312.jpg,6,cips-ffhq
img004452.jpg,cips/cips-ffhq/img004452.jpg,6,cips-ffhq
img003698.jpg,cips/cips-ffhq/img003698.jpg,6,cips-ffhq
img003540.jpg,cips/cips-ffhq/img003540.jpg,6,cips-ffhq
img003372.jpg,cips/cips-ffhq/img003372.jpg,6,cips-ffhq
img001024.jpg,cips/cips-ffhq/img001024.jpg,6,cips-ffhq
img003182.jpg,cips/cips-ffhq/img003182.jpg,6,cips-ffhq
img001396.jpg,cips/cips-ffhq/img001396.jpg,6,cips-ffhq
img002206.jpg,cips/cips-ffhq/img002206.jpg,6,cips-ffhq
img002787.jpg,cips/cips-ffhq/img002787.jpg,6,cips-ffhq
img000612.jpg,cips/cips-ffhq/img000612.jpg,6,cips-ffhq
img000296.jpg,cips/cips-ffhq/img000296.jpg,6,cips-ffhq
img001628.jpg,cips/cips-ffhq/img001628.jpg,6,cips-ffhq
img002677.jpg,cips/cips-ffhq/img002677.jpg,6,cips-ffhq
img001223.jpg,cips/cips-ffhq/img001223.jpg,6,cips-ffhq
img001226.jpg,cips/cips-ffhq/img001226.jpg,6,cips-ffhq
img004550.jpg,cips/cips-ffhq/img004550.jpg,6,cips-ffhq
img002333.jpg,cips/cips-ffhq/img002333.jpg,6,cips-ffhq
img000770.jpg,cips/cips-ffhq/img000770.jpg,6,cips-ffhq
img000146.jpg,cips/cips-ffhq/img000146.jpg,6,cips-ffhq
img001753.jpg,cips/cips-ffhq/img001753.jpg,6,cips-ffhq
img002434.jpg,cips/cips-ffhq/img002434.jpg,6,cips-ffhq
img001956.jpg,cips/cips-ffhq/img001956.jpg,6,cips-ffhq
img002569.jpg,cips/cips-ffhq/img002569.jpg,6,cips-ffhq
img004048.jpg,cips/cips-ffhq/img004048.jpg,6,cips-ffhq
img000953.jpg,cips/cips-ffhq/img000953.jpg,6,cips-ffhq
img004070.jpg,cips/cips-ffhq/img004070.jpg,6,cips-ffhq
img003690.jpg,cips/cips-ffhq/img003690.jpg,6,cips-ffhq
img003573.jpg,cips/cips-ffhq/img003573.jpg,6,cips-ffhq
img003898.jpg,cips/cips-ffhq/img003898.jpg,6,cips-ffhq
img004148.jpg,cips/cips-ffhq/img004148.jpg,6,cips-ffhq
img002617.jpg,cips/cips-ffhq/img002617.jpg,6,cips-ffhq
img003195.jpg,cips/cips-ffhq/img003195.jpg,6,cips-ffhq
img000499.jpg,cips/cips-ffhq/img000499.jpg,6,cips-ffhq
img004781.jpg,cips/cips-ffhq/img004781.jpg,6,cips-ffhq
img004702.jpg,cips/cips-ffhq/img004702.jpg,6,cips-ffhq
img000664.jpg,cips/cips-ffhq/img000664.jpg,6,cips-ffhq
img001266.jpg,cips/cips-ffhq/img001266.jpg,6,cips-ffhq
img003057.jpg,cips/cips-ffhq/img003057.jpg,6,cips-ffhq
img004346.jpg,cips/cips-ffhq/img004346.jpg,6,cips-ffhq
img000884.jpg,cips/cips-ffhq/img000884.jpg,6,cips-ffhq
img004258.jpg,cips/cips-ffhq/img004258.jpg,6,cips-ffhq
img003217.jpg,cips/cips-ffhq/img003217.jpg,6,cips-ffhq
img000084.jpg,cips/cips-ffhq/img000084.jpg,6,cips-ffhq
img003528.jpg,cips/cips-ffhq/img003528.jpg,6,cips-ffhq
img004155.jpg,cips/cips-ffhq/img004155.jpg,6,cips-ffhq
img001813.jpg,cips/cips-ffhq/img001813.jpg,6,cips-ffhq
img000005.jpg,cips/cips-ffhq/img000005.jpg,6,cips-ffhq
img003598.jpg,cips/cips-ffhq/img003598.jpg,6,cips-ffhq
img002765.jpg,cips/cips-ffhq/img002765.jpg,6,cips-ffhq
img001386.jpg,cips/cips-ffhq/img001386.jpg,6,cips-ffhq
img002937.jpg,cips/cips-ffhq/img002937.jpg,6,cips-ffhq
img002327.jpg,cips/cips-ffhq/img002327.jpg,6,cips-ffhq
img002528.jpg,cips/cips-ffhq/img002528.jpg,6,cips-ffhq
img004049.jpg,cips/cips-ffhq/img004049.jpg,6,cips-ffhq
img002422.jpg,cips/cips-ffhq/img002422.jpg,6,cips-ffhq
img004222.jpg,cips/cips-ffhq/img004222.jpg,6,cips-ffhq
img004636.jpg,cips/cips-ffhq/img004636.jpg,6,cips-ffhq
img001421.jpg,cips/cips-ffhq/img001421.jpg,6,cips-ffhq
img004072.jpg,cips/cips-ffhq/img004072.jpg,6,cips-ffhq
img002917.jpg,cips/cips-ffhq/img002917.jpg,6,cips-ffhq
img001647.jpg,cips/cips-ffhq/img001647.jpg,6,cips-ffhq
img001262.jpg,cips/cips-ffhq/img001262.jpg,6,cips-ffhq
img000602.jpg,cips/cips-ffhq/img000602.jpg,6,cips-ffhq
img000558.jpg,cips/cips-ffhq/img000558.jpg,6,cips-ffhq
img003471.jpg,cips/cips-ffhq/img003471.jpg,6,cips-ffhq
img001400.jpg,cips/cips-ffhq/img001400.jpg,6,cips-ffhq
img000525.jpg,cips/cips-ffhq/img000525.jpg,6,cips-ffhq
img003406.jpg,cips/cips-ffhq/img003406.jpg,6,cips-ffhq
img003835.jpg,cips/cips-ffhq/img003835.jpg,6,cips-ffhq
img002470.jpg,cips/cips-ffhq/img002470.jpg,6,cips-ffhq
img003255.jpg,cips/cips-ffhq/img003255.jpg,6,cips-ffhq
img000229.jpg,cips/cips-ffhq/img000229.jpg,6,cips-ffhq
img003391.jpg,cips/cips-ffhq/img003391.jpg,6,cips-ffhq
img000228.jpg,cips/cips-ffhq/img000228.jpg,6,cips-ffhq
img001011.jpg,cips/cips-ffhq/img001011.jpg,6,cips-ffhq
img002772.jpg,cips/cips-ffhq/img002772.jpg,6,cips-ffhq
img001870.jpg,cips/cips-ffhq/img001870.jpg,6,cips-ffhq
img003642.jpg,cips/cips-ffhq/img003642.jpg,6,cips-ffhq
img002538.jpg,cips/cips-ffhq/img002538.jpg,6,cips-ffhq
img000144.jpg,cips/cips-ffhq/img000144.jpg,6,cips-ffhq
img000997.jpg,cips/cips-ffhq/img000997.jpg,6,cips-ffhq
img004687.jpg,cips/cips-ffhq/img004687.jpg,6,cips-ffhq
img003004.jpg,cips/cips-ffhq/img003004.jpg,6,cips-ffhq
img002412.jpg,cips/cips-ffhq/img002412.jpg,6,cips-ffhq
img004622.jpg,cips/cips-ffhq/img004622.jpg,6,cips-ffhq
img001215.jpg,cips/cips-ffhq/img001215.jpg,6,cips-ffhq
img003751.jpg,cips/cips-ffhq/img003751.jpg,6,cips-ffhq
img002555.jpg,cips/cips-ffhq/img002555.jpg,6,cips-ffhq
img002050.jpg,cips/cips-ffhq/img002050.jpg,6,cips-ffhq
img002822.jpg,cips/cips-ffhq/img002822.jpg,6,cips-ffhq
img002659.jpg,cips/cips-ffhq/img002659.jpg,6,cips-ffhq
img001115.jpg,cips/cips-ffhq/img001115.jpg,6,cips-ffhq
img004322.jpg,cips/cips-ffhq/img004322.jpg,6,cips-ffhq
img003696.jpg,cips/cips-ffhq/img003696.jpg,6,cips-ffhq
img003566.jpg,cips/cips-ffhq/img003566.jpg,6,cips-ffhq
img002057.jpg,cips/cips-ffhq/img002057.jpg,6,cips-ffhq
img003225.jpg,cips/cips-ffhq/img003225.jpg,6,cips-ffhq
img003290.jpg,cips/cips-ffhq/img003290.jpg,6,cips-ffhq
img003864.jpg,cips/cips-ffhq/img003864.jpg,6,cips-ffhq
img000240.jpg,cips/cips-ffhq/img000240.jpg,6,cips-ffhq
img003344.jpg,cips/cips-ffhq/img003344.jpg,6,cips-ffhq
img000671.jpg,cips/cips-ffhq/img000671.jpg,6,cips-ffhq
img001097.jpg,cips/cips-ffhq/img001097.jpg,6,cips-ffhq
img000683.jpg,cips/cips-ffhq/img000683.jpg,6,cips-ffhq
img004575.jpg,cips/cips-ffhq/img004575.jpg,6,cips-ffhq
img002130.jpg,cips/cips-ffhq/img002130.jpg,6,cips-ffhq
img002174.jpg,cips/cips-ffhq/img002174.jpg,6,cips-ffhq
img001888.jpg,cips/cips-ffhq/img001888.jpg,6,cips-ffhq
img000427.jpg,cips/cips-ffhq/img000427.jpg,6,cips-ffhq
img000239.jpg,cips/cips-ffhq/img000239.jpg,6,cips-ffhq
img003747.jpg,cips/cips-ffhq/img003747.jpg,6,cips-ffhq
img000828.jpg,cips/cips-ffhq/img000828.jpg,6,cips-ffhq
img004127.jpg,cips/cips-ffhq/img004127.jpg,6,cips-ffhq
img000779.jpg,cips/cips-ffhq/img000779.jpg,6,cips-ffhq
img002748.jpg,cips/cips-ffhq/img002748.jpg,6,cips-ffhq
img002729.jpg,cips/cips-ffhq/img002729.jpg,6,cips-ffhq
img000936.jpg,cips/cips-ffhq/img000936.jpg,6,cips-ffhq
img003236.jpg,cips/cips-ffhq/img003236.jpg,6,cips-ffhq
img002433.jpg,cips/cips-ffhq/img002433.jpg,6,cips-ffhq
img001283.jpg,cips/cips-ffhq/img001283.jpg,6,cips-ffhq
img003246.jpg,cips/cips-ffhq/img003246.jpg,6,cips-ffhq
img004312.jpg,cips/cips-ffhq/img004312.jpg,6,cips-ffhq
img000563.jpg,cips/cips-ffhq/img000563.jpg,6,cips-ffhq
img000719.jpg,cips/cips-ffhq/img000719.jpg,6,cips-ffhq
img001330.jpg,cips/cips-ffhq/img001330.jpg,6,cips-ffhq
img000624.jpg,cips/cips-ffhq/img000624.jpg,6,cips-ffhq
img002115.jpg,cips/cips-ffhq/img002115.jpg,6,cips-ffhq
img003287.jpg,cips/cips-ffhq/img003287.jpg,6,cips-ffhq
img002138.jpg,cips/cips-ffhq/img002138.jpg,6,cips-ffhq
img003224.jpg,cips/cips-ffhq/img003224.jpg,6,cips-ffhq
img000632.jpg,cips/cips-ffhq/img000632.jpg,6,cips-ffhq
img004060.jpg,cips/cips-ffhq/img004060.jpg,6,cips-ffhq
img003546.jpg,cips/cips-ffhq/img003546.jpg,6,cips-ffhq
img002650.jpg,cips/cips-ffhq/img002650.jpg,6,cips-ffhq
img002819.jpg,cips/cips-ffhq/img002819.jpg,6,cips-ffhq
img001050.jpg,cips/cips-ffhq/img001050.jpg,6,cips-ffhq
img002860.jpg,cips/cips-ffhq/img002860.jpg,6,cips-ffhq
img004525.jpg,cips/cips-ffhq/img004525.jpg,6,cips-ffhq
img000660.jpg,cips/cips-ffhq/img000660.jpg,6,cips-ffhq
img002354.jpg,cips/cips-ffhq/img002354.jpg,6,cips-ffhq
img000552.jpg,cips/cips-ffhq/img000552.jpg,6,cips-ffhq
img000497.jpg,cips/cips-ffhq/img000497.jpg,6,cips-ffhq
img000125.jpg,cips/cips-ffhq/img000125.jpg,6,cips-ffhq
img003412.jpg,cips/cips-ffhq/img003412.jpg,6,cips-ffhq
img003509.jpg,cips/cips-ffhq/img003509.jpg,6,cips-ffhq
img004655.jpg,cips/cips-ffhq/img004655.jpg,6,cips-ffhq
img001449.jpg,cips/cips-ffhq/img001449.jpg,6,cips-ffhq
img001914.jpg,cips/cips-ffhq/img001914.jpg,6,cips-ffhq
img001809.jpg,cips/cips-ffhq/img001809.jpg,6,cips-ffhq
img002964.jpg,cips/cips-ffhq/img002964.jpg,6,cips-ffhq
img002323.jpg,cips/cips-ffhq/img002323.jpg,6,cips-ffhq
img002999.jpg,cips/cips-ffhq/img002999.jpg,6,cips-ffhq
img001092.jpg,cips/cips-ffhq/img001092.jpg,6,cips-ffhq
img001248.jpg,cips/cips-ffhq/img001248.jpg,6,cips-ffhq
img000218.jpg,cips/cips-ffhq/img000218.jpg,6,cips-ffhq
img000236.jpg,cips/cips-ffhq/img000236.jpg,6,cips-ffhq
img002027.jpg,cips/cips-ffhq/img002027.jpg,6,cips-ffhq
img004314.jpg,cips/cips-ffhq/img004314.jpg,6,cips-ffhq
img002593.jpg,cips/cips-ffhq/img002593.jpg,6,cips-ffhq
img002475.jpg,cips/cips-ffhq/img002475.jpg,6,cips-ffhq
img000666.jpg,cips/cips-ffhq/img000666.jpg,6,cips-ffhq
img001054.jpg,cips/cips-ffhq/img001054.jpg,6,cips-ffhq
img002971.jpg,cips/cips-ffhq/img002971.jpg,6,cips-ffhq
img003522.jpg,cips/cips-ffhq/img003522.jpg,6,cips-ffhq
img002074.jpg,cips/cips-ffhq/img002074.jpg,6,cips-ffhq
img003082.jpg,cips/cips-ffhq/img003082.jpg,6,cips-ffhq
img001528.jpg,cips/cips-ffhq/img001528.jpg,6,cips-ffhq
img002078.jpg,cips/cips-ffhq/img002078.jpg,6,cips-ffhq
img004797.jpg,cips/cips-ffhq/img004797.jpg,6,cips-ffhq
img002920.jpg,cips/cips-ffhq/img002920.jpg,6,cips-ffhq
img002715.jpg,cips/cips-ffhq/img002715.jpg,6,cips-ffhq
img002292.jpg,cips/cips-ffhq/img002292.jpg,6,cips-ffhq
img001269.jpg,cips/cips-ffhq/img001269.jpg,6,cips-ffhq
img001465.jpg,cips/cips-ffhq/img001465.jpg,6,cips-ffhq
img000203.jpg,cips/cips-ffhq/img000203.jpg,6,cips-ffhq
img002811.jpg,cips/cips-ffhq/img002811.jpg,6,cips-ffhq
img003866.jpg,cips/cips-ffhq/img003866.jpg,6,cips-ffhq
img004425.jpg,cips/cips-ffhq/img004425.jpg,6,cips-ffhq
img002598.jpg,cips/cips-ffhq/img002598.jpg,6,cips-ffhq
img004036.jpg,cips/cips-ffhq/img004036.jpg,6,cips-ffhq
img004217.jpg,cips/cips-ffhq/img004217.jpg,6,cips-ffhq
img002682.jpg,cips/cips-ffhq/img002682.jpg,6,cips-ffhq
img004205.jpg,cips/cips-ffhq/img004205.jpg,6,cips-ffhq
img001860.jpg,cips/cips-ffhq/img001860.jpg,6,cips-ffhq
img001107.jpg,cips/cips-ffhq/img001107.jpg,6,cips-ffhq
img002717.jpg,cips/cips-ffhq/img002717.jpg,6,cips-ffhq
img001758.jpg,cips/cips-ffhq/img001758.jpg,6,cips-ffhq
img003223.jpg,cips/cips-ffhq/img003223.jpg,6,cips-ffhq
img003380.jpg,cips/cips-ffhq/img003380.jpg,6,cips-ffhq
img000742.jpg,cips/cips-ffhq/img000742.jpg,6,cips-ffhq
img000309.jpg,cips/cips-ffhq/img000309.jpg,6,cips-ffhq
img003258.jpg,cips/cips-ffhq/img003258.jpg,6,cips-ffhq
img001474.jpg,cips/cips-ffhq/img001474.jpg,6,cips-ffhq
img003403.jpg,cips/cips-ffhq/img003403.jpg,6,cips-ffhq
img001768.jpg,cips/cips-ffhq/img001768.jpg,6,cips-ffhq
img004793.jpg,cips/cips-ffhq/img004793.jpg,6,cips-ffhq
img000342.jpg,cips/cips-ffhq/img000342.jpg,6,cips-ffhq
img003138.jpg,cips/cips-ffhq/img003138.jpg,6,cips-ffhq
img003233.jpg,cips/cips-ffhq/img003233.jpg,6,cips-ffhq
img004281.jpg,cips/cips-ffhq/img004281.jpg,6,cips-ffhq
img004405.jpg,cips/cips-ffhq/img004405.jpg,6,cips-ffhq
img002252.jpg,cips/cips-ffhq/img002252.jpg,6,cips-ffhq
img004656.jpg,cips/cips-ffhq/img004656.jpg,6,cips-ffhq
img003139.jpg,cips/cips-ffhq/img003139.jpg,6,cips-ffhq
img001570.jpg,cips/cips-ffhq/img001570.jpg,6,cips-ffhq
img003175.jpg,cips/cips-ffhq/img003175.jpg,6,cips-ffhq
img003662.jpg,cips/cips-ffhq/img003662.jpg,6,cips-ffhq
img000204.jpg,cips/cips-ffhq/img000204.jpg,6,cips-ffhq
img002981.jpg,cips/cips-ffhq/img002981.jpg,6,cips-ffhq
img001100.jpg,cips/cips-ffhq/img001100.jpg,6,cips-ffhq
img004480.jpg,cips/cips-ffhq/img004480.jpg,6,cips-ffhq
img004740.jpg,cips/cips-ffhq/img004740.jpg,6,cips-ffhq
img002276.jpg,cips/cips-ffhq/img002276.jpg,6,cips-ffhq
img003367.jpg,cips/cips-ffhq/img003367.jpg,6,cips-ffhq
img004749.jpg,cips/cips-ffhq/img004749.jpg,6,cips-ffhq
img001569.jpg,cips/cips-ffhq/img001569.jpg,6,cips-ffhq
img002722.jpg,cips/cips-ffhq/img002722.jpg,6,cips-ffhq
img000737.jpg,cips/cips-ffhq/img000737.jpg,6,cips-ffhq
img001295.jpg,cips/cips-ffhq/img001295.jpg,6,cips-ffhq
img002395.jpg,cips/cips-ffhq/img002395.jpg,6,cips-ffhq
img001636.jpg,cips/cips-ffhq/img001636.jpg,6,cips-ffhq
img002661.jpg,cips/cips-ffhq/img002661.jpg,6,cips-ffhq
img004079.jpg,cips/cips-ffhq/img004079.jpg,6,cips-ffhq
img002941.jpg,cips/cips-ffhq/img002941.jpg,6,cips-ffhq
img000891.jpg,cips/cips-ffhq/img000891.jpg,6,cips-ffhq
img001489.jpg,cips/cips-ffhq/img001489.jpg,6,cips-ffhq
img002182.jpg,cips/cips-ffhq/img002182.jpg,6,cips-ffhq
img004507.jpg,cips/cips-ffhq/img004507.jpg,6,cips-ffhq
img003046.jpg,cips/cips-ffhq/img003046.jpg,6,cips-ffhq
img004474.jpg,cips/cips-ffhq/img004474.jpg,6,cips-ffhq
img001913.jpg,cips/cips-ffhq/img001913.jpg,6,cips-ffhq
img002485.jpg,cips/cips-ffhq/img002485.jpg,6,cips-ffhq
img004259.jpg,cips/cips-ffhq/img004259.jpg,6,cips-ffhq
img001403.jpg,cips/cips-ffhq/img001403.jpg,6,cips-ffhq
img004770.jpg,cips/cips-ffhq/img004770.jpg,6,cips-ffhq
img003450.jpg,cips/cips-ffhq/img003450.jpg,6,cips-ffhq
img001742.jpg,cips/cips-ffhq/img001742.jpg,6,cips-ffhq
img004700.jpg,cips/cips-ffhq/img004700.jpg,6,cips-ffhq
img004412.jpg,cips/cips-ffhq/img004412.jpg,6,cips-ffhq
img000687.jpg,cips/cips-ffhq/img000687.jpg,6,cips-ffhq
img001410.jpg,cips/cips-ffhq/img001410.jpg,6,cips-ffhq
img003736.jpg,cips/cips-ffhq/img003736.jpg,6,cips-ffhq
img000337.jpg,cips/cips-ffhq/img000337.jpg,6,cips-ffhq
img001191.jpg,cips/cips-ffhq/img001191.jpg,6,cips-ffhq
img000181.jpg,cips/cips-ffhq/img000181.jpg,6,cips-ffhq
img003499.jpg,cips/cips-ffhq/img003499.jpg,6,cips-ffhq
img001201.jpg,cips/cips-ffhq/img001201.jpg,6,cips-ffhq
img004391.jpg,cips/cips-ffhq/img004391.jpg,6,cips-ffhq
img004357.jpg,cips/cips-ffhq/img004357.jpg,6,cips-ffhq
img004671.jpg,cips/cips-ffhq/img004671.jpg,6,cips-ffhq
img000214.jpg,cips/cips-ffhq/img000214.jpg,6,cips-ffhq
img004103.jpg,cips/cips-ffhq/img004103.jpg,6,cips-ffhq
img001699.jpg,cips/cips-ffhq/img001699.jpg,6,cips-ffhq
img002202.jpg,cips/cips-ffhq/img002202.jpg,6,cips-ffhq
img002230.jpg,cips/cips-ffhq/img002230.jpg,6,cips-ffhq
img002813.jpg,cips/cips-ffhq/img002813.jpg,6,cips-ffhq
img000866.jpg,cips/cips-ffhq/img000866.jpg,6,cips-ffhq
img003919.jpg,cips/cips-ffhq/img003919.jpg,6,cips-ffhq
img000791.jpg,cips/cips-ffhq/img000791.jpg,6,cips-ffhq
img002760.jpg,cips/cips-ffhq/img002760.jpg,6,cips-ffhq
img003157.jpg,cips/cips-ffhq/img003157.jpg,6,cips-ffhq
img004178.jpg,cips/cips-ffhq/img004178.jpg,6,cips-ffhq
img003590.jpg,cips/cips-ffhq/img003590.jpg,6,cips-ffhq
img001659.jpg,cips/cips-ffhq/img001659.jpg,6,cips-ffhq
img000933.jpg,cips/cips-ffhq/img000933.jpg,6,cips-ffhq
img000317.jpg,cips/cips-ffhq/img000317.jpg,6,cips-ffhq
img004305.jpg,cips/cips-ffhq/img004305.jpg,6,cips-ffhq
img002313.jpg,cips/cips-ffhq/img002313.jpg,6,cips-ffhq
img001175.jpg,cips/cips-ffhq/img001175.jpg,6,cips-ffhq
img002435.jpg,cips/cips-ffhq/img002435.jpg,6,cips-ffhq
img001594.jpg,cips/cips-ffhq/img001594.jpg,6,cips-ffhq
img002368.jpg,cips/cips-ffhq/img002368.jpg,6,cips-ffhq
img001690.jpg,cips/cips-ffhq/img001690.jpg,6,cips-ffhq
img001216.jpg,cips/cips-ffhq/img001216.jpg,6,cips-ffhq
img003354.jpg,cips/cips-ffhq/img003354.jpg,6,cips-ffhq
img003895.jpg,cips/cips-ffhq/img003895.jpg,6,cips-ffhq
img003417.jpg,cips/cips-ffhq/img003417.jpg,6,cips-ffhq
img001476.jpg,cips/cips-ffhq/img001476.jpg,6,cips-ffhq
img003875.jpg,cips/cips-ffhq/img003875.jpg,6,cips-ffhq
img003452.jpg,cips/cips-ffhq/img003452.jpg,6,cips-ffhq
img001791.jpg,cips/cips-ffhq/img001791.jpg,6,cips-ffhq
img000839.jpg,cips/cips-ffhq/img000839.jpg,6,cips-ffhq
img000242.jpg,cips/cips-ffhq/img000242.jpg,6,cips-ffhq
img003504.jpg,cips/cips-ffhq/img003504.jpg,6,cips-ffhq
img002764.jpg,cips/cips-ffhq/img002764.jpg,6,cips-ffhq
img003641.jpg,cips/cips-ffhq/img003641.jpg,6,cips-ffhq
img001721.jpg,cips/cips-ffhq/img001721.jpg,6,cips-ffhq
img000353.jpg,cips/cips-ffhq/img000353.jpg,6,cips-ffhq
img004365.jpg,cips/cips-ffhq/img004365.jpg,6,cips-ffhq
img000788.jpg,cips/cips-ffhq/img000788.jpg,6,cips-ffhq
img002108.jpg,cips/cips-ffhq/img002108.jpg,6,cips-ffhq
img002148.jpg,cips/cips-ffhq/img002148.jpg,6,cips-ffhq
img001260.jpg,cips/cips-ffhq/img001260.jpg,6,cips-ffhq
img000614.jpg,cips/cips-ffhq/img000614.jpg,6,cips-ffhq
img001021.jpg,cips/cips-ffhq/img001021.jpg,6,cips-ffhq
img004453.jpg,cips/cips-ffhq/img004453.jpg,6,cips-ffhq
img002921.jpg,cips/cips-ffhq/img002921.jpg,6,cips-ffhq
img001504.jpg,cips/cips-ffhq/img001504.jpg,6,cips-ffhq
img003966.jpg,cips/cips-ffhq/img003966.jpg,6,cips-ffhq
img003009.jpg,cips/cips-ffhq/img003009.jpg,6,cips-ffhq
img001683.jpg,cips/cips-ffhq/img001683.jpg,6,cips-ffhq
img004161.jpg,cips/cips-ffhq/img004161.jpg,6,cips-ffhq
img003070.jpg,cips/cips-ffhq/img003070.jpg,6,cips-ffhq
img003323.jpg,cips/cips-ffhq/img003323.jpg,6,cips-ffhq
img000749.jpg,cips/cips-ffhq/img000749.jpg,6,cips-ffhq
img001236.jpg,cips/cips-ffhq/img001236.jpg,6,cips-ffhq
img002029.jpg,cips/cips-ffhq/img002029.jpg,6,cips-ffhq
img004741.jpg,cips/cips-ffhq/img004741.jpg,6,cips-ffhq
img002562.jpg,cips/cips-ffhq/img002562.jpg,6,cips-ffhq
img000964.jpg,cips/cips-ffhq/img000964.jpg,6,cips-ffhq
img003930.jpg,cips/cips-ffhq/img003930.jpg,6,cips-ffhq
img002370.jpg,cips/cips-ffhq/img002370.jpg,6,cips-ffhq
img003262.jpg,cips/cips-ffhq/img003262.jpg,6,cips-ffhq
img004315.jpg,cips/cips-ffhq/img004315.jpg,6,cips-ffhq
img001040.jpg,cips/cips-ffhq/img001040.jpg,6,cips-ffhq
img003672.jpg,cips/cips-ffhq/img003672.jpg,6,cips-ffhq
img002149.jpg,cips/cips-ffhq/img002149.jpg,6,cips-ffhq
img003924.jpg,cips/cips-ffhq/img003924.jpg,6,cips-ffhq
img000706.jpg,cips/cips-ffhq/img000706.jpg,6,cips-ffhq
img001847.jpg,cips/cips-ffhq/img001847.jpg,6,cips-ffhq
img000103.jpg,cips/cips-ffhq/img000103.jpg,6,cips-ffhq
img000449.jpg,cips/cips-ffhq/img000449.jpg,6,cips-ffhq
img000205.jpg,cips/cips-ffhq/img000205.jpg,6,cips-ffhq
img000607.jpg,cips/cips-ffhq/img000607.jpg,6,cips-ffhq
img001849.jpg,cips/cips-ffhq/img001849.jpg,6,cips-ffhq
img002540.jpg,cips/cips-ffhq/img002540.jpg,6,cips-ffhq
img002162.jpg,cips/cips-ffhq/img002162.jpg,6,cips-ffhq
img002537.jpg,cips/cips-ffhq/img002537.jpg,6,cips-ffhq
img000289.jpg,cips/cips-ffhq/img000289.jpg,6,cips-ffhq
img001818.jpg,cips/cips-ffhq/img001818.jpg,6,cips-ffhq
img001921.jpg,cips/cips-ffhq/img001921.jpg,6,cips-ffhq
img001993.jpg,cips/cips-ffhq/img001993.jpg,6,cips-ffhq
img001279.jpg,cips/cips-ffhq/img001279.jpg,6,cips-ffhq
img001716.jpg,cips/cips-ffhq/img001716.jpg,6,cips-ffhq
img000776.jpg,cips/cips-ffhq/img000776.jpg,6,cips-ffhq
img002517.jpg,cips/cips-ffhq/img002517.jpg,6,cips-ffhq
img001240.jpg,cips/cips-ffhq/img001240.jpg,6,cips-ffhq
img003339.jpg,cips/cips-ffhq/img003339.jpg,6,cips-ffhq
img000932.jpg,cips/cips-ffhq/img000932.jpg,6,cips-ffhq
img003885.jpg,cips/cips-ffhq/img003885.jpg,6,cips-ffhq
img002621.jpg,cips/cips-ffhq/img002621.jpg,6,cips-ffhq
img002778.jpg,cips/cips-ffhq/img002778.jpg,6,cips-ffhq
img000408.jpg,cips/cips-ffhq/img000408.jpg,6,cips-ffhq
img004241.jpg,cips/cips-ffhq/img004241.jpg,6,cips-ffhq
img000459.jpg,cips/cips-ffhq/img000459.jpg,6,cips-ffhq
img004632.jpg,cips/cips-ffhq/img004632.jpg,6,cips-ffhq
img000031.jpg,cips/cips-ffhq/img000031.jpg,6,cips-ffhq
img000724.jpg,cips/cips-ffhq/img000724.jpg,6,cips-ffhq
img000562.jpg,cips/cips-ffhq/img000562.jpg,6,cips-ffhq
img004450.jpg,cips/cips-ffhq/img004450.jpg,6,cips-ffhq
img003569.jpg,cips/cips-ffhq/img003569.jpg,6,cips-ffhq
img003581.jpg,cips/cips-ffhq/img003581.jpg,6,cips-ffhq
img003758.jpg,cips/cips-ffhq/img003758.jpg,6,cips-ffhq
img000887.jpg,cips/cips-ffhq/img000887.jpg,6,cips-ffhq
img000654.jpg,cips/cips-ffhq/img000654.jpg,6,cips-ffhq
img002142.jpg,cips/cips-ffhq/img002142.jpg,6,cips-ffhq
img004404.jpg,cips/cips-ffhq/img004404.jpg,6,cips-ffhq
img003764.jpg,cips/cips-ffhq/img003764.jpg,6,cips-ffhq
img002272.jpg,cips/cips-ffhq/img002272.jpg,6,cips-ffhq
img001676.jpg,cips/cips-ffhq/img001676.jpg,6,cips-ffhq
img003969.jpg,cips/cips-ffhq/img003969.jpg,6,cips-ffhq
img003131.jpg,cips/cips-ffhq/img003131.jpg,6,cips-ffhq
img001548.jpg,cips/cips-ffhq/img001548.jpg,6,cips-ffhq
img002846.jpg,cips/cips-ffhq/img002846.jpg,6,cips-ffhq
img000672.jpg,cips/cips-ffhq/img000672.jpg,6,cips-ffhq
img002847.jpg,cips/cips-ffhq/img002847.jpg,6,cips-ffhq
img004133.jpg,cips/cips-ffhq/img004133.jpg,6,cips-ffhq
img003976.jpg,cips/cips-ffhq/img003976.jpg,6,cips-ffhq
img002670.jpg,cips/cips-ffhq/img002670.jpg,6,cips-ffhq
img001610.jpg,cips/cips-ffhq/img001610.jpg,6,cips-ffhq
img004491.jpg,cips/cips-ffhq/img004491.jpg,6,cips-ffhq
img004503.jpg,cips/cips-ffhq/img004503.jpg,6,cips-ffhq
img004755.jpg,cips/cips-ffhq/img004755.jpg,6,cips-ffhq
img000193.jpg,cips/cips-ffhq/img000193.jpg,6,cips-ffhq
img004240.jpg,cips/cips-ffhq/img004240.jpg,6,cips-ffhq
img002932.jpg,cips/cips-ffhq/img002932.jpg,6,cips-ffhq
img001230.jpg,cips/cips-ffhq/img001230.jpg,6,cips-ffhq
img004234.jpg,cips/cips-ffhq/img004234.jpg,6,cips-ffhq
img002161.jpg,cips/cips-ffhq/img002161.jpg,6,cips-ffhq
img003686.jpg,cips/cips-ffhq/img003686.jpg,6,cips-ffhq
img001435.jpg,cips/cips-ffhq/img001435.jpg,6,cips-ffhq
img000400.jpg,cips/cips-ffhq/img000400.jpg,6,cips-ffhq
img000603.jpg,cips/cips-ffhq/img000603.jpg,6,cips-ffhq
img004774.jpg,cips/cips-ffhq/img004774.jpg,6,cips-ffhq
img001859.jpg,cips/cips-ffhq/img001859.jpg,6,cips-ffhq
img002478.jpg,cips/cips-ffhq/img002478.jpg,6,cips-ffhq
img004383.jpg,cips/cips-ffhq/img004383.jpg,6,cips-ffhq
img000999.jpg,cips/cips-ffhq/img000999.jpg,6,cips-ffhq
img000919.jpg,cips/cips-ffhq/img000919.jpg,6,cips-ffhq
img001879.jpg,cips/cips-ffhq/img001879.jpg,6,cips-ffhq
img000215.jpg,cips/cips-ffhq/img000215.jpg,6,cips-ffhq
img002369.jpg,cips/cips-ffhq/img002369.jpg,6,cips-ffhq
img004760.jpg,cips/cips-ffhq/img004760.jpg,6,cips-ffhq
img004196.jpg,cips/cips-ffhq/img004196.jpg,6,cips-ffhq
img004539.jpg,cips/cips-ffhq/img004539.jpg,6,cips-ffhq
img003285.jpg,cips/cips-ffhq/img003285.jpg,6,cips-ffhq
img002106.jpg,cips/cips-ffhq/img002106.jpg,6,cips-ffhq
img003408.jpg,cips/cips-ffhq/img003408.jpg,6,cips-ffhq
img001152.jpg,cips/cips-ffhq/img001152.jpg,6,cips-ffhq
img000216.jpg,cips/cips-ffhq/img000216.jpg,6,cips-ffhq
img002017.jpg,cips/cips-ffhq/img002017.jpg,6,cips-ffhq
img000343.jpg,cips/cips-ffhq/img000343.jpg,6,cips-ffhq
img001938.jpg,cips/cips-ffhq/img001938.jpg,6,cips-ffhq
img000703.jpg,cips/cips-ffhq/img000703.jpg,6,cips-ffhq
img004629.jpg,cips/cips-ffhq/img004629.jpg,6,cips-ffhq
img001492.jpg,cips/cips-ffhq/img001492.jpg,6,cips-ffhq
img002587.jpg,cips/cips-ffhq/img002587.jpg,6,cips-ffhq
img001405.jpg,cips/cips-ffhq/img001405.jpg,6,cips-ffhq
img001047.jpg,cips/cips-ffhq/img001047.jpg,6,cips-ffhq
img004361.jpg,cips/cips-ffhq/img004361.jpg,6,cips-ffhq
img001929.jpg,cips/cips-ffhq/img001929.jpg,6,cips-ffhq
img004138.jpg,cips/cips-ffhq/img004138.jpg,6,cips-ffhq
img001882.jpg,cips/cips-ffhq/img001882.jpg,6,cips-ffhq
img004061.jpg,cips/cips-ffhq/img004061.jpg,6,cips-ffhq
img001296.jpg,cips/cips-ffhq/img001296.jpg,6,cips-ffhq
img001657.jpg,cips/cips-ffhq/img001657.jpg,6,cips-ffhq
img000676.jpg,cips/cips-ffhq/img000676.jpg,6,cips-ffhq
img002553.jpg,cips/cips-ffhq/img002553.jpg,6,cips-ffhq
img001067.jpg,cips/cips-ffhq/img001067.jpg,6,cips-ffhq
img004382.jpg,cips/cips-ffhq/img004382.jpg,6,cips-ffhq
img003616.jpg,cips/cips-ffhq/img003616.jpg,6,cips-ffhq
img000685.jpg,cips/cips-ffhq/img000685.jpg,6,cips-ffhq
img003475.jpg,cips/cips-ffhq/img003475.jpg,6,cips-ffhq
img003489.jpg,cips/cips-ffhq/img003489.jpg,6,cips-ffhq
img001222.jpg,cips/cips-ffhq/img001222.jpg,6,cips-ffhq
img002624.jpg,cips/cips-ffhq/img002624.jpg,6,cips-ffhq
img002298.jpg,cips/cips-ffhq/img002298.jpg,6,cips-ffhq
img001233.jpg,cips/cips-ffhq/img001233.jpg,6,cips-ffhq
img003964.jpg,cips/cips-ffhq/img003964.jpg,6,cips-ffhq
img003170.jpg,cips/cips-ffhq/img003170.jpg,6,cips-ffhq
img002043.jpg,cips/cips-ffhq/img002043.jpg,6,cips-ffhq
img002513.jpg,cips/cips-ffhq/img002513.jpg,6,cips-ffhq
img001850.jpg,cips/cips-ffhq/img001850.jpg,6,cips-ffhq
img000108.jpg,cips/cips-ffhq/img000108.jpg,6,cips-ffhq
img003587.jpg,cips/cips-ffhq/img003587.jpg,6,cips-ffhq
img001740.jpg,cips/cips-ffhq/img001740.jpg,6,cips-ffhq
img004270.jpg,cips/cips-ffhq/img004270.jpg,6,cips-ffhq
img002456.jpg,cips/cips-ffhq/img002456.jpg,6,cips-ffhq
img001778.jpg,cips/cips-ffhq/img001778.jpg,6,cips-ffhq
img000910.jpg,cips/cips-ffhq/img000910.jpg,6,cips-ffhq
img002194.jpg,cips/cips-ffhq/img002194.jpg,6,cips-ffhq
img001103.jpg,cips/cips-ffhq/img001103.jpg,6,cips-ffhq
img002112.jpg,cips/cips-ffhq/img002112.jpg,6,cips-ffhq
img002477.jpg,cips/cips-ffhq/img002477.jpg,6,cips-ffhq
img004166.jpg,cips/cips-ffhq/img004166.jpg,6,cips-ffhq
img001667.jpg,cips/cips-ffhq/img001667.jpg,6,cips-ffhq
img001088.jpg,cips/cips-ffhq/img001088.jpg,6,cips-ffhq
img000124.jpg,cips/cips-ffhq/img000124.jpg,6,cips-ffhq
img000388.jpg,cips/cips-ffhq/img000388.jpg,6,cips-ffhq
img000870.jpg,cips/cips-ffhq/img000870.jpg,6,cips-ffhq
img003769.jpg,cips/cips-ffhq/img003769.jpg,6,cips-ffhq
img000270.jpg,cips/cips-ffhq/img000270.jpg,6,cips-ffhq
img002034.jpg,cips/cips-ffhq/img002034.jpg,6,cips-ffhq
img000544.jpg,cips/cips-ffhq/img000544.jpg,6,cips-ffhq
img001064.jpg,cips/cips-ffhq/img001064.jpg,6,cips-ffhq
img002992.jpg,cips/cips-ffhq/img002992.jpg,6,cips-ffhq
img003627.jpg,cips/cips-ffhq/img003627.jpg,6,cips-ffhq
img003728.jpg,cips/cips-ffhq/img003728.jpg,6,cips-ffhq
img004432.jpg,cips/cips-ffhq/img004432.jpg,6,cips-ffhq
img003463.jpg,cips/cips-ffhq/img003463.jpg,6,cips-ffhq
img002786.jpg,cips/cips-ffhq/img002786.jpg,6,cips-ffhq
img001855.jpg,cips/cips-ffhq/img001855.jpg,6,cips-ffhq
img003744.jpg,cips/cips-ffhq/img003744.jpg,6,cips-ffhq
img003068.jpg,cips/cips-ffhq/img003068.jpg,6,cips-ffhq
img002318.jpg,cips/cips-ffhq/img002318.jpg,6,cips-ffhq
img002471.jpg,cips/cips-ffhq/img002471.jpg,6,cips-ffhq
img001638.jpg,cips/cips-ffhq/img001638.jpg,6,cips-ffhq
img001500.jpg,cips/cips-ffhq/img001500.jpg,6,cips-ffhq
img003491.jpg,cips/cips-ffhq/img003491.jpg,6,cips-ffhq
img004157.jpg,cips/cips-ffhq/img004157.jpg,6,cips-ffhq
img004621.jpg,cips/cips-ffhq/img004621.jpg,6,cips-ffhq
img003129.jpg,cips/cips-ffhq/img003129.jpg,6,cips-ffhq
img002311.jpg,cips/cips-ffhq/img002311.jpg,6,cips-ffhq
img001463.jpg,cips/cips-ffhq/img001463.jpg,6,cips-ffhq
img001196.jpg,cips/cips-ffhq/img001196.jpg,6,cips-ffhq
img003870.jpg,cips/cips-ffhq/img003870.jpg,6,cips-ffhq
img002337.jpg,cips/cips-ffhq/img002337.jpg,6,cips-ffhq
img004502.jpg,cips/cips-ffhq/img004502.jpg,6,cips-ffhq
img003179.jpg,cips/cips-ffhq/img003179.jpg,6,cips-ffhq
img001639.jpg,cips/cips-ffhq/img001639.jpg,6,cips-ffhq
img000276.jpg,cips/cips-ffhq/img000276.jpg,6,cips-ffhq
img001532.jpg,cips/cips-ffhq/img001532.jpg,6,cips-ffhq
img004248.jpg,cips/cips-ffhq/img004248.jpg,6,cips-ffhq
img000474.jpg,cips/cips-ffhq/img000474.jpg,6,cips-ffhq
img000283.jpg,cips/cips-ffhq/img000283.jpg,6,cips-ffhq
img002193.jpg,cips/cips-ffhq/img002193.jpg,6,cips-ffhq
img003674.jpg,cips/cips-ffhq/img003674.jpg,6,cips-ffhq
img002294.jpg,cips/cips-ffhq/img002294.jpg,6,cips-ffhq
img004646.jpg,cips/cips-ffhq/img004646.jpg,6,cips-ffhq
img000682.jpg,cips/cips-ffhq/img000682.jpg,6,cips-ffhq
img004551.jpg,cips/cips-ffhq/img004551.jpg,6,cips-ffhq
img002051.jpg,cips/cips-ffhq/img002051.jpg,6,cips-ffhq
img002371.jpg,cips/cips-ffhq/img002371.jpg,6,cips-ffhq
img001159.jpg,cips/cips-ffhq/img001159.jpg,6,cips-ffhq
img001192.jpg,cips/cips-ffhq/img001192.jpg,6,cips-ffhq
img003715.jpg,cips/cips-ffhq/img003715.jpg,6,cips-ffhq
img003816.jpg,cips/cips-ffhq/img003816.jpg,6,cips-ffhq
img000074.jpg,cips/cips-ffhq/img000074.jpg,6,cips-ffhq
img001625.jpg,cips/cips-ffhq/img001625.jpg,6,cips-ffhq
img004445.jpg,cips/cips-ffhq/img004445.jpg,6,cips-ffhq
img001824.jpg,cips/cips-ffhq/img001824.jpg,6,cips-ffhq
img001251.jpg,cips/cips-ffhq/img001251.jpg,6,cips-ffhq
img002966.jpg,cips/cips-ffhq/img002966.jpg,6,cips-ffhq
img002720.jpg,cips/cips-ffhq/img002720.jpg,6,cips-ffhq
img000226.jpg,cips/cips-ffhq/img000226.jpg,6,cips-ffhq
img001089.jpg,cips/cips-ffhq/img001089.jpg,6,cips-ffhq
img002578.jpg,cips/cips-ffhq/img002578.jpg,6,cips-ffhq
img002566.jpg,cips/cips-ffhq/img002566.jpg,6,cips-ffhq
img004424.jpg,cips/cips-ffhq/img004424.jpg,6,cips-ffhq
img001630.jpg,cips/cips-ffhq/img001630.jpg,6,cips-ffhq
img002951.jpg,cips/cips-ffhq/img002951.jpg,6,cips-ffhq
img004594.jpg,cips/cips-ffhq/img004594.jpg,6,cips-ffhq
img002791.jpg,cips/cips-ffhq/img002791.jpg,6,cips-ffhq
img003505.jpg,cips/cips-ffhq/img003505.jpg,6,cips-ffhq
img003786.jpg,cips/cips-ffhq/img003786.jpg,6,cips-ffhq
img000906.jpg,cips/cips-ffhq/img000906.jpg,6,cips-ffhq
img003099.jpg,cips/cips-ffhq/img003099.jpg,6,cips-ffhq
img000437.jpg,cips/cips-ffhq/img000437.jpg,6,cips-ffhq
img001093.jpg,cips/cips-ffhq/img001093.jpg,6,cips-ffhq
img001194.jpg,cips/cips-ffhq/img001194.jpg,6,cips-ffhq
img002204.jpg,cips/cips-ffhq/img002204.jpg,6,cips-ffhq
img003632.jpg,cips/cips-ffhq/img003632.jpg,6,cips-ffhq
img003422.jpg,cips/cips-ffhq/img003422.jpg,6,cips-ffhq
img001815.jpg,cips/cips-ffhq/img001815.jpg,6,cips-ffhq
img003562.jpg,cips/cips-ffhq/img003562.jpg,6,cips-ffhq
img000931.jpg,cips/cips-ffhq/img000931.jpg,6,cips-ffhq
img000543.jpg,cips/cips-ffhq/img000543.jpg,6,cips-ffhq
img003784.jpg,cips/cips-ffhq/img003784.jpg,6,cips-ffhq
img003263.jpg,cips/cips-ffhq/img003263.jpg,6,cips-ffhq
img004341.jpg,cips/cips-ffhq/img004341.jpg,6,cips-ffhq
img000121.jpg,cips/cips-ffhq/img000121.jpg,6,cips-ffhq
img002821.jpg,cips/cips-ffhq/img002821.jpg,6,cips-ffhq
img000766.jpg,cips/cips-ffhq/img000766.jpg,6,cips-ffhq
img000686.jpg,cips/cips-ffhq/img000686.jpg,6,cips-ffhq
img004031.jpg,cips/cips-ffhq/img004031.jpg,6,cips-ffhq
img001844.jpg,cips/cips-ffhq/img001844.jpg,6,cips-ffhq
img003220.jpg,cips/cips-ffhq/img003220.jpg,6,cips-ffhq
img000760.jpg,cips/cips-ffhq/img000760.jpg,6,cips-ffhq
img002931.jpg,cips/cips-ffhq/img002931.jpg,6,cips-ffhq
img003122.jpg,cips/cips-ffhq/img003122.jpg,6,cips-ffhq
img000963.jpg,cips/cips-ffhq/img000963.jpg,6,cips-ffhq
img000030.jpg,cips/cips-ffhq/img000030.jpg,6,cips-ffhq
img002865.jpg,cips/cips-ffhq/img002865.jpg,6,cips-ffhq
img000556.jpg,cips/cips-ffhq/img000556.jpg,6,cips-ffhq
img001329.jpg,cips/cips-ffhq/img001329.jpg,6,cips-ffhq
img000001.jpg,cips/cips-ffhq/img000001.jpg,6,cips-ffhq
img001383.jpg,cips/cips-ffhq/img001383.jpg,6,cips-ffhq
img002589.jpg,cips/cips-ffhq/img002589.jpg,6,cips-ffhq
img001280.jpg,cips/cips-ffhq/img001280.jpg,6,cips-ffhq
img002591.jpg,cips/cips-ffhq/img002591.jpg,6,cips-ffhq
img004517.jpg,cips/cips-ffhq/img004517.jpg,6,cips-ffhq
img001685.jpg,cips/cips-ffhq/img001685.jpg,6,cips-ffhq
img002565.jpg,cips/cips-ffhq/img002565.jpg,6,cips-ffhq
img002436.jpg,cips/cips-ffhq/img002436.jpg,6,cips-ffhq
img003119.jpg,cips/cips-ffhq/img003119.jpg,6,cips-ffhq
img003664.jpg,cips/cips-ffhq/img003664.jpg,6,cips-ffhq
img003874.jpg,cips/cips-ffhq/img003874.jpg,6,cips-ffhq
img004402.jpg,cips/cips-ffhq/img004402.jpg,6,cips-ffhq
img000692.jpg,cips/cips-ffhq/img000692.jpg,6,cips-ffhq
img003219.jpg,cips/cips-ffhq/img003219.jpg,6,cips-ffhq
img000640.jpg,cips/cips-ffhq/img000640.jpg,6,cips-ffhq
img004295.jpg,cips/cips-ffhq/img004295.jpg,6,cips-ffhq
img002472.jpg,cips/cips-ffhq/img002472.jpg,6,cips-ffhq
img001892.jpg,cips/cips-ffhq/img001892.jpg,6,cips-ffhq
img003137.jpg,cips/cips-ffhq/img003137.jpg,6,cips-ffhq
img004615.jpg,cips/cips-ffhq/img004615.jpg,6,cips-ffhq
img003583.jpg,cips/cips-ffhq/img003583.jpg,6,cips-ffhq
img001984.jpg,cips/cips-ffhq/img001984.jpg,6,cips-ffhq
img001623.jpg,cips/cips-ffhq/img001623.jpg,6,cips-ffhq
img001048.jpg,cips/cips-ffhq/img001048.jpg,6,cips-ffhq
img002789.jpg,cips/cips-ffhq/img002789.jpg,6,cips-ffhq
img001498.jpg,cips/cips-ffhq/img001498.jpg,6,cips-ffhq
img001697.jpg,cips/cips-ffhq/img001697.jpg,6,cips-ffhq
img002894.jpg,cips/cips-ffhq/img002894.jpg,6,cips-ffhq
img003951.jpg,cips/cips-ffhq/img003951.jpg,6,cips-ffhq
img002316.jpg,cips/cips-ffhq/img002316.jpg,6,cips-ffhq
img004126.jpg,cips/cips-ffhq/img004126.jpg,6,cips-ffhq
img000238.jpg,cips/cips-ffhq/img000238.jpg,6,cips-ffhq
img000923.jpg,cips/cips-ffhq/img000923.jpg,6,cips-ffhq
img001915.jpg,cips/cips-ffhq/img001915.jpg,6,cips-ffhq
img001684.jpg,cips/cips-ffhq/img001684.jpg,6,cips-ffhq
img000764.jpg,cips/cips-ffhq/img000764.jpg,6,cips-ffhq
img001538.jpg,cips/cips-ffhq/img001538.jpg,6,cips-ffhq
img003530.jpg,cips/cips-ffhq/img003530.jpg,6,cips-ffhq
img002429.jpg,cips/cips-ffhq/img002429.jpg,6,cips-ffhq
img002236.jpg,cips/cips-ffhq/img002236.jpg,6,cips-ffhq
img003080.jpg,cips/cips-ffhq/img003080.jpg,6,cips-ffhq
img002482.jpg,cips/cips-ffhq/img002482.jpg,6,cips-ffhq
img001750.jpg,cips/cips-ffhq/img001750.jpg,6,cips-ffhq
img000467.jpg,cips/cips-ffhq/img000467.jpg,6,cips-ffhq
img000376.jpg,cips/cips-ffhq/img000376.jpg,6,cips-ffhq
img003605.jpg,cips/cips-ffhq/img003605.jpg,6,cips-ffhq
img001863.jpg,cips/cips-ffhq/img001863.jpg,6,cips-ffhq
img003869.jpg,cips/cips-ffhq/img003869.jpg,6,cips-ffhq
img000967.jpg,cips/cips-ffhq/img000967.jpg,6,cips-ffhq
img001786.jpg,cips/cips-ffhq/img001786.jpg,6,cips-ffhq
img000465.jpg,cips/cips-ffhq/img000465.jpg,6,cips-ffhq
img003416.jpg,cips/cips-ffhq/img003416.jpg,6,cips-ffhq
img000148.jpg,cips/cips-ffhq/img000148.jpg,6,cips-ffhq
img004696.jpg,cips/cips-ffhq/img004696.jpg,6,cips-ffhq
img003098.jpg,cips/cips-ffhq/img003098.jpg,6,cips-ffhq
img004602.jpg,cips/cips-ffhq/img004602.jpg,6,cips-ffhq
img003761.jpg,cips/cips-ffhq/img003761.jpg,6,cips-ffhq
img001049.jpg,cips/cips-ffhq/img001049.jpg,6,cips-ffhq
img000531.jpg,cips/cips-ffhq/img000531.jpg,6,cips-ffhq
img001773.jpg,cips/cips-ffhq/img001773.jpg,6,cips-ffhq
img002181.jpg,cips/cips-ffhq/img002181.jpg,6,cips-ffhq
img003780.jpg,cips/cips-ffhq/img003780.jpg,6,cips-ffhq
img003031.jpg,cips/cips-ffhq/img003031.jpg,6,cips-ffhq
img000827.jpg,cips/cips-ffhq/img000827.jpg,6,cips-ffhq
img000934.jpg,cips/cips-ffhq/img000934.jpg,6,cips-ffhq
img000767.jpg,cips/cips-ffhq/img000767.jpg,6,cips-ffhq
img001537.jpg,cips/cips-ffhq/img001537.jpg,6,cips-ffhq
img000372.jpg,cips/cips-ffhq/img000372.jpg,6,cips-ffhq
img002912.jpg,cips/cips-ffhq/img002912.jpg,6,cips-ffhq
img001836.jpg,cips/cips-ffhq/img001836.jpg,6,cips-ffhq
img001862.jpg,cips/cips-ffhq/img001862.jpg,6,cips-ffhq
img003892.jpg,cips/cips-ffhq/img003892.jpg,6,cips-ffhq
img002741.jpg,cips/cips-ffhq/img002741.jpg,6,cips-ffhq
img004464.jpg,cips/cips-ffhq/img004464.jpg,6,cips-ffhq
img000744.jpg,cips/cips-ffhq/img000744.jpg,6,cips-ffhq
img003212.jpg,cips/cips-ffhq/img003212.jpg,6,cips-ffhq
img003199.jpg,cips/cips-ffhq/img003199.jpg,6,cips-ffhq
img001603.jpg,cips/cips-ffhq/img001603.jpg,6,cips-ffhq
img000082.jpg,cips/cips-ffhq/img000082.jpg,6,cips-ffhq
img003743.jpg,cips/cips-ffhq/img003743.jpg,6,cips-ffhq
img002806.jpg,cips/cips-ffhq/img002806.jpg,6,cips-ffhq
img003203.jpg,cips/cips-ffhq/img003203.jpg,6,cips-ffhq
img000769.jpg,cips/cips-ffhq/img000769.jpg,6,cips-ffhq
img001390.jpg,cips/cips-ffhq/img001390.jpg,6,cips-ffhq
img000861.jpg,cips/cips-ffhq/img000861.jpg,6,cips-ffhq
img001517.jpg,cips/cips-ffhq/img001517.jpg,6,cips-ffhq
img001737.jpg,cips/cips-ffhq/img001737.jpg,6,cips-ffhq
img002293.jpg,cips/cips-ffhq/img002293.jpg,6,cips-ffhq
img001510.jpg,cips/cips-ffhq/img001510.jpg,6,cips-ffhq
img000774.jpg,cips/cips-ffhq/img000774.jpg,6,cips-ffhq
img003006.jpg,cips/cips-ffhq/img003006.jpg,6,cips-ffhq
img002428.jpg,cips/cips-ffhq/img002428.jpg,6,cips-ffhq
img001460.jpg,cips/cips-ffhq/img001460.jpg,6,cips-ffhq
img000446.jpg,cips/cips-ffhq/img000446.jpg,6,cips-ffhq
img003084.jpg,cips/cips-ffhq/img003084.jpg,6,cips-ffhq
img000119.jpg,cips/cips-ffhq/img000119.jpg,6,cips-ffhq
img000907.jpg,cips/cips-ffhq/img000907.jpg,6,cips-ffhq
img003147.jpg,cips/cips-ffhq/img003147.jpg,6,cips-ffhq
img003802.jpg,cips/cips-ffhq/img003802.jpg,6,cips-ffhq
img000174.jpg,cips/cips-ffhq/img000174.jpg,6,cips-ffhq
img000241.jpg,cips/cips-ffhq/img000241.jpg,6,cips-ffhq
img000295.jpg,cips/cips-ffhq/img000295.jpg,6,cips-ffhq
img001085.jpg,cips/cips-ffhq/img001085.jpg,6,cips-ffhq
img001781.jpg,cips/cips-ffhq/img001781.jpg,6,cips-ffhq
img004352.jpg,cips/cips-ffhq/img004352.jpg,6,cips-ffhq
img001394.jpg,cips/cips-ffhq/img001394.jpg,6,cips-ffhq
img002640.jpg,cips/cips-ffhq/img002640.jpg,6,cips-ffhq
img004364.jpg,cips/cips-ffhq/img004364.jpg,6,cips-ffhq
img000628.jpg,cips/cips-ffhq/img000628.jpg,6,cips-ffhq
img004129.jpg,cips/cips-ffhq/img004129.jpg,6,cips-ffhq
img001148.jpg,cips/cips-ffhq/img001148.jpg,6,cips-ffhq
img003661.jpg,cips/cips-ffhq/img003661.jpg,6,cips-ffhq
img001723.jpg,cips/cips-ffhq/img001723.jpg,6,cips-ffhq
img003457.jpg,cips/cips-ffhq/img003457.jpg,6,cips-ffhq
img001549.jpg,cips/cips-ffhq/img001549.jpg,6,cips-ffhq
img004010.jpg,cips/cips-ffhq/img004010.jpg,6,cips-ffhq
img002244.jpg,cips/cips-ffhq/img002244.jpg,6,cips-ffhq
img002979.jpg,cips/cips-ffhq/img002979.jpg,6,cips-ffhq
img003604.jpg,cips/cips-ffhq/img003604.jpg,6,cips-ffhq
img001173.jpg,cips/cips-ffhq/img001173.jpg,6,cips-ffhq
img003624.jpg,cips/cips-ffhq/img003624.jpg,6,cips-ffhq
img002829.jpg,cips/cips-ffhq/img002829.jpg,6,cips-ffhq
img000484.jpg,cips/cips-ffhq/img000484.jpg,6,cips-ffhq
img003458.jpg,cips/cips-ffhq/img003458.jpg,6,cips-ffhq
img000856.jpg,cips/cips-ffhq/img000856.jpg,6,cips-ffhq
img002038.jpg,cips/cips-ffhq/img002038.jpg,6,cips-ffhq
img002845.jpg,cips/cips-ffhq/img002845.jpg,6,cips-ffhq
img000677.jpg,cips/cips-ffhq/img000677.jpg,6,cips-ffhq
img002036.jpg,cips/cips-ffhq/img002036.jpg,6,cips-ffhq
img000847.jpg,cips/cips-ffhq/img000847.jpg,6,cips-ffhq
img000151.jpg,cips/cips-ffhq/img000151.jpg,6,cips-ffhq
img003395.jpg,cips/cips-ffhq/img003395.jpg,6,cips-ffhq
img003298.jpg,cips/cips-ffhq/img003298.jpg,6,cips-ffhq
img000211.jpg,cips/cips-ffhq/img000211.jpg,6,cips-ffhq
img000418.jpg,cips/cips-ffhq/img000418.jpg,6,cips-ffhq
img002852.jpg,cips/cips-ffhq/img002852.jpg,6,cips-ffhq
img000464.jpg,cips/cips-ffhq/img000464.jpg,6,cips-ffhq
img000730.jpg,cips/cips-ffhq/img000730.jpg,6,cips-ffhq
img002705.jpg,cips/cips-ffhq/img002705.jpg,6,cips-ffhq
img004246.jpg,cips/cips-ffhq/img004246.jpg,6,cips-ffhq
img003086.jpg,cips/cips-ffhq/img003086.jpg,6,cips-ffhq
img002418.jpg,cips/cips-ffhq/img002418.jpg,6,cips-ffhq
img000721.jpg,cips/cips-ffhq/img000721.jpg,6,cips-ffhq
img000412.jpg,cips/cips-ffhq/img000412.jpg,6,cips-ffhq
img001145.jpg,cips/cips-ffhq/img001145.jpg,6,cips-ffhq
img001887.jpg,cips/cips-ffhq/img001887.jpg,6,cips-ffhq
img003153.jpg,cips/cips-ffhq/img003153.jpg,6,cips-ffhq
img004254.jpg,cips/cips-ffhq/img004254.jpg,6,cips-ffhq
img000596.jpg,cips/cips-ffhq/img000596.jpg,6,cips-ffhq
img001008.jpg,cips/cips-ffhq/img001008.jpg,6,cips-ffhq
img002342.jpg,cips/cips-ffhq/img002342.jpg,6,cips-ffhq
img001429.jpg,cips/cips-ffhq/img001429.jpg,6,cips-ffhq
img002473.jpg,cips/cips-ffhq/img002473.jpg,6,cips-ffhq
img004333.jpg,cips/cips-ffhq/img004333.jpg,6,cips-ffhq
img003299.jpg,cips/cips-ffhq/img003299.jpg,6,cips-ffhq
img001928.jpg,cips/cips-ffhq/img001928.jpg,6,cips-ffhq
img000450.jpg,cips/cips-ffhq/img000450.jpg,6,cips-ffhq
img001812.jpg,cips/cips-ffhq/img001812.jpg,6,cips-ffhq
img003162.jpg,cips/cips-ffhq/img003162.jpg,6,cips-ffhq
img001355.jpg,cips/cips-ffhq/img001355.jpg,6,cips-ffhq
img002697.jpg,cips/cips-ffhq/img002697.jpg,6,cips-ffhq
img003469.jpg,cips/cips-ffhq/img003469.jpg,6,cips-ffhq
img003022.jpg,cips/cips-ffhq/img003022.jpg,6,cips-ffhq
img004522.jpg,cips/cips-ffhq/img004522.jpg,6,cips-ffhq
img000252.jpg,cips/cips-ffhq/img000252.jpg,6,cips-ffhq
img002620.jpg,cips/cips-ffhq/img002620.jpg,6,cips-ffhq
img002863.jpg,cips/cips-ffhq/img002863.jpg,6,cips-ffhq
img001762.jpg,cips/cips-ffhq/img001762.jpg,6,cips-ffhq
img001967.jpg,cips/cips-ffhq/img001967.jpg,6,cips-ffhq
img003453.jpg,cips/cips-ffhq/img003453.jpg,6,cips-ffhq
img001655.jpg,cips/cips-ffhq/img001655.jpg,6,cips-ffhq
img003378.jpg,cips/cips-ffhq/img003378.jpg,6,cips-ffhq
img000777.jpg,cips/cips-ffhq/img000777.jpg,6,cips-ffhq
img004272.jpg,cips/cips-ffhq/img004272.jpg,6,cips-ffhq
img003765.jpg,cips/cips-ffhq/img003765.jpg,6,cips-ffhq
img003363.jpg,cips/cips-ffhq/img003363.jpg,6,cips-ffhq
img004644.jpg,cips/cips-ffhq/img004644.jpg,6,cips-ffhq
img001294.jpg,cips/cips-ffhq/img001294.jpg,6,cips-ffhq
img002585.jpg,cips/cips-ffhq/img002585.jpg,6,cips-ffhq
img000141.jpg,cips/cips-ffhq/img000141.jpg,6,cips-ffhq
img002799.jpg,cips/cips-ffhq/img002799.jpg,6,cips-ffhq
img004282.jpg,cips/cips-ffhq/img004282.jpg,6,cips-ffhq
img002902.jpg,cips/cips-ffhq/img002902.jpg,6,cips-ffhq
img002516.jpg,cips/cips-ffhq/img002516.jpg,6,cips-ffhq
img001388.jpg,cips/cips-ffhq/img001388.jpg,6,cips-ffhq
img000310.jpg,cips/cips-ffhq/img000310.jpg,6,cips-ffhq
img003901.jpg,cips/cips-ffhq/img003901.jpg,6,cips-ffhq
img002675.jpg,cips/cips-ffhq/img002675.jpg,6,cips-ffhq
img003145.jpg,cips/cips-ffhq/img003145.jpg,6,cips-ffhq
img002126.jpg,cips/cips-ffhq/img002126.jpg,6,cips-ffhq
img003104.jpg,cips/cips-ffhq/img003104.jpg,6,cips-ffhq
img003089.jpg,cips/cips-ffhq/img003089.jpg,6,cips-ffhq
img003536.jpg,cips/cips-ffhq/img003536.jpg,6,cips-ffhq
img004724.jpg,cips/cips-ffhq/img004724.jpg,6,cips-ffhq
img002199.jpg,cips/cips-ffhq/img002199.jpg,6,cips-ffhq
img000951.jpg,cips/cips-ffhq/img000951.jpg,6,cips-ffhq
img001303.jpg,cips/cips-ffhq/img001303.jpg,6,cips-ffhq
img002629.jpg,cips/cips-ffhq/img002629.jpg,6,cips-ffhq
img003807.jpg,cips/cips-ffhq/img003807.jpg,6,cips-ffhq
img001792.jpg,cips/cips-ffhq/img001792.jpg,6,cips-ffhq
img002335.jpg,cips/cips-ffhq/img002335.jpg,6,cips-ffhq
img000617.jpg,cips/cips-ffhq/img000617.jpg,6,cips-ffhq
img000367.jpg,cips/cips-ffhq/img000367.jpg,6,cips-ffhq
img000885.jpg,cips/cips-ffhq/img000885.jpg,6,cips-ffhq
img004360.jpg,cips/cips-ffhq/img004360.jpg,6,cips-ffhq
img004181.jpg,cips/cips-ffhq/img004181.jpg,6,cips-ffhq
img002408.jpg,cips/cips-ffhq/img002408.jpg,6,cips-ffhq
img002136.jpg,cips/cips-ffhq/img002136.jpg,6,cips-ffhq
img002873.jpg,cips/cips-ffhq/img002873.jpg,6,cips-ffhq
img001414.jpg,cips/cips-ffhq/img001414.jpg,6,cips-ffhq
img002652.jpg,cips/cips-ffhq/img002652.jpg,6,cips-ffhq
img003650.jpg,cips/cips-ffhq/img003650.jpg,6,cips-ffhq
img001480.jpg,cips/cips-ffhq/img001480.jpg,6,cips-ffhq
img000027.jpg,cips/cips-ffhq/img000027.jpg,6,cips-ffhq
img002886.jpg,cips/cips-ffhq/img002886.jpg,6,cips-ffhq
img004093.jpg,cips/cips-ffhq/img004093.jpg,6,cips-ffhq
img002487.jpg,cips/cips-ffhq/img002487.jpg,6,cips-ffhq
img004397.jpg,cips/cips-ffhq/img004397.jpg,6,cips-ffhq
img002336.jpg,cips/cips-ffhq/img002336.jpg,6,cips-ffhq
img001895.jpg,cips/cips-ffhq/img001895.jpg,6,cips-ffhq
img004675.jpg,cips/cips-ffhq/img004675.jpg,6,cips-ffhq
img000663.jpg,cips/cips-ffhq/img000663.jpg,6,cips-ffhq
img004732.jpg,cips/cips-ffhq/img004732.jpg,6,cips-ffhq
img001025.jpg,cips/cips-ffhq/img001025.jpg,6,cips-ffhq
img001917.jpg,cips/cips-ffhq/img001917.jpg,6,cips-ffhq
img001249.jpg,cips/cips-ffhq/img001249.jpg,6,cips-ffhq
img000756.jpg,cips/cips-ffhq/img000756.jpg,6,cips-ffhq
img004011.jpg,cips/cips-ffhq/img004011.jpg,6,cips-ffhq
img001943.jpg,cips/cips-ffhq/img001943.jpg,6,cips-ffhq
img004168.jpg,cips/cips-ffhq/img004168.jpg,6,cips-ffhq
img000075.jpg,cips/cips-ffhq/img000075.jpg,6,cips-ffhq
img002466.jpg,cips/cips-ffhq/img002466.jpg,6,cips-ffhq
img002338.jpg,cips/cips-ffhq/img002338.jpg,6,cips-ffhq
img003983.jpg,cips/cips-ffhq/img003983.jpg,6,cips-ffhq
img003884.jpg,cips/cips-ffhq/img003884.jpg,6,cips-ffhq
img004336.jpg,cips/cips-ffhq/img004336.jpg,6,cips-ffhq
img002075.jpg,cips/cips-ffhq/img002075.jpg,6,cips-ffhq
img004021.jpg,cips/cips-ffhq/img004021.jpg,6,cips-ffhq
img001806.jpg,cips/cips-ffhq/img001806.jpg,6,cips-ffhq
img001125.jpg,cips/cips-ffhq/img001125.jpg,6,cips-ffhq
img002042.jpg,cips/cips-ffhq/img002042.jpg,6,cips-ffhq
img001003.jpg,cips/cips-ffhq/img001003.jpg,6,cips-ffhq
img000079.jpg,cips/cips-ffhq/img000079.jpg,6,cips-ffhq
img001687.jpg,cips/cips-ffhq/img001687.jpg,6,cips-ffhq
img003785.jpg,cips/cips-ffhq/img003785.jpg,6,cips-ffhq
img000771.jpg,cips/cips-ffhq/img000771.jpg,6,cips-ffhq
img000086.jpg,cips/cips-ffhq/img000086.jpg,6,cips-ffhq
img002740.jpg,cips/cips-ffhq/img002740.jpg,6,cips-ffhq
img001328.jpg,cips/cips-ffhq/img001328.jpg,6,cips-ffhq
img003142.jpg,cips/cips-ffhq/img003142.jpg,6,cips-ffhq
img000277.jpg,cips/cips-ffhq/img000277.jpg,6,cips-ffhq
img004381.jpg,cips/cips-ffhq/img004381.jpg,6,cips-ffhq
img002325.jpg,cips/cips-ffhq/img002325.jpg,6,cips-ffhq
img000225.jpg,cips/cips-ffhq/img000225.jpg,6,cips-ffhq
img000520.jpg,cips/cips-ffhq/img000520.jpg,6,cips-ffhq
img004263.jpg,cips/cips-ffhq/img004263.jpg,6,cips-ffhq
img001962.jpg,cips/cips-ffhq/img001962.jpg,6,cips-ffhq
img002008.jpg,cips/cips-ffhq/img002008.jpg,6,cips-ffhq
img003127.jpg,cips/cips-ffhq/img003127.jpg,6,cips-ffhq
img001695.jpg,cips/cips-ffhq/img001695.jpg,6,cips-ffhq
img003337.jpg,cips/cips-ffhq/img003337.jpg,6,cips-ffhq
img001121.jpg,cips/cips-ffhq/img001121.jpg,6,cips-ffhq
img002794.jpg,cips/cips-ffhq/img002794.jpg,6,cips-ffhq
img004501.jpg,cips/cips-ffhq/img004501.jpg,6,cips-ffhq
img000002.jpg,cips/cips-ffhq/img000002.jpg,6,cips-ffhq
img002363.jpg,cips/cips-ffhq/img002363.jpg,6,cips-ffhq
img003488.jpg,cips/cips-ffhq/img003488.jpg,6,cips-ffhq
img002423.jpg,cips/cips-ffhq/img002423.jpg,6,cips-ffhq
img002098.jpg,cips/cips-ffhq/img002098.jpg,6,cips-ffhq
img002413.jpg,cips/cips-ffhq/img002413.jpg,6,cips-ffhq
img004355.jpg,cips/cips-ffhq/img004355.jpg,6,cips-ffhq
img004388.jpg,cips/cips-ffhq/img004388.jpg,6,cips-ffhq
img002571.jpg,cips/cips-ffhq/img002571.jpg,6,cips-ffhq
img004537.jpg,cips/cips-ffhq/img004537.jpg,6,cips-ffhq
img004009.jpg,cips/cips-ffhq/img004009.jpg,6,cips-ffhq
img002147.jpg,cips/cips-ffhq/img002147.jpg,6,cips-ffhq
img004078.jpg,cips/cips-ffhq/img004078.jpg,6,cips-ffhq
img001529.jpg,cips/cips-ffhq/img001529.jpg,6,cips-ffhq
img001965.jpg,cips/cips-ffhq/img001965.jpg,6,cips-ffhq
img004006.jpg,cips/cips-ffhq/img004006.jpg,6,cips-ffhq
img001576.jpg,cips/cips-ffhq/img001576.jpg,6,cips-ffhq
img001207.jpg,cips/cips-ffhq/img001207.jpg,6,cips-ffhq
img000344.jpg,cips/cips-ffhq/img000344.jpg,6,cips-ffhq
img003441.jpg,cips/cips-ffhq/img003441.jpg,6,cips-ffhq
img001901.jpg,cips/cips-ffhq/img001901.jpg,6,cips-ffhq
img003251.jpg,cips/cips-ffhq/img003251.jpg,6,cips-ffhq
img002291.jpg,cips/cips-ffhq/img002291.jpg,6,cips-ffhq
img001635.jpg,cips/cips-ffhq/img001635.jpg,6,cips-ffhq
img001854.jpg,cips/cips-ffhq/img001854.jpg,6,cips-ffhq
img004718.jpg,cips/cips-ffhq/img004718.jpg,6,cips-ffhq
img002671.jpg,cips/cips-ffhq/img002671.jpg,6,cips-ffhq
img000710.jpg,cips/cips-ffhq/img000710.jpg,6,cips-ffhq
img004695.jpg,cips/cips-ffhq/img004695.jpg,6,cips-ffhq
img004676.jpg,cips/cips-ffhq/img004676.jpg,6,cips-ffhq
img002152.jpg,cips/cips-ffhq/img002152.jpg,6,cips-ffhq
img003567.jpg,cips/cips-ffhq/img003567.jpg,6,cips-ffhq
img003585.jpg,cips/cips-ffhq/img003585.jpg,6,cips-ffhq
img000003.jpg,cips/cips-ffhq/img000003.jpg,6,cips-ffhq
img004750.jpg,cips/cips-ffhq/img004750.jpg,6,cips-ffhq
img003726.jpg,cips/cips-ffhq/img003726.jpg,6,cips-ffhq
img004303.jpg,cips/cips-ffhq/img004303.jpg,6,cips-ffhq
img001227.jpg,cips/cips-ffhq/img001227.jpg,6,cips-ffhq
img002355.jpg,cips/cips-ffhq/img002355.jpg,6,cips-ffhq
img002192.jpg,cips/cips-ffhq/img002192.jpg,6,cips-ffhq
img001404.jpg,cips/cips-ffhq/img001404.jpg,6,cips-ffhq
img000161.jpg,cips/cips-ffhq/img000161.jpg,6,cips-ffhq
img004584.jpg,cips/cips-ffhq/img004584.jpg,6,cips-ffhq
img004074.jpg,cips/cips-ffhq/img004074.jpg,6,cips-ffhq
img003345.jpg,cips/cips-ffhq/img003345.jpg,6,cips-ffhq
img000566.jpg,cips/cips-ffhq/img000566.jpg,6,cips-ffhq
img001906.jpg,cips/cips-ffhq/img001906.jpg,6,cips-ffhq
img004543.jpg,cips/cips-ffhq/img004543.jpg,6,cips-ffhq
img002957.jpg,cips/cips-ffhq/img002957.jpg,6,cips-ffhq
img004789.jpg,cips/cips-ffhq/img004789.jpg,6,cips-ffhq
img004635.jpg,cips/cips-ffhq/img004635.jpg,6,cips-ffhq
img004568.jpg,cips/cips-ffhq/img004568.jpg,6,cips-ffhq
img000389.jpg,cips/cips-ffhq/img000389.jpg,6,cips-ffhq
img004725.jpg,cips/cips-ffhq/img004725.jpg,6,cips-ffhq
img003042.jpg,cips/cips-ffhq/img003042.jpg,6,cips-ffhq
img002364.jpg,cips/cips-ffhq/img002364.jpg,6,cips-ffhq
img001518.jpg,cips/cips-ffhq/img001518.jpg,6,cips-ffhq
img001110.jpg,cips/cips-ffhq/img001110.jpg,6,cips-ffhq
img004614.jpg,cips/cips-ffhq/img004614.jpg,6,cips-ffhq
img001075.jpg,cips/cips-ffhq/img001075.jpg,6,cips-ffhq
img002089.jpg,cips/cips-ffhq/img002089.jpg,6,cips-ffhq
img001488.jpg,cips/cips-ffhq/img001488.jpg,6,cips-ffhq
img001893.jpg,cips/cips-ffhq/img001893.jpg,6,cips-ffhq
img001160.jpg,cips/cips-ffhq/img001160.jpg,6,cips-ffhq
img004484.jpg,cips/cips-ffhq/img004484.jpg,6,cips-ffhq
img000442.jpg,cips/cips-ffhq/img000442.jpg,6,cips-ffhq
img002935.jpg,cips/cips-ffhq/img002935.jpg,6,cips-ffhq
img001487.jpg,cips/cips-ffhq/img001487.jpg,6,cips-ffhq
img002954.jpg,cips/cips-ffhq/img002954.jpg,6,cips-ffhq
img000065.jpg,cips/cips-ffhq/img000065.jpg,6,cips-ffhq
img003647.jpg,cips/cips-ffhq/img003647.jpg,6,cips-ffhq
img001609.jpg,cips/cips-ffhq/img001609.jpg,6,cips-ffhq
img004067.jpg,cips/cips-ffhq/img004067.jpg,6,cips-ffhq
img002844.jpg,cips/cips-ffhq/img002844.jpg,6,cips-ffhq
img004737.jpg,cips/cips-ffhq/img004737.jpg,6,cips-ffhq
img000947.jpg,cips/cips-ffhq/img000947.jpg,6,cips-ffhq
img002872.jpg,cips/cips-ffhq/img002872.jpg,6,cips-ffhq
img002879.jpg,cips/cips-ffhq/img002879.jpg,6,cips-ffhq
img000522.jpg,cips/cips-ffhq/img000522.jpg,6,cips-ffhq
img001228.jpg,cips/cips-ffhq/img001228.jpg,6,cips-ffhq
img003448.jpg,cips/cips-ffhq/img003448.jpg,6,cips-ffhq
img001455.jpg,cips/cips-ffhq/img001455.jpg,6,cips-ffhq
img000977.jpg,cips/cips-ffhq/img000977.jpg,6,cips-ffhq
img003459.jpg,cips/cips-ffhq/img003459.jpg,6,cips-ffhq
img004679.jpg,cips/cips-ffhq/img004679.jpg,6,cips-ffhq
img001718.jpg,cips/cips-ffhq/img001718.jpg,6,cips-ffhq
img004588.jpg,cips/cips-ffhq/img004588.jpg,6,cips-ffhq
img001043.jpg,cips/cips-ffhq/img001043.jpg,6,cips-ffhq
img001272.jpg,cips/cips-ffhq/img001272.jpg,6,cips-ffhq
img000554.jpg,cips/cips-ffhq/img000554.jpg,6,cips-ffhq
img003331.jpg,cips/cips-ffhq/img003331.jpg,6,cips-ffhq
img001894.jpg,cips/cips-ffhq/img001894.jpg,6,cips-ffhq
img003256.jpg,cips/cips-ffhq/img003256.jpg,6,cips-ffhq
img003072.jpg,cips/cips-ffhq/img003072.jpg,6,cips-ffhq
img003001.jpg,cips/cips-ffhq/img003001.jpg,6,cips-ffhq
img002883.jpg,cips/cips-ffhq/img002883.jpg,6,cips-ffhq
img002122.jpg,cips/cips-ffhq/img002122.jpg,6,cips-ffhq
img003529.jpg,cips/cips-ffhq/img003529.jpg,6,cips-ffhq
img001820.jpg,cips/cips-ffhq/img001820.jpg,6,cips-ffhq
img003284.jpg,cips/cips-ffhq/img003284.jpg,6,cips-ffhq
img003193.jpg,cips/cips-ffhq/img003193.jpg,6,cips-ffhq
img001027.jpg,cips/cips-ffhq/img001027.jpg,6,cips-ffhq
img001493.jpg,cips/cips-ffhq/img001493.jpg,6,cips-ffhq
img003313.jpg,cips/cips-ffhq/img003313.jpg,6,cips-ffhq
img000962.jpg,cips/cips-ffhq/img000962.jpg,6,cips-ffhq
img004739.jpg,cips/cips-ffhq/img004739.jpg,6,cips-ffhq
img001257.jpg,cips/cips-ffhq/img001257.jpg,6,cips-ffhq
img002277.jpg,cips/cips-ffhq/img002277.jpg,6,cips-ffhq
img001746.jpg,cips/cips-ffhq/img001746.jpg,6,cips-ffhq
img000548.jpg,cips/cips-ffhq/img000548.jpg,6,cips-ffhq
img004585.jpg,cips/cips-ffhq/img004585.jpg,6,cips-ffhq
img002996.jpg,cips/cips-ffhq/img002996.jpg,6,cips-ffhq
img000439.jpg,cips/cips-ffhq/img000439.jpg,6,cips-ffhq
img000034.jpg,cips/cips-ffhq/img000034.jpg,6,cips-ffhq
img003328.jpg,cips/cips-ffhq/img003328.jpg,6,cips-ffhq
img000695.jpg,cips/cips-ffhq/img000695.jpg,6,cips-ffhq
img004262.jpg,cips/cips-ffhq/img004262.jpg,6,cips-ffhq
img002905.jpg,cips/cips-ffhq/img002905.jpg,6,cips-ffhq
img003804.jpg,cips/cips-ffhq/img003804.jpg,6,cips-ffhq
img004727.jpg,cips/cips-ffhq/img004727.jpg,6,cips-ffhq
img003547.jpg,cips/cips-ffhq/img003547.jpg,6,cips-ffhq
img003101.jpg,cips/cips-ffhq/img003101.jpg,6,cips-ffhq
img000336.jpg,cips/cips-ffhq/img000336.jpg,6,cips-ffhq
img002232.jpg,cips/cips-ffhq/img002232.jpg,6,cips-ffhq
img002329.jpg,cips/cips-ffhq/img002329.jpg,6,cips-ffhq
img000547.jpg,cips/cips-ffhq/img000547.jpg,6,cips-ffhq
img001427.jpg,cips/cips-ffhq/img001427.jpg,6,cips-ffhq
img002160.jpg,cips/cips-ffhq/img002160.jpg,6,cips-ffhq
img001808.jpg,cips/cips-ffhq/img001808.jpg,6,cips-ffhq
img000198.jpg,cips/cips-ffhq/img000198.jpg,6,cips-ffhq
img001845.jpg,cips/cips-ffhq/img001845.jpg,6,cips-ffhq
img001120.jpg,cips/cips-ffhq/img001120.jpg,6,cips-ffhq
img003248.jpg,cips/cips-ffhq/img003248.jpg,6,cips-ffhq
img000816.jpg,cips/cips-ffhq/img000816.jpg,6,cips-ffhq
img004417.jpg,cips/cips-ffhq/img004417.jpg,6,cips-ffhq
img000928.jpg,cips/cips-ffhq/img000928.jpg,6,cips-ffhq
img001896.jpg,cips/cips-ffhq/img001896.jpg,6,cips-ffhq
img003301.jpg,cips/cips-ffhq/img003301.jpg,6,cips-ffhq
img000401.jpg,cips/cips-ffhq/img000401.jpg,6,cips-ffhq
img003921.jpg,cips/cips-ffhq/img003921.jpg,6,cips-ffhq
img000589.jpg,cips/cips-ffhq/img000589.jpg,6,cips-ffhq
img000733.jpg,cips/cips-ffhq/img000733.jpg,6,cips-ffhq
img001595.jpg,cips/cips-ffhq/img001595.jpg,6,cips-ffhq
img004052.jpg,cips/cips-ffhq/img004052.jpg,6,cips-ffhq
img002583.jpg,cips/cips-ffhq/img002583.jpg,6,cips-ffhq
img002916.jpg,cips/cips-ffhq/img002916.jpg,6,cips-ffhq
img000704.jpg,cips/cips-ffhq/img000704.jpg,6,cips-ffhq
img003401.jpg,cips/cips-ffhq/img003401.jpg,6,cips-ffhq
img000592.jpg,cips/cips-ffhq/img000592.jpg,6,cips-ffhq
img003480.jpg,cips/cips-ffhq/img003480.jpg,6,cips-ffhq
img001971.jpg,cips/cips-ffhq/img001971.jpg,6,cips-ffhq
img004235.jpg,cips/cips-ffhq/img004235.jpg,6,cips-ffhq
img000818.jpg,cips/cips-ffhq/img000818.jpg,6,cips-ffhq
img004268.jpg,cips/cips-ffhq/img004268.jpg,6,cips-ffhq
img000820.jpg,cips/cips-ffhq/img000820.jpg,6,cips-ffhq
img000182.jpg,cips/cips-ffhq/img000182.jpg,6,cips-ffhq
img002594.jpg,cips/cips-ffhq/img002594.jpg,6,cips-ffhq
img003253.jpg,cips/cips-ffhq/img003253.jpg,6,cips-ffhq
img002168.jpg,cips/cips-ffhq/img002168.jpg,6,cips-ffhq
img004549.jpg,cips/cips-ffhq/img004549.jpg,6,cips-ffhq
img001022.jpg,cips/cips-ffhq/img001022.jpg,6,cips-ffhq
img000909.jpg,cips/cips-ffhq/img000909.jpg,6,cips-ffhq
img002728.jpg,cips/cips-ffhq/img002728.jpg,6,cips-ffhq
img000976.jpg,cips/cips-ffhq/img000976.jpg,6,cips-ffhq
img001198.jpg,cips/cips-ffhq/img001198.jpg,6,cips-ffhq
img001315.jpg,cips/cips-ffhq/img001315.jpg,6,cips-ffhq
img002998.jpg,cips/cips-ffhq/img002998.jpg,6,cips-ffhq
img003278.jpg,cips/cips-ffhq/img003278.jpg,6,cips-ffhq
img000473.jpg,cips/cips-ffhq/img000473.jpg,6,cips-ffhq
img001422.jpg,cips/cips-ffhq/img001422.jpg,6,cips-ffhq
img002275.jpg,cips/cips-ffhq/img002275.jpg,6,cips-ffhq
img001244.jpg,cips/cips-ffhq/img001244.jpg,6,cips-ffhq
img001127.jpg,cips/cips-ffhq/img001127.jpg,6,cips-ffhq
img002561.jpg,cips/cips-ffhq/img002561.jpg,6,cips-ffhq
img002974.jpg,cips/cips-ffhq/img002974.jpg,6,cips-ffhq
img004558.jpg,cips/cips-ffhq/img004558.jpg,6,cips-ffhq
img003134.jpg,cips/cips-ffhq/img003134.jpg,6,cips-ffhq
img004238.jpg,cips/cips-ffhq/img004238.jpg,6,cips-ffhq
img004717.jpg,cips/cips-ffhq/img004717.jpg,6,cips-ffhq
img004682.jpg,cips/cips-ffhq/img004682.jpg,6,cips-ffhq
img003466.jpg,cips/cips-ffhq/img003466.jpg,6,cips-ffhq
img000916.jpg,cips/cips-ffhq/img000916.jpg,6,cips-ffhq
img001352.jpg,cips/cips-ffhq/img001352.jpg,6,cips-ffhq
img003341.jpg,cips/cips-ffhq/img003341.jpg,6,cips-ffhq
img001922.jpg,cips/cips-ffhq/img001922.jpg,6,cips-ffhq
img003324.jpg,cips/cips-ffhq/img003324.jpg,6,cips-ffhq
img001627.jpg,cips/cips-ffhq/img001627.jpg,6,cips-ffhq
img000684.jpg,cips/cips-ffhq/img000684.jpg,6,cips-ffhq
img004526.jpg,cips/cips-ffhq/img004526.jpg,6,cips-ffhq
img002785.jpg,cips/cips-ffhq/img002785.jpg,6,cips-ffhq
img004209.jpg,cips/cips-ffhq/img004209.jpg,6,cips-ffhq
img003389.jpg,cips/cips-ffhq/img003389.jpg,6,cips-ffhq
img002295.jpg,cips/cips-ffhq/img002295.jpg,6,cips-ffhq
img001525.jpg,cips/cips-ffhq/img001525.jpg,6,cips-ffhq
img002983.jpg,cips/cips-ffhq/img002983.jpg,6,cips-ffhq
img004275.jpg,cips/cips-ffhq/img004275.jpg,6,cips-ffhq
img003507.jpg,cips/cips-ffhq/img003507.jpg,6,cips-ffhq
img001899.jpg,cips/cips-ffhq/img001899.jpg,6,cips-ffhq
img000095.jpg,cips/cips-ffhq/img000095.jpg,6,cips-ffhq
img002820.jpg,cips/cips-ffhq/img002820.jpg,6,cips-ffhq
img004050.jpg,cips/cips-ffhq/img004050.jpg,6,cips-ffhq
img003795.jpg,cips/cips-ffhq/img003795.jpg,6,cips-ffhq
img004324.jpg,cips/cips-ffhq/img004324.jpg,6,cips-ffhq
img004670.jpg,cips/cips-ffhq/img004670.jpg,6,cips-ffhq
img002690.jpg,cips/cips-ffhq/img002690.jpg,6,cips-ffhq
img004328.jpg,cips/cips-ffhq/img004328.jpg,6,cips-ffhq
img001953.jpg,cips/cips-ffhq/img001953.jpg,6,cips-ffhq
img004318.jpg,cips/cips-ffhq/img004318.jpg,6,cips-ffhq
img003783.jpg,cips/cips-ffhq/img003783.jpg,6,cips-ffhq
img000480.jpg,cips/cips-ffhq/img000480.jpg,6,cips-ffhq
img002942.jpg,cips/cips-ffhq/img002942.jpg,6,cips-ffhq
img004729.jpg,cips/cips-ffhq/img004729.jpg,6,cips-ffhq
img004144.jpg,cips/cips-ffhq/img004144.jpg,6,cips-ffhq
img001074.jpg,cips/cips-ffhq/img001074.jpg,6,cips-ffhq
img002270.jpg,cips/cips-ffhq/img002270.jpg,6,cips-ffhq
img003355.jpg,cips/cips-ffhq/img003355.jpg,6,cips-ffhq
img003652.jpg,cips/cips-ffhq/img003652.jpg,6,cips-ffhq
img000424.jpg,cips/cips-ffhq/img000424.jpg,6,cips-ffhq
img000609.jpg,cips/cips-ffhq/img000609.jpg,6,cips-ffhq
img004082.jpg,cips/cips-ffhq/img004082.jpg,6,cips-ffhq
img002504.jpg,cips/cips-ffhq/img002504.jpg,6,cips-ffhq
img002061.jpg,cips/cips-ffhq/img002061.jpg,6,cips-ffhq
img001622.jpg,cips/cips-ffhq/img001622.jpg,6,cips-ffhq
img004604.jpg,cips/cips-ffhq/img004604.jpg,6,cips-ffhq
img001880.jpg,cips/cips-ffhq/img001880.jpg,6,cips-ffhq
img000318.jpg,cips/cips-ffhq/img000318.jpg,6,cips-ffhq
img003431.jpg,cips/cips-ffhq/img003431.jpg,6,cips-ffhq
img001302.jpg,cips/cips-ffhq/img001302.jpg,6,cips-ffhq
img003894.jpg,cips/cips-ffhq/img003894.jpg,6,cips-ffhq
img004565.jpg,cips/cips-ffhq/img004565.jpg,6,cips-ffhq
img000020.jpg,cips/cips-ffhq/img000020.jpg,6,cips-ffhq
img002936.jpg,cips/cips-ffhq/img002936.jpg,6,cips-ffhq
img001102.jpg,cips/cips-ffhq/img001102.jpg,6,cips-ffhq
img001438.jpg,cips/cips-ffhq/img001438.jpg,6,cips-ffhq
img004494.jpg,cips/cips-ffhq/img004494.jpg,6,cips-ffhq
img003265.jpg,cips/cips-ffhq/img003265.jpg,6,cips-ffhq
img001989.jpg,cips/cips-ffhq/img001989.jpg,6,cips-ffhq
img002687.jpg,cips/cips-ffhq/img002687.jpg,6,cips-ffhq
img001658.jpg,cips/cips-ffhq/img001658.jpg,6,cips-ffhq
img003834.jpg,cips/cips-ffhq/img003834.jpg,6,cips-ffhq
img001800.jpg,cips/cips-ffhq/img001800.jpg,6,cips-ffhq
img004754.jpg,cips/cips-ffhq/img004754.jpg,6,cips-ffhq
img001419.jpg,cips/cips-ffhq/img001419.jpg,6,cips-ffhq
img003370.jpg,cips/cips-ffhq/img003370.jpg,6,cips-ffhq
img003533.jpg,cips/cips-ffhq/img003533.jpg,6,cips-ffhq
img000421.jpg,cips/cips-ffhq/img000421.jpg,6,cips-ffhq
img004435.jpg,cips/cips-ffhq/img004435.jpg,6,cips-ffhq
img004298.jpg,cips/cips-ffhq/img004298.jpg,6,cips-ffhq
img000303.jpg,cips/cips-ffhq/img000303.jpg,6,cips-ffhq
img003215.jpg,cips/cips-ffhq/img003215.jpg,6,cips-ffhq
img002125.jpg,cips/cips-ffhq/img002125.jpg,6,cips-ffhq
img004573.jpg,cips/cips-ffhq/img004573.jpg,6,cips-ffhq
img001123.jpg,cips/cips-ffhq/img001123.jpg,6,cips-ffhq
img004285.jpg,cips/cips-ffhq/img004285.jpg,6,cips-ffhq
img003421.jpg,cips/cips-ffhq/img003421.jpg,6,cips-ffhq
img002427.jpg,cips/cips-ffhq/img002427.jpg,6,cips-ffhq
img000479.jpg,cips/cips-ffhq/img000479.jpg,6,cips-ffhq
img001217.jpg,cips/cips-ffhq/img001217.jpg,6,cips-ffhq
img001214.jpg,cips/cips-ffhq/img001214.jpg,6,cips-ffhq
img003841.jpg,cips/cips-ffhq/img003841.jpg,6,cips-ffhq
img003034.jpg,cips/cips-ffhq/img003034.jpg,6,cips-ffhq
img000365.jpg,cips/cips-ffhq/img000365.jpg,6,cips-ffhq
img001729.jpg,cips/cips-ffhq/img001729.jpg,6,cips-ffhq
img004099.jpg,cips/cips-ffhq/img004099.jpg,6,cips-ffhq
img000735.jpg,cips/cips-ffhq/img000735.jpg,6,cips-ffhq
img000736.jpg,cips/cips-ffhq/img000736.jpg,6,cips-ffhq
img003625.jpg,cips/cips-ffhq/img003625.jpg,6,cips-ffhq
img001478.jpg,cips/cips-ffhq/img001478.jpg,6,cips-ffhq
img001783.jpg,cips/cips-ffhq/img001783.jpg,6,cips-ffhq
img004649.jpg,cips/cips-ffhq/img004649.jpg,6,cips-ffhq
img000189.jpg,cips/cips-ffhq/img000189.jpg,6,cips-ffhq
img003960.jpg,cips/cips-ffhq/img003960.jpg,6,cips-ffhq
img001238.jpg,cips/cips-ffhq/img001238.jpg,6,cips-ffhq
img004625.jpg,cips/cips-ffhq/img004625.jpg,6,cips-ffhq
img004296.jpg,cips/cips-ffhq/img004296.jpg,6,cips-ffhq
img004018.jpg,cips/cips-ffhq/img004018.jpg,6,cips-ffhq
img004300.jpg,cips/cips-ffhq/img004300.jpg,6,cips-ffhq
img004601.jpg,cips/cips-ffhq/img004601.jpg,6,cips-ffhq
img001091.jpg,cips/cips-ffhq/img001091.jpg,6,cips-ffhq
img003531.jpg,cips/cips-ffhq/img003531.jpg,6,cips-ffhq
img004790.jpg,cips/cips-ffhq/img004790.jpg,6,cips-ffhq
img001185.jpg,cips/cips-ffhq/img001185.jpg,6,cips-ffhq
img001733.jpg,cips/cips-ffhq/img001733.jpg,6,cips-ffhq
img003035.jpg,cips/cips-ffhq/img003035.jpg,6,cips-ffhq
img003768.jpg,cips/cips-ffhq/img003768.jpg,6,cips-ffhq
img002815.jpg,cips/cips-ffhq/img002815.jpg,6,cips-ffhq
img001637.jpg,cips/cips-ffhq/img001637.jpg,6,cips-ffhq
img001664.jpg,cips/cips-ffhq/img001664.jpg,6,cips-ffhq
img001069.jpg,cips/cips-ffhq/img001069.jpg,6,cips-ffhq
img000519.jpg,cips/cips-ffhq/img000519.jpg,6,cips-ffhq
img002307.jpg,cips/cips-ffhq/img002307.jpg,6,cips-ffhq
img003796.jpg,cips/cips-ffhq/img003796.jpg,6,cips-ffhq
img001796.jpg,cips/cips-ffhq/img001796.jpg,6,cips-ffhq
img003871.jpg,cips/cips-ffhq/img003871.jpg,6,cips-ffhq
img002406.jpg,cips/cips-ffhq/img002406.jpg,6,cips-ffhq
img004377.jpg,cips/cips-ffhq/img004377.jpg,6,cips-ffhq
img002576.jpg,cips/cips-ffhq/img002576.jpg,6,cips-ffhq
img004738.jpg,cips/cips-ffhq/img004738.jpg,6,cips-ffhq
img002913.jpg,cips/cips-ffhq/img002913.jpg,6,cips-ffhq
img001681.jpg,cips/cips-ffhq/img001681.jpg,6,cips-ffhq
img003166.jpg,cips/cips-ffhq/img003166.jpg,6,cips-ffhq
img000347.jpg,cips/cips-ffhq/img000347.jpg,6,cips-ffhq
img000363.jpg,cips/cips-ffhq/img000363.jpg,6,cips-ffhq
img001426.jpg,cips/cips-ffhq/img001426.jpg,6,cips-ffhq
img002858.jpg,cips/cips-ffhq/img002858.jpg,6,cips-ffhq
img000178.jpg,cips/cips-ffhq/img000178.jpg,6,cips-ffhq
img002622.jpg,cips/cips-ffhq/img002622.jpg,6,cips-ffhq
img000961.jpg,cips/cips-ffhq/img000961.jpg,6,cips-ffhq
img004547.jpg,cips/cips-ffhq/img004547.jpg,6,cips-ffhq
img004105.jpg,cips/cips-ffhq/img004105.jpg,6,cips-ffhq
img001578.jpg,cips/cips-ffhq/img001578.jpg,6,cips-ffhq
img002803.jpg,cips/cips-ffhq/img002803.jpg,6,cips-ffhq
img002128.jpg,cips/cips-ffhq/img002128.jpg,6,cips-ffhq
img003423.jpg,cips/cips-ffhq/img003423.jpg,6,cips-ffhq
img000930.jpg,cips/cips-ffhq/img000930.jpg,6,cips-ffhq
img003445.jpg,cips/cips-ffhq/img003445.jpg,6,cips-ffhq
img003037.jpg,cips/cips-ffhq/img003037.jpg,6,cips-ffhq
img001234.jpg,cips/cips-ffhq/img001234.jpg,6,cips-ffhq
img000058.jpg,cips/cips-ffhq/img000058.jpg,6,cips-ffhq
img003733.jpg,cips/cips-ffhq/img003733.jpg,6,cips-ffhq
img002559.jpg,cips/cips-ffhq/img002559.jpg,6,cips-ffhq
img004121.jpg,cips/cips-ffhq/img004121.jpg,6,cips-ffhq
img003066.jpg,cips/cips-ffhq/img003066.jpg,6,cips-ffhq
img003853.jpg,cips/cips-ffhq/img003853.jpg,6,cips-ffhq
img000798.jpg,cips/cips-ffhq/img000798.jpg,6,cips-ffhq
img001364.jpg,cips/cips-ffhq/img001364.jpg,6,cips-ffhq
img003738.jpg,cips/cips-ffhq/img003738.jpg,6,cips-ffhq
img002909.jpg,cips/cips-ffhq/img002909.jpg,6,cips-ffhq
img001116.jpg,cips/cips-ffhq/img001116.jpg,6,cips-ffhq
img003073.jpg,cips/cips-ffhq/img003073.jpg,6,cips-ffhq
img003400.jpg,cips/cips-ffhq/img003400.jpg,6,cips-ffhq
img003579.jpg,cips/cips-ffhq/img003579.jpg,6,cips-ffhq
img002510.jpg,cips/cips-ffhq/img002510.jpg,6,cips-ffhq
img004627.jpg,cips/cips-ffhq/img004627.jpg,6,cips-ffhq
img001706.jpg,cips/cips-ffhq/img001706.jpg,6,cips-ffhq
img000358.jpg,cips/cips-ffhq/img000358.jpg,6,cips-ffhq
img001581.jpg,cips/cips-ffhq/img001581.jpg,6,cips-ffhq
img000299.jpg,cips/cips-ffhq/img000299.jpg,6,cips-ffhq
img004156.jpg,cips/cips-ffhq/img004156.jpg,6,cips-ffhq
img001540.jpg,cips/cips-ffhq/img001540.jpg,6,cips-ffhq
img003770.jpg,cips/cips-ffhq/img003770.jpg,6,cips-ffhq
img003593.jpg,cips/cips-ffhq/img003593.jpg,6,cips-ffhq
img004029.jpg,cips/cips-ffhq/img004029.jpg,6,cips-ffhq
img004325.jpg,cips/cips-ffhq/img004325.jpg,6,cips-ffhq
img000926.jpg,cips/cips-ffhq/img000926.jpg,6,cips-ffhq
img000490.jpg,cips/cips-ffhq/img000490.jpg,6,cips-ffhq
img002146.jpg,cips/cips-ffhq/img002146.jpg,6,cips-ffhq
img004571.jpg,cips/cips-ffhq/img004571.jpg,6,cips-ffhq
img003829.jpg,cips/cips-ffhq/img003829.jpg,6,cips-ffhq
img004278.jpg,cips/cips-ffhq/img004278.jpg,6,cips-ffhq
img003840.jpg,cips/cips-ffhq/img003840.jpg,6,cips-ffhq
img004277.jpg,cips/cips-ffhq/img004277.jpg,6,cips-ffhq
img004359.jpg,cips/cips-ffhq/img004359.jpg,6,cips-ffhq
img004619.jpg,cips/cips-ffhq/img004619.jpg,6,cips-ffhq
img003198.jpg,cips/cips-ffhq/img003198.jpg,6,cips-ffhq
img002927.jpg,cips/cips-ffhq/img002927.jpg,6,cips-ffhq
img001237.jpg,cips/cips-ffhq/img001237.jpg,6,cips-ffhq
img002103.jpg,cips/cips-ffhq/img002103.jpg,6,cips-ffhq
img000340.jpg,cips/cips-ffhq/img000340.jpg,6,cips-ffhq
img003440.jpg,cips/cips-ffhq/img003440.jpg,6,cips-ffhq
img000957.jpg,cips/cips-ffhq/img000957.jpg,6,cips-ffhq
img002976.jpg,cips/cips-ffhq/img002976.jpg,6,cips-ffhq
img001696.jpg,cips/cips-ffhq/img001696.jpg,6,cips-ffhq
img002529.jpg,cips/cips-ffhq/img002529.jpg,6,cips-ffhq
img003506.jpg,cips/cips-ffhq/img003506.jpg,6,cips-ffhq
img001900.jpg,cips/cips-ffhq/img001900.jpg,6,cips-ffhq
img003767.jpg,cips/cips-ffhq/img003767.jpg,6,cips-ffhq
img000282.jpg,cips/cips-ffhq/img000282.jpg,6,cips-ffhq
img004794.jpg,cips/cips-ffhq/img004794.jpg,6,cips-ffhq
img004225.jpg,cips/cips-ffhq/img004225.jpg,6,cips-ffhq
img002096.jpg,cips/cips-ffhq/img002096.jpg,6,cips-ffhq
img002908.jpg,cips/cips-ffhq/img002908.jpg,6,cips-ffhq
img003872.jpg,cips/cips-ffhq/img003872.jpg,6,cips-ffhq
img002143.jpg,cips/cips-ffhq/img002143.jpg,6,cips-ffhq
img002604.jpg,cips/cips-ffhq/img002604.jpg,6,cips-ffhq
img001975.jpg,cips/cips-ffhq/img001975.jpg,6,cips-ffhq
img003040.jpg,cips/cips-ffhq/img003040.jpg,6,cips-ffhq
img003938.jpg,cips/cips-ffhq/img003938.jpg,6,cips-ffhq
img002749.jpg,cips/cips-ffhq/img002749.jpg,6,cips-ffhq
img001009.jpg,cips/cips-ffhq/img001009.jpg,6,cips-ffhq
img004112.jpg,cips/cips-ffhq/img004112.jpg,6,cips-ffhq
img003008.jpg,cips/cips-ffhq/img003008.jpg,6,cips-ffhq
img000261.jpg,cips/cips-ffhq/img000261.jpg,6,cips-ffhq
img004566.jpg,cips/cips-ffhq/img004566.jpg,6,cips-ffhq
img003128.jpg,cips/cips-ffhq/img003128.jpg,6,cips-ffhq
img000351.jpg,cips/cips-ffhq/img000351.jpg,6,cips-ffhq
img002934.jpg,cips/cips-ffhq/img002934.jpg,6,cips-ffhq
img000316.jpg,cips/cips-ffhq/img000316.jpg,6,cips-ffhq
img000674.jpg,cips/cips-ffhq/img000674.jpg,6,cips-ffhq
img001946.jpg,cips/cips-ffhq/img001946.jpg,6,cips-ffhq
img000708.jpg,cips/cips-ffhq/img000708.jpg,6,cips-ffhq
img001485.jpg,cips/cips-ffhq/img001485.jpg,6,cips-ffhq
img004492.jpg,cips/cips-ffhq/img004492.jpg,6,cips-ffhq
img001348.jpg,cips/cips-ffhq/img001348.jpg,6,cips-ffhq
img001994.jpg,cips/cips-ffhq/img001994.jpg,6,cips-ffhq
img001999.jpg,cips/cips-ffhq/img001999.jpg,6,cips-ffhq
img001743.jpg,cips/cips-ffhq/img001743.jpg,6,cips-ffhq
img002264.jpg,cips/cips-ffhq/img002264.jpg,6,cips-ffhq
img002867.jpg,cips/cips-ffhq/img002867.jpg,6,cips-ffhq
img001380.jpg,cips/cips-ffhq/img001380.jpg,6,cips-ffhq
img000790.jpg,cips/cips-ffhq/img000790.jpg,6,cips-ffhq
img002625.jpg,cips/cips-ffhq/img002625.jpg,6,cips-ffhq
img000825.jpg,cips/cips-ffhq/img000825.jpg,6,cips-ffhq
img004772.jpg,cips/cips-ffhq/img004772.jpg,6,cips-ffhq
img004316.jpg,cips/cips-ffhq/img004316.jpg,6,cips-ffhq
img003610.jpg,cips/cips-ffhq/img003610.jpg,6,cips-ffhq
img000453.jpg,cips/cips-ffhq/img000453.jpg,6,cips-ffhq
img000419.jpg,cips/cips-ffhq/img000419.jpg,6,cips-ffhq
img001211.jpg,cips/cips-ffhq/img001211.jpg,6,cips-ffhq
img003886.jpg,cips/cips-ffhq/img003886.jpg,6,cips-ffhq
img003023.jpg,cips/cips-ffhq/img003023.jpg,6,cips-ffhq
img002918.jpg,cips/cips-ffhq/img002918.jpg,6,cips-ffhq
img001468.jpg,cips/cips-ffhq/img001468.jpg,6,cips-ffhq
img003542.jpg,cips/cips-ffhq/img003542.jpg,6,cips-ffhq
img000935.jpg,cips/cips-ffhq/img000935.jpg,6,cips-ffhq
img002386.jpg,cips/cips-ffhq/img002386.jpg,6,cips-ffhq
img002842.jpg,cips/cips-ffhq/img002842.jpg,6,cips-ffhq
img000046.jpg,cips/cips-ffhq/img000046.jpg,6,cips-ffhq
img002494.jpg,cips/cips-ffhq/img002494.jpg,6,cips-ffhq
img002771.jpg,cips/cips-ffhq/img002771.jpg,6,cips-ffhq
img002243.jpg,cips/cips-ffhq/img002243.jpg,6,cips-ffhq
img000307.jpg,cips/cips-ffhq/img000307.jpg,6,cips-ffhq
img002058.jpg,cips/cips-ffhq/img002058.jpg,6,cips-ffhq
img003879.jpg,cips/cips-ffhq/img003879.jpg,6,cips-ffhq
img003121.jpg,cips/cips-ffhq/img003121.jpg,6,cips-ffhq
img002993.jpg,cips/cips-ffhq/img002993.jpg,6,cips-ffhq
img003929.jpg,cips/cips-ffhq/img003929.jpg,6,cips-ffhq
img004366.jpg,cips/cips-ffhq/img004366.jpg,6,cips-ffhq
img004490.jpg,cips/cips-ffhq/img004490.jpg,6,cips-ffhq
img002328.jpg,cips/cips-ffhq/img002328.jpg,6,cips-ffhq
img000549.jpg,cips/cips-ffhq/img000549.jpg,6,cips-ffhq
img000112.jpg,cips/cips-ffhq/img000112.jpg,6,cips-ffhq
img003789.jpg,cips/cips-ffhq/img003789.jpg,6,cips-ffhq
img001961.jpg,cips/cips-ffhq/img001961.jpg,6,cips-ffhq
img002712.jpg,cips/cips-ffhq/img002712.jpg,6,cips-ffhq
img000559.jpg,cips/cips-ffhq/img000559.jpg,6,cips-ffhq
img000867.jpg,cips/cips-ffhq/img000867.jpg,6,cips-ffhq
img002022.jpg,cips/cips-ffhq/img002022.jpg,6,cips-ffhq
img002263.jpg,cips/cips-ffhq/img002263.jpg,6,cips-ffhq
img000136.jpg,cips/cips-ffhq/img000136.jpg,6,cips-ffhq
img002492.jpg,cips/cips-ffhq/img002492.jpg,6,cips-ffhq
img001520.jpg,cips/cips-ffhq/img001520.jpg,6,cips-ffhq
img003240.jpg,cips/cips-ffhq/img003240.jpg,6,cips-ffhq
img000985.jpg,cips/cips-ffhq/img000985.jpg,6,cips-ffhq
img003088.jpg,cips/cips-ffhq/img003088.jpg,6,cips-ffhq
img003584.jpg,cips/cips-ffhq/img003584.jpg,6,cips-ffhq
img002116.jpg,cips/cips-ffhq/img002116.jpg,6,cips-ffhq
img004313.jpg,cips/cips-ffhq/img004313.jpg,6,cips-ffhq
img001256.jpg,cips/cips-ffhq/img001256.jpg,6,cips-ffhq
img004606.jpg,cips/cips-ffhq/img004606.jpg,6,cips-ffhq
img002088.jpg,cips/cips-ffhq/img002088.jpg,6,cips-ffhq
img003979.jpg,cips/cips-ffhq/img003979.jpg,6,cips-ffhq
img002615.jpg,cips/cips-ffhq/img002615.jpg,6,cips-ffhq
img003594.jpg,cips/cips-ffhq/img003594.jpg,6,cips-ffhq
img002420.jpg,cips/cips-ffhq/img002420.jpg,6,cips-ffhq
img002190.jpg,cips/cips-ffhq/img002190.jpg,6,cips-ffhq
img002031.jpg,cips/cips-ffhq/img002031.jpg,6,cips-ffhq
img000391.jpg,cips/cips-ffhq/img000391.jpg,6,cips-ffhq
img004422.jpg,cips/cips-ffhq/img004422.jpg,6,cips-ffhq
img000713.jpg,cips/cips-ffhq/img000713.jpg,6,cips-ffhq
img003144.jpg,cips/cips-ffhq/img003144.jpg,6,cips-ffhq
img000880.jpg,cips/cips-ffhq/img000880.jpg,6,cips-ffhq
img001843.jpg,cips/cips-ffhq/img001843.jpg,6,cips-ffhq
img001362.jpg,cips/cips-ffhq/img001362.jpg,6,cips-ffhq
img000545.jpg,cips/cips-ffhq/img000545.jpg,6,cips-ffhq
img002299.jpg,cips/cips-ffhq/img002299.jpg,6,cips-ffhq
img001852.jpg,cips/cips-ffhq/img001852.jpg,6,cips-ffhq
img000613.jpg,cips/cips-ffhq/img000613.jpg,6,cips-ffhq
img003087.jpg,cips/cips-ffhq/img003087.jpg,6,cips-ffhq
img001790.jpg,cips/cips-ffhq/img001790.jpg,6,cips-ffhq
img003673.jpg,cips/cips-ffhq/img003673.jpg,6,cips-ffhq
img001382.jpg,cips/cips-ffhq/img001382.jpg,6,cips-ffhq
img002178.jpg,cips/cips-ffhq/img002178.jpg,6,cips-ffhq
img000809.jpg,cips/cips-ffhq/img000809.jpg,6,cips-ffhq
img003451.jpg,cips/cips-ffhq/img003451.jpg,6,cips-ffhq
img000731.jpg,cips/cips-ffhq/img000731.jpg,6,cips-ffhq
img001643.jpg,cips/cips-ffhq/img001643.jpg,6,cips-ffhq
img004628.jpg,cips/cips-ffhq/img004628.jpg,6,cips-ffhq
img002861.jpg,cips/cips-ffhq/img002861.jpg,6,cips-ffhq
img004004.jpg,cips/cips-ffhq/img004004.jpg,6,cips-ffhq
img001086.jpg,cips/cips-ffhq/img001086.jpg,6,cips-ffhq
img001969.jpg,cips/cips-ffhq/img001969.jpg,6,cips-ffhq
img004284.jpg,cips/cips-ffhq/img004284.jpg,6,cips-ffhq
img002183.jpg,cips/cips-ffhq/img002183.jpg,6,cips-ffhq
img004331.jpg,cips/cips-ffhq/img004331.jpg,6,cips-ffhq
img001138.jpg,cips/cips-ffhq/img001138.jpg,6,cips-ffhq
img000627.jpg,cips/cips-ffhq/img000627.jpg,6,cips-ffhq
img002237.jpg,cips/cips-ffhq/img002237.jpg,6,cips-ffhq
img002224.jpg,cips/cips-ffhq/img002224.jpg,6,cips-ffhq
img000793.jpg,cips/cips-ffhq/img000793.jpg,6,cips-ffhq
img000618.jpg,cips/cips-ffhq/img000618.jpg,6,cips-ffhq
img000024.jpg,cips/cips-ffhq/img000024.jpg,6,cips-ffhq
img000714.jpg,cips/cips-ffhq/img000714.jpg,6,cips-ffhq
img004123.jpg,cips/cips-ffhq/img004123.jpg,6,cips-ffhq
img002100.jpg,cips/cips-ffhq/img002100.jpg,6,cips-ffhq
img004334.jpg,cips/cips-ffhq/img004334.jpg,6,cips-ffhq
img000257.jpg,cips/cips-ffhq/img000257.jpg,6,cips-ffhq
img004785.jpg,cips/cips-ffhq/img004785.jpg,6,cips-ffhq
img003435.jpg,cips/cips-ffhq/img003435.jpg,6,cips-ffhq
img001132.jpg,cips/cips-ffhq/img001132.jpg,6,cips-ffhq
img003455.jpg,cips/cips-ffhq/img003455.jpg,6,cips-ffhq
img003848.jpg,cips/cips-ffhq/img003848.jpg,6,cips-ffhq
img000088.jpg,cips/cips-ffhq/img000088.jpg,6,cips-ffhq
img001275.jpg,cips/cips-ffhq/img001275.jpg,6,cips-ffhq
img004489.jpg,cips/cips-ffhq/img004489.jpg,6,cips-ffhq
img001799.jpg,cips/cips-ffhq/img001799.jpg,6,cips-ffhq
img001649.jpg,cips/cips-ffhq/img001649.jpg,6,cips-ffhq
img003200.jpg,cips/cips-ffhq/img003200.jpg,6,cips-ffhq
img000259.jpg,cips/cips-ffhq/img000259.jpg,6,cips-ffhq
img004796.jpg,cips/cips-ffhq/img004796.jpg,6,cips-ffhq
img000049.jpg,cips/cips-ffhq/img000049.jpg,6,cips-ffhq
img000675.jpg,cips/cips-ffhq/img000675.jpg,6,cips-ffhq
img002831.jpg,cips/cips-ffhq/img002831.jpg,6,cips-ffhq
img000380.jpg,cips/cips-ffhq/img000380.jpg,6,cips-ffhq
img000837.jpg,cips/cips-ffhq/img000837.jpg,6,cips-ffhq
img001310.jpg,cips/cips-ffhq/img001310.jpg,6,cips-ffhq
img004514.jpg,cips/cips-ffhq/img004514.jpg,6,cips-ffhq
img003670.jpg,cips/cips-ffhq/img003670.jpg,6,cips-ffhq
img000247.jpg,cips/cips-ffhq/img000247.jpg,6,cips-ffhq
img002320.jpg,cips/cips-ffhq/img002320.jpg,6,cips-ffhq
img003740.jpg,cips/cips-ffhq/img003740.jpg,6,cips-ffhq
img002626.jpg,cips/cips-ffhq/img002626.jpg,6,cips-ffhq
img001004.jpg,cips/cips-ffhq/img001004.jpg,6,cips-ffhq
img003114.jpg,cips/cips-ffhq/img003114.jpg,6,cips-ffhq
img001162.jpg,cips/cips-ffhq/img001162.jpg,6,cips-ffhq
img003565.jpg,cips/cips-ffhq/img003565.jpg,6,cips-ffhq
img002766.jpg,cips/cips-ffhq/img002766.jpg,6,cips-ffhq
img004454.jpg,cips/cips-ffhq/img004454.jpg,6,cips-ffhq
img000355.jpg,cips/cips-ffhq/img000355.jpg,6,cips-ffhq
img002833.jpg,cips/cips-ffhq/img002833.jpg,6,cips-ffhq
img004779.jpg,cips/cips-ffhq/img004779.jpg,6,cips-ffhq
img002692.jpg,cips/cips-ffhq/img002692.jpg,6,cips-ffhq
img003750.jpg,cips/cips-ffhq/img003750.jpg,6,cips-ffhq
img001839.jpg,cips/cips-ffhq/img001839.jpg,6,cips-ffhq
img000197.jpg,cips/cips-ffhq/img000197.jpg,6,cips-ffhq
img002140.jpg,cips/cips-ffhq/img002140.jpg,6,cips-ffhq
img003206.jpg,cips/cips-ffhq/img003206.jpg,6,cips-ffhq
img001568.jpg,cips/cips-ffhq/img001568.jpg,6,cips-ffhq
img003362.jpg,cips/cips-ffhq/img003362.jpg,6,cips-ffhq
img004394.jpg,cips/cips-ffhq/img004394.jpg,6,cips-ffhq
img001912.jpg,cips/cips-ffhq/img001912.jpg,6,cips-ffhq
img001711.jpg,cips/cips-ffhq/img001711.jpg,6,cips-ffhq
img001042.jpg,cips/cips-ffhq/img001042.jpg,6,cips-ffhq
img004095.jpg,cips/cips-ffhq/img004095.jpg,6,cips-ffhq
img000345.jpg,cips/cips-ffhq/img000345.jpg,6,cips-ffhq
img003952.jpg,cips/cips-ffhq/img003952.jpg,6,cips-ffhq
img000622.jpg,cips/cips-ffhq/img000622.jpg,6,cips-ffhq
img001754.jpg,cips/cips-ffhq/img001754.jpg,6,cips-ffhq
img002360.jpg,cips/cips-ffhq/img002360.jpg,6,cips-ffhq
img001068.jpg,cips/cips-ffhq/img001068.jpg,6,cips-ffhq
img000758.jpg,cips/cips-ffhq/img000758.jpg,6,cips-ffhq
img002481.jpg,cips/cips-ffhq/img002481.jpg,6,cips-ffhq
img001834.jpg,cips/cips-ffhq/img001834.jpg,6,cips-ffhq
img003487.jpg,cips/cips-ffhq/img003487.jpg,6,cips-ffhq
img004589.jpg,cips/cips-ffhq/img004589.jpg,6,cips-ffhq
img001995.jpg,cips/cips-ffhq/img001995.jpg,6,cips-ffhq
img003410.jpg,cips/cips-ffhq/img003410.jpg,6,cips-ffhq
img004348.jpg,cips/cips-ffhq/img004348.jpg,6,cips-ffhq
img004104.jpg,cips/cips-ffhq/img004104.jpg,6,cips-ffhq
img001769.jpg,cips/cips-ffhq/img001769.jpg,6,cips-ffhq
img004756.jpg,cips/cips-ffhq/img004756.jpg,6,cips-ffhq
img001864.jpg,cips/cips-ffhq/img001864.jpg,6,cips-ffhq
img004473.jpg,cips/cips-ffhq/img004473.jpg,6,cips-ffhq
img001273.jpg,cips/cips-ffhq/img001273.jpg,6,cips-ffhq
img002702.jpg,cips/cips-ffhq/img002702.jpg,6,cips-ffhq
img002407.jpg,cips/cips-ffhq/img002407.jpg,6,cips-ffhq
img000026.jpg,cips/cips-ffhq/img000026.jpg,6,cips-ffhq
img003394.jpg,cips/cips-ffhq/img003394.jpg,6,cips-ffhq
img004109.jpg,cips/cips-ffhq/img004109.jpg,6,cips-ffhq
img003701.jpg,cips/cips-ffhq/img003701.jpg,6,cips-ffhq
img003514.jpg,cips/cips-ffhq/img003514.jpg,6,cips-ffhq
img003438.jpg,cips/cips-ffhq/img003438.jpg,6,cips-ffhq
img003735.jpg,cips/cips-ffhq/img003735.jpg,6,cips-ffhq
img002425.jpg,cips/cips-ffhq/img002425.jpg,6,cips-ffhq
img004065.jpg,cips/cips-ffhq/img004065.jpg,6,cips-ffhq
img001587.jpg,cips/cips-ffhq/img001587.jpg,6,cips-ffhq
img001464.jpg,cips/cips-ffhq/img001464.jpg,6,cips-ffhq
img001731.jpg,cips/cips-ffhq/img001731.jpg,6,cips-ffhq
img002773.jpg,cips/cips-ffhq/img002773.jpg,6,cips-ffhq
img003358.jpg,cips/cips-ffhq/img003358.jpg,6,cips-ffhq
img000170.jpg,cips/cips-ffhq/img000170.jpg,6,cips-ffhq
img004485.jpg,cips/cips-ffhq/img004485.jpg,6,cips-ffhq
img004641.jpg,cips/cips-ffhq/img004641.jpg,6,cips-ffhq
img003959.jpg,cips/cips-ffhq/img003959.jpg,6,cips-ffhq
img001976.jpg,cips/cips-ffhq/img001976.jpg,6,cips-ffhq
img004545.jpg,cips/cips-ffhq/img004545.jpg,6,cips-ffhq
img003702.jpg,cips/cips-ffhq/img003702.jpg,6,cips-ffhq
img004512.jpg,cips/cips-ffhq/img004512.jpg,6,cips-ffhq
img003974.jpg,cips/cips-ffhq/img003974.jpg,6,cips-ffhq
img002726.jpg,cips/cips-ffhq/img002726.jpg,6,cips-ffhq
img003718.jpg,cips/cips-ffhq/img003718.jpg,6,cips-ffhq
img004542.jpg,cips/cips-ffhq/img004542.jpg,6,cips-ffhq
img000263.jpg,cips/cips-ffhq/img000263.jpg,6,cips-ffhq
img002662.jpg,cips/cips-ffhq/img002662.jpg,6,cips-ffhq
img000718.jpg,cips/cips-ffhq/img000718.jpg,6,cips-ffhq
img000888.jpg,cips/cips-ffhq/img000888.jpg,6,cips-ffhq
img000210.jpg,cips/cips-ffhq/img000210.jpg,6,cips-ffhq
img002533.jpg,cips/cips-ffhq/img002533.jpg,6,cips-ffhq
img001508.jpg,cips/cips-ffhq/img001508.jpg,6,cips-ffhq
img001619.jpg,cips/cips-ffhq/img001619.jpg,6,cips-ffhq
img002546.jpg,cips/cips-ffhq/img002546.jpg,6,cips-ffhq
img003639.jpg,cips/cips-ffhq/img003639.jpg,6,cips-ffhq
img004472.jpg,cips/cips-ffhq/img004472.jpg,6,cips-ffhq
img002674.jpg,cips/cips-ffhq/img002674.jpg,6,cips-ffhq
img001613.jpg,cips/cips-ffhq/img001613.jpg,6,cips-ffhq
img003917.jpg,cips/cips-ffhq/img003917.jpg,6,cips-ffhq
img003883.jpg,cips/cips-ffhq/img003883.jpg,6,cips-ffhq
img001744.jpg,cips/cips-ffhq/img001744.jpg,6,cips-ffhq
img000256.jpg,cips/cips-ffhq/img000256.jpg,6,cips-ffhq
img000579.jpg,cips/cips-ffhq/img000579.jpg,6,cips-ffhq
img003511.jpg,cips/cips-ffhq/img003511.jpg,6,cips-ffhq
img002175.jpg,cips/cips-ffhq/img002175.jpg,6,cips-ffhq
img001591.jpg,cips/cips-ffhq/img001591.jpg,6,cips-ffhq
img004742.jpg,cips/cips-ffhq/img004742.jpg,6,cips-ffhq
img000162.jpg,cips/cips-ffhq/img000162.jpg,6,cips-ffhq
img001443.jpg,cips/cips-ffhq/img001443.jpg,6,cips-ffhq
img004329.jpg,cips/cips-ffhq/img004329.jpg,6,cips-ffhq
img002507.jpg,cips/cips-ffhq/img002507.jpg,6,cips-ffhq
img003218.jpg,cips/cips-ffhq/img003218.jpg,6,cips-ffhq
img000073.jpg,cips/cips-ffhq/img000073.jpg,6,cips-ffhq
img000539.jpg,cips/cips-ffhq/img000539.jpg,6,cips-ffhq
img001342.jpg,cips/cips-ffhq/img001342.jpg,6,cips-ffhq
img001507.jpg,cips/cips-ffhq/img001507.jpg,6,cips-ffhq
img002672.jpg,cips/cips-ffhq/img002672.jpg,6,cips-ffhq
img003825.jpg,cips/cips-ffhq/img003825.jpg,6,cips-ffhq
img002158.jpg,cips/cips-ffhq/img002158.jpg,6,cips-ffhq
img001640.jpg,cips/cips-ffhq/img001640.jpg,6,cips-ffhq
img002458.jpg,cips/cips-ffhq/img002458.jpg,6,cips-ffhq
img001052.jpg,cips/cips-ffhq/img001052.jpg,6,cips-ffhq
img004026.jpg,cips/cips-ffhq/img004026.jpg,6,cips-ffhq
img000230.jpg,cips/cips-ffhq/img000230.jpg,6,cips-ffhq
img002606.jpg,cips/cips-ffhq/img002606.jpg,6,cips-ffhq
img000187.jpg,cips/cips-ffhq/img000187.jpg,6,cips-ffhq
img003941.jpg,cips/cips-ffhq/img003941.jpg,6,cips-ffhq
img001099.jpg,cips/cips-ffhq/img001099.jpg,6,cips-ffhq
img003012.jpg,cips/cips-ffhq/img003012.jpg,6,cips-ffhq
img004289.jpg,cips/cips-ffhq/img004289.jpg,6,cips-ffhq
img003498.jpg,cips/cips-ffhq/img003498.jpg,6,cips-ffhq
img001974.jpg,cips/cips-ffhq/img001974.jpg,6,cips-ffhq
img003830.jpg,cips/cips-ffhq/img003830.jpg,6,cips-ffhq
img003988.jpg,cips/cips-ffhq/img003988.jpg,6,cips-ffhq
img002091.jpg,cips/cips-ffhq/img002091.jpg,6,cips-ffhq
img001417.jpg,cips/cips-ffhq/img001417.jpg,6,cips-ffhq
img000826.jpg,cips/cips-ffhq/img000826.jpg,6,cips-ffhq
img001981.jpg,cips/cips-ffhq/img001981.jpg,6,cips-ffhq
img004535.jpg,cips/cips-ffhq/img004535.jpg,6,cips-ffhq
img004607.jpg,cips/cips-ffhq/img004607.jpg,6,cips-ffhq
img000515.jpg,cips/cips-ffhq/img000515.jpg,6,cips-ffhq
img000621.jpg,cips/cips-ffhq/img000621.jpg,6,cips-ffhq
img000728.jpg,cips/cips-ffhq/img000728.jpg,6,cips-ffhq
img002068.jpg,cips/cips-ffhq/img002068.jpg,6,cips-ffhq
img003293.jpg,cips/cips-ffhq/img003293.jpg,6,cips-ffhq
img002737.jpg,cips/cips-ffhq/img002737.jpg,6,cips-ffhq
img001972.jpg,cips/cips-ffhq/img001972.jpg,6,cips-ffhq
img001071.jpg,cips/cips-ffhq/img001071.jpg,6,cips-ffhq
img000433.jpg,cips/cips-ffhq/img000433.jpg,6,cips-ffhq
img002070.jpg,cips/cips-ffhq/img002070.jpg,6,cips-ffhq
img000808.jpg,cips/cips-ffhq/img000808.jpg,6,cips-ffhq
img003402.jpg,cips/cips-ffhq/img003402.jpg,6,cips-ffhq
img003836.jpg,cips/cips-ffhq/img003836.jpg,6,cips-ffhq
img002196.jpg,cips/cips-ffhq/img002196.jpg,6,cips-ffhq
img001351.jpg,cips/cips-ffhq/img001351.jpg,6,cips-ffhq
img002358.jpg,cips/cips-ffhq/img002358.jpg,6,cips-ffhq
img002137.jpg,cips/cips-ffhq/img002137.jpg,6,cips-ffhq
img003703.jpg,cips/cips-ffhq/img003703.jpg,6,cips-ffhq
img001732.jpg,cips/cips-ffhq/img001732.jpg,6,cips-ffhq
img000319.jpg,cips/cips-ffhq/img000319.jpg,6,cips-ffhq
img002554.jpg,cips/cips-ffhq/img002554.jpg,6,cips-ffhq
img001536.jpg,cips/cips-ffhq/img001536.jpg,6,cips-ffhq
img001044.jpg,cips/cips-ffhq/img001044.jpg,6,cips-ffhq
img002891.jpg,cips/cips-ffhq/img002891.jpg,6,cips-ffhq
img003949.jpg,cips/cips-ffhq/img003949.jpg,6,cips-ffhq
img000689.jpg,cips/cips-ffhq/img000689.jpg,6,cips-ffhq
img002350.jpg,cips/cips-ffhq/img002350.jpg,6,cips-ffhq
img001490.jpg,cips/cips-ffhq/img001490.jpg,6,cips-ffhq
img002060.jpg,cips/cips-ffhq/img002060.jpg,6,cips-ffhq
img002464.jpg,cips/cips-ffhq/img002464.jpg,6,cips-ffhq
img004511.jpg,cips/cips-ffhq/img004511.jpg,6,cips-ffhq
img003267.jpg,cips/cips-ffhq/img003267.jpg,6,cips-ffhq
img001195.jpg,cips/cips-ffhq/img001195.jpg,6,cips-ffhq
img002638.jpg,cips/cips-ffhq/img002638.jpg,6,cips-ffhq
img004264.jpg,cips/cips-ffhq/img004264.jpg,6,cips-ffhq
img000567.jpg,cips/cips-ffhq/img000567.jpg,6,cips-ffhq
img001457.jpg,cips/cips-ffhq/img001457.jpg,6,cips-ffhq
img002808.jpg,cips/cips-ffhq/img002808.jpg,6,cips-ffhq
img003348.jpg,cips/cips-ffhq/img003348.jpg,6,cips-ffhq
img004032.jpg,cips/cips-ffhq/img004032.jpg,6,cips-ffhq
img004255.jpg,cips/cips-ffhq/img004255.jpg,6,cips-ffhq
img002901.jpg,cips/cips-ffhq/img002901.jpg,6,cips-ffhq
img002907.jpg,cips/cips-ffhq/img002907.jpg,6,cips-ffhq
img002768.jpg,cips/cips-ffhq/img002768.jpg,6,cips-ffhq
img001992.jpg,cips/cips-ffhq/img001992.jpg,6,cips-ffhq
img001561.jpg,cips/cips-ffhq/img001561.jpg,6,cips-ffhq
img002010.jpg,cips/cips-ffhq/img002010.jpg,6,cips-ffhq
img004068.jpg,cips/cips-ffhq/img004068.jpg,6,cips-ffhq
img002887.jpg,cips/cips-ffhq/img002887.jpg,6,cips-ffhq
img001617.jpg,cips/cips-ffhq/img001617.jpg,6,cips-ffhq
img002086.jpg,cips/cips-ffhq/img002086.jpg,6,cips-ffhq
img002383.jpg,cips/cips-ffhq/img002383.jpg,6,cips-ffhq
img004304.jpg,cips/cips-ffhq/img004304.jpg,6,cips-ffhq
img004596.jpg,cips/cips-ffhq/img004596.jpg,6,cips-ffhq
img001951.jpg,cips/cips-ffhq/img001951.jpg,6,cips-ffhq
img004188.jpg,cips/cips-ffhq/img004188.jpg,6,cips-ffhq
img004567.jpg,cips/cips-ffhq/img004567.jpg,6,cips-ffhq
img004642.jpg,cips/cips-ffhq/img004642.jpg,6,cips-ffhq
img004597.jpg,cips/cips-ffhq/img004597.jpg,6,cips-ffhq
img003094.jpg,cips/cips-ffhq/img003094.jpg,6,cips-ffhq
img003916.jpg,cips/cips-ffhq/img003916.jpg,6,cips-ffhq
img002040.jpg,cips/cips-ffhq/img002040.jpg,6,cips-ffhq
img002290.jpg,cips/cips-ffhq/img002290.jpg,6,cips-ffhq
img004706.jpg,cips/cips-ffhq/img004706.jpg,6,cips-ffhq
img004387.jpg,cips/cips-ffhq/img004387.jpg,6,cips-ffhq
img000541.jpg,cips/cips-ffhq/img000541.jpg,6,cips-ffhq
img004433.jpg,cips/cips-ffhq/img004433.jpg,6,cips-ffhq
img004462.jpg,cips/cips-ffhq/img004462.jpg,6,cips-ffhq
img004743.jpg,cips/cips-ffhq/img004743.jpg,6,cips-ffhq
img000014.jpg,cips/cips-ffhq/img000014.jpg,6,cips-ffhq
img000851.jpg,cips/cips-ffhq/img000851.jpg,6,cips-ffhq
img002198.jpg,cips/cips-ffhq/img002198.jpg,6,cips-ffhq
img004007.jpg,cips/cips-ffhq/img004007.jpg,6,cips-ffhq
img002302.jpg,cips/cips-ffhq/img002302.jpg,6,cips-ffhq
img004561.jpg,cips/cips-ffhq/img004561.jpg,6,cips-ffhq
img001987.jpg,cips/cips-ffhq/img001987.jpg,6,cips-ffhq
img002877.jpg,cips/cips-ffhq/img002877.jpg,6,cips-ffhq
img002581.jpg,cips/cips-ffhq/img002581.jpg,6,cips-ffhq
img002807.jpg,cips/cips-ffhq/img002807.jpg,6,cips-ffhq
img003971.jpg,cips/cips-ffhq/img003971.jpg,6,cips-ffhq
img000784.jpg,cips/cips-ffhq/img000784.jpg,6,cips-ffhq
img001794.jpg,cips/cips-ffhq/img001794.jpg,6,cips-ffhq
img002430.jpg,cips/cips-ffhq/img002430.jpg,6,cips-ffhq
img000661.jpg,cips/cips-ffhq/img000661.jpg,6,cips-ffhq
img003911.jpg,cips/cips-ffhq/img003911.jpg,6,cips-ffhq
img000341.jpg,cips/cips-ffhq/img000341.jpg,6,cips-ffhq
img002547.jpg,cips/cips-ffhq/img002547.jpg,6,cips-ffhq
img002105.jpg,cips/cips-ffhq/img002105.jpg,6,cips-ffhq
img000974.jpg,cips/cips-ffhq/img000974.jpg,6,cips-ffhq
img000762.jpg,cips/cips-ffhq/img000762.jpg,6,cips-ffhq
img003994.jpg,cips/cips-ffhq/img003994.jpg,6,cips-ffhq
img001702.jpg,cips/cips-ffhq/img001702.jpg,6,cips-ffhq
img003914.jpg,cips/cips-ffhq/img003914.jpg,6,cips-ffhq
img002021.jpg,cips/cips-ffhq/img002021.jpg,6,cips-ffhq
img002269.jpg,cips/cips-ffhq/img002269.jpg,6,cips-ffhq
img000021.jpg,cips/cips-ffhq/img000021.jpg,6,cips-ffhq
img004237.jpg,cips/cips-ffhq/img004237.jpg,6,cips-ffhq
img001055.jpg,cips/cips-ffhq/img001055.jpg,6,cips-ffhq
img002217.jpg,cips/cips-ffhq/img002217.jpg,6,cips-ffhq
img004030.jpg,cips/cips-ffhq/img004030.jpg,6,cips-ffhq
img001442.jpg,cips/cips-ffhq/img001442.jpg,6,cips-ffhq
img003149.jpg,cips/cips-ffhq/img003149.jpg,6,cips-ffhq
img000288.jpg,cips/cips-ffhq/img000288.jpg,6,cips-ffhq
img002550.jpg,cips/cips-ffhq/img002550.jpg,6,cips-ffhq
img000693.jpg,cips/cips-ffhq/img000693.jpg,6,cips-ffhq
img003334.jpg,cips/cips-ffhq/img003334.jpg,6,cips-ffhq
img001019.jpg,cips/cips-ffhq/img001019.jpg,6,cips-ffhq
img002452.jpg,cips/cips-ffhq/img002452.jpg,6,cips-ffhq
img001554.jpg,cips/cips-ffhq/img001554.jpg,6,cips-ffhq
img000956.jpg,cips/cips-ffhq/img000956.jpg,6,cips-ffhq
img002092.jpg,cips/cips-ffhq/img002092.jpg,6,cips-ffhq
img000560.jpg,cips/cips-ffhq/img000560.jpg,6,cips-ffhq
img000859.jpg,cips/cips-ffhq/img000859.jpg,6,cips-ffhq
img001045.jpg,cips/cips-ffhq/img001045.jpg,6,cips-ffhq
img004759.jpg,cips/cips-ffhq/img004759.jpg,6,cips-ffhq
img002757.jpg,cips/cips-ffhq/img002757.jpg,6,cips-ffhq
img000745.jpg,cips/cips-ffhq/img000745.jpg,6,cips-ffhq
img003244.jpg,cips/cips-ffhq/img003244.jpg,6,cips-ffhq
img004024.jpg,cips/cips-ffhq/img004024.jpg,6,cips-ffhq
img002251.jpg,cips/cips-ffhq/img002251.jpg,6,cips-ffhq
img000175.jpg,cips/cips-ffhq/img000175.jpg,6,cips-ffhq
img002989.jpg,cips/cips-ffhq/img002989.jpg,6,cips-ffhq
img002469.jpg,cips/cips-ffhq/img002469.jpg,6,cips-ffhq
img001335.jpg,cips/cips-ffhq/img001335.jpg,6,cips-ffhq
img002189.jpg,cips/cips-ffhq/img002189.jpg,6,cips-ffhq
img003790.jpg,cips/cips-ffhq/img003790.jpg,6,cips-ffhq
img001904.jpg,cips/cips-ffhq/img001904.jpg,6,cips-ffhq
img002085.jpg,cips/cips-ffhq/img002085.jpg,6,cips-ffhq
img001176.jpg,cips/cips-ffhq/img001176.jpg,6,cips-ffhq
img004371.jpg,cips/cips-ffhq/img004371.jpg,6,cips-ffhq
img001290.jpg,cips/cips-ffhq/img001290.jpg,6,cips-ffhq
img002535.jpg,cips/cips-ffhq/img002535.jpg,6,cips-ffhq
img002005.jpg,cips/cips-ffhq/img002005.jpg,6,cips-ffhq
img001321.jpg,cips/cips-ffhq/img001321.jpg,6,cips-ffhq
img003201.jpg,cips/cips-ffhq/img003201.jpg,6,cips-ffhq
img004139.jpg,cips/cips-ffhq/img004139.jpg,6,cips-ffhq
img002097.jpg,cips/cips-ffhq/img002097.jpg,6,cips-ffhq
img002663.jpg,cips/cips-ffhq/img002663.jpg,6,cips-ffhq
img002405.jpg,cips/cips-ffhq/img002405.jpg,6,cips-ffhq
img004124.jpg,cips/cips-ffhq/img004124.jpg,6,cips-ffhq
img004143.jpg,cips/cips-ffhq/img004143.jpg,6,cips-ffhq
img004064.jpg,cips/cips-ffhq/img004064.jpg,6,cips-ffhq
img000280.jpg,cips/cips-ffhq/img000280.jpg,6,cips-ffhq
img000321.jpg,cips/cips-ffhq/img000321.jpg,6,cips-ffhq
img000311.jpg,cips/cips-ffhq/img000311.jpg,6,cips-ffhq
img002303.jpg,cips/cips-ffhq/img002303.jpg,6,cips-ffhq
img003904.jpg,cips/cips-ffhq/img003904.jpg,6,cips-ffhq
img003047.jpg,cips/cips-ffhq/img003047.jpg,6,cips-ffhq
img004213.jpg,cips/cips-ffhq/img004213.jpg,6,cips-ffhq
img002651.jpg,cips/cips-ffhq/img002651.jpg,6,cips-ffhq
img001015.jpg,cips/cips-ffhq/img001015.jpg,6,cips-ffhq
img003340.jpg,cips/cips-ffhq/img003340.jpg,6,cips-ffhq
img000739.jpg,cips/cips-ffhq/img000739.jpg,6,cips-ffhq
img003843.jpg,cips/cips-ffhq/img003843.jpg,6,cips-ffhq
img000591.jpg,cips/cips-ffhq/img000591.jpg,6,cips-ffhq
img000643.jpg,cips/cips-ffhq/img000643.jpg,6,cips-ffhq
img002239.jpg,cips/cips-ffhq/img002239.jpg,6,cips-ffhq
img002131.jpg,cips/cips-ffhq/img002131.jpg,6,cips-ffhq
img002522.jpg,cips/cips-ffhq/img002522.jpg,6,cips-ffhq
img004286.jpg,cips/cips-ffhq/img004286.jpg,6,cips-ffhq
img002614.jpg,cips/cips-ffhq/img002614.jpg,6,cips-ffhq
img001660.jpg,cips/cips-ffhq/img001660.jpg,6,cips-ffhq
img001112.jpg,cips/cips-ffhq/img001112.jpg,6,cips-ffhq
img002101.jpg,cips/cips-ffhq/img002101.jpg,6,cips-ffhq
img004748.jpg,cips/cips-ffhq/img004748.jpg,6,cips-ffhq
img002840.jpg,cips/cips-ffhq/img002840.jpg,6,cips-ffhq
img001600.jpg,cips/cips-ffhq/img001600.jpg,6,cips-ffhq
img000918.jpg,cips/cips-ffhq/img000918.jpg,6,cips-ffhq
img001281.jpg,cips/cips-ffhq/img001281.jpg,6,cips-ffhq
img001331.jpg,cips/cips-ffhq/img001331.jpg,6,cips-ffhq
img001612.jpg,cips/cips-ffhq/img001612.jpg,6,cips-ffhq
img002818.jpg,cips/cips-ffhq/img002818.jpg,6,cips-ffhq
img000042.jpg,cips/cips-ffhq/img000042.jpg,6,cips-ffhq
img003442.jpg,cips/cips-ffhq/img003442.jpg,6,cips-ffhq
img001680.jpg,cips/cips-ffhq/img001680.jpg,6,cips-ffhq
img001158.jpg,cips/cips-ffhq/img001158.jpg,6,cips-ffhq
img000752.jpg,cips/cips-ffhq/img000752.jpg,6,cips-ffhq
img002109.jpg,cips/cips-ffhq/img002109.jpg,6,cips-ffhq
img001805.jpg,cips/cips-ffhq/img001805.jpg,6,cips-ffhq
img001006.jpg,cips/cips-ffhq/img001006.jpg,6,cips-ffhq
img001494.jpg,cips/cips-ffhq/img001494.jpg,6,cips-ffhq
img001271.jpg,cips/cips-ffhq/img001271.jpg,6,cips-ffhq
img000534.jpg,cips/cips-ffhq/img000534.jpg,6,cips-ffhq
img001114.jpg,cips/cips-ffhq/img001114.jpg,6,cips-ffhq
img000879.jpg,cips/cips-ffhq/img000879.jpg,6,cips-ffhq
img004098.jpg,cips/cips-ffhq/img004098.jpg,6,cips-ffhq
img003064.jpg,cips/cips-ffhq/img003064.jpg,6,cips-ffhq
img003148.jpg,cips/cips-ffhq/img003148.jpg,6,cips-ffhq
img003555.jpg,cips/cips-ffhq/img003555.jpg,6,cips-ffhq
img001241.jpg,cips/cips-ffhq/img001241.jpg,6,cips-ffhq
img003648.jpg,cips/cips-ffhq/img003648.jpg,6,cips-ffhq
img004122.jpg,cips/cips-ffhq/img004122.jpg,6,cips-ffhq
img002855.jpg,cips/cips-ffhq/img002855.jpg,6,cips-ffhq
img000487.jpg,cips/cips-ffhq/img000487.jpg,6,cips-ffhq
img001318.jpg,cips/cips-ffhq/img001318.jpg,6,cips-ffhq
img003473.jpg,cips/cips-ffhq/img003473.jpg,6,cips-ffhq
img000649.jpg,cips/cips-ffhq/img000649.jpg,6,cips-ffhq
img003277.jpg,cips/cips-ffhq/img003277.jpg,6,cips-ffhq
img001259.jpg,cips/cips-ffhq/img001259.jpg,6,cips-ffhq
img001034.jpg,cips/cips-ffhq/img001034.jpg,6,cips-ffhq
img000667.jpg,cips/cips-ffhq/img000667.jpg,6,cips-ffhq
img004788.jpg,cips/cips-ffhq/img004788.jpg,6,cips-ffhq
img001411.jpg,cips/cips-ffhq/img001411.jpg,6,cips-ffhq
img004505.jpg,cips/cips-ffhq/img004505.jpg,6,cips-ffhq
img000452.jpg,cips/cips-ffhq/img000452.jpg,6,cips-ffhq
img003877.jpg,cips/cips-ffhq/img003877.jpg,6,cips-ffhq
img004117.jpg,cips/cips-ffhq/img004117.jpg,6,cips-ffhq
img000483.jpg,cips/cips-ffhq/img000483.jpg,6,cips-ffhq
img001341.jpg,cips/cips-ffhq/img001341.jpg,6,cips-ffhq
img003727.jpg,cips/cips-ffhq/img003727.jpg,6,cips-ffhq
img002656.jpg,cips/cips-ffhq/img002656.jpg,6,cips-ffhq
img003779.jpg,cips/cips-ffhq/img003779.jpg,6,cips-ffhq
img000155.jpg,cips/cips-ffhq/img000155.jpg,6,cips-ffhq
img000550.jpg,cips/cips-ffhq/img000550.jpg,6,cips-ffhq
img001033.jpg,cips/cips-ffhq/img001033.jpg,6,cips-ffhq
img000832.jpg,cips/cips-ffhq/img000832.jpg,6,cips-ffhq
img003571.jpg,cips/cips-ffhq/img003571.jpg,6,cips-ffhq
img002048.jpg,cips/cips-ffhq/img002048.jpg,6,cips-ffhq
img000249.jpg,cips/cips-ffhq/img000249.jpg,6,cips-ffhq
img000234.jpg,cips/cips-ffhq/img000234.jpg,6,cips-ffhq
img001853.jpg,cips/cips-ffhq/img001853.jpg,6,cips-ffhq
img001670.jpg,cips/cips-ffhq/img001670.jpg,6,cips-ffhq
img002616.jpg,cips/cips-ffhq/img002616.jpg,6,cips-ffhq
img002439.jpg,cips/cips-ffhq/img002439.jpg,6,cips-ffhq
img001534.jpg,cips/cips-ffhq/img001534.jpg,6,cips-ffhq
img004689.jpg,cips/cips-ffhq/img004689.jpg,6,cips-ffhq
img002619.jpg,cips/cips-ffhq/img002619.jpg,6,cips-ffhq
img004570.jpg,cips/cips-ffhq/img004570.jpg,6,cips-ffhq
img003978.jpg,cips/cips-ffhq/img003978.jpg,6,cips-ffhq
img004192.jpg,cips/cips-ffhq/img004192.jpg,6,cips-ffhq
img000243.jpg,cips/cips-ffhq/img000243.jpg,6,cips-ffhq
img002826.jpg,cips/cips-ffhq/img002826.jpg,6,cips-ffhq
img002129.jpg,cips/cips-ffhq/img002129.jpg,6,cips-ffhq
img004583.jpg,cips/cips-ffhq/img004583.jpg,6,cips-ffhq
img000504.jpg,cips/cips-ffhq/img000504.jpg,6,cips-ffhq
img004077.jpg,cips/cips-ffhq/img004077.jpg,6,cips-ffhq
img003793.jpg,cips/cips-ffhq/img003793.jpg,6,cips-ffhq
img001605.jpg,cips/cips-ffhq/img001605.jpg,6,cips-ffhq
img000410.jpg,cips/cips-ffhq/img000410.jpg,6,cips-ffhq
img003300.jpg,cips/cips-ffhq/img003300.jpg,6,cips-ffhq
img003413.jpg,cips/cips-ffhq/img003413.jpg,6,cips-ffhq
img002800.jpg,cips/cips-ffhq/img002800.jpg,6,cips-ffhq
img001553.jpg,cips/cips-ffhq/img001553.jpg,6,cips-ffhq
img001626.jpg,cips/cips-ffhq/img001626.jpg,6,cips-ffhq
img002669.jpg,cips/cips-ffhq/img002669.jpg,6,cips-ffhq
img002171.jpg,cips/cips-ffhq/img002171.jpg,6,cips-ffhq
img000262.jpg,cips/cips-ffhq/img000262.jpg,6,cips-ffhq
img004202.jpg,cips/cips-ffhq/img004202.jpg,6,cips-ffhq
img004406.jpg,cips/cips-ffhq/img004406.jpg,6,cips-ffhq
img001462.jpg,cips/cips-ffhq/img001462.jpg,6,cips-ffhq
img003342.jpg,cips/cips-ffhq/img003342.jpg,6,cips-ffhq
img000143.jpg,cips/cips-ffhq/img000143.jpg,6,cips-ffhq
img001130.jpg,cips/cips-ffhq/img001130.jpg,6,cips-ffhq
img001580.jpg,cips/cips-ffhq/img001580.jpg,6,cips-ffhq
img003688.jpg,cips/cips-ffhq/img003688.jpg,6,cips-ffhq
img004271.jpg,cips/cips-ffhq/img004271.jpg,6,cips-ffhq
img001287.jpg,cips/cips-ffhq/img001287.jpg,6,cips-ffhq
img001436.jpg,cips/cips-ffhq/img001436.jpg,6,cips-ffhq
img003305.jpg,cips/cips-ffhq/img003305.jpg,6,cips-ffhq
img000741.jpg,cips/cips-ffhq/img000741.jpg,6,cips-ffhq
img002305.jpg,cips/cips-ffhq/img002305.jpg,6,cips-ffhq
img000078.jpg,cips/cips-ffhq/img000078.jpg,6,cips-ffhq
img001459.jpg,cips/cips-ffhq/img001459.jpg,6,cips-ffhq
img003351.jpg,cips/cips-ffhq/img003351.jpg,6,cips-ffhq
img001656.jpg,cips/cips-ffhq/img001656.jpg,6,cips-ffhq
img004128.jpg,cips/cips-ffhq/img004128.jpg,6,cips-ffhq
img004056.jpg,cips/cips-ffhq/img004056.jpg,6,cips-ffhq
img004287.jpg,cips/cips-ffhq/img004287.jpg,6,cips-ffhq
img001165.jpg,cips/cips-ffhq/img001165.jpg,6,cips-ffhq
img001557.jpg,cips/cips-ffhq/img001557.jpg,6,cips-ffhq
img000405.jpg,cips/cips-ffhq/img000405.jpg,6,cips-ffhq
img003415.jpg,cips/cips-ffhq/img003415.jpg,6,cips-ffhq
img000488.jpg,cips/cips-ffhq/img000488.jpg,6,cips-ffhq
img002657.jpg,cips/cips-ffhq/img002657.jpg,6,cips-ffhq
img003845.jpg,cips/cips-ffhq/img003845.jpg,6,cips-ffhq
img003805.jpg,cips/cips-ffhq/img003805.jpg,6,cips-ffhq
img003050.jpg,cips/cips-ffhq/img003050.jpg,6,cips-ffhq
img003264.jpg,cips/cips-ffhq/img003264.jpg,6,cips-ffhq
img000868.jpg,cips/cips-ffhq/img000868.jpg,6,cips-ffhq
img003613.jpg,cips/cips-ffhq/img003613.jpg,6,cips-ffhq
img000384.jpg,cips/cips-ffhq/img000384.jpg,6,cips-ffhq
img004775.jpg,cips/cips-ffhq/img004775.jpg,6,cips-ffhq
img002300.jpg,cips/cips-ffhq/img002300.jpg,6,cips-ffhq
img004066.jpg,cips/cips-ffhq/img004066.jpg,6,cips-ffhq
img003637.jpg,cips/cips-ffhq/img003637.jpg,6,cips-ffhq
img002592.jpg,cips/cips-ffhq/img002592.jpg,6,cips-ffhq
img000518.jpg,cips/cips-ffhq/img000518.jpg,6,cips-ffhq
img002352.jpg,cips/cips-ffhq/img002352.jpg,6,cips-ffhq
img001154.jpg,cips/cips-ffhq/img001154.jpg,6,cips-ffhq
img004712.jpg,cips/cips-ffhq/img004712.jpg,6,cips-ffhq
img001810.jpg,cips/cips-ffhq/img001810.jpg,6,cips-ffhq
img001963.jpg,cips/cips-ffhq/img001963.jpg,6,cips-ffhq
img003705.jpg,cips/cips-ffhq/img003705.jpg,6,cips-ffhq
img001432.jpg,cips/cips-ffhq/img001432.jpg,6,cips-ffhq
img002228.jpg,cips/cips-ffhq/img002228.jpg,6,cips-ffhq
img003111.jpg,cips/cips-ffhq/img003111.jpg,6,cips-ffhq
img000327.jpg,cips/cips-ffhq/img000327.jpg,6,cips-ffhq
img003619.jpg,cips/cips-ffhq/img003619.jpg,6,cips-ffhq
img000015.jpg,cips/cips-ffhq/img000015.jpg,6,cips-ffhq
img004413.jpg,cips/cips-ffhq/img004413.jpg,6,cips-ffhq
img001258.jpg,cips/cips-ffhq/img001258.jpg,6,cips-ffhq
img004684.jpg,cips/cips-ffhq/img004684.jpg,6,cips-ffhq
img002754.jpg,cips/cips-ffhq/img002754.jpg,6,cips-ffhq
img002216.jpg,cips/cips-ffhq/img002216.jpg,6,cips-ffhq
img002841.jpg,cips/cips-ffhq/img002841.jpg,6,cips-ffhq
img000264.jpg,cips/cips-ffhq/img000264.jpg,6,cips-ffhq
img000085.jpg,cips/cips-ffhq/img000085.jpg,6,cips-ffhq
img003803.jpg,cips/cips-ffhq/img003803.jpg,6,cips-ffhq
img004487.jpg,cips/cips-ffhq/img004487.jpg,6,cips-ffhq
img004164.jpg,cips/cips-ffhq/img004164.jpg,6,cips-ffhq
img004707.jpg,cips/cips-ffhq/img004707.jpg,6,cips-ffhq
img003269.jpg,cips/cips-ffhq/img003269.jpg,6,cips-ffhq
img004664.jpg,cips/cips-ffhq/img004664.jpg,6,cips-ffhq
img004293.jpg,cips/cips-ffhq/img004293.jpg,6,cips-ffhq
img003260.jpg,cips/cips-ffhq/img003260.jpg,6,cips-ffhq
img003418.jpg,cips/cips-ffhq/img003418.jpg,6,cips-ffhq
img004444.jpg,cips/cips-ffhq/img004444.jpg,6,cips-ffhq
img001644.jpg,cips/cips-ffhq/img001644.jpg,6,cips-ffhq
img000220.jpg,cips/cips-ffhq/img000220.jpg,6,cips-ffhq
img003560.jpg,cips/cips-ffhq/img003560.jpg,6,cips-ffhq
img003205.jpg,cips/cips-ffhq/img003205.jpg,6,cips-ffhq
img000502.jpg,cips/cips-ffhq/img000502.jpg,6,cips-ffhq
img000583.jpg,cips/cips-ffhq/img000583.jpg,6,cips-ffhq
img001293.jpg,cips/cips-ffhq/img001293.jpg,6,cips-ffhq
img000448.jpg,cips/cips-ffhq/img000448.jpg,6,cips-ffhq
img004111.jpg,cips/cips-ffhq/img004111.jpg,6,cips-ffhq
img003527.jpg,cips/cips-ffhq/img003527.jpg,6,cips-ffhq
img001547.jpg,cips/cips-ffhq/img001547.jpg,6,cips-ffhq
img001367.jpg,cips/cips-ffhq/img001367.jpg,6,cips-ffhq
img003357.jpg,cips/cips-ffhq/img003357.jpg,6,cips-ffhq
img002484.jpg,cips/cips-ffhq/img002484.jpg,6,cips-ffhq
img000992.jpg,cips/cips-ffhq/img000992.jpg,6,cips-ffhq
img000054.jpg,cips/cips-ffhq/img000054.jpg,6,cips-ffhq
img004509.jpg,cips/cips-ffhq/img004509.jpg,6,cips-ffhq
img000594.jpg,cips/cips-ffhq/img000594.jpg,6,cips-ffhq
img001106.jpg,cips/cips-ffhq/img001106.jpg,6,cips-ffhq
img000436.jpg,cips/cips-ffhq/img000436.jpg,6,cips-ffhq
img001602.jpg,cips/cips-ffhq/img001602.jpg,6,cips-ffhq
img003970.jpg,cips/cips-ffhq/img003970.jpg,6,cips-ffhq
img003947.jpg,cips/cips-ffhq/img003947.jpg,6,cips-ffhq
img002007.jpg,cips/cips-ffhq/img002007.jpg,6,cips-ffhq
img004726.jpg,cips/cips-ffhq/img004726.jpg,6,cips-ffhq
img002573.jpg,cips/cips-ffhq/img002573.jpg,6,cips-ffhq
img004232.jpg,cips/cips-ffhq/img004232.jpg,6,cips-ffhq
img002296.jpg,cips/cips-ffhq/img002296.jpg,6,cips-ffhq
img002331.jpg,cips/cips-ffhq/img002331.jpg,6,cips-ffhq
img001869.jpg,cips/cips-ffhq/img001869.jpg,6,cips-ffhq
img004176.jpg,cips/cips-ffhq/img004176.jpg,6,cips-ffhq
img002315.jpg,cips/cips-ffhq/img002315.jpg,6,cips-ffhq
img000948.jpg,cips/cips-ffhq/img000948.jpg,6,cips-ffhq
img000665.jpg,cips/cips-ffhq/img000665.jpg,6,cips-ffhq
img001391.jpg,cips/cips-ffhq/img001391.jpg,6,cips-ffhq
img003192.jpg,cips/cips-ffhq/img003192.jpg,6,cips-ffhq
img000625.jpg,cips/cips-ffhq/img000625.jpg,6,cips-ffhq
img003379.jpg,cips/cips-ffhq/img003379.jpg,6,cips-ffhq
img001908.jpg,cips/cips-ffhq/img001908.jpg,6,cips-ffhq
img000009.jpg,cips/cips-ffhq/img000009.jpg,6,cips-ffhq
img003700.jpg,cips/cips-ffhq/img003700.jpg,6,cips-ffhq
img004518.jpg,cips/cips-ffhq/img004518.jpg,6,cips-ffhq
img002751.jpg,cips/cips-ffhq/img002751.jpg,6,cips-ffhq
img002438.jpg,cips/cips-ffhq/img002438.jpg,6,cips-ffhq
img000635.jpg,cips/cips-ffhq/img000635.jpg,6,cips-ffhq
img000492.jpg,cips/cips-ffhq/img000492.jpg,6,cips-ffhq
img000530.jpg,cips/cips-ffhq/img000530.jpg,6,cips-ffhq
img004603.jpg,cips/cips-ffhq/img004603.jpg,6,cips-ffhq
img002463.jpg,cips/cips-ffhq/img002463.jpg,6,cips-ffhq
img003526.jpg,cips/cips-ffhq/img003526.jpg,6,cips-ffhq
img000101.jpg,cips/cips-ffhq/img000101.jpg,6,cips-ffhq
img001857.jpg,cips/cips-ffhq/img001857.jpg,6,cips-ffhq
img000332.jpg,cips/cips-ffhq/img000332.jpg,6,cips-ffhq
img000968.jpg,cips/cips-ffhq/img000968.jpg,6,cips-ffhq
img003108.jpg,cips/cips-ffhq/img003108.jpg,6,cips-ffhq
img004555.jpg,cips/cips-ffhq/img004555.jpg,6,cips-ffhq
img000398.jpg,cips/cips-ffhq/img000398.jpg,6,cips-ffhq
img002314.jpg,cips/cips-ffhq/img002314.jpg,6,cips-ffhq
img000271.jpg,cips/cips-ffhq/img000271.jpg,6,cips-ffhq
img001430.jpg,cips/cips-ffhq/img001430.jpg,6,cips-ffhq
img002353.jpg,cips/cips-ffhq/img002353.jpg,6,cips-ffhq
img004720.jpg,cips/cips-ffhq/img004720.jpg,6,cips-ffhq
img002969.jpg,cips/cips-ffhq/img002969.jpg,6,cips-ffhq
img003669.jpg,cips/cips-ffhq/img003669.jpg,6,cips-ffhq
img001629.jpg,cips/cips-ffhq/img001629.jpg,6,cips-ffhq
img004407.jpg,cips/cips-ffhq/img004407.jpg,6,cips-ffhq
img001927.jpg,cips/cips-ffhq/img001927.jpg,6,cips-ffhq
img000727.jpg,cips/cips-ffhq/img000727.jpg,6,cips-ffhq
img003364.jpg,cips/cips-ffhq/img003364.jpg,6,cips-ffhq
img003171.jpg,cips/cips-ffhq/img003171.jpg,6,cips-ffhq
img002947.jpg,cips/cips-ffhq/img002947.jpg,6,cips-ffhq
img002714.jpg,cips/cips-ffhq/img002714.jpg,6,cips-ffhq
img000540.jpg,cips/cips-ffhq/img000540.jpg,6,cips-ffhq
img003005.jpg,cips/cips-ffhq/img003005.jpg,6,cips-ffhq
img000050.jpg,cips/cips-ffhq/img000050.jpg,6,cips-ffhq
img003252.jpg,cips/cips-ffhq/img003252.jpg,6,cips-ffhq
img001183.jpg,cips/cips-ffhq/img001183.jpg,6,cips-ffhq
img004040.jpg,cips/cips-ffhq/img004040.jpg,6,cips-ffhq
img004496.jpg,cips/cips-ffhq/img004496.jpg,6,cips-ffhq
img001814.jpg,cips/cips-ffhq/img001814.jpg,6,cips-ffhq
img002939.jpg,cips/cips-ffhq/img002939.jpg,6,cips-ffhq
img000787.jpg,cips/cips-ffhq/img000787.jpg,6,cips-ffhq
img001615.jpg,cips/cips-ffhq/img001615.jpg,6,cips-ffhq
img000564.jpg,cips/cips-ffhq/img000564.jpg,6,cips-ffhq
img004574.jpg,cips/cips-ffhq/img004574.jpg,6,cips-ffhq
img001933.jpg,cips/cips-ffhq/img001933.jpg,6,cips-ffhq
img002432.jpg,cips/cips-ffhq/img002432.jpg,6,cips-ffhq
img001527.jpg,cips/cips-ffhq/img001527.jpg,6,cips-ffhq
img002072.jpg,cips/cips-ffhq/img002072.jpg,6,cips-ffhq
img004045.jpg,cips/cips-ffhq/img004045.jpg,6,cips-ffhq
img002580.jpg,cips/cips-ffhq/img002580.jpg,6,cips-ffhq
img000445.jpg,cips/cips-ffhq/img000445.jpg,6,cips-ffhq
img000019.jpg,cips/cips-ffhq/img000019.jpg,6,cips-ffhq
img002250.jpg,cips/cips-ffhq/img002250.jpg,6,cips-ffhq
img001392.jpg,cips/cips-ffhq/img001392.jpg,6,cips-ffhq
img001135.jpg,cips/cips-ffhq/img001135.jpg,6,cips-ffhq
img002968.jpg,cips/cips-ffhq/img002968.jpg,6,cips-ffhq
img004460.jpg,cips/cips-ffhq/img004460.jpg,6,cips-ffhq
img002278.jpg,cips/cips-ffhq/img002278.jpg,6,cips-ffhq
img001986.jpg,cips/cips-ffhq/img001986.jpg,6,cips-ffhq
img004651.jpg,cips/cips-ffhq/img004651.jpg,6,cips-ffhq
img000655.jpg,cips/cips-ffhq/img000655.jpg,6,cips-ffhq
img002684.jpg,cips/cips-ffhq/img002684.jpg,6,cips-ffhq
img003516.jpg,cips/cips-ffhq/img003516.jpg,6,cips-ffhq
img003385.jpg,cips/cips-ffhq/img003385.jpg,6,cips-ffhq
img002987.jpg,cips/cips-ffhq/img002987.jpg,6,cips-ffhq
img003336.jpg,cips/cips-ffhq/img003336.jpg,6,cips-ffhq
img002658.jpg,cips/cips-ffhq/img002658.jpg,6,cips-ffhq
img001710.jpg,cips/cips-ffhq/img001710.jpg,6,cips-ffhq
img004626.jpg,cips/cips-ffhq/img004626.jpg,6,cips-ffhq
img002943.jpg,cips/cips-ffhq/img002943.jpg,6,cips-ffhq
img004108.jpg,cips/cips-ffhq/img004108.jpg,6,cips-ffhq
img003699.jpg,cips/cips-ffhq/img003699.jpg,6,cips-ffhq
img000251.jpg,cips/cips-ffhq/img000251.jpg,6,cips-ffhq
img002380.jpg,cips/cips-ffhq/img002380.jpg,6,cips-ffhq
img001614.jpg,cips/cips-ffhq/img001614.jpg,6,cips-ffhq
img001930.jpg,cips/cips-ffhq/img001930.jpg,6,cips-ffhq
img001440.jpg,cips/cips-ffhq/img001440.jpg,6,cips-ffhq
img001350.jpg,cips/cips-ffhq/img001350.jpg,6,cips-ffhq
img004766.jpg,cips/cips-ffhq/img004766.jpg,6,cips-ffhq
img002597.jpg,cips/cips-ffhq/img002597.jpg,6,cips-ffhq
img000892.jpg,cips/cips-ffhq/img000892.jpg,6,cips-ffhq
img003912.jpg,cips/cips-ffhq/img003912.jpg,6,cips-ffhq
img000431.jpg,cips/cips-ffhq/img000431.jpg,6,cips-ffhq
img004439.jpg,cips/cips-ffhq/img004439.jpg,6,cips-ffhq
img000865.jpg,cips/cips-ffhq/img000865.jpg,6,cips-ffhq
img003306.jpg,cips/cips-ffhq/img003306.jpg,6,cips-ffhq
img004440.jpg,cips/cips-ffhq/img004440.jpg,6,cips-ffhq
img001150.jpg,cips/cips-ffhq/img001150.jpg,6,cips-ffhq
img000012.jpg,cips/cips-ffhq/img000012.jpg,6,cips-ffhq
img002208.jpg,cips/cips-ffhq/img002208.jpg,6,cips-ffhq
img003944.jpg,cips/cips-ffhq/img003944.jpg,6,cips-ffhq
img004119.jpg,cips/cips-ffhq/img004119.jpg,6,cips-ffhq
img002505.jpg,cips/cips-ffhq/img002505.jpg,6,cips-ffhq
img003635.jpg,cips/cips-ffhq/img003635.jpg,6,cips-ffhq
img000795.jpg,cips/cips-ffhq/img000795.jpg,6,cips-ffhq
img003164.jpg,cips/cips-ffhq/img003164.jpg,6,cips-ffhq
img000898.jpg,cips/cips-ffhq/img000898.jpg,6,cips-ffhq
img000608.jpg,cips/cips-ffhq/img000608.jpg,6,cips-ffhq
img000326.jpg,cips/cips-ffhq/img000326.jpg,6,cips-ffhq
img003544.jpg,cips/cips-ffhq/img003544.jpg,6,cips-ffhq
img002372.jpg,cips/cips-ffhq/img002372.jpg,6,cips-ffhq
img000158.jpg,cips/cips-ffhq/img000158.jpg,6,cips-ffhq
img002219.jpg,cips/cips-ffhq/img002219.jpg,6,cips-ffhq
img002491.jpg,cips/cips-ffhq/img002491.jpg,6,cips-ffhq
img001326.jpg,cips/cips-ffhq/img001326.jpg,6,cips-ffhq
img001939.jpg,cips/cips-ffhq/img001939.jpg,6,cips-ffhq
img004379.jpg,cips/cips-ffhq/img004379.jpg,6,cips-ffhq
img001360.jpg,cips/cips-ffhq/img001360.jpg,6,cips-ffhq
img001140.jpg,cips/cips-ffhq/img001140.jpg,6,cips-ffhq
img001136.jpg,cips/cips-ffhq/img001136.jpg,6,cips-ffhq
img004212.jpg,cips/cips-ffhq/img004212.jpg,6,cips-ffhq
img003059.jpg,cips/cips-ffhq/img003059.jpg,6,cips-ffhq
img004317.jpg,cips/cips-ffhq/img004317.jpg,6,cips-ffhq
img001358.jpg,cips/cips-ffhq/img001358.jpg,6,cips-ffhq
img002459.jpg,cips/cips-ffhq/img002459.jpg,6,cips-ffhq
img000364.jpg,cips/cips-ffhq/img000364.jpg,6,cips-ffhq
img003242.jpg,cips/cips-ffhq/img003242.jpg,6,cips-ffhq
img003472.jpg,cips/cips-ffhq/img003472.jpg,6,cips-ffhq
img000629.jpg,cips/cips-ffhq/img000629.jpg,6,cips-ffhq
img000508.jpg,cips/cips-ffhq/img000508.jpg,6,cips-ffhq
img003989.jpg,cips/cips-ffhq/img003989.jpg,6,cips-ffhq
img003812.jpg,cips/cips-ffhq/img003812.jpg,6,cips-ffhq
img004251.jpg,cips/cips-ffhq/img004251.jpg,6,cips-ffhq
img004267.jpg,cips/cips-ffhq/img004267.jpg,6,cips-ffhq
img003908.jpg,cips/cips-ffhq/img003908.jpg,6,cips-ffhq
img002400.jpg,cips/cips-ffhq/img002400.jpg,6,cips-ffhq
img000991.jpg,cips/cips-ffhq/img000991.jpg,6,cips-ffhq
img001941.jpg,cips/cips-ffhq/img001941.jpg,6,cips-ffhq
img000313.jpg,cips/cips-ffhq/img000313.jpg,6,cips-ffhq
img003849.jpg,cips/cips-ffhq/img003849.jpg,6,cips-ffhq
img004598.jpg,cips/cips-ffhq/img004598.jpg,6,cips-ffhq
img000913.jpg,cips/cips-ffhq/img000913.jpg,6,cips-ffhq
img000878.jpg,cips/cips-ffhq/img000878.jpg,6,cips-ffhq
img003221.jpg,cips/cips-ffhq/img003221.jpg,6,cips-ffhq
img001905.jpg,cips/cips-ffhq/img001905.jpg,6,cips-ffhq
img001263.jpg,cips/cips-ffhq/img001263.jpg,6,cips-ffhq
img002816.jpg,cips/cips-ffhq/img002816.jpg,6,cips-ffhq
img004653.jpg,cips/cips-ffhq/img004653.jpg,6,cips-ffhq
img000523.jpg,cips/cips-ffhq/img000523.jpg,6,cips-ffhq
img000025.jpg,cips/cips-ffhq/img000025.jpg,6,cips-ffhq
img002121.jpg,cips/cips-ffhq/img002121.jpg,6,cips-ffhq
img002279.jpg,cips/cips-ffhq/img002279.jpg,6,cips-ffhq
img002848.jpg,cips/cips-ffhq/img002848.jpg,6,cips-ffhq
img001544.jpg,cips/cips-ffhq/img001544.jpg,6,cips-ffhq
img001212.jpg,cips/cips-ffhq/img001212.jpg,6,cips-ffhq
img002802.jpg,cips/cips-ffhq/img002802.jpg,6,cips-ffhq
img000952.jpg,cips/cips-ffhq/img000952.jpg,6,cips-ffhq
img000647.jpg,cips/cips-ffhq/img000647.jpg,6,cips-ffhq
img004429.jpg,cips/cips-ffhq/img004429.jpg,6,cips-ffhq
img001385.jpg,cips/cips-ffhq/img001385.jpg,6,cips-ffhq
img001598.jpg,cips/cips-ffhq/img001598.jpg,6,cips-ffhq
img002415.jpg,cips/cips-ffhq/img002415.jpg,6,cips-ffhq
img000593.jpg,cips/cips-ffhq/img000593.jpg,6,cips-ffhq
img004593.jpg,cips/cips-ffhq/img004593.jpg,6,cips-ffhq
img001164.jpg,cips/cips-ffhq/img001164.jpg,6,cips-ffhq
img003819.jpg,cips/cips-ffhq/img003819.jpg,6,cips-ffhq
img000312.jpg,cips/cips-ffhq/img000312.jpg,6,cips-ffhq
img001387.jpg,cips/cips-ffhq/img001387.jpg,6,cips-ffhq
img001265.jpg,cips/cips-ffhq/img001265.jpg,6,cips-ffhq
img000773.jpg,cips/cips-ffhq/img000773.jpg,6,cips-ffhq
img002069.jpg,cips/cips-ffhq/img002069.jpg,6,cips-ffhq
img003933.jpg,cips/cips-ffhq/img003933.jpg,6,cips-ffhq
img004038.jpg,cips/cips-ffhq/img004038.jpg,6,cips-ffhq
img001219.jpg,cips/cips-ffhq/img001219.jpg,6,cips-ffhq
img000606.jpg,cips/cips-ffhq/img000606.jpg,6,cips-ffhq
img002024.jpg,cips/cips-ffhq/img002024.jpg,6,cips-ffhq
img001458.jpg,cips/cips-ffhq/img001458.jpg,6,cips-ffhq
img003055.jpg,cips/cips-ffhq/img003055.jpg,6,cips-ffhq
img001072.jpg,cips/cips-ffhq/img001072.jpg,6,cips-ffhq
img001307.jpg,cips/cips-ffhq/img001307.jpg,6,cips-ffhq
img004709.jpg,cips/cips-ffhq/img004709.jpg,6,cips-ffhq
img001371.jpg,cips/cips-ffhq/img001371.jpg,6,cips-ffhq
img000842.jpg,cips/cips-ffhq/img000842.jpg,6,cips-ffhq
img003954.jpg,cips/cips-ffhq/img003954.jpg,6,cips-ffhq
img004299.jpg,cips/cips-ffhq/img004299.jpg,6,cips-ffhq
img003512.jpg,cips/cips-ffhq/img003512.jpg,6,cips-ffhq
img003189.jpg,cips/cips-ffhq/img003189.jpg,6,cips-ffhq
img003350.jpg,cips/cips-ffhq/img003350.jpg,6,cips-ffhq
img002929.jpg,cips/cips-ffhq/img002929.jpg,6,cips-ffhq
img001980.jpg,cips/cips-ffhq/img001980.jpg,6,cips-ffhq
img001823.jpg,cips/cips-ffhq/img001823.jpg,6,cips-ffhq
img000796.jpg,cips/cips-ffhq/img000796.jpg,6,cips-ffhq
img003541.jpg,cips/cips-ffhq/img003541.jpg,6,cips-ffhq
img004457.jpg,cips/cips-ffhq/img004457.jpg,6,cips-ffhq
img001452.jpg,cips/cips-ffhq/img001452.jpg,6,cips-ffhq
img000979.jpg,cips/cips-ffhq/img000979.jpg,6,cips-ffhq
img004167.jpg,cips/cips-ffhq/img004167.jpg,6,cips-ffhq
img001722.jpg,cips/cips-ffhq/img001722.jpg,6,cips-ffhq
img000750.jpg,cips/cips-ffhq/img000750.jpg,6,cips-ffhq
img003270.jpg,cips/cips-ffhq/img003270.jpg,6,cips-ffhq
img001032.jpg,cips/cips-ffhq/img001032.jpg,6,cips-ffhq
img003984.jpg,cips/cips-ffhq/img003984.jpg,6,cips-ffhq
img000841.jpg,cips/cips-ffhq/img000841.jpg,6,cips-ffhq
img002056.jpg,cips/cips-ffhq/img002056.jpg,6,cips-ffhq
img003024.jpg,cips/cips-ffhq/img003024.jpg,6,cips-ffhq
img002950.jpg,cips/cips-ffhq/img002950.jpg,6,cips-ffhq
img003439.jpg,cips/cips-ffhq/img003439.jpg,6,cips-ffhq
img001925.jpg,cips/cips-ffhq/img001925.jpg,6,cips-ffhq
img002110.jpg,cips/cips-ffhq/img002110.jpg,6,cips-ffhq
img002212.jpg,cips/cips-ffhq/img002212.jpg,6,cips-ffhq
img003721.jpg,cips/cips-ffhq/img003721.jpg,6,cips-ffhq
img004297.jpg,cips/cips-ffhq/img004297.jpg,6,cips-ffhq
img002164.jpg,cips/cips-ffhq/img002164.jpg,6,cips-ffhq
img001035.jpg,cips/cips-ffhq/img001035.jpg,6,cips-ffhq
img003045.jpg,cips/cips-ffhq/img003045.jpg,6,cips-ffhq
img004154.jpg,cips/cips-ffhq/img004154.jpg,6,cips-ffhq
img001373.jpg,cips/cips-ffhq/img001373.jpg,6,cips-ffhq
img001200.jpg,cips/cips-ffhq/img001200.jpg,6,cips-ffhq
img002184.jpg,cips/cips-ffhq/img002184.jpg,6,cips-ffhq
img000763.jpg,cips/cips-ffhq/img000763.jpg,6,cips-ffhq
img002003.jpg,cips/cips-ffhq/img002003.jpg,6,cips-ffhq
img002006.jpg,cips/cips-ffhq/img002006.jpg,6,cips-ffhq
img001109.jpg,cips/cips-ffhq/img001109.jpg,6,cips-ffhq
img001126.jpg,cips/cips-ffhq/img001126.jpg,6,cips-ffhq
img003165.jpg,cips/cips-ffhq/img003165.jpg,6,cips-ffhq
img002892.jpg,cips/cips-ffhq/img002892.jpg,6,cips-ffhq
img002832.jpg,cips/cips-ffhq/img002832.jpg,6,cips-ffhq
img003549.jpg,cips/cips-ffhq/img003549.jpg,6,cips-ffhq
img000091.jpg,cips/cips-ffhq/img000091.jpg,6,cips-ffhq
img002159.jpg,cips/cips-ffhq/img002159.jpg,6,cips-ffhq
img000925.jpg,cips/cips-ffhq/img000925.jpg,6,cips-ffhq
img000322.jpg,cips/cips-ffhq/img000322.jpg,6,cips-ffhq
img001926.jpg,cips/cips-ffhq/img001926.jpg,6,cips-ffhq
img001232.jpg,cips/cips-ffhq/img001232.jpg,6,cips-ffhq
img001968.jpg,cips/cips-ffhq/img001968.jpg,6,cips-ffhq
img000328.jpg,cips/cips-ffhq/img000328.jpg,6,cips-ffhq
img003987.jpg,cips/cips-ffhq/img003987.jpg,6,cips-ffhq
img002542.jpg,cips/cips-ffhq/img002542.jpg,6,cips-ffhq
img000700.jpg,cips/cips-ffhq/img000700.jpg,6,cips-ffhq
img001713.jpg,cips/cips-ffhq/img001713.jpg,6,cips-ffhq
img003067.jpg,cips/cips-ffhq/img003067.jpg,6,cips-ffhq
img002079.jpg,cips/cips-ffhq/img002079.jpg,6,cips-ffhq
img004482.jpg,cips/cips-ffhq/img004482.jpg,6,cips-ffhq
img001415.jpg,cips/cips-ffhq/img001415.jpg,6,cips-ffhq
img004187.jpg,cips/cips-ffhq/img004187.jpg,6,cips-ffhq
img003126.jpg,cips/cips-ffhq/img003126.jpg,6,cips-ffhq
img002030.jpg,cips/cips-ffhq/img002030.jpg,6,cips-ffhq
img003891.jpg,cips/cips-ffhq/img003891.jpg,6,cips-ffhq
img000725.jpg,cips/cips-ffhq/img000725.jpg,6,cips-ffhq
img004478.jpg,cips/cips-ffhq/img004478.jpg,6,cips-ffhq
img003178.jpg,cips/cips-ffhq/img003178.jpg,6,cips-ffhq
img004677.jpg,cips/cips-ffhq/img004677.jpg,6,cips-ffhq
img004791.jpg,cips/cips-ffhq/img004791.jpg,6,cips-ffhq
img000192.jpg,cips/cips-ffhq/img000192.jpg,6,cips-ffhq
img000872.jpg,cips/cips-ffhq/img000872.jpg,6,cips-ffhq
img001345.jpg,cips/cips-ffhq/img001345.jpg,6,cips-ffhq
img000940.jpg,cips/cips-ffhq/img000940.jpg,6,cips-ffhq
img002280.jpg,cips/cips-ffhq/img002280.jpg,6,cips-ffhq
img002444.jpg,cips/cips-ffhq/img002444.jpg,6,cips-ffhq
img004179.jpg,cips/cips-ffhq/img004179.jpg,6,cips-ffhq
img003563.jpg,cips/cips-ffhq/img003563.jpg,6,cips-ffhq
img001397.jpg,cips/cips-ffhq/img001397.jpg,6,cips-ffhq
img002345.jpg,cips/cips-ffhq/img002345.jpg,6,cips-ffhq
img001957.jpg,cips/cips-ffhq/img001957.jpg,6,cips-ffhq
img002015.jpg,cips/cips-ffhq/img002015.jpg,6,cips-ffhq
img004100.jpg,cips/cips-ffhq/img004100.jpg,6,cips-ffhq
img003545.jpg,cips/cips-ffhq/img003545.jpg,6,cips-ffhq
img003903.jpg,cips/cips-ffhq/img003903.jpg,6,cips-ffhq
img001775.jpg,cips/cips-ffhq/img001775.jpg,6,cips-ffhq
img001320.jpg,cips/cips-ffhq/img001320.jpg,6,cips-ffhq
img003909.jpg,cips/cips-ffhq/img003909.jpg,6,cips-ffhq
img000586.jpg,cips/cips-ffhq/img000586.jpg,6,cips-ffhq
img000538.jpg,cips/cips-ffhq/img000538.jpg,6,cips-ffhq
img000221.jpg,cips/cips-ffhq/img000221.jpg,6,cips-ffhq
img004081.jpg,cips/cips-ffhq/img004081.jpg,6,cips-ffhq
img002910.jpg,cips/cips-ffhq/img002910.jpg,6,cips-ffhq
img003041.jpg,cips/cips-ffhq/img003041.jpg,6,cips-ffhq
img003863.jpg,cips/cips-ffhq/img003863.jpg,6,cips-ffhq
img003202.jpg,cips/cips-ffhq/img003202.jpg,6,cips-ffhq
img004335.jpg,cips/cips-ffhq/img004335.jpg,6,cips-ffhq
img001897.jpg,cips/cips-ffhq/img001897.jpg,6,cips-ffhq
img002938.jpg,cips/cips-ffhq/img002938.jpg,6,cips-ffhq
img004481.jpg,cips/cips-ffhq/img004481.jpg,6,cips-ffhq
img000123.jpg,cips/cips-ffhq/img000123.jpg,6,cips-ffhq
img001491.jpg,cips/cips-ffhq/img001491.jpg,6,cips-ffhq
img002704.jpg,cips/cips-ffhq/img002704.jpg,6,cips-ffhq
img000801.jpg,cips/cips-ffhq/img000801.jpg,6,cips-ffhq
img002281.jpg,cips/cips-ffhq/img002281.jpg,6,cips-ffhq
img004342.jpg,cips/cips-ffhq/img004342.jpg,6,cips-ffhq
img000599.jpg,cips/cips-ffhq/img000599.jpg,6,cips-ffhq
img000605.jpg,cips/cips-ffhq/img000605.jpg,6,cips-ffhq
img000732.jpg,cips/cips-ffhq/img000732.jpg,6,cips-ffhq
img001693.jpg,cips/cips-ffhq/img001693.jpg,6,cips-ffhq
img004488.jpg,cips/cips-ffhq/img004488.jpg,6,cips-ffhq
img002099.jpg,cips/cips-ffhq/img002099.jpg,6,cips-ffhq
img001526.jpg,cips/cips-ffhq/img001526.jpg,6,cips-ffhq
img001910.jpg,cips/cips-ffhq/img001910.jpg,6,cips-ffhq
img000219.jpg,cips/cips-ffhq/img000219.jpg,6,cips-ffhq
img001674.jpg,cips/cips-ffhq/img001674.jpg,6,cips-ffhq
img002646.jpg,cips/cips-ffhq/img002646.jpg,6,cips-ffhq
img000858.jpg,cips/cips-ffhq/img000858.jpg,6,cips-ffhq
img002207.jpg,cips/cips-ffhq/img002207.jpg,6,cips-ffhq
img003857.jpg,cips/cips-ffhq/img003857.jpg,6,cips-ffhq
img000191.jpg,cips/cips-ffhq/img000191.jpg,6,cips-ffhq
img001431.jpg,cips/cips-ffhq/img001431.jpg,6,cips-ffhq
img000869.jpg,cips/cips-ffhq/img000869.jpg,6,cips-ffhq
img003691.jpg,cips/cips-ffhq/img003691.jpg,6,cips-ffhq
img004153.jpg,cips/cips-ffhq/img004153.jpg,6,cips-ffhq
img004310.jpg,cips/cips-ffhq/img004310.jpg,6,cips-ffhq
img002544.jpg,cips/cips-ffhq/img002544.jpg,6,cips-ffhq
img003993.jpg,cips/cips-ffhq/img003993.jpg,6,cips-ffhq
img003474.jpg,cips/cips-ffhq/img003474.jpg,6,cips-ffhq
img004385.jpg,cips/cips-ffhq/img004385.jpg,6,cips-ffhq
img002884.jpg,cips/cips-ffhq/img002884.jpg,6,cips-ffhq
img002256.jpg,cips/cips-ffhq/img002256.jpg,6,cips-ffhq
img000995.jpg,cips/cips-ffhq/img000995.jpg,6,cips-ffhq
img000128.jpg,cips/cips-ffhq/img000128.jpg,6,cips-ffhq
img002647.jpg,cips/cips-ffhq/img002647.jpg,6,cips-ffhq
img002306.jpg,cips/cips-ffhq/img002306.jpg,6,cips-ffhq
img001688.jpg,cips/cips-ffhq/img001688.jpg,6,cips-ffhq
img001826.jpg,cips/cips-ffhq/img001826.jpg,6,cips-ffhq
img000339.jpg,cips/cips-ffhq/img000339.jpg,6,cips-ffhq
img002150.jpg,cips/cips-ffhq/img002150.jpg,6,cips-ffhq
img003172.jpg,cips/cips-ffhq/img003172.jpg,6,cips-ffhq
img001300.jpg,cips/cips-ffhq/img001300.jpg,6,cips-ffhq
img003043.jpg,cips/cips-ffhq/img003043.jpg,6,cips-ffhq
img001142.jpg,cips/cips-ffhq/img001142.jpg,6,cips-ffhq
img003103.jpg,cips/cips-ffhq/img003103.jpg,6,cips-ffhq
img000250.jpg,cips/cips-ffhq/img000250.jpg,6,cips-ffhq
img003143.jpg,cips/cips-ffhq/img003143.jpg,6,cips-ffhq
img001372.jpg,cips/cips-ffhq/img001372.jpg,6,cips-ffhq
img004617.jpg,cips/cips-ffhq/img004617.jpg,6,cips-ffhq
img003981.jpg,cips/cips-ffhq/img003981.jpg,6,cips-ffhq
img000067.jpg,cips/cips-ffhq/img000067.jpg,6,cips-ffhq
img000782.jpg,cips/cips-ffhq/img000782.jpg,6,cips-ffhq
img000354.jpg,cips/cips-ffhq/img000354.jpg,6,cips-ffhq
img002351.jpg,cips/cips-ffhq/img002351.jpg,6,cips-ffhq
img002132.jpg,cips/cips-ffhq/img002132.jpg,6,cips-ffhq
img004356.jpg,cips/cips-ffhq/img004356.jpg,6,cips-ffhq
img003414.jpg,cips/cips-ffhq/img003414.jpg,6,cips-ffhq
img001751.jpg,cips/cips-ffhq/img001751.jpg,6,cips-ffhq
img002186.jpg,cips/cips-ffhq/img002186.jpg,6,cips-ffhq
img003154.jpg,cips/cips-ffhq/img003154.jpg,6,cips-ffhq
img003266.jpg,cips/cips-ffhq/img003266.jpg,6,cips-ffhq
img000177.jpg,cips/cips-ffhq/img000177.jpg,6,cips-ffhq
img003388.jpg,cips/cips-ffhq/img003388.jpg,6,cips-ffhq
img002393.jpg,cips/cips-ffhq/img002393.jpg,6,cips-ffhq
img002618.jpg,cips/cips-ffhq/img002618.jpg,6,cips-ffhq
img002673.jpg,cips/cips-ffhq/img002673.jpg,6,cips-ffhq
img003653.jpg,cips/cips-ffhq/img003653.jpg,6,cips-ffhq
img001509.jpg,cips/cips-ffhq/img001509.jpg,6,cips-ffhq
img002823.jpg,cips/cips-ffhq/img002823.jpg,6,cips-ffhq
img002312.jpg,cips/cips-ffhq/img002312.jpg,6,cips-ffhq
img001868.jpg,cips/cips-ffhq/img001868.jpg,6,cips-ffhq
img003936.jpg,cips/cips-ffhq/img003936.jpg,6,cips-ffhq
img000875.jpg,cips/cips-ffhq/img000875.jpg,6,cips-ffhq
img001516.jpg,cips/cips-ffhq/img001516.jpg,6,cips-ffhq
img002880.jpg,cips/cips-ffhq/img002880.jpg,6,cips-ffhq
img003181.jpg,cips/cips-ffhq/img003181.jpg,6,cips-ffhq
img002521.jpg,cips/cips-ffhq/img002521.jpg,6,cips-ffhq
img000308.jpg,cips/cips-ffhq/img000308.jpg,6,cips-ffhq
img000802.jpg,cips/cips-ffhq/img000802.jpg,6,cips-ffhq
img003620.jpg,cips/cips-ffhq/img003620.jpg,6,cips-ffhq
img004169.jpg,cips/cips-ffhq/img004169.jpg,6,cips-ffhq
img001551.jpg,cips/cips-ffhq/img001551.jpg,6,cips-ffhq
img000819.jpg,cips/cips-ffhq/img000819.jpg,6,cips-ffhq
img003444.jpg,cips/cips-ffhq/img003444.jpg,6,cips-ffhq
img002049.jpg,cips/cips-ffhq/img002049.jpg,6,cips-ffhq
img001225.jpg,cips/cips-ffhq/img001225.jpg,6,cips-ffhq
img001467.jpg,cips/cips-ffhq/img001467.jpg,6,cips-ffhq
img003972.jpg,cips/cips-ffhq/img003972.jpg,6,cips-ffhq
img002141.jpg,cips/cips-ffhq/img002141.jpg,6,cips-ffhq
img000924.jpg,cips/cips-ffhq/img000924.jpg,6,cips-ffhq
img004307.jpg,cips/cips-ffhq/img004307.jpg,6,cips-ffhq
img001324.jpg,cips/cips-ffhq/img001324.jpg,6,cips-ffhq
img004220.jpg,cips/cips-ffhq/img004220.jpg,6,cips-ffhq
img002874.jpg,cips/cips-ffhq/img002874.jpg,6,cips-ffhq
img001867.jpg,cips/cips-ffhq/img001867.jpg,6,cips-ffhq
img002769.jpg,cips/cips-ffhq/img002769.jpg,6,cips-ffhq
img003808.jpg,cips/cips-ffhq/img003808.jpg,6,cips-ffhq
img002836.jpg,cips/cips-ffhq/img002836.jpg,6,cips-ffhq
img002028.jpg,cips/cips-ffhq/img002028.jpg,6,cips-ffhq
img000404.jpg,cips/cips-ffhq/img000404.jpg,6,cips-ffhq
img003243.jpg,cips/cips-ffhq/img003243.jpg,6,cips-ffhq
img000382.jpg,cips/cips-ffhq/img000382.jpg,6,cips-ffhq
img004063.jpg,cips/cips-ffhq/img004063.jpg,6,cips-ffhq
img000829.jpg,cips/cips-ffhq/img000829.jpg,6,cips-ffhq
img000507.jpg,cips/cips-ffhq/img000507.jpg,6,cips-ffhq
img001530.jpg,cips/cips-ffhq/img001530.jpg,6,cips-ffhq
img000978.jpg,cips/cips-ffhq/img000978.jpg,6,cips-ffhq
img000324.jpg,cips/cips-ffhq/img000324.jpg,6,cips-ffhq
img001827.jpg,cips/cips-ffhq/img001827.jpg,6,cips-ffhq
img000652.jpg,cips/cips-ffhq/img000652.jpg,6,cips-ffhq
img004204.jpg,cips/cips-ffhq/img004204.jpg,6,cips-ffhq
img003939.jpg,cips/cips-ffhq/img003939.jpg,6,cips-ffhq
img003508.jpg,cips/cips-ffhq/img003508.jpg,6,cips-ffhq
img002965.jpg,cips/cips-ffhq/img002965.jpg,6,cips-ffhq
img000145.jpg,cips/cips-ffhq/img000145.jpg,6,cips-ffhq
img000059.jpg,cips/cips-ffhq/img000059.jpg,6,cips-ffhq
img000546.jpg,cips/cips-ffhq/img000546.jpg,6,cips-ffhq
img003494.jpg,cips/cips-ffhq/img003494.jpg,6,cips-ffhq
img002738.jpg,cips/cips-ffhq/img002738.jpg,6,cips-ffhq
img001483.jpg,cips/cips-ffhq/img001483.jpg,6,cips-ffhq
img003717.jpg,cips/cips-ffhq/img003717.jpg,6,cips-ffhq
img002755.jpg,cips/cips-ffhq/img002755.jpg,6,cips-ffhq
img002963.jpg,cips/cips-ffhq/img002963.jpg,6,cips-ffhq
img004631.jpg,cips/cips-ffhq/img004631.jpg,6,cips-ffhq
img003943.jpg,cips/cips-ffhq/img003943.jpg,6,cips-ffhq
img001671.jpg,cips/cips-ffhq/img001671.jpg,6,cips-ffhq
img003496.jpg,cips/cips-ffhq/img003496.jpg,6,cips-ffhq
img000071.jpg,cips/cips-ffhq/img000071.jpg,6,cips-ffhq
img003232.jpg,cips/cips-ffhq/img003232.jpg,6,cips-ffhq
img003062.jpg,cips/cips-ffhq/img003062.jpg,6,cips-ffhq
img003259.jpg,cips/cips-ffhq/img003259.jpg,6,cips-ffhq
img000440.jpg,cips/cips-ffhq/img000440.jpg,6,cips-ffhq
img001714.jpg,cips/cips-ffhq/img001714.jpg,6,cips-ffhq
img003948.jpg,cips/cips-ffhq/img003948.jpg,6,cips-ffhq
img003000.jpg,cips/cips-ffhq/img003000.jpg,6,cips-ffhq
img001060.jpg,cips/cips-ffhq/img001060.jpg,6,cips-ffhq
img002825.jpg,cips/cips-ffhq/img002825.jpg,6,cips-ffhq
img002944.jpg,cips/cips-ffhq/img002944.jpg,6,cips-ffhq
img003515.jpg,cips/cips-ffhq/img003515.jpg,6,cips-ffhq
img003116.jpg,cips/cips-ffhq/img003116.jpg,6,cips-ffhq
img002953.jpg,cips/cips-ffhq/img002953.jpg,6,cips-ffhq
img002499.jpg,cips/cips-ffhq/img002499.jpg,6,cips-ffhq
img002039.jpg,cips/cips-ffhq/img002039.jpg,6,cips-ffhq
img001314.jpg,cips/cips-ffhq/img001314.jpg,6,cips-ffhq
img004015.jpg,cips/cips-ffhq/img004015.jpg,6,cips-ffhq
img003975.jpg,cips/cips-ffhq/img003975.jpg,6,cips-ffhq
img001560.jpg,cips/cips-ffhq/img001560.jpg,6,cips-ffhq
img004733.jpg,cips/cips-ffhq/img004733.jpg,6,cips-ffhq
img004744.jpg,cips/cips-ffhq/img004744.jpg,6,cips-ffhq
img004210.jpg,cips/cips-ffhq/img004210.jpg,6,cips-ffhq
img004408.jpg,cips/cips-ffhq/img004408.jpg,6,cips-ffhq
img001502.jpg,cips/cips-ffhq/img001502.jpg,6,cips-ffhq
img001749.jpg,cips/cips-ffhq/img001749.jpg,6,cips-ffhq
img004384.jpg,cips/cips-ffhq/img004384.jpg,6,cips-ffhq
img001108.jpg,cips/cips-ffhq/img001108.jpg,6,cips-ffhq
img003211.jpg,cips/cips-ffhq/img003211.jpg,6,cips-ffhq
img004243.jpg,cips/cips-ffhq/img004243.jpg,6,cips-ffhq
img002139.jpg,cips/cips-ffhq/img002139.jpg,6,cips-ffhq
img002340.jpg,cips/cips-ffhq/img002340.jpg,6,cips-ffhq
img002959.jpg,cips/cips-ffhq/img002959.jpg,6,cips-ffhq
img003302.jpg,cips/cips-ffhq/img003302.jpg,6,cips-ffhq
img001747.jpg,cips/cips-ffhq/img001747.jpg,6,cips-ffhq
img003858.jpg,cips/cips-ffhq/img003858.jpg,6,cips-ffhq
img002346.jpg,cips/cips-ffhq/img002346.jpg,6,cips-ffhq
img002590.jpg,cips/cips-ffhq/img002590.jpg,6,cips-ffhq
img001039.jpg,cips/cips-ffhq/img001039.jpg,6,cips-ffhq
img002284.jpg,cips/cips-ffhq/img002284.jpg,6,cips-ffhq
img003907.jpg,cips/cips-ffhq/img003907.jpg,6,cips-ffhq
img003913.jpg,cips/cips-ffhq/img003913.jpg,6,cips-ffhq
img004330.jpg,cips/cips-ffhq/img004330.jpg,6,cips-ffhq
img003169.jpg,cips/cips-ffhq/img003169.jpg,6,cips-ffhq
img004242.jpg,cips/cips-ffhq/img004242.jpg,6,cips-ffhq
img004418.jpg,cips/cips-ffhq/img004418.jpg,6,cips-ffhq
img002599.jpg,cips/cips-ffhq/img002599.jpg,6,cips-ffhq
img000051.jpg,cips/cips-ffhq/img000051.jpg,6,cips-ffhq
img003443.jpg,cips/cips-ffhq/img003443.jpg,6,cips-ffhq
img001395.jpg,cips/cips-ffhq/img001395.jpg,6,cips-ffhq
img001155.jpg,cips/cips-ffhq/img001155.jpg,6,cips-ffhq
img000532.jpg,cips/cips-ffhq/img000532.jpg,6,cips-ffhq
img004434.jpg,cips/cips-ffhq/img004434.jpg,6,cips-ffhq
img002259.jpg,cips/cips-ffhq/img002259.jpg,6,cips-ffhq
img002556.jpg,cips/cips-ffhq/img002556.jpg,6,cips-ffhq
img002688.jpg,cips/cips-ffhq/img002688.jpg,6,cips-ffhq
img001246.jpg,cips/cips-ffhq/img001246.jpg,6,cips-ffhq
img000746.jpg,cips/cips-ffhq/img000746.jpg,6,cips-ffhq
img004084.jpg,cips/cips-ffhq/img004084.jpg,6,cips-ffhq
img002718.jpg,cips/cips-ffhq/img002718.jpg,6,cips-ffhq
img003827.jpg,cips/cips-ffhq/img003827.jpg,6,cips-ffhq
img003230.jpg,cips/cips-ffhq/img003230.jpg,6,cips-ffhq
img004327.jpg,cips/cips-ffhq/img004327.jpg,6,cips-ffhq
img002330.jpg,cips/cips-ffhq/img002330.jpg,6,cips-ffhq
img000653.jpg,cips/cips-ffhq/img000653.jpg,6,cips-ffhq
img000297.jpg,cips/cips-ffhq/img000297.jpg,6,cips-ffhq
img001501.jpg,cips/cips-ffhq/img001501.jpg,6,cips-ffhq
img002558.jpg,cips/cips-ffhq/img002558.jpg,6,cips-ffhq
img004170.jpg,cips/cips-ffhq/img004170.jpg,6,cips-ffhq
img000709.jpg,cips/cips-ffhq/img000709.jpg,6,cips-ffhq
img001558.jpg,cips/cips-ffhq/img001558.jpg,6,cips-ffhq
img001985.jpg,cips/cips-ffhq/img001985.jpg,6,cips-ffhq
img000037.jpg,cips/cips-ffhq/img000037.jpg,6,cips-ffhq
img000854.jpg,cips/cips-ffhq/img000854.jpg,6,cips-ffhq
img003375.jpg,cips/cips-ffhq/img003375.jpg,6,cips-ffhq
img001642.jpg,cips/cips-ffhq/img001642.jpg,6,cips-ffhq
img001563.jpg,cips/cips-ffhq/img001563.jpg,6,cips-ffhq
img000265.jpg,cips/cips-ffhq/img000265.jpg,6,cips-ffhq
img000275.jpg,cips/cips-ffhq/img000275.jpg,6,cips-ffhq
img000638.jpg,cips/cips-ffhq/img000638.jpg,6,cips-ffhq
img002247.jpg,cips/cips-ffhq/img002247.jpg,6,cips-ffhq
img000456.jpg,cips/cips-ffhq/img000456.jpg,6,cips-ffhq
img004022.jpg,cips/cips-ffhq/img004022.jpg,6,cips-ffhq
img003434.jpg,cips/cips-ffhq/img003434.jpg,6,cips-ffhq
img002445.jpg,cips/cips-ffhq/img002445.jpg,6,cips-ffhq
img002255.jpg,cips/cips-ffhq/img002255.jpg,6,cips-ffhq
img004368.jpg,cips/cips-ffhq/img004368.jpg,6,cips-ffhq
img003572.jpg,cips/cips-ffhq/img003572.jpg,6,cips-ffhq
img001675.jpg,cips/cips-ffhq/img001675.jpg,6,cips-ffhq
img004130.jpg,cips/cips-ffhq/img004130.jpg,6,cips-ffhq
img001023.jpg,cips/cips-ffhq/img001023.jpg,6,cips-ffhq
img004409.jpg,cips/cips-ffhq/img004409.jpg,6,cips-ffhq
img004367.jpg,cips/cips-ffhq/img004367.jpg,6,cips-ffhq
img003381.jpg,cips/cips-ffhq/img003381.jpg,6,cips-ffhq
img000792.jpg,cips/cips-ffhq/img000792.jpg,6,cips-ffhq
img001712.jpg,cips/cips-ffhq/img001712.jpg,6,cips-ffhq
img001418.jpg,cips/cips-ffhq/img001418.jpg,6,cips-ffhq
img002076.jpg,cips/cips-ffhq/img002076.jpg,6,cips-ffhq
img000939.jpg,cips/cips-ffhq/img000939.jpg,6,cips-ffhq
img002924.jpg,cips/cips-ffhq/img002924.jpg,6,cips-ffhq
img000090.jpg,cips/cips-ffhq/img000090.jpg,6,cips-ffhq
img002235.jpg,cips/cips-ffhq/img002235.jpg,6,cips-ffhq
img002071.jpg,cips/cips-ffhq/img002071.jpg,6,cips-ffhq
img001079.jpg,cips/cips-ffhq/img001079.jpg,6,cips-ffhq
img000506.jpg,cips/cips-ffhq/img000506.jpg,6,cips-ffhq
img001446.jpg,cips/cips-ffhq/img001446.jpg,6,cips-ffhq
img002365.jpg,cips/cips-ffhq/img002365.jpg,6,cips-ffhq
img004448.jpg,cips/cips-ffhq/img004448.jpg,6,cips-ffhq
img004680.jpg,cips/cips-ffhq/img004680.jpg,6,cips-ffhq
img003797.jpg,cips/cips-ffhq/img003797.jpg,6,cips-ffhq
img002574.jpg,cips/cips-ffhq/img002574.jpg,6,cips-ffhq
img001311.jpg,cips/cips-ffhq/img001311.jpg,6,cips-ffhq
img001147.jpg,cips/cips-ffhq/img001147.jpg,6,cips-ffhq
img003249.jpg,cips/cips-ffhq/img003249.jpg,6,cips-ffhq
img003390.jpg,cips/cips-ffhq/img003390.jpg,6,cips-ffhq
img003597.jpg,cips/cips-ffhq/img003597.jpg,6,cips-ffhq
img004643.jpg,cips/cips-ffhq/img004643.jpg,6,cips-ffhq
img004042.jpg,cips/cips-ffhq/img004042.jpg,6,cips-ffhq
img000356.jpg,cips/cips-ffhq/img000356.jpg,6,cips-ffhq
img003409.jpg,cips/cips-ffhq/img003409.jpg,6,cips-ffhq
img003876.jpg,cips/cips-ffhq/img003876.jpg,6,cips-ffhq
img003503.jpg,cips/cips-ffhq/img003503.jpg,6,cips-ffhq
img000131.jpg,cips/cips-ffhq/img000131.jpg,6,cips-ffhq
img003071.jpg,cips/cips-ffhq/img003071.jpg,6,cips-ffhq
img003411.jpg,cips/cips-ffhq/img003411.jpg,6,cips-ffhq
img004227.jpg,cips/cips-ffhq/img004227.jpg,6,cips-ffhq
img002041.jpg,cips/cips-ffhq/img002041.jpg,6,cips-ffhq
img000509.jpg,cips/cips-ffhq/img000509.jpg,6,cips-ffhq
img003014.jpg,cips/cips-ffhq/img003014.jpg,6,cips-ffhq
img002402.jpg,cips/cips-ffhq/img002402.jpg,6,cips-ffhq
img004786.jpg,cips/cips-ffhq/img004786.jpg,6,cips-ffhq
img004524.jpg,cips/cips-ffhq/img004524.jpg,6,cips-ffhq
img001757.jpg,cips/cips-ffhq/img001757.jpg,6,cips-ffhq
img003369.jpg,cips/cips-ffhq/img003369.jpg,6,cips-ffhq
img002730.jpg,cips/cips-ffhq/img002730.jpg,6,cips-ffhq
img001692.jpg,cips/cips-ffhq/img001692.jpg,6,cips-ffhq
img004520.jpg,cips/cips-ffhq/img004520.jpg,6,cips-ffhq
img003766.jpg,cips/cips-ffhq/img003766.jpg,6,cips-ffhq
img001270.jpg,cips/cips-ffhq/img001270.jpg,6,cips-ffhq
img000794.jpg,cips/cips-ffhq/img000794.jpg,6,cips-ffhq
img001765.jpg,cips/cips-ffhq/img001765.jpg,6,cips-ffhq
img004401.jpg,cips/cips-ffhq/img004401.jpg,6,cips-ffhq
img000972.jpg,cips/cips-ffhq/img000972.jpg,6,cips-ffhq
img003477.jpg,cips/cips-ffhq/img003477.jpg,6,cips-ffhq
img002490.jpg,cips/cips-ffhq/img002490.jpg,6,cips-ffhq
img001797.jpg,cips/cips-ffhq/img001797.jpg,6,cips-ffhq
img000941.jpg,cips/cips-ffhq/img000941.jpg,6,cips-ffhq
img004091.jpg,cips/cips-ffhq/img004091.jpg,6,cips-ffhq
img003273.jpg,cips/cips-ffhq/img003273.jpg,6,cips-ffhq
img003958.jpg,cips/cips-ffhq/img003958.jpg,6,cips-ffhq
img000611.jpg,cips/cips-ffhq/img000611.jpg,6,cips-ffhq
img004708.jpg,cips/cips-ffhq/img004708.jpg,6,cips-ffhq
img002628.jpg,cips/cips-ffhq/img002628.jpg,6,cips-ffhq
img004279.jpg,cips/cips-ffhq/img004279.jpg,6,cips-ffhq
img002374.jpg,cips/cips-ffhq/img002374.jpg,6,cips-ffhq
img000740.jpg,cips/cips-ffhq/img000740.jpg,6,cips-ffhq
img000010.jpg,cips/cips-ffhq/img000010.jpg,6,cips-ffhq
img001182.jpg,cips/cips-ffhq/img001182.jpg,6,cips-ffhq
img004715.jpg,cips/cips-ffhq/img004715.jpg,6,cips-ffhq
img002572.jpg,cips/cips-ffhq/img002572.jpg,6,cips-ffhq
img001631.jpg,cips/cips-ffhq/img001631.jpg,6,cips-ffhq
img000688.jpg,cips/cips-ffhq/img000688.jpg,6,cips-ffhq
img001771.jpg,cips/cips-ffhq/img001771.jpg,6,cips-ffhq
img000765.jpg,cips/cips-ffhq/img000765.jpg,6,cips-ffhq
img004469.jpg,cips/cips-ffhq/img004469.jpg,6,cips-ffhq
img000468.jpg,cips/cips-ffhq/img000468.jpg,6,cips-ffhq
img001242.jpg,cips/cips-ffhq/img001242.jpg,6,cips-ffhq
img000857.jpg,cips/cips-ffhq/img000857.jpg,6,cips-ffhq
img000179.jpg,cips/cips-ffhq/img000179.jpg,6,cips-ffhq
img003335.jpg,cips/cips-ffhq/img003335.jpg,6,cips-ffhq
img003556.jpg,cips/cips-ffhq/img003556.jpg,6,cips-ffhq
img001521.jpg,cips/cips-ffhq/img001521.jpg,6,cips-ffhq
img002120.jpg,cips/cips-ffhq/img002120.jpg,6,cips-ffhq
img000673.jpg,cips/cips-ffhq/img000673.jpg,6,cips-ffhq
img000945.jpg,cips/cips-ffhq/img000945.jpg,6,cips-ffhq
img000470.jpg,cips/cips-ffhq/img000470.jpg,6,cips-ffhq
img000314.jpg,cips/cips-ffhq/img000314.jpg,6,cips-ffhq
img000641.jpg,cips/cips-ffhq/img000641.jpg,6,cips-ffhq
img003589.jpg,cips/cips-ffhq/img003589.jpg,6,cips-ffhq
img004698.jpg,cips/cips-ffhq/img004698.jpg,6,cips-ffhq
img000457.jpg,cips/cips-ffhq/img000457.jpg,6,cips-ffhq
img001947.jpg,cips/cips-ffhq/img001947.jpg,6,cips-ffhq
img000775.jpg,cips/cips-ffhq/img000775.jpg,6,cips-ffhq
img000785.jpg,cips/cips-ffhq/img000785.jpg,6,cips-ffhq
img001339.jpg,cips/cips-ffhq/img001339.jpg,6,cips-ffhq
img002165.jpg,cips/cips-ffhq/img002165.jpg,6,cips-ffhq
img000147.jpg,cips/cips-ffhq/img000147.jpg,6,cips-ffhq
img001795.jpg,cips/cips-ffhq/img001795.jpg,6,cips-ffhq
img003420.jpg,cips/cips-ffhq/img003420.jpg,6,cips-ffhq
img002632.jpg,cips/cips-ffhq/img002632.jpg,6,cips-ffhq
img002683.jpg,cips/cips-ffhq/img002683.jpg,6,cips-ffhq
img004214.jpg,cips/cips-ffhq/img004214.jpg,6,cips-ffhq
img001447.jpg,cips/cips-ffhq/img001447.jpg,6,cips-ffhq
img002814.jpg,cips/cips-ffhq/img002814.jpg,6,cips-ffhq
img001582.jpg,cips/cips-ffhq/img001582.jpg,6,cips-ffhq
img002680.jpg,cips/cips-ffhq/img002680.jpg,6,cips-ffhq
img002489.jpg,cips/cips-ffhq/img002489.jpg,6,cips-ffhq
img000109.jpg,cips/cips-ffhq/img000109.jpg,6,cips-ffhq
img003320.jpg,cips/cips-ffhq/img003320.jpg,6,cips-ffhq
img004638.jpg,cips/cips-ffhq/img004638.jpg,6,cips-ffhq
img000458.jpg,cips/cips-ffhq/img000458.jpg,6,cips-ffhq
img001389.jpg,cips/cips-ffhq/img001389.jpg,6,cips-ffhq
img003927.jpg,cips/cips-ffhq/img003927.jpg,6,cips-ffhq
img001078.jpg,cips/cips-ffhq/img001078.jpg,6,cips-ffhq
img004734.jpg,cips/cips-ffhq/img004734.jpg,6,cips-ffhq
img000287.jpg,cips/cips-ffhq/img000287.jpg,6,cips-ffhq
img004003.jpg,cips/cips-ffhq/img004003.jpg,6,cips-ffhq
img002724.jpg,cips/cips-ffhq/img002724.jpg,6,cips-ffhq
img001174.jpg,cips/cips-ffhq/img001174.jpg,6,cips-ffhq
img002322.jpg,cips/cips-ffhq/img002322.jpg,6,cips-ffhq
img004120.jpg,cips/cips-ffhq/img004120.jpg,6,cips-ffhq
img003534.jpg,cips/cips-ffhq/img003534.jpg,6,cips-ffhq
img004140.jpg,cips/cips-ffhq/img004140.jpg,6,cips-ffhq
img001851.jpg,cips/cips-ffhq/img001851.jpg,6,cips-ffhq
img001433.jpg,cips/cips-ffhq/img001433.jpg,6,cips-ffhq
img002734.jpg,cips/cips-ffhq/img002734.jpg,6,cips-ffhq
img003621.jpg,cips/cips-ffhq/img003621.jpg,6,cips-ffhq
img003239.jpg,cips/cips-ffhq/img003239.jpg,6,cips-ffhq
img001412.jpg,cips/cips-ffhq/img001412.jpg,6,cips-ffhq
img001959.jpg,cips/cips-ffhq/img001959.jpg,6,cips-ffhq
img001944.jpg,cips/cips-ffhq/img001944.jpg,6,cips-ffhq
img003729.jpg,cips/cips-ffhq/img003729.jpg,6,cips-ffhq
img000184.jpg,cips/cips-ffhq/img000184.jpg,6,cips-ffhq
img000114.jpg,cips/cips-ffhq/img000114.jpg,6,cips-ffhq
img002267.jpg,cips/cips-ffhq/img002267.jpg,6,cips-ffhq
img001541.jpg,cips/cips-ffhq/img001541.jpg,6,cips-ffhq
img004470.jpg,cips/cips-ffhq/img004470.jpg,6,cips-ffhq
img002637.jpg,cips/cips-ffhq/img002637.jpg,6,cips-ffhq
img004395.jpg,cips/cips-ffhq/img004395.jpg,6,cips-ffhq
img001276.jpg,cips/cips-ffhq/img001276.jpg,6,cips-ffhq
img000582.jpg,cips/cips-ffhq/img000582.jpg,6,cips-ffhq
img004219.jpg,cips/cips-ffhq/img004219.jpg,6,cips-ffhq
img000208.jpg,cips/cips-ffhq/img000208.jpg,6,cips-ffhq
img001586.jpg,cips/cips-ffhq/img001586.jpg,6,cips-ffhq
img003002.jpg,cips/cips-ffhq/img003002.jpg,6,cips-ffhq
img003998.jpg,cips/cips-ffhq/img003998.jpg,6,cips-ffhq
img003576.jpg,cips/cips-ffhq/img003576.jpg,6,cips-ffhq
img000392.jpg,cips/cips-ffhq/img000392.jpg,6,cips-ffhq
img003197.jpg,cips/cips-ffhq/img003197.jpg,6,cips-ffhq
img004610.jpg,cips/cips-ffhq/img004610.jpg,6,cips-ffhq
img002324.jpg,cips/cips-ffhq/img002324.jpg,6,cips-ffhq
img003757.jpg,cips/cips-ffhq/img003757.jpg,6,cips-ffhq
img002560.jpg,cips/cips-ffhq/img002560.jpg,6,cips-ffhq
img001736.jpg,cips/cips-ffhq/img001736.jpg,6,cips-ffhq
img002084.jpg,cips/cips-ffhq/img002084.jpg,6,cips-ffhq
img000369.jpg,cips/cips-ffhq/img000369.jpg,6,cips-ffhq
img001151.jpg,cips/cips-ffhq/img001151.jpg,6,cips-ffhq
img000334.jpg,cips/cips-ffhq/img000334.jpg,6,cips-ffhq
img004580.jpg,cips/cips-ffhq/img004580.jpg,6,cips-ffhq
img002319.jpg,cips/cips-ffhq/img002319.jpg,6,cips-ffhq
img003322.jpg,cips/cips-ffhq/img003322.jpg,6,cips-ffhq
img000213.jpg,cips/cips-ffhq/img000213.jpg,6,cips-ffhq
img001366.jpg,cips/cips-ffhq/img001366.jpg,6,cips-ffhq
img001312.jpg,cips/cips-ffhq/img001312.jpg,6,cips-ffhq
img000743.jpg,cips/cips-ffhq/img000743.jpg,6,cips-ffhq
img004174.jpg,cips/cips-ffhq/img004174.jpg,6,cips-ffhq
img004697.jpg,cips/cips-ffhq/img004697.jpg,6,cips-ffhq
img001499.jpg,cips/cips-ffhq/img001499.jpg,6,cips-ffhq
img003010.jpg,cips/cips-ffhq/img003010.jpg,6,cips-ffhq
img001572.jpg,cips/cips-ffhq/img001572.jpg,6,cips-ffhq
img002261.jpg,cips/cips-ffhq/img002261.jpg,6,cips-ffhq
img004721.jpg,cips/cips-ffhq/img004721.jpg,6,cips-ffhq
img003371.jpg,cips/cips-ffhq/img003371.jpg,6,cips-ffhq
img002063.jpg,cips/cips-ffhq/img002063.jpg,6,cips-ffhq
img001384.jpg,cips/cips-ffhq/img001384.jpg,6,cips-ffhq
img002044.jpg,cips/cips-ffhq/img002044.jpg,6,cips-ffhq
img002163.jpg,cips/cips-ffhq/img002163.jpg,6,cips-ffhq
img004090.jpg,cips/cips-ffhq/img004090.jpg,6,cips-ffhq
img004659.jpg,cips/cips-ffhq/img004659.jpg,6,cips-ffhq
img004145.jpg,cips/cips-ffhq/img004145.jpg,6,cips-ffhq
img004113.jpg,cips/cips-ffhq/img004113.jpg,6,cips-ffhq
img004309.jpg,cips/cips-ffhq/img004309.jpg,6,cips-ffhq
img002676.jpg,cips/cips-ffhq/img002676.jpg,6,cips-ffhq
img004308.jpg,cips/cips-ffhq/img004308.jpg,6,cips-ffhq
img000772.jpg,cips/cips-ffhq/img000772.jpg,6,cips-ffhq
img003791.jpg,cips/cips-ffhq/img003791.jpg,6,cips-ffhq
img001661.jpg,cips/cips-ffhq/img001661.jpg,6,cips-ffhq
img002586.jpg,cips/cips-ffhq/img002586.jpg,6,cips-ffhq
img002474.jpg,cips/cips-ffhq/img002474.jpg,6,cips-ffhq
img000778.jpg,cips/cips-ffhq/img000778.jpg,6,cips-ffhq
img003268.jpg,cips/cips-ffhq/img003268.jpg,6,cips-ffhq
img001434.jpg,cips/cips-ffhq/img001434.jpg,6,cips-ffhq
img001620.jpg,cips/cips-ffhq/img001620.jpg,6,cips-ffhq
img004349.jpg,cips/cips-ffhq/img004349.jpg,6,cips-ffhq
img003524.jpg,cips/cips-ffhq/img003524.jpg,6,cips-ffhq
img001406.jpg,cips/cips-ffhq/img001406.jpg,6,cips-ffhq
img004590.jpg,cips/cips-ffhq/img004590.jpg,6,cips-ffhq
img000349.jpg,cips/cips-ffhq/img000349.jpg,6,cips-ffhq
img002699.jpg,cips/cips-ffhq/img002699.jpg,6,cips-ffhq
img004463.jpg,cips/cips-ffhq/img004463.jpg,6,cips-ffhq
img003810.jpg,cips/cips-ffhq/img003810.jpg,6,cips-ffhq
img003844.jpg,cips/cips-ffhq/img003844.jpg,6,cips-ffhq
img001564.jpg,cips/cips-ffhq/img001564.jpg,6,cips-ffhq
img000411.jpg,cips/cips-ffhq/img000411.jpg,6,cips-ffhq
img003923.jpg,cips/cips-ffhq/img003923.jpg,6,cips-ffhq
img003708.jpg,cips/cips-ffhq/img003708.jpg,6,cips-ffhq
img001247.jpg,cips/cips-ffhq/img001247.jpg,6,cips-ffhq
img000047.jpg,cips/cips-ffhq/img000047.jpg,6,cips-ffhq
img003163.jpg,cips/cips-ffhq/img003163.jpg,6,cips-ffhq
img004633.jpg,cips/cips-ffhq/img004633.jpg,6,cips-ffhq
img000167.jpg,cips/cips-ffhq/img000167.jpg,6,cips-ffhq
img002398.jpg,cips/cips-ffhq/img002398.jpg,6,cips-ffhq
img003985.jpg,cips/cips-ffhq/img003985.jpg,6,cips-ffhq
img002480.jpg,cips/cips-ffhq/img002480.jpg,6,cips-ffhq
img000098.jpg,cips/cips-ffhq/img000098.jpg,6,cips-ffhq
img000994.jpg,cips/cips-ffhq/img000994.jpg,6,cips-ffhq
img003317.jpg,cips/cips-ffhq/img003317.jpg,6,cips-ffhq
img002262.jpg,cips/cips-ffhq/img002262.jpg,6,cips-ffhq
img002925.jpg,cips/cips-ffhq/img002925.jpg,6,cips-ffhq
img000830.jpg,cips/cips-ffhq/img000830.jpg,6,cips-ffhq
img004076.jpg,cips/cips-ffhq/img004076.jpg,6,cips-ffhq
img000064.jpg,cips/cips-ffhq/img000064.jpg,6,cips-ffhq
img004215.jpg,cips/cips-ffhq/img004215.jpg,6,cips-ffhq
img000516.jpg,cips/cips-ffhq/img000516.jpg,6,cips-ffhq
img003722.jpg,cips/cips-ffhq/img003722.jpg,6,cips-ffhq
img000690.jpg,cips/cips-ffhq/img000690.jpg,6,cips-ffhq
img003671.jpg,cips/cips-ffhq/img003671.jpg,6,cips-ffhq
img001407.jpg,cips/cips-ffhq/img001407.jpg,6,cips-ffhq
img004236.jpg,cips/cips-ffhq/img004236.jpg,6,cips-ffhq
img003019.jpg,cips/cips-ffhq/img003019.jpg,6,cips-ffhq
img000986.jpg,cips/cips-ffhq/img000986.jpg,6,cips-ffhq
img004250.jpg,cips/cips-ffhq/img004250.jpg,6,cips-ffhq
img003953.jpg,cips/cips-ffhq/img003953.jpg,6,cips-ffhq
img003609.jpg,cips/cips-ffhq/img003609.jpg,6,cips-ffhq
img000694.jpg,cips/cips-ffhq/img000694.jpg,6,cips-ffhq
img004563.jpg,cips/cips-ffhq/img004563.jpg,6,cips-ffhq
img003538.jpg,cips/cips-ffhq/img003538.jpg,6,cips-ffhq
img001119.jpg,cips/cips-ffhq/img001119.jpg,6,cips-ffhq
img000938.jpg,cips/cips-ffhq/img000938.jpg,6,cips-ffhq
img002014.jpg,cips/cips-ffhq/img002014.jpg,6,cips-ffhq
img001704.jpg,cips/cips-ffhq/img001704.jpg,6,cips-ffhq
img001807.jpg,cips/cips-ffhq/img001807.jpg,6,cips-ffhq
img003150.jpg,cips/cips-ffhq/img003150.jpg,6,cips-ffhq
img004291.jpg,cips/cips-ffhq/img004291.jpg,6,cips-ffhq
img002348.jpg,cips/cips-ffhq/img002348.jpg,6,cips-ffhq
img003520.jpg,cips/cips-ffhq/img003520.jpg,6,cips-ffhq
img003801.jpg,cips/cips-ffhq/img003801.jpg,6,cips-ffhq
img003867.jpg,cips/cips-ffhq/img003867.jpg,6,cips-ffhq
img000428.jpg,cips/cips-ffhq/img000428.jpg,6,cips-ffhq
img002725.jpg,cips/cips-ffhq/img002725.jpg,6,cips-ffhq
img001618.jpg,cips/cips-ffhq/img001618.jpg,6,cips-ffhq
img003016.jpg,cips/cips-ffhq/img003016.jpg,6,cips-ffhq
img004292.jpg,cips/cips-ffhq/img004292.jpg,6,cips-ffhq
img002414.jpg,cips/cips-ffhq/img002414.jpg,6,cips-ffhq
img004600.jpg,cips/cips-ffhq/img004600.jpg,6,cips-ffhq
img001735.jpg,cips/cips-ffhq/img001735.jpg,6,cips-ffhq
img001982.jpg,cips/cips-ffhq/img001982.jpg,6,cips-ffhq
img000300.jpg,cips/cips-ffhq/img000300.jpg,6,cips-ffhq
img004438.jpg,cips/cips-ffhq/img004438.jpg,6,cips-ffhq
img004466.jpg,cips/cips-ffhq/img004466.jpg,6,cips-ffhq
img004630.jpg,cips/cips-ffhq/img004630.jpg,6,cips-ffhq
img000701.jpg,cips/cips-ffhq/img000701.jpg,6,cips-ffhq
img002926.jpg,cips/cips-ffhq/img002926.jpg,6,cips-ffhq
img004396.jpg,cips/cips-ffhq/img004396.jpg,6,cips-ffhq
img002698.jpg,cips/cips-ffhq/img002698.jpg,6,cips-ffhq
img001997.jpg,cips/cips-ffhq/img001997.jpg,6,cips-ffhq
img002416.jpg,cips/cips-ffhq/img002416.jpg,6,cips-ffhq
img001848.jpg,cips/cips-ffhq/img001848.jpg,6,cips-ffhq
img001650.jpg,cips/cips-ffhq/img001650.jpg,6,cips-ffhq
img002191.jpg,cips/cips-ffhq/img002191.jpg,6,cips-ffhq
img001445.jpg,cips/cips-ffhq/img001445.jpg,6,cips-ffhq
img004746.jpg,cips/cips-ffhq/img004746.jpg,6,cips-ffhq
img004427.jpg,cips/cips-ffhq/img004427.jpg,6,cips-ffhq
img002686.jpg,cips/cips-ffhq/img002686.jpg,6,cips-ffhq
img000041.jpg,cips/cips-ffhq/img000041.jpg,6,cips-ffhq
img000781.jpg,cips/cips-ffhq/img000781.jpg,6,cips-ffhq
img001235.jpg,cips/cips-ffhq/img001235.jpg,6,cips-ffhq
img003982.jpg,cips/cips-ffhq/img003982.jpg,6,cips-ffhq
img000199.jpg,cips/cips-ffhq/img000199.jpg,6,cips-ffhq
img003105.jpg,cips/cips-ffhq/img003105.jpg,6,cips-ffhq
img003762.jpg,cips/cips-ffhq/img003762.jpg,6,cips-ffhq
img000651.jpg,cips/cips-ffhq/img000651.jpg,6,cips-ffhq
img004115.jpg,cips/cips-ffhq/img004115.jpg,6,cips-ffhq
img003706.jpg,cips/cips-ffhq/img003706.jpg,6,cips-ffhq
img002608.jpg,cips/cips-ffhq/img002608.jpg,6,cips-ffhq
img004162.jpg,cips/cips-ffhq/img004162.jpg,6,cips-ffhq
img003832.jpg,cips/cips-ffhq/img003832.jpg,6,cips-ffhq
img001496.jpg,cips/cips-ffhq/img001496.jpg,6,cips-ffhq
img001604.jpg,cips/cips-ffhq/img001604.jpg,6,cips-ffhq
img002460.jpg,cips/cips-ffhq/img002460.jpg,6,cips-ffhq
img004647.jpg,cips/cips-ffhq/img004647.jpg,6,cips-ffhq
img003557.jpg,cips/cips-ffhq/img003557.jpg,6,cips-ffhq
img001831.jpg,cips/cips-ffhq/img001831.jpg,6,cips-ffhq
img003276.jpg,cips/cips-ffhq/img003276.jpg,6,cips-ffhq
img004595.jpg,cips/cips-ffhq/img004595.jpg,6,cips-ffhq
img000120.jpg,cips/cips-ffhq/img000120.jpg,6,cips-ffhq
img002762.jpg,cips/cips-ffhq/img002762.jpg,6,cips-ffhq
img002260.jpg,cips/cips-ffhq/img002260.jpg,6,cips-ffhq
img003552.jpg,cips/cips-ffhq/img003552.jpg,6,cips-ffhq
img004562.jpg,cips/cips-ffhq/img004562.jpg,6,cips-ffhq
img004290.jpg,cips/cips-ffhq/img004290.jpg,6,cips-ffhq
img001934.jpg,cips/cips-ffhq/img001934.jpg,6,cips-ffhq
img001785.jpg,cips/cips-ffhq/img001785.jpg,6,cips-ffhq
img004657.jpg,cips/cips-ffhq/img004657.jpg,6,cips-ffhq
img001239.jpg,cips/cips-ffhq/img001239.jpg,6,cips-ffhq
img001877.jpg,cips/cips-ffhq/img001877.jpg,6,cips-ffhq
img004216.jpg,cips/cips-ffhq/img004216.jpg,6,cips-ffhq
img003723.jpg,cips/cips-ffhq/img003723.jpg,6,cips-ffhq
img002824.jpg,cips/cips-ffhq/img002824.jpg,6,cips-ffhq
img000634.jpg,cips/cips-ffhq/img000634.jpg,6,cips-ffhq
img003719.jpg,cips/cips-ffhq/img003719.jpg,6,cips-ffhq
img004069.jpg,cips/cips-ffhq/img004069.jpg,6,cips-ffhq
img001707.jpg,cips/cips-ffhq/img001707.jpg,6,cips-ffhq
img003292.jpg,cips/cips-ffhq/img003292.jpg,6,cips-ffhq
img003210.jpg,cips/cips-ffhq/img003210.jpg,6,cips-ffhq
img002642.jpg,cips/cips-ffhq/img002642.jpg,6,cips-ffhq
img000269.jpg,cips/cips-ffhq/img000269.jpg,6,cips-ffhq
img000362.jpg,cips/cips-ffhq/img000362.jpg,6,cips-ffhq
img000580.jpg,cips/cips-ffhq/img000580.jpg,6,cips-ffhq
img000535.jpg,cips/cips-ffhq/img000535.jpg,6,cips-ffhq
img003187.jpg,cips/cips-ffhq/img003187.jpg,6,cips-ffhq
img002784.jpg,cips/cips-ffhq/img002784.jpg,6,cips-ffhq
img003307.jpg,cips/cips-ffhq/img003307.jpg,6,cips-ffhq
img003731.jpg,cips/cips-ffhq/img003731.jpg,6,cips-ffhq
img001038.jpg,cips/cips-ffhq/img001038.jpg,6,cips-ffhq
img003209.jpg,cips/cips-ffhq/img003209.jpg,6,cips-ffhq
img003792.jpg,cips/cips-ffhq/img003792.jpg,6,cips-ffhq
img002188.jpg,cips/cips-ffhq/img002188.jpg,6,cips-ffhq
img000943.jpg,cips/cips-ffhq/img000943.jpg,6,cips-ffhq
img000018.jpg,cips/cips-ffhq/img000018.jpg,6,cips-ffhq
img001678.jpg,cips/cips-ffhq/img001678.jpg,6,cips-ffhq
img001571.jpg,cips/cips-ffhq/img001571.jpg,6,cips-ffhq
img002133.jpg,cips/cips-ffhq/img002133.jpg,6,cips-ffhq
img003828.jpg,cips/cips-ffhq/img003828.jpg,6,cips-ffhq
img002483.jpg,cips/cips-ffhq/img002483.jpg,6,cips-ffhq
img002195.jpg,cips/cips-ffhq/img002195.jpg,6,cips-ffhq
img002952.jpg,cips/cips-ffhq/img002952.jpg,6,cips-ffhq
img003630.jpg,cips/cips-ffhq/img003630.jpg,6,cips-ffhq
img004711.jpg,cips/cips-ffhq/img004711.jpg,6,cips-ffhq
img001306.jpg,cips/cips-ffhq/img001306.jpg,6,cips-ffhq
img001340.jpg,cips/cips-ffhq/img001340.jpg,6,cips-ffhq
img002004.jpg,cips/cips-ffhq/img002004.jpg,6,cips-ffhq
img000304.jpg,cips/cips-ffhq/img000304.jpg,6,cips-ffhq
img003956.jpg,cips/cips-ffhq/img003956.jpg,6,cips-ffhq
img001503.jpg,cips/cips-ffhq/img001503.jpg,6,cips-ffhq
img002955.jpg,cips/cips-ffhq/img002955.jpg,6,cips-ffhq
img001122.jpg,cips/cips-ffhq/img001122.jpg,6,cips-ffhq
img003343.jpg,cips/cips-ffhq/img003343.jpg,6,cips-ffhq
img003245.jpg,cips/cips-ffhq/img003245.jpg,6,cips-ffhq
img002242.jpg,cips/cips-ffhq/img002242.jpg,6,cips-ffhq
img002448.jpg,cips/cips-ffhq/img002448.jpg,6,cips-ffhq
img000969.jpg,cips/cips-ffhq/img000969.jpg,6,cips-ffhq
img001017.jpg,cips/cips-ffhq/img001017.jpg,6,cips-ffhq
img003478.jpg,cips/cips-ffhq/img003478.jpg,6,cips-ffhq
img003973.jpg,cips/cips-ffhq/img003973.jpg,6,cips-ffhq
img004223.jpg,cips/cips-ffhq/img004223.jpg,6,cips-ffhq
img003484.jpg,cips/cips-ffhq/img003484.jpg,6,cips-ffhq
img003755.jpg,cips/cips-ffhq/img003755.jpg,6,cips-ffhq
img003787.jpg,cips/cips-ffhq/img003787.jpg,6,cips-ffhq
img003160.jpg,cips/cips-ffhq/img003160.jpg,6,cips-ffhq
img004556.jpg,cips/cips-ffhq/img004556.jpg,6,cips-ffhq
img001319.jpg,cips/cips-ffhq/img001319.jpg,6,cips-ffhq
img002524.jpg,cips/cips-ffhq/img002524.jpg,6,cips-ffhq
img003490.jpg,cips/cips-ffhq/img003490.jpg,6,cips-ffhq
img000407.jpg,cips/cips-ffhq/img000407.jpg,6,cips-ffhq
img004441.jpg,cips/cips-ffhq/img004441.jpg,6,cips-ffhq
img001816.jpg,cips/cips-ffhq/img001816.jpg,6,cips-ffhq
img003878.jpg,cips/cips-ffhq/img003878.jpg,6,cips-ffhq
img004257.jpg,cips/cips-ffhq/img004257.jpg,6,cips-ffhq
img002462.jpg,cips/cips-ffhq/img002462.jpg,6,cips-ffhq
img001970.jpg,cips/cips-ffhq/img001970.jpg,6,cips-ffhq
img001597.jpg,cips/cips-ffhq/img001597.jpg,6,cips-ffhq
img003774.jpg,cips/cips-ffhq/img003774.jpg,6,cips-ffhq
img003069.jpg,cips/cips-ffhq/img003069.jpg,6,cips-ffhq
img003015.jpg,cips/cips-ffhq/img003015.jpg,6,cips-ffhq
img000908.jpg,cips/cips-ffhq/img000908.jpg,6,cips-ffhq
img003539.jpg,cips/cips-ffhq/img003539.jpg,6,cips-ffhq
img003611.jpg,cips/cips-ffhq/img003611.jpg,6,cips-ffhq
img004668.jpg,cips/cips-ffhq/img004668.jpg,6,cips-ffhq
img000052.jpg,cips/cips-ffhq/img000052.jpg,6,cips-ffhq
img003852.jpg,cips/cips-ffhq/img003852.jpg,6,cips-ffhq
img001184.jpg,cips/cips-ffhq/img001184.jpg,6,cips-ffhq
img001592.jpg,cips/cips-ffhq/img001592.jpg,6,cips-ffhq
img004080.jpg,cips/cips-ffhq/img004080.jpg,6,cips-ffhq
img003279.jpg,cips/cips-ffhq/img003279.jpg,6,cips-ffhq
img000804.jpg,cips/cips-ffhq/img000804.jpg,6,cips-ffhq
img002495.jpg,cips/cips-ffhq/img002495.jpg,6,cips-ffhq
img002681.jpg,cips/cips-ffhq/img002681.jpg,6,cips-ffhq
img002984.jpg,cips/cips-ffhq/img002984.jpg,6,cips-ffhq
img004378.jpg,cips/cips-ffhq/img004378.jpg,6,cips-ffhq
img004260.jpg,cips/cips-ffhq/img004260.jpg,6,cips-ffhq
img002545.jpg,cips/cips-ffhq/img002545.jpg,6,cips-ffhq
img001224.jpg,cips/cips-ffhq/img001224.jpg,6,cips-ffhq
img000524.jpg,cips/cips-ffhq/img000524.jpg,6,cips-ffhq
img003222.jpg,cips/cips-ffhq/img003222.jpg,6,cips-ffhq
img003586.jpg,cips/cips-ffhq/img003586.jpg,6,cips-ffhq
img003709.jpg,cips/cips-ffhq/img003709.jpg,6,cips-ffhq
img004692.jpg,cips/cips-ffhq/img004692.jpg,6,cips-ffhq
img000715.jpg,cips/cips-ffhq/img000715.jpg,6,cips-ffhq
img000279.jpg,cips/cips-ffhq/img000279.jpg,6,cips-ffhq
img004513.jpg,cips/cips-ffhq/img004513.jpg,6,cips-ffhq
img002667.jpg,cips/cips-ffhq/img002667.jpg,6,cips-ffhq
img003806.jpg,cips/cips-ffhq/img003806.jpg,6,cips-ffhq
img003734.jpg,cips/cips-ffhq/img003734.jpg,6,cips-ffhq
img002788.jpg,cips/cips-ffhq/img002788.jpg,6,cips-ffhq
img002209.jpg,cips/cips-ffhq/img002209.jpg,6,cips-ffhq
img000083.jpg,cips/cips-ffhq/img000083.jpg,6,cips-ffhq
img003859.jpg,cips/cips-ffhq/img003859.jpg,6,cips-ffhq
img004521.jpg,cips/cips-ffhq/img004521.jpg,6,cips-ffhq
img001077.jpg,cips/cips-ffhq/img001077.jpg,6,cips-ffhq
img000165.jpg,cips/cips-ffhq/img000165.jpg,6,cips-ffhq
img002731.jpg,cips/cips-ffhq/img002731.jpg,6,cips-ffhq
img002962.jpg,cips/cips-ffhq/img002962.jpg,6,cips-ffhq
img000434.jpg,cips/cips-ffhq/img000434.jpg,6,cips-ffhq
img002094.jpg,cips/cips-ffhq/img002094.jpg,6,cips-ffhq
img004735.jpg,cips/cips-ffhq/img004735.jpg,6,cips-ffhq
img003640.jpg,cips/cips-ffhq/img003640.jpg,6,cips-ffhq
img001990.jpg,cips/cips-ffhq/img001990.jpg,6,cips-ffhq
img000883.jpg,cips/cips-ffhq/img000883.jpg,6,cips-ffhq
img003837.jpg,cips/cips-ffhq/img003837.jpg,6,cips-ffhq
img000937.jpg,cips/cips-ffhq/img000937.jpg,6,cips-ffhq
img002733.jpg,cips/cips-ffhq/img002733.jpg,6,cips-ffhq
img004674.jpg,cips/cips-ffhq/img004674.jpg,6,cips-ffhq
img002185.jpg,cips/cips-ffhq/img002185.jpg,6,cips-ffhq
img003570.jpg,cips/cips-ffhq/img003570.jpg,6,cips-ffhq
img004403.jpg,cips/cips-ffhq/img004403.jpg,6,cips-ffhq
img001898.jpg,cips/cips-ffhq/img001898.jpg,6,cips-ffhq
img001062.jpg,cips/cips-ffhq/img001062.jpg,6,cips-ffhq
img001285.jpg,cips/cips-ffhq/img001285.jpg,6,cips-ffhq
img000800.jpg,cips/cips-ffhq/img000800.jpg,6,cips-ffhq
img000873.jpg,cips/cips-ffhq/img000873.jpg,6,cips-ffhq
img002344.jpg,cips/cips-ffhq/img002344.jpg,6,cips-ffhq
img004652.jpg,cips/cips-ffhq/img004652.jpg,6,cips-ffhq
img003850.jpg,cips/cips-ffhq/img003850.jpg,6,cips-ffhq
img003365.jpg,cips/cips-ffhq/img003365.jpg,6,cips-ffhq
img003352.jpg,cips/cips-ffhq/img003352.jpg,6,cips-ffhq
img002382.jpg,cips/cips-ffhq/img002382.jpg,6,cips-ffhq
img003824.jpg,cips/cips-ffhq/img003824.jpg,6,cips-ffhq
img003724.jpg,cips/cips-ffhq/img003724.jpg,6,cips-ffhq
img002023.jpg,cips/cips-ffhq/img002023.jpg,6,cips-ffhq
img000157.jpg,cips/cips-ffhq/img000157.jpg,6,cips-ffhq
img004233.jpg,cips/cips-ffhq/img004233.jpg,6,cips-ffhq
img002798.jpg,cips/cips-ffhq/img002798.jpg,6,cips-ffhq
img000176.jpg,cips/cips-ffhq/img000176.jpg,6,cips-ffhq
img004483.jpg,cips/cips-ffhq/img004483.jpg,6,cips-ffhq
img000797.jpg,cips/cips-ffhq/img000797.jpg,6,cips-ffhq
img001128.jpg,cips/cips-ffhq/img001128.jpg,6,cips-ffhq
img002211.jpg,cips/cips-ffhq/img002211.jpg,6,cips-ffhq
img004319.jpg,cips/cips-ffhq/img004319.jpg,6,cips-ffhq
img002828.jpg,cips/cips-ffhq/img002828.jpg,6,cips-ffhq
img001286.jpg,cips/cips-ffhq/img001286.jpg,6,cips-ffhq
img004648.jpg,cips/cips-ffhq/img004648.jpg,6,cips-ffhq
img000595.jpg,cips/cips-ffhq/img000595.jpg,6,cips-ffhq
img001425.jpg,cips/cips-ffhq/img001425.jpg,6,cips-ffhq
img000069.jpg,cips/cips-ffhq/img000069.jpg,6,cips-ffhq
img000575.jpg,cips/cips-ffhq/img000575.jpg,6,cips-ffhq
img000896.jpg,cips/cips-ffhq/img000896.jpg,6,cips-ffhq
img000495.jpg,cips/cips-ffhq/img000495.jpg,6,cips-ffhq
img002409.jpg,cips/cips-ffhq/img002409.jpg,6,cips-ffhq
img002013.jpg,cips/cips-ffhq/img002013.jpg,6,cips-ffhq
img000346.jpg,cips/cips-ffhq/img000346.jpg,6,cips-ffhq
img004244.jpg,cips/cips-ffhq/img004244.jpg,6,cips-ffhq
img001327.jpg,cips/cips-ffhq/img001327.jpg,6,cips-ffhq
img000747.jpg,cips/cips-ffhq/img000747.jpg,6,cips-ffhq
img004639.jpg,cips/cips-ffhq/img004639.jpg,6,cips-ffhq
img002332.jpg,cips/cips-ffhq/img002332.jpg,6,cips-ffhq
img003777.jpg,cips/cips-ffhq/img003777.jpg,6,cips-ffhq
img002779.jpg,cips/cips-ffhq/img002779.jpg,6,cips-ffhq
img001261.jpg,cips/cips-ffhq/img001261.jpg,6,cips-ffhq
img003603.jpg,cips/cips-ffhq/img003603.jpg,6,cips-ffhq
img002404.jpg,cips/cips-ffhq/img002404.jpg,6,cips-ffhq
img001193.jpg,cips/cips-ffhq/img001193.jpg,6,cips-ffhq
img002347.jpg,cips/cips-ffhq/img002347.jpg,6,cips-ffhq
img001139.jpg,cips/cips-ffhq/img001139.jpg,6,cips-ffhq
img002411.jpg,cips/cips-ffhq/img002411.jpg,6,cips-ffhq
img000845.jpg,cips/cips-ffhq/img000845.jpg,6,cips-ffhq
img000712.jpg,cips/cips-ffhq/img000712.jpg,6,cips-ffhq
img000748.jpg,cips/cips-ffhq/img000748.jpg,6,cips-ffhq
img004344.jpg,cips/cips-ffhq/img004344.jpg,6,cips-ffhq
img000366.jpg,cips/cips-ffhq/img000366.jpg,6,cips-ffhq
img004075.jpg,cips/cips-ffhq/img004075.jpg,6,cips-ffhq
img004363.jpg,cips/cips-ffhq/img004363.jpg,6,cips-ffhq
img003456.jpg,cips/cips-ffhq/img003456.jpg,6,cips-ffhq
img003773.jpg,cips/cips-ffhq/img003773.jpg,6,cips-ffhq
img002321.jpg,cips/cips-ffhq/img002321.jpg,6,cips-ffhq
img004773.jpg,cips/cips-ffhq/img004773.jpg,6,cips-ffhq
img001375.jpg,cips/cips-ffhq/img001375.jpg,6,cips-ffhq
img000039.jpg,cips/cips-ffhq/img000039.jpg,6,cips-ffhq
img004552.jpg,cips/cips-ffhq/img004552.jpg,6,cips-ffhq
img002716.jpg,cips/cips-ffhq/img002716.jpg,6,cips-ffhq
img001292.jpg,cips/cips-ffhq/img001292.jpg,6,cips-ffhq
img001663.jpg,cips/cips-ffhq/img001663.jpg,6,cips-ffhq
img002588.jpg,cips/cips-ffhq/img002588.jpg,6,cips-ffhq
img003397.jpg,cips/cips-ffhq/img003397.jpg,6,cips-ffhq
img000846.jpg,cips/cips-ffhq/img000846.jpg,6,cips-ffhq
img004083.jpg,cips/cips-ffhq/img004083.jpg,6,cips-ffhq
img000631.jpg,cips/cips-ffhq/img000631.jpg,6,cips-ffhq
img004640.jpg,cips/cips-ffhq/img004640.jpg,6,cips-ffhq
img000958.jpg,cips/cips-ffhq/img000958.jpg,6,cips-ffhq
img000350.jpg,cips/cips-ffhq/img000350.jpg,6,cips-ffhq
img000185.jpg,cips/cips-ffhq/img000185.jpg,6,cips-ffhq
img003186.jpg,cips/cips-ffhq/img003186.jpg,6,cips-ffhq
img001354.jpg,cips/cips-ffhq/img001354.jpg,6,cips-ffhq
img001876.jpg,cips/cips-ffhq/img001876.jpg,6,cips-ffhq
img000645.jpg,cips/cips-ffhq/img000645.jpg,6,cips-ffhq
img002080.jpg,cips/cips-ffhq/img002080.jpg,6,cips-ffhq
img001543.jpg,cips/cips-ffhq/img001543.jpg,6,cips-ffhq
img003813.jpg,cips/cips-ffhq/img003813.jpg,6,cips-ffhq
img002881.jpg,cips/cips-ffhq/img002881.jpg,6,cips-ffhq
img001802.jpg,cips/cips-ffhq/img001802.jpg,6,cips-ffhq
img002304.jpg,cips/cips-ffhq/img002304.jpg,6,cips-ffhq
img003025.jpg,cips/cips-ffhq/img003025.jpg,6,cips-ffhq
img000156.jpg,cips/cips-ffhq/img000156.jpg,6,cips-ffhq
img000323.jpg,cips/cips-ffhq/img000323.jpg,6,cips-ffhq
img003247.jpg,cips/cips-ffhq/img003247.jpg,6,cips-ffhq
img000253.jpg,cips/cips-ffhq/img000253.jpg,6,cips-ffhq
img002985.jpg,cips/cips-ffhq/img002985.jpg,6,cips-ffhq
img001209.jpg,cips/cips-ffhq/img001209.jpg,6,cips-ffhq
img001090.jpg,cips/cips-ffhq/img001090.jpg,6,cips-ffhq
img000619.jpg,cips/cips-ffhq/img000619.jpg,6,cips-ffhq
img003359.jpg,cips/cips-ffhq/img003359.jpg,6,cips-ffhq
img001881.jpg,cips/cips-ffhq/img001881.jpg,6,cips-ffhq
img000195.jpg,cips/cips-ffhq/img000195.jpg,6,cips-ffhq
img001141.jpg,cips/cips-ffhq/img001141.jpg,6,cips-ffhq
img003213.jpg,cips/cips-ffhq/img003213.jpg,6,cips-ffhq
img002539.jpg,cips/cips-ffhq/img002539.jpg,6,cips-ffhq
img003460.jpg,cips/cips-ffhq/img003460.jpg,6,cips-ffhq
img003798.jpg,cips/cips-ffhq/img003798.jpg,6,cips-ffhq
img004180.jpg,cips/cips-ffhq/img004180.jpg,6,cips-ffhq
img000498.jpg,cips/cips-ffhq/img000498.jpg,6,cips-ffhq
img003651.jpg,cips/cips-ffhq/img003651.jpg,6,cips-ffhq
img000377.jpg,cips/cips-ffhq/img000377.jpg,6,cips-ffhq
img003308.jpg,cips/cips-ffhq/img003308.jpg,6,cips-ffhq
img001825.jpg,cips/cips-ffhq/img001825.jpg,6,cips-ffhq
img004283.jpg,cips/cips-ffhq/img004283.jpg,6,cips-ffhq
img003261.jpg,cips/cips-ffhq/img003261.jpg,6,cips-ffhq
img002856.jpg,cips/cips-ffhq/img002856.jpg,6,cips-ffhq
img001379.jpg,cips/cips-ffhq/img001379.jpg,6,cips-ffhq
img003309.jpg,cips/cips-ffhq/img003309.jpg,6,cips-ffhq
img003155.jpg,cips/cips-ffhq/img003155.jpg,6,cips-ffhq
img000862.jpg,cips/cips-ffhq/img000862.jpg,6,cips-ffhq
img001444.jpg,cips/cips-ffhq/img001444.jpg,6,cips-ffhq
img002875.jpg,cips/cips-ffhq/img002875.jpg,6,cips-ffhq
img000911.jpg,cips/cips-ffhq/img000911.jpg,6,cips-ffhq
img002549.jpg,cips/cips-ffhq/img002549.jpg,6,cips-ffhq
img004784.jpg,cips/cips-ffhq/img004784.jpg,6,cips-ffhq
img003125.jpg,cips/cips-ffhq/img003125.jpg,6,cips-ffhq
img003100.jpg,cips/cips-ffhq/img003100.jpg,6,cips-ffhq
img003130.jpg,cips/cips-ffhq/img003130.jpg,6,cips-ffhq
img003809.jpg,cips/cips-ffhq/img003809.jpg,6,cips-ffhq
img001739.jpg,cips/cips-ffhq/img001739.jpg,6,cips-ffhq
img000996.jpg,cips/cips-ffhq/img000996.jpg,6,cips-ffhq
img003226.jpg,cips/cips-ffhq/img003226.jpg,6,cips-ffhq
img001931.jpg,cips/cips-ffhq/img001931.jpg,6,cips-ffhq
img000294.jpg,cips/cips-ffhq/img000294.jpg,6,cips-ffhq
img000076.jpg,cips/cips-ffhq/img000076.jpg,6,cips-ffhq
img004557.jpg,cips/cips-ffhq/img004557.jpg,6,cips-ffhq
img004578.jpg,cips/cips-ffhq/img004578.jpg,6,cips-ffhq
img000920.jpg,cips/cips-ffhq/img000920.jpg,6,cips-ffhq
img002756.jpg,cips/cips-ffhq/img002756.jpg,6,cips-ffhq
img000533.jpg,cips/cips-ffhq/img000533.jpg,6,cips-ffhq
img004302.jpg,cips/cips-ffhq/img004302.jpg,6,cips-ffhq
img003906.jpg,cips/cips-ffhq/img003906.jpg,6,cips-ffhq
img003075.jpg,cips/cips-ffhq/img003075.jpg,6,cips-ffhq
img003085.jpg,cips/cips-ffhq/img003085.jpg,6,cips-ffhq
img000107.jpg,cips/cips-ffhq/img000107.jpg,6,cips-ffhq
img000152.jpg,cips/cips-ffhq/img000152.jpg,6,cips-ffhq
img004795.jpg,cips/cips-ffhq/img004795.jpg,6,cips-ffhq
img001267.jpg,cips/cips-ffhq/img001267.jpg,6,cips-ffhq
img004177.jpg,cips/cips-ffhq/img004177.jpg,6,cips-ffhq
img002991.jpg,cips/cips-ffhq/img002991.jpg,6,cips-ffhq
img002500.jpg,cips/cips-ffhq/img002500.jpg,6,cips-ffhq
img003429.jpg,cips/cips-ffhq/img003429.jpg,6,cips-ffhq
img003405.jpg,cips/cips-ffhq/img003405.jpg,6,cips-ffhq
img001254.jpg,cips/cips-ffhq/img001254.jpg,6,cips-ffhq
img002397.jpg,cips/cips-ffhq/img002397.jpg,6,cips-ffhq
img004386.jpg,cips/cips-ffhq/img004386.jpg,6,cips-ffhq
img001208.jpg,cips/cips-ffhq/img001208.jpg,6,cips-ffhq
img002746.jpg,cips/cips-ffhq/img002746.jpg,6,cips-ffhq
img004762.jpg,cips/cips-ffhq/img004762.jpg,6,cips-ffhq
img002707.jpg,cips/cips-ffhq/img002707.jpg,6,cips-ffhq
img004782.jpg,cips/cips-ffhq/img004782.jpg,6,cips-ffhq
img004025.jpg,cips/cips-ffhq/img004025.jpg,6,cips-ffhq
img001889.jpg,cips/cips-ffhq/img001889.jpg,6,cips-ffhq
img003720.jpg,cips/cips-ffhq/img003720.jpg,6,cips-ffhq
img000486.jpg,cips/cips-ffhq/img000486.jpg,6,cips-ffhq
img003107.jpg,cips/cips-ffhq/img003107.jpg,6,cips-ffhq
img001752.jpg,cips/cips-ffhq/img001752.jpg,6,cips-ffhq
img004437.jpg,cips/cips-ffhq/img004437.jpg,6,cips-ffhq
img004637.jpg,cips/cips-ffhq/img004637.jpg,6,cips-ffhq
img002077.jpg,cips/cips-ffhq/img002077.jpg,6,cips-ffhq
img004532.jpg,cips/cips-ffhq/img004532.jpg,6,cips-ffhq
img004311.jpg,cips/cips-ffhq/img004311.jpg,6,cips-ffhq
img001767.jpg,cips/cips-ffhq/img001767.jpg,6,cips-ffhq
img004142.jpg,cips/cips-ffhq/img004142.jpg,6,cips-ffhq
img000993.jpg,cips/cips-ffhq/img000993.jpg,6,cips-ffhq
img001344.jpg,cips/cips-ffhq/img001344.jpg,6,cips-ffhq
img003115.jpg,cips/cips-ffhq/img003115.jpg,6,cips-ffhq
img001648.jpg,cips/cips-ffhq/img001648.jpg,6,cips-ffhq
img001932.jpg,cips/cips-ffhq/img001932.jpg,6,cips-ffhq
img003076.jpg,cips/cips-ffhq/img003076.jpg,6,cips-ffhq
img000578.jpg,cips/cips-ffhq/img000578.jpg,6,cips-ffhq
img001840.jpg,cips/cips-ffhq/img001840.jpg,6,cips-ffhq
img001770.jpg,cips/cips-ffhq/img001770.jpg,6,cips-ffhq
img000477.jpg,cips/cips-ffhq/img000477.jpg,6,cips-ffhq
img001923.jpg,cips/cips-ffhq/img001923.jpg,6,cips-ffhq
img001428.jpg,cips/cips-ffhq/img001428.jpg,6,cips-ffhq
img000022.jpg,cips/cips-ffhq/img000022.jpg,6,cips-ffhq
img001949.jpg,cips/cips-ffhq/img001949.jpg,6,cips-ffhq
img004699.jpg,cips/cips-ffhq/img004699.jpg,6,cips-ffhq
img001129.jpg,cips/cips-ffhq/img001129.jpg,6,cips-ffhq
img004228.jpg,cips/cips-ffhq/img004228.jpg,6,cips-ffhq
img000848.jpg,cips/cips-ffhq/img000848.jpg,6,cips-ffhq
img003368.jpg,cips/cips-ffhq/img003368.jpg,6,cips-ffhq
img001317.jpg,cips/cips-ffhq/img001317.jpg,6,cips-ffhq
img000180.jpg,cips/cips-ffhq/img000180.jpg,6,cips-ffhq
img002498.jpg,cips/cips-ffhq/img002498.jpg,6,cips-ffhq
img004071.jpg,cips/cips-ffhq/img004071.jpg,6,cips-ffhq
img002156.jpg,cips/cips-ffhq/img002156.jpg,6,cips-ffhq
img004321.jpg,cips/cips-ffhq/img004321.jpg,6,cips-ffhq
img001865.jpg,cips/cips-ffhq/img001865.jpg,6,cips-ffhq
img002759.jpg,cips/cips-ffhq/img002759.jpg,6,cips-ffhq
img003054.jpg,cips/cips-ffhq/img003054.jpg,6,cips-ffhq
img002465.jpg,cips/cips-ffhq/img002465.jpg,6,cips-ffhq
img000053.jpg,cips/cips-ffhq/img000053.jpg,6,cips-ffhq
img000036.jpg,cips/cips-ffhq/img000036.jpg,6,cips-ffhq
img003963.jpg,cips/cips-ffhq/img003963.jpg,6,cips-ffhq
img001278.jpg,cips/cips-ffhq/img001278.jpg,6,cips-ffhq
img001210.jpg,cips/cips-ffhq/img001210.jpg,6,cips-ffhq
img001866.jpg,cips/cips-ffhq/img001866.jpg,6,cips-ffhq
img003492.jpg,cips/cips-ffhq/img003492.jpg,6,cips-ffhq
img003386.jpg,cips/cips-ffhq/img003386.jpg,6,cips-ffhq
img001624.jpg,cips/cips-ffhq/img001624.jpg,6,cips-ffhq
img002641.jpg,cips/cips-ffhq/img002641.jpg,6,cips-ffhq
img002982.jpg,cips/cips-ffhq/img002982.jpg,6,cips-ffhq
img004673.jpg,cips/cips-ffhq/img004673.jpg,6,cips-ffhq
img004280.jpg,cips/cips-ffhq/img004280.jpg,6,cips-ffhq
img003707.jpg,cips/cips-ffhq/img003707.jpg,6,cips-ffhq
img004269.jpg,cips/cips-ffhq/img004269.jpg,6,cips-ffhq
img002630.jpg,cips/cips-ffhq/img002630.jpg,6,cips-ffhq
img004541.jpg,cips/cips-ffhq/img004541.jpg,6,cips-ffhq
img001960.jpg,cips/cips-ffhq/img001960.jpg,6,cips-ffhq
img000038.jpg,cips/cips-ffhq/img000038.jpg,6,cips-ffhq
img000656.jpg,cips/cips-ffhq/img000656.jpg,6,cips-ffhq
img002067.jpg,cips/cips-ffhq/img002067.jpg,6,cips-ffhq
img002424.jpg,cips/cips-ffhq/img002424.jpg,6,cips-ffhq
img001996.jpg,cips/cips-ffhq/img001996.jpg,6,cips-ffhq
img003851.jpg,cips/cips-ffhq/img003851.jpg,6,cips-ffhq
img000729.jpg,cips/cips-ffhq/img000729.jpg,6,cips-ffhq
img003013.jpg,cips/cips-ffhq/img003013.jpg,6,cips-ffhq
img002378.jpg,cips/cips-ffhq/img002378.jpg,6,cips-ffhq
img001323.jpg,cips/cips-ffhq/img001323.jpg,6,cips-ffhq
img000444.jpg,cips/cips-ffhq/img000444.jpg,6,cips-ffhq
img004343.jpg,cips/cips-ffhq/img004343.jpg,6,cips-ffhq
img004661.jpg,cips/cips-ffhq/img004661.jpg,6,cips-ffhq
img002157.jpg,cips/cips-ffhq/img002157.jpg,6,cips-ffhq
img003888.jpg,cips/cips-ffhq/img003888.jpg,6,cips-ffhq
img001359.jpg,cips/cips-ffhq/img001359.jpg,6,cips-ffhq
img000817.jpg,cips/cips-ffhq/img000817.jpg,6,cips-ffhq
img000989.jpg,cips/cips-ffhq/img000989.jpg,6,cips-ffhq
img001784.jpg,cips/cips-ffhq/img001784.jpg,6,cips-ffhq
img002525.jpg,cips/cips-ffhq/img002525.jpg,6,cips-ffhq
img000072.jpg,cips/cips-ffhq/img000072.jpg,6,cips-ffhq
img003918.jpg,cips/cips-ffhq/img003918.jpg,6,cips-ffhq
img003558.jpg,cips/cips-ffhq/img003558.jpg,6,cips-ffhq
img002246.jpg,cips/cips-ffhq/img002246.jpg,6,cips-ffhq
img003771.jpg,cips/cips-ffhq/img003771.jpg,6,cips-ffhq
img002401.jpg,cips/cips-ffhq/img002401.jpg,6,cips-ffhq
img003329.jpg,cips/cips-ffhq/img003329.jpg,6,cips-ffhq
img000352.jpg,cips/cips-ffhq/img000352.jpg,6,cips-ffhq
img001083.jpg,cips/cips-ffhq/img001083.jpg,6,cips-ffhq
img003018.jpg,cips/cips-ffhq/img003018.jpg,6,cips-ffhq
img004171.jpg,cips/cips-ffhq/img004171.jpg,6,cips-ffhq
img000979.jpg,cips/cips-landscape/img000979.jpg,6,cips-landscape
img002817.jpg,cips/cips-landscape/img002817.jpg,6,cips-landscape
img003498.jpg,cips/cips-landscape/img003498.jpg,6,cips-landscape
img000393.jpg,cips/cips-landscape/img000393.jpg,6,cips-landscape
img001257.jpg,cips/cips-landscape/img001257.jpg,6,cips-landscape
img003300.jpg,cips/cips-landscape/img003300.jpg,6,cips-landscape
img000871.jpg,cips/cips-landscape/img000871.jpg,6,cips-landscape
img002457.jpg,cips/cips-landscape/img002457.jpg,6,cips-landscape
img002519.jpg,cips/cips-landscape/img002519.jpg,6,cips-landscape
img000237.jpg,cips/cips-landscape/img000237.jpg,6,cips-landscape
img000125.jpg,cips/cips-landscape/img000125.jpg,6,cips-landscape
img003368.jpg,cips/cips-landscape/img003368.jpg,6,cips-landscape
img002388.jpg,cips/cips-landscape/img002388.jpg,6,cips-landscape
img001066.jpg,cips/cips-landscape/img001066.jpg,6,cips-landscape
img002205.jpg,cips/cips-landscape/img002205.jpg,6,cips-landscape
img002015.jpg,cips/cips-landscape/img002015.jpg,6,cips-landscape
img003399.jpg,cips/cips-landscape/img003399.jpg,6,cips-landscape
img002234.jpg,cips/cips-landscape/img002234.jpg,6,cips-landscape
img002975.jpg,cips/cips-landscape/img002975.jpg,6,cips-landscape
img002171.jpg,cips/cips-landscape/img002171.jpg,6,cips-landscape
img003210.jpg,cips/cips-landscape/img003210.jpg,6,cips-landscape
img001411.jpg,cips/cips-landscape/img001411.jpg,6,cips-landscape
img000274.jpg,cips/cips-landscape/img000274.jpg,6,cips-landscape
img002954.jpg,cips/cips-landscape/img002954.jpg,6,cips-landscape
img003042.jpg,cips/cips-landscape/img003042.jpg,6,cips-landscape
img001768.jpg,cips/cips-landscape/img001768.jpg,6,cips-landscape
img002394.jpg,cips/cips-landscape/img002394.jpg,6,cips-landscape
img001523.jpg,cips/cips-landscape/img001523.jpg,6,cips-landscape
img002163.jpg,cips/cips-landscape/img002163.jpg,6,cips-landscape
img002982.jpg,cips/cips-landscape/img002982.jpg,6,cips-landscape
img001141.jpg,cips/cips-landscape/img001141.jpg,6,cips-landscape
img002868.jpg,cips/cips-landscape/img002868.jpg,6,cips-landscape
img001110.jpg,cips/cips-landscape/img001110.jpg,6,cips-landscape
img002603.jpg,cips/cips-landscape/img002603.jpg,6,cips-landscape
img002867.jpg,cips/cips-landscape/img002867.jpg,6,cips-landscape
img002088.jpg,cips/cips-landscape/img002088.jpg,6,cips-landscape
img003080.jpg,cips/cips-landscape/img003080.jpg,6,cips-landscape
img002781.jpg,cips/cips-landscape/img002781.jpg,6,cips-landscape
img000072.jpg,cips/cips-landscape/img000072.jpg,6,cips-landscape
img003066.jpg,cips/cips-landscape/img003066.jpg,6,cips-landscape
img001359.jpg,cips/cips-landscape/img001359.jpg,6,cips-landscape
img002186.jpg,cips/cips-landscape/img002186.jpg,6,cips-landscape
img001506.jpg,cips/cips-landscape/img001506.jpg,6,cips-landscape
img000606.jpg,cips/cips-landscape/img000606.jpg,6,cips-landscape
img000840.jpg,cips/cips-landscape/img000840.jpg,6,cips-landscape
img000876.jpg,cips/cips-landscape/img000876.jpg,6,cips-landscape
img003220.jpg,cips/cips-landscape/img003220.jpg,6,cips-landscape
img002302.jpg,cips/cips-landscape/img002302.jpg,6,cips-landscape
img003448.jpg,cips/cips-landscape/img003448.jpg,6,cips-landscape
img003026.jpg,cips/cips-landscape/img003026.jpg,6,cips-landscape
img000978.jpg,cips/cips-landscape/img000978.jpg,6,cips-landscape
img002852.jpg,cips/cips-landscape/img002852.jpg,6,cips-landscape
img000482.jpg,cips/cips-landscape/img000482.jpg,6,cips-landscape
img003513.jpg,cips/cips-landscape/img003513.jpg,6,cips-landscape
img002827.jpg,cips/cips-landscape/img002827.jpg,6,cips-landscape
img001423.jpg,cips/cips-landscape/img001423.jpg,6,cips-landscape
img003040.jpg,cips/cips-landscape/img003040.jpg,6,cips-landscape
img000314.jpg,cips/cips-landscape/img000314.jpg,6,cips-landscape
img000778.jpg,cips/cips-landscape/img000778.jpg,6,cips-landscape
img003126.jpg,cips/cips-landscape/img003126.jpg,6,cips-landscape
img003378.jpg,cips/cips-landscape/img003378.jpg,6,cips-landscape
img000046.jpg,cips/cips-landscape/img000046.jpg,6,cips-landscape
img001364.jpg,cips/cips-landscape/img001364.jpg,6,cips-landscape
img001226.jpg,cips/cips-landscape/img001226.jpg,6,cips-landscape
img003443.jpg,cips/cips-landscape/img003443.jpg,6,cips-landscape
img000104.jpg,cips/cips-landscape/img000104.jpg,6,cips-landscape
img003114.jpg,cips/cips-landscape/img003114.jpg,6,cips-landscape
img002176.jpg,cips/cips-landscape/img002176.jpg,6,cips-landscape
img000412.jpg,cips/cips-landscape/img000412.jpg,6,cips-landscape
img000484.jpg,cips/cips-landscape/img000484.jpg,6,cips-landscape
img002638.jpg,cips/cips-landscape/img002638.jpg,6,cips-landscape
img001986.jpg,cips/cips-landscape/img001986.jpg,6,cips-landscape
img003039.jpg,cips/cips-landscape/img003039.jpg,6,cips-landscape
img000225.jpg,cips/cips-landscape/img000225.jpg,6,cips-landscape
img000631.jpg,cips/cips-landscape/img000631.jpg,6,cips-landscape
img001657.jpg,cips/cips-landscape/img001657.jpg,6,cips-landscape
img000047.jpg,cips/cips-landscape/img000047.jpg,6,cips-landscape
img001242.jpg,cips/cips-landscape/img001242.jpg,6,cips-landscape
img000041.jpg,cips/cips-landscape/img000041.jpg,6,cips-landscape
img002981.jpg,cips/cips-landscape/img002981.jpg,6,cips-landscape
img002488.jpg,cips/cips-landscape/img002488.jpg,6,cips-landscape
img001371.jpg,cips/cips-landscape/img001371.jpg,6,cips-landscape
img001050.jpg,cips/cips-landscape/img001050.jpg,6,cips-landscape
img001424.jpg,cips/cips-landscape/img001424.jpg,6,cips-landscape
img000894.jpg,cips/cips-landscape/img000894.jpg,6,cips-landscape
img002247.jpg,cips/cips-landscape/img002247.jpg,6,cips-landscape
img001847.jpg,cips/cips-landscape/img001847.jpg,6,cips-landscape
img002417.jpg,cips/cips-landscape/img002417.jpg,6,cips-landscape
img002273.jpg,cips/cips-landscape/img002273.jpg,6,cips-landscape
img000034.jpg,cips/cips-landscape/img000034.jpg,6,cips-landscape
img002811.jpg,cips/cips-landscape/img002811.jpg,6,cips-landscape
img000544.jpg,cips/cips-landscape/img000544.jpg,6,cips-landscape
img000364.jpg,cips/cips-landscape/img000364.jpg,6,cips-landscape
img000124.jpg,cips/cips-landscape/img000124.jpg,6,cips-landscape
img000893.jpg,cips/cips-landscape/img000893.jpg,6,cips-landscape
img000329.jpg,cips/cips-landscape/img000329.jpg,6,cips-landscape
img000846.jpg,cips/cips-landscape/img000846.jpg,6,cips-landscape
img003025.jpg,cips/cips-landscape/img003025.jpg,6,cips-landscape
img000888.jpg,cips/cips-landscape/img000888.jpg,6,cips-landscape
img002490.jpg,cips/cips-landscape/img002490.jpg,6,cips-landscape
img002281.jpg,cips/cips-landscape/img002281.jpg,6,cips-landscape
img000620.jpg,cips/cips-landscape/img000620.jpg,6,cips-landscape
img001636.jpg,cips/cips-landscape/img001636.jpg,6,cips-landscape
img001974.jpg,cips/cips-landscape/img001974.jpg,6,cips-landscape
img000060.jpg,cips/cips-landscape/img000060.jpg,6,cips-landscape
img000704.jpg,cips/cips-landscape/img000704.jpg,6,cips-landscape
img002264.jpg,cips/cips-landscape/img002264.jpg,6,cips-landscape
img003145.jpg,cips/cips-landscape/img003145.jpg,6,cips-landscape
img000297.jpg,cips/cips-landscape/img000297.jpg,6,cips-landscape
img000948.jpg,cips/cips-landscape/img000948.jpg,6,cips-landscape
img002596.jpg,cips/cips-landscape/img002596.jpg,6,cips-landscape
img001665.jpg,cips/cips-landscape/img001665.jpg,6,cips-landscape
img001249.jpg,cips/cips-landscape/img001249.jpg,6,cips-landscape
img002799.jpg,cips/cips-landscape/img002799.jpg,6,cips-landscape
img000371.jpg,cips/cips-landscape/img000371.jpg,6,cips-landscape
img003061.jpg,cips/cips-landscape/img003061.jpg,6,cips-landscape
img002995.jpg,cips/cips-landscape/img002995.jpg,6,cips-landscape
img001483.jpg,cips/cips-landscape/img001483.jpg,6,cips-landscape
img002039.jpg,cips/cips-landscape/img002039.jpg,6,cips-landscape
img002612.jpg,cips/cips-landscape/img002612.jpg,6,cips-landscape
img002920.jpg,cips/cips-landscape/img002920.jpg,6,cips-landscape
img000673.jpg,cips/cips-landscape/img000673.jpg,6,cips-landscape
img001215.jpg,cips/cips-landscape/img001215.jpg,6,cips-landscape
img002546.jpg,cips/cips-landscape/img002546.jpg,6,cips-landscape
img000717.jpg,cips/cips-landscape/img000717.jpg,6,cips-landscape
img000271.jpg,cips/cips-landscape/img000271.jpg,6,cips-landscape
img002090.jpg,cips/cips-landscape/img002090.jpg,6,cips-landscape
img000112.jpg,cips/cips-landscape/img000112.jpg,6,cips-landscape
img002175.jpg,cips/cips-landscape/img002175.jpg,6,cips-landscape
img002335.jpg,cips/cips-landscape/img002335.jpg,6,cips-landscape
img001326.jpg,cips/cips-landscape/img001326.jpg,6,cips-landscape
img003393.jpg,cips/cips-landscape/img003393.jpg,6,cips-landscape
img002814.jpg,cips/cips-landscape/img002814.jpg,6,cips-landscape
img000347.jpg,cips/cips-landscape/img000347.jpg,6,cips-landscape
img002894.jpg,cips/cips-landscape/img002894.jpg,6,cips-landscape
img001811.jpg,cips/cips-landscape/img001811.jpg,6,cips-landscape
img001252.jpg,cips/cips-landscape/img001252.jpg,6,cips-landscape
img002282.jpg,cips/cips-landscape/img002282.jpg,6,cips-landscape
img001774.jpg,cips/cips-landscape/img001774.jpg,6,cips-landscape
img002206.jpg,cips/cips-landscape/img002206.jpg,6,cips-landscape
img002493.jpg,cips/cips-landscape/img002493.jpg,6,cips-landscape
img001042.jpg,cips/cips-landscape/img001042.jpg,6,cips-landscape
img002655.jpg,cips/cips-landscape/img002655.jpg,6,cips-landscape
img002395.jpg,cips/cips-landscape/img002395.jpg,6,cips-landscape
img002553.jpg,cips/cips-landscape/img002553.jpg,6,cips-landscape
img002999.jpg,cips/cips-landscape/img002999.jpg,6,cips-landscape
img000739.jpg,cips/cips-landscape/img000739.jpg,6,cips-landscape
img000509.jpg,cips/cips-landscape/img000509.jpg,6,cips-landscape
img002564.jpg,cips/cips-landscape/img002564.jpg,6,cips-landscape
img000952.jpg,cips/cips-landscape/img000952.jpg,6,cips-landscape
img001668.jpg,cips/cips-landscape/img001668.jpg,6,cips-landscape
img002549.jpg,cips/cips-landscape/img002549.jpg,6,cips-landscape
img001614.jpg,cips/cips-landscape/img001614.jpg,6,cips-landscape
img000841.jpg,cips/cips-landscape/img000841.jpg,6,cips-landscape
img002590.jpg,cips/cips-landscape/img002590.jpg,6,cips-landscape
img001191.jpg,cips/cips-landscape/img001191.jpg,6,cips-landscape
img001365.jpg,cips/cips-landscape/img001365.jpg,6,cips-landscape
img001043.jpg,cips/cips-landscape/img001043.jpg,6,cips-landscape
img000477.jpg,cips/cips-landscape/img000477.jpg,6,cips-landscape
img003419.jpg,cips/cips-landscape/img003419.jpg,6,cips-landscape
img003367.jpg,cips/cips-landscape/img003367.jpg,6,cips-landscape
img001798.jpg,cips/cips-landscape/img001798.jpg,6,cips-landscape
img000502.jpg,cips/cips-landscape/img000502.jpg,6,cips-landscape
img001725.jpg,cips/cips-landscape/img001725.jpg,6,cips-landscape
img001212.jpg,cips/cips-landscape/img001212.jpg,6,cips-landscape
img002911.jpg,cips/cips-landscape/img002911.jpg,6,cips-landscape
img001455.jpg,cips/cips-landscape/img001455.jpg,6,cips-landscape
img001131.jpg,cips/cips-landscape/img001131.jpg,6,cips-landscape
img001539.jpg,cips/cips-landscape/img001539.jpg,6,cips-landscape
img002615.jpg,cips/cips-landscape/img002615.jpg,6,cips-landscape
img000088.jpg,cips/cips-landscape/img000088.jpg,6,cips-landscape
img002727.jpg,cips/cips-landscape/img002727.jpg,6,cips-landscape
img002056.jpg,cips/cips-landscape/img002056.jpg,6,cips-landscape
img003043.jpg,cips/cips-landscape/img003043.jpg,6,cips-landscape
img002589.jpg,cips/cips-landscape/img002589.jpg,6,cips-landscape
img002276.jpg,cips/cips-landscape/img002276.jpg,6,cips-landscape
img001747.jpg,cips/cips-landscape/img001747.jpg,6,cips-landscape
img000787.jpg,cips/cips-landscape/img000787.jpg,6,cips-landscape
img000808.jpg,cips/cips-landscape/img000808.jpg,6,cips-landscape
img002336.jpg,cips/cips-landscape/img002336.jpg,6,cips-landscape
img002489.jpg,cips/cips-landscape/img002489.jpg,6,cips-landscape
img001913.jpg,cips/cips-landscape/img001913.jpg,6,cips-landscape
img001512.jpg,cips/cips-landscape/img001512.jpg,6,cips-landscape
img001495.jpg,cips/cips-landscape/img001495.jpg,6,cips-landscape
img000379.jpg,cips/cips-landscape/img000379.jpg,6,cips-landscape
img001727.jpg,cips/cips-landscape/img001727.jpg,6,cips-landscape
img001623.jpg,cips/cips-landscape/img001623.jpg,6,cips-landscape
img001030.jpg,cips/cips-landscape/img001030.jpg,6,cips-landscape
img001530.jpg,cips/cips-landscape/img001530.jpg,6,cips-landscape
img002035.jpg,cips/cips-landscape/img002035.jpg,6,cips-landscape
img001203.jpg,cips/cips-landscape/img001203.jpg,6,cips-landscape
img000341.jpg,cips/cips-landscape/img000341.jpg,6,cips-landscape
img002092.jpg,cips/cips-landscape/img002092.jpg,6,cips-landscape
img002987.jpg,cips/cips-landscape/img002987.jpg,6,cips-landscape
img003326.jpg,cips/cips-landscape/img003326.jpg,6,cips-landscape
img001743.jpg,cips/cips-landscape/img001743.jpg,6,cips-landscape
img001382.jpg,cips/cips-landscape/img001382.jpg,6,cips-landscape
img002483.jpg,cips/cips-landscape/img002483.jpg,6,cips-landscape
img001492.jpg,cips/cips-landscape/img001492.jpg,6,cips-landscape
img003552.jpg,cips/cips-landscape/img003552.jpg,6,cips-landscape
img000373.jpg,cips/cips-landscape/img000373.jpg,6,cips-landscape
img001550.jpg,cips/cips-landscape/img001550.jpg,6,cips-landscape
img002534.jpg,cips/cips-landscape/img002534.jpg,6,cips-landscape
img002559.jpg,cips/cips-landscape/img002559.jpg,6,cips-landscape
img001084.jpg,cips/cips-landscape/img001084.jpg,6,cips-landscape
img002956.jpg,cips/cips-landscape/img002956.jpg,6,cips-landscape
img000852.jpg,cips/cips-landscape/img000852.jpg,6,cips-landscape
img001119.jpg,cips/cips-landscape/img001119.jpg,6,cips-landscape
img002795.jpg,cips/cips-landscape/img002795.jpg,6,cips-landscape
img003456.jpg,cips/cips-landscape/img003456.jpg,6,cips-landscape
img003480.jpg,cips/cips-landscape/img003480.jpg,6,cips-landscape
img002403.jpg,cips/cips-landscape/img002403.jpg,6,cips-landscape
img001683.jpg,cips/cips-landscape/img001683.jpg,6,cips-landscape
img001943.jpg,cips/cips-landscape/img001943.jpg,6,cips-landscape
img002677.jpg,cips/cips-landscape/img002677.jpg,6,cips-landscape
img003225.jpg,cips/cips-landscape/img003225.jpg,6,cips-landscape
img000541.jpg,cips/cips-landscape/img000541.jpg,6,cips-landscape
img001129.jpg,cips/cips-landscape/img001129.jpg,6,cips-landscape
img003474.jpg,cips/cips-landscape/img003474.jpg,6,cips-landscape
img003417.jpg,cips/cips-landscape/img003417.jpg,6,cips-landscape
img000071.jpg,cips/cips-landscape/img000071.jpg,6,cips-landscape
img002504.jpg,cips/cips-landscape/img002504.jpg,6,cips-landscape
img001476.jpg,cips/cips-landscape/img001476.jpg,6,cips-landscape
img003571.jpg,cips/cips-landscape/img003571.jpg,6,cips-landscape
img000164.jpg,cips/cips-landscape/img000164.jpg,6,cips-landscape
img002179.jpg,cips/cips-landscape/img002179.jpg,6,cips-landscape
img002792.jpg,cips/cips-landscape/img002792.jpg,6,cips-landscape
img003224.jpg,cips/cips-landscape/img003224.jpg,6,cips-landscape
img001316.jpg,cips/cips-landscape/img001316.jpg,6,cips-landscape
img000861.jpg,cips/cips-landscape/img000861.jpg,6,cips-landscape
img001309.jpg,cips/cips-landscape/img001309.jpg,6,cips-landscape
img002411.jpg,cips/cips-landscape/img002411.jpg,6,cips-landscape
img001594.jpg,cips/cips-landscape/img001594.jpg,6,cips-landscape
img002948.jpg,cips/cips-landscape/img002948.jpg,6,cips-landscape
img000632.jpg,cips/cips-landscape/img000632.jpg,6,cips-landscape
img003422.jpg,cips/cips-landscape/img003422.jpg,6,cips-landscape
img002927.jpg,cips/cips-landscape/img002927.jpg,6,cips-landscape
img001291.jpg,cips/cips-landscape/img001291.jpg,6,cips-landscape
img000873.jpg,cips/cips-landscape/img000873.jpg,6,cips-landscape
img002366.jpg,cips/cips-landscape/img002366.jpg,6,cips-landscape
img003420.jpg,cips/cips-landscape/img003420.jpg,6,cips-landscape
img003396.jpg,cips/cips-landscape/img003396.jpg,6,cips-landscape
img001684.jpg,cips/cips-landscape/img001684.jpg,6,cips-landscape
img002136.jpg,cips/cips-landscape/img002136.jpg,6,cips-landscape
img001102.jpg,cips/cips-landscape/img001102.jpg,6,cips-landscape
img002363.jpg,cips/cips-landscape/img002363.jpg,6,cips-landscape
img001122.jpg,cips/cips-landscape/img001122.jpg,6,cips-landscape
img000962.jpg,cips/cips-landscape/img000962.jpg,6,cips-landscape
img001320.jpg,cips/cips-landscape/img001320.jpg,6,cips-landscape
img002570.jpg,cips/cips-landscape/img002570.jpg,6,cips-landscape
img001056.jpg,cips/cips-landscape/img001056.jpg,6,cips-landscape
img002566.jpg,cips/cips-landscape/img002566.jpg,6,cips-landscape
img000833.jpg,cips/cips-landscape/img000833.jpg,6,cips-landscape
img000195.jpg,cips/cips-landscape/img000195.jpg,6,cips-landscape
img003167.jpg,cips/cips-landscape/img003167.jpg,6,cips-landscape
img000079.jpg,cips/cips-landscape/img000079.jpg,6,cips-landscape
img002409.jpg,cips/cips-landscape/img002409.jpg,6,cips-landscape
img000253.jpg,cips/cips-landscape/img000253.jpg,6,cips-landscape
img002808.jpg,cips/cips-landscape/img002808.jpg,6,cips-landscape
img001957.jpg,cips/cips-landscape/img001957.jpg,6,cips-landscape
img002527.jpg,cips/cips-landscape/img002527.jpg,6,cips-landscape
img001850.jpg,cips/cips-landscape/img001850.jpg,6,cips-landscape
img001519.jpg,cips/cips-landscape/img001519.jpg,6,cips-landscape
img002170.jpg,cips/cips-landscape/img002170.jpg,6,cips-landscape
img002625.jpg,cips/cips-landscape/img002625.jpg,6,cips-landscape
img000151.jpg,cips/cips-landscape/img000151.jpg,6,cips-landscape
img001413.jpg,cips/cips-landscape/img001413.jpg,6,cips-landscape
img003353.jpg,cips/cips-landscape/img003353.jpg,6,cips-landscape
img002240.jpg,cips/cips-landscape/img002240.jpg,6,cips-landscape
img001679.jpg,cips/cips-landscape/img001679.jpg,6,cips-landscape
img002492.jpg,cips/cips-landscape/img002492.jpg,6,cips-landscape
img001425.jpg,cips/cips-landscape/img001425.jpg,6,cips-landscape
img001872.jpg,cips/cips-landscape/img001872.jpg,6,cips-landscape
img002066.jpg,cips/cips-landscape/img002066.jpg,6,cips-landscape
img001500.jpg,cips/cips-landscape/img001500.jpg,6,cips-landscape
img001062.jpg,cips/cips-landscape/img001062.jpg,6,cips-landscape
img002901.jpg,cips/cips-landscape/img002901.jpg,6,cips-landscape
img001355.jpg,cips/cips-landscape/img001355.jpg,6,cips-landscape
img002599.jpg,cips/cips-landscape/img002599.jpg,6,cips-landscape
img000337.jpg,cips/cips-landscape/img000337.jpg,6,cips-landscape
img000394.jpg,cips/cips-landscape/img000394.jpg,6,cips-landscape
img003509.jpg,cips/cips-landscape/img003509.jpg,6,cips-landscape
img002349.jpg,cips/cips-landscape/img002349.jpg,6,cips-landscape
img003155.jpg,cips/cips-landscape/img003155.jpg,6,cips-landscape
img000282.jpg,cips/cips-landscape/img000282.jpg,6,cips-landscape
img003404.jpg,cips/cips-landscape/img003404.jpg,6,cips-landscape
img000614.jpg,cips/cips-landscape/img000614.jpg,6,cips-landscape
img002377.jpg,cips/cips-landscape/img002377.jpg,6,cips-landscape
img000261.jpg,cips/cips-landscape/img000261.jpg,6,cips-landscape
img000779.jpg,cips/cips-landscape/img000779.jpg,6,cips-landscape
img001136.jpg,cips/cips-landscape/img001136.jpg,6,cips-landscape
img003400.jpg,cips/cips-landscape/img003400.jpg,6,cips-landscape
img000785.jpg,cips/cips-landscape/img000785.jpg,6,cips-landscape
img001554.jpg,cips/cips-landscape/img001554.jpg,6,cips-landscape
img002139.jpg,cips/cips-landscape/img002139.jpg,6,cips-landscape
img002444.jpg,cips/cips-landscape/img002444.jpg,6,cips-landscape
img000068.jpg,cips/cips-landscape/img000068.jpg,6,cips-landscape
img002722.jpg,cips/cips-landscape/img002722.jpg,6,cips-landscape
img000401.jpg,cips/cips-landscape/img000401.jpg,6,cips-landscape
img001750.jpg,cips/cips-landscape/img001750.jpg,6,cips-landscape
img002116.jpg,cips/cips-landscape/img002116.jpg,6,cips-landscape
img001081.jpg,cips/cips-landscape/img001081.jpg,6,cips-landscape
img000256.jpg,cips/cips-landscape/img000256.jpg,6,cips-landscape
img000051.jpg,cips/cips-landscape/img000051.jpg,6,cips-landscape
img002418.jpg,cips/cips-landscape/img002418.jpg,6,cips-landscape
img003261.jpg,cips/cips-landscape/img003261.jpg,6,cips-landscape
img000054.jpg,cips/cips-landscape/img000054.jpg,6,cips-landscape
img000385.jpg,cips/cips-landscape/img000385.jpg,6,cips-landscape
img003282.jpg,cips/cips-landscape/img003282.jpg,6,cips-landscape
img002771.jpg,cips/cips-landscape/img002771.jpg,6,cips-landscape
img002232.jpg,cips/cips-landscape/img002232.jpg,6,cips-landscape
img002052.jpg,cips/cips-landscape/img002052.jpg,6,cips-landscape
img000764.jpg,cips/cips-landscape/img000764.jpg,6,cips-landscape
img003461.jpg,cips/cips-landscape/img003461.jpg,6,cips-landscape
img002584.jpg,cips/cips-landscape/img002584.jpg,6,cips-landscape
img001435.jpg,cips/cips-landscape/img001435.jpg,6,cips-landscape
img000885.jpg,cips/cips-landscape/img000885.jpg,6,cips-landscape
img000571.jpg,cips/cips-landscape/img000571.jpg,6,cips-landscape
img003311.jpg,cips/cips-landscape/img003311.jpg,6,cips-landscape
img002618.jpg,cips/cips-landscape/img002618.jpg,6,cips-landscape
img001698.jpg,cips/cips-landscape/img001698.jpg,6,cips-landscape
img001930.jpg,cips/cips-landscape/img001930.jpg,6,cips-landscape
img000784.jpg,cips/cips-landscape/img000784.jpg,6,cips-landscape
img000501.jpg,cips/cips-landscape/img000501.jpg,6,cips-landscape
img002217.jpg,cips/cips-landscape/img002217.jpg,6,cips-landscape
img000637.jpg,cips/cips-landscape/img000637.jpg,6,cips-landscape
img001281.jpg,cips/cips-landscape/img001281.jpg,6,cips-landscape
img002007.jpg,cips/cips-landscape/img002007.jpg,6,cips-landscape
img000905.jpg,cips/cips-landscape/img000905.jpg,6,cips-landscape
img000618.jpg,cips/cips-landscape/img000618.jpg,6,cips-landscape
img001100.jpg,cips/cips-landscape/img001100.jpg,6,cips-landscape
img000971.jpg,cips/cips-landscape/img000971.jpg,6,cips-landscape
img002751.jpg,cips/cips-landscape/img002751.jpg,6,cips-landscape
img001027.jpg,cips/cips-landscape/img001027.jpg,6,cips-landscape
img001278.jpg,cips/cips-landscape/img001278.jpg,6,cips-landscape
img001605.jpg,cips/cips-landscape/img001605.jpg,6,cips-landscape
img001018.jpg,cips/cips-landscape/img001018.jpg,6,cips-landscape
img003543.jpg,cips/cips-landscape/img003543.jpg,6,cips-landscape
img002448.jpg,cips/cips-landscape/img002448.jpg,6,cips-landscape
img002738.jpg,cips/cips-landscape/img002738.jpg,6,cips-landscape
img000617.jpg,cips/cips-landscape/img000617.jpg,6,cips-landscape
img001375.jpg,cips/cips-landscape/img001375.jpg,6,cips-landscape
img003504.jpg,cips/cips-landscape/img003504.jpg,6,cips-landscape
img001634.jpg,cips/cips-landscape/img001634.jpg,6,cips-landscape
img002636.jpg,cips/cips-landscape/img002636.jpg,6,cips-landscape
img000478.jpg,cips/cips-landscape/img000478.jpg,6,cips-landscape
img003310.jpg,cips/cips-landscape/img003310.jpg,6,cips-landscape
img000773.jpg,cips/cips-landscape/img000773.jpg,6,cips-landscape
img003212.jpg,cips/cips-landscape/img003212.jpg,6,cips-landscape
img001248.jpg,cips/cips-landscape/img001248.jpg,6,cips-landscape
img001441.jpg,cips/cips-landscape/img001441.jpg,6,cips-landscape
img001618.jpg,cips/cips-landscape/img001618.jpg,6,cips-landscape
img001708.jpg,cips/cips-landscape/img001708.jpg,6,cips-landscape
img002714.jpg,cips/cips-landscape/img002714.jpg,6,cips-landscape
img000348.jpg,cips/cips-landscape/img000348.jpg,6,cips-landscape
img003276.jpg,cips/cips-landscape/img003276.jpg,6,cips-landscape
img001937.jpg,cips/cips-landscape/img001937.jpg,6,cips-landscape
img002013.jpg,cips/cips-landscape/img002013.jpg,6,cips-landscape
img003410.jpg,cips/cips-landscape/img003410.jpg,6,cips-landscape
img002070.jpg,cips/cips-landscape/img002070.jpg,6,cips-landscape
img000300.jpg,cips/cips-landscape/img000300.jpg,6,cips-landscape
img001894.jpg,cips/cips-landscape/img001894.jpg,6,cips-landscape
img001461.jpg,cips/cips-landscape/img001461.jpg,6,cips-landscape
img002123.jpg,cips/cips-landscape/img002123.jpg,6,cips-landscape
img001307.jpg,cips/cips-landscape/img001307.jpg,6,cips-landscape
img001164.jpg,cips/cips-landscape/img001164.jpg,6,cips-landscape
img002053.jpg,cips/cips-landscape/img002053.jpg,6,cips-landscape
img003449.jpg,cips/cips-landscape/img003449.jpg,6,cips-landscape
img001656.jpg,cips/cips-landscape/img001656.jpg,6,cips-landscape
img001555.jpg,cips/cips-landscape/img001555.jpg,6,cips-landscape
img000524.jpg,cips/cips-landscape/img000524.jpg,6,cips-landscape
img002733.jpg,cips/cips-landscape/img002733.jpg,6,cips-landscape
img000284.jpg,cips/cips-landscape/img000284.jpg,6,cips-landscape
img003028.jpg,cips/cips-landscape/img003028.jpg,6,cips-landscape
img001808.jpg,cips/cips-landscape/img001808.jpg,6,cips-landscape
img002145.jpg,cips/cips-landscape/img002145.jpg,6,cips-landscape
img000987.jpg,cips/cips-landscape/img000987.jpg,6,cips-landscape
img001893.jpg,cips/cips-landscape/img001893.jpg,6,cips-landscape
img002248.jpg,cips/cips-landscape/img002248.jpg,6,cips-landscape
img000953.jpg,cips/cips-landscape/img000953.jpg,6,cips-landscape
img001900.jpg,cips/cips-landscape/img001900.jpg,6,cips-landscape
img000162.jpg,cips/cips-landscape/img000162.jpg,6,cips-landscape
img001116.jpg,cips/cips-landscape/img001116.jpg,6,cips-landscape
img003579.jpg,cips/cips-landscape/img003579.jpg,6,cips-landscape
img001830.jpg,cips/cips-landscape/img001830.jpg,6,cips-landscape
img001628.jpg,cips/cips-landscape/img001628.jpg,6,cips-landscape
img002338.jpg,cips/cips-landscape/img002338.jpg,6,cips-landscape
img003009.jpg,cips/cips-landscape/img003009.jpg,6,cips-landscape
img000334.jpg,cips/cips-landscape/img000334.jpg,6,cips-landscape
img003345.jpg,cips/cips-landscape/img003345.jpg,6,cips-landscape
img001819.jpg,cips/cips-landscape/img001819.jpg,6,cips-landscape
img002929.jpg,cips/cips-landscape/img002929.jpg,6,cips-landscape
img000500.jpg,cips/cips-landscape/img000500.jpg,6,cips-landscape
img001187.jpg,cips/cips-landscape/img001187.jpg,6,cips-landscape
img000695.jpg,cips/cips-landscape/img000695.jpg,6,cips-landscape
img001804.jpg,cips/cips-landscape/img001804.jpg,6,cips-landscape
img000794.jpg,cips/cips-landscape/img000794.jpg,6,cips-landscape
img002746.jpg,cips/cips-landscape/img002746.jpg,6,cips-landscape
img001265.jpg,cips/cips-landscape/img001265.jpg,6,cips-landscape
img001180.jpg,cips/cips-landscape/img001180.jpg,6,cips-landscape
img002898.jpg,cips/cips-landscape/img002898.jpg,6,cips-landscape
img000819.jpg,cips/cips-landscape/img000819.jpg,6,cips-landscape
img001223.jpg,cips/cips-landscape/img001223.jpg,6,cips-landscape
img002185.jpg,cips/cips-landscape/img002185.jpg,6,cips-landscape
img000513.jpg,cips/cips-landscape/img000513.jpg,6,cips-landscape
img000420.jpg,cips/cips-landscape/img000420.jpg,6,cips-landscape
img000526.jpg,cips/cips-landscape/img000526.jpg,6,cips-landscape
img002473.jpg,cips/cips-landscape/img002473.jpg,6,cips-landscape
img000311.jpg,cips/cips-landscape/img000311.jpg,6,cips-landscape
img002744.jpg,cips/cips-landscape/img002744.jpg,6,cips-landscape
img000961.jpg,cips/cips-landscape/img000961.jpg,6,cips-landscape
img002177.jpg,cips/cips-landscape/img002177.jpg,6,cips-landscape
img002830.jpg,cips/cips-landscape/img002830.jpg,6,cips-landscape
img000156.jpg,cips/cips-landscape/img000156.jpg,6,cips-landscape
img000184.jpg,cips/cips-landscape/img000184.jpg,6,cips-landscape
img000909.jpg,cips/cips-landscape/img000909.jpg,6,cips-landscape
img002859.jpg,cips/cips-landscape/img002859.jpg,6,cips-landscape
img000881.jpg,cips/cips-landscape/img000881.jpg,6,cips-landscape
img001533.jpg,cips/cips-landscape/img001533.jpg,6,cips-landscape
img002138.jpg,cips/cips-landscape/img002138.jpg,6,cips-landscape
img001738.jpg,cips/cips-landscape/img001738.jpg,6,cips-landscape
img002463.jpg,cips/cips-landscape/img002463.jpg,6,cips-landscape
img001914.jpg,cips/cips-landscape/img001914.jpg,6,cips-landscape
img000534.jpg,cips/cips-landscape/img000534.jpg,6,cips-landscape
img003412.jpg,cips/cips-landscape/img003412.jpg,6,cips-landscape
img001394.jpg,cips/cips-landscape/img001394.jpg,6,cips-landscape
img001552.jpg,cips/cips-landscape/img001552.jpg,6,cips-landscape
img001360.jpg,cips/cips-landscape/img001360.jpg,6,cips-landscape
img000694.jpg,cips/cips-landscape/img000694.jpg,6,cips-landscape
img000105.jpg,cips/cips-landscape/img000105.jpg,6,cips-landscape
img003265.jpg,cips/cips-landscape/img003265.jpg,6,cips-landscape
img000786.jpg,cips/cips-landscape/img000786.jpg,6,cips-landscape
img002833.jpg,cips/cips-landscape/img002833.jpg,6,cips-landscape
img002424.jpg,cips/cips-landscape/img002424.jpg,6,cips-landscape
img000027.jpg,cips/cips-landscape/img000027.jpg,6,cips-landscape
img002818.jpg,cips/cips-landscape/img002818.jpg,6,cips-landscape
img001404.jpg,cips/cips-landscape/img001404.jpg,6,cips-landscape
img000457.jpg,cips/cips-landscape/img000457.jpg,6,cips-landscape
img002046.jpg,cips/cips-landscape/img002046.jpg,6,cips-landscape
img001562.jpg,cips/cips-landscape/img001562.jpg,6,cips-landscape
img003162.jpg,cips/cips-landscape/img003162.jpg,6,cips-landscape
img002928.jpg,cips/cips-landscape/img002928.jpg,6,cips-landscape
img001655.jpg,cips/cips-landscape/img001655.jpg,6,cips-landscape
img001702.jpg,cips/cips-landscape/img001702.jpg,6,cips-landscape
img003083.jpg,cips/cips-landscape/img003083.jpg,6,cips-landscape
img002557.jpg,cips/cips-landscape/img002557.jpg,6,cips-landscape
img002055.jpg,cips/cips-landscape/img002055.jpg,6,cips-landscape
img000569.jpg,cips/cips-landscape/img000569.jpg,6,cips-landscape
img003365.jpg,cips/cips-landscape/img003365.jpg,6,cips-landscape
img000896.jpg,cips/cips-landscape/img000896.jpg,6,cips-landscape
img001999.jpg,cips/cips-landscape/img001999.jpg,6,cips-landscape
img000064.jpg,cips/cips-landscape/img000064.jpg,6,cips-landscape
img003288.jpg,cips/cips-landscape/img003288.jpg,6,cips-landscape
img000913.jpg,cips/cips-landscape/img000913.jpg,6,cips-landscape
img001859.jpg,cips/cips-landscape/img001859.jpg,6,cips-landscape
img002440.jpg,cips/cips-landscape/img002440.jpg,6,cips-landscape
img001211.jpg,cips/cips-landscape/img001211.jpg,6,cips-landscape
img002408.jpg,cips/cips-landscape/img002408.jpg,6,cips-landscape
img000352.jpg,cips/cips-landscape/img000352.jpg,6,cips-landscape
img002632.jpg,cips/cips-landscape/img002632.jpg,6,cips-landscape
img000325.jpg,cips/cips-landscape/img000325.jpg,6,cips-landscape
img001179.jpg,cips/cips-landscape/img001179.jpg,6,cips-landscape
img002097.jpg,cips/cips-landscape/img002097.jpg,6,cips-landscape
img003349.jpg,cips/cips-landscape/img003349.jpg,6,cips-landscape
img002357.jpg,cips/cips-landscape/img002357.jpg,6,cips-landscape
img002885.jpg,cips/cips-landscape/img002885.jpg,6,cips-landscape
img000681.jpg,cips/cips-landscape/img000681.jpg,6,cips-landscape
img003143.jpg,cips/cips-landscape/img003143.jpg,6,cips-landscape
img003362.jpg,cips/cips-landscape/img003362.jpg,6,cips-landscape
img001955.jpg,cips/cips-landscape/img001955.jpg,6,cips-landscape
img002800.jpg,cips/cips-landscape/img002800.jpg,6,cips-landscape
img000567.jpg,cips/cips-landscape/img000567.jpg,6,cips-landscape
img000895.jpg,cips/cips-landscape/img000895.jpg,6,cips-landscape
img002311.jpg,cips/cips-landscape/img002311.jpg,6,cips-landscape
img001645.jpg,cips/cips-landscape/img001645.jpg,6,cips-landscape
img002328.jpg,cips/cips-landscape/img002328.jpg,6,cips-landscape
img001941.jpg,cips/cips-landscape/img001941.jpg,6,cips-landscape
img000998.jpg,cips/cips-landscape/img000998.jpg,6,cips-landscape
img003522.jpg,cips/cips-landscape/img003522.jpg,6,cips-landscape
img002480.jpg,cips/cips-landscape/img002480.jpg,6,cips-landscape
img003314.jpg,cips/cips-landscape/img003314.jpg,6,cips-landscape
img003221.jpg,cips/cips-landscape/img003221.jpg,6,cips-landscape
img002739.jpg,cips/cips-landscape/img002739.jpg,6,cips-landscape
img000213.jpg,cips/cips-landscape/img000213.jpg,6,cips-landscape
img001745.jpg,cips/cips-landscape/img001745.jpg,6,cips-landscape
img003341.jpg,cips/cips-landscape/img003341.jpg,6,cips-landscape
img000206.jpg,cips/cips-landscape/img000206.jpg,6,cips-landscape
img002580.jpg,cips/cips-landscape/img002580.jpg,6,cips-landscape
img002961.jpg,cips/cips-landscape/img002961.jpg,6,cips-landscape
img000035.jpg,cips/cips-landscape/img000035.jpg,6,cips-landscape
img000743.jpg,cips/cips-landscape/img000743.jpg,6,cips-landscape
img001758.jpg,cips/cips-landscape/img001758.jpg,6,cips-landscape
img000622.jpg,cips/cips-landscape/img000622.jpg,6,cips-landscape
img001886.jpg,cips/cips-landscape/img001886.jpg,6,cips-landscape
img002376.jpg,cips/cips-landscape/img002376.jpg,6,cips-landscape
img003488.jpg,cips/cips-landscape/img003488.jpg,6,cips-landscape
img000771.jpg,cips/cips-landscape/img000771.jpg,6,cips-landscape
img001513.jpg,cips/cips-landscape/img001513.jpg,6,cips-landscape
img001551.jpg,cips/cips-landscape/img001551.jpg,6,cips-landscape
img000203.jpg,cips/cips-landscape/img000203.jpg,6,cips-landscape
img000683.jpg,cips/cips-landscape/img000683.jpg,6,cips-landscape
img000990.jpg,cips/cips-landscape/img000990.jpg,6,cips-landscape
img001712.jpg,cips/cips-landscape/img001712.jpg,6,cips-landscape
img001166.jpg,cips/cips-landscape/img001166.jpg,6,cips-landscape
img003356.jpg,cips/cips-landscape/img003356.jpg,6,cips-landscape
img002279.jpg,cips/cips-landscape/img002279.jpg,6,cips-landscape
img001197.jpg,cips/cips-landscape/img001197.jpg,6,cips-landscape
img002058.jpg,cips/cips-landscape/img002058.jpg,6,cips-landscape
img002616.jpg,cips/cips-landscape/img002616.jpg,6,cips-landscape
img001558.jpg,cips/cips-landscape/img001558.jpg,6,cips-landscape
img001173.jpg,cips/cips-landscape/img001173.jpg,6,cips-landscape
img003501.jpg,cips/cips-landscape/img003501.jpg,6,cips-landscape
img000000.jpg,cips/cips-landscape/img000000.jpg,6,cips-landscape
img002383.jpg,cips/cips-landscape/img002383.jpg,6,cips-landscape
img000816.jpg,cips/cips-landscape/img000816.jpg,6,cips-landscape
img002970.jpg,cips/cips-landscape/img002970.jpg,6,cips-landscape
img003065.jpg,cips/cips-landscape/img003065.jpg,6,cips-landscape
img002742.jpg,cips/cips-landscape/img002742.jpg,6,cips-landscape
img002993.jpg,cips/cips-landscape/img002993.jpg,6,cips-landscape
img000851.jpg,cips/cips-landscape/img000851.jpg,6,cips-landscape
img003299.jpg,cips/cips-landscape/img003299.jpg,6,cips-landscape
img002839.jpg,cips/cips-landscape/img002839.jpg,6,cips-landscape
img001792.jpg,cips/cips-landscape/img001792.jpg,6,cips-landscape
img002908.jpg,cips/cips-landscape/img002908.jpg,6,cips-landscape
img001971.jpg,cips/cips-landscape/img001971.jpg,6,cips-landscape
img001936.jpg,cips/cips-landscape/img001936.jpg,6,cips-landscape
img002355.jpg,cips/cips-landscape/img002355.jpg,6,cips-landscape
img002074.jpg,cips/cips-landscape/img002074.jpg,6,cips-landscape
img000275.jpg,cips/cips-landscape/img000275.jpg,6,cips-landscape
img000857.jpg,cips/cips-landscape/img000857.jpg,6,cips-landscape
img000651.jpg,cips/cips-landscape/img000651.jpg,6,cips-landscape
img003059.jpg,cips/cips-landscape/img003059.jpg,6,cips-landscape
img003572.jpg,cips/cips-landscape/img003572.jpg,6,cips-landscape
img003401.jpg,cips/cips-landscape/img003401.jpg,6,cips-landscape
img000901.jpg,cips/cips-landscape/img000901.jpg,6,cips-landscape
img000882.jpg,cips/cips-landscape/img000882.jpg,6,cips-landscape
img003034.jpg,cips/cips-landscape/img003034.jpg,6,cips-landscape
img002397.jpg,cips/cips-landscape/img002397.jpg,6,cips-landscape
img000121.jpg,cips/cips-landscape/img000121.jpg,6,cips-landscape
img001602.jpg,cips/cips-landscape/img001602.jpg,6,cips-landscape
img001178.jpg,cips/cips-landscape/img001178.jpg,6,cips-landscape
img002569.jpg,cips/cips-landscape/img002569.jpg,6,cips-landscape
img001610.jpg,cips/cips-landscape/img001610.jpg,6,cips-landscape
img000418.jpg,cips/cips-landscape/img000418.jpg,6,cips-landscape
img002501.jpg,cips/cips-landscape/img002501.jpg,6,cips-landscape
img000715.jpg,cips/cips-landscape/img000715.jpg,6,cips-landscape
img002544.jpg,cips/cips-landscape/img002544.jpg,6,cips-landscape
img002969.jpg,cips/cips-landscape/img002969.jpg,6,cips-landscape
img000178.jpg,cips/cips-landscape/img000178.jpg,6,cips-landscape
img001871.jpg,cips/cips-landscape/img001871.jpg,6,cips-landscape
img002320.jpg,cips/cips-landscape/img002320.jpg,6,cips-landscape
img002935.jpg,cips/cips-landscape/img002935.jpg,6,cips-landscape
img000416.jpg,cips/cips-landscape/img000416.jpg,6,cips-landscape
img002368.jpg,cips/cips-landscape/img002368.jpg,6,cips-landscape
img002725.jpg,cips/cips-landscape/img002725.jpg,6,cips-landscape
img000224.jpg,cips/cips-landscape/img000224.jpg,6,cips-landscape
img002582.jpg,cips/cips-landscape/img002582.jpg,6,cips-landscape
img000999.jpg,cips/cips-landscape/img000999.jpg,6,cips-landscape
img000361.jpg,cips/cips-landscape/img000361.jpg,6,cips-landscape
img002337.jpg,cips/cips-landscape/img002337.jpg,6,cips-landscape
img001765.jpg,cips/cips-landscape/img001765.jpg,6,cips-landscape
img001882.jpg,cips/cips-landscape/img001882.jpg,6,cips-landscape
img001343.jpg,cips/cips-landscape/img001343.jpg,6,cips-landscape
img002287.jpg,cips/cips-landscape/img002287.jpg,6,cips-landscape
img003453.jpg,cips/cips-landscape/img003453.jpg,6,cips-landscape
img000599.jpg,cips/cips-landscape/img000599.jpg,6,cips-landscape
img000801.jpg,cips/cips-landscape/img000801.jpg,6,cips-landscape
img001450.jpg,cips/cips-landscape/img001450.jpg,6,cips-landscape
img002158.jpg,cips/cips-landscape/img002158.jpg,6,cips-landscape
img001950.jpg,cips/cips-landscape/img001950.jpg,6,cips-landscape
img000150.jpg,cips/cips-landscape/img000150.jpg,6,cips-landscape
img000878.jpg,cips/cips-landscape/img000878.jpg,6,cips-landscape
img002169.jpg,cips/cips-landscape/img002169.jpg,6,cips-landscape
img001756.jpg,cips/cips-landscape/img001756.jpg,6,cips-landscape
img000848.jpg,cips/cips-landscape/img000848.jpg,6,cips-landscape
img002182.jpg,cips/cips-landscape/img002182.jpg,6,cips-landscape
img002670.jpg,cips/cips-landscape/img002670.jpg,6,cips-landscape
img002508.jpg,cips/cips-landscape/img002508.jpg,6,cips-landscape
img001000.jpg,cips/cips-landscape/img001000.jpg,6,cips-landscape
img003031.jpg,cips/cips-landscape/img003031.jpg,6,cips-landscape
img002135.jpg,cips/cips-landscape/img002135.jpg,6,cips-landscape
img003235.jpg,cips/cips-landscape/img003235.jpg,6,cips-landscape
img002470.jpg,cips/cips-landscape/img002470.jpg,6,cips-landscape
img000709.jpg,cips/cips-landscape/img000709.jpg,6,cips-landscape
img002667.jpg,cips/cips-landscape/img002667.jpg,6,cips-landscape
img002934.jpg,cips/cips-landscape/img002934.jpg,6,cips-landscape
img002112.jpg,cips/cips-landscape/img002112.jpg,6,cips-landscape
img002342.jpg,cips/cips-landscape/img002342.jpg,6,cips-landscape
img000625.jpg,cips/cips-landscape/img000625.jpg,6,cips-landscape
img001200.jpg,cips/cips-landscape/img001200.jpg,6,cips-landscape
img001369.jpg,cips/cips-landscape/img001369.jpg,6,cips-landscape
img001654.jpg,cips/cips-landscape/img001654.jpg,6,cips-landscape
img003030.jpg,cips/cips-landscape/img003030.jpg,6,cips-landscape
img002778.jpg,cips/cips-landscape/img002778.jpg,6,cips-landscape
img001740.jpg,cips/cips-landscape/img001740.jpg,6,cips-landscape
img001770.jpg,cips/cips-landscape/img001770.jpg,6,cips-landscape
img001997.jpg,cips/cips-landscape/img001997.jpg,6,cips-landscape
img001485.jpg,cips/cips-landscape/img001485.jpg,6,cips-landscape
img003097.jpg,cips/cips-landscape/img003097.jpg,6,cips-landscape
img003442.jpg,cips/cips-landscape/img003442.jpg,6,cips-landscape
img003008.jpg,cips/cips-landscape/img003008.jpg,6,cips-landscape
img003275.jpg,cips/cips-landscape/img003275.jpg,6,cips-landscape
img003599.jpg,cips/cips-landscape/img003599.jpg,6,cips-landscape
img001647.jpg,cips/cips-landscape/img001647.jpg,6,cips-landscape
img001963.jpg,cips/cips-landscape/img001963.jpg,6,cips-landscape
img001239.jpg,cips/cips-landscape/img001239.jpg,6,cips-landscape
img000048.jpg,cips/cips-landscape/img000048.jpg,6,cips-landscape
img003045.jpg,cips/cips-landscape/img003045.jpg,6,cips-landscape
img000201.jpg,cips/cips-landscape/img000201.jpg,6,cips-landscape
img003091.jpg,cips/cips-landscape/img003091.jpg,6,cips-landscape
img002104.jpg,cips/cips-landscape/img002104.jpg,6,cips-landscape
img002351.jpg,cips/cips-landscape/img002351.jpg,6,cips-landscape
img001324.jpg,cips/cips-landscape/img001324.jpg,6,cips-landscape
img001033.jpg,cips/cips-landscape/img001033.jpg,6,cips-landscape
img001479.jpg,cips/cips-landscape/img001479.jpg,6,cips-landscape
img001613.jpg,cips/cips-landscape/img001613.jpg,6,cips-landscape
img003159.jpg,cips/cips-landscape/img003159.jpg,6,cips-landscape
img000458.jpg,cips/cips-landscape/img000458.jpg,6,cips-landscape
img000687.jpg,cips/cips-landscape/img000687.jpg,6,cips-landscape
img002701.jpg,cips/cips-landscape/img002701.jpg,6,cips-landscape
img001889.jpg,cips/cips-landscape/img001889.jpg,6,cips-landscape
img000714.jpg,cips/cips-landscape/img000714.jpg,6,cips-landscape
img000591.jpg,cips/cips-landscape/img000591.jpg,6,cips-landscape
img003000.jpg,cips/cips-landscape/img003000.jpg,6,cips-landscape
img002382.jpg,cips/cips-landscape/img002382.jpg,6,cips-landscape
img001386.jpg,cips/cips-landscape/img001386.jpg,6,cips-landscape
img003089.jpg,cips/cips-landscape/img003089.jpg,6,cips-landscape
img001089.jpg,cips/cips-landscape/img001089.jpg,6,cips-landscape
img002486.jpg,cips/cips-landscape/img002486.jpg,6,cips-landscape
img001254.jpg,cips/cips-landscape/img001254.jpg,6,cips-landscape
img002634.jpg,cips/cips-landscape/img002634.jpg,6,cips-landscape
img003313.jpg,cips/cips-landscape/img003313.jpg,6,cips-landscape
img000588.jpg,cips/cips-landscape/img000588.jpg,6,cips-landscape
img002692.jpg,cips/cips-landscape/img002692.jpg,6,cips-landscape
img000745.jpg,cips/cips-landscape/img000745.jpg,6,cips-landscape
img000392.jpg,cips/cips-landscape/img000392.jpg,6,cips-landscape
img000807.jpg,cips/cips-landscape/img000807.jpg,6,cips-landscape
img000960.jpg,cips/cips-landscape/img000960.jpg,6,cips-landscape
img001405.jpg,cips/cips-landscape/img001405.jpg,6,cips-landscape
img000357.jpg,cips/cips-landscape/img000357.jpg,6,cips-landscape
img002938.jpg,cips/cips-landscape/img002938.jpg,6,cips-landscape
img002078.jpg,cips/cips-landscape/img002078.jpg,6,cips-landscape
img002154.jpg,cips/cips-landscape/img002154.jpg,6,cips-landscape
img002796.jpg,cips/cips-landscape/img002796.jpg,6,cips-landscape
img000643.jpg,cips/cips-landscape/img000643.jpg,6,cips-landscape
img003151.jpg,cips/cips-landscape/img003151.jpg,6,cips-landscape
img001345.jpg,cips/cips-landscape/img001345.jpg,6,cips-landscape
img000577.jpg,cips/cips-landscape/img000577.jpg,6,cips-landscape
img002474.jpg,cips/cips-landscape/img002474.jpg,6,cips-landscape
img000582.jpg,cips/cips-landscape/img000582.jpg,6,cips-landscape
img002231.jpg,cips/cips-landscape/img002231.jpg,6,cips-landscape
img002697.jpg,cips/cips-landscape/img002697.jpg,6,cips-landscape
img000802.jpg,cips/cips-landscape/img000802.jpg,6,cips-landscape
img001504.jpg,cips/cips-landscape/img001504.jpg,6,cips-landscape
img001803.jpg,cips/cips-landscape/img001803.jpg,6,cips-landscape
img003548.jpg,cips/cips-landscape/img003548.jpg,6,cips-landscape
img000540.jpg,cips/cips-landscape/img000540.jpg,6,cips-landscape
img000018.jpg,cips/cips-landscape/img000018.jpg,6,cips-landscape
img003229.jpg,cips/cips-landscape/img003229.jpg,6,cips-landscape
img002964.jpg,cips/cips-landscape/img002964.jpg,6,cips-landscape
img000744.jpg,cips/cips-landscape/img000744.jpg,6,cips-landscape
img001994.jpg,cips/cips-landscape/img001994.jpg,6,cips-landscape
img001096.jpg,cips/cips-landscape/img001096.jpg,6,cips-landscape
img000560.jpg,cips/cips-landscape/img000560.jpg,6,cips-landscape
img000259.jpg,cips/cips-landscape/img000259.jpg,6,cips-landscape
img000865.jpg,cips/cips-landscape/img000865.jpg,6,cips-landscape
img001054.jpg,cips/cips-landscape/img001054.jpg,6,cips-landscape
img000043.jpg,cips/cips-landscape/img000043.jpg,6,cips-landscape
img002503.jpg,cips/cips-landscape/img002503.jpg,6,cips-landscape
img002024.jpg,cips/cips-landscape/img002024.jpg,6,cips-landscape
img001878.jpg,cips/cips-landscape/img001878.jpg,6,cips-landscape
img002263.jpg,cips/cips-landscape/img002263.jpg,6,cips-landscape
img002297.jpg,cips/cips-landscape/img002297.jpg,6,cips-landscape
img002364.jpg,cips/cips-landscape/img002364.jpg,6,cips-landscape
img002375.jpg,cips/cips-landscape/img002375.jpg,6,cips-landscape
img000039.jpg,cips/cips-landscape/img000039.jpg,6,cips-landscape
img000192.jpg,cips/cips-landscape/img000192.jpg,6,cips-landscape
img000154.jpg,cips/cips-landscape/img000154.jpg,6,cips-landscape
img002622.jpg,cips/cips-landscape/img002622.jpg,6,cips-landscape
img001580.jpg,cips/cips-landscape/img001580.jpg,6,cips-landscape
img002228.jpg,cips/cips-landscape/img002228.jpg,6,cips-landscape
img002760.jpg,cips/cips-landscape/img002760.jpg,6,cips-landscape
img002427.jpg,cips/cips-landscape/img002427.jpg,6,cips-landscape
img003268.jpg,cips/cips-landscape/img003268.jpg,6,cips-landscape
img001385.jpg,cips/cips-landscape/img001385.jpg,6,cips-landscape
img000697.jpg,cips/cips-landscape/img000697.jpg,6,cips-landscape
img001606.jpg,cips/cips-landscape/img001606.jpg,6,cips-landscape
img000003.jpg,cips/cips-landscape/img000003.jpg,6,cips-landscape
img001666.jpg,cips/cips-landscape/img001666.jpg,6,cips-landscape
img003568.jpg,cips/cips-landscape/img003568.jpg,6,cips-landscape
img000940.jpg,cips/cips-landscape/img000940.jpg,6,cips-landscape
img002958.jpg,cips/cips-landscape/img002958.jpg,6,cips-landscape
img002303.jpg,cips/cips-landscape/img002303.jpg,6,cips-landscape
img002578.jpg,cips/cips-landscape/img002578.jpg,6,cips-landscape
img002585.jpg,cips/cips-landscape/img002585.jpg,6,cips-landscape
img003124.jpg,cips/cips-landscape/img003124.jpg,6,cips-landscape
img002627.jpg,cips/cips-landscape/img002627.jpg,6,cips-landscape
img002974.jpg,cips/cips-landscape/img002974.jpg,6,cips-landscape
img001161.jpg,cips/cips-landscape/img001161.jpg,6,cips-landscape
img001431.jpg,cips/cips-landscape/img001431.jpg,6,cips-landscape
img003451.jpg,cips/cips-landscape/img003451.jpg,6,cips-landscape
img001392.jpg,cips/cips-landscape/img001392.jpg,6,cips-landscape
img002249.jpg,cips/cips-landscape/img002249.jpg,6,cips-landscape
img003194.jpg,cips/cips-landscape/img003194.jpg,6,cips-landscape
img002855.jpg,cips/cips-landscape/img002855.jpg,6,cips-landscape
img002036.jpg,cips/cips-landscape/img002036.jpg,6,cips-landscape
img000122.jpg,cips/cips-landscape/img000122.jpg,6,cips-landscape
img001568.jpg,cips/cips-landscape/img001568.jpg,6,cips-landscape
img003062.jpg,cips/cips-landscape/img003062.jpg,6,cips-landscape
img002114.jpg,cips/cips-landscape/img002114.jpg,6,cips-landscape
img003537.jpg,cips/cips-landscape/img003537.jpg,6,cips-landscape
img001841.jpg,cips/cips-landscape/img001841.jpg,6,cips-landscape
img001870.jpg,cips/cips-landscape/img001870.jpg,6,cips-landscape
img000116.jpg,cips/cips-landscape/img000116.jpg,6,cips-landscape
img000155.jpg,cips/cips-landscape/img000155.jpg,6,cips-landscape
img000473.jpg,cips/cips-landscape/img000473.jpg,6,cips-landscape
img001787.jpg,cips/cips-landscape/img001787.jpg,6,cips-landscape
img002447.jpg,cips/cips-landscape/img002447.jpg,6,cips-landscape
img001346.jpg,cips/cips-landscape/img001346.jpg,6,cips-landscape
img001931.jpg,cips/cips-landscape/img001931.jpg,6,cips-landscape
img000867.jpg,cips/cips-landscape/img000867.jpg,6,cips-landscape
img001051.jpg,cips/cips-landscape/img001051.jpg,6,cips-landscape
img000514.jpg,cips/cips-landscape/img000514.jpg,6,cips-landscape
img002907.jpg,cips/cips-landscape/img002907.jpg,6,cips-landscape
img002330.jpg,cips/cips-landscape/img002330.jpg,6,cips-landscape
img000161.jpg,cips/cips-landscape/img000161.jpg,6,cips-landscape
img001661.jpg,cips/cips-landscape/img001661.jpg,6,cips-landscape
img002502.jpg,cips/cips-landscape/img002502.jpg,6,cips-landscape
img000974.jpg,cips/cips-landscape/img000974.jpg,6,cips-landscape
img000069.jpg,cips/cips-landscape/img000069.jpg,6,cips-landscape
img000887.jpg,cips/cips-landscape/img000887.jpg,6,cips-landscape
img001170.jpg,cips/cips-landscape/img001170.jpg,6,cips-landscape
img000302.jpg,cips/cips-landscape/img000302.jpg,6,cips-landscape
img002254.jpg,cips/cips-landscape/img002254.jpg,6,cips-landscape
img002020.jpg,cips/cips-landscape/img002020.jpg,6,cips-landscape
img003366.jpg,cips/cips-landscape/img003366.jpg,6,cips-landscape
img001058.jpg,cips/cips-landscape/img001058.jpg,6,cips-landscape
img000355.jpg,cips/cips-landscape/img000355.jpg,6,cips-landscape
img002575.jpg,cips/cips-landscape/img002575.jpg,6,cips-landscape
img000336.jpg,cips/cips-landscape/img000336.jpg,6,cips-landscape
img001426.jpg,cips/cips-landscape/img001426.jpg,6,cips-landscape
img001925.jpg,cips/cips-landscape/img001925.jpg,6,cips-landscape
img002331.jpg,cips/cips-landscape/img002331.jpg,6,cips-landscape
img000208.jpg,cips/cips-landscape/img000208.jpg,6,cips-landscape
img002043.jpg,cips/cips-landscape/img002043.jpg,6,cips-landscape
img000476.jpg,cips/cips-landscape/img000476.jpg,6,cips-landscape
img002918.jpg,cips/cips-landscape/img002918.jpg,6,cips-landscape
img002105.jpg,cips/cips-landscape/img002105.jpg,6,cips-landscape
img000387.jpg,cips/cips-landscape/img000387.jpg,6,cips-landscape
img002893.jpg,cips/cips-landscape/img002893.jpg,6,cips-landscape
img000408.jpg,cips/cips-landscape/img000408.jpg,6,cips-landscape
img002241.jpg,cips/cips-landscape/img002241.jpg,6,cips-landscape
img001769.jpg,cips/cips-landscape/img001769.jpg,6,cips-landscape
img003069.jpg,cips/cips-landscape/img003069.jpg,6,cips-landscape
img001090.jpg,cips/cips-landscape/img001090.jpg,6,cips-landscape
img002919.jpg,cips/cips-landscape/img002919.jpg,6,cips-landscape
img001617.jpg,cips/cips-landscape/img001617.jpg,6,cips-landscape
img000752.jpg,cips/cips-landscape/img000752.jpg,6,cips-landscape
img001721.jpg,cips/cips-landscape/img001721.jpg,6,cips-landscape
img002367.jpg,cips/cips-landscape/img002367.jpg,6,cips-landscape
img001884.jpg,cips/cips-landscape/img001884.jpg,6,cips-landscape
img002950.jpg,cips/cips-landscape/img002950.jpg,6,cips-landscape
img002323.jpg,cips/cips-landscape/img002323.jpg,6,cips-landscape
img000414.jpg,cips/cips-landscape/img000414.jpg,6,cips-landscape
img001795.jpg,cips/cips-landscape/img001795.jpg,6,cips-landscape
img003415.jpg,cips/cips-landscape/img003415.jpg,6,cips-landscape
img002030.jpg,cips/cips-landscape/img002030.jpg,6,cips-landscape
img001006.jpg,cips/cips-landscape/img001006.jpg,6,cips-landscape
img001095.jpg,cips/cips-landscape/img001095.jpg,6,cips-landscape
img000196.jpg,cips/cips-landscape/img000196.jpg,6,cips-landscape
img001678.jpg,cips/cips-landscape/img001678.jpg,6,cips-landscape
img000120.jpg,cips/cips-landscape/img000120.jpg,6,cips-landscape
img001992.jpg,cips/cips-landscape/img001992.jpg,6,cips-landscape
img001874.jpg,cips/cips-landscape/img001874.jpg,6,cips-landscape
img003351.jpg,cips/cips-landscape/img003351.jpg,6,cips-landscape
img002073.jpg,cips/cips-landscape/img002073.jpg,6,cips-landscape
img002768.jpg,cips/cips-landscape/img002768.jpg,6,cips-landscape
img000234.jpg,cips/cips-landscape/img000234.jpg,6,cips-landscape
img000489.jpg,cips/cips-landscape/img000489.jpg,6,cips-landscape
img002202.jpg,cips/cips-landscape/img002202.jpg,6,cips-landscape
img003078.jpg,cips/cips-landscape/img003078.jpg,6,cips-landscape
img002788.jpg,cips/cips-landscape/img002788.jpg,6,cips-landscape
img003158.jpg,cips/cips-landscape/img003158.jpg,6,cips-landscape
img001822.jpg,cips/cips-landscape/img001822.jpg,6,cips-landscape
img000579.jpg,cips/cips-landscape/img000579.jpg,6,cips-landscape
img002341.jpg,cips/cips-landscape/img002341.jpg,6,cips-landscape
img001728.jpg,cips/cips-landscape/img001728.jpg,6,cips-landscape
img003423.jpg,cips/cips-landscape/img003423.jpg,6,cips-landscape
img003230.jpg,cips/cips-landscape/img003230.jpg,6,cips-landscape
img003583.jpg,cips/cips-landscape/img003583.jpg,6,cips-landscape
img000692.jpg,cips/cips-landscape/img000692.jpg,6,cips-landscape
img003342.jpg,cips/cips-landscape/img003342.jpg,6,cips-landscape
img002822.jpg,cips/cips-landscape/img002822.jpg,6,cips-landscape
img002776.jpg,cips/cips-landscape/img002776.jpg,6,cips-landscape
img003554.jpg,cips/cips-landscape/img003554.jpg,6,cips-landscape
img003262.jpg,cips/cips-landscape/img003262.jpg,6,cips-landscape
img002735.jpg,cips/cips-landscape/img002735.jpg,6,cips-landscape
img001410.jpg,cips/cips-landscape/img001410.jpg,6,cips-landscape
img003209.jpg,cips/cips-landscape/img003209.jpg,6,cips-landscape
img000775.jpg,cips/cips-landscape/img000775.jpg,6,cips-landscape
img000654.jpg,cips/cips-landscape/img000654.jpg,6,cips-landscape
img000189.jpg,cips/cips-landscape/img000189.jpg,6,cips-landscape
img002029.jpg,cips/cips-landscape/img002029.jpg,6,cips-landscape
img002150.jpg,cips/cips-landscape/img002150.jpg,6,cips-landscape
img002922.jpg,cips/cips-landscape/img002922.jpg,6,cips-landscape
img003266.jpg,cips/cips-landscape/img003266.jpg,6,cips-landscape
img002988.jpg,cips/cips-landscape/img002988.jpg,6,cips-landscape
img000922.jpg,cips/cips-landscape/img000922.jpg,6,cips-landscape
img001057.jpg,cips/cips-landscape/img001057.jpg,6,cips-landscape
img001981.jpg,cips/cips-landscape/img001981.jpg,6,cips-landscape
img000415.jpg,cips/cips-landscape/img000415.jpg,6,cips-landscape
img003132.jpg,cips/cips-landscape/img003132.jpg,6,cips-landscape
img002413.jpg,cips/cips-landscape/img002413.jpg,6,cips-landscape
img002913.jpg,cips/cips-landscape/img002913.jpg,6,cips-landscape
img003052.jpg,cips/cips-landscape/img003052.jpg,6,cips-landscape
img002155.jpg,cips/cips-landscape/img002155.jpg,6,cips-landscape
img001510.jpg,cips/cips-landscape/img001510.jpg,6,cips-landscape
img002189.jpg,cips/cips-landscape/img002189.jpg,6,cips-landscape
img003181.jpg,cips/cips-landscape/img003181.jpg,6,cips-landscape
img003251.jpg,cips/cips-landscape/img003251.jpg,6,cips-landscape
img000910.jpg,cips/cips-landscape/img000910.jpg,6,cips-landscape
img001065.jpg,cips/cips-landscape/img001065.jpg,6,cips-landscape
img000067.jpg,cips/cips-landscape/img000067.jpg,6,cips-landscape
img000956.jpg,cips/cips-landscape/img000956.jpg,6,cips-landscape
img003272.jpg,cips/cips-landscape/img003272.jpg,6,cips-landscape
img001910.jpg,cips/cips-landscape/img001910.jpg,6,cips-landscape
img001399.jpg,cips/cips-landscape/img001399.jpg,6,cips-landscape
img002466.jpg,cips/cips-landscape/img002466.jpg,6,cips-landscape
img000629.jpg,cips/cips-landscape/img000629.jpg,6,cips-landscape
img000135.jpg,cips/cips-landscape/img000135.jpg,6,cips-landscape
img000602.jpg,cips/cips-landscape/img000602.jpg,6,cips-landscape
img002513.jpg,cips/cips-landscape/img002513.jpg,6,cips-landscape
img000015.jpg,cips/cips-landscape/img000015.jpg,6,cips-landscape
img002825.jpg,cips/cips-landscape/img002825.jpg,6,cips-landscape
img002275.jpg,cips/cips-landscape/img002275.jpg,6,cips-landscape
img000824.jpg,cips/cips-landscape/img000824.jpg,6,cips-landscape
img001293.jpg,cips/cips-landscape/img001293.jpg,6,cips-landscape
img000363.jpg,cips/cips-landscape/img000363.jpg,6,cips-landscape
img001335.jpg,cips/cips-landscape/img001335.jpg,6,cips-landscape
img001794.jpg,cips/cips-landscape/img001794.jpg,6,cips-landscape
img003003.jpg,cips/cips-landscape/img003003.jpg,6,cips-landscape
img000583.jpg,cips/cips-landscape/img000583.jpg,6,cips-landscape
img003088.jpg,cips/cips-landscape/img003088.jpg,6,cips-landscape
img000512.jpg,cips/cips-landscape/img000512.jpg,6,cips-landscape
img002132.jpg,cips/cips-landscape/img002132.jpg,6,cips-landscape
img000621.jpg,cips/cips-landscape/img000621.jpg,6,cips-landscape
img000758.jpg,cips/cips-landscape/img000758.jpg,6,cips-landscape
img000239.jpg,cips/cips-landscape/img000239.jpg,6,cips-landscape
img000426.jpg,cips/cips-landscape/img000426.jpg,6,cips-landscape
img002558.jpg,cips/cips-landscape/img002558.jpg,6,cips-landscape
img003216.jpg,cips/cips-landscape/img003216.jpg,6,cips-landscape
img002141.jpg,cips/cips-landscape/img002141.jpg,6,cips-landscape
img003004.jpg,cips/cips-landscape/img003004.jpg,6,cips-landscape
img002891.jpg,cips/cips-landscape/img002891.jpg,6,cips-landscape
img001167.jpg,cips/cips-landscape/img001167.jpg,6,cips-landscape
img000010.jpg,cips/cips-landscape/img000010.jpg,6,cips-landscape
img000870.jpg,cips/cips-landscape/img000870.jpg,6,cips-landscape
img001812.jpg,cips/cips-landscape/img001812.jpg,6,cips-landscape
img000975.jpg,cips/cips-landscape/img000975.jpg,6,cips-landscape
img000562.jpg,cips/cips-landscape/img000562.jpg,6,cips-landscape
img000647.jpg,cips/cips-landscape/img000647.jpg,6,cips-landscape
img000270.jpg,cips/cips-landscape/img000270.jpg,6,cips-landscape
img003157.jpg,cips/cips-landscape/img003157.jpg,6,cips-landscape
img002543.jpg,cips/cips-landscape/img002543.jpg,6,cips-landscape
img003406.jpg,cips/cips-landscape/img003406.jpg,6,cips-landscape
img003511.jpg,cips/cips-landscape/img003511.jpg,6,cips-landscape
img003421.jpg,cips/cips-landscape/img003421.jpg,6,cips-landscape
img001162.jpg,cips/cips-landscape/img001162.jpg,6,cips-landscape
img001363.jpg,cips/cips-landscape/img001363.jpg,6,cips-landscape
img003237.jpg,cips/cips-landscape/img003237.jpg,6,cips-landscape
img002906.jpg,cips/cips-landscape/img002906.jpg,6,cips-landscape
img003556.jpg,cips/cips-landscape/img003556.jpg,6,cips-landscape
img002500.jpg,cips/cips-landscape/img002500.jpg,6,cips-landscape
img002361.jpg,cips/cips-landscape/img002361.jpg,6,cips-landscape
img001297.jpg,cips/cips-landscape/img001297.jpg,6,cips-landscape
img000964.jpg,cips/cips-landscape/img000964.jpg,6,cips-landscape
img000892.jpg,cips/cips-landscape/img000892.jpg,6,cips-landscape
img000608.jpg,cips/cips-landscape/img000608.jpg,6,cips-landscape
img002191.jpg,cips/cips-landscape/img002191.jpg,6,cips-landscape
img001233.jpg,cips/cips-landscape/img001233.jpg,6,cips-landscape
img000859.jpg,cips/cips-landscape/img000859.jpg,6,cips-landscape
img002675.jpg,cips/cips-landscape/img002675.jpg,6,cips-landscape
img002401.jpg,cips/cips-landscape/img002401.jpg,6,cips-landscape
img001777.jpg,cips/cips-landscape/img001777.jpg,6,cips-landscape
img000443.jpg,cips/cips-landscape/img000443.jpg,6,cips-landscape
img001744.jpg,cips/cips-landscape/img001744.jpg,6,cips-landscape
img000554.jpg,cips/cips-landscape/img000554.jpg,6,cips-landscape
img001041.jpg,cips/cips-landscape/img001041.jpg,6,cips-landscape
img002832.jpg,cips/cips-landscape/img002832.jpg,6,cips-landscape
img001125.jpg,cips/cips-landscape/img001125.jpg,6,cips-landscape
img001303.jpg,cips/cips-landscape/img001303.jpg,6,cips-landscape
img002579.jpg,cips/cips-landscape/img002579.jpg,6,cips-landscape
img003347.jpg,cips/cips-landscape/img003347.jpg,6,cips-landscape
img001456.jpg,cips/cips-landscape/img001456.jpg,6,cips-landscape
img002253.jpg,cips/cips-landscape/img002253.jpg,6,cips-landscape
img000149.jpg,cips/cips-landscape/img000149.jpg,6,cips-landscape
img002914.jpg,cips/cips-landscape/img002914.jpg,6,cips-landscape
img001468.jpg,cips/cips-landscape/img001468.jpg,6,cips-landscape
img001651.jpg,cips/cips-landscape/img001651.jpg,6,cips-landscape
img000751.jpg,cips/cips-landscape/img000751.jpg,6,cips-landscape
img002529.jpg,cips/cips-landscape/img002529.jpg,6,cips-landscape
img001544.jpg,cips/cips-landscape/img001544.jpg,6,cips-landscape
img000700.jpg,cips/cips-landscape/img000700.jpg,6,cips-landscape
img000249.jpg,cips/cips-landscape/img000249.jpg,6,cips-landscape
img001649.jpg,cips/cips-landscape/img001649.jpg,6,cips-landscape
img001028.jpg,cips/cips-landscape/img001028.jpg,6,cips-landscape
img002693.jpg,cips/cips-landscape/img002693.jpg,6,cips-landscape
img001498.jpg,cips/cips-landscape/img001498.jpg,6,cips-landscape
img003343.jpg,cips/cips-landscape/img003343.jpg,6,cips-landscape
img000131.jpg,cips/cips-landscape/img000131.jpg,6,cips-landscape
img001723.jpg,cips/cips-landscape/img001723.jpg,6,cips-landscape
img002754.jpg,cips/cips-landscape/img002754.jpg,6,cips-landscape
img002690.jpg,cips/cips-landscape/img002690.jpg,6,cips-landscape
img001165.jpg,cips/cips-landscape/img001165.jpg,6,cips-landscape
img003429.jpg,cips/cips-landscape/img003429.jpg,6,cips-landscape
img000430.jpg,cips/cips-landscape/img000430.jpg,6,cips-landscape
img001470.jpg,cips/cips-landscape/img001470.jpg,6,cips-landscape
img001036.jpg,cips/cips-landscape/img001036.jpg,6,cips-landscape
img000465.jpg,cips/cips-landscape/img000465.jpg,6,cips-landscape
img001921.jpg,cips/cips-landscape/img001921.jpg,6,cips-landscape
img003455.jpg,cips/cips-landscape/img003455.jpg,6,cips-landscape
img000594.jpg,cips/cips-landscape/img000594.jpg,6,cips-landscape
img003325.jpg,cips/cips-landscape/img003325.jpg,6,cips-landscape
img000587.jpg,cips/cips-landscape/img000587.jpg,6,cips-landscape
img000036.jpg,cips/cips-landscape/img000036.jpg,6,cips-landscape
img002905.jpg,cips/cips-landscape/img002905.jpg,6,cips-landscape
img003485.jpg,cips/cips-landscape/img003485.jpg,6,cips-landscape
img001560.jpg,cips/cips-landscape/img001560.jpg,6,cips-landscape
img001205.jpg,cips/cips-landscape/img001205.jpg,6,cips-landscape
img000918.jpg,cips/cips-landscape/img000918.jpg,6,cips-landscape
img002619.jpg,cips/cips-landscape/img002619.jpg,6,cips-landscape
img002554.jpg,cips/cips-landscape/img002554.jpg,6,cips-landscape
img001563.jpg,cips/cips-landscape/img001563.jpg,6,cips-landscape
img001839.jpg,cips/cips-landscape/img001839.jpg,6,cips-landscape
img000580.jpg,cips/cips-landscape/img000580.jpg,6,cips-landscape
img003564.jpg,cips/cips-landscape/img003564.jpg,6,cips-landscape
img003560.jpg,cips/cips-landscape/img003560.jpg,6,cips-landscape
img001700.jpg,cips/cips-landscape/img001700.jpg,6,cips-landscape
img002606.jpg,cips/cips-landscape/img002606.jpg,6,cips-landscape
img000170.jpg,cips/cips-landscape/img000170.jpg,6,cips-landscape
img002284.jpg,cips/cips-landscape/img002284.jpg,6,cips-landscape
img002709.jpg,cips/cips-landscape/img002709.jpg,6,cips-landscape
img003555.jpg,cips/cips-landscape/img003555.jpg,6,cips-landscape
img003320.jpg,cips/cips-landscape/img003320.jpg,6,cips-landscape
img000092.jpg,cips/cips-landscape/img000092.jpg,6,cips-landscape
img003186.jpg,cips/cips-landscape/img003186.jpg,6,cips-landscape
img001184.jpg,cips/cips-landscape/img001184.jpg,6,cips-landscape
img002406.jpg,cips/cips-landscape/img002406.jpg,6,cips-landscape
img002823.jpg,cips/cips-landscape/img002823.jpg,6,cips-landscape
img000474.jpg,cips/cips-landscape/img000474.jpg,6,cips-landscape
img000468.jpg,cips/cips-landscape/img000468.jpg,6,cips-landscape
img000160.jpg,cips/cips-landscape/img000160.jpg,6,cips-landscape
img000601.jpg,cips/cips-landscape/img000601.jpg,6,cips-landscape
img003070.jpg,cips/cips-landscape/img003070.jpg,6,cips-landscape
img001031.jpg,cips/cips-landscape/img001031.jpg,6,cips-landscape
img002530.jpg,cips/cips-landscape/img002530.jpg,6,cips-landscape
img001686.jpg,cips/cips-landscape/img001686.jpg,6,cips-landscape
img002707.jpg,cips/cips-landscape/img002707.jpg,6,cips-landscape
img001064.jpg,cips/cips-landscape/img001064.jpg,6,cips-landscape
img000981.jpg,cips/cips-landscape/img000981.jpg,6,cips-landscape
img002451.jpg,cips/cips-landscape/img002451.jpg,6,cips-landscape
img001589.jpg,cips/cips-landscape/img001589.jpg,6,cips-landscape
img000874.jpg,cips/cips-landscape/img000874.jpg,6,cips-landscape
img001748.jpg,cips/cips-landscape/img001748.jpg,6,cips-landscape
img001706.jpg,cips/cips-landscape/img001706.jpg,6,cips-landscape
img003518.jpg,cips/cips-landscape/img003518.jpg,6,cips-landscape
img000610.jpg,cips/cips-landscape/img000610.jpg,6,cips-landscape
img000138.jpg,cips/cips-landscape/img000138.jpg,6,cips-landscape
img001982.jpg,cips/cips-landscape/img001982.jpg,6,cips-landscape
img003376.jpg,cips/cips-landscape/img003376.jpg,6,cips-landscape
img000889.jpg,cips/cips-landscape/img000889.jpg,6,cips-landscape
img000875.jpg,cips/cips-landscape/img000875.jpg,6,cips-landscape
img000243.jpg,cips/cips-landscape/img000243.jpg,6,cips-landscape
img000111.jpg,cips/cips-landscape/img000111.jpg,6,cips-landscape
img001408.jpg,cips/cips-landscape/img001408.jpg,6,cips-landscape
img001312.jpg,cips/cips-landscape/img001312.jpg,6,cips-landscape
img001163.jpg,cips/cips-landscape/img001163.jpg,6,cips-landscape
img000838.jpg,cips/cips-landscape/img000838.jpg,6,cips-landscape
img001286.jpg,cips/cips-landscape/img001286.jpg,6,cips-landscape
img001615.jpg,cips/cips-landscape/img001615.jpg,6,cips-landscape
img002917.jpg,cips/cips-landscape/img002917.jpg,6,cips-landscape
img001978.jpg,cips/cips-landscape/img001978.jpg,6,cips-landscape
img000672.jpg,cips/cips-landscape/img000672.jpg,6,cips-landscape
img000019.jpg,cips/cips-landscape/img000019.jpg,6,cips-landscape
img000497.jpg,cips/cips-landscape/img000497.jpg,6,cips-landscape
img000839.jpg,cips/cips-landscape/img000839.jpg,6,cips-landscape
img000304.jpg,cips/cips-landscape/img000304.jpg,6,cips-landscape
img002838.jpg,cips/cips-landscape/img002838.jpg,6,cips-landscape
img000915.jpg,cips/cips-landscape/img000915.jpg,6,cips-landscape
img003540.jpg,cips/cips-landscape/img003540.jpg,6,cips-landscape
img000136.jpg,cips/cips-landscape/img000136.jpg,6,cips-landscape
img000283.jpg,cips/cips-landscape/img000283.jpg,6,cips-landscape
img000517.jpg,cips/cips-landscape/img000517.jpg,6,cips-landscape
img003138.jpg,cips/cips-landscape/img003138.jpg,6,cips-landscape
img001356.jpg,cips/cips-landscape/img001356.jpg,6,cips-landscape
img000298.jpg,cips/cips-landscape/img000298.jpg,6,cips-landscape
img003105.jpg,cips/cips-landscape/img003105.jpg,6,cips-landscape
img002188.jpg,cips/cips-landscape/img002188.jpg,6,cips-landscape
img000516.jpg,cips/cips-landscape/img000516.jpg,6,cips-landscape
img000115.jpg,cips/cips-landscape/img000115.jpg,6,cips-landscape
img001361.jpg,cips/cips-landscape/img001361.jpg,6,cips-landscape
img002290.jpg,cips/cips-landscape/img002290.jpg,6,cips-landscape
img002819.jpg,cips/cips-landscape/img002819.jpg,6,cips-landscape
img000539.jpg,cips/cips-landscape/img000539.jpg,6,cips-landscape
img003467.jpg,cips/cips-landscape/img003467.jpg,6,cips-landscape
img001153.jpg,cips/cips-landscape/img001153.jpg,6,cips-landscape
img002237.jpg,cips/cips-landscape/img002237.jpg,6,cips-landscape
img003056.jpg,cips/cips-landscape/img003056.jpg,6,cips-landscape
img001801.jpg,cips/cips-landscape/img001801.jpg,6,cips-landscape
img001149.jpg,cips/cips-landscape/img001149.jpg,6,cips-landscape
img002924.jpg,cips/cips-landscape/img002924.jpg,6,cips-landscape
img000343.jpg,cips/cips-landscape/img000343.jpg,6,cips-landscape
img002537.jpg,cips/cips-landscape/img002537.jpg,6,cips-landscape
img000327.jpg,cips/cips-landscape/img000327.jpg,6,cips-landscape
img001785.jpg,cips/cips-landscape/img001785.jpg,6,cips-landscape
img002365.jpg,cips/cips-landscape/img002365.jpg,6,cips-landscape
img000273.jpg,cips/cips-landscape/img000273.jpg,6,cips-landscape
img002034.jpg,cips/cips-landscape/img002034.jpg,6,cips-landscape
img002370.jpg,cips/cips-landscape/img002370.jpg,6,cips-landscape
img002639.jpg,cips/cips-landscape/img002639.jpg,6,cips-landscape
img002717.jpg,cips/cips-landscape/img002717.jpg,6,cips-landscape
img001287.jpg,cips/cips-landscape/img001287.jpg,6,cips-landscape
img000689.jpg,cips/cips-landscape/img000689.jpg,6,cips-landscape
img002895.jpg,cips/cips-landscape/img002895.jpg,6,cips-landscape
img000503.jpg,cips/cips-landscape/img000503.jpg,6,cips-landscape
img002089.jpg,cips/cips-landscape/img002089.jpg,6,cips-landscape
img000494.jpg,cips/cips-landscape/img000494.jpg,6,cips-landscape
img002198.jpg,cips/cips-landscape/img002198.jpg,6,cips-landscape
img000688.jpg,cips/cips-landscape/img000688.jpg,6,cips-landscape
img001711.jpg,cips/cips-landscape/img001711.jpg,6,cips-landscape
img001948.jpg,cips/cips-landscape/img001948.jpg,6,cips-landscape
img002203.jpg,cips/cips-landscape/img002203.jpg,6,cips-landscape
img001966.jpg,cips/cips-landscape/img001966.jpg,6,cips-landscape
img003416.jpg,cips/cips-landscape/img003416.jpg,6,cips-landscape
img000448.jpg,cips/cips-landscape/img000448.jpg,6,cips-landscape
img003520.jpg,cips/cips-landscape/img003520.jpg,6,cips-landscape
img001630.jpg,cips/cips-landscape/img001630.jpg,6,cips-landscape
img000564.jpg,cips/cips-landscape/img000564.jpg,6,cips-landscape
img000929.jpg,cips/cips-landscape/img000929.jpg,6,cips-landscape
img001616.jpg,cips/cips-landscape/img001616.jpg,6,cips-landscape
img003569.jpg,cips/cips-landscape/img003569.jpg,6,cips-landscape
img003127.jpg,cips/cips-landscape/img003127.jpg,6,cips-landscape
img002252.jpg,cips/cips-landscape/img002252.jpg,6,cips-landscape
img001672.jpg,cips/cips-landscape/img001672.jpg,6,cips-landscape
img003180.jpg,cips/cips-landscape/img003180.jpg,6,cips-landscape
img003184.jpg,cips/cips-landscape/img003184.jpg,6,cips-landscape
img000464.jpg,cips/cips-landscape/img000464.jpg,6,cips-landscape
img000925.jpg,cips/cips-landscape/img000925.jpg,6,cips-landscape
img002079.jpg,cips/cips-landscape/img002079.jpg,6,cips-landscape
img001704.jpg,cips/cips-landscape/img001704.jpg,6,cips-landscape
img000410.jpg,cips/cips-landscape/img000410.jpg,6,cips-landscape
img001818.jpg,cips/cips-landscape/img001818.jpg,6,cips-landscape
img000957.jpg,cips/cips-landscape/img000957.jpg,6,cips-landscape
img001983.jpg,cips/cips-landscape/img001983.jpg,6,cips-landscape
img003592.jpg,cips/cips-landscape/img003592.jpg,6,cips-landscape
img003023.jpg,cips/cips-landscape/img003023.jpg,6,cips-landscape
img003350.jpg,cips/cips-landscape/img003350.jpg,6,cips-landscape
img003232.jpg,cips/cips-landscape/img003232.jpg,6,cips-landscape
img000518.jpg,cips/cips-landscape/img000518.jpg,6,cips-landscape
img000351.jpg,cips/cips-landscape/img000351.jpg,6,cips-landscape
img003383.jpg,cips/cips-landscape/img003383.jpg,6,cips-landscape
img002047.jpg,cips/cips-landscape/img002047.jpg,6,cips-landscape
img002300.jpg,cips/cips-landscape/img002300.jpg,6,cips-landscape
img002660.jpg,cips/cips-landscape/img002660.jpg,6,cips-landscape
img002959.jpg,cips/cips-landscape/img002959.jpg,6,cips-landscape
img001517.jpg,cips/cips-landscape/img001517.jpg,6,cips-landscape
img000772.jpg,cips/cips-landscape/img000772.jpg,6,cips-landscape
img001255.jpg,cips/cips-landscape/img001255.jpg,6,cips-landscape
img000880.jpg,cips/cips-landscape/img000880.jpg,6,cips-landscape
img001762.jpg,cips/cips-landscape/img001762.jpg,6,cips-landscape
img003582.jpg,cips/cips-landscape/img003582.jpg,6,cips-landscape
img001103.jpg,cips/cips-landscape/img001103.jpg,6,cips-landscape
img000241.jpg,cips/cips-landscape/img000241.jpg,6,cips-landscape
img002946.jpg,cips/cips-landscape/img002946.jpg,6,cips-landscape
img000920.jpg,cips/cips-landscape/img000920.jpg,6,cips-landscape
img000434.jpg,cips/cips-landscape/img000434.jpg,6,cips-landscape
img003136.jpg,cips/cips-landscape/img003136.jpg,6,cips-landscape
img003255.jpg,cips/cips-landscape/img003255.jpg,6,cips-landscape
img000433.jpg,cips/cips-landscape/img000433.jpg,6,cips-landscape
img001419.jpg,cips/cips-landscape/img001419.jpg,6,cips-landscape
img001465.jpg,cips/cips-landscape/img001465.jpg,6,cips-landscape
img002844.jpg,cips/cips-landscape/img002844.jpg,6,cips-landscape
img002687.jpg,cips/cips-landscape/img002687.jpg,6,cips-landscape
img002412.jpg,cips/cips-landscape/img002412.jpg,6,cips-landscape
img003240.jpg,cips/cips-landscape/img003240.jpg,6,cips-landscape
img003298.jpg,cips/cips-landscape/img003298.jpg,6,cips-landscape
img002334.jpg,cips/cips-landscape/img002334.jpg,6,cips-landscape
img003562.jpg,cips/cips-landscape/img003562.jpg,6,cips-landscape
img000260.jpg,cips/cips-landscape/img000260.jpg,6,cips-landscape
img001835.jpg,cips/cips-landscape/img001835.jpg,6,cips-landscape
img001035.jpg,cips/cips-landscape/img001035.jpg,6,cips-landscape
img001137.jpg,cips/cips-landscape/img001137.jpg,6,cips-landscape
img002506.jpg,cips/cips-landscape/img002506.jpg,6,cips-landscape
img000660.jpg,cips/cips-landscape/img000660.jpg,6,cips-landscape
img001696.jpg,cips/cips-landscape/img001696.jpg,6,cips-landscape
img003160.jpg,cips/cips-landscape/img003160.jpg,6,cips-landscape
img003526.jpg,cips/cips-landscape/img003526.jpg,6,cips-landscape
img002268.jpg,cips/cips-landscape/img002268.jpg,6,cips-landscape
img001715.jpg,cips/cips-landscape/img001715.jpg,6,cips-landscape
img000612.jpg,cips/cips-landscape/img000612.jpg,6,cips-landscape
img003335.jpg,cips/cips-landscape/img003335.jpg,6,cips-landscape
img001535.jpg,cips/cips-landscape/img001535.jpg,6,cips-landscape
img002921.jpg,cips/cips-landscape/img002921.jpg,6,cips-landscape
img002528.jpg,cips/cips-landscape/img002528.jpg,6,cips-landscape
img000309.jpg,cips/cips-landscape/img000309.jpg,6,cips-landscape
img003411.jpg,cips/cips-landscape/img003411.jpg,6,cips-landscape
img001098.jpg,cips/cips-landscape/img001098.jpg,6,cips-landscape
img001333.jpg,cips/cips-landscape/img001333.jpg,6,cips-landscape
img001731.jpg,cips/cips-landscape/img001731.jpg,6,cips-landscape
img001039.jpg,cips/cips-landscape/img001039.jpg,6,cips-landscape
img003074.jpg,cips/cips-landscape/img003074.jpg,6,cips-landscape
img002721.jpg,cips/cips-landscape/img002721.jpg,6,cips-landscape
img001942.jpg,cips/cips-landscape/img001942.jpg,6,cips-landscape
img001581.jpg,cips/cips-landscape/img001581.jpg,6,cips-landscape
img002107.jpg,cips/cips-landscape/img002107.jpg,6,cips-landscape
img002532.jpg,cips/cips-landscape/img002532.jpg,6,cips-landscape
img000050.jpg,cips/cips-landscape/img000050.jpg,6,cips-landscape
img003022.jpg,cips/cips-landscape/img003022.jpg,6,cips-landscape
img003395.jpg,cips/cips-landscape/img003395.jpg,6,cips-landscape
img003053.jpg,cips/cips-landscape/img003053.jpg,6,cips-landscape
img001525.jpg,cips/cips-landscape/img001525.jpg,6,cips-landscape
img000368.jpg,cips/cips-landscape/img000368.jpg,6,cips-landscape
img002211.jpg,cips/cips-landscape/img002211.jpg,6,cips-landscape
img002829.jpg,cips/cips-landscape/img002829.jpg,6,cips-landscape
img002318.jpg,cips/cips-landscape/img002318.jpg,6,cips-landscape
img001502.jpg,cips/cips-landscape/img001502.jpg,6,cips-landscape
img003433.jpg,cips/cips-landscape/img003433.jpg,6,cips-landscape
img002494.jpg,cips/cips-landscape/img002494.jpg,6,cips-landscape
img001391.jpg,cips/cips-landscape/img001391.jpg,6,cips-landscape
img003457.jpg,cips/cips-landscape/img003457.jpg,6,cips-landscape
img001576.jpg,cips/cips-landscape/img001576.jpg,6,cips-landscape
img002243.jpg,cips/cips-landscape/img002243.jpg,6,cips-landscape
img003033.jpg,cips/cips-landscape/img003033.jpg,6,cips-landscape
img000021.jpg,cips/cips-landscape/img000021.jpg,6,cips-landscape
img001025.jpg,cips/cips-landscape/img001025.jpg,6,cips-landscape
img001401.jpg,cips/cips-landscape/img001401.jpg,6,cips-landscape
img003090.jpg,cips/cips-landscape/img003090.jpg,6,cips-landscape
img002960.jpg,cips/cips-landscape/img002960.jpg,6,cips-landscape
img001216.jpg,cips/cips-landscape/img001216.jpg,6,cips-landscape
img002213.jpg,cips/cips-landscape/img002213.jpg,6,cips-landscape
img002094.jpg,cips/cips-landscape/img002094.jpg,6,cips-landscape
img001851.jpg,cips/cips-landscape/img001851.jpg,6,cips-landscape
img000919.jpg,cips/cips-landscape/img000919.jpg,6,cips-landscape
img003258.jpg,cips/cips-landscape/img003258.jpg,6,cips-landscape
img002986.jpg,cips/cips-landscape/img002986.jpg,6,cips-landscape
img000276.jpg,cips/cips-landscape/img000276.jpg,6,cips-landscape
img001457.jpg,cips/cips-landscape/img001457.jpg,6,cips-landscape
img002491.jpg,cips/cips-landscape/img002491.jpg,6,cips-landscape
img002835.jpg,cips/cips-landscape/img002835.jpg,6,cips-landscape
img000542.jpg,cips/cips-landscape/img000542.jpg,6,cips-landscape
img002391.jpg,cips/cips-landscape/img002391.jpg,6,cips-landscape
img000663.jpg,cips/cips-landscape/img000663.jpg,6,cips-landscape
img000955.jpg,cips/cips-landscape/img000955.jpg,6,cips-landscape
img002225.jpg,cips/cips-landscape/img002225.jpg,6,cips-landscape
img001444.jpg,cips/cips-landscape/img001444.jpg,6,cips-landscape
img001268.jpg,cips/cips-landscape/img001268.jpg,6,cips-landscape
img000258.jpg,cips/cips-landscape/img000258.jpg,6,cips-landscape
img000180.jpg,cips/cips-landscape/img000180.jpg,6,cips-landscape
img000344.jpg,cips/cips-landscape/img000344.jpg,6,cips-landscape
img003364.jpg,cips/cips-landscape/img003364.jpg,6,cips-landscape
img002064.jpg,cips/cips-landscape/img002064.jpg,6,cips-landscape
img003238.jpg,cips/cips-landscape/img003238.jpg,6,cips-landscape
img001118.jpg,cips/cips-landscape/img001118.jpg,6,cips-landscape
img002018.jpg,cips/cips-landscape/img002018.jpg,6,cips-landscape
img000942.jpg,cips/cips-landscape/img000942.jpg,6,cips-landscape
img002957.jpg,cips/cips-landscape/img002957.jpg,6,cips-landscape
img001273.jpg,cips/cips-landscape/img001273.jpg,6,cips-landscape
img001814.jpg,cips/cips-landscape/img001814.jpg,6,cips-landscape
img002339.jpg,cips/cips-landscape/img002339.jpg,6,cips-landscape
img001782.jpg,cips/cips-landscape/img001782.jpg,6,cips-landscape
img000879.jpg,cips/cips-landscape/img000879.jpg,6,cips-landscape
img002576.jpg,cips/cips-landscape/img002576.jpg,6,cips-landscape
img003283.jpg,cips/cips-landscape/img003283.jpg,6,cips-landscape
img002763.jpg,cips/cips-landscape/img002763.jpg,6,cips-landscape
img001980.jpg,cips/cips-landscape/img001980.jpg,6,cips-landscape
img000141.jpg,cips/cips-landscape/img000141.jpg,6,cips-landscape
img001004.jpg,cips/cips-landscape/img001004.jpg,6,cips-landscape
img003079.jpg,cips/cips-landscape/img003079.jpg,6,cips-landscape
img000096.jpg,cips/cips-landscape/img000096.jpg,6,cips-landscape
img001250.jpg,cips/cips-landscape/img001250.jpg,6,cips-landscape
img002624.jpg,cips/cips-landscape/img002624.jpg,6,cips-landscape
img003590.jpg,cips/cips-landscape/img003590.jpg,6,cips-landscape
img002798.jpg,cips/cips-landscape/img002798.jpg,6,cips-landscape
img002168.jpg,cips/cips-landscape/img002168.jpg,6,cips-landscape
img001117.jpg,cips/cips-landscape/img001117.jpg,6,cips-landscape
img002991.jpg,cips/cips-landscape/img002991.jpg,6,cips-landscape
img000924.jpg,cips/cips-landscape/img000924.jpg,6,cips-landscape
img000382.jpg,cips/cips-landscape/img000382.jpg,6,cips-landscape
img000966.jpg,cips/cips-landscape/img000966.jpg,6,cips-landscape
img001716.jpg,cips/cips-landscape/img001716.jpg,6,cips-landscape
img001229.jpg,cips/cips-landscape/img001229.jpg,6,cips-landscape
img002421.jpg,cips/cips-landscape/img002421.jpg,6,cips-landscape
img002289.jpg,cips/cips-landscape/img002289.jpg,6,cips-landscape
img000016.jpg,cips/cips-landscape/img000016.jpg,6,cips-landscape
img001780.jpg,cips/cips-landscape/img001780.jpg,6,cips-landscape
img000703.jpg,cips/cips-landscape/img000703.jpg,6,cips-landscape
img001046.jpg,cips/cips-landscape/img001046.jpg,6,cips-landscape
img002258.jpg,cips/cips-landscape/img002258.jpg,6,cips-landscape
img001778.jpg,cips/cips-landscape/img001778.jpg,6,cips-landscape
img002777.jpg,cips/cips-landscape/img002777.jpg,6,cips-landscape
img002654.jpg,cips/cips-landscape/img002654.jpg,6,cips-landscape
img000723.jpg,cips/cips-landscape/img000723.jpg,6,cips-landscape
img000725.jpg,cips/cips-landscape/img000725.jpg,6,cips-landscape
img002629.jpg,cips/cips-landscape/img002629.jpg,6,cips-landscape
img001703.jpg,cips/cips-landscape/img001703.jpg,6,cips-landscape
img003373.jpg,cips/cips-landscape/img003373.jpg,6,cips-landscape
img002084.jpg,cips/cips-landscape/img002084.jpg,6,cips-landscape
img001353.jpg,cips/cips-landscape/img001353.jpg,6,cips-landscape
img002485.jpg,cips/cips-landscape/img002485.jpg,6,cips-landscape
img002271.jpg,cips/cips-landscape/img002271.jpg,6,cips-landscape
img003273.jpg,cips/cips-landscape/img003273.jpg,6,cips-landscape
img002442.jpg,cips/cips-landscape/img002442.jpg,6,cips-landscape
img002192.jpg,cips/cips-landscape/img002192.jpg,6,cips-landscape
img001302.jpg,cips/cips-landscape/img001302.jpg,6,cips-landscape
img003289.jpg,cips/cips-landscape/img003289.jpg,6,cips-landscape
img002390.jpg,cips/cips-landscape/img002390.jpg,6,cips-landscape
img000257.jpg,cips/cips-landscape/img000257.jpg,6,cips-landscape
img003082.jpg,cips/cips-landscape/img003082.jpg,6,cips-landscape
img002791.jpg,cips/cips-landscape/img002791.jpg,6,cips-landscape
img001489.jpg,cips/cips-landscape/img001489.jpg,6,cips-landscape
img002783.jpg,cips/cips-landscape/img002783.jpg,6,cips-landscape
img001347.jpg,cips/cips-landscape/img001347.jpg,6,cips-landscape
img000360.jpg,cips/cips-landscape/img000360.jpg,6,cips-landscape
img001755.jpg,cips/cips-landscape/img001755.jpg,6,cips-landscape
img001944.jpg,cips/cips-landscape/img001944.jpg,6,cips-landscape
img002286.jpg,cips/cips-landscape/img002286.jpg,6,cips-landscape
img001531.jpg,cips/cips-landscape/img001531.jpg,6,cips-landscape
img001012.jpg,cips/cips-landscape/img001012.jpg,6,cips-landscape
img001427.jpg,cips/cips-landscape/img001427.jpg,6,cips-landscape
img001572.jpg,cips/cips-landscape/img001572.jpg,6,cips-landscape
img000699.jpg,cips/cips-landscape/img000699.jpg,6,cips-landscape
img003166.jpg,cips/cips-landscape/img003166.jpg,6,cips-landscape
img003110.jpg,cips/cips-landscape/img003110.jpg,6,cips-landscape
img001267.jpg,cips/cips-landscape/img001267.jpg,6,cips-landscape
img002730.jpg,cips/cips-landscape/img002730.jpg,6,cips-landscape
img000556.jpg,cips/cips-landscape/img000556.jpg,6,cips-landscape
img001453.jpg,cips/cips-landscape/img001453.jpg,6,cips-landscape
img002295.jpg,cips/cips-landscape/img002295.jpg,6,cips-landscape
img003168.jpg,cips/cips-landscape/img003168.jpg,6,cips-landscape
img002374.jpg,cips/cips-landscape/img002374.jpg,6,cips-landscape
img002432.jpg,cips/cips-landscape/img002432.jpg,6,cips-landscape
img000398.jpg,cips/cips-landscape/img000398.jpg,6,cips-landscape
img000671.jpg,cips/cips-landscape/img000671.jpg,6,cips-landscape
img003161.jpg,cips/cips-landscape/img003161.jpg,6,cips-landscape
img000133.jpg,cips/cips-landscape/img000133.jpg,6,cips-landscape
img002166.jpg,cips/cips-landscape/img002166.jpg,6,cips-landscape
img001648.jpg,cips/cips-landscape/img001648.jpg,6,cips-landscape
img001296.jpg,cips/cips-landscape/img001296.jpg,6,cips-landscape
img003170.jpg,cips/cips-landscape/img003170.jpg,6,cips-landscape
img002208.jpg,cips/cips-landscape/img002208.jpg,6,cips-landscape
img003466.jpg,cips/cips-landscape/img003466.jpg,6,cips-landscape
img001694.jpg,cips/cips-landscape/img001694.jpg,6,cips-landscape
img001895.jpg,cips/cips-landscape/img001895.jpg,6,cips-landscape
img002807.jpg,cips/cips-landscape/img002807.jpg,6,cips-landscape
img001496.jpg,cips/cips-landscape/img001496.jpg,6,cips-landscape
img000229.jpg,cips/cips-landscape/img000229.jpg,6,cips-landscape
img001843.jpg,cips/cips-landscape/img001843.jpg,6,cips-landscape
img000285.jpg,cips/cips-landscape/img000285.jpg,6,cips-landscape
img000933.jpg,cips/cips-landscape/img000933.jpg,6,cips-landscape
img000163.jpg,cips/cips-landscape/img000163.jpg,6,cips-landscape
img001459.jpg,cips/cips-landscape/img001459.jpg,6,cips-landscape
img002608.jpg,cips/cips-landscape/img002608.jpg,6,cips-landscape
img000552.jpg,cips/cips-landscape/img000552.jpg,6,cips-landscape
img001068.jpg,cips/cips-landscape/img001068.jpg,6,cips-landscape
img000666.jpg,cips/cips-landscape/img000666.jpg,6,cips-landscape
img002628.jpg,cips/cips-landscape/img002628.jpg,6,cips-landscape
img002304.jpg,cips/cips-landscape/img002304.jpg,6,cips-landscape
img000944.jpg,cips/cips-landscape/img000944.jpg,6,cips-landscape
img002200.jpg,cips/cips-landscape/img002200.jpg,6,cips-landscape
img003593.jpg,cips/cips-landscape/img003593.jpg,6,cips-landscape
img001633.jpg,cips/cips-landscape/img001633.jpg,6,cips-landscape
img002567.jpg,cips/cips-landscape/img002567.jpg,6,cips-landscape
img001875.jpg,cips/cips-landscape/img001875.jpg,6,cips-landscape
img000008.jpg,cips/cips-landscape/img000008.jpg,6,cips-landscape
img000776.jpg,cips/cips-landscape/img000776.jpg,6,cips-landscape
img000774.jpg,cips/cips-landscape/img000774.jpg,6,cips-landscape
img002740.jpg,cips/cips-landscape/img002740.jpg,6,cips-landscape
img003087.jpg,cips/cips-landscape/img003087.jpg,6,cips-landscape
img000245.jpg,cips/cips-landscape/img000245.jpg,6,cips-landscape
img002128.jpg,cips/cips-landscape/img002128.jpg,6,cips-landscape
img002143.jpg,cips/cips-landscape/img002143.jpg,6,cips-landscape
img002601.jpg,cips/cips-landscape/img002601.jpg,6,cips-landscape
img002789.jpg,cips/cips-landscape/img002789.jpg,6,cips-landscape
img002102.jpg,cips/cips-landscape/img002102.jpg,6,cips-landscape
img000667.jpg,cips/cips-landscape/img000667.jpg,6,cips-landscape
img000173.jpg,cips/cips-landscape/img000173.jpg,6,cips-landscape
img002484.jpg,cips/cips-landscape/img002484.jpg,6,cips-landscape
img001759.jpg,cips/cips-landscape/img001759.jpg,6,cips-landscape
img003149.jpg,cips/cips-landscape/img003149.jpg,6,cips-landscape
img002658.jpg,cips/cips-landscape/img002658.jpg,6,cips-landscape
img002810.jpg,cips/cips-landscape/img002810.jpg,6,cips-landscape
img000748.jpg,cips/cips-landscape/img000748.jpg,6,cips-landscape
img002900.jpg,cips/cips-landscape/img002900.jpg,6,cips-landscape
img001638.jpg,cips/cips-landscape/img001638.jpg,6,cips-landscape
img002091.jpg,cips/cips-landscape/img002091.jpg,6,cips-landscape
img002443.jpg,cips/cips-landscape/img002443.jpg,6,cips-landscape
img000740.jpg,cips/cips-landscape/img000740.jpg,6,cips-landscape
img001680.jpg,cips/cips-landscape/img001680.jpg,6,cips-landscape
img002133.jpg,cips/cips-landscape/img002133.jpg,6,cips-landscape
img002996.jpg,cips/cips-landscape/img002996.jpg,6,cips-landscape
img002720.jpg,cips/cips-landscape/img002720.jpg,6,cips-landscape
img000350.jpg,cips/cips-landscape/img000350.jpg,6,cips-landscape
img002646.jpg,cips/cips-landscape/img002646.jpg,6,cips-landscape
img003495.jpg,cips/cips-landscape/img003495.jpg,6,cips-landscape
img001158.jpg,cips/cips-landscape/img001158.jpg,6,cips-landscape
img001940.jpg,cips/cips-landscape/img001940.jpg,6,cips-landscape
img002410.jpg,cips/cips-landscape/img002410.jpg,6,cips-landscape
img002354.jpg,cips/cips-landscape/img002354.jpg,6,cips-landscape
img000945.jpg,cips/cips-landscape/img000945.jpg,6,cips-landscape
img001898.jpg,cips/cips-landscape/img001898.jpg,6,cips-landscape
img002843.jpg,cips/cips-landscape/img002843.jpg,6,cips-landscape
img001824.jpg,cips/cips-landscape/img001824.jpg,6,cips-landscape
img002161.jpg,cips/cips-landscape/img002161.jpg,6,cips-landscape
img003374.jpg,cips/cips-landscape/img003374.jpg,6,cips-landscape
img000183.jpg,cips/cips-landscape/img000183.jpg,6,cips-landscape
img001389.jpg,cips/cips-landscape/img001389.jpg,6,cips-landscape
img002251.jpg,cips/cips-landscape/img002251.jpg,6,cips-landscape
img000463.jpg,cips/cips-landscape/img000463.jpg,6,cips-landscape
img001047.jpg,cips/cips-landscape/img001047.jpg,6,cips-landscape
img001975.jpg,cips/cips-landscape/img001975.jpg,6,cips-landscape
img001348.jpg,cips/cips-landscape/img001348.jpg,6,cips-landscape
img001619.jpg,cips/cips-landscape/img001619.jpg,6,cips-landscape
img001270.jpg,cips/cips-landscape/img001270.jpg,6,cips-landscape
img001643.jpg,cips/cips-landscape/img001643.jpg,6,cips-landscape
img003322.jpg,cips/cips-landscape/img003322.jpg,6,cips-landscape
img002804.jpg,cips/cips-landscape/img002804.jpg,6,cips-landscape
img000053.jpg,cips/cips-landscape/img000053.jpg,6,cips-landscape
img000547.jpg,cips/cips-landscape/img000547.jpg,6,cips-landscape
img002741.jpg,cips/cips-landscape/img002741.jpg,6,cips-landscape
img003195.jpg,cips/cips-landscape/img003195.jpg,6,cips-landscape
img000976.jpg,cips/cips-landscape/img000976.jpg,6,cips-landscape
img000607.jpg,cips/cips-landscape/img000607.jpg,6,cips-landscape
img000847.jpg,cips/cips-landscape/img000847.jpg,6,cips-landscape
img003254.jpg,cips/cips-landscape/img003254.jpg,6,cips-landscape
img002012.jpg,cips/cips-landscape/img002012.jpg,6,cips-landscape
img003340.jpg,cips/cips-landscape/img003340.jpg,6,cips-landscape
img000011.jpg,cips/cips-landscape/img000011.jpg,6,cips-landscape
img002531.jpg,cips/cips-landscape/img002531.jpg,6,cips-landscape
img002272.jpg,cips/cips-landscape/img002272.jpg,6,cips-landscape
img002775.jpg,cips/cips-landscape/img002775.jpg,6,cips-landscape
img001159.jpg,cips/cips-landscape/img001159.jpg,6,cips-landscape
img003545.jpg,cips/cips-landscape/img003545.jpg,6,cips-landscape
img001202.jpg,cips/cips-landscape/img001202.jpg,6,cips-landscape
img001752.jpg,cips/cips-landscape/img001752.jpg,6,cips-landscape
img003001.jpg,cips/cips-landscape/img003001.jpg,6,cips-landscape
img000640.jpg,cips/cips-landscape/img000640.jpg,6,cips-landscape
img003317.jpg,cips/cips-landscape/img003317.jpg,6,cips-landscape
img002332.jpg,cips/cips-landscape/img002332.jpg,6,cips-landscape
img000378.jpg,cips/cips-landscape/img000378.jpg,6,cips-landscape
img000040.jpg,cips/cips-landscape/img000040.jpg,6,cips-landscape
img002499.jpg,cips/cips-landscape/img002499.jpg,6,cips-landscape
img000483.jpg,cips/cips-landscape/img000483.jpg,6,cips-landscape
img003321.jpg,cips/cips-landscape/img003321.jpg,6,cips-landscape
img002750.jpg,cips/cips-landscape/img002750.jpg,6,cips-landscape
img003363.jpg,cips/cips-landscape/img003363.jpg,6,cips-landscape
img000553.jpg,cips/cips-landscape/img000553.jpg,6,cips-landscape
img001452.jpg,cips/cips-landscape/img001452.jpg,6,cips-landscape
img002805.jpg,cips/cips-landscape/img002805.jpg,6,cips-landscape
img001757.jpg,cips/cips-landscape/img001757.jpg,6,cips-landscape
img000007.jpg,cips/cips-landscape/img000007.jpg,6,cips-landscape
img002926.jpg,cips/cips-landscape/img002926.jpg,6,cips-landscape
img002672.jpg,cips/cips-landscape/img002672.jpg,6,cips-landscape
img000968.jpg,cips/cips-landscape/img000968.jpg,6,cips-landscape
img001330.jpg,cips/cips-landscape/img001330.jpg,6,cips-landscape
img001370.jpg,cips/cips-landscape/img001370.jpg,6,cips-landscape
img002468.jpg,cips/cips-landscape/img002468.jpg,6,cips-landscape
img002979.jpg,cips/cips-landscape/img002979.jpg,6,cips-landscape
img003156.jpg,cips/cips-landscape/img003156.jpg,6,cips-landscape
img000207.jpg,cips/cips-landscape/img000207.jpg,6,cips-landscape
img002696.jpg,cips/cips-landscape/img002696.jpg,6,cips-landscape
img002803.jpg,cips/cips-landscape/img002803.jpg,6,cips-landscape
img002396.jpg,cips/cips-landscape/img002396.jpg,6,cips-landscape
img003470.jpg,cips/cips-landscape/img003470.jpg,6,cips-landscape
img000139.jpg,cips/cips-landscape/img000139.jpg,6,cips-landscape
img000004.jpg,cips/cips-landscape/img000004.jpg,6,cips-landscape
img000561.jpg,cips/cips-landscape/img000561.jpg,6,cips-landscape
img001620.jpg,cips/cips-landscape/img001620.jpg,6,cips-landscape
img002010.jpg,cips/cips-landscape/img002010.jpg,6,cips-landscape
img001626.jpg,cips/cips-landscape/img001626.jpg,6,cips-landscape
img000267.jpg,cips/cips-landscape/img000267.jpg,6,cips-landscape
img000843.jpg,cips/cips-landscape/img000843.jpg,6,cips-landscape
img002471.jpg,cips/cips-landscape/img002471.jpg,6,cips-landscape
img003201.jpg,cips/cips-landscape/img003201.jpg,6,cips-landscape
img001124.jpg,cips/cips-landscape/img001124.jpg,6,cips-landscape
img000988.jpg,cips/cips-landscape/img000988.jpg,6,cips-landscape
img001916.jpg,cips/cips-landscape/img001916.jpg,6,cips-landscape
img000246.jpg,cips/cips-landscape/img000246.jpg,6,cips-landscape
img001015.jpg,cips/cips-landscape/img001015.jpg,6,cips-landscape
img002422.jpg,cips/cips-landscape/img002422.jpg,6,cips-landscape
img000738.jpg,cips/cips-landscape/img000738.jpg,6,cips-landscape
img003403.jpg,cips/cips-landscape/img003403.jpg,6,cips-landscape
img003387.jpg,cips/cips-landscape/img003387.jpg,6,cips-landscape
img003064.jpg,cips/cips-landscape/img003064.jpg,6,cips-landscape
img001863.jpg,cips/cips-landscape/img001863.jpg,6,cips-landscape
img001016.jpg,cips/cips-landscape/img001016.jpg,6,cips-landscape
img002261.jpg,cips/cips-landscape/img002261.jpg,6,cips-landscape
img003580.jpg,cips/cips-landscape/img003580.jpg,6,cips-landscape
img001121.jpg,cips/cips-landscape/img001121.jpg,6,cips-landscape
img002245.jpg,cips/cips-landscape/img002245.jpg,6,cips-landscape
img001088.jpg,cips/cips-landscape/img001088.jpg,6,cips-landscape
img000481.jpg,cips/cips-landscape/img000481.jpg,6,cips-landscape
img001650.jpg,cips/cips-landscape/img001650.jpg,6,cips-landscape
img000429.jpg,cips/cips-landscape/img000429.jpg,6,cips-landscape
img000230.jpg,cips/cips-landscape/img000230.jpg,6,cips-landscape
img000130.jpg,cips/cips-landscape/img000130.jpg,6,cips-landscape
img003051.jpg,cips/cips-landscape/img003051.jpg,6,cips-landscape
img001996.jpg,cips/cips-landscape/img001996.jpg,6,cips-landscape
img000705.jpg,cips/cips-landscape/img000705.jpg,6,cips-landscape
img002149.jpg,cips/cips-landscape/img002149.jpg,6,cips-landscape
img001958.jpg,cips/cips-landscape/img001958.jpg,6,cips-landscape
img003369.jpg,cips/cips-landscape/img003369.jpg,6,cips-landscape
img003348.jpg,cips/cips-landscape/img003348.jpg,6,cips-landscape
img000993.jpg,cips/cips-landscape/img000993.jpg,6,cips-landscape
img000235.jpg,cips/cips-landscape/img000235.jpg,6,cips-landscape
img002190.jpg,cips/cips-landscape/img002190.jpg,6,cips-landscape
img002621.jpg,cips/cips-landscape/img002621.jpg,6,cips-landscape
img002498.jpg,cips/cips-landscape/img002498.jpg,6,cips-landscape
img001866.jpg,cips/cips-landscape/img001866.jpg,6,cips-landscape
img002904.jpg,cips/cips-landscape/img002904.jpg,6,cips-landscape
img001005.jpg,cips/cips-landscape/img001005.jpg,6,cips-landscape
img002125.jpg,cips/cips-landscape/img002125.jpg,6,cips-landscape
img003587.jpg,cips/cips-landscape/img003587.jpg,6,cips-landscape
img000698.jpg,cips/cips-landscape/img000698.jpg,6,cips-landscape
img000012.jpg,cips/cips-landscape/img000012.jpg,6,cips-landscape
img002507.jpg,cips/cips-landscape/img002507.jpg,6,cips-landscape
img000646.jpg,cips/cips-landscape/img000646.jpg,6,cips-landscape
img000286.jpg,cips/cips-landscape/img000286.jpg,6,cips-landscape
img002038.jpg,cips/cips-landscape/img002038.jpg,6,cips-landscape
img001067.jpg,cips/cips-landscape/img001067.jpg,6,cips-landscape
img000450.jpg,cips/cips-landscape/img000450.jpg,6,cips-landscape
img000451.jpg,cips/cips-landscape/img000451.jpg,6,cips-landscape
img002865.jpg,cips/cips-landscape/img002865.jpg,6,cips-landscape
img002004.jpg,cips/cips-landscape/img002004.jpg,6,cips-landscape
img001323.jpg,cips/cips-landscape/img001323.jpg,6,cips-landscape
img000522.jpg,cips/cips-landscape/img000522.jpg,6,cips-landscape
img000605.jpg,cips/cips-landscape/img000605.jpg,6,cips-landscape
img003171.jpg,cips/cips-landscape/img003171.jpg,6,cips-landscape
img001299.jpg,cips/cips-landscape/img001299.jpg,6,cips-landscape
img000397.jpg,cips/cips-landscape/img000397.jpg,6,cips-landscape
img001869.jpg,cips/cips-landscape/img001869.jpg,6,cips-landscape
img002542.jpg,cips/cips-landscape/img002542.jpg,6,cips-landscape
img002153.jpg,cips/cips-landscape/img002153.jpg,6,cips-landscape
img000914.jpg,cips/cips-landscape/img000914.jpg,6,cips-landscape
img000086.jpg,cips/cips-landscape/img000086.jpg,6,cips-landscape
img003175.jpg,cips/cips-landscape/img003175.jpg,6,cips-landscape
img001673.jpg,cips/cips-landscape/img001673.jpg,6,cips-landscape
img001501.jpg,cips/cips-landscape/img001501.jpg,6,cips-landscape
img002063.jpg,cips/cips-landscape/img002063.jpg,6,cips-landscape
img001259.jpg,cips/cips-landscape/img001259.jpg,6,cips-landscape
img003297.jpg,cips/cips-landscape/img003297.jpg,6,cips-landscape
img003463.jpg,cips/cips-landscape/img003463.jpg,6,cips-landscape
img001998.jpg,cips/cips-landscape/img001998.jpg,6,cips-landscape
img001049.jpg,cips/cips-landscape/img001049.jpg,6,cips-landscape
img002108.jpg,cips/cips-landscape/img002108.jpg,6,cips-landscape
img001130.jpg,cips/cips-landscape/img001130.jpg,6,cips-landscape
img000635.jpg,cips/cips-landscape/img000635.jpg,6,cips-landscape
img000947.jpg,cips/cips-landscape/img000947.jpg,6,cips-landscape
img001342.jpg,cips/cips-landscape/img001342.jpg,6,cips-landscape
img002801.jpg,cips/cips-landscape/img002801.jpg,6,cips-landscape
img000226.jpg,cips/cips-landscape/img000226.jpg,6,cips-landscape
img002095.jpg,cips/cips-landscape/img002095.jpg,6,cips-landscape
img000828.jpg,cips/cips-landscape/img000828.jpg,6,cips-landscape
img002650.jpg,cips/cips-landscape/img002650.jpg,6,cips-landscape
img000453.jpg,cips/cips-landscape/img000453.jpg,6,cips-landscape
img001935.jpg,cips/cips-landscape/img001935.jpg,6,cips-landscape
img001040.jpg,cips/cips-landscape/img001040.jpg,6,cips-landscape
img001653.jpg,cips/cips-landscape/img001653.jpg,6,cips-landscape
img002165.jpg,cips/cips-landscape/img002165.jpg,6,cips-landscape
img000065.jpg,cips/cips-landscape/img000065.jpg,6,cips-landscape
img000746.jpg,cips/cips-landscape/img000746.jpg,6,cips-landscape
img001566.jpg,cips/cips-landscape/img001566.jpg,6,cips-landscape
img001225.jpg,cips/cips-landscape/img001225.jpg,6,cips-landscape
img002407.jpg,cips/cips-landscape/img002407.jpg,6,cips-landscape
img000633.jpg,cips/cips-landscape/img000633.jpg,6,cips-landscape
img002441.jpg,cips/cips-landscape/img002441.jpg,6,cips-landscape
img002851.jpg,cips/cips-landscape/img002851.jpg,6,cips-landscape
img000754.jpg,cips/cips-landscape/img000754.jpg,6,cips-landscape
img000980.jpg,cips/cips-landscape/img000980.jpg,6,cips-landscape
img001464.jpg,cips/cips-landscape/img001464.jpg,6,cips-landscape
img001412.jpg,cips/cips-landscape/img001412.jpg,6,cips-landscape
img003188.jpg,cips/cips-landscape/img003188.jpg,6,cips-landscape
img002572.jpg,cips/cips-landscape/img002572.jpg,6,cips-landscape
img000052.jpg,cips/cips-landscape/img000052.jpg,6,cips-landscape
img002476.jpg,cips/cips-landscape/img002476.jpg,6,cips-landscape
img001720.jpg,cips/cips-landscape/img001720.jpg,6,cips-landscape
img003073.jpg,cips/cips-landscape/img003073.jpg,6,cips-landscape
img002505.jpg,cips/cips-landscape/img002505.jpg,6,cips-landscape
img001417.jpg,cips/cips-landscape/img001417.jpg,6,cips-landscape
img001107.jpg,cips/cips-landscape/img001107.jpg,6,cips-landscape
img001846.jpg,cips/cips-landscape/img001846.jpg,6,cips-landscape
img001487.jpg,cips/cips-landscape/img001487.jpg,6,cips-landscape
img002626.jpg,cips/cips-landscape/img002626.jpg,6,cips-landscape
img001658.jpg,cips/cips-landscape/img001658.jpg,6,cips-landscape
img003063.jpg,cips/cips-landscape/img003063.jpg,6,cips-landscape
img001542.jpg,cips/cips-landscape/img001542.jpg,6,cips-landscape
img000989.jpg,cips/cips-landscape/img000989.jpg,6,cips-landscape
img003236.jpg,cips/cips-landscape/img003236.jpg,6,cips-landscape
img001350.jpg,cips/cips-landscape/img001350.jpg,6,cips-landscape
img002976.jpg,cips/cips-landscape/img002976.jpg,6,cips-landscape
img001230.jpg,cips/cips-landscape/img001230.jpg,6,cips-landscape
img000417.jpg,cips/cips-landscape/img000417.jpg,6,cips-landscape
img001861.jpg,cips/cips-landscape/img001861.jpg,6,cips-landscape
img002890.jpg,cips/cips-landscape/img002890.jpg,6,cips-landscape
img002666.jpg,cips/cips-landscape/img002666.jpg,6,cips-landscape
img002511.jpg,cips/cips-landscape/img002511.jpg,6,cips-landscape
img001954.jpg,cips/cips-landscape/img001954.jpg,6,cips-landscape
img003494.jpg,cips/cips-landscape/img003494.jpg,6,cips-landscape
img003390.jpg,cips/cips-landscape/img003390.jpg,6,cips-landscape
img002899.jpg,cips/cips-landscape/img002899.jpg,6,cips-landscape
img003381.jpg,cips/cips-landscape/img003381.jpg,6,cips-landscape
img002006.jpg,cips/cips-landscape/img002006.jpg,6,cips-landscape
img003172.jpg,cips/cips-landscape/img003172.jpg,6,cips-landscape
img000943.jpg,cips/cips-landscape/img000943.jpg,6,cips-landscape
img003006.jpg,cips/cips-landscape/img003006.jpg,6,cips-landscape
img000818.jpg,cips/cips-landscape/img000818.jpg,6,cips-landscape
img000080.jpg,cips/cips-landscape/img000080.jpg,6,cips-landscape
img003071.jpg,cips/cips-landscape/img003071.jpg,6,cips-landscape
img001477.jpg,cips/cips-landscape/img001477.jpg,6,cips-landscape
img003296.jpg,cips/cips-landscape/img003296.jpg,6,cips-landscape
img002945.jpg,cips/cips-landscape/img002945.jpg,6,cips-landscape
img002147.jpg,cips/cips-landscape/img002147.jpg,6,cips-landscape
img002828.jpg,cips/cips-landscape/img002828.jpg,6,cips-landscape
img001358.jpg,cips/cips-landscape/img001358.jpg,6,cips-landscape
img001522.jpg,cips/cips-landscape/img001522.jpg,6,cips-landscape
img001471.jpg,cips/cips-landscape/img001471.jpg,6,cips-landscape
img002062.jpg,cips/cips-landscape/img002062.jpg,6,cips-landscape
img000636.jpg,cips/cips-landscape/img000636.jpg,6,cips-landscape
img002620.jpg,cips/cips-landscape/img002620.jpg,6,cips-landscape
img002226.jpg,cips/cips-landscape/img002226.jpg,6,cips-landscape
img001527.jpg,cips/cips-landscape/img001527.jpg,6,cips-landscape
img000884.jpg,cips/cips-landscape/img000884.jpg,6,cips-landscape
img000844.jpg,cips/cips-landscape/img000844.jpg,6,cips-landscape
img002026.jpg,cips/cips-landscape/img002026.jpg,6,cips-landscape
img000691.jpg,cips/cips-landscape/img000691.jpg,6,cips-landscape
img002724.jpg,cips/cips-landscape/img002724.jpg,6,cips-landscape
img002326.jpg,cips/cips-landscape/img002326.jpg,6,cips-landscape
img003523.jpg,cips/cips-landscape/img003523.jpg,6,cips-landscape
img002736.jpg,cips/cips-landscape/img002736.jpg,6,cips-landscape
img003285.jpg,cips/cips-landscape/img003285.jpg,6,cips-landscape
img001221.jpg,cips/cips-landscape/img001221.jpg,6,cips-landscape
img003099.jpg,cips/cips-landscape/img003099.jpg,6,cips-landscape
img002915.jpg,cips/cips-landscape/img002915.jpg,6,cips-landscape
img000204.jpg,cips/cips-landscape/img000204.jpg,6,cips-landscape
img003154.jpg,cips/cips-landscape/img003154.jpg,6,cips-landscape
img002703.jpg,cips/cips-landscape/img002703.jpg,6,cips-landscape
img001195.jpg,cips/cips-landscape/img001195.jpg,6,cips-landscape
img003293.jpg,cips/cips-landscape/img003293.jpg,6,cips-landscape
img002350.jpg,cips/cips-landscape/img002350.jpg,6,cips-landscape
img002344.jpg,cips/cips-landscape/img002344.jpg,6,cips-landscape
img002710.jpg,cips/cips-landscape/img002710.jpg,6,cips-landscape
img001823.jpg,cips/cips-landscape/img001823.jpg,6,cips-landscape
img000210.jpg,cips/cips-landscape/img000210.jpg,6,cips-landscape
img000496.jpg,cips/cips-landscape/img000496.jpg,6,cips-landscape
img002930.jpg,cips/cips-landscape/img002930.jpg,6,cips-landscape
img000789.jpg,cips/cips-landscape/img000789.jpg,6,cips-landscape
img000102.jpg,cips/cips-landscape/img000102.jpg,6,cips-landscape
img000521.jpg,cips/cips-landscape/img000521.jpg,6,cips-landscape
img002450.jpg,cips/cips-landscape/img002450.jpg,6,cips-landscape
img002848.jpg,cips/cips-landscape/img002848.jpg,6,cips-landscape
img003249.jpg,cips/cips-landscape/img003249.jpg,6,cips-landscape
img002353.jpg,cips/cips-landscape/img002353.jpg,6,cips-landscape
img000795.jpg,cips/cips-landscape/img000795.jpg,6,cips-landscape
img003388.jpg,cips/cips-landscape/img003388.jpg,6,cips-landscape
img000255.jpg,cips/cips-landscape/img000255.jpg,6,cips-landscape
img002098.jpg,cips/cips-landscape/img002098.jpg,6,cips-landscape
img002212.jpg,cips/cips-landscape/img002212.jpg,6,cips-landscape
img002676.jpg,cips/cips-landscape/img002676.jpg,6,cips-landscape
img002860.jpg,cips/cips-landscape/img002860.jpg,6,cips-landscape
img001368.jpg,cips/cips-landscape/img001368.jpg,6,cips-landscape
img002172.jpg,cips/cips-landscape/img002172.jpg,6,cips-landscape
img002298.jpg,cips/cips-landscape/img002298.jpg,6,cips-landscape
img002221.jpg,cips/cips-landscape/img002221.jpg,6,cips-landscape
img001973.jpg,cips/cips-landscape/img001973.jpg,6,cips-landscape
img001188.jpg,cips/cips-landscape/img001188.jpg,6,cips-landscape
img002764.jpg,cips/cips-landscape/img002764.jpg,6,cips-landscape
img000721.jpg,cips/cips-landscape/img000721.jpg,6,cips-landscape
img003214.jpg,cips/cips-landscape/img003214.jpg,6,cips-landscape
img002702.jpg,cips/cips-landscape/img002702.jpg,6,cips-landscape
img001612.jpg,cips/cips-landscape/img001612.jpg,6,cips-landscape
img000396.jpg,cips/cips-landscape/img000396.jpg,6,cips-landscape
img002180.jpg,cips/cips-landscape/img002180.jpg,6,cips-landscape
img002610.jpg,cips/cips-landscape/img002610.jpg,6,cips-landscape
img001490.jpg,cips/cips-landscape/img001490.jpg,6,cips-landscape
img000447.jpg,cips/cips-landscape/img000447.jpg,6,cips-landscape
img002966.jpg,cips/cips-landscape/img002966.jpg,6,cips-landscape
img001387.jpg,cips/cips-landscape/img001387.jpg,6,cips-landscape
img002462.jpg,cips/cips-landscape/img002462.jpg,6,cips-landscape
img001439.jpg,cips/cips-landscape/img001439.jpg,6,cips-landscape
img000427.jpg,cips/cips-landscape/img000427.jpg,6,cips-landscape
img001315.jpg,cips/cips-landscape/img001315.jpg,6,cips-landscape
img002067.jpg,cips/cips-landscape/img002067.jpg,6,cips-landscape
img001834.jpg,cips/cips-landscape/img001834.jpg,6,cips-landscape
img001922.jpg,cips/cips-landscape/img001922.jpg,6,cips-landscape
img001251.jpg,cips/cips-landscape/img001251.jpg,6,cips-landscape
img002152.jpg,cips/cips-landscape/img002152.jpg,6,cips-landscape
img002892.jpg,cips/cips-landscape/img002892.jpg,6,cips-landscape
img002148.jpg,cips/cips-landscape/img002148.jpg,6,cips-landscape
img000390.jpg,cips/cips-landscape/img000390.jpg,6,cips-landscape
img002815.jpg,cips/cips-landscape/img002815.jpg,6,cips-landscape
img001802.jpg,cips/cips-landscape/img001802.jpg,6,cips-landscape
img002083.jpg,cips/cips-landscape/img002083.jpg,6,cips-landscape
img001570.jpg,cips/cips-landscape/img001570.jpg,6,cips-landscape
img002072.jpg,cips/cips-landscape/img002072.jpg,6,cips-landscape
img000409.jpg,cips/cips-landscape/img000409.jpg,6,cips-landscape
img002923.jpg,cips/cips-landscape/img002923.jpg,6,cips-landscape
img000032.jpg,cips/cips-landscape/img000032.jpg,6,cips-landscape
img001987.jpg,cips/cips-landscape/img001987.jpg,6,cips-landscape
img001511.jpg,cips/cips-landscape/img001511.jpg,6,cips-landscape
img002637.jpg,cips/cips-landscape/img002637.jpg,6,cips-landscape
img002117.jpg,cips/cips-landscape/img002117.jpg,6,cips-landscape
img001810.jpg,cips/cips-landscape/img001810.jpg,6,cips-landscape
img000374.jpg,cips/cips-landscape/img000374.jpg,6,cips-landscape
img000293.jpg,cips/cips-landscape/img000293.jpg,6,cips-landscape
img001045.jpg,cips/cips-landscape/img001045.jpg,6,cips-landscape
img002215.jpg,cips/cips-landscape/img002215.jpg,6,cips-landscape
img001842.jpg,cips/cips-landscape/img001842.jpg,6,cips-landscape
img002434.jpg,cips/cips-landscape/img002434.jpg,6,cips-landscape
img001063.jpg,cips/cips-landscape/img001063.jpg,6,cips-landscape
img000061.jpg,cips/cips-landscape/img000061.jpg,6,cips-landscape
img000658.jpg,cips/cips-landscape/img000658.jpg,6,cips-landscape
img002405.jpg,cips/cips-landscape/img002405.jpg,6,cips-landscape
img000020.jpg,cips/cips-landscape/img000020.jpg,6,cips-landscape
img001918.jpg,cips/cips-landscape/img001918.jpg,6,cips-landscape
img000619.jpg,cips/cips-landscape/img000619.jpg,6,cips-landscape
img001608.jpg,cips/cips-landscape/img001608.jpg,6,cips-landscape
img002963.jpg,cips/cips-landscape/img002963.jpg,6,cips-landscape
img000009.jpg,cips/cips-landscape/img000009.jpg,6,cips-landscape
img001813.jpg,cips/cips-landscape/img001813.jpg,6,cips-landscape
img002124.jpg,cips/cips-landscape/img002124.jpg,6,cips-landscape
img001053.jpg,cips/cips-landscape/img001053.jpg,6,cips-landscape
img001828.jpg,cips/cips-landscape/img001828.jpg,6,cips-landscape
img000557.jpg,cips/cips-landscape/img000557.jpg,6,cips-landscape
img002265.jpg,cips/cips-landscape/img002265.jpg,6,cips-landscape
img003551.jpg,cips/cips-landscape/img003551.jpg,6,cips-landscape
img001529.jpg,cips/cips-landscape/img001529.jpg,6,cips-landscape
img000701.jpg,cips/cips-landscape/img000701.jpg,6,cips-landscape
img001099.jpg,cips/cips-landscape/img001099.jpg,6,cips-landscape
img000720.jpg,cips/cips-landscape/img000720.jpg,6,cips-landscape
img000438.jpg,cips/cips-landscape/img000438.jpg,6,cips-landscape
img000251.jpg,cips/cips-landscape/img000251.jpg,6,cips-landscape
img003148.jpg,cips/cips-landscape/img003148.jpg,6,cips-landscape
img001805.jpg,cips/cips-landscape/img001805.jpg,6,cips-landscape
img002609.jpg,cips/cips-landscape/img002609.jpg,6,cips-landscape
img000445.jpg,cips/cips-landscape/img000445.jpg,6,cips-landscape
img000623.jpg,cips/cips-landscape/img000623.jpg,6,cips-landscape
img001635.jpg,cips/cips-landscape/img001635.jpg,6,cips-landscape
img002734.jpg,cips/cips-landscape/img002734.jpg,6,cips-landscape
img001092.jpg,cips/cips-landscape/img001092.jpg,6,cips-landscape
img001707.jpg,cips/cips-landscape/img001707.jpg,6,cips-landscape
img001793.jpg,cips/cips-landscape/img001793.jpg,6,cips-landscape
img003437.jpg,cips/cips-landscape/img003437.jpg,6,cips-landscape
img003280.jpg,cips/cips-landscape/img003280.jpg,6,cips-landscape
img002204.jpg,cips/cips-landscape/img002204.jpg,6,cips-landscape
img001688.jpg,cips/cips-landscape/img001688.jpg,6,cips-landscape
img001151.jpg,cips/cips-landscape/img001151.jpg,6,cips-landscape
img001681.jpg,cips/cips-landscape/img001681.jpg,6,cips-landscape
img002706.jpg,cips/cips-landscape/img002706.jpg,6,cips-landscape
img002949.jpg,cips/cips-landscape/img002949.jpg,6,cips-landscape
img000770.jpg,cips/cips-landscape/img000770.jpg,6,cips-landscape
img000312.jpg,cips/cips-landscape/img000312.jpg,6,cips-landscape
img002562.jpg,cips/cips-landscape/img002562.jpg,6,cips-landscape
img002371.jpg,cips/cips-landscape/img002371.jpg,6,cips-landscape
img001305.jpg,cips/cips-landscape/img001305.jpg,6,cips-landscape
img000520.jpg,cips/cips-landscape/img000520.jpg,6,cips-landscape
img003475.jpg,cips/cips-landscape/img003475.jpg,6,cips-landscape
img002481.jpg,cips/cips-landscape/img002481.jpg,6,cips-landscape
img002611.jpg,cips/cips-landscape/img002611.jpg,6,cips-landscape
img001595.jpg,cips/cips-landscape/img001595.jpg,6,cips-landscape
img002144.jpg,cips/cips-landscape/img002144.jpg,6,cips-landscape
img000231.jpg,cips/cips-landscape/img000231.jpg,6,cips-landscape
img000669.jpg,cips/cips-landscape/img000669.jpg,6,cips-landscape
img000664.jpg,cips/cips-landscape/img000664.jpg,6,cips-landscape
img001783.jpg,cips/cips-landscape/img001783.jpg,6,cips-landscape
img002870.jpg,cips/cips-landscape/img002870.jpg,6,cips-landscape
img000657.jpg,cips/cips-landscape/img000657.jpg,6,cips-landscape
img002257.jpg,cips/cips-landscape/img002257.jpg,6,cips-landscape
img000648.jpg,cips/cips-landscape/img000648.jpg,6,cips-landscape
img002864.jpg,cips/cips-landscape/img002864.jpg,6,cips-landscape
img003302.jpg,cips/cips-landscape/img003302.jpg,6,cips-landscape
img001048.jpg,cips/cips-landscape/img001048.jpg,6,cips-landscape
img002134.jpg,cips/cips-landscape/img002134.jpg,6,cips-landscape
img002085.jpg,cips/cips-landscape/img002085.jpg,6,cips-landscape
img001260.jpg,cips/cips-landscape/img001260.jpg,6,cips-landscape
img000864.jpg,cips/cips-landscape/img000864.jpg,6,cips-landscape
img001106.jpg,cips/cips-landscape/img001106.jpg,6,cips-landscape
img001172.jpg,cips/cips-landscape/img001172.jpg,6,cips-landscape
img003331.jpg,cips/cips-landscape/img003331.jpg,6,cips-landscape
img003519.jpg,cips/cips-landscape/img003519.jpg,6,cips-landscape
img003246.jpg,cips/cips-landscape/img003246.jpg,6,cips-landscape
img001879.jpg,cips/cips-landscape/img001879.jpg,6,cips-landscape
img002151.jpg,cips/cips-landscape/img002151.jpg,6,cips-landscape
img001337.jpg,cips/cips-landscape/img001337.jpg,6,cips-landscape
img003101.jpg,cips/cips-landscape/img003101.jpg,6,cips-landscape
img001499.jpg,cips/cips-landscape/img001499.jpg,6,cips-landscape
img001786.jpg,cips/cips-landscape/img001786.jpg,6,cips-landscape
img003557.jpg,cips/cips-landscape/img003557.jpg,6,cips-landscape
img003029.jpg,cips/cips-landscape/img003029.jpg,6,cips-landscape
img003459.jpg,cips/cips-landscape/img003459.jpg,6,cips-landscape
img002042.jpg,cips/cips-landscape/img002042.jpg,6,cips-landscape
img001127.jpg,cips/cips-landscape/img001127.jpg,6,cips-landscape
img000159.jpg,cips/cips-landscape/img000159.jpg,6,cips-landscape
img003019.jpg,cips/cips-landscape/img003019.jpg,6,cips-landscape
img001691.jpg,cips/cips-landscape/img001691.jpg,6,cips-landscape
img003133.jpg,cips/cips-landscape/img003133.jpg,6,cips-landscape
img003517.jpg,cips/cips-landscape/img003517.jpg,6,cips-landscape
img001073.jpg,cips/cips-landscape/img001073.jpg,6,cips-landscape
img003405.jpg,cips/cips-landscape/img003405.jpg,6,cips-landscape
img002023.jpg,cips/cips-landscape/img002023.jpg,6,cips-landscape
img002077.jpg,cips/cips-landscape/img002077.jpg,6,cips-landscape
img000066.jpg,cips/cips-landscape/img000066.jpg,6,cips-landscape
img000626.jpg,cips/cips-landscape/img000626.jpg,6,cips-landscape
img003092.jpg,cips/cips-landscape/img003092.jpg,6,cips-landscape
img002071.jpg,cips/cips-landscape/img002071.jpg,6,cips-landscape
img001029.jpg,cips/cips-landscape/img001029.jpg,6,cips-landscape
img001199.jpg,cips/cips-landscape/img001199.jpg,6,cips-landscape
img001228.jpg,cips/cips-landscape/img001228.jpg,6,cips-landscape
img003589.jpg,cips/cips-landscape/img003589.jpg,6,cips-landscape
img001181.jpg,cips/cips-landscape/img001181.jpg,6,cips-landscape
img001209.jpg,cips/cips-landscape/img001209.jpg,6,cips-landscape
img001409.jpg,cips/cips-landscape/img001409.jpg,6,cips-landscape
img000074.jpg,cips/cips-landscape/img000074.jpg,6,cips-landscape
img000902.jpg,cips/cips-landscape/img000902.jpg,6,cips-landscape
img000419.jpg,cips/cips-landscape/img000419.jpg,6,cips-landscape
img000826.jpg,cips/cips-landscape/img000826.jpg,6,cips-landscape
img001627.jpg,cips/cips-landscape/img001627.jpg,6,cips-landscape
img003142.jpg,cips/cips-landscape/img003142.jpg,6,cips-landscape
img001177.jpg,cips/cips-landscape/img001177.jpg,6,cips-landscape
img000806.jpg,cips/cips-landscape/img000806.jpg,6,cips-landscape
img003473.jpg,cips/cips-landscape/img003473.jpg,6,cips-landscape
img003150.jpg,cips/cips-landscape/img003150.jpg,6,cips-landscape
img002181.jpg,cips/cips-landscape/img002181.jpg,6,cips-landscape
img001070.jpg,cips/cips-landscape/img001070.jpg,6,cips-landscape
img000263.jpg,cips/cips-landscape/img000263.jpg,6,cips-landscape
img002897.jpg,cips/cips-landscape/img002897.jpg,6,cips-landscape
img002773.jpg,cips/cips-landscape/img002773.jpg,6,cips-landscape
img002674.jpg,cips/cips-landscape/img002674.jpg,6,cips-landscape
img000630.jpg,cips/cips-landscape/img000630.jpg,6,cips-landscape
img003287.jpg,cips/cips-landscape/img003287.jpg,6,cips-landscape
img000247.jpg,cips/cips-landscape/img000247.jpg,6,cips-landscape
img001258.jpg,cips/cips-landscape/img001258.jpg,6,cips-landscape
img001381.jpg,cips/cips-landscape/img001381.jpg,6,cips-landscape
img000600.jpg,cips/cips-landscape/img000600.jpg,6,cips-landscape
img001156.jpg,cips/cips-landscape/img001156.jpg,6,cips-landscape
img000118.jpg,cips/cips-landscape/img000118.jpg,6,cips-landscape
img000328.jpg,cips/cips-landscape/img000328.jpg,6,cips-landscape
img002113.jpg,cips/cips-landscape/img002113.jpg,6,cips-landscape
img003179.jpg,cips/cips-landscape/img003179.jpg,6,cips-landscape
img003191.jpg,cips/cips-landscape/img003191.jpg,6,cips-landscape
img003375.jpg,cips/cips-landscape/img003375.jpg,6,cips-landscape
img003163.jpg,cips/cips-landscape/img003163.jpg,6,cips-landscape
img000917.jpg,cips/cips-landscape/img000917.jpg,6,cips-landscape
img000119.jpg,cips/cips-landscape/img000119.jpg,6,cips-landscape
img000581.jpg,cips/cips-landscape/img000581.jpg,6,cips-landscape
img003107.jpg,cips/cips-landscape/img003107.jpg,6,cips-landscape
img001575.jpg,cips/cips-landscape/img001575.jpg,6,cips-landscape
img000077.jpg,cips/cips-landscape/img000077.jpg,6,cips-landscape
img000467.jpg,cips/cips-landscape/img000467.jpg,6,cips-landscape
img001115.jpg,cips/cips-landscape/img001115.jpg,6,cips-landscape
img000056.jpg,cips/cips-landscape/img000056.jpg,6,cips-landscape
img003539.jpg,cips/cips-landscape/img003539.jpg,6,cips-landscape
img002242.jpg,cips/cips-landscape/img002242.jpg,6,cips-landscape
img001204.jpg,cips/cips-landscape/img001204.jpg,6,cips-landscape
img001334.jpg,cips/cips-landscape/img001334.jpg,6,cips-landscape
img000369.jpg,cips/cips-landscape/img000369.jpg,6,cips-landscape
img000837.jpg,cips/cips-landscape/img000837.jpg,6,cips-landscape
img000356.jpg,cips/cips-landscape/img000356.jpg,6,cips-landscape
img002664.jpg,cips/cips-landscape/img002664.jpg,6,cips-landscape
img001849.jpg,cips/cips-landscape/img001849.jpg,6,cips-landscape
img002806.jpg,cips/cips-landscape/img002806.jpg,6,cips-landscape
img001959.jpg,cips/cips-landscape/img001959.jpg,6,cips-landscape
img002630.jpg,cips/cips-landscape/img002630.jpg,6,cips-landscape
img002209.jpg,cips/cips-landscape/img002209.jpg,6,cips-landscape
img001313.jpg,cips/cips-landscape/img001313.jpg,6,cips-landscape
img000613.jpg,cips/cips-landscape/img000613.jpg,6,cips-landscape
img001415.jpg,cips/cips-landscape/img001415.jpg,6,cips-landscape
img000186.jpg,cips/cips-landscape/img000186.jpg,6,cips-landscape
img000730.jpg,cips/cips-landscape/img000730.jpg,6,cips-landscape
img000519.jpg,cips/cips-landscape/img000519.jpg,6,cips-landscape
img002115.jpg,cips/cips-landscape/img002115.jpg,6,cips-landscape
img000814.jpg,cips/cips-landscape/img000814.jpg,6,cips-landscape
img000555.jpg,cips/cips-landscape/img000555.jpg,6,cips-landscape
img002940.jpg,cips/cips-landscape/img002940.jpg,6,cips-landscape
img000299.jpg,cips/cips-landscape/img000299.jpg,6,cips-landscape
img003379.jpg,cips/cips-landscape/img003379.jpg,6,cips-landscape
img001338.jpg,cips/cips-landscape/img001338.jpg,6,cips-landscape
img001600.jpg,cips/cips-landscape/img001600.jpg,6,cips-landscape
img000908.jpg,cips/cips-landscape/img000908.jpg,6,cips-landscape
img000190.jpg,cips/cips-landscape/img000190.jpg,6,cips-landscape
img002856.jpg,cips/cips-landscape/img002856.jpg,6,cips-landscape
img000586.jpg,cips/cips-landscape/img000586.jpg,6,cips-landscape
img000732.jpg,cips/cips-landscape/img000732.jpg,6,cips-landscape
img002873.jpg,cips/cips-landscape/img002873.jpg,6,cips-landscape
img001611.jpg,cips/cips-landscape/img001611.jpg,6,cips-landscape
img002119.jpg,cips/cips-landscape/img002119.jpg,6,cips-landscape
img000044.jpg,cips/cips-landscape/img000044.jpg,6,cips-landscape
img002680.jpg,cips/cips-landscape/img002680.jpg,6,cips-landscape
img002121.jpg,cips/cips-landscape/img002121.jpg,6,cips-landscape
img001133.jpg,cips/cips-landscape/img001133.jpg,6,cips-landscape
img001421.jpg,cips/cips-landscape/img001421.jpg,6,cips-landscape
img002723.jpg,cips/cips-landscape/img002723.jpg,6,cips-landscape
img001538.jpg,cips/cips-landscape/img001538.jpg,6,cips-landscape
img001857.jpg,cips/cips-landscape/img001857.jpg,6,cips-landscape
img000332.jpg,cips/cips-landscape/img000332.jpg,6,cips-landscape
img002061.jpg,cips/cips-landscape/img002061.jpg,6,cips-landscape
img001222.jpg,cips/cips-landscape/img001222.jpg,6,cips-landscape
img000346.jpg,cips/cips-landscape/img000346.jpg,6,cips-landscape
img001736.jpg,cips/cips-landscape/img001736.jpg,6,cips-landscape
img003536.jpg,cips/cips-landscape/img003536.jpg,6,cips-landscape
img000242.jpg,cips/cips-landscape/img000242.jpg,6,cips-landscape
img001915.jpg,cips/cips-landscape/img001915.jpg,6,cips-landscape
img003015.jpg,cips/cips-landscape/img003015.jpg,6,cips-landscape
img003532.jpg,cips/cips-landscape/img003532.jpg,6,cips-landscape
img001883.jpg,cips/cips-landscape/img001883.jpg,6,cips-landscape
img000127.jpg,cips/cips-landscape/img000127.jpg,6,cips-landscape
img003533.jpg,cips/cips-landscape/img003533.jpg,6,cips-landscape
img003135.jpg,cips/cips-landscape/img003135.jpg,6,cips-landscape
img003271.jpg,cips/cips-landscape/img003271.jpg,6,cips-landscape
img002100.jpg,cips/cips-landscape/img002100.jpg,6,cips-landscape
img002277.jpg,cips/cips-landscape/img002277.jpg,6,cips-landscape
img000804.jpg,cips/cips-landscape/img000804.jpg,6,cips-landscape
img000490.jpg,cips/cips-landscape/img000490.jpg,6,cips-landscape
img003286.jpg,cips/cips-landscape/img003286.jpg,6,cips-landscape
img003131.jpg,cips/cips-landscape/img003131.jpg,6,cips-landscape
img000099.jpg,cips/cips-landscape/img000099.jpg,6,cips-landscape
img001574.jpg,cips/cips-landscape/img001574.jpg,6,cips-landscape
img002902.jpg,cips/cips-landscape/img002902.jpg,6,cips-landscape
img002517.jpg,cips/cips-landscape/img002517.jpg,6,cips-landscape
img000570.jpg,cips/cips-landscape/img000570.jpg,6,cips-landscape
img002568.jpg,cips/cips-landscape/img002568.jpg,6,cips-landscape
img003244.jpg,cips/cips-landscape/img003244.jpg,6,cips-landscape
img002903.jpg,cips/cips-landscape/img002903.jpg,6,cips-landscape
img003481.jpg,cips/cips-landscape/img003481.jpg,6,cips-landscape
img002876.jpg,cips/cips-landscape/img002876.jpg,6,cips-landscape
img001977.jpg,cips/cips-landscape/img001977.jpg,6,cips-landscape
img003372.jpg,cips/cips-landscape/img003372.jpg,6,cips-landscape
img001256.jpg,cips/cips-landscape/img001256.jpg,6,cips-landscape
img002647.jpg,cips/cips-landscape/img002647.jpg,6,cips-landscape
img000075.jpg,cips/cips-landscape/img000075.jpg,6,cips-landscape
img000565.jpg,cips/cips-landscape/img000565.jpg,6,cips-landscape
img001327.jpg,cips/cips-landscape/img001327.jpg,6,cips-landscape
img001379.jpg,cips/cips-landscape/img001379.jpg,6,cips-landscape
img003295.jpg,cips/cips-landscape/img003295.jpg,6,cips-landscape
img001446.jpg,cips/cips-landscape/img001446.jpg,6,cips-landscape
img003081.jpg,cips/cips-landscape/img003081.jpg,6,cips-landscape
img001969.jpg,cips/cips-landscape/img001969.jpg,6,cips-landscape
img000475.jpg,cips/cips-landscape/img000475.jpg,6,cips-landscape
img001577.jpg,cips/cips-landscape/img001577.jpg,6,cips-landscape
img000381.jpg,cips/cips-landscape/img000381.jpg,6,cips-landscape
img001075.jpg,cips/cips-landscape/img001075.jpg,6,cips-landscape
img000649.jpg,cips/cips-landscape/img000649.jpg,6,cips-landscape
img003371.jpg,cips/cips-landscape/img003371.jpg,6,cips-landscape
img002884.jpg,cips/cips-landscape/img002884.jpg,6,cips-landscape
img003047.jpg,cips/cips-landscape/img003047.jpg,6,cips-landscape
img000295.jpg,cips/cips-landscape/img000295.jpg,6,cips-landscape
img002146.jpg,cips/cips-landscape/img002146.jpg,6,cips-landscape
img001537.jpg,cips/cips-landscape/img001537.jpg,6,cips-landscape
img000462.jpg,cips/cips-landscape/img000462.jpg,6,cips-landscape
img002888.jpg,cips/cips-landscape/img002888.jpg,6,cips-landscape
img003430.jpg,cips/cips-landscape/img003430.jpg,6,cips-landscape
img002967.jpg,cips/cips-landscape/img002967.jpg,6,cips-landscape
img000436.jpg,cips/cips-landscape/img000436.jpg,6,cips-landscape
img001724.jpg,cips/cips-landscape/img001724.jpg,6,cips-landscape
img003529.jpg,cips/cips-landscape/img003529.jpg,6,cips-landscape
img001014.jpg,cips/cips-landscape/img001014.jpg,6,cips-landscape
img001428.jpg,cips/cips-landscape/img001428.jpg,6,cips-landscape
img002516.jpg,cips/cips-landscape/img002516.jpg,6,cips-landscape
img002842.jpg,cips/cips-landscape/img002842.jpg,6,cips-landscape
img001274.jpg,cips/cips-landscape/img001274.jpg,6,cips-landscape
img000486.jpg,cips/cips-landscape/img000486.jpg,6,cips-landscape
img003164.jpg,cips/cips-landscape/img003164.jpg,6,cips-landscape
img000597.jpg,cips/cips-landscape/img000597.jpg,6,cips-landscape
img000719.jpg,cips/cips-landscape/img000719.jpg,6,cips-landscape
img003123.jpg,cips/cips-landscape/img003123.jpg,6,cips-landscape
img003111.jpg,cips/cips-landscape/img003111.jpg,6,cips-landscape
img001231.jpg,cips/cips-landscape/img001231.jpg,6,cips-landscape
img000292.jpg,cips/cips-landscape/img000292.jpg,6,cips-landscape
img001306.jpg,cips/cips-landscape/img001306.jpg,6,cips-landscape
img000963.jpg,cips/cips-landscape/img000963.jpg,6,cips-landscape
img000800.jpg,cips/cips-landscape/img000800.jpg,6,cips-landscape
img001449.jpg,cips/cips-landscape/img001449.jpg,6,cips-landscape
img001097.jpg,cips/cips-landscape/img001097.jpg,6,cips-landscape
img000194.jpg,cips/cips-landscape/img000194.jpg,6,cips-landscape
img003153.jpg,cips/cips-landscape/img003153.jpg,6,cips-landscape
img002028.jpg,cips/cips-landscape/img002028.jpg,6,cips-landscape
img000084.jpg,cips/cips-landscape/img000084.jpg,6,cips-landscape
img002623.jpg,cips/cips-landscape/img002623.jpg,6,cips-landscape
img000057.jpg,cips/cips-landscape/img000057.jpg,6,cips-landscape
img002436.jpg,cips/cips-landscape/img002436.jpg,6,cips-landscape
img001314.jpg,cips/cips-landscape/img001314.jpg,6,cips-landscape
img002550.jpg,cips/cips-landscape/img002550.jpg,6,cips-landscape
img000609.jpg,cips/cips-landscape/img000609.jpg,6,cips-landscape
img000543.jpg,cips/cips-landscape/img000543.jpg,6,cips-landscape
img002656.jpg,cips/cips-landscape/img002656.jpg,6,cips-landscape
img001493.jpg,cips/cips-landscape/img001493.jpg,6,cips-landscape
img002156.jpg,cips/cips-landscape/img002156.jpg,6,cips-landscape
img002809.jpg,cips/cips-landscape/img002809.jpg,6,cips-landscape
img001984.jpg,cips/cips-landscape/img001984.jpg,6,cips-landscape
img000216.jpg,cips/cips-landscape/img000216.jpg,6,cips-landscape
img003398.jpg,cips/cips-landscape/img003398.jpg,6,cips-landscape
img001775.jpg,cips/cips-landscape/img001775.jpg,6,cips-landscape
img003452.jpg,cips/cips-landscape/img003452.jpg,6,cips-landscape
img002314.jpg,cips/cips-landscape/img002314.jpg,6,cips-landscape
img003165.jpg,cips/cips-landscape/img003165.jpg,6,cips-landscape
img001790.jpg,cips/cips-landscape/img001790.jpg,6,cips-landscape
img002651.jpg,cips/cips-landscape/img002651.jpg,6,cips-landscape
img000165.jpg,cips/cips-landscape/img000165.jpg,6,cips-landscape
img000001.jpg,cips/cips-landscape/img000001.jpg,6,cips-landscape
img002380.jpg,cips/cips-landscape/img002380.jpg,6,cips-landscape
img003445.jpg,cips/cips-landscape/img003445.jpg,6,cips-landscape
img002358.jpg,cips/cips-landscape/img002358.jpg,6,cips-landscape
img003144.jpg,cips/cips-landscape/img003144.jpg,6,cips-landscape
img001985.jpg,cips/cips-landscape/img001985.jpg,6,cips-landscape
img003424.jpg,cips/cips-landscape/img003424.jpg,6,cips-landscape
img000992.jpg,cips/cips-landscape/img000992.jpg,6,cips-landscape
img001108.jpg,cips/cips-landscape/img001108.jpg,6,cips-landscape
img000718.jpg,cips/cips-landscape/img000718.jpg,6,cips-landscape
img002472.jpg,cips/cips-landscape/img002472.jpg,6,cips-landscape
img000685.jpg,cips/cips-landscape/img000685.jpg,6,cips-landscape
img000042.jpg,cips/cips-landscape/img000042.jpg,6,cips-landscape
img002008.jpg,cips/cips-landscape/img002008.jpg,6,cips-landscape
img003134.jpg,cips/cips-landscape/img003134.jpg,6,cips-landscape
img001044.jpg,cips/cips-landscape/img001044.jpg,6,cips-landscape
img001667.jpg,cips/cips-landscape/img001667.jpg,6,cips-landscape
img003183.jpg,cips/cips-landscape/img003183.jpg,6,cips-landscape
img003267.jpg,cips/cips-landscape/img003267.jpg,6,cips-landscape
img002294.jpg,cips/cips-landscape/img002294.jpg,6,cips-landscape
img001407.jpg,cips/cips-landscape/img001407.jpg,6,cips-landscape
img000444.jpg,cips/cips-landscape/img000444.jpg,6,cips-landscape
img002863.jpg,cips/cips-landscape/img002863.jpg,6,cips-landscape
img001573.jpg,cips/cips-landscape/img001573.jpg,6,cips-landscape
img001669.jpg,cips/cips-landscape/img001669.jpg,6,cips-landscape
img000656.jpg,cips/cips-landscape/img000656.jpg,6,cips-landscape
img000727.jpg,cips/cips-landscape/img000727.jpg,6,cips-landscape
img001622.jpg,cips/cips-landscape/img001622.jpg,6,cips-landscape
img001526.jpg,cips/cips-landscape/img001526.jpg,6,cips-landscape
img002037.jpg,cips/cips-landscape/img002037.jpg,6,cips-landscape
img001059.jpg,cips/cips-landscape/img001059.jpg,6,cips-landscape
img002426.jpg,cips/cips-landscape/img002426.jpg,6,cips-landscape
img000686.jpg,cips/cips-landscape/img000686.jpg,6,cips-landscape
img002748.jpg,cips/cips-landscape/img002748.jpg,6,cips-landscape
img002183.jpg,cips/cips-landscape/img002183.jpg,6,cips-landscape
img003292.jpg,cips/cips-landscape/img003292.jpg,6,cips-landscape
img001854.jpg,cips/cips-landscape/img001854.jpg,6,cips-landscape
img002594.jpg,cips/cips-landscape/img002594.jpg,6,cips-landscape
img003521.jpg,cips/cips-landscape/img003521.jpg,6,cips-landscape
img003330.jpg,cips/cips-landscape/img003330.jpg,6,cips-landscape
img001397.jpg,cips/cips-landscape/img001397.jpg,6,cips-landscape
img003447.jpg,cips/cips-landscape/img003447.jpg,6,cips-landscape
img002111.jpg,cips/cips-landscape/img002111.jpg,6,cips-landscape
img003439.jpg,cips/cips-landscape/img003439.jpg,6,cips-landscape
img000320.jpg,cips/cips-landscape/img000320.jpg,6,cips-landscape
img001034.jpg,cips/cips-landscape/img001034.jpg,6,cips-landscape
img001565.jpg,cips/cips-landscape/img001565.jpg,6,cips-landscape
img003530.jpg,cips/cips-landscape/img003530.jpg,6,cips-landscape
img002389.jpg,cips/cips-landscape/img002389.jpg,6,cips-landscape
img000479.jpg,cips/cips-landscape/img000479.jpg,6,cips-landscape
img002689.jpg,cips/cips-landscape/img002689.jpg,6,cips-landscape
img000087.jpg,cips/cips-landscape/img000087.jpg,6,cips-landscape
img001478.jpg,cips/cips-landscape/img001478.jpg,6,cips-landscape
img000318.jpg,cips/cips-landscape/img000318.jpg,6,cips-landscape
img001817.jpg,cips/cips-landscape/img001817.jpg,6,cips-landscape
img002652.jpg,cips/cips-landscape/img002652.jpg,6,cips-landscape
img002373.jpg,cips/cips-landscape/img002373.jpg,6,cips-landscape
img000097.jpg,cips/cips-landscape/img000097.jpg,6,cips-landscape
img002644.jpg,cips/cips-landscape/img002644.jpg,6,cips-landscape
img000491.jpg,cips/cips-landscape/img000491.jpg,6,cips-landscape
img001440.jpg,cips/cips-landscape/img001440.jpg,6,cips-landscape
img001272.jpg,cips/cips-landscape/img001272.jpg,6,cips-landscape
img000423.jpg,cips/cips-landscape/img000423.jpg,6,cips-landscape
img002944.jpg,cips/cips-landscape/img002944.jpg,6,cips-landscape
img000062.jpg,cips/cips-landscape/img000062.jpg,6,cips-landscape
img002758.jpg,cips/cips-landscape/img002758.jpg,6,cips-landscape
img002345.jpg,cips/cips-landscape/img002345.jpg,6,cips-landscape
img000737.jpg,cips/cips-landscape/img000737.jpg,6,cips-landscape
img001069.jpg,cips/cips-landscape/img001069.jpg,6,cips-landscape
img000827.jpg,cips/cips-landscape/img000827.jpg,6,cips-landscape
img000143.jpg,cips/cips-landscape/img000143.jpg,6,cips-landscape
img001143.jpg,cips/cips-landscape/img001143.jpg,6,cips-landscape
img002439.jpg,cips/cips-landscape/img002439.jpg,6,cips-landscape
img002694.jpg,cips/cips-landscape/img002694.jpg,6,cips-landscape
img000858.jpg,cips/cips-landscape/img000858.jpg,6,cips-landscape
img000181.jpg,cips/cips-landscape/img000181.jpg,6,cips-landscape
img001862.jpg,cips/cips-landscape/img001862.jpg,6,cips-landscape
img000459.jpg,cips/cips-landscape/img000459.jpg,6,cips-landscape
img003054.jpg,cips/cips-landscape/img003054.jpg,6,cips-landscape
img001442.jpg,cips/cips-landscape/img001442.jpg,6,cips-landscape
img001332.jpg,cips/cips-landscape/img001332.jpg,6,cips-landscape
img000558.jpg,cips/cips-landscape/img000558.jpg,6,cips-landscape
img001990.jpg,cips/cips-landscape/img001990.jpg,6,cips-landscape
img000644.jpg,cips/cips-landscape/img000644.jpg,6,cips-landscape
img003586.jpg,cips/cips-landscape/img003586.jpg,6,cips-landscape
img000584.jpg,cips/cips-landscape/img000584.jpg,6,cips-landscape
img001443.jpg,cips/cips-landscape/img001443.jpg,6,cips-landscape
img001865.jpg,cips/cips-landscape/img001865.jpg,6,cips-landscape
img001932.jpg,cips/cips-landscape/img001932.jpg,6,cips-landscape
img002997.jpg,cips/cips-landscape/img002997.jpg,6,cips-landscape
img001642.jpg,cips/cips-landscape/img001642.jpg,6,cips-landscape
img003259.jpg,cips/cips-landscape/img003259.jpg,6,cips-landscape
img000923.jpg,cips/cips-landscape/img000923.jpg,6,cips-landscape
img002947.jpg,cips/cips-landscape/img002947.jpg,6,cips-landscape
img000693.jpg,cips/cips-landscape/img000693.jpg,6,cips-landscape
img002222.jpg,cips/cips-landscape/img002222.jpg,6,cips-landscape
img000108.jpg,cips/cips-landscape/img000108.jpg,6,cips-landscape
img000950.jpg,cips/cips-landscape/img000950.jpg,6,cips-landscape
img001120.jpg,cips/cips-landscape/img001120.jpg,6,cips-landscape
img003524.jpg,cips/cips-landscape/img003524.jpg,6,cips-landscape
img001561.jpg,cips/cips-landscape/img001561.jpg,6,cips-landscape
img000728.jpg,cips/cips-landscape/img000728.jpg,6,cips-landscape
img001144.jpg,cips/cips-landscape/img001144.jpg,6,cips-landscape
img001639.jpg,cips/cips-landscape/img001639.jpg,6,cips-landscape
img000716.jpg,cips/cips-landscape/img000716.jpg,6,cips-landscape
img002087.jpg,cips/cips-landscape/img002087.jpg,6,cips-landscape
img001890.jpg,cips/cips-landscape/img001890.jpg,6,cips-landscape
img002372.jpg,cips/cips-landscape/img002372.jpg,6,cips-landscape
img000140.jpg,cips/cips-landscape/img000140.jpg,6,cips-landscape
img001344.jpg,cips/cips-landscape/img001344.jpg,6,cips-landscape
img001976.jpg,cips/cips-landscape/img001976.jpg,6,cips-landscape
img002983.jpg,cips/cips-landscape/img002983.jpg,6,cips-landscape
img001240.jpg,cips/cips-landscape/img001240.jpg,6,cips-landscape
img002936.jpg,cips/cips-landscape/img002936.jpg,6,cips-landscape
img002994.jpg,cips/cips-landscape/img002994.jpg,6,cips-landscape
img001406.jpg,cips/cips-landscape/img001406.jpg,6,cips-landscape
img001557.jpg,cips/cips-landscape/img001557.jpg,6,cips-landscape
img002593.jpg,cips/cips-landscape/img002593.jpg,6,cips-landscape
img001815.jpg,cips/cips-landscape/img001815.jpg,6,cips-landscape
img002826.jpg,cips/cips-landscape/img002826.jpg,6,cips-landscape
img003256.jpg,cips/cips-landscape/img003256.jpg,6,cips-landscape
img002469.jpg,cips/cips-landscape/img002469.jpg,6,cips-landscape
img003208.jpg,cips/cips-landscape/img003208.jpg,6,cips-landscape
img001896.jpg,cips/cips-landscape/img001896.jpg,6,cips-landscape
img000439.jpg,cips/cips-landscape/img000439.jpg,6,cips-landscape
img001923.jpg,cips/cips-landscape/img001923.jpg,6,cips-landscape
img000650.jpg,cips/cips-landscape/img000650.jpg,6,cips-landscape
img000372.jpg,cips/cips-landscape/img000372.jpg,6,cips-landscape
img001244.jpg,cips/cips-landscape/img001244.jpg,6,cips-landscape
img003106.jpg,cips/cips-landscape/img003106.jpg,6,cips-landscape
img001946.jpg,cips/cips-landscape/img001946.jpg,6,cips-landscape
img000684.jpg,cips/cips-landscape/img000684.jpg,6,cips-landscape
img003431.jpg,cips/cips-landscape/img003431.jpg,6,cips-landscape
img001241.jpg,cips/cips-landscape/img001241.jpg,6,cips-landscape
img000731.jpg,cips/cips-landscape/img000731.jpg,6,cips-landscape
img001816.jpg,cips/cips-landscape/img001816.jpg,6,cips-landscape
img001220.jpg,cips/cips-landscape/img001220.jpg,6,cips-landscape
img002526.jpg,cips/cips-landscape/img002526.jpg,6,cips-landscape
img000370.jpg,cips/cips-landscape/img000370.jpg,6,cips-landscape
img000829.jpg,cips/cips-landscape/img000829.jpg,6,cips-landscape
img001929.jpg,cips/cips-landscape/img001929.jpg,6,cips-landscape
img000726.jpg,cips/cips-landscape/img000726.jpg,6,cips-landscape
img001689.jpg,cips/cips-landscape/img001689.jpg,6,cips-landscape
img002099.jpg,cips/cips-landscape/img002099.jpg,6,cips-landscape
img001134.jpg,cips/cips-landscape/img001134.jpg,6,cips-landscape
img002379.jpg,cips/cips-landscape/img002379.jpg,6,cips-landscape
img002847.jpg,cips/cips-landscape/img002847.jpg,6,cips-landscape
img002196.jpg,cips/cips-landscape/img002196.jpg,6,cips-landscape
img000294.jpg,cips/cips-landscape/img000294.jpg,6,cips-landscape
img002972.jpg,cips/cips-landscape/img002972.jpg,6,cips-landscape
img001422.jpg,cips/cips-landscape/img001422.jpg,6,cips-landscape
img003450.jpg,cips/cips-landscape/img003450.jpg,6,cips-landscape
img002560.jpg,cips/cips-landscape/img002560.jpg,6,cips-landscape
img001094.jpg,cips/cips-landscape/img001094.jpg,6,cips-landscape
img001662.jpg,cips/cips-landscape/img001662.jpg,6,cips-landscape
img002671.jpg,cips/cips-landscape/img002671.jpg,6,cips-landscape
img003231.jpg,cips/cips-landscape/img003231.jpg,6,cips-landscape
img002762.jpg,cips/cips-landscape/img002762.jpg,6,cips-landscape
img000107.jpg,cips/cips-landscape/img000107.jpg,6,cips-landscape
img002681.jpg,cips/cips-landscape/img002681.jpg,6,cips-landscape
img001283.jpg,cips/cips-landscape/img001283.jpg,6,cips-landscape
img001150.jpg,cips/cips-landscape/img001150.jpg,6,cips-landscape
img002197.jpg,cips/cips-landscape/img002197.jpg,6,cips-landscape
img000002.jpg,cips/cips-landscape/img000002.jpg,6,cips-landscape
img000523.jpg,cips/cips-landscape/img000523.jpg,6,cips-landscape
img000820.jpg,cips/cips-landscape/img000820.jpg,6,cips-landscape
img000710.jpg,cips/cips-landscape/img000710.jpg,6,cips-landscape
img002649.jpg,cips/cips-landscape/img002649.jpg,6,cips-landscape
img001939.jpg,cips/cips-landscape/img001939.jpg,6,cips-landscape
img001902.jpg,cips/cips-landscape/img001902.jpg,6,cips-landscape
img003239.jpg,cips/cips-landscape/img003239.jpg,6,cips-landscape
img001317.jpg,cips/cips-landscape/img001317.jpg,6,cips-landscape
img002939.jpg,cips/cips-landscape/img002939.jpg,6,cips-landscape
img000435.jpg,cips/cips-landscape/img000435.jpg,6,cips-landscape
img000073.jpg,cips/cips-landscape/img000073.jpg,6,cips-landscape
img000986.jpg,cips/cips-landscape/img000986.jpg,6,cips-landscape
img001196.jpg,cips/cips-landscape/img001196.jpg,6,cips-landscape
img003547.jpg,cips/cips-landscape/img003547.jpg,6,cips-landscape
img001383.jpg,cips/cips-landscape/img001383.jpg,6,cips-landscape
img002178.jpg,cips/cips-landscape/img002178.jpg,6,cips-landscape
img001699.jpg,cips/cips-landscape/img001699.jpg,6,cips-landscape
img000492.jpg,cips/cips-landscape/img000492.jpg,6,cips-landscape
img002834.jpg,cips/cips-landscape/img002834.jpg,6,cips-landscape
img001766.jpg,cips/cips-landscape/img001766.jpg,6,cips-landscape
img000604.jpg,cips/cips-landscape/img000604.jpg,6,cips-landscape
img003315.jpg,cips/cips-landscape/img003315.jpg,6,cips-landscape
img001927.jpg,cips/cips-landscape/img001927.jpg,6,cips-landscape
img001472.jpg,cips/cips-landscape/img001472.jpg,6,cips-landscape
img002597.jpg,cips/cips-landscape/img002597.jpg,6,cips-landscape
img001185.jpg,cips/cips-landscape/img001185.jpg,6,cips-landscape
img002556.jpg,cips/cips-landscape/img002556.jpg,6,cips-landscape
img001697.jpg,cips/cips-landscape/img001697.jpg,6,cips-landscape
img001168.jpg,cips/cips-landscape/img001168.jpg,6,cips-landscape
img000624.jpg,cips/cips-landscape/img000624.jpg,6,cips-landscape
img001194.jpg,cips/cips-landscape/img001194.jpg,6,cips-landscape
img000756.jpg,cips/cips-landscape/img000756.jpg,6,cips-landscape
img003553.jpg,cips/cips-landscape/img003553.jpg,6,cips-landscape
img002881.jpg,cips/cips-landscape/img002881.jpg,6,cips-landscape
img000680.jpg,cips/cips-landscape/img000680.jpg,6,cips-landscape
img002387.jpg,cips/cips-landscape/img002387.jpg,6,cips-landscape
img000109.jpg,cips/cips-landscape/img000109.jpg,6,cips-landscape
img000461.jpg,cips/cips-landscape/img000461.jpg,6,cips-landscape
img002684.jpg,cips/cips-landscape/img002684.jpg,6,cips-landscape
img003306.jpg,cips/cips-landscape/img003306.jpg,6,cips-landscape
img003324.jpg,cips/cips-landscape/img003324.jpg,6,cips-landscape
img000248.jpg,cips/cips-landscape/img000248.jpg,6,cips-landscape
img001078.jpg,cips/cips-landscape/img001078.jpg,6,cips-landscape
img002518.jpg,cips/cips-landscape/img002518.jpg,6,cips-landscape
img002698.jpg,cips/cips-landscape/img002698.jpg,6,cips-landscape
img002641.jpg,cips/cips-landscape/img002641.jpg,6,cips-landscape
img000897.jpg,cips/cips-landscape/img000897.jpg,6,cips-landscape
img001467.jpg,cips/cips-landscape/img001467.jpg,6,cips-landscape
img002643.jpg,cips/cips-landscape/img002643.jpg,6,cips-landscape
img002260.jpg,cips/cips-landscape/img002260.jpg,6,cips-landscape
img003346.jpg,cips/cips-landscape/img003346.jpg,6,cips-landscape
img000985.jpg,cips/cips-landscape/img000985.jpg,6,cips-landscape
img000147.jpg,cips/cips-landscape/img000147.jpg,6,cips-landscape
img000760.jpg,cips/cips-landscape/img000760.jpg,6,cips-landscape
img002292.jpg,cips/cips-landscape/img002292.jpg,6,cips-landscape
img002521.jpg,cips/cips-landscape/img002521.jpg,6,cips-landscape
img001157.jpg,cips/cips-landscape/img001157.jpg,6,cips-landscape
img000938.jpg,cips/cips-landscape/img000938.jpg,6,cips-landscape
img003428.jpg,cips/cips-landscape/img003428.jpg,6,cips-landscape
img001135.jpg,cips/cips-landscape/img001135.jpg,6,cips-landscape
img002479.jpg,cips/cips-landscape/img002479.jpg,6,cips-landscape
img001797.jpg,cips/cips-landscape/img001797.jpg,6,cips-landscape
img000868.jpg,cips/cips-landscape/img000868.jpg,6,cips-landscape
img003035.jpg,cips/cips-landscape/img003035.jpg,6,cips-landscape
img000702.jpg,cips/cips-landscape/img000702.jpg,6,cips-landscape
img002315.jpg,cips/cips-landscape/img002315.jpg,6,cips-landscape
img003085.jpg,cips/cips-landscape/img003085.jpg,6,cips-landscape
img001325.jpg,cips/cips-landscape/img001325.jpg,6,cips-landscape
img000221.jpg,cips/cips-landscape/img000221.jpg,6,cips-landscape
img003290.jpg,cips/cips-landscape/img003290.jpg,6,cips-landscape
img000308.jpg,cips/cips-landscape/img000308.jpg,6,cips-landscape
img003198.jpg,cips/cips-landscape/img003198.jpg,6,cips-landscape
img002761.jpg,cips/cips-landscape/img002761.jpg,6,cips-landscape
img002985.jpg,cips/cips-landscape/img002985.jpg,6,cips-landscape
img003291.jpg,cips/cips-landscape/img003291.jpg,6,cips-landscape
img002076.jpg,cips/cips-landscape/img002076.jpg,6,cips-landscape
img001001.jpg,cips/cips-landscape/img001001.jpg,6,cips-landscape
img002230.jpg,cips/cips-landscape/img002230.jpg,6,cips-landscape
img002475.jpg,cips/cips-landscape/img002475.jpg,6,cips-landscape
img002255.jpg,cips/cips-landscape/img002255.jpg,6,cips-landscape
img001717.jpg,cips/cips-landscape/img001717.jpg,6,cips-landscape
img002604.jpg,cips/cips-landscape/img002604.jpg,6,cips-landscape
img000313.jpg,cips/cips-landscape/img000313.jpg,6,cips-landscape
img000171.jpg,cips/cips-landscape/img000171.jpg,6,cips-landscape
img002943.jpg,cips/cips-landscape/img002943.jpg,6,cips-landscape
img001520.jpg,cips/cips-landscape/img001520.jpg,6,cips-landscape
img000188.jpg,cips/cips-landscape/img000188.jpg,6,cips-landscape
img002613.jpg,cips/cips-landscape/img002613.jpg,6,cips-landscape
img002283.jpg,cips/cips-landscape/img002283.jpg,6,cips-landscape
img002438.jpg,cips/cips-landscape/img002438.jpg,6,cips-landscape
img000306.jpg,cips/cips-landscape/img000306.jpg,6,cips-landscape
img002682.jpg,cips/cips-landscape/img002682.jpg,6,cips-landscape
img002563.jpg,cips/cips-landscape/img002563.jpg,6,cips-landscape
img002458.jpg,cips/cips-landscape/img002458.jpg,6,cips-landscape
img001155.jpg,cips/cips-landscape/img001155.jpg,6,cips-landscape
img002045.jpg,cips/cips-landscape/img002045.jpg,6,cips-landscape
img002041.jpg,cips/cips-landscape/img002041.jpg,6,cips-landscape
img001372.jpg,cips/cips-landscape/img001372.jpg,6,cips-landscape
img003478.jpg,cips/cips-landscape/img003478.jpg,6,cips-landscape
img003506.jpg,cips/cips-landscape/img003506.jpg,6,cips-landscape
img003147.jpg,cips/cips-landscape/img003147.jpg,6,cips-landscape
img001951.jpg,cips/cips-landscape/img001951.jpg,6,cips-landscape
img002160.jpg,cips/cips-landscape/img002160.jpg,6,cips-landscape
img002266.jpg,cips/cips-landscape/img002266.jpg,6,cips-landscape
img002614.jpg,cips/cips-landscape/img002614.jpg,6,cips-landscape
img002069.jpg,cips/cips-landscape/img002069.jpg,6,cips-landscape
img001629.jpg,cips/cips-landscape/img001629.jpg,6,cips-landscape
img002369.jpg,cips/cips-landscape/img002369.jpg,6,cips-landscape
img001445.jpg,cips/cips-landscape/img001445.jpg,6,cips-landscape
img002216.jpg,cips/cips-landscape/img002216.jpg,6,cips-landscape
img002109.jpg,cips/cips-landscape/img002109.jpg,6,cips-landscape
img002600.jpg,cips/cips-landscape/img002600.jpg,6,cips-landscape
img002875.jpg,cips/cips-landscape/img002875.jpg,6,cips-landscape
img002080.jpg,cips/cips-landscape/img002080.jpg,6,cips-landscape
img002678.jpg,cips/cips-landscape/img002678.jpg,6,cips-landscape
img002449.jpg,cips/cips-landscape/img002449.jpg,6,cips-landscape
img000266.jpg,cips/cips-landscape/img000266.jpg,6,cips-landscape
img002459.jpg,cips/cips-landscape/img002459.jpg,6,cips-landscape
img002813.jpg,cips/cips-landscape/img002813.jpg,6,cips-landscape
img001652.jpg,cips/cips-landscape/img001652.jpg,6,cips-landscape
img002785.jpg,cips/cips-landscape/img002785.jpg,6,cips-landscape
img003525.jpg,cips/cips-landscape/img003525.jpg,6,cips-landscape
img002631.jpg,cips/cips-landscape/img002631.jpg,6,cips-landscape
img001263.jpg,cips/cips-landscape/img001263.jpg,6,cips-landscape
img003596.jpg,cips/cips-landscape/img003596.jpg,6,cips-landscape
img000916.jpg,cips/cips-landscape/img000916.jpg,6,cips-landscape
img003542.jpg,cips/cips-landscape/img003542.jpg,6,cips-landscape
img002267.jpg,cips/cips-landscape/img002267.jpg,6,cips-landscape
img001569.jpg,cips/cips-landscape/img001569.jpg,6,cips-landscape
img000375.jpg,cips/cips-landscape/img000375.jpg,6,cips-landscape
img003512.jpg,cips/cips-landscape/img003512.jpg,6,cips-landscape
img000678.jpg,cips/cips-landscape/img000678.jpg,6,cips-landscape
img001911.jpg,cips/cips-landscape/img001911.jpg,6,cips-landscape
img001436.jpg,cips/cips-landscape/img001436.jpg,6,cips-landscape
img000805.jpg,cips/cips-landscape/img000805.jpg,6,cips-landscape
img000797.jpg,cips/cips-landscape/img000797.jpg,6,cips-landscape
img001637.jpg,cips/cips-landscape/img001637.jpg,6,cips-landscape
img002075.jpg,cips/cips-landscape/img002075.jpg,6,cips-landscape
img000845.jpg,cips/cips-landscape/img000845.jpg,6,cips-landscape
img003508.jpg,cips/cips-landscape/img003508.jpg,6,cips-landscape
img001692.jpg,cips/cips-landscape/img001692.jpg,6,cips-landscape
img003049.jpg,cips/cips-landscape/img003049.jpg,6,cips-landscape
img001609.jpg,cips/cips-landscape/img001609.jpg,6,cips-landscape
img001663.jpg,cips/cips-landscape/img001663.jpg,6,cips-landscape
img003479.jpg,cips/cips-landscape/img003479.jpg,6,cips-landscape
img001547.jpg,cips/cips-landscape/img001547.jpg,6,cips-landscape
img003122.jpg,cips/cips-landscape/img003122.jpg,6,cips-landscape
img003490.jpg,cips/cips-landscape/img003490.jpg,6,cips-landscape
img002274.jpg,cips/cips-landscape/img002274.jpg,6,cips-landscape
img001741.jpg,cips/cips-landscape/img001741.jpg,6,cips-landscape
img002378.jpg,cips/cips-landscape/img002378.jpg,6,cips-landscape
img003177.jpg,cips/cips-landscape/img003177.jpg,6,cips-landscape
img002032.jpg,cips/cips-landscape/img002032.jpg,6,cips-landscape
img002467.jpg,cips/cips-landscape/img002467.jpg,6,cips-landscape
img000670.jpg,cips/cips-landscape/img000670.jpg,6,cips-landscape
img002014.jpg,cips/cips-landscape/img002014.jpg,6,cips-landscape
img002460.jpg,cips/cips-landscape/img002460.jpg,6,cips-landscape
img001732.jpg,cips/cips-landscape/img001732.jpg,6,cips-landscape
img000662.jpg,cips/cips-landscape/img000662.jpg,6,cips-landscape
img000252.jpg,cips/cips-landscape/img000252.jpg,6,cips-landscape
img003037.jpg,cips/cips-landscape/img003037.jpg,6,cips-landscape
img002159.jpg,cips/cips-landscape/img002159.jpg,6,cips-landscape
img003500.jpg,cips/cips-landscape/img003500.jpg,6,cips-landscape
img000659.jpg,cips/cips-landscape/img000659.jpg,6,cips-landscape
img002343.jpg,cips/cips-landscape/img002343.jpg,6,cips-landscape
img003435.jpg,cips/cips-landscape/img003435.jpg,6,cips-landscape
img000675.jpg,cips/cips-landscape/img000675.jpg,6,cips-landscape
img001400.jpg,cips/cips-landscape/img001400.jpg,6,cips-landscape
img002309.jpg,cips/cips-landscape/img002309.jpg,6,cips-landscape
img003243.jpg,cips/cips-landscape/img003243.jpg,6,cips-landscape
img001398.jpg,cips/cips-landscape/img001398.jpg,6,cips-landscape
img003432.jpg,cips/cips-landscape/img003432.jpg,6,cips-landscape
img002816.jpg,cips/cips-landscape/img002816.jpg,6,cips-landscape
img001853.jpg,cips/cips-landscape/img001853.jpg,6,cips-landscape
img001855.jpg,cips/cips-landscape/img001855.jpg,6,cips-landscape
img001685.jpg,cips/cips-landscape/img001685.jpg,6,cips-landscape
img001586.jpg,cips/cips-landscape/img001586.jpg,6,cips-landscape
img003528.jpg,cips/cips-landscape/img003528.jpg,6,cips-landscape
img001086.jpg,cips/cips-landscape/img001086.jpg,6,cips-landscape
img000362.jpg,cips/cips-landscape/img000362.jpg,6,cips-landscape
img003465.jpg,cips/cips-landscape/img003465.jpg,6,cips-landscape
img000611.jpg,cips/cips-landscape/img000611.jpg,6,cips-landscape
img002541.jpg,cips/cips-landscape/img002541.jpg,6,cips-landscape
img000428.jpg,cips/cips-landscape/img000428.jpg,6,cips-landscape
img002602.jpg,cips/cips-landscape/img002602.jpg,6,cips-landscape
img000330.jpg,cips/cips-landscape/img000330.jpg,6,cips-landscape
img001791.jpg,cips/cips-landscape/img001791.jpg,6,cips-landscape
img001091.jpg,cips/cips-landscape/img001091.jpg,6,cips-landscape
img002520.jpg,cips/cips-landscape/img002520.jpg,6,cips-landscape
img000525.jpg,cips/cips-landscape/img000525.jpg,6,cips-landscape
img003535.jpg,cips/cips-landscape/img003535.jpg,6,cips-landscape
img001806.jpg,cips/cips-landscape/img001806.jpg,6,cips-landscape
img001587.jpg,cips/cips-landscape/img001587.jpg,6,cips-landscape
img002068.jpg,cips/cips-landscape/img002068.jpg,6,cips-landscape
img000078.jpg,cips/cips-landscape/img000078.jpg,6,cips-landscape
img001341.jpg,cips/cips-landscape/img001341.jpg,6,cips-landscape
img000211.jpg,cips/cips-landscape/img000211.jpg,6,cips-landscape
img000148.jpg,cips/cips-landscape/img000148.jpg,6,cips-landscape
img002187.jpg,cips/cips-landscape/img002187.jpg,6,cips-landscape
img000106.jpg,cips/cips-landscape/img000106.jpg,6,cips-landscape
img001621.jpg,cips/cips-landscape/img001621.jpg,6,cips-landscape
img001008.jpg,cips/cips-landscape/img001008.jpg,6,cips-landscape
img001301.jpg,cips/cips-landscape/img001301.jpg,6,cips-landscape
img000769.jpg,cips/cips-landscape/img000769.jpg,6,cips-landscape
img001174.jpg,cips/cips-landscape/img001174.jpg,6,cips-landscape
img001799.jpg,cips/cips-landscape/img001799.jpg,6,cips-landscape
img001967.jpg,cips/cips-landscape/img001967.jpg,6,cips-landscape
img003207.jpg,cips/cips-landscape/img003207.jpg,6,cips-landscape
img000903.jpg,cips/cips-landscape/img000903.jpg,6,cips-landscape
img003418.jpg,cips/cips-landscape/img003418.jpg,6,cips-landscape
img001852.jpg,cips/cips-landscape/img001852.jpg,6,cips-landscape
img003550.jpg,cips/cips-landscape/img003550.jpg,6,cips-landscape
img000736.jpg,cips/cips-landscape/img000736.jpg,6,cips-landscape
img001585.jpg,cips/cips-landscape/img001585.jpg,6,cips-landscape
img000741.jpg,cips/cips-landscape/img000741.jpg,6,cips-landscape
img001160.jpg,cips/cips-landscape/img001160.jpg,6,cips-landscape
img001541.jpg,cips/cips-landscape/img001541.jpg,6,cips-landscape
img003527.jpg,cips/cips-landscape/img003527.jpg,6,cips-landscape
img000169.jpg,cips/cips-landscape/img000169.jpg,6,cips-landscape
img000288.jpg,cips/cips-landscape/img000288.jpg,6,cips-landscape
img000214.jpg,cips/cips-landscape/img000214.jpg,6,cips-landscape
img002126.jpg,cips/cips-landscape/img002126.jpg,6,cips-landscape
img001536.jpg,cips/cips-landscape/img001536.jpg,6,cips-landscape
img001304.jpg,cips/cips-landscape/img001304.jpg,6,cips-landscape
img002685.jpg,cips/cips-landscape/img002685.jpg,6,cips-landscape
img000316.jpg,cips/cips-landscape/img000316.jpg,6,cips-landscape
img003269.jpg,cips/cips-landscape/img003269.jpg,6,cips-landscape
img001729.jpg,cips/cips-landscape/img001729.jpg,6,cips-landscape
img000810.jpg,cips/cips-landscape/img000810.jpg,6,cips-landscape
img001664.jpg,cips/cips-landscape/img001664.jpg,6,cips-landscape
img001988.jpg,cips/cips-landscape/img001988.jpg,6,cips-landscape
img000790.jpg,cips/cips-landscape/img000790.jpg,6,cips-landscape
img001578.jpg,cips/cips-landscape/img001578.jpg,6,cips-landscape
img000480.jpg,cips/cips-landscape/img000480.jpg,6,cips-landscape
img001275.jpg,cips/cips-landscape/img001275.jpg,6,cips-landscape
img000200.jpg,cips/cips-landscape/img000200.jpg,6,cips-landscape
img000898.jpg,cips/cips-landscape/img000898.jpg,6,cips-landscape
img002509.jpg,cips/cips-landscape/img002509.jpg,6,cips-landscape
img002398.jpg,cips/cips-landscape/img002398.jpg,6,cips-landscape
img001888.jpg,cips/cips-landscape/img001888.jpg,6,cips-landscape
img000117.jpg,cips/cips-landscape/img000117.jpg,6,cips-landscape
img002933.jpg,cips/cips-landscape/img002933.jpg,6,cips-landscape
img000994.jpg,cips/cips-landscape/img000994.jpg,6,cips-landscape
img001038.jpg,cips/cips-landscape/img001038.jpg,6,cips-landscape
img001631.jpg,cips/cips-landscape/img001631.jpg,6,cips-landscape
img001571.jpg,cips/cips-landscape/img001571.jpg,6,cips-landscape
img000472.jpg,cips/cips-landscape/img000472.jpg,6,cips-landscape
img000931.jpg,cips/cips-landscape/img000931.jpg,6,cips-landscape
img003360.jpg,cips/cips-landscape/img003360.jpg,6,cips-landscape
img001881.jpg,cips/cips-landscape/img001881.jpg,6,cips-landscape
img003146.jpg,cips/cips-landscape/img003146.jpg,6,cips-landscape
img001475.jpg,cips/cips-landscape/img001475.jpg,6,cips-landscape
img001022.jpg,cips/cips-landscape/img001022.jpg,6,cips-landscape
img001352.jpg,cips/cips-landscape/img001352.jpg,6,cips-landscape
img002044.jpg,cips/cips-landscape/img002044.jpg,6,cips-landscape
img001002.jpg,cips/cips-landscape/img001002.jpg,6,cips-landscape
img002173.jpg,cips/cips-landscape/img002173.jpg,6,cips-landscape
img001087.jpg,cips/cips-landscape/img001087.jpg,6,cips-landscape
img003095.jpg,cips/cips-landscape/img003095.jpg,6,cips-landscape
img003169.jpg,cips/cips-landscape/img003169.jpg,6,cips-landscape
img001640.jpg,cips/cips-landscape/img001640.jpg,6,cips-landscape
img002207.jpg,cips/cips-landscape/img002207.jpg,6,cips-landscape
img000872.jpg,cips/cips-landscape/img000872.jpg,6,cips-landscape
img001968.jpg,cips/cips-landscape/img001968.jpg,6,cips-landscape
img001972.jpg,cips/cips-landscape/img001972.jpg,6,cips-landscape
img003094.jpg,cips/cips-landscape/img003094.jpg,6,cips-landscape
img001553.jpg,cips/cips-landscape/img001553.jpg,6,cips-landscape
img001917.jpg,cips/cips-landscape/img001917.jpg,6,cips-landscape
img001767.jpg,cips/cips-landscape/img001767.jpg,6,cips-landscape
img003093.jpg,cips/cips-landscape/img003093.jpg,6,cips-landscape
img003189.jpg,cips/cips-landscape/img003189.jpg,6,cips-landscape
img000391.jpg,cips/cips-landscape/img000391.jpg,6,cips-landscape
img001032.jpg,cips/cips-landscape/img001032.jpg,6,cips-landscape
img002356.jpg,cips/cips-landscape/img002356.jpg,6,cips-landscape
img001003.jpg,cips/cips-landscape/img001003.jpg,6,cips-landscape
img002846.jpg,cips/cips-landscape/img002846.jpg,6,cips-landscape
img002425.jpg,cips/cips-landscape/img002425.jpg,6,cips-landscape
img002794.jpg,cips/cips-landscape/img002794.jpg,6,cips-landscape
img002787.jpg,cips/cips-landscape/img002787.jpg,6,cips-landscape
img000383.jpg,cips/cips-landscape/img000383.jpg,6,cips-landscape
img003233.jpg,cips/cips-landscape/img003233.jpg,6,cips-landscape
img000904.jpg,cips/cips-landscape/img000904.jpg,6,cips-landscape
img003032.jpg,cips/cips-landscape/img003032.jpg,6,cips-landscape
img002659.jpg,cips/cips-landscape/img002659.jpg,6,cips-landscape
img000677.jpg,cips/cips-landscape/img000677.jpg,6,cips-landscape
img000575.jpg,cips/cips-landscape/img000575.jpg,6,cips-landscape
img000593.jpg,cips/cips-landscape/img000593.jpg,6,cips-landscape
img002285.jpg,cips/cips-landscape/img002285.jpg,6,cips-landscape
img003173.jpg,cips/cips-landscape/img003173.jpg,6,cips-landscape
img003281.jpg,cips/cips-landscape/img003281.jpg,6,cips-landscape
img001494.jpg,cips/cips-landscape/img001494.jpg,6,cips-landscape
img001607.jpg,cips/cips-landscape/img001607.jpg,6,cips-landscape
img000811.jpg,cips/cips-landscape/img000811.jpg,6,cips-landscape
img001114.jpg,cips/cips-landscape/img001114.jpg,6,cips-landscape
img001292.jpg,cips/cips-landscape/img001292.jpg,6,cips-landscape
img000835.jpg,cips/cips-landscape/img000835.jpg,6,cips-landscape
img003260.jpg,cips/cips-landscape/img003260.jpg,6,cips-landscape
img000970.jpg,cips/cips-landscape/img000970.jpg,6,cips-landscape
img003510.jpg,cips/cips-landscape/img003510.jpg,6,cips-landscape
img001733.jpg,cips/cips-landscape/img001733.jpg,6,cips-landscape
img001964.jpg,cips/cips-landscape/img001964.jpg,6,cips-landscape
img001693.jpg,cips/cips-landscape/img001693.jpg,6,cips-landscape
img003192.jpg,cips/cips-landscape/img003192.jpg,6,cips-landscape
img001771.jpg,cips/cips-landscape/img001771.jpg,6,cips-landscape
img000765.jpg,cips/cips-landscape/img000765.jpg,6,cips-landscape
img000959.jpg,cips/cips-landscape/img000959.jpg,6,cips-landscape
img003017.jpg,cips/cips-landscape/img003017.jpg,6,cips-landscape
img002386.jpg,cips/cips-landscape/img002386.jpg,6,cips-landscape
img002259.jpg,cips/cips-landscape/img002259.jpg,6,cips-landscape
img002942.jpg,cips/cips-landscape/img002942.jpg,6,cips-landscape
img000595.jpg,cips/cips-landscape/img000595.jpg,6,cips-landscape
img001060.jpg,cips/cips-landscape/img001060.jpg,6,cips-landscape
img001601.jpg,cips/cips-landscape/img001601.jpg,6,cips-landscape
img001599.jpg,cips/cips-landscape/img001599.jpg,6,cips-landscape
img002065.jpg,cips/cips-landscape/img002065.jpg,6,cips-landscape
img002329.jpg,cips/cips-landscape/img002329.jpg,6,cips-landscape
img001788.jpg,cips/cips-landscape/img001788.jpg,6,cips-landscape
img001934.jpg,cips/cips-landscape/img001934.jpg,6,cips-landscape
img000634.jpg,cips/cips-landscape/img000634.jpg,6,cips-landscape
img003190.jpg,cips/cips-landscape/img003190.jpg,6,cips-landscape
img000927.jpg,cips/cips-landscape/img000927.jpg,6,cips-landscape
img000126.jpg,cips/cips-landscape/img000126.jpg,6,cips-landscape
img001020.jpg,cips/cips-landscape/img001020.jpg,6,cips-landscape
img000939.jpg,cips/cips-landscape/img000939.jpg,6,cips-landscape
img002477.jpg,cips/cips-landscape/img002477.jpg,6,cips-landscape
img002797.jpg,cips/cips-landscape/img002797.jpg,6,cips-landscape
img002695.jpg,cips/cips-landscape/img002695.jpg,6,cips-landscape
img000793.jpg,cips/cips-landscape/img000793.jpg,6,cips-landscape
img002301.jpg,cips/cips-landscape/img002301.jpg,6,cips-landscape
img002767.jpg,cips/cips-landscape/img002767.jpg,6,cips-landscape
img001719.jpg,cips/cips-landscape/img001719.jpg,6,cips-landscape
img000886.jpg,cips/cips-landscape/img000886.jpg,6,cips-landscape
img002129.jpg,cips/cips-landscape/img002129.jpg,6,cips-landscape
img002362.jpg,cips/cips-landscape/img002362.jpg,6,cips-landscape
img002244.jpg,cips/cips-landscape/img002244.jpg,6,cips-landscape
img002756.jpg,cips/cips-landscape/img002756.jpg,6,cips-landscape
img002220.jpg,cips/cips-landscape/img002220.jpg,6,cips-landscape
img002122.jpg,cips/cips-landscape/img002122.jpg,6,cips-landscape
img001979.jpg,cips/cips-landscape/img001979.jpg,6,cips-landscape
img000531.jpg,cips/cips-landscape/img000531.jpg,6,cips-landscape
img003005.jpg,cips/cips-landscape/img003005.jpg,6,cips-landscape
img000566.jpg,cips/cips-landscape/img000566.jpg,6,cips-landscape
img001458.jpg,cips/cips-landscape/img001458.jpg,6,cips-landscape
img002841.jpg,cips/cips-landscape/img002841.jpg,6,cips-landscape
img002992.jpg,cips/cips-landscape/img002992.jpg,6,cips-landscape
img003516.jpg,cips/cips-landscape/img003516.jpg,6,cips-landscape
img000386.jpg,cips/cips-landscape/img000386.jpg,6,cips-landscape
img002547.jpg,cips/cips-landscape/img002547.jpg,6,cips-landscape
img001598.jpg,cips/cips-landscape/img001598.jpg,6,cips-landscape
img003538.jpg,cips/cips-landscape/img003538.jpg,6,cips-landscape
img003012.jpg,cips/cips-landscape/img003012.jpg,6,cips-landscape
img002879.jpg,cips/cips-landscape/img002879.jpg,6,cips-landscape
img002770.jpg,cips/cips-landscape/img002770.jpg,6,cips-landscape
img002837.jpg,cips/cips-landscape/img002837.jpg,6,cips-landscape
img003531.jpg,cips/cips-landscape/img003531.jpg,6,cips-landscape
img003594.jpg,cips/cips-landscape/img003594.jpg,6,cips-landscape
img002219.jpg,cips/cips-landscape/img002219.jpg,6,cips-landscape
img003117.jpg,cips/cips-landscape/img003117.jpg,6,cips-landscape
img003021.jpg,cips/cips-landscape/img003021.jpg,6,cips-landscape
img001624.jpg,cips/cips-landscape/img001624.jpg,6,cips-landscape
img003278.jpg,cips/cips-landscape/img003278.jpg,6,cips-landscape
img001497.jpg,cips/cips-landscape/img001497.jpg,6,cips-landscape
img001556.jpg,cips/cips-landscape/img001556.jpg,6,cips-landscape
img000995.jpg,cips/cips-landscape/img000995.jpg,6,cips-landscape
img002663.jpg,cips/cips-landscape/img002663.jpg,6,cips-landscape
img003515.jpg,cips/cips-landscape/img003515.jpg,6,cips-landscape
img001880.jpg,cips/cips-landscape/img001880.jpg,6,cips-landscape
img001023.jpg,cips/cips-landscape/img001023.jpg,6,cips-landscape
img002874.jpg,cips/cips-landscape/img002874.jpg,6,cips-landscape
img002878.jpg,cips/cips-landscape/img002878.jpg,6,cips-landscape
img002238.jpg,cips/cips-landscape/img002238.jpg,6,cips-landscape
img002033.jpg,cips/cips-landscape/img002033.jpg,6,cips-landscape
img002552.jpg,cips/cips-landscape/img002552.jpg,6,cips-landscape
img001838.jpg,cips/cips-landscape/img001838.jpg,6,cips-landscape
img001019.jpg,cips/cips-landscape/img001019.jpg,6,cips-landscape
img002661.jpg,cips/cips-landscape/img002661.jpg,6,cips-landscape
img003020.jpg,cips/cips-landscape/img003020.jpg,6,cips-landscape
img001142.jpg,cips/cips-landscape/img001142.jpg,6,cips-landscape
img001660.jpg,cips/cips-landscape/img001660.jpg,6,cips-landscape
img001876.jpg,cips/cips-landscape/img001876.jpg,6,cips-landscape
img002278.jpg,cips/cips-landscape/img002278.jpg,6,cips-landscape
img002705.jpg,cips/cips-landscape/img002705.jpg,6,cips-landscape
img001308.jpg,cips/cips-landscape/img001308.jpg,6,cips-landscape
img003327.jpg,cips/cips-landscape/img003327.jpg,6,cips-landscape
img001722.jpg,cips/cips-landscape/img001722.jpg,6,cips-landscape
img000545.jpg,cips/cips-landscape/img000545.jpg,6,cips-landscape
img001393.jpg,cips/cips-landscape/img001393.jpg,6,cips-landscape
img000384.jpg,cips/cips-landscape/img000384.jpg,6,cips-landscape
img003016.jpg,cips/cips-landscape/img003016.jpg,6,cips-landscape
img000277.jpg,cips/cips-landscape/img000277.jpg,6,cips-landscape
img000466.jpg,cips/cips-landscape/img000466.jpg,6,cips-landscape
img002711.jpg,cips/cips-landscape/img002711.jpg,6,cips-landscape
img002312.jpg,cips/cips-landscape/img002312.jpg,6,cips-landscape
img002912.jpg,cips/cips-landscape/img002912.jpg,6,cips-landscape
img002782.jpg,cips/cips-landscape/img002782.jpg,6,cips-landscape
img001321.jpg,cips/cips-landscape/img001321.jpg,6,cips-landscape
img000941.jpg,cips/cips-landscape/img000941.jpg,6,cips-landscape
img000157.jpg,cips/cips-landscape/img000157.jpg,6,cips-landscape
img001396.jpg,cips/cips-landscape/img001396.jpg,6,cips-landscape
img000365.jpg,cips/cips-landscape/img000365.jpg,6,cips-landscape
img001288.jpg,cips/cips-landscape/img001288.jpg,6,cips-landscape
img002137.jpg,cips/cips-landscape/img002137.jpg,6,cips-landscape
img002402.jpg,cips/cips-landscape/img002402.jpg,6,cips-landscape
img003514.jpg,cips/cips-landscape/img003514.jpg,6,cips-landscape
img001295.jpg,cips/cips-landscape/img001295.jpg,6,cips-landscape
img001284.jpg,cips/cips-landscape/img001284.jpg,6,cips-landscape
img000236.jpg,cips/cips-landscape/img000236.jpg,6,cips-landscape
img001906.jpg,cips/cips-landscape/img001906.jpg,6,cips-landscape
img003196.jpg,cips/cips-landscape/img003196.jpg,6,cips-landscape
img000928.jpg,cips/cips-landscape/img000928.jpg,6,cips-landscape
img000366.jpg,cips/cips-landscape/img000366.jpg,6,cips-landscape
img000153.jpg,cips/cips-landscape/img000153.jpg,6,cips-landscape
img002539.jpg,cips/cips-landscape/img002539.jpg,6,cips-landscape
img001993.jpg,cips/cips-landscape/img001993.jpg,6,cips-landscape
img001892.jpg,cips/cips-landscape/img001892.jpg,6,cips-landscape
img001237.jpg,cips/cips-landscape/img001237.jpg,6,cips-landscape
img000095.jpg,cips/cips-landscape/img000095.jpg,6,cips-landscape
img001912.jpg,cips/cips-landscape/img001912.jpg,6,cips-landscape
img001083.jpg,cips/cips-landscape/img001083.jpg,6,cips-landscape
img001582.jpg,cips/cips-landscape/img001582.jpg,6,cips-landscape
img002765.jpg,cips/cips-landscape/img002765.jpg,6,cips-landscape
img001751.jpg,cips/cips-landscape/img001751.jpg,6,cips-landscape
img003359.jpg,cips/cips-landscape/img003359.jpg,6,cips-landscape
img002686.jpg,cips/cips-landscape/img002686.jpg,6,cips-landscape
img001584.jpg,cips/cips-landscape/img001584.jpg,6,cips-landscape
img000969.jpg,cips/cips-landscape/img000969.jpg,6,cips-landscape
img000289.jpg,cips/cips-landscape/img000289.jpg,6,cips-landscape
img000921.jpg,cips/cips-landscape/img000921.jpg,6,cips-landscape
img002713.jpg,cips/cips-landscape/img002713.jpg,6,cips-landscape
img000507.jpg,cips/cips-landscape/img000507.jpg,6,cips-landscape
img003060.jpg,cips/cips-landscape/img003060.jpg,6,cips-landscape
img003407.jpg,cips/cips-landscape/img003407.jpg,6,cips-landscape
img000616.jpg,cips/cips-landscape/img000616.jpg,6,cips-landscape
img001833.jpg,cips/cips-landscape/img001833.jpg,6,cips-landscape
img001926.jpg,cips/cips-landscape/img001926.jpg,6,cips-landscape
img000082.jpg,cips/cips-landscape/img000082.jpg,6,cips-landscape
img003013.jpg,cips/cips-landscape/img003013.jpg,6,cips-landscape
img000305.jpg,cips/cips-landscape/img000305.jpg,6,cips-landscape
img003187.jpg,cips/cips-landscape/img003187.jpg,6,cips-landscape
img001829.jpg,cips/cips-landscape/img001829.jpg,6,cips-landscape
img003058.jpg,cips/cips-landscape/img003058.jpg,6,cips-landscape
img001227.jpg,cips/cips-landscape/img001227.jpg,6,cips-landscape
img002003.jpg,cips/cips-landscape/img002003.jpg,6,cips-landscape
img001243.jpg,cips/cips-landscape/img001243.jpg,6,cips-landscape
img001339.jpg,cips/cips-landscape/img001339.jpg,6,cips-landscape
img000172.jpg,cips/cips-landscape/img000172.jpg,6,cips-landscape
img000742.jpg,cips/cips-landscape/img000742.jpg,6,cips-landscape
img000711.jpg,cips/cips-landscape/img000711.jpg,6,cips-landscape
img001454.jpg,cips/cips-landscape/img001454.jpg,6,cips-landscape
img002662.jpg,cips/cips-landscape/img002662.jpg,6,cips-landscape
img001279.jpg,cips/cips-landscape/img001279.jpg,6,cips-landscape
img001310.jpg,cips/cips-landscape/img001310.jpg,6,cips-landscape
img001013.jpg,cips/cips-landscape/img001013.jpg,6,cips-landscape
img001183.jpg,cips/cips-landscape/img001183.jpg,6,cips-landscape
img000890.jpg,cips/cips-landscape/img000890.jpg,6,cips-landscape
img003505.jpg,cips/cips-landscape/img003505.jpg,6,cips-landscape
img002000.jpg,cips/cips-landscape/img002000.jpg,6,cips-landscape
img002877.jpg,cips/cips-landscape/img002877.jpg,6,cips-landscape
img003338.jpg,cips/cips-landscape/img003338.jpg,6,cips-landscape
img002256.jpg,cips/cips-landscape/img002256.jpg,6,cips-landscape
img002031.jpg,cips/cips-landscape/img002031.jpg,6,cips-landscape
img001388.jpg,cips/cips-landscape/img001388.jpg,6,cips-landscape
img000532.jpg,cips/cips-landscape/img000532.jpg,6,cips-landscape
img002737.jpg,cips/cips-landscape/img002737.jpg,6,cips-landscape
img002802.jpg,cips/cips-landscape/img002802.jpg,6,cips-landscape
img003140.jpg,cips/cips-landscape/img003140.jpg,6,cips-landscape
img000290.jpg,cips/cips-landscape/img000290.jpg,6,cips-landscape
img002673.jpg,cips/cips-landscape/img002673.jpg,6,cips-landscape
img001438.jpg,cips/cips-landscape/img001438.jpg,6,cips-landscape
img000321.jpg,cips/cips-landscape/img000321.jpg,6,cips-landscape
img001484.jpg,cips/cips-landscape/img001484.jpg,6,cips-landscape
img002691.jpg,cips/cips-landscape/img002691.jpg,6,cips-landscape
img003057.jpg,cips/cips-landscape/img003057.jpg,6,cips-landscape
img003565.jpg,cips/cips-landscape/img003565.jpg,6,cips-landscape
img002130.jpg,cips/cips-landscape/img002130.jpg,6,cips-landscape
img003425.jpg,cips/cips-landscape/img003425.jpg,6,cips-landscape
img000158.jpg,cips/cips-landscape/img000158.jpg,6,cips-landscape
img000440.jpg,cips/cips-landscape/img000440.jpg,6,cips-landscape
img003460.jpg,cips/cips-landscape/img003460.jpg,6,cips-landscape
img000142.jpg,cips/cips-landscape/img000142.jpg,6,cips-landscape
img002495.jpg,cips/cips-landscape/img002495.jpg,6,cips-landscape
img001074.jpg,cips/cips-landscape/img001074.jpg,6,cips-landscape
img000863.jpg,cips/cips-landscape/img000863.jpg,6,cips-landscape
img003226.jpg,cips/cips-landscape/img003226.jpg,6,cips-landscape
img002433.jpg,cips/cips-landscape/img002433.jpg,6,cips-landscape
img001840.jpg,cips/cips-landscape/img001840.jpg,6,cips-landscape
img003312.jpg,cips/cips-landscape/img003312.jpg,6,cips-landscape
img002199.jpg,cips/cips-landscape/img002199.jpg,6,cips-landscape
img000331.jpg,cips/cips-landscape/img000331.jpg,6,cips-landscape
img002011.jpg,cips/cips-landscape/img002011.jpg,6,cips-landscape
img002866.jpg,cips/cips-landscape/img002866.jpg,6,cips-landscape
img000250.jpg,cips/cips-landscape/img000250.jpg,6,cips-landscape
img000400.jpg,cips/cips-landscape/img000400.jpg,6,cips-landscape
img003007.jpg,cips/cips-landscape/img003007.jpg,6,cips-landscape
img000733.jpg,cips/cips-landscape/img000733.jpg,6,cips-landscape
img000682.jpg,cips/cips-landscape/img000682.jpg,6,cips-landscape
img000388.jpg,cips/cips-landscape/img000388.jpg,6,cips-landscape
img001336.jpg,cips/cips-landscape/img001336.jpg,6,cips-landscape
img000014.jpg,cips/cips-landscape/img000014.jpg,6,cips-landscape
img003014.jpg,cips/cips-landscape/img003014.jpg,6,cips-landscape
img000110.jpg,cips/cips-landscape/img000110.jpg,6,cips-landscape
img001763.jpg,cips/cips-landscape/img001763.jpg,6,cips-landscape
img003072.jpg,cips/cips-landscape/img003072.jpg,6,cips-landscape
img000132.jpg,cips/cips-landscape/img000132.jpg,6,cips-landscape
img001351.jpg,cips/cips-landscape/img001351.jpg,6,cips-landscape
img001113.jpg,cips/cips-landscape/img001113.jpg,6,cips-landscape
img000367.jpg,cips/cips-landscape/img000367.jpg,6,cips-landscape
img003204.jpg,cips/cips-landscape/img003204.jpg,6,cips-landscape
img003116.jpg,cips/cips-landscape/img003116.jpg,6,cips-landscape
img002732.jpg,cips/cips-landscape/img002732.jpg,6,cips-landscape
img001953.jpg,cips/cips-landscape/img001953.jpg,6,cips-landscape
img003128.jpg,cips/cips-landscape/img003128.jpg,6,cips-landscape
img000530.jpg,cips/cips-landscape/img000530.jpg,6,cips-landscape
img002057.jpg,cips/cips-landscape/img002057.jpg,6,cips-landscape
img000123.jpg,cips/cips-landscape/img000123.jpg,6,cips-landscape
img000536.jpg,cips/cips-landscape/img000536.jpg,6,cips-landscape
img001920.jpg,cips/cips-landscape/img001920.jpg,6,cips-landscape
img000100.jpg,cips/cips-landscape/img000100.jpg,6,cips-landscape
img000853.jpg,cips/cips-landscape/img000853.jpg,6,cips-landscape
img003591.jpg,cips/cips-landscape/img003591.jpg,6,cips-landscape
img003392.jpg,cips/cips-landscape/img003392.jpg,6,cips-landscape
img001960.jpg,cips/cips-landscape/img001960.jpg,6,cips-landscape
img002106.jpg,cips/cips-landscape/img002106.jpg,6,cips-landscape
img001891.jpg,cips/cips-landscape/img001891.jpg,6,cips-landscape
img000708.jpg,cips/cips-landscape/img000708.jpg,6,cips-landscape
img001903.jpg,cips/cips-landscape/img001903.jpg,6,cips-landscape
img000585.jpg,cips/cips-landscape/img000585.jpg,6,cips-landscape
img001591.jpg,cips/cips-landscape/img001591.jpg,6,cips-landscape
img002050.jpg,cips/cips-landscape/img002050.jpg,6,cips-landscape
img000232.jpg,cips/cips-landscape/img000232.jpg,6,cips-landscape
img000220.jpg,cips/cips-landscape/img000220.jpg,6,cips-landscape
img002027.jpg,cips/cips-landscape/img002027.jpg,6,cips-landscape
img003575.jpg,cips/cips-landscape/img003575.jpg,6,cips-landscape
img001899.jpg,cips/cips-landscape/img001899.jpg,6,cips-landscape
img001515.jpg,cips/cips-landscape/img001515.jpg,6,cips-landscape
img001466.jpg,cips/cips-landscape/img001466.jpg,6,cips-landscape
img001079.jpg,cips/cips-landscape/img001079.jpg,6,cips-landscape
img002831.jpg,cips/cips-landscape/img002831.jpg,6,cips-landscape
img002592.jpg,cips/cips-landscape/img002592.jpg,6,cips-landscape
img001947.jpg,cips/cips-landscape/img001947.jpg,6,cips-landscape
img003129.jpg,cips/cips-landscape/img003129.jpg,6,cips-landscape
img003436.jpg,cips/cips-landscape/img003436.jpg,6,cips-landscape
img001017.jpg,cips/cips-landscape/img001017.jpg,6,cips-landscape
img001247.jpg,cips/cips-landscape/img001247.jpg,6,cips-landscape
img001524.jpg,cips/cips-landscape/img001524.jpg,6,cips-landscape
img001367.jpg,cips/cips-landscape/img001367.jpg,6,cips-landscape
img002679.jpg,cips/cips-landscape/img002679.jpg,6,cips-landscape
img001845.jpg,cips/cips-landscape/img001845.jpg,6,cips-landscape
img000932.jpg,cips/cips-landscape/img000932.jpg,6,cips-landscape
img001924.jpg,cips/cips-landscape/img001924.jpg,6,cips-landscape
img001676.jpg,cips/cips-landscape/img001676.jpg,6,cips-landscape
img003279.jpg,cips/cips-landscape/img003279.jpg,6,cips-landscape
img003277.jpg,cips/cips-landscape/img003277.jpg,6,cips-landscape
img000574.jpg,cips/cips-landscape/img000574.jpg,6,cips-landscape
img002299.jpg,cips/cips-landscape/img002299.jpg,6,cips-landscape
img003303.jpg,cips/cips-landscape/img003303.jpg,6,cips-landscape
img002142.jpg,cips/cips-landscape/img002142.jpg,6,cips-landscape
img002060.jpg,cips/cips-landscape/img002060.jpg,6,cips-landscape
img001021.jpg,cips/cips-landscape/img001021.jpg,6,cips-landscape
img003182.jpg,cips/cips-landscape/img003182.jpg,6,cips-landscape
img001714.jpg,cips/cips-landscape/img001714.jpg,6,cips-landscape
img001403.jpg,cips/cips-landscape/img001403.jpg,6,cips-landscape
img001469.jpg,cips/cips-landscape/img001469.jpg,6,cips-landscape
img003048.jpg,cips/cips-landscape/img003048.jpg,6,cips-landscape
img002916.jpg,cips/cips-landscape/img002916.jpg,6,cips-landscape
img001933.jpg,cips/cips-landscape/img001933.jpg,6,cips-landscape
img001858.jpg,cips/cips-landscape/img001858.jpg,6,cips-landscape
img003464.jpg,cips/cips-landscape/img003464.jpg,6,cips-landscape
img000653.jpg,cips/cips-landscape/img000653.jpg,6,cips-landscape
img000487.jpg,cips/cips-landscape/img000487.jpg,6,cips-landscape
img003541.jpg,cips/cips-landscape/img003541.jpg,6,cips-landscape
img003130.jpg,cips/cips-landscape/img003130.jpg,6,cips-landscape
img003041.jpg,cips/cips-landscape/img003041.jpg,6,cips-landscape
img002140.jpg,cips/cips-landscape/img002140.jpg,6,cips-landscape
img003352.jpg,cips/cips-landscape/img003352.jpg,6,cips-landscape
img002749.jpg,cips/cips-landscape/img002749.jpg,6,cips-landscape
img001885.jpg,cips/cips-landscape/img001885.jpg,6,cips-landscape
img000788.jpg,cips/cips-landscape/img000788.jpg,6,cips-landscape
img003563.jpg,cips/cips-landscape/img003563.jpg,6,cips-landscape
img000639.jpg,cips/cips-landscape/img000639.jpg,6,cips-landscape
img000278.jpg,cips/cips-landscape/img000278.jpg,6,cips-landscape
img001514.jpg,cips/cips-landscape/img001514.jpg,6,cips-landscape
img001138.jpg,cips/cips-landscape/img001138.jpg,6,cips-landscape
img001508.jpg,cips/cips-landscape/img001508.jpg,6,cips-landscape
img001695.jpg,cips/cips-landscape/img001695.jpg,6,cips-landscape
img001253.jpg,cips/cips-landscape/img001253.jpg,6,cips-landscape
img003476.jpg,cips/cips-landscape/img003476.jpg,6,cips-landscape
img002955.jpg,cips/cips-landscape/img002955.jpg,6,cips-landscape
img000538.jpg,cips/cips-landscape/img000538.jpg,6,cips-landscape
img000279.jpg,cips/cips-landscape/img000279.jpg,6,cips-landscape
img002110.jpg,cips/cips-landscape/img002110.jpg,6,cips-landscape
img000342.jpg,cips/cips-landscape/img000342.jpg,6,cips-landscape
img002246.jpg,cips/cips-landscape/img002246.jpg,6,cips-landscape
img003391.jpg,cips/cips-landscape/img003391.jpg,6,cips-landscape
img002595.jpg,cips/cips-landscape/img002595.jpg,6,cips-landscape
img001101.jpg,cips/cips-landscape/img001101.jpg,6,cips-landscape
img000912.jpg,cips/cips-landscape/img000912.jpg,6,cips-landscape
img000335.jpg,cips/cips-landscape/img000335.jpg,6,cips-landscape
img000674.jpg,cips/cips-landscape/img000674.jpg,6,cips-landscape
img001246.jpg,cips/cips-landscape/img001246.jpg,6,cips-landscape
img002164.jpg,cips/cips-landscape/img002164.jpg,6,cips-landscape
img002573.jpg,cips/cips-landscape/img002573.jpg,6,cips-landscape
img002224.jpg,cips/cips-landscape/img002224.jpg,6,cips-landscape
img000205.jpg,cips/cips-landscape/img000205.jpg,6,cips-landscape
img002840.jpg,cips/cips-landscape/img002840.jpg,6,cips-landscape
img002968.jpg,cips/cips-landscape/img002968.jpg,6,cips-landscape
img002416.jpg,cips/cips-landscape/img002416.jpg,6,cips-landscape
img000023.jpg,cips/cips-landscape/img000023.jpg,6,cips-landscape
img001414.jpg,cips/cips-landscape/img001414.jpg,6,cips-landscape
img003332.jpg,cips/cips-landscape/img003332.jpg,6,cips-landscape
img003044.jpg,cips/cips-landscape/img003044.jpg,6,cips-landscape
img001217.jpg,cips/cips-landscape/img001217.jpg,6,cips-landscape
img001761.jpg,cips/cips-landscape/img001761.jpg,6,cips-landscape
img001140.jpg,cips/cips-landscape/img001140.jpg,6,cips-landscape
img002952.jpg,cips/cips-landscape/img002952.jpg,6,cips-landscape
img003139.jpg,cips/cips-landscape/img003139.jpg,6,cips-landscape
img000576.jpg,cips/cips-landscape/img000576.jpg,6,cips-landscape
img001564.jpg,cips/cips-landscape/img001564.jpg,6,cips-landscape
img000024.jpg,cips/cips-landscape/img000024.jpg,6,cips-landscape
img001111.jpg,cips/cips-landscape/img001111.jpg,6,cips-landscape
img000937.jpg,cips/cips-landscape/img000937.jpg,6,cips-landscape
img001208.jpg,cips/cips-landscape/img001208.jpg,6,cips-landscape
img002588.jpg,cips/cips-landscape/img002588.jpg,6,cips-landscape
img001909.jpg,cips/cips-landscape/img001909.jpg,6,cips-landscape
img000026.jpg,cips/cips-landscape/img000026.jpg,6,cips-landscape
img002821.jpg,cips/cips-landscape/img002821.jpg,6,cips-landscape
img002022.jpg,cips/cips-landscape/img002022.jpg,6,cips-landscape
img001148.jpg,cips/cips-landscape/img001148.jpg,6,cips-landscape
img001147.jpg,cips/cips-landscape/img001147.jpg,6,cips-landscape
img002431.jpg,cips/cips-landscape/img002431.jpg,6,cips-landscape
img002574.jpg,cips/cips-landscape/img002574.jpg,6,cips-landscape
img000949.jpg,cips/cips-landscape/img000949.jpg,6,cips-landscape
img002016.jpg,cips/cips-landscape/img002016.jpg,6,cips-landscape
img002478.jpg,cips/cips-landscape/img002478.jpg,6,cips-landscape
img002668.jpg,cips/cips-landscape/img002668.jpg,6,cips-landscape
img001503.jpg,cips/cips-landscape/img001503.jpg,6,cips-landscape
img001139.jpg,cips/cips-landscape/img001139.jpg,6,cips-landscape
img000906.jpg,cips/cips-landscape/img000906.jpg,6,cips-landscape
img000240.jpg,cips/cips-landscape/img000240.jpg,6,cips-landscape
img000883.jpg,cips/cips-landscape/img000883.jpg,6,cips-landscape
img003137.jpg,cips/cips-landscape/img003137.jpg,6,cips-landscape
img003098.jpg,cips/cips-landscape/img003098.jpg,6,cips-landscape
img003018.jpg,cips/cips-landscape/img003018.jpg,6,cips-landscape
img001671.jpg,cips/cips-landscape/img001671.jpg,6,cips-landscape
img000081.jpg,cips/cips-landscape/img000081.jpg,6,cips-landscape
img003497.jpg,cips/cips-landscape/img003497.jpg,6,cips-landscape
img000441.jpg,cips/cips-landscape/img000441.jpg,6,cips-landscape
img000209.jpg,cips/cips-landscape/img000209.jpg,6,cips-landscape
img000834.jpg,cips/cips-landscape/img000834.jpg,6,cips-landscape
img001534.jpg,cips/cips-landscape/img001534.jpg,6,cips-landscape
img001463.jpg,cips/cips-landscape/img001463.jpg,6,cips-landscape
img003084.jpg,cips/cips-landscape/img003084.jpg,6,cips-landscape
img001938.jpg,cips/cips-landscape/img001938.jpg,6,cips-landscape
img000058.jpg,cips/cips-landscape/img000058.jpg,6,cips-landscape
img000197.jpg,cips/cips-landscape/img000197.jpg,6,cips-landscape
img001376.jpg,cips/cips-landscape/img001376.jpg,6,cips-landscape
img002496.jpg,cips/cips-landscape/img002496.jpg,6,cips-landscape
img000855.jpg,cips/cips-landscape/img000855.jpg,6,cips-landscape
img003446.jpg,cips/cips-landscape/img003446.jpg,6,cips-landscape
img002319.jpg,cips/cips-landscape/img002319.jpg,6,cips-landscape
img001373.jpg,cips/cips-landscape/img001373.jpg,6,cips-landscape
img002227.jpg,cips/cips-landscape/img002227.jpg,6,cips-landscape
img003496.jpg,cips/cips-landscape/img003496.jpg,6,cips-landscape
img000830.jpg,cips/cips-landscape/img000830.jpg,6,cips-landscape
img002262.jpg,cips/cips-landscape/img002262.jpg,6,cips-landscape
img001349.jpg,cips/cips-landscape/img001349.jpg,6,cips-landscape
img001826.jpg,cips/cips-landscape/img001826.jpg,6,cips-landscape
img001800.jpg,cips/cips-landscape/img001800.jpg,6,cips-landscape
img002889.jpg,cips/cips-landscape/img002889.jpg,6,cips-landscape
img002515.jpg,cips/cips-landscape/img002515.jpg,6,cips-landscape
img002849.jpg,cips/cips-landscape/img002849.jpg,6,cips-landscape
img001836.jpg,cips/cips-landscape/img001836.jpg,6,cips-landscape
img000815.jpg,cips/cips-landscape/img000815.jpg,6,cips-landscape
img000679.jpg,cips/cips-landscape/img000679.jpg,6,cips-landscape
img000856.jpg,cips/cips-landscape/img000856.jpg,6,cips-landscape
img002965.jpg,cips/cips-landscape/img002965.jpg,6,cips-landscape
img000615.jpg,cips/cips-landscape/img000615.jpg,6,cips-landscape
img002101.jpg,cips/cips-landscape/img002101.jpg,6,cips-landscape
img002051.jpg,cips/cips-landscape/img002051.jpg,6,cips-landscape
img000734.jpg,cips/cips-landscape/img000734.jpg,6,cips-landscape
img002461.jpg,cips/cips-landscape/img002461.jpg,6,cips-landscape
img002162.jpg,cips/cips-landscape/img002162.jpg,6,cips-landscape
img002456.jpg,cips/cips-landscape/img002456.jpg,6,cips-landscape
img003199.jpg,cips/cips-landscape/img003199.jpg,6,cips-landscape
img003370.jpg,cips/cips-landscape/img003370.jpg,6,cips-landscape
img000137.jpg,cips/cips-landscape/img000137.jpg,6,cips-landscape
img000380.jpg,cips/cips-landscape/img000380.jpg,6,cips-landscape
img001825.jpg,cips/cips-landscape/img001825.jpg,6,cips-landscape
img003444.jpg,cips/cips-landscape/img003444.jpg,6,cips-landscape
img001705.jpg,cips/cips-landscape/img001705.jpg,6,cips-landscape
img001548.jpg,cips/cips-landscape/img001548.jpg,6,cips-landscape
img002393.jpg,cips/cips-landscape/img002393.jpg,6,cips-landscape
img003486.jpg,cips/cips-landscape/img003486.jpg,6,cips-landscape
img000821.jpg,cips/cips-landscape/img000821.jpg,6,cips-landscape
img000404.jpg,cips/cips-landscape/img000404.jpg,6,cips-landscape
img000455.jpg,cips/cips-landscape/img000455.jpg,6,cips-landscape
img000729.jpg,cips/cips-landscape/img000729.jpg,6,cips-landscape
img001710.jpg,cips/cips-landscape/img001710.jpg,6,cips-landscape
img001760.jpg,cips/cips-landscape/img001760.jpg,6,cips-landscape
img003576.jpg,cips/cips-landscape/img003576.jpg,6,cips-landscape
img003361.jpg,cips/cips-landscape/img003361.jpg,6,cips-landscape
img003402.jpg,cips/cips-landscape/img003402.jpg,6,cips-landscape
img002082.jpg,cips/cips-landscape/img002082.jpg,6,cips-landscape
img003242.jpg,cips/cips-landscape/img003242.jpg,6,cips-landscape
img001905.jpg,cips/cips-landscape/img001905.jpg,6,cips-landscape
img001473.jpg,cips/cips-landscape/img001473.jpg,6,cips-landscape
img000199.jpg,cips/cips-landscape/img000199.jpg,6,cips-landscape
img000421.jpg,cips/cips-landscape/img000421.jpg,6,cips-landscape
img003219.jpg,cips/cips-landscape/img003219.jpg,6,cips-landscape
img000033.jpg,cips/cips-landscape/img000033.jpg,6,cips-landscape
img002577.jpg,cips/cips-landscape/img002577.jpg,6,cips-landscape
img000498.jpg,cips/cips-landscape/img000498.jpg,6,cips-landscape
img002858.jpg,cips/cips-landscape/img002858.jpg,6,cips-landscape
img000129.jpg,cips/cips-landscape/img000129.jpg,6,cips-landscape
img003426.jpg,cips/cips-landscape/img003426.jpg,6,cips-landscape
img001105.jpg,cips/cips-landscape/img001105.jpg,6,cips-landscape
img001377.jpg,cips/cips-landscape/img001377.jpg,6,cips-landscape
img001590.jpg,cips/cips-landscape/img001590.jpg,6,cips-landscape
img001262.jpg,cips/cips-landscape/img001262.jpg,6,cips-landscape
img001507.jpg,cips/cips-landscape/img001507.jpg,6,cips-landscape
img002021.jpg,cips/cips-landscape/img002021.jpg,6,cips-landscape
img002642.jpg,cips/cips-landscape/img002642.jpg,6,cips-landscape
img002909.jpg,cips/cips-landscape/img002909.jpg,6,cips-landscape
img000762.jpg,cips/cips-landscape/img000762.jpg,6,cips-landscape
img000406.jpg,cips/cips-landscape/img000406.jpg,6,cips-landscape
img000437.jpg,cips/cips-landscape/img000437.jpg,6,cips-landscape
img001214.jpg,cips/cips-landscape/img001214.jpg,6,cips-landscape
img001690.jpg,cips/cips-landscape/img001690.jpg,6,cips-landscape
img002886.jpg,cips/cips-landscape/img002886.jpg,6,cips-landscape
img000219.jpg,cips/cips-landscape/img000219.jpg,6,cips-landscape
img001670.jpg,cips/cips-landscape/img001670.jpg,6,cips-landscape
img003471.jpg,cips/cips-landscape/img003471.jpg,6,cips-landscape
img001521.jpg,cips/cips-landscape/img001521.jpg,6,cips-landscape
img000930.jpg,cips/cips-landscape/img000930.jpg,6,cips-landscape
img001604.jpg,cips/cips-landscape/img001604.jpg,6,cips-landscape
img001970.jpg,cips/cips-landscape/img001970.jpg,6,cips-landscape
img002223.jpg,cips/cips-landscape/img002223.jpg,6,cips-landscape
img000849.jpg,cips/cips-landscape/img000849.jpg,6,cips-landscape
img001742.jpg,cips/cips-landscape/img001742.jpg,6,cips-landscape
img002861.jpg,cips/cips-landscape/img002861.jpg,6,cips-landscape
img002941.jpg,cips/cips-landscape/img002941.jpg,6,cips-landscape
img003567.jpg,cips/cips-landscape/img003567.jpg,6,cips-landscape
img003597.jpg,cips/cips-landscape/img003597.jpg,6,cips-landscape
img002633.jpg,cips/cips-landscape/img002633.jpg,6,cips-landscape
img003482.jpg,cips/cips-landscape/img003482.jpg,6,cips-landscape
img002446.jpg,cips/cips-landscape/img002446.jpg,6,cips-landscape
img002081.jpg,cips/cips-landscape/img002081.jpg,6,cips-landscape
img000508.jpg,cips/cips-landscape/img000508.jpg,6,cips-landscape
img002824.jpg,cips/cips-landscape/img002824.jpg,6,cips-landscape
img000405.jpg,cips/cips-landscape/img000405.jpg,6,cips-landscape
img001437.jpg,cips/cips-landscape/img001437.jpg,6,cips-landscape
img000359.jpg,cips/cips-landscape/img000359.jpg,6,cips-landscape
img001076.jpg,cips/cips-landscape/img001076.jpg,6,cips-landscape
img000488.jpg,cips/cips-landscape/img000488.jpg,6,cips-landscape
img002704.jpg,cips/cips-landscape/img002704.jpg,6,cips-landscape
img000641.jpg,cips/cips-landscape/img000641.jpg,6,cips-landscape
img003024.jpg,cips/cips-landscape/img003024.jpg,6,cips-landscape
img003477.jpg,cips/cips-landscape/img003477.jpg,6,cips-landscape
img000431.jpg,cips/cips-landscape/img000431.jpg,6,cips-landscape
img002235.jpg,cips/cips-landscape/img002235.jpg,6,cips-landscape
img000013.jpg,cips/cips-landscape/img000013.jpg,6,cips-landscape
img001322.jpg,cips/cips-landscape/img001322.jpg,6,cips-landscape
img003454.jpg,cips/cips-landscape/img003454.jpg,6,cips-landscape
img002555.jpg,cips/cips-landscape/img002555.jpg,6,cips-landscape
img000850.jpg,cips/cips-landscape/img000850.jpg,6,cips-landscape
img001289.jpg,cips/cips-landscape/img001289.jpg,6,cips-landscape
img000535.jpg,cips/cips-landscape/img000535.jpg,6,cips-landscape
img001430.jpg,cips/cips-landscape/img001430.jpg,6,cips-landscape
img002857.jpg,cips/cips-landscape/img002857.jpg,6,cips-landscape
img002715.jpg,cips/cips-landscape/img002715.jpg,6,cips-landscape
img001206.jpg,cips/cips-landscape/img001206.jpg,6,cips-landscape
img003125.jpg,cips/cips-landscape/img003125.jpg,6,cips-landscape
img001207.jpg,cips/cips-landscape/img001207.jpg,6,cips-landscape
img000452.jpg,cips/cips-landscape/img000452.jpg,6,cips-landscape
img001583.jpg,cips/cips-landscape/img001583.jpg,6,cips-landscape
img002322.jpg,cips/cips-landscape/img002322.jpg,6,cips-landscape
img003354.jpg,cips/cips-landscape/img003354.jpg,6,cips-landscape
img000038.jpg,cips/cips-landscape/img000038.jpg,6,cips-landscape
img003223.jpg,cips/cips-landscape/img003223.jpg,6,cips-landscape
img003491.jpg,cips/cips-landscape/img003491.jpg,6,cips-landscape
img001269.jpg,cips/cips-landscape/img001269.jpg,6,cips-landscape
img002718.jpg,cips/cips-landscape/img002718.jpg,6,cips-landscape
img001402.jpg,cips/cips-landscape/img001402.jpg,6,cips-landscape
img002883.jpg,cips/cips-landscape/img002883.jpg,6,cips-landscape
img001429.jpg,cips/cips-landscape/img001429.jpg,6,cips-landscape
img000527.jpg,cips/cips-landscape/img000527.jpg,6,cips-landscape
img000403.jpg,cips/cips-landscape/img000403.jpg,6,cips-landscape
img000763.jpg,cips/cips-landscape/img000763.jpg,6,cips-landscape
img002716.jpg,cips/cips-landscape/img002716.jpg,6,cips-landscape
img002605.jpg,cips/cips-landscape/img002605.jpg,6,cips-landscape
img001873.jpg,cips/cips-landscape/img001873.jpg,6,cips-landscape
img000926.jpg,cips/cips-landscape/img000926.jpg,6,cips-landscape
img003010.jpg,cips/cips-landscape/img003010.jpg,6,cips-landscape
img001739.jpg,cips/cips-landscape/img001739.jpg,6,cips-landscape
img001300.jpg,cips/cips-landscape/img001300.jpg,6,cips-landscape
img003487.jpg,cips/cips-landscape/img003487.jpg,6,cips-landscape
img003434.jpg,cips/cips-landscape/img003434.jpg,6,cips-landscape
img001545.jpg,cips/cips-landscape/img001545.jpg,6,cips-landscape
img000322.jpg,cips/cips-landscape/img000322.jpg,6,cips-landscape
img000045.jpg,cips/cips-landscape/img000045.jpg,6,cips-landscape
img000823.jpg,cips/cips-landscape/img000823.jpg,6,cips-landscape
img002392.jpg,cips/cips-landscape/img002392.jpg,6,cips-landscape
img001518.jpg,cips/cips-landscape/img001518.jpg,6,cips-landscape
img000690.jpg,cips/cips-landscape/img000690.jpg,6,cips-landscape
img001682.jpg,cips/cips-landscape/img001682.jpg,6,cips-landscape
img002059.jpg,cips/cips-landscape/img002059.jpg,6,cips-landscape
img000191.jpg,cips/cips-landscape/img000191.jpg,6,cips-landscape
img003076.jpg,cips/cips-landscape/img003076.jpg,6,cips-landscape
img000803.jpg,cips/cips-landscape/img000803.jpg,6,cips-landscape
img001749.jpg,cips/cips-landscape/img001749.jpg,6,cips-landscape
img001052.jpg,cips/cips-landscape/img001052.jpg,6,cips-landscape
img003308.jpg,cips/cips-landscape/img003308.jpg,6,cips-landscape
img000589.jpg,cips/cips-landscape/img000589.jpg,6,cips-landscape
img001055.jpg,cips/cips-landscape/img001055.jpg,6,cips-landscape
img002210.jpg,cips/cips-landscape/img002210.jpg,6,cips-landscape
img000753.jpg,cips/cips-landscape/img000753.jpg,6,cips-landscape
img000264.jpg,cips/cips-landscape/img000264.jpg,6,cips-landscape
img001737.jpg,cips/cips-landscape/img001737.jpg,6,cips-landscape
img000319.jpg,cips/cips-landscape/img000319.jpg,6,cips-landscape
img001433.jpg,cips/cips-landscape/img001433.jpg,6,cips-landscape
img002812.jpg,cips/cips-landscape/img002812.jpg,6,cips-landscape
img003574.jpg,cips/cips-landscape/img003574.jpg,6,cips-landscape
img002445.jpg,cips/cips-landscape/img002445.jpg,6,cips-landscape
img000782.jpg,cips/cips-landscape/img000782.jpg,6,cips-landscape
img000603.jpg,cips/cips-landscape/img000603.jpg,6,cips-landscape
img003559.jpg,cips/cips-landscape/img003559.jpg,6,cips-landscape
img002869.jpg,cips/cips-landscape/img002869.jpg,6,cips-landscape
img000735.jpg,cips/cips-landscape/img000735.jpg,6,cips-landscape
img002607.jpg,cips/cips-landscape/img002607.jpg,6,cips-landscape
img000449.jpg,cips/cips-landscape/img000449.jpg,6,cips-landscape
img001201.jpg,cips/cips-landscape/img001201.jpg,6,cips-landscape
img000238.jpg,cips/cips-landscape/img000238.jpg,6,cips-landscape
img000900.jpg,cips/cips-landscape/img000900.jpg,6,cips-landscape
img003027.jpg,cips/cips-landscape/img003027.jpg,6,cips-landscape
img003217.jpg,cips/cips-landscape/img003217.jpg,6,cips-landscape
img001218.jpg,cips/cips-landscape/img001218.jpg,6,cips-landscape
img001961.jpg,cips/cips-landscape/img001961.jpg,6,cips-landscape
img001198.jpg,cips/cips-landscape/img001198.jpg,6,cips-landscape
img002291.jpg,cips/cips-landscape/img002291.jpg,6,cips-landscape
img002325.jpg,cips/cips-landscape/img002325.jpg,6,cips-landscape
img000627.jpg,cips/cips-landscape/img000627.jpg,6,cips-landscape
img003503.jpg,cips/cips-landscape/img003503.jpg,6,cips-landscape
img002333.jpg,cips/cips-landscape/img002333.jpg,6,cips-landscape
img003561.jpg,cips/cips-landscape/img003561.jpg,6,cips-landscape
img002482.jpg,cips/cips-landscape/img002482.jpg,6,cips-landscape
img001104.jpg,cips/cips-landscape/img001104.jpg,6,cips-landscape
img002545.jpg,cips/cips-landscape/img002545.jpg,6,cips-landscape
img002381.jpg,cips/cips-landscape/img002381.jpg,6,cips-landscape
img001844.jpg,cips/cips-landscape/img001844.jpg,6,cips-landscape
img003380.jpg,cips/cips-landscape/img003380.jpg,6,cips-landscape
img002871.jpg,cips/cips-landscape/img002871.jpg,6,cips-landscape
img000958.jpg,cips/cips-landscape/img000958.jpg,6,cips-landscape
img002640.jpg,cips/cips-landscape/img002640.jpg,6,cips-landscape
img001152.jpg,cips/cips-landscape/img001152.jpg,6,cips-landscape
img000340.jpg,cips/cips-landscape/img000340.jpg,6,cips-landscape
img001486.jpg,cips/cips-landscape/img001486.jpg,6,cips-landscape
img000349.jpg,cips/cips-landscape/img000349.jpg,6,cips-landscape
img001549.jpg,cips/cips-landscape/img001549.jpg,6,cips-landscape
img001579.jpg,cips/cips-landscape/img001579.jpg,6,cips-landscape
img002250.jpg,cips/cips-landscape/img002250.jpg,6,cips-landscape
img002617.jpg,cips/cips-landscape/img002617.jpg,6,cips-landscape
img001366.jpg,cips/cips-landscape/img001366.jpg,6,cips-landscape
img003118.jpg,cips/cips-landscape/img003118.jpg,6,cips-landscape
img000028.jpg,cips/cips-landscape/img000028.jpg,6,cips-landscape
img001827.jpg,cips/cips-landscape/img001827.jpg,6,cips-landscape
img001071.jpg,cips/cips-landscape/img001071.jpg,6,cips-landscape
img003202.jpg,cips/cips-landscape/img003202.jpg,6,cips-landscape
img003036.jpg,cips/cips-landscape/img003036.jpg,6,cips-landscape
img002118.jpg,cips/cips-landscape/img002118.jpg,6,cips-landscape
img001718.jpg,cips/cips-landscape/img001718.jpg,6,cips-landscape
img002293.jpg,cips/cips-landscape/img002293.jpg,6,cips-landscape
img001904.jpg,cips/cips-landscape/img001904.jpg,6,cips-landscape
img002561.jpg,cips/cips-landscape/img002561.jpg,6,cips-landscape
img002910.jpg,cips/cips-landscape/img002910.jpg,6,cips-landscape
img002054.jpg,cips/cips-landscape/img002054.jpg,6,cips-landscape
img001897.jpg,cips/cips-landscape/img001897.jpg,6,cips-landscape
img000712.jpg,cips/cips-landscape/img000712.jpg,6,cips-landscape
img000425.jpg,cips/cips-landscape/img000425.jpg,6,cips-landscape
img002296.jpg,cips/cips-landscape/img002296.jpg,6,cips-landscape
img000777.jpg,cips/cips-landscape/img000777.jpg,6,cips-landscape
img000222.jpg,cips/cips-landscape/img000222.jpg,6,cips-landscape
img001182.jpg,cips/cips-landscape/img001182.jpg,6,cips-landscape
img000254.jpg,cips/cips-landscape/img000254.jpg,6,cips-landscape
img003120.jpg,cips/cips-landscape/img003120.jpg,6,cips-landscape
img003483.jpg,cips/cips-landscape/img003483.jpg,6,cips-landscape
img002853.jpg,cips/cips-landscape/img002853.jpg,6,cips-landscape
img000407.jpg,cips/cips-landscape/img000407.jpg,6,cips-landscape
img001219.jpg,cips/cips-landscape/img001219.jpg,6,cips-landscape
img002731.jpg,cips/cips-landscape/img002731.jpg,6,cips-landscape
img000813.jpg,cips/cips-landscape/img000813.jpg,6,cips-landscape
img002359.jpg,cips/cips-landscape/img002359.jpg,6,cips-landscape
img001675.jpg,cips/cips-landscape/img001675.jpg,6,cips-landscape
img000967.jpg,cips/cips-landscape/img000967.jpg,6,cips-landscape
img000812.jpg,cips/cips-landscape/img000812.jpg,6,cips-landscape
img002017.jpg,cips/cips-landscape/img002017.jpg,6,cips-landscape
img001266.jpg,cips/cips-landscape/img001266.jpg,6,cips-landscape
img000174.jpg,cips/cips-landscape/img000174.jpg,6,cips-landscape
img001491.jpg,cips/cips-landscape/img001491.jpg,6,cips-landscape
img002932.jpg,cips/cips-landscape/img002932.jpg,6,cips-landscape
img003222.jpg,cips/cips-landscape/img003222.jpg,6,cips-landscape
img001505.jpg,cips/cips-landscape/img001505.jpg,6,cips-landscape
img000307.jpg,cips/cips-landscape/img000307.jpg,6,cips-landscape
img001867.jpg,cips/cips-landscape/img001867.jpg,6,cips-landscape
img003595.jpg,cips/cips-landscape/img003595.jpg,6,cips-landscape
img000395.jpg,cips/cips-landscape/img000395.jpg,6,cips-landscape
img002591.jpg,cips/cips-landscape/img002591.jpg,6,cips-landscape
img002096.jpg,cips/cips-landscape/img002096.jpg,6,cips-landscape
img003075.jpg,cips/cips-landscape/img003075.jpg,6,cips-landscape
img000101.jpg,cips/cips-landscape/img000101.jpg,6,cips-landscape
img002540.jpg,cips/cips-landscape/img002540.jpg,6,cips-landscape
img002288.jpg,cips/cips-landscape/img002288.jpg,6,cips-landscape
img003585.jpg,cips/cips-landscape/img003585.jpg,6,cips-landscape
img001820.jpg,cips/cips-landscape/img001820.jpg,6,cips-landscape
img003038.jpg,cips/cips-landscape/img003038.jpg,6,cips-landscape
img001481.jpg,cips/cips-landscape/img001481.jpg,6,cips-landscape
img000652.jpg,cips/cips-landscape/img000652.jpg,6,cips-landscape
img000759.jpg,cips/cips-landscape/img000759.jpg,6,cips-landscape
img000862.jpg,cips/cips-landscape/img000862.jpg,6,cips-landscape
img000781.jpg,cips/cips-landscape/img000781.jpg,6,cips-landscape
img002384.jpg,cips/cips-landscape/img002384.jpg,6,cips-landscape
img002347.jpg,cips/cips-landscape/img002347.jpg,6,cips-landscape
img000029.jpg,cips/cips-landscape/img000029.jpg,6,cips-landscape
img000550.jpg,cips/cips-landscape/img000550.jpg,6,cips-landscape
img002429.jpg,cips/cips-landscape/img002429.jpg,6,cips-landscape
img003385.jpg,cips/cips-landscape/img003385.jpg,6,cips-landscape
img001319.jpg,cips/cips-landscape/img001319.jpg,6,cips-landscape
img003200.jpg,cips/cips-landscape/img003200.jpg,6,cips-landscape
img002862.jpg,cips/cips-landscape/img002862.jpg,6,cips-landscape
img001928.jpg,cips/cips-landscape/img001928.jpg,6,cips-landscape
img000310.jpg,cips/cips-landscape/img000310.jpg,6,cips-landscape
img001176.jpg,cips/cips-landscape/img001176.jpg,6,cips-landscape
img001730.jpg,cips/cips-landscape/img001730.jpg,6,cips-landscape
img000529.jpg,cips/cips-landscape/img000529.jpg,6,cips-landscape
img002538.jpg,cips/cips-landscape/img002538.jpg,6,cips-landscape
img002973.jpg,cips/cips-landscape/img002973.jpg,6,cips-landscape
img000193.jpg,cips/cips-landscape/img000193.jpg,6,cips-landscape
img001128.jpg,cips/cips-landscape/img001128.jpg,6,cips-landscape
img002310.jpg,cips/cips-landscape/img002310.jpg,6,cips-landscape
img000460.jpg,cips/cips-landscape/img000460.jpg,6,cips-landscape
img002779.jpg,cips/cips-landscape/img002779.jpg,6,cips-landscape
img001546.jpg,cips/cips-landscape/img001546.jpg,6,cips-landscape
img000217.jpg,cips/cips-landscape/img000217.jpg,6,cips-landscape
img002233.jpg,cips/cips-landscape/img002233.jpg,6,cips-landscape
img002850.jpg,cips/cips-landscape/img002850.jpg,6,cips-landscape
img001290.jpg,cips/cips-landscape/img001290.jpg,6,cips-landscape
img000761.jpg,cips/cips-landscape/img000761.jpg,6,cips-landscape
img001593.jpg,cips/cips-landscape/img001593.jpg,6,cips-landscape
img000272.jpg,cips/cips-landscape/img000272.jpg,6,cips-landscape
img000799.jpg,cips/cips-landscape/img000799.jpg,6,cips-landscape
img000017.jpg,cips/cips-landscape/img000017.jpg,6,cips-landscape
img000573.jpg,cips/cips-landscape/img000573.jpg,6,cips-landscape
img001126.jpg,cips/cips-landscape/img001126.jpg,6,cips-landscape
img002001.jpg,cips/cips-landscape/img002001.jpg,6,cips-landscape
img000145.jpg,cips/cips-landscape/img000145.jpg,6,cips-landscape
img003205.jpg,cips/cips-landscape/img003205.jpg,6,cips-landscape
img002316.jpg,cips/cips-landscape/img002316.jpg,6,cips-landscape
img001809.jpg,cips/cips-landscape/img001809.jpg,6,cips-landscape
img000549.jpg,cips/cips-landscape/img000549.jpg,6,cips-landscape
img000722.jpg,cips/cips-landscape/img000722.jpg,6,cips-landscape
img001474.jpg,cips/cips-landscape/img001474.jpg,6,cips-landscape
img001186.jpg,cips/cips-landscape/img001186.jpg,6,cips-landscape
img002415.jpg,cips/cips-landscape/img002415.jpg,6,cips-landscape
img003108.jpg,cips/cips-landscape/img003108.jpg,6,cips-landscape
img000996.jpg,cips/cips-landscape/img000996.jpg,6,cips-landscape
img003336.jpg,cips/cips-landscape/img003336.jpg,6,cips-landscape
img000070.jpg,cips/cips-landscape/img000070.jpg,6,cips-landscape
img000668.jpg,cips/cips-landscape/img000668.jpg,6,cips-landscape
img001010.jpg,cips/cips-landscape/img001010.jpg,6,cips-landscape
img000696.jpg,cips/cips-landscape/img000696.jpg,6,cips-landscape
img001193.jpg,cips/cips-landscape/img001193.jpg,6,cips-landscape
img000323.jpg,cips/cips-landscape/img000323.jpg,6,cips-landscape
img002307.jpg,cips/cips-landscape/img002307.jpg,6,cips-landscape
img001764.jpg,cips/cips-landscape/img001764.jpg,6,cips-landscape
img000377.jpg,cips/cips-landscape/img000377.jpg,6,cips-landscape
img000037.jpg,cips/cips-landscape/img000037.jpg,6,cips-landscape
img001991.jpg,cips/cips-landscape/img001991.jpg,6,cips-landscape
img002352.jpg,cips/cips-landscape/img002352.jpg,6,cips-landscape
img001592.jpg,cips/cips-landscape/img001592.jpg,6,cips-landscape
img001674.jpg,cips/cips-landscape/img001674.jpg,6,cips-landscape
img003263.jpg,cips/cips-landscape/img003263.jpg,6,cips-landscape
img002984.jpg,cips/cips-landscape/img002984.jpg,6,cips-landscape
img000528.jpg,cips/cips-landscape/img000528.jpg,6,cips-landscape
img003294.jpg,cips/cips-landscape/img003294.jpg,6,cips-landscape
img001235.jpg,cips/cips-landscape/img001235.jpg,6,cips-landscape
img002157.jpg,cips/cips-landscape/img002157.jpg,6,cips-landscape
img002048.jpg,cips/cips-landscape/img002048.jpg,6,cips-landscape
img002752.jpg,cips/cips-landscape/img002752.jpg,6,cips-landscape
img002951.jpg,cips/cips-landscape/img002951.jpg,6,cips-landscape
img003304.jpg,cips/cips-landscape/img003304.jpg,6,cips-landscape
img000973.jpg,cips/cips-landscape/img000973.jpg,6,cips-landscape
img003329.jpg,cips/cips-landscape/img003329.jpg,6,cips-landscape
img002745.jpg,cips/cips-landscape/img002745.jpg,6,cips-landscape
img001224.jpg,cips/cips-landscape/img001224.jpg,6,cips-landscape
img000572.jpg,cips/cips-landscape/img000572.jpg,6,cips-landscape
img001831.jpg,cips/cips-landscape/img001831.jpg,6,cips-landscape
img003566.jpg,cips/cips-landscape/img003566.jpg,6,cips-landscape
img001965.jpg,cips/cips-landscape/img001965.jpg,6,cips-landscape
img001532.jpg,cips/cips-landscape/img001532.jpg,6,cips-landscape
img001877.jpg,cips/cips-landscape/img001877.jpg,6,cips-landscape
img003102.jpg,cips/cips-landscape/img003102.jpg,6,cips-landscape
img002512.jpg,cips/cips-landscape/img002512.jpg,6,cips-landscape
img002324.jpg,cips/cips-landscape/img002324.jpg,6,cips-landscape
img003546.jpg,cips/cips-landscape/img003546.jpg,6,cips-landscape
img001868.jpg,cips/cips-landscape/img001868.jpg,6,cips-landscape
img002120.jpg,cips/cips-landscape/img002120.jpg,6,cips-landscape
img000911.jpg,cips/cips-landscape/img000911.jpg,6,cips-landscape
img002872.jpg,cips/cips-landscape/img002872.jpg,6,cips-landscape
img002194.jpg,cips/cips-landscape/img002194.jpg,6,cips-landscape
img000831.jpg,cips/cips-landscape/img000831.jpg,6,cips-landscape
img002665.jpg,cips/cips-landscape/img002665.jpg,6,cips-landscape
img001641.jpg,cips/cips-landscape/img001641.jpg,6,cips-landscape
img003264.jpg,cips/cips-landscape/img003264.jpg,6,cips-landscape
img003344.jpg,cips/cips-landscape/img003344.jpg,6,cips-landscape
img002464.jpg,cips/cips-landscape/img002464.jpg,6,cips-landscape
img003206.jpg,cips/cips-landscape/img003206.jpg,6,cips-landscape
img000411.jpg,cips/cips-landscape/img000411.jpg,6,cips-landscape
img003245.jpg,cips/cips-landscape/img003245.jpg,6,cips-landscape
img000750.jpg,cips/cips-landscape/img000750.jpg,6,cips-landscape
img002931.jpg,cips/cips-landscape/img002931.jpg,6,cips-landscape
img003577.jpg,cips/cips-landscape/img003577.jpg,6,cips-landscape
img000090.jpg,cips/cips-landscape/img000090.jpg,6,cips-landscape
img001687.jpg,cips/cips-landscape/img001687.jpg,6,cips-landscape
img003339.jpg,cips/cips-landscape/img003339.jpg,6,cips-landscape
img002548.jpg,cips/cips-landscape/img002548.jpg,6,cips-landscape
img003358.jpg,cips/cips-landscape/img003358.jpg,6,cips-landscape
img000354.jpg,cips/cips-landscape/img000354.jpg,6,cips-landscape
img001713.jpg,cips/cips-landscape/img001713.jpg,6,cips-landscape
img002784.jpg,cips/cips-landscape/img002784.jpg,6,cips-landscape
img002669.jpg,cips/cips-landscape/img002669.jpg,6,cips-landscape
img000402.jpg,cips/cips-landscape/img000402.jpg,6,cips-landscape
img001462.jpg,cips/cips-landscape/img001462.jpg,6,cips-landscape
img003408.jpg,cips/cips-landscape/img003408.jpg,6,cips-landscape
img002882.jpg,cips/cips-landscape/img002882.jpg,6,cips-landscape
img000866.jpg,cips/cips-landscape/img000866.jpg,6,cips-landscape
img000598.jpg,cips/cips-landscape/img000598.jpg,6,cips-landscape
img001340.jpg,cips/cips-landscape/img001340.jpg,6,cips-landscape
img000353.jpg,cips/cips-landscape/img000353.jpg,6,cips-landscape
img001856.jpg,cips/cips-landscape/img001856.jpg,6,cips-landscape
img000546.jpg,cips/cips-landscape/img000546.jpg,6,cips-landscape
img002699.jpg,cips/cips-landscape/img002699.jpg,6,cips-landscape
img001451.jpg,cips/cips-landscape/img001451.jpg,6,cips-landscape
img000091.jpg,cips/cips-landscape/img000091.jpg,6,cips-landscape
img000505.jpg,cips/cips-landscape/img000505.jpg,6,cips-landscape
img001995.jpg,cips/cips-landscape/img001995.jpg,6,cips-landscape
img002586.jpg,cips/cips-landscape/img002586.jpg,6,cips-landscape
img003178.jpg,cips/cips-landscape/img003178.jpg,6,cips-landscape
img001434.jpg,cips/cips-landscape/img001434.jpg,6,cips-landscape
img002452.jpg,cips/cips-landscape/img002452.jpg,6,cips-landscape
img000202.jpg,cips/cips-landscape/img000202.jpg,6,cips-landscape
img001380.jpg,cips/cips-landscape/img001380.jpg,6,cips-landscape
img000907.jpg,cips/cips-landscape/img000907.jpg,6,cips-landscape
img002167.jpg,cips/cips-landscape/img002167.jpg,6,cips-landscape
img001908.jpg,cips/cips-landscape/img001908.jpg,6,cips-landscape
img002465.jpg,cips/cips-landscape/img002465.jpg,6,cips-landscape
img000303.jpg,cips/cips-landscape/img000303.jpg,6,cips-landscape
img001080.jpg,cips/cips-landscape/img001080.jpg,6,cips-landscape
img002103.jpg,cips/cips-landscape/img002103.jpg,6,cips-landscape
img002728.jpg,cips/cips-landscape/img002728.jpg,6,cips-landscape
img000578.jpg,cips/cips-landscape/img000578.jpg,6,cips-landscape
img003109.jpg,cips/cips-landscape/img003109.jpg,6,cips-landscape
img000983.jpg,cips/cips-landscape/img000983.jpg,6,cips-landscape
img000548.jpg,cips/cips-landscape/img000548.jpg,6,cips-landscape
img001132.jpg,cips/cips-landscape/img001132.jpg,6,cips-landscape
img001123.jpg,cips/cips-landscape/img001123.jpg,6,cips-landscape
img001234.jpg,cips/cips-landscape/img001234.jpg,6,cips-landscape
img001644.jpg,cips/cips-landscape/img001644.jpg,6,cips-landscape
img000315.jpg,cips/cips-landscape/img000315.jpg,6,cips-landscape
img000951.jpg,cips/cips-landscape/img000951.jpg,6,cips-landscape
img000345.jpg,cips/cips-landscape/img000345.jpg,6,cips-landscape
img001357.jpg,cips/cips-landscape/img001357.jpg,6,cips-landscape
img000265.jpg,cips/cips-landscape/img000265.jpg,6,cips-landscape
img002430.jpg,cips/cips-landscape/img002430.jpg,6,cips-landscape
img002854.jpg,cips/cips-landscape/img002854.jpg,6,cips-landscape
img000935.jpg,cips/cips-landscape/img000935.jpg,6,cips-landscape
img002009.jpg,cips/cips-landscape/img002009.jpg,6,cips-landscape
img000168.jpg,cips/cips-landscape/img000168.jpg,6,cips-landscape
img003573.jpg,cips/cips-landscape/img003573.jpg,6,cips-landscape
img001597.jpg,cips/cips-landscape/img001597.jpg,6,cips-landscape
img002587.jpg,cips/cips-landscape/img002587.jpg,6,cips-landscape
img000030.jpg,cips/cips-landscape/img000030.jpg,6,cips-landscape
img000997.jpg,cips/cips-landscape/img000997.jpg,6,cips-landscape
img002025.jpg,cips/cips-landscape/img002025.jpg,6,cips-landscape
img002645.jpg,cips/cips-landscape/img002645.jpg,6,cips-landscape
img003472.jpg,cips/cips-landscape/img003472.jpg,6,cips-landscape
img001245.jpg,cips/cips-landscape/img001245.jpg,6,cips-landscape
img003441.jpg,cips/cips-landscape/img003441.jpg,6,cips-landscape
img002887.jpg,cips/cips-landscape/img002887.jpg,6,cips-landscape
img002360.jpg,cips/cips-landscape/img002360.jpg,6,cips-landscape
img002420.jpg,cips/cips-landscape/img002420.jpg,6,cips-landscape
img002533.jpg,cips/cips-landscape/img002533.jpg,6,cips-landscape
img001807.jpg,cips/cips-landscape/img001807.jpg,6,cips-landscape
img000358.jpg,cips/cips-landscape/img000358.jpg,6,cips-landscape
img003357.jpg,cips/cips-landscape/img003357.jpg,6,cips-landscape
img003197.jpg,cips/cips-landscape/img003197.jpg,6,cips-landscape
img002127.jpg,cips/cips-landscape/img002127.jpg,6,cips-landscape
img002093.jpg,cips/cips-landscape/img002093.jpg,6,cips-landscape
img002308.jpg,cips/cips-landscape/img002308.jpg,6,cips-landscape
img002977.jpg,cips/cips-landscape/img002977.jpg,6,cips-landscape
img000422.jpg,cips/cips-landscape/img000422.jpg,6,cips-landscape
img003250.jpg,cips/cips-landscape/img003250.jpg,6,cips-landscape
img000022.jpg,cips/cips-landscape/img000022.jpg,6,cips-landscape
img000596.jpg,cips/cips-landscape/img000596.jpg,6,cips-landscape
img000244.jpg,cips/cips-landscape/img000244.jpg,6,cips-landscape
img002953.jpg,cips/cips-landscape/img002953.jpg,6,cips-landscape
img002419.jpg,cips/cips-landscape/img002419.jpg,6,cips-landscape
img003100.jpg,cips/cips-landscape/img003100.jpg,6,cips-landscape
img003301.jpg,cips/cips-landscape/img003301.jpg,6,cips-landscape
img001784.jpg,cips/cips-landscape/img001784.jpg,6,cips-landscape
img000287.jpg,cips/cips-landscape/img000287.jpg,6,cips-landscape
img003103.jpg,cips/cips-landscape/img003103.jpg,6,cips-landscape
img003113.jpg,cips/cips-landscape/img003113.jpg,6,cips-landscape
img000128.jpg,cips/cips-landscape/img000128.jpg,6,cips-landscape
img000089.jpg,cips/cips-landscape/img000089.jpg,6,cips-landscape
img000177.jpg,cips/cips-landscape/img000177.jpg,6,cips-landscape
img000485.jpg,cips/cips-landscape/img000485.jpg,6,cips-landscape
img000281.jpg,cips/cips-landscape/img000281.jpg,6,cips-landscape
img000031.jpg,cips/cips-landscape/img000031.jpg,6,cips-landscape
img001264.jpg,cips/cips-landscape/img001264.jpg,6,cips-landscape
img003438.jpg,cips/cips-landscape/img003438.jpg,6,cips-landscape
img002774.jpg,cips/cips-landscape/img002774.jpg,6,cips-landscape
img000954.jpg,cips/cips-landscape/img000954.jpg,6,cips-landscape
img001213.jpg,cips/cips-landscape/img001213.jpg,6,cips-landscape
img002772.jpg,cips/cips-landscape/img002772.jpg,6,cips-landscape
img001776.jpg,cips/cips-landscape/img001776.jpg,6,cips-landscape
img003377.jpg,cips/cips-landscape/img003377.jpg,6,cips-landscape
img001709.jpg,cips/cips-landscape/img001709.jpg,6,cips-landscape
img002437.jpg,cips/cips-landscape/img002437.jpg,6,cips-landscape
img000268.jpg,cips/cips-landscape/img000268.jpg,6,cips-landscape
img003247.jpg,cips/cips-landscape/img003247.jpg,6,cips-landscape
img002229.jpg,cips/cips-landscape/img002229.jpg,6,cips-landscape
img000146.jpg,cips/cips-landscape/img000146.jpg,6,cips-landscape
img000339.jpg,cips/cips-landscape/img000339.jpg,6,cips-landscape
img003468.jpg,cips/cips-landscape/img003468.jpg,6,cips-landscape
img003413.jpg,cips/cips-landscape/img003413.jpg,6,cips-landscape
img003309.jpg,cips/cips-landscape/img003309.jpg,6,cips-landscape
img000982.jpg,cips/cips-landscape/img000982.jpg,6,cips-landscape
img000456.jpg,cips/cips-landscape/img000456.jpg,6,cips-landscape
img002780.jpg,cips/cips-landscape/img002780.jpg,6,cips-landscape
img002385.jpg,cips/cips-landscape/img002385.jpg,6,cips-landscape
img000291.jpg,cips/cips-landscape/img000291.jpg,6,cips-landscape
img003588.jpg,cips/cips-landscape/img003588.jpg,6,cips-landscape
img000724.jpg,cips/cips-landscape/img000724.jpg,6,cips-landscape
img002497.jpg,cips/cips-landscape/img002497.jpg,6,cips-landscape
img003581.jpg,cips/cips-landscape/img003581.jpg,6,cips-landscape
img000780.jpg,cips/cips-landscape/img000780.jpg,6,cips-landscape
img002820.jpg,cips/cips-landscape/img002820.jpg,6,cips-landscape
img001559.jpg,cips/cips-landscape/img001559.jpg,6,cips-landscape
img000749.jpg,cips/cips-landscape/img000749.jpg,6,cips-landscape
img001280.jpg,cips/cips-landscape/img001280.jpg,6,cips-landscape
img003228.jpg,cips/cips-landscape/img003228.jpg,6,cips-landscape
img000175.jpg,cips/cips-landscape/img000175.jpg,6,cips-landscape
img003578.jpg,cips/cips-landscape/img003578.jpg,6,cips-landscape
img000537.jpg,cips/cips-landscape/img000537.jpg,6,cips-landscape
img000176.jpg,cips/cips-landscape/img000176.jpg,6,cips-landscape
img000972.jpg,cips/cips-landscape/img000972.jpg,6,cips-landscape
img000510.jpg,cips/cips-landscape/img000510.jpg,6,cips-landscape
img000454.jpg,cips/cips-landscape/img000454.jpg,6,cips-landscape
img000936.jpg,cips/cips-landscape/img000936.jpg,6,cips-landscape
img000432.jpg,cips/cips-landscape/img000432.jpg,6,cips-landscape
img001480.jpg,cips/cips-landscape/img001480.jpg,6,cips-landscape
img000223.jpg,cips/cips-landscape/img000223.jpg,6,cips-landscape
img002327.jpg,cips/cips-landscape/img002327.jpg,6,cips-landscape
img003307.jpg,cips/cips-landscape/img003307.jpg,6,cips-landscape
img002270.jpg,cips/cips-landscape/img002270.jpg,6,cips-landscape
img002313.jpg,cips/cips-landscape/img002313.jpg,6,cips-landscape
img000317.jpg,cips/cips-landscape/img000317.jpg,6,cips-landscape
img002005.jpg,cips/cips-landscape/img002005.jpg,6,cips-landscape
img002423.jpg,cips/cips-landscape/img002423.jpg,6,cips-landscape
img002757.jpg,cips/cips-landscape/img002757.jpg,6,cips-landscape
img002729.jpg,cips/cips-landscape/img002729.jpg,6,cips-landscape
img001860.jpg,cips/cips-landscape/img001860.jpg,6,cips-landscape
img000228.jpg,cips/cips-landscape/img000228.jpg,6,cips-landscape
img001772.jpg,cips/cips-landscape/img001772.jpg,6,cips-landscape
img003121.jpg,cips/cips-landscape/img003121.jpg,6,cips-landscape
img000399.jpg,cips/cips-landscape/img000399.jpg,6,cips-landscape
img000333.jpg,cips/cips-landscape/img000333.jpg,6,cips-landscape
img000661.jpg,cips/cips-landscape/img000661.jpg,6,cips-landscape
img002487.jpg,cips/cips-landscape/img002487.jpg,6,cips-landscape
img002404.jpg,cips/cips-landscape/img002404.jpg,6,cips-landscape
img002845.jpg,cips/cips-landscape/img002845.jpg,6,cips-landscape
img001011.jpg,cips/cips-landscape/img001011.jpg,6,cips-landscape
img000877.jpg,cips/cips-landscape/img000877.jpg,6,cips-landscape
img001949.jpg,cips/cips-landscape/img001949.jpg,6,cips-landscape
img001543.jpg,cips/cips-landscape/img001543.jpg,6,cips-landscape
img001956.jpg,cips/cips-landscape/img001956.jpg,6,cips-landscape
img001821.jpg,cips/cips-landscape/img001821.jpg,6,cips-landscape
img003549.jpg,cips/cips-landscape/img003549.jpg,6,cips-landscape
img000809.jpg,cips/cips-landscape/img000809.jpg,6,cips-landscape
img000152.jpg,cips/cips-landscape/img000152.jpg,6,cips-landscape
img000134.jpg,cips/cips-landscape/img000134.jpg,6,cips-landscape
img003558.jpg,cips/cips-landscape/img003558.jpg,6,cips-landscape
img001261.jpg,cips/cips-landscape/img001261.jpg,6,cips-landscape
img003316.jpg,cips/cips-landscape/img003316.jpg,6,cips-landscape
img001460.jpg,cips/cips-landscape/img001460.jpg,6,cips-landscape
img002571.jpg,cips/cips-landscape/img002571.jpg,6,cips-landscape
img003318.jpg,cips/cips-landscape/img003318.jpg,6,cips-landscape
img000825.jpg,cips/cips-landscape/img000825.jpg,6,cips-landscape
img003328.jpg,cips/cips-landscape/img003328.jpg,6,cips-landscape
img001416.jpg,cips/cips-landscape/img001416.jpg,6,cips-landscape
img000144.jpg,cips/cips-landscape/img000144.jpg,6,cips-landscape
img003493.jpg,cips/cips-landscape/img003493.jpg,6,cips-landscape
img000832.jpg,cips/cips-landscape/img000832.jpg,6,cips-landscape
img003274.jpg,cips/cips-landscape/img003274.jpg,6,cips-landscape
img003257.jpg,cips/cips-landscape/img003257.jpg,6,cips-landscape
img000965.jpg,cips/cips-landscape/img000965.jpg,6,cips-landscape
img002565.jpg,cips/cips-landscape/img002565.jpg,6,cips-landscape
img001603.jpg,cips/cips-landscape/img001603.jpg,6,cips-landscape
img000280.jpg,cips/cips-landscape/img000280.jpg,6,cips-landscape
img000413.jpg,cips/cips-landscape/img000413.jpg,6,cips-landscape
img000817.jpg,cips/cips-landscape/img000817.jpg,6,cips-landscape
img003227.jpg,cips/cips-landscape/img003227.jpg,6,cips-landscape
img000551.jpg,cips/cips-landscape/img000551.jpg,6,cips-landscape
img002708.jpg,cips/cips-landscape/img002708.jpg,6,cips-landscape
img002536.jpg,cips/cips-landscape/img002536.jpg,6,cips-landscape
img000638.jpg,cips/cips-landscape/img000638.jpg,6,cips-landscape
img001154.jpg,cips/cips-landscape/img001154.jpg,6,cips-landscape
img002971.jpg,cips/cips-landscape/img002971.jpg,6,cips-landscape
img003492.jpg,cips/cips-landscape/img003492.jpg,6,cips-landscape
img000707.jpg,cips/cips-landscape/img000707.jpg,6,cips-landscape
img003203.jpg,cips/cips-landscape/img003203.jpg,6,cips-landscape
img000791.jpg,cips/cips-landscape/img000791.jpg,6,cips-landscape
img000642.jpg,cips/cips-landscape/img000642.jpg,6,cips-landscape
img003119.jpg,cips/cips-landscape/img003119.jpg,6,cips-landscape
img000098.jpg,cips/cips-landscape/img000098.jpg,6,cips-landscape
img001171.jpg,cips/cips-landscape/img001171.jpg,6,cips-landscape
img000471.jpg,cips/cips-landscape/img000471.jpg,6,cips-landscape
img001596.jpg,cips/cips-landscape/img001596.jpg,6,cips-landscape
img000167.jpg,cips/cips-landscape/img000167.jpg,6,cips-landscape
img000198.jpg,cips/cips-landscape/img000198.jpg,6,cips-landscape
img002583.jpg,cips/cips-landscape/img002583.jpg,6,cips-landscape
img000822.jpg,cips/cips-landscape/img000822.jpg,6,cips-landscape
img002551.jpg,cips/cips-landscape/img002551.jpg,6,cips-landscape
img002214.jpg,cips/cips-landscape/img002214.jpg,6,cips-landscape
img000262.jpg,cips/cips-landscape/img000262.jpg,6,cips-landscape
img000446.jpg,cips/cips-landscape/img000446.jpg,6,cips-landscape
img000493.jpg,cips/cips-landscape/img000493.jpg,6,cips-landscape
img000984.jpg,cips/cips-landscape/img000984.jpg,6,cips-landscape
img002657.jpg,cips/cips-landscape/img002657.jpg,6,cips-landscape
img002086.jpg,cips/cips-landscape/img002086.jpg,6,cips-landscape
img002747.jpg,cips/cips-landscape/img002747.jpg,6,cips-landscape
img002925.jpg,cips/cips-landscape/img002925.jpg,6,cips-landscape
img002346.jpg,cips/cips-landscape/img002346.jpg,6,cips-landscape
img001625.jpg,cips/cips-landscape/img001625.jpg,6,cips-landscape
img001093.jpg,cips/cips-landscape/img001093.jpg,6,cips-landscape
img002514.jpg,cips/cips-landscape/img002514.jpg,6,cips-landscape
img001238.jpg,cips/cips-landscape/img001238.jpg,6,cips-landscape
img003570.jpg,cips/cips-landscape/img003570.jpg,6,cips-landscape
img002040.jpg,cips/cips-landscape/img002040.jpg,6,cips-landscape
img001331.jpg,cips/cips-landscape/img001331.jpg,6,cips-landscape
img000590.jpg,cips/cips-landscape/img000590.jpg,6,cips-landscape
img001390.jpg,cips/cips-landscape/img001390.jpg,6,cips-landscape
img001026.jpg,cips/cips-landscape/img001026.jpg,6,cips-landscape
img001354.jpg,cips/cips-landscape/img001354.jpg,6,cips-landscape
img002688.jpg,cips/cips-landscape/img002688.jpg,6,cips-landscape
img001528.jpg,cips/cips-landscape/img001528.jpg,6,cips-landscape
img003382.jpg,cips/cips-landscape/img003382.jpg,6,cips-landscape
img002280.jpg,cips/cips-landscape/img002280.jpg,6,cips-landscape
img003011.jpg,cips/cips-landscape/img003011.jpg,6,cips-landscape
img001285.jpg,cips/cips-landscape/img001285.jpg,6,cips-landscape
img000113.jpg,cips/cips-landscape/img000113.jpg,6,cips-landscape
img003355.jpg,cips/cips-landscape/img003355.jpg,6,cips-landscape
img000645.jpg,cips/cips-landscape/img000645.jpg,6,cips-landscape
img000442.jpg,cips/cips-landscape/img000442.jpg,6,cips-landscape
img003334.jpg,cips/cips-landscape/img003334.jpg,6,cips-landscape
img000991.jpg,cips/cips-landscape/img000991.jpg,6,cips-landscape
img002793.jpg,cips/cips-landscape/img002793.jpg,6,cips-landscape
img002525.jpg,cips/cips-landscape/img002525.jpg,6,cips-landscape
img000187.jpg,cips/cips-landscape/img000187.jpg,6,cips-landscape
img003252.jpg,cips/cips-landscape/img003252.jpg,6,cips-landscape
img001837.jpg,cips/cips-landscape/img001837.jpg,6,cips-landscape
img003112.jpg,cips/cips-landscape/img003112.jpg,6,cips-landscape
img003046.jpg,cips/cips-landscape/img003046.jpg,6,cips-landscape
img002400.jpg,cips/cips-landscape/img002400.jpg,6,cips-landscape
img001109.jpg,cips/cips-landscape/img001109.jpg,6,cips-landscape
img003215.jpg,cips/cips-landscape/img003215.jpg,6,cips-landscape
img001061.jpg,cips/cips-landscape/img001061.jpg,6,cips-landscape
img002998.jpg,cips/cips-landscape/img002998.jpg,6,cips-landscape
img003086.jpg,cips/cips-landscape/img003086.jpg,6,cips-landscape
img000568.jpg,cips/cips-landscape/img000568.jpg,6,cips-landscape
img001734.jpg,cips/cips-landscape/img001734.jpg,6,cips-landscape
img001773.jpg,cips/cips-landscape/img001773.jpg,6,cips-landscape
img002453.jpg,cips/cips-landscape/img002453.jpg,6,cips-landscape
img002340.jpg,cips/cips-landscape/img002340.jpg,6,cips-landscape
img000296.jpg,cips/cips-landscape/img000296.jpg,6,cips-landscape
img003141.jpg,cips/cips-landscape/img003141.jpg,6,cips-landscape
img002435.jpg,cips/cips-landscape/img002435.jpg,6,cips-landscape
img000085.jpg,cips/cips-landscape/img000085.jpg,6,cips-landscape
img000792.jpg,cips/cips-landscape/img000792.jpg,6,cips-landscape
img003211.jpg,cips/cips-landscape/img003211.jpg,6,cips-landscape
img001024.jpg,cips/cips-landscape/img001024.jpg,6,cips-landscape
img000326.jpg,cips/cips-landscape/img000326.jpg,6,cips-landscape
img001271.jpg,cips/cips-landscape/img001271.jpg,6,cips-landscape
img000506.jpg,cips/cips-landscape/img000506.jpg,6,cips-landscape
img003544.jpg,cips/cips-landscape/img003544.jpg,6,cips-landscape
img000059.jpg,cips/cips-landscape/img000059.jpg,6,cips-landscape
img001952.jpg,cips/cips-landscape/img001952.jpg,6,cips-landscape
img001420.jpg,cips/cips-landscape/img001420.jpg,6,cips-landscape
img001677.jpg,cips/cips-landscape/img001677.jpg,6,cips-landscape
img000706.jpg,cips/cips-landscape/img000706.jpg,6,cips-landscape
img000470.jpg,cips/cips-landscape/img000470.jpg,6,cips-landscape
img003193.jpg,cips/cips-landscape/img003193.jpg,6,cips-landscape
img002598.jpg,cips/cips-landscape/img002598.jpg,6,cips-landscape
img000025.jpg,cips/cips-landscape/img000025.jpg,6,cips-landscape
img003598.jpg,cips/cips-landscape/img003598.jpg,6,cips-landscape
img003337.jpg,cips/cips-landscape/img003337.jpg,6,cips-landscape
img001311.jpg,cips/cips-landscape/img001311.jpg,6,cips-landscape
img003484.jpg,cips/cips-landscape/img003484.jpg,6,cips-landscape
img003270.jpg,cips/cips-landscape/img003270.jpg,6,cips-landscape
img000504.jpg,cips/cips-landscape/img000504.jpg,6,cips-landscape
img003502.jpg,cips/cips-landscape/img003502.jpg,6,cips-landscape
img002269.jpg,cips/cips-landscape/img002269.jpg,6,cips-landscape
img001509.jpg,cips/cips-landscape/img001509.jpg,6,cips-landscape
img002769.jpg,cips/cips-landscape/img002769.jpg,6,cips-landscape
img000842.jpg,cips/cips-landscape/img000842.jpg,6,cips-landscape
img000836.jpg,cips/cips-landscape/img000836.jpg,6,cips-landscape
img002414.jpg,cips/cips-landscape/img002414.jpg,6,cips-landscape
img000768.jpg,cips/cips-landscape/img000768.jpg,6,cips-landscape
img000185.jpg,cips/cips-landscape/img000185.jpg,6,cips-landscape
img000946.jpg,cips/cips-landscape/img000946.jpg,6,cips-landscape
img001887.jpg,cips/cips-landscape/img001887.jpg,6,cips-landscape
img003386.jpg,cips/cips-landscape/img003386.jpg,6,cips-landscape
img001298.jpg,cips/cips-landscape/img001298.jpg,6,cips-landscape
img001735.jpg,cips/cips-landscape/img001735.jpg,6,cips-landscape
img000006.jpg,cips/cips-landscape/img000006.jpg,6,cips-landscape
img003104.jpg,cips/cips-landscape/img003104.jpg,6,cips-landscape
img003534.jpg,cips/cips-landscape/img003534.jpg,6,cips-landscape
img001989.jpg,cips/cips-landscape/img001989.jpg,6,cips-landscape
img001082.jpg,cips/cips-landscape/img001082.jpg,6,cips-landscape
img003176.jpg,cips/cips-landscape/img003176.jpg,6,cips-landscape
img001448.jpg,cips/cips-landscape/img001448.jpg,6,cips-landscape
img002131.jpg,cips/cips-landscape/img002131.jpg,6,cips-landscape
img003248.jpg,cips/cips-landscape/img003248.jpg,6,cips-landscape
img002653.jpg,cips/cips-landscape/img002653.jpg,6,cips-landscape
img000676.jpg,cips/cips-landscape/img000676.jpg,6,cips-landscape
img002195.jpg,cips/cips-landscape/img002195.jpg,6,cips-landscape
img000212.jpg,cips/cips-landscape/img000212.jpg,6,cips-landscape
img000233.jpg,cips/cips-landscape/img000233.jpg,6,cips-landscape
img003002.jpg,cips/cips-landscape/img003002.jpg,6,cips-landscape
img001516.jpg,cips/cips-landscape/img001516.jpg,6,cips-landscape
img002239.jpg,cips/cips-landscape/img002239.jpg,6,cips-landscape
img001701.jpg,cips/cips-landscape/img001701.jpg,6,cips-landscape
img000083.jpg,cips/cips-landscape/img000083.jpg,6,cips-landscape
img003218.jpg,cips/cips-landscape/img003218.jpg,6,cips-landscape
img000559.jpg,cips/cips-landscape/img000559.jpg,6,cips-landscape
img002428.jpg,cips/cips-landscape/img002428.jpg,6,cips-landscape
img000563.jpg,cips/cips-landscape/img000563.jpg,6,cips-landscape
img002002.jpg,cips/cips-landscape/img002002.jpg,6,cips-landscape
img001009.jpg,cips/cips-landscape/img001009.jpg,6,cips-landscape
img002990.jpg,cips/cips-landscape/img002990.jpg,6,cips-landscape
img000747.jpg,cips/cips-landscape/img000747.jpg,6,cips-landscape
img003584.jpg,cips/cips-landscape/img003584.jpg,6,cips-landscape
img001072.jpg,cips/cips-landscape/img001072.jpg,6,cips-landscape
img001540.jpg,cips/cips-landscape/img001540.jpg,6,cips-landscape
img001779.jpg,cips/cips-landscape/img001779.jpg,6,cips-landscape
img001907.jpg,cips/cips-landscape/img001907.jpg,6,cips-landscape
img003152.jpg,cips/cips-landscape/img003152.jpg,6,cips-landscape
img001588.jpg,cips/cips-landscape/img001588.jpg,6,cips-landscape
img001901.jpg,cips/cips-landscape/img001901.jpg,6,cips-landscape
img000301.jpg,cips/cips-landscape/img000301.jpg,6,cips-landscape
img000934.jpg,cips/cips-landscape/img000934.jpg,6,cips-landscape
img002989.jpg,cips/cips-landscape/img002989.jpg,6,cips-landscape
img000713.jpg,cips/cips-landscape/img000713.jpg,6,cips-landscape
img001378.jpg,cips/cips-landscape/img001378.jpg,6,cips-landscape
img000511.jpg,cips/cips-landscape/img000511.jpg,6,cips-landscape
img003397.jpg,cips/cips-landscape/img003397.jpg,6,cips-landscape
img001395.jpg,cips/cips-landscape/img001395.jpg,6,cips-landscape
img000093.jpg,cips/cips-landscape/img000093.jpg,6,cips-landscape
img000655.jpg,cips/cips-landscape/img000655.jpg,6,cips-landscape
img002317.jpg,cips/cips-landscape/img002317.jpg,6,cips-landscape
img000757.jpg,cips/cips-landscape/img000757.jpg,6,cips-landscape
img002236.jpg,cips/cips-landscape/img002236.jpg,6,cips-landscape
img002896.jpg,cips/cips-landscape/img002896.jpg,6,cips-landscape
img003507.jpg,cips/cips-landscape/img003507.jpg,6,cips-landscape
img000076.jpg,cips/cips-landscape/img000076.jpg,6,cips-landscape
img001294.jpg,cips/cips-landscape/img001294.jpg,6,cips-landscape
img000005.jpg,cips/cips-landscape/img000005.jpg,6,cips-landscape
img002218.jpg,cips/cips-landscape/img002218.jpg,6,cips-landscape
img002581.jpg,cips/cips-landscape/img002581.jpg,6,cips-landscape
img001145.jpg,cips/cips-landscape/img001145.jpg,6,cips-landscape
img001384.jpg,cips/cips-landscape/img001384.jpg,6,cips-landscape
img002019.jpg,cips/cips-landscape/img002019.jpg,6,cips-landscape
img001919.jpg,cips/cips-landscape/img001919.jpg,6,cips-landscape
img000389.jpg,cips/cips-landscape/img000389.jpg,6,cips-landscape
img002454.jpg,cips/cips-landscape/img002454.jpg,6,cips-landscape
img000166.jpg,cips/cips-landscape/img000166.jpg,6,cips-landscape
img002306.jpg,cips/cips-landscape/img002306.jpg,6,cips-landscape
img002049.jpg,cips/cips-landscape/img002049.jpg,6,cips-landscape
img003389.jpg,cips/cips-landscape/img003389.jpg,6,cips-landscape
img002683.jpg,cips/cips-landscape/img002683.jpg,6,cips-landscape
img002524.jpg,cips/cips-landscape/img002524.jpg,6,cips-landscape
img001282.jpg,cips/cips-landscape/img001282.jpg,6,cips-landscape
img000628.jpg,cips/cips-landscape/img000628.jpg,6,cips-landscape
img001146.jpg,cips/cips-landscape/img001146.jpg,6,cips-landscape
img002184.jpg,cips/cips-landscape/img002184.jpg,6,cips-landscape
img001789.jpg,cips/cips-landscape/img001789.jpg,6,cips-landscape
img000515.jpg,cips/cips-landscape/img000515.jpg,6,cips-landscape
img000227.jpg,cips/cips-landscape/img000227.jpg,6,cips-landscape
img001432.jpg,cips/cips-landscape/img001432.jpg,6,cips-landscape
img003458.jpg,cips/cips-landscape/img003458.jpg,6,cips-landscape
img002201.jpg,cips/cips-landscape/img002201.jpg,6,cips-landscape
img002399.jpg,cips/cips-landscape/img002399.jpg,6,cips-landscape
img000860.jpg,cips/cips-landscape/img000860.jpg,6,cips-landscape
img001037.jpg,cips/cips-landscape/img001037.jpg,6,cips-landscape
img001192.jpg,cips/cips-landscape/img001192.jpg,6,cips-landscape
img000767.jpg,cips/cips-landscape/img000767.jpg,6,cips-landscape
img001232.jpg,cips/cips-landscape/img001232.jpg,6,cips-landscape
img001362.jpg,cips/cips-landscape/img001362.jpg,6,cips-landscape
img001210.jpg,cips/cips-landscape/img001210.jpg,6,cips-landscape
img002535.jpg,cips/cips-landscape/img002535.jpg,6,cips-landscape
img001832.jpg,cips/cips-landscape/img001832.jpg,6,cips-landscape
img003427.jpg,cips/cips-landscape/img003427.jpg,6,cips-landscape
img003319.jpg,cips/cips-landscape/img003319.jpg,6,cips-landscape
img003096.jpg,cips/cips-landscape/img003096.jpg,6,cips-landscape
img001447.jpg,cips/cips-landscape/img001447.jpg,6,cips-landscape
img001190.jpg,cips/cips-landscape/img001190.jpg,6,cips-landscape
img000215.jpg,cips/cips-landscape/img000215.jpg,6,cips-landscape
img002522.jpg,cips/cips-landscape/img002522.jpg,6,cips-landscape
img000094.jpg,cips/cips-landscape/img000094.jpg,6,cips-landscape
img002719.jpg,cips/cips-landscape/img002719.jpg,6,cips-landscape
img000218.jpg,cips/cips-landscape/img000218.jpg,6,cips-landscape
img000899.jpg,cips/cips-landscape/img000899.jpg,6,cips-landscape
img001329.jpg,cips/cips-landscape/img001329.jpg,6,cips-landscape
img001418.jpg,cips/cips-landscape/img001418.jpg,6,cips-landscape
img001962.jpg,cips/cips-landscape/img001962.jpg,6,cips-landscape
img003489.jpg,cips/cips-landscape/img003489.jpg,6,cips-landscape
img000424.jpg,cips/cips-landscape/img000424.jpg,6,cips-landscape
img000854.jpg,cips/cips-landscape/img000854.jpg,6,cips-landscape
img001726.jpg,cips/cips-landscape/img001726.jpg,6,cips-landscape
img002635.jpg,cips/cips-landscape/img002635.jpg,6,cips-landscape
img000869.jpg,cips/cips-landscape/img000869.jpg,6,cips-landscape
img001374.jpg,cips/cips-landscape/img001374.jpg,6,cips-landscape
img000338.jpg,cips/cips-landscape/img000338.jpg,6,cips-landscape
img002648.jpg,cips/cips-landscape/img002648.jpg,6,cips-landscape
img003462.jpg,cips/cips-landscape/img003462.jpg,6,cips-landscape
img000977.jpg,cips/cips-landscape/img000977.jpg,6,cips-landscape
img000755.jpg,cips/cips-landscape/img000755.jpg,6,cips-landscape
img000499.jpg,cips/cips-landscape/img000499.jpg,6,cips-landscape
img002726.jpg,cips/cips-landscape/img002726.jpg,6,cips-landscape
img003394.jpg,cips/cips-landscape/img003394.jpg,6,cips-landscape
img003067.jpg,cips/cips-landscape/img003067.jpg,6,cips-landscape
img003305.jpg,cips/cips-landscape/img003305.jpg,6,cips-landscape
img001746.jpg,cips/cips-landscape/img001746.jpg,6,cips-landscape
img001848.jpg,cips/cips-landscape/img001848.jpg,6,cips-landscape
img002712.jpg,cips/cips-landscape/img002712.jpg,6,cips-landscape
img001754.jpg,cips/cips-landscape/img001754.jpg,6,cips-landscape
img003409.jpg,cips/cips-landscape/img003409.jpg,6,cips-landscape
img000495.jpg,cips/cips-landscape/img000495.jpg,6,cips-landscape
img002174.jpg,cips/cips-landscape/img002174.jpg,6,cips-landscape
img001277.jpg,cips/cips-landscape/img001277.jpg,6,cips-landscape
img001488.jpg,cips/cips-landscape/img001488.jpg,6,cips-landscape
img001189.jpg,cips/cips-landscape/img001189.jpg,6,cips-landscape
img002523.jpg,cips/cips-landscape/img002523.jpg,6,cips-landscape
img003333.jpg,cips/cips-landscape/img003333.jpg,6,cips-landscape
img000179.jpg,cips/cips-landscape/img000179.jpg,6,cips-landscape
img003185.jpg,cips/cips-landscape/img003185.jpg,6,cips-landscape
img002962.jpg,cips/cips-landscape/img002962.jpg,6,cips-landscape
img000049.jpg,cips/cips-landscape/img000049.jpg,6,cips-landscape
img000533.jpg,cips/cips-landscape/img000533.jpg,6,cips-landscape
img002759.jpg,cips/cips-landscape/img002759.jpg,6,cips-landscape
img002790.jpg,cips/cips-landscape/img002790.jpg,6,cips-landscape
img002937.jpg,cips/cips-landscape/img002937.jpg,6,cips-landscape
img002321.jpg,cips/cips-landscape/img002321.jpg,6,cips-landscape
img001007.jpg,cips/cips-landscape/img001007.jpg,6,cips-landscape
img001864.jpg,cips/cips-landscape/img001864.jpg,6,cips-landscape
img003469.jpg,cips/cips-landscape/img003469.jpg,6,cips-landscape
img000055.jpg,cips/cips-landscape/img000055.jpg,6,cips-landscape
img001085.jpg,cips/cips-landscape/img001085.jpg,6,cips-landscape
img000376.jpg,cips/cips-landscape/img000376.jpg,6,cips-landscape
img001945.jpg,cips/cips-landscape/img001945.jpg,6,cips-landscape
img003499.jpg,cips/cips-landscape/img003499.jpg,6,cips-landscape
img002305.jpg,cips/cips-landscape/img002305.jpg,6,cips-landscape
img002455.jpg,cips/cips-landscape/img002455.jpg,6,cips-landscape
img000665.jpg,cips/cips-landscape/img000665.jpg,6,cips-landscape
img003174.jpg,cips/cips-landscape/img003174.jpg,6,cips-landscape
img000798.jpg,cips/cips-landscape/img000798.jpg,6,cips-landscape
img001781.jpg,cips/cips-landscape/img001781.jpg,6,cips-landscape
img002743.jpg,cips/cips-landscape/img002743.jpg,6,cips-landscape
img000324.jpg,cips/cips-landscape/img000324.jpg,6,cips-landscape
img001632.jpg,cips/cips-landscape/img001632.jpg,6,cips-landscape
img002980.jpg,cips/cips-landscape/img002980.jpg,6,cips-landscape
img002700.jpg,cips/cips-landscape/img002700.jpg,6,cips-landscape
img002978.jpg,cips/cips-landscape/img002978.jpg,6,cips-landscape
img000891.jpg,cips/cips-landscape/img000891.jpg,6,cips-landscape
img000269.jpg,cips/cips-landscape/img000269.jpg,6,cips-landscape
img001659.jpg,cips/cips-landscape/img001659.jpg,6,cips-landscape
img002753.jpg,cips/cips-landscape/img002753.jpg,6,cips-landscape
img001567.jpg,cips/cips-landscape/img001567.jpg,6,cips-landscape
img002755.jpg,cips/cips-landscape/img002755.jpg,6,cips-landscape
img001646.jpg,cips/cips-landscape/img001646.jpg,6,cips-landscape
img003384.jpg,cips/cips-landscape/img003384.jpg,6,cips-landscape
img001175.jpg,cips/cips-landscape/img001175.jpg,6,cips-landscape
img000783.jpg,cips/cips-landscape/img000783.jpg,6,cips-landscape
img003284.jpg,cips/cips-landscape/img003284.jpg,6,cips-landscape
img000592.jpg,cips/cips-landscape/img000592.jpg,6,cips-landscape
img001112.jpg,cips/cips-landscape/img001112.jpg,6,cips-landscape
img003414.jpg,cips/cips-landscape/img003414.jpg,6,cips-landscape
img003234.jpg,cips/cips-landscape/img003234.jpg,6,cips-landscape
img002880.jpg,cips/cips-landscape/img002880.jpg,6,cips-landscape
img001077.jpg,cips/cips-landscape/img001077.jpg,6,cips-landscape
img003077.jpg,cips/cips-landscape/img003077.jpg,6,cips-landscape
img003055.jpg,cips/cips-landscape/img003055.jpg,6,cips-landscape
img002510.jpg,cips/cips-landscape/img002510.jpg,6,cips-landscape
img003241.jpg,cips/cips-landscape/img003241.jpg,6,cips-landscape
img000103.jpg,cips/cips-landscape/img000103.jpg,6,cips-landscape
img000796.jpg,cips/cips-landscape/img000796.jpg,6,cips-landscape
img001753.jpg,cips/cips-landscape/img001753.jpg,6,cips-landscape
img002786.jpg,cips/cips-landscape/img002786.jpg,6,cips-landscape
img003115.jpg,cips/cips-landscape/img003115.jpg,6,cips-landscape
img003068.jpg,cips/cips-landscape/img003068.jpg,6,cips-landscape
img001318.jpg,cips/cips-landscape/img001318.jpg,6,cips-landscape
img003440.jpg,cips/cips-landscape/img003440.jpg,6,cips-landscape
img003323.jpg,cips/cips-landscape/img003323.jpg,6,cips-landscape
img000469.jpg,cips/cips-landscape/img000469.jpg,6,cips-landscape
img001236.jpg,cips/cips-landscape/img001236.jpg,6,cips-landscape
img002193.jpg,cips/cips-landscape/img002193.jpg,6,cips-landscape
img000114.jpg,cips/cips-landscape/img000114.jpg,6,cips-landscape
img000766.jpg,cips/cips-landscape/img000766.jpg,6,cips-landscape
img000182.jpg,cips/cips-landscape/img000182.jpg,6,cips-landscape
img003253.jpg,cips/cips-landscape/img003253.jpg,6,cips-landscape
img002766.jpg,cips/cips-landscape/img002766.jpg,6,cips-landscape
img001169.jpg,cips/cips-landscape/img001169.jpg,6,cips-landscape
img001796.jpg,cips/cips-landscape/img001796.jpg,6,cips-landscape
img002348.jpg,cips/cips-landscape/img002348.jpg,6,cips-landscape
img000063.jpg,cips/cips-landscape/img000063.jpg,6,cips-landscape
img003050.jpg,cips/cips-landscape/img003050.jpg,6,cips-landscape
img001328.jpg,cips/cips-landscape/img001328.jpg,6,cips-landscape
img001276.jpg,cips/cips-landscape/img001276.jpg,6,cips-landscape
img001482.jpg,cips/cips-landscape/img001482.jpg,6,cips-landscape
img002836.jpg,cips/cips-landscape/img002836.jpg,6,cips-landscape
img003213.jpg,cips/cips-landscape/img003213.jpg,6,cips-landscape
