filename,image_path,target,category
img000608.jpg,proj/art_painting/img000608.jpg,6,art_painting
img000235.jpg,proj/art_painting/img000235.jpg,6,art_painting
img001541.jpg,proj/art_painting/img001541.jpg,6,art_painting
img001548.jpg,proj/art_painting/img001548.jpg,6,art_painting
img000817.jpg,proj/art_painting/img000817.jpg,6,art_painting
img000897.jpg,proj/art_painting/img000897.jpg,6,art_painting
img001410.jpg,proj/art_painting/img001410.jpg,6,art_painting
img001974.jpg,proj/art_painting/img001974.jpg,6,art_painting
img000495.jpg,proj/art_painting/img000495.jpg,6,art_painting
img001852.jpg,proj/art_painting/img001852.jpg,6,art_painting
img001967.jpg,proj/art_painting/img001967.jpg,6,art_painting
img000981.jpg,proj/art_painting/img000981.jpg,6,art_painting
img001351.jpg,proj/art_painting/img001351.jpg,6,art_painting
img000122.jpg,proj/art_painting/img000122.jpg,6,art_painting
img001913.jpg,proj/art_painting/img001913.jpg,6,art_painting
img001189.jpg,proj/art_painting/img001189.jpg,6,art_painting
img000101.jpg,proj/art_painting/img000101.jpg,6,art_painting
img001992.jpg,proj/art_painting/img001992.jpg,6,art_painting
img000838.jpg,proj/art_painting/img000838.jpg,6,art_painting
img001079.jpg,proj/art_painting/img001079.jpg,6,art_painting
img000974.jpg,proj/art_painting/img000974.jpg,6,art_painting
img001350.jpg,proj/art_painting/img001350.jpg,6,art_painting
img000179.jpg,proj/art_painting/img000179.jpg,6,art_painting
img001807.jpg,proj/art_painting/img001807.jpg,6,art_painting
img000753.jpg,proj/art_painting/img000753.jpg,6,art_painting
img000393.jpg,proj/art_painting/img000393.jpg,6,art_painting
img000782.jpg,proj/art_painting/img000782.jpg,6,art_painting
img001260.jpg,proj/art_painting/img001260.jpg,6,art_painting
img000070.jpg,proj/art_painting/img000070.jpg,6,art_painting
img001345.jpg,proj/art_painting/img001345.jpg,6,art_painting
img000297.jpg,proj/art_painting/img000297.jpg,6,art_painting
img001036.jpg,proj/art_painting/img001036.jpg,6,art_painting
img001220.jpg,proj/art_painting/img001220.jpg,6,art_painting
img001902.jpg,proj/art_painting/img001902.jpg,6,art_painting
img000065.jpg,proj/art_painting/img000065.jpg,6,art_painting
img000265.jpg,proj/art_painting/img000265.jpg,6,art_painting
img001750.jpg,proj/art_painting/img001750.jpg,6,art_painting
img000935.jpg,proj/art_painting/img000935.jpg,6,art_painting
img000391.jpg,proj/art_painting/img000391.jpg,6,art_painting
img001344.jpg,proj/art_painting/img001344.jpg,6,art_painting
img001918.jpg,proj/art_painting/img001918.jpg,6,art_painting
img001774.jpg,proj/art_painting/img001774.jpg,6,art_painting
img000105.jpg,proj/art_painting/img000105.jpg,6,art_painting
img000088.jpg,proj/art_painting/img000088.jpg,6,art_painting
img000668.jpg,proj/art_painting/img000668.jpg,6,art_painting
img001874.jpg,proj/art_painting/img001874.jpg,6,art_painting
img001761.jpg,proj/art_painting/img001761.jpg,6,art_painting
img001199.jpg,proj/art_painting/img001199.jpg,6,art_painting
img001883.jpg,proj/art_painting/img001883.jpg,6,art_painting
img000740.jpg,proj/art_painting/img000740.jpg,6,art_painting
img001575.jpg,proj/art_painting/img001575.jpg,6,art_painting
img001795.jpg,proj/art_painting/img001795.jpg,6,art_painting
img001840.jpg,proj/art_painting/img001840.jpg,6,art_painting
img001570.jpg,proj/art_painting/img001570.jpg,6,art_painting
img000541.jpg,proj/art_painting/img000541.jpg,6,art_painting
img001584.jpg,proj/art_painting/img001584.jpg,6,art_painting
img000338.jpg,proj/art_painting/img000338.jpg,6,art_painting
img001578.jpg,proj/art_painting/img001578.jpg,6,art_painting
img001447.jpg,proj/art_painting/img001447.jpg,6,art_painting
img000401.jpg,proj/art_painting/img000401.jpg,6,art_painting
img000986.jpg,proj/art_painting/img000986.jpg,6,art_painting
img001373.jpg,proj/art_painting/img001373.jpg,6,art_painting
img000903.jpg,proj/art_painting/img000903.jpg,6,art_painting
img000721.jpg,proj/art_painting/img000721.jpg,6,art_painting
img000012.jpg,proj/art_painting/img000012.jpg,6,art_painting
img001651.jpg,proj/art_painting/img001651.jpg,6,art_painting
img001908.jpg,proj/art_painting/img001908.jpg,6,art_painting
img000292.jpg,proj/art_painting/img000292.jpg,6,art_painting
img001124.jpg,proj/art_painting/img001124.jpg,6,art_painting
img001611.jpg,proj/art_painting/img001611.jpg,6,art_painting
img001294.jpg,proj/art_painting/img001294.jpg,6,art_painting
img001460.jpg,proj/art_painting/img001460.jpg,6,art_painting
img000335.jpg,proj/art_painting/img000335.jpg,6,art_painting
img000926.jpg,proj/art_painting/img000926.jpg,6,art_painting
img001675.jpg,proj/art_painting/img001675.jpg,6,art_painting
img000835.jpg,proj/art_painting/img000835.jpg,6,art_painting
img000948.jpg,proj/art_painting/img000948.jpg,6,art_painting
img000900.jpg,proj/art_painting/img000900.jpg,6,art_painting
img000642.jpg,proj/art_painting/img000642.jpg,6,art_painting
img001179.jpg,proj/art_painting/img001179.jpg,6,art_painting
img001661.jpg,proj/art_painting/img001661.jpg,6,art_painting
img000362.jpg,proj/art_painting/img000362.jpg,6,art_painting
img001529.jpg,proj/art_painting/img001529.jpg,6,art_painting
img000628.jpg,proj/art_painting/img000628.jpg,6,art_painting
img000328.jpg,proj/art_painting/img000328.jpg,6,art_painting
img001369.jpg,proj/art_painting/img001369.jpg,6,art_painting
img001827.jpg,proj/art_painting/img001827.jpg,6,art_painting
img000511.jpg,proj/art_painting/img000511.jpg,6,art_painting
img001848.jpg,proj/art_painting/img001848.jpg,6,art_painting
img000984.jpg,proj/art_painting/img000984.jpg,6,art_painting
img000552.jpg,proj/art_painting/img000552.jpg,6,art_painting
img000666.jpg,proj/art_painting/img000666.jpg,6,art_painting
img000503.jpg,proj/art_painting/img000503.jpg,6,art_painting
img000649.jpg,proj/art_painting/img000649.jpg,6,art_painting
img000723.jpg,proj/art_painting/img000723.jpg,6,art_painting
img001621.jpg,proj/art_painting/img001621.jpg,6,art_painting
img000490.jpg,proj/art_painting/img000490.jpg,6,art_painting
img000719.jpg,proj/art_painting/img000719.jpg,6,art_painting
img000455.jpg,proj/art_painting/img000455.jpg,6,art_painting
img000381.jpg,proj/art_painting/img000381.jpg,6,art_painting
img001282.jpg,proj/art_painting/img001282.jpg,6,art_painting
img001666.jpg,proj/art_painting/img001666.jpg,6,art_painting
img000084.jpg,proj/art_painting/img000084.jpg,6,art_painting
img001971.jpg,proj/art_painting/img001971.jpg,6,art_painting
img000579.jpg,proj/art_painting/img000579.jpg,6,art_painting
img001791.jpg,proj/art_painting/img001791.jpg,6,art_painting
img000764.jpg,proj/art_painting/img000764.jpg,6,art_painting
img001256.jpg,proj/art_painting/img001256.jpg,6,art_painting
img001463.jpg,proj/art_painting/img001463.jpg,6,art_painting
img000188.jpg,proj/art_painting/img000188.jpg,6,art_painting
img001404.jpg,proj/art_painting/img001404.jpg,6,art_painting
img000697.jpg,proj/art_painting/img000697.jpg,6,art_painting
img000672.jpg,proj/art_painting/img000672.jpg,6,art_painting
img001990.jpg,proj/art_painting/img001990.jpg,6,art_painting
img000251.jpg,proj/art_painting/img000251.jpg,6,art_painting
img000498.jpg,proj/art_painting/img000498.jpg,6,art_painting
img000285.jpg,proj/art_painting/img000285.jpg,6,art_painting
img001763.jpg,proj/art_painting/img001763.jpg,6,art_painting
img000312.jpg,proj/art_painting/img000312.jpg,6,art_painting
img000153.jpg,proj/art_painting/img000153.jpg,6,art_painting
img000384.jpg,proj/art_painting/img000384.jpg,6,art_painting
img000143.jpg,proj/art_painting/img000143.jpg,6,art_painting
img000003.jpg,proj/art_painting/img000003.jpg,6,art_painting
img001297.jpg,proj/art_painting/img001297.jpg,6,art_painting
img000616.jpg,proj/art_painting/img000616.jpg,6,art_painting
img001929.jpg,proj/art_painting/img001929.jpg,6,art_painting
img001517.jpg,proj/art_painting/img001517.jpg,6,art_painting
img001553.jpg,proj/art_painting/img001553.jpg,6,art_painting
img001512.jpg,proj/art_painting/img001512.jpg,6,art_painting
img001314.jpg,proj/art_painting/img001314.jpg,6,art_painting
img001916.jpg,proj/art_painting/img001916.jpg,6,art_painting
img001288.jpg,proj/art_painting/img001288.jpg,6,art_painting
img000836.jpg,proj/art_painting/img000836.jpg,6,art_painting
img000424.jpg,proj/art_painting/img000424.jpg,6,art_painting
img001035.jpg,proj/art_painting/img001035.jpg,6,art_painting
img001944.jpg,proj/art_painting/img001944.jpg,6,art_painting
img000091.jpg,proj/art_painting/img000091.jpg,6,art_painting
img000493.jpg,proj/art_painting/img000493.jpg,6,art_painting
img001311.jpg,proj/art_painting/img001311.jpg,6,art_painting
img000466.jpg,proj/art_painting/img000466.jpg,6,art_painting
img000283.jpg,proj/art_painting/img000283.jpg,6,art_painting
img001564.jpg,proj/art_painting/img001564.jpg,6,art_painting
img001531.jpg,proj/art_painting/img001531.jpg,6,art_painting
img000607.jpg,proj/art_painting/img000607.jpg,6,art_painting
img000434.jpg,proj/art_painting/img000434.jpg,6,art_painting
img000890.jpg,proj/art_painting/img000890.jpg,6,art_painting
img000095.jpg,proj/art_painting/img000095.jpg,6,art_painting
img001888.jpg,proj/art_painting/img001888.jpg,6,art_painting
img000834.jpg,proj/art_painting/img000834.jpg,6,art_painting
img001176.jpg,proj/art_painting/img001176.jpg,6,art_painting
img001042.jpg,proj/art_painting/img001042.jpg,6,art_painting
img000245.jpg,proj/art_painting/img000245.jpg,6,art_painting
img001222.jpg,proj/art_painting/img001222.jpg,6,art_painting
img001160.jpg,proj/art_painting/img001160.jpg,6,art_painting
img001129.jpg,proj/art_painting/img001129.jpg,6,art_painting
img001801.jpg,proj/art_painting/img001801.jpg,6,art_painting
img001560.jpg,proj/art_painting/img001560.jpg,6,art_painting
img001048.jpg,proj/art_painting/img001048.jpg,6,art_painting
img001506.jpg,proj/art_painting/img001506.jpg,6,art_painting
img001304.jpg,proj/art_painting/img001304.jpg,6,art_painting
img000647.jpg,proj/art_painting/img000647.jpg,6,art_painting
img001022.jpg,proj/art_painting/img001022.jpg,6,art_painting
img001853.jpg,proj/art_painting/img001853.jpg,6,art_painting
img001737.jpg,proj/art_painting/img001737.jpg,6,art_painting
img000604.jpg,proj/art_painting/img000604.jpg,6,art_painting
img001912.jpg,proj/art_painting/img001912.jpg,6,art_painting
img001228.jpg,proj/art_painting/img001228.jpg,6,art_painting
img000643.jpg,proj/art_painting/img000643.jpg,6,art_painting
img000941.jpg,proj/art_painting/img000941.jpg,6,art_painting
img001780.jpg,proj/art_painting/img001780.jpg,6,art_painting
img001430.jpg,proj/art_painting/img001430.jpg,6,art_painting
img001996.jpg,proj/art_painting/img001996.jpg,6,art_painting
img000560.jpg,proj/art_painting/img000560.jpg,6,art_painting
img000395.jpg,proj/art_painting/img000395.jpg,6,art_painting
img001926.jpg,proj/art_painting/img001926.jpg,6,art_painting
img000076.jpg,proj/art_painting/img000076.jpg,6,art_painting
img000801.jpg,proj/art_painting/img000801.jpg,6,art_painting
img000284.jpg,proj/art_painting/img000284.jpg,6,art_painting
img000588.jpg,proj/art_painting/img000588.jpg,6,art_painting
img001008.jpg,proj/art_painting/img001008.jpg,6,art_painting
img001417.jpg,proj/art_painting/img001417.jpg,6,art_painting
img001762.jpg,proj/art_painting/img001762.jpg,6,art_painting
img001383.jpg,proj/art_painting/img001383.jpg,6,art_painting
img000795.jpg,proj/art_painting/img000795.jpg,6,art_painting
img001604.jpg,proj/art_painting/img001604.jpg,6,art_painting
img001893.jpg,proj/art_painting/img001893.jpg,6,art_painting
img001309.jpg,proj/art_painting/img001309.jpg,6,art_painting
img001836.jpg,proj/art_painting/img001836.jpg,6,art_painting
img000637.jpg,proj/art_painting/img000637.jpg,6,art_painting
img000881.jpg,proj/art_painting/img000881.jpg,6,art_painting
img000451.jpg,proj/art_painting/img000451.jpg,6,art_painting
img000007.jpg,proj/art_painting/img000007.jpg,6,art_painting
img000650.jpg,proj/art_painting/img000650.jpg,6,art_painting
img000107.jpg,proj/art_painting/img000107.jpg,6,art_painting
img000732.jpg,proj/art_painting/img000732.jpg,6,art_painting
img000031.jpg,proj/art_painting/img000031.jpg,6,art_painting
img001123.jpg,proj/art_painting/img001123.jpg,6,art_painting
img001414.jpg,proj/art_painting/img001414.jpg,6,art_painting
img001770.jpg,proj/art_painting/img001770.jpg,6,art_painting
img000609.jpg,proj/art_painting/img000609.jpg,6,art_painting
img000406.jpg,proj/art_painting/img000406.jpg,6,art_painting
img000462.jpg,proj/art_painting/img000462.jpg,6,art_painting
img000066.jpg,proj/art_painting/img000066.jpg,6,art_painting
img001409.jpg,proj/art_painting/img001409.jpg,6,art_painting
img000273.jpg,proj/art_painting/img000273.jpg,6,art_painting
img001880.jpg,proj/art_painting/img001880.jpg,6,art_painting
img000970.jpg,proj/art_painting/img000970.jpg,6,art_painting
img000626.jpg,proj/art_painting/img000626.jpg,6,art_painting
img000383.jpg,proj/art_painting/img000383.jpg,6,art_painting
img001817.jpg,proj/art_painting/img001817.jpg,6,art_painting
img001599.jpg,proj/art_painting/img001599.jpg,6,art_painting
img000998.jpg,proj/art_painting/img000998.jpg,6,art_painting
img001709.jpg,proj/art_painting/img001709.jpg,6,art_painting
img001812.jpg,proj/art_painting/img001812.jpg,6,art_painting
img001507.jpg,proj/art_painting/img001507.jpg,6,art_painting
img001882.jpg,proj/art_painting/img001882.jpg,6,art_painting
img000730.jpg,proj/art_painting/img000730.jpg,6,art_painting
img000053.jpg,proj/art_painting/img000053.jpg,6,art_painting
img001236.jpg,proj/art_painting/img001236.jpg,6,art_painting
img001211.jpg,proj/art_painting/img001211.jpg,6,art_painting
img000267.jpg,proj/art_painting/img000267.jpg,6,art_painting
img001119.jpg,proj/art_painting/img001119.jpg,6,art_painting
img000575.jpg,proj/art_painting/img000575.jpg,6,art_painting
img001292.jpg,proj/art_painting/img001292.jpg,6,art_painting
img000818.jpg,proj/art_painting/img000818.jpg,6,art_painting
img000322.jpg,proj/art_painting/img000322.jpg,6,art_painting
img000715.jpg,proj/art_painting/img000715.jpg,6,art_painting
img000372.jpg,proj/art_painting/img000372.jpg,6,art_painting
img001741.jpg,proj/art_painting/img001741.jpg,6,art_painting
img000075.jpg,proj/art_painting/img000075.jpg,6,art_painting
img001509.jpg,proj/art_painting/img001509.jpg,6,art_painting
img000992.jpg,proj/art_painting/img000992.jpg,6,art_painting
img001876.jpg,proj/art_painting/img001876.jpg,6,art_painting
img001705.jpg,proj/art_painting/img001705.jpg,6,art_painting
img000350.jpg,proj/art_painting/img000350.jpg,6,art_painting
img000215.jpg,proj/art_painting/img000215.jpg,6,art_painting
img000724.jpg,proj/art_painting/img000724.jpg,6,art_painting
img000051.jpg,proj/art_painting/img000051.jpg,6,art_painting
img000718.jpg,proj/art_painting/img000718.jpg,6,art_painting
img001927.jpg,proj/art_painting/img001927.jpg,6,art_painting
img000190.jpg,proj/art_painting/img000190.jpg,6,art_painting
img000044.jpg,proj/art_painting/img000044.jpg,6,art_painting
img000814.jpg,proj/art_painting/img000814.jpg,6,art_painting
img000135.jpg,proj/art_painting/img000135.jpg,6,art_painting
img001394.jpg,proj/art_painting/img001394.jpg,6,art_painting
img000918.jpg,proj/art_painting/img000918.jpg,6,art_painting
img001003.jpg,proj/art_painting/img001003.jpg,6,art_painting
img000150.jpg,proj/art_painting/img000150.jpg,6,art_painting
img001235.jpg,proj/art_painting/img001235.jpg,6,art_painting
img000701.jpg,proj/art_painting/img000701.jpg,6,art_painting
img001760.jpg,proj/art_painting/img001760.jpg,6,art_painting
img001081.jpg,proj/art_painting/img001081.jpg,6,art_painting
img001465.jpg,proj/art_painting/img001465.jpg,6,art_painting
img000639.jpg,proj/art_painting/img000639.jpg,6,art_painting
img000234.jpg,proj/art_painting/img000234.jpg,6,art_painting
img001239.jpg,proj/art_painting/img001239.jpg,6,art_painting
img001677.jpg,proj/art_painting/img001677.jpg,6,art_painting
img000452.jpg,proj/art_painting/img000452.jpg,6,art_painting
img001478.jpg,proj/art_painting/img001478.jpg,6,art_painting
img000544.jpg,proj/art_painting/img000544.jpg,6,art_painting
img000982.jpg,proj/art_painting/img000982.jpg,6,art_painting
img000622.jpg,proj/art_painting/img000622.jpg,6,art_painting
img001272.jpg,proj/art_painting/img001272.jpg,6,art_painting
img000585.jpg,proj/art_painting/img000585.jpg,6,art_painting
img000022.jpg,proj/art_painting/img000022.jpg,6,art_painting
img001494.jpg,proj/art_painting/img001494.jpg,6,art_painting
img000831.jpg,proj/art_painting/img000831.jpg,6,art_painting
img000837.jpg,proj/art_painting/img000837.jpg,6,art_painting
img001722.jpg,proj/art_painting/img001722.jpg,6,art_painting
img000806.jpg,proj/art_painting/img000806.jpg,6,art_painting
img001207.jpg,proj/art_painting/img001207.jpg,6,art_painting
img001909.jpg,proj/art_painting/img001909.jpg,6,art_painting
img000354.jpg,proj/art_painting/img000354.jpg,6,art_painting
img000246.jpg,proj/art_painting/img000246.jpg,6,art_painting
img001133.jpg,proj/art_painting/img001133.jpg,6,art_painting
img001448.jpg,proj/art_painting/img001448.jpg,6,art_painting
img001746.jpg,proj/art_painting/img001746.jpg,6,art_painting
img001454.jpg,proj/art_painting/img001454.jpg,6,art_painting
img001619.jpg,proj/art_painting/img001619.jpg,6,art_painting
img000745.jpg,proj/art_painting/img000745.jpg,6,art_painting
img001136.jpg,proj/art_painting/img001136.jpg,6,art_painting
img001981.jpg,proj/art_painting/img001981.jpg,6,art_painting
img000049.jpg,proj/art_painting/img000049.jpg,6,art_painting
img001226.jpg,proj/art_painting/img001226.jpg,6,art_painting
img000783.jpg,proj/art_painting/img000783.jpg,6,art_painting
img000796.jpg,proj/art_painting/img000796.jpg,6,art_painting
img001917.jpg,proj/art_painting/img001917.jpg,6,art_painting
img000244.jpg,proj/art_painting/img000244.jpg,6,art_painting
img000652.jpg,proj/art_painting/img000652.jpg,6,art_painting
img001090.jpg,proj/art_painting/img001090.jpg,6,art_painting
img001601.jpg,proj/art_painting/img001601.jpg,6,art_painting
img001707.jpg,proj/art_painting/img001707.jpg,6,art_painting
img000259.jpg,proj/art_painting/img000259.jpg,6,art_painting
img000825.jpg,proj/art_painting/img000825.jpg,6,art_painting
img001557.jpg,proj/art_painting/img001557.jpg,6,art_painting
img001627.jpg,proj/art_painting/img001627.jpg,6,art_painting
img001556.jpg,proj/art_painting/img001556.jpg,6,art_painting
img001903.jpg,proj/art_painting/img001903.jpg,6,art_painting
img001080.jpg,proj/art_painting/img001080.jpg,6,art_painting
img001683.jpg,proj/art_painting/img001683.jpg,6,art_painting
img000093.jpg,proj/art_painting/img000093.jpg,6,art_painting
img001891.jpg,proj/art_painting/img001891.jpg,6,art_painting
img000923.jpg,proj/art_painting/img000923.jpg,6,art_painting
img001416.jpg,proj/art_painting/img001416.jpg,6,art_painting
img001457.jpg,proj/art_painting/img001457.jpg,6,art_painting
img000520.jpg,proj/art_painting/img000520.jpg,6,art_painting
img000258.jpg,proj/art_painting/img000258.jpg,6,art_painting
img001647.jpg,proj/art_painting/img001647.jpg,6,art_painting
img000595.jpg,proj/art_painting/img000595.jpg,6,art_painting
img001018.jpg,proj/art_painting/img001018.jpg,6,art_painting
img000253.jpg,proj/art_painting/img000253.jpg,6,art_painting
img001291.jpg,proj/art_painting/img001291.jpg,6,art_painting
img000581.jpg,proj/art_painting/img000581.jpg,6,art_painting
img000524.jpg,proj/art_painting/img000524.jpg,6,art_painting
img000180.jpg,proj/art_painting/img000180.jpg,6,art_painting
img000564.jpg,proj/art_painting/img000564.jpg,6,art_painting
img000547.jpg,proj/art_painting/img000547.jpg,6,art_painting
img001368.jpg,proj/art_painting/img001368.jpg,6,art_painting
img000815.jpg,proj/art_painting/img000815.jpg,6,art_painting
img001147.jpg,proj/art_painting/img001147.jpg,6,art_painting
img000191.jpg,proj/art_painting/img000191.jpg,6,art_painting
img000828.jpg,proj/art_painting/img000828.jpg,6,art_painting
img001194.jpg,proj/art_painting/img001194.jpg,6,art_painting
img000167.jpg,proj/art_painting/img000167.jpg,6,art_painting
img001544.jpg,proj/art_painting/img001544.jpg,6,art_painting
img001376.jpg,proj/art_painting/img001376.jpg,6,art_painting
img001412.jpg,proj/art_painting/img001412.jpg,6,art_painting
img000035.jpg,proj/art_painting/img000035.jpg,6,art_painting
img001321.jpg,proj/art_painting/img001321.jpg,6,art_painting
img000500.jpg,proj/art_painting/img000500.jpg,6,art_painting
img000886.jpg,proj/art_painting/img000886.jpg,6,art_painting
img001847.jpg,proj/art_painting/img001847.jpg,6,art_painting
img000254.jpg,proj/art_painting/img000254.jpg,6,art_painting
img001213.jpg,proj/art_painting/img001213.jpg,6,art_painting
img001515.jpg,proj/art_painting/img001515.jpg,6,art_painting
img001626.jpg,proj/art_painting/img001626.jpg,6,art_painting
img001571.jpg,proj/art_painting/img001571.jpg,6,art_painting
img001167.jpg,proj/art_painting/img001167.jpg,6,art_painting
img001624.jpg,proj/art_painting/img001624.jpg,6,art_painting
img001152.jpg,proj/art_painting/img001152.jpg,6,art_painting
img000779.jpg,proj/art_painting/img000779.jpg,6,art_painting
img000629.jpg,proj/art_painting/img000629.jpg,6,art_painting
img001810.jpg,proj/art_painting/img001810.jpg,6,art_painting
img000675.jpg,proj/art_painting/img000675.jpg,6,art_painting
img001995.jpg,proj/art_painting/img001995.jpg,6,art_painting
img000785.jpg,proj/art_painting/img000785.jpg,6,art_painting
img000864.jpg,proj/art_painting/img000864.jpg,6,art_painting
img001667.jpg,proj/art_painting/img001667.jpg,6,art_painting
img001121.jpg,proj/art_painting/img001121.jpg,6,art_painting
img001343.jpg,proj/art_painting/img001343.jpg,6,art_painting
img001436.jpg,proj/art_painting/img001436.jpg,6,art_painting
img001191.jpg,proj/art_painting/img001191.jpg,6,art_painting
img000952.jpg,proj/art_painting/img000952.jpg,6,art_painting
img000142.jpg,proj/art_painting/img000142.jpg,6,art_painting
img000597.jpg,proj/art_painting/img000597.jpg,6,art_painting
img001381.jpg,proj/art_painting/img001381.jpg,6,art_painting
img000119.jpg,proj/art_painting/img000119.jpg,6,art_painting
img000184.jpg,proj/art_painting/img000184.jpg,6,art_painting
img001390.jpg,proj/art_painting/img001390.jpg,6,art_painting
img000771.jpg,proj/art_painting/img000771.jpg,6,art_painting
img001155.jpg,proj/art_painting/img001155.jpg,6,art_painting
img001190.jpg,proj/art_painting/img001190.jpg,6,art_painting
img001723.jpg,proj/art_painting/img001723.jpg,6,art_painting
img001574.jpg,proj/art_painting/img001574.jpg,6,art_painting
img000612.jpg,proj/art_painting/img000612.jpg,6,art_painting
img000281.jpg,proj/art_painting/img000281.jpg,6,art_painting
img000956.jpg,proj/art_painting/img000956.jpg,6,art_painting
img000682.jpg,proj/art_painting/img000682.jpg,6,art_painting
img001391.jpg,proj/art_painting/img001391.jpg,6,art_painting
img001545.jpg,proj/art_painting/img001545.jpg,6,art_painting
img000558.jpg,proj/art_painting/img000558.jpg,6,art_painting
img001101.jpg,proj/art_painting/img001101.jpg,6,art_painting
img000933.jpg,proj/art_painting/img000933.jpg,6,art_painting
img001201.jpg,proj/art_painting/img001201.jpg,6,art_painting
img001982.jpg,proj/art_painting/img001982.jpg,6,art_painting
img000979.jpg,proj/art_painting/img000979.jpg,6,art_painting
img000734.jpg,proj/art_painting/img000734.jpg,6,art_painting
img001320.jpg,proj/art_painting/img001320.jpg,6,art_painting
img001744.jpg,proj/art_painting/img001744.jpg,6,art_painting
img001869.jpg,proj/art_painting/img001869.jpg,6,art_painting
img001009.jpg,proj/art_painting/img001009.jpg,6,art_painting
img000327.jpg,proj/art_painting/img000327.jpg,6,art_painting
img001955.jpg,proj/art_painting/img001955.jpg,6,art_painting
img000748.jpg,proj/art_painting/img000748.jpg,6,art_painting
img001364.jpg,proj/art_painting/img001364.jpg,6,art_painting
img001068.jpg,proj/art_painting/img001068.jpg,6,art_painting
img000663.jpg,proj/art_painting/img000663.jpg,6,art_painting
img001484.jpg,proj/art_painting/img001484.jpg,6,art_painting
img000360.jpg,proj/art_painting/img000360.jpg,6,art_painting
img000063.jpg,proj/art_painting/img000063.jpg,6,art_painting
img000129.jpg,proj/art_painting/img000129.jpg,6,art_painting
img000577.jpg,proj/art_painting/img000577.jpg,6,art_painting
img000968.jpg,proj/art_painting/img000968.jpg,6,art_painting
img001968.jpg,proj/art_painting/img001968.jpg,6,art_painting
img000623.jpg,proj/art_painting/img000623.jpg,6,art_painting
img000922.jpg,proj/art_painting/img000922.jpg,6,art_painting
img000419.jpg,proj/art_painting/img000419.jpg,6,art_painting
img001307.jpg,proj/art_painting/img001307.jpg,6,art_painting
img001027.jpg,proj/art_painting/img001027.jpg,6,art_painting
img001511.jpg,proj/art_painting/img001511.jpg,6,art_painting
img001671.jpg,proj/art_painting/img001671.jpg,6,art_painting
img000592.jpg,proj/art_painting/img000592.jpg,6,art_painting
img001622.jpg,proj/art_painting/img001622.jpg,6,art_painting
img001032.jpg,proj/art_painting/img001032.jpg,6,art_painting
img000512.jpg,proj/art_painting/img000512.jpg,6,art_painting
img000056.jpg,proj/art_painting/img000056.jpg,6,art_painting
img001209.jpg,proj/art_painting/img001209.jpg,6,art_painting
img001997.jpg,proj/art_painting/img001997.jpg,6,art_painting
img001615.jpg,proj/art_painting/img001615.jpg,6,art_painting
img001064.jpg,proj/art_painting/img001064.jpg,6,art_painting
img001352.jpg,proj/art_painting/img001352.jpg,6,art_painting
img000674.jpg,proj/art_painting/img000674.jpg,6,art_painting
img000873.jpg,proj/art_painting/img000873.jpg,6,art_painting
img000130.jpg,proj/art_painting/img000130.jpg,6,art_painting
img000176.jpg,proj/art_painting/img000176.jpg,6,art_painting
img000155.jpg,proj/art_painting/img000155.jpg,6,art_painting
img000223.jpg,proj/art_painting/img000223.jpg,6,art_painting
img001984.jpg,proj/art_painting/img001984.jpg,6,art_painting
img001134.jpg,proj/art_painting/img001134.jpg,6,art_painting
img000971.jpg,proj/art_painting/img000971.jpg,6,art_painting
img001527.jpg,proj/art_painting/img001527.jpg,6,art_painting
img001726.jpg,proj/art_painting/img001726.jpg,6,art_painting
img000758.jpg,proj/art_painting/img000758.jpg,6,art_painting
img001316.jpg,proj/art_painting/img001316.jpg,6,art_painting
img000858.jpg,proj/art_painting/img000858.jpg,6,art_painting
img001367.jpg,proj/art_painting/img001367.jpg,6,art_painting
img001072.jpg,proj/art_painting/img001072.jpg,6,art_painting
img001586.jpg,proj/art_painting/img001586.jpg,6,art_painting
img001720.jpg,proj/art_painting/img001720.jpg,6,art_painting
img001386.jpg,proj/art_painting/img001386.jpg,6,art_painting
img001825.jpg,proj/art_painting/img001825.jpg,6,art_painting
img001301.jpg,proj/art_painting/img001301.jpg,6,art_painting
img000125.jpg,proj/art_painting/img000125.jpg,6,art_painting
img001422.jpg,proj/art_painting/img001422.jpg,6,art_painting
img001798.jpg,proj/art_painting/img001798.jpg,6,art_painting
img000111.jpg,proj/art_painting/img000111.jpg,6,art_painting
img000759.jpg,proj/art_painting/img000759.jpg,6,art_painting
img001255.jpg,proj/art_painting/img001255.jpg,6,art_painting
img000703.jpg,proj/art_painting/img000703.jpg,6,art_painting
img000766.jpg,proj/art_painting/img000766.jpg,6,art_painting
img001076.jpg,proj/art_painting/img001076.jpg,6,art_painting
img000786.jpg,proj/art_painting/img000786.jpg,6,art_painting
img001633.jpg,proj/art_painting/img001633.jpg,6,art_painting
img001462.jpg,proj/art_painting/img001462.jpg,6,art_painting
img000522.jpg,proj/art_painting/img000522.jpg,6,art_painting
img000364.jpg,proj/art_painting/img000364.jpg,6,art_painting
img001186.jpg,proj/art_painting/img001186.jpg,6,art_painting
img001534.jpg,proj/art_painting/img001534.jpg,6,art_painting
img000973.jpg,proj/art_painting/img000973.jpg,6,art_painting
img001778.jpg,proj/art_painting/img001778.jpg,6,art_painting
img001747.jpg,proj/art_painting/img001747.jpg,6,art_painting
img000644.jpg,proj/art_painting/img000644.jpg,6,art_painting
img001697.jpg,proj/art_painting/img001697.jpg,6,art_painting
img000185.jpg,proj/art_painting/img000185.jpg,6,art_painting
img000772.jpg,proj/art_painting/img000772.jpg,6,art_painting
img000546.jpg,proj/art_painting/img000546.jpg,6,art_painting
img000506.jpg,proj/art_painting/img000506.jpg,6,art_painting
img000731.jpg,proj/art_painting/img000731.jpg,6,art_painting
img000290.jpg,proj/art_painting/img000290.jpg,6,art_painting
img001875.jpg,proj/art_painting/img001875.jpg,6,art_painting
img000570.jpg,proj/art_painting/img000570.jpg,6,art_painting
img001122.jpg,proj/art_painting/img001122.jpg,6,art_painting
img000990.jpg,proj/art_painting/img000990.jpg,6,art_painting
img001751.jpg,proj/art_painting/img001751.jpg,6,art_painting
img001408.jpg,proj/art_painting/img001408.jpg,6,art_painting
img000802.jpg,proj/art_painting/img000802.jpg,6,art_painting
img001437.jpg,proj/art_painting/img001437.jpg,6,art_painting
img001540.jpg,proj/art_painting/img001540.jpg,6,art_painting
img001966.jpg,proj/art_painting/img001966.jpg,6,art_painting
img001782.jpg,proj/art_painting/img001782.jpg,6,art_painting
img001804.jpg,proj/art_painting/img001804.jpg,6,art_painting
img001729.jpg,proj/art_painting/img001729.jpg,6,art_painting
img000453.jpg,proj/art_painting/img000453.jpg,6,art_painting
img000241.jpg,proj/art_painting/img000241.jpg,6,art_painting
img001620.jpg,proj/art_painting/img001620.jpg,6,art_painting
img000415.jpg,proj/art_painting/img000415.jpg,6,art_painting
img000636.jpg,proj/art_painting/img000636.jpg,6,art_painting
img000691.jpg,proj/art_painting/img000691.jpg,6,art_painting
img000842.jpg,proj/art_painting/img000842.jpg,6,art_painting
img001053.jpg,proj/art_painting/img001053.jpg,6,art_painting
img000315.jpg,proj/art_painting/img000315.jpg,6,art_painting
img000418.jpg,proj/art_painting/img000418.jpg,6,art_painting
img000508.jpg,proj/art_painting/img000508.jpg,6,art_painting
img001007.jpg,proj/art_painting/img001007.jpg,6,art_painting
img000851.jpg,proj/art_painting/img000851.jpg,6,art_painting
img000390.jpg,proj/art_painting/img000390.jpg,6,art_painting
img000656.jpg,proj/art_painting/img000656.jpg,6,art_painting
img001363.jpg,proj/art_painting/img001363.jpg,6,art_painting
img001488.jpg,proj/art_painting/img001488.jpg,6,art_painting
img000344.jpg,proj/art_painting/img000344.jpg,6,art_painting
img001223.jpg,proj/art_painting/img001223.jpg,6,art_painting
img001268.jpg,proj/art_painting/img001268.jpg,6,art_painting
img000706.jpg,proj/art_painting/img000706.jpg,6,art_painting
img001156.jpg,proj/art_painting/img001156.jpg,6,art_painting
img001930.jpg,proj/art_painting/img001930.jpg,6,art_painting
img001765.jpg,proj/art_painting/img001765.jpg,6,art_painting
img000126.jpg,proj/art_painting/img000126.jpg,6,art_painting
img000589.jpg,proj/art_painting/img000589.jpg,6,art_painting
img000880.jpg,proj/art_painting/img000880.jpg,6,art_painting
img001052.jpg,proj/art_painting/img001052.jpg,6,art_painting
img000045.jpg,proj/art_painting/img000045.jpg,6,art_painting
img000885.jpg,proj/art_painting/img000885.jpg,6,art_painting
img001324.jpg,proj/art_painting/img001324.jpg,6,art_painting
img001139.jpg,proj/art_painting/img001139.jpg,6,art_painting
img000120.jpg,proj/art_painting/img000120.jpg,6,art_painting
img001558.jpg,proj/art_painting/img001558.jpg,6,art_painting
img001464.jpg,proj/art_painting/img001464.jpg,6,art_painting
img000263.jpg,proj/art_painting/img000263.jpg,6,art_painting
img001849.jpg,proj/art_painting/img001849.jpg,6,art_painting
img000170.jpg,proj/art_painting/img000170.jpg,6,art_painting
img001594.jpg,proj/art_painting/img001594.jpg,6,art_painting
img001271.jpg,proj/art_painting/img001271.jpg,6,art_painting
img001824.jpg,proj/art_painting/img001824.jpg,6,art_painting
img001863.jpg,proj/art_painting/img001863.jpg,6,art_painting
img000736.jpg,proj/art_painting/img000736.jpg,6,art_painting
img001278.jpg,proj/art_painting/img001278.jpg,6,art_painting
img000529.jpg,proj/art_painting/img000529.jpg,6,art_painting
img000761.jpg,proj/art_painting/img000761.jpg,6,art_painting
img000908.jpg,proj/art_painting/img000908.jpg,6,art_painting
img001736.jpg,proj/art_painting/img001736.jpg,6,art_painting
img001067.jpg,proj/art_painting/img001067.jpg,6,art_painting
img001678.jpg,proj/art_painting/img001678.jpg,6,art_painting
img000133.jpg,proj/art_painting/img000133.jpg,6,art_painting
img000110.jpg,proj/art_painting/img000110.jpg,6,art_painting
img000469.jpg,proj/art_painting/img000469.jpg,6,art_painting
img000337.jpg,proj/art_painting/img000337.jpg,6,art_painting
img001865.jpg,proj/art_painting/img001865.jpg,6,art_painting
img000777.jpg,proj/art_painting/img000777.jpg,6,art_painting
img001204.jpg,proj/art_painting/img001204.jpg,6,art_painting
img001163.jpg,proj/art_painting/img001163.jpg,6,art_painting
img001045.jpg,proj/art_painting/img001045.jpg,6,art_painting
img001776.jpg,proj/art_painting/img001776.jpg,6,art_painting
img000603.jpg,proj/art_painting/img000603.jpg,6,art_painting
img001721.jpg,proj/art_painting/img001721.jpg,6,art_painting
img000218.jpg,proj/art_painting/img000218.jpg,6,art_painting
img000389.jpg,proj/art_painting/img000389.jpg,6,art_painting
img000243.jpg,proj/art_painting/img000243.jpg,6,art_painting
img000769.jpg,proj/art_painting/img000769.jpg,6,art_painting
img000212.jpg,proj/art_painting/img000212.jpg,6,art_painting
img000999.jpg,proj/art_painting/img000999.jpg,6,art_painting
img001602.jpg,proj/art_painting/img001602.jpg,6,art_painting
img001589.jpg,proj/art_painting/img001589.jpg,6,art_painting
img001901.jpg,proj/art_painting/img001901.jpg,6,art_painting
img000272.jpg,proj/art_painting/img000272.jpg,6,art_painting
img001477.jpg,proj/art_painting/img001477.jpg,6,art_painting
img000967.jpg,proj/art_painting/img000967.jpg,6,art_painting
img001964.jpg,proj/art_painting/img001964.jpg,6,art_painting
img000653.jpg,proj/art_painting/img000653.jpg,6,art_painting
img001681.jpg,proj/art_painting/img001681.jpg,6,art_painting
img000388.jpg,proj/art_painting/img000388.jpg,6,art_painting
img001171.jpg,proj/art_painting/img001171.jpg,6,art_painting
img001842.jpg,proj/art_painting/img001842.jpg,6,art_painting
img001953.jpg,proj/art_painting/img001953.jpg,6,art_painting
img001449.jpg,proj/art_painting/img001449.jpg,6,art_painting
img001513.jpg,proj/art_painting/img001513.jpg,6,art_painting
img000309.jpg,proj/art_painting/img000309.jpg,6,art_painting
img000587.jpg,proj/art_painting/img000587.jpg,6,art_painting
img001609.jpg,proj/art_painting/img001609.jpg,6,art_painting
img001269.jpg,proj/art_painting/img001269.jpg,6,art_painting
img000501.jpg,proj/art_painting/img000501.jpg,6,art_painting
img000336.jpg,proj/art_painting/img000336.jpg,6,art_painting
img000830.jpg,proj/art_painting/img000830.jpg,6,art_painting
img000163.jpg,proj/art_painting/img000163.jpg,6,art_painting
img001011.jpg,proj/art_painting/img001011.jpg,6,art_painting
img000131.jpg,proj/art_painting/img000131.jpg,6,art_painting
img000773.jpg,proj/art_painting/img000773.jpg,6,art_painting
img001229.jpg,proj/art_painting/img001229.jpg,6,art_painting
img001734.jpg,proj/art_painting/img001734.jpg,6,art_painting
img000296.jpg,proj/art_painting/img000296.jpg,6,art_painting
img001843.jpg,proj/art_painting/img001843.jpg,6,art_painting
img000224.jpg,proj/art_painting/img000224.jpg,6,art_painting
img000242.jpg,proj/art_painting/img000242.jpg,6,art_painting
img000038.jpg,proj/art_painting/img000038.jpg,6,art_painting
img000707.jpg,proj/art_painting/img000707.jpg,6,art_painting
img001302.jpg,proj/art_painting/img001302.jpg,6,art_painting
img001889.jpg,proj/art_painting/img001889.jpg,6,art_painting
img000728.jpg,proj/art_painting/img000728.jpg,6,art_painting
img001237.jpg,proj/art_painting/img001237.jpg,6,art_painting
img001091.jpg,proj/art_painting/img001091.jpg,6,art_painting
img000698.jpg,proj/art_painting/img000698.jpg,6,art_painting
img000363.jpg,proj/art_painting/img000363.jpg,6,art_painting
img000104.jpg,proj/art_painting/img000104.jpg,6,art_painting
img001180.jpg,proj/art_painting/img001180.jpg,6,art_painting
img001537.jpg,proj/art_painting/img001537.jpg,6,art_painting
img001596.jpg,proj/art_painting/img001596.jpg,6,art_painting
img001628.jpg,proj/art_painting/img001628.jpg,6,art_painting
img000004.jpg,proj/art_painting/img000004.jpg,6,art_painting
img001088.jpg,proj/art_painting/img001088.jpg,6,art_painting
img001389.jpg,proj/art_painting/img001389.jpg,6,art_painting
img000693.jpg,proj/art_painting/img000693.jpg,6,art_painting
img000874.jpg,proj/art_painting/img000874.jpg,6,art_painting
img001361.jpg,proj/art_painting/img001361.jpg,6,art_painting
img000887.jpg,proj/art_painting/img000887.jpg,6,art_painting
img001177.jpg,proj/art_painting/img001177.jpg,6,art_painting
img000704.jpg,proj/art_painting/img000704.jpg,6,art_painting
img000491.jpg,proj/art_painting/img000491.jpg,6,art_painting
img001480.jpg,proj/art_painting/img001480.jpg,6,art_painting
img001405.jpg,proj/art_painting/img001405.jpg,6,art_painting
img000329.jpg,proj/art_painting/img000329.jpg,6,art_painting
img000072.jpg,proj/art_painting/img000072.jpg,6,art_painting
img000576.jpg,proj/art_painting/img000576.jpg,6,art_painting
img001056.jpg,proj/art_painting/img001056.jpg,6,art_painting
img000696.jpg,proj/art_painting/img000696.jpg,6,art_painting
img001289.jpg,proj/art_painting/img001289.jpg,6,art_painting
img001652.jpg,proj/art_painting/img001652.jpg,6,art_painting
img001962.jpg,proj/art_painting/img001962.jpg,6,art_painting
img001483.jpg,proj/art_painting/img001483.jpg,6,art_painting
img000690.jpg,proj/art_painting/img000690.jpg,6,art_painting
img001377.jpg,proj/art_painting/img001377.jpg,6,art_painting
img000625.jpg,proj/art_painting/img000625.jpg,6,art_painting
img001859.jpg,proj/art_painting/img001859.jpg,6,art_painting
img000699.jpg,proj/art_painting/img000699.jpg,6,art_painting
img000289.jpg,proj/art_painting/img000289.jpg,6,art_painting
img000081.jpg,proj/art_painting/img000081.jpg,6,art_painting
img000208.jpg,proj/art_painting/img000208.jpg,6,art_painting
img001567.jpg,proj/art_painting/img001567.jpg,6,art_painting
img001809.jpg,proj/art_painting/img001809.jpg,6,art_painting
img001249.jpg,proj/art_painting/img001249.jpg,6,art_painting
img001579.jpg,proj/art_painting/img001579.jpg,6,art_painting
img001718.jpg,proj/art_painting/img001718.jpg,6,art_painting
img000206.jpg,proj/art_painting/img000206.jpg,6,art_painting
img000891.jpg,proj/art_painting/img000891.jpg,6,art_painting
img001441.jpg,proj/art_painting/img001441.jpg,6,art_painting
img001533.jpg,proj/art_painting/img001533.jpg,6,art_painting
img001978.jpg,proj/art_painting/img001978.jpg,6,art_painting
img000210.jpg,proj/art_painting/img000210.jpg,6,art_painting
img000566.jpg,proj/art_painting/img000566.jpg,6,art_painting
img001646.jpg,proj/art_painting/img001646.jpg,6,art_painting
img000565.jpg,proj/art_painting/img000565.jpg,6,art_painting
img000471.jpg,proj/art_painting/img000471.jpg,6,art_painting
img001107.jpg,proj/art_painting/img001107.jpg,6,art_painting
img000446.jpg,proj/art_painting/img000446.jpg,6,art_painting
img001613.jpg,proj/art_painting/img001613.jpg,6,art_painting
img000767.jpg,proj/art_painting/img000767.jpg,6,art_painting
img000005.jpg,proj/art_painting/img000005.jpg,6,art_painting
img000189.jpg,proj/art_painting/img000189.jpg,6,art_painting
img001500.jpg,proj/art_painting/img001500.jpg,6,art_painting
img001523.jpg,proj/art_painting/img001523.jpg,6,art_painting
img001656.jpg,proj/art_painting/img001656.jpg,6,art_painting
img001503.jpg,proj/art_painting/img001503.jpg,6,art_painting
img000140.jpg,proj/art_painting/img000140.jpg,6,art_painting
img000539.jpg,proj/art_painting/img000539.jpg,6,art_painting
img001768.jpg,proj/art_painting/img001768.jpg,6,art_painting
img000367.jpg,proj/art_painting/img000367.jpg,6,art_painting
img001280.jpg,proj/art_painting/img001280.jpg,6,art_painting
img000183.jpg,proj/art_painting/img000183.jpg,6,art_painting
img001906.jpg,proj/art_painting/img001906.jpg,6,art_painting
img000202.jpg,proj/art_painting/img000202.jpg,6,art_painting
img001811.jpg,proj/art_painting/img001811.jpg,6,art_painting
img000632.jpg,proj/art_painting/img000632.jpg,6,art_painting
img000980.jpg,proj/art_painting/img000980.jpg,6,art_painting
img001143.jpg,proj/art_painting/img001143.jpg,6,art_painting
img000578.jpg,proj/art_painting/img000578.jpg,6,art_painting
img000550.jpg,proj/art_painting/img000550.jpg,6,art_painting
img001353.jpg,proj/art_painting/img001353.jpg,6,art_painting
img000169.jpg,proj/art_painting/img000169.jpg,6,art_painting
img000358.jpg,proj/art_painting/img000358.jpg,6,art_painting
img001655.jpg,proj/art_painting/img001655.jpg,6,art_painting
img001905.jpg,proj/art_painting/img001905.jpg,6,art_painting
img000323.jpg,proj/art_painting/img000323.jpg,6,art_painting
img000355.jpg,proj/art_painting/img000355.jpg,6,art_painting
img000146.jpg,proj/art_painting/img000146.jpg,6,art_painting
img001332.jpg,proj/art_painting/img001332.jpg,6,art_painting
img001606.jpg,proj/art_painting/img001606.jpg,6,art_painting
img001745.jpg,proj/art_painting/img001745.jpg,6,art_painting
img000450.jpg,proj/art_painting/img000450.jpg,6,art_painting
img001714.jpg,proj/art_painting/img001714.jpg,6,art_painting
img000174.jpg,proj/art_painting/img000174.jpg,6,art_painting
img001958.jpg,proj/art_painting/img001958.jpg,6,art_painting
img000906.jpg,proj/art_painting/img000906.jpg,6,art_painting
img000427.jpg,proj/art_painting/img000427.jpg,6,art_painting
img001607.jpg,proj/art_painting/img001607.jpg,6,art_painting
img001979.jpg,proj/art_painting/img001979.jpg,6,art_painting
img000147.jpg,proj/art_painting/img000147.jpg,6,art_painting
img000679.jpg,proj/art_painting/img000679.jpg,6,art_painting
img001864.jpg,proj/art_painting/img001864.jpg,6,art_painting
img001731.jpg,proj/art_painting/img001731.jpg,6,art_painting
img001284.jpg,proj/art_painting/img001284.jpg,6,art_painting
img001518.jpg,proj/art_painting/img001518.jpg,6,art_painting
img000115.jpg,proj/art_painting/img000115.jpg,6,art_painting
img001643.jpg,proj/art_painting/img001643.jpg,6,art_painting
img000898.jpg,proj/art_painting/img000898.jpg,6,art_painting
img001963.jpg,proj/art_painting/img001963.jpg,6,art_painting
img000472.jpg,proj/art_painting/img000472.jpg,6,art_painting
img000137.jpg,proj/art_painting/img000137.jpg,6,art_painting
img000413.jpg,proj/art_painting/img000413.jpg,6,art_painting
img001821.jpg,proj/art_painting/img001821.jpg,6,art_painting
img000505.jpg,proj/art_painting/img000505.jpg,6,art_painting
img001481.jpg,proj/art_painting/img001481.jpg,6,art_painting
img001829.jpg,proj/art_painting/img001829.jpg,6,art_painting
img000737.jpg,proj/art_painting/img000737.jpg,6,art_painting
img000975.jpg,proj/art_painting/img000975.jpg,6,art_painting
img000654.jpg,proj/art_painting/img000654.jpg,6,art_painting
img000136.jpg,proj/art_painting/img000136.jpg,6,art_painting
img001141.jpg,proj/art_painting/img001141.jpg,6,art_painting
img001082.jpg,proj/art_painting/img001082.jpg,6,art_painting
img000754.jpg,proj/art_painting/img000754.jpg,6,art_painting
img001694.jpg,proj/art_painting/img001694.jpg,6,art_painting
img001322.jpg,proj/art_painting/img001322.jpg,6,art_painting
img001738.jpg,proj/art_painting/img001738.jpg,6,art_painting
img001472.jpg,proj/art_painting/img001472.jpg,6,art_painting
img001703.jpg,proj/art_painting/img001703.jpg,6,art_painting
img001357.jpg,proj/art_painting/img001357.jpg,6,art_painting
img001347.jpg,proj/art_painting/img001347.jpg,6,art_painting
img001104.jpg,proj/art_painting/img001104.jpg,6,art_painting
img000197.jpg,proj/art_painting/img000197.jpg,6,art_painting
img000545.jpg,proj/art_painting/img000545.jpg,6,art_painting
img001234.jpg,proj/art_painting/img001234.jpg,6,art_painting
img001866.jpg,proj/art_painting/img001866.jpg,6,art_painting
img000573.jpg,proj/art_painting/img000573.jpg,6,art_painting
img000236.jpg,proj/art_painting/img000236.jpg,6,art_painting
img001682.jpg,proj/art_painting/img001682.jpg,6,art_painting
img001616.jpg,proj/art_painting/img001616.jpg,6,art_painting
img001994.jpg,proj/art_painting/img001994.jpg,6,art_painting
img001497.jpg,proj/art_painting/img001497.jpg,6,art_painting
img000540.jpg,proj/art_painting/img000540.jpg,6,art_painting
img001522.jpg,proj/art_painting/img001522.jpg,6,art_painting
img000593.jpg,proj/art_painting/img000593.jpg,6,art_painting
img001379.jpg,proj/art_painting/img001379.jpg,6,art_painting
img000439.jpg,proj/art_painting/img000439.jpg,6,art_painting
img000959.jpg,proj/art_painting/img000959.jpg,6,art_painting
img001153.jpg,proj/art_painting/img001153.jpg,6,art_painting
img001276.jpg,proj/art_painting/img001276.jpg,6,art_painting
img000449.jpg,proj/art_painting/img000449.jpg,6,art_painting
img000658.jpg,proj/art_painting/img000658.jpg,6,art_painting
img000369.jpg,proj/art_painting/img000369.jpg,6,art_painting
img000833.jpg,proj/art_painting/img000833.jpg,6,art_painting
img001062.jpg,proj/art_painting/img001062.jpg,6,art_painting
img001989.jpg,proj/art_painting/img001989.jpg,6,art_painting
img000934.jpg,proj/art_painting/img000934.jpg,6,art_painting
img000089.jpg,proj/art_painting/img000089.jpg,6,art_painting
img000660.jpg,proj/art_painting/img000660.jpg,6,art_painting
img001796.jpg,proj/art_painting/img001796.jpg,6,art_painting
img000790.jpg,proj/art_painting/img000790.jpg,6,art_painting
img000645.jpg,proj/art_painting/img000645.jpg,6,art_painting
img001262.jpg,proj/art_painting/img001262.jpg,6,art_painting
img000848.jpg,proj/art_painting/img000848.jpg,6,art_painting
img001977.jpg,proj/art_painting/img001977.jpg,6,art_painting
img000917.jpg,proj/art_painting/img000917.jpg,6,art_painting
img001948.jpg,proj/art_painting/img001948.jpg,6,art_painting
img000805.jpg,proj/art_painting/img000805.jpg,6,art_painting
img001569.jpg,proj/art_painting/img001569.jpg,6,art_painting
img000749.jpg,proj/art_painting/img000749.jpg,6,art_painting
img000009.jpg,proj/art_painting/img000009.jpg,6,art_painting
img001983.jpg,proj/art_painting/img001983.jpg,6,art_painting
img000114.jpg,proj/art_painting/img000114.jpg,6,art_painting
img001881.jpg,proj/art_painting/img001881.jpg,6,art_painting
img001808.jpg,proj/art_painting/img001808.jpg,6,art_painting
img000857.jpg,proj/art_painting/img000857.jpg,6,art_painting
img000634.jpg,proj/art_painting/img000634.jpg,6,art_painting
img000755.jpg,proj/art_painting/img000755.jpg,6,art_painting
img001673.jpg,proj/art_painting/img001673.jpg,6,art_painting
img000774.jpg,proj/art_painting/img000774.jpg,6,art_painting
img000499.jpg,proj/art_painting/img000499.jpg,6,art_painting
img001168.jpg,proj/art_painting/img001168.jpg,6,art_painting
img000300.jpg,proj/art_painting/img000300.jpg,6,art_painting
img001519.jpg,proj/art_painting/img001519.jpg,6,art_painting
img000913.jpg,proj/art_painting/img000913.jpg,6,art_painting
img000849.jpg,proj/art_painting/img000849.jpg,6,art_painting
img000862.jpg,proj/art_painting/img000862.jpg,6,art_painting
img001267.jpg,proj/art_painting/img001267.jpg,6,art_painting
img001103.jpg,proj/art_painting/img001103.jpg,6,art_painting
img000954.jpg,proj/art_painting/img000954.jpg,6,art_painting
img000695.jpg,proj/art_painting/img000695.jpg,6,art_painting
img000872.jpg,proj/art_painting/img000872.jpg,6,art_painting
img000711.jpg,proj/art_painting/img000711.jpg,6,art_painting
img001308.jpg,proj/art_painting/img001308.jpg,6,art_painting
img001806.jpg,proj/art_painting/img001806.jpg,6,art_painting
img000865.jpg,proj/art_painting/img000865.jpg,6,art_painting
img000441.jpg,proj/art_painting/img000441.jpg,6,art_painting
img001173.jpg,proj/art_painting/img001173.jpg,6,art_painting
img001970.jpg,proj/art_painting/img001970.jpg,6,art_painting
img001526.jpg,proj/art_painting/img001526.jpg,6,art_painting
img001429.jpg,proj/art_painting/img001429.jpg,6,art_painting
img001692.jpg,proj/art_painting/img001692.jpg,6,art_painting
img001450.jpg,proj/art_painting/img001450.jpg,6,art_painting
img001313.jpg,proj/art_painting/img001313.jpg,6,art_painting
img000332.jpg,proj/art_painting/img000332.jpg,6,art_painting
img000039.jpg,proj/art_painting/img000039.jpg,6,art_painting
img001326.jpg,proj/art_painting/img001326.jpg,6,art_painting
img001845.jpg,proj/art_painting/img001845.jpg,6,art_painting
img001208.jpg,proj/art_painting/img001208.jpg,6,art_painting
img000676.jpg,proj/art_painting/img000676.jpg,6,art_painting
img001959.jpg,proj/art_painting/img001959.jpg,6,art_painting
img001834.jpg,proj/art_painting/img001834.jpg,6,art_painting
img000077.jpg,proj/art_painting/img000077.jpg,6,art_painting
img000375.jpg,proj/art_painting/img000375.jpg,6,art_painting
img000124.jpg,proj/art_painting/img000124.jpg,6,art_painting
img001245.jpg,proj/art_painting/img001245.jpg,6,art_painting
img000584.jpg,proj/art_painting/img000584.jpg,6,art_painting
img000788.jpg,proj/art_painting/img000788.jpg,6,art_painting
img001165.jpg,proj/art_painting/img001165.jpg,6,art_painting
img000742.jpg,proj/art_painting/img000742.jpg,6,art_painting
img000765.jpg,proj/art_painting/img000765.jpg,6,art_painting
img001401.jpg,proj/art_painting/img001401.jpg,6,art_painting
img001029.jpg,proj/art_painting/img001029.jpg,6,art_painting
img001581.jpg,proj/art_painting/img001581.jpg,6,art_painting
img000827.jpg,proj/art_painting/img000827.jpg,6,art_painting
img000233.jpg,proj/art_painting/img000233.jpg,6,art_painting
img001708.jpg,proj/art_painting/img001708.jpg,6,art_painting
img000280.jpg,proj/art_painting/img000280.jpg,6,art_painting
img000543.jpg,proj/art_painting/img000543.jpg,6,art_painting
img001862.jpg,proj/art_painting/img001862.jpg,6,art_painting
img000437.jpg,proj/art_painting/img000437.jpg,6,art_painting
img000414.jpg,proj/art_painting/img000414.jpg,6,art_painting
img000845.jpg,proj/art_painting/img000845.jpg,6,art_painting
img001148.jpg,proj/art_painting/img001148.jpg,6,art_painting
img001904.jpg,proj/art_painting/img001904.jpg,6,art_painting
img000869.jpg,proj/art_painting/img000869.jpg,6,art_painting
img001565.jpg,proj/art_painting/img001565.jpg,6,art_painting
img000909.jpg,proj/art_painting/img000909.jpg,6,art_painting
img000987.jpg,proj/art_painting/img000987.jpg,6,art_painting
img000962.jpg,proj/art_painting/img000962.jpg,6,art_painting
img000020.jpg,proj/art_painting/img000020.jpg,6,art_painting
img000205.jpg,proj/art_painting/img000205.jpg,6,art_painting
img000405.jpg,proj/art_painting/img000405.jpg,6,art_painting
img001443.jpg,proj/art_painting/img001443.jpg,6,art_painting
img000953.jpg,proj/art_painting/img000953.jpg,6,art_painting
img000017.jpg,proj/art_painting/img000017.jpg,6,art_painting
img001370.jpg,proj/art_painting/img001370.jpg,6,art_painting
img001932.jpg,proj/art_painting/img001932.jpg,6,art_painting
img000829.jpg,proj/art_painting/img000829.jpg,6,art_painting
img001396.jpg,proj/art_painting/img001396.jpg,6,art_painting
img000856.jpg,proj/art_painting/img000856.jpg,6,art_painting
img001831.jpg,proj/art_painting/img001831.jpg,6,art_painting
img001915.jpg,proj/art_painting/img001915.jpg,6,art_painting
img001911.jpg,proj/art_painting/img001911.jpg,6,art_painting
img001411.jpg,proj/art_painting/img001411.jpg,6,art_painting
img000614.jpg,proj/art_painting/img000614.jpg,6,art_painting
img001898.jpg,proj/art_painting/img001898.jpg,6,art_painting
img001205.jpg,proj/art_painting/img001205.jpg,6,art_painting
img001680.jpg,proj/art_painting/img001680.jpg,6,art_painting
img001006.jpg,proj/art_painting/img001006.jpg,6,art_painting
img001420.jpg,proj/art_painting/img001420.jpg,6,art_painting
img001612.jpg,proj/art_painting/img001612.jpg,6,art_painting
img000301.jpg,proj/art_painting/img000301.jpg,6,art_painting
img001496.jpg,proj/art_painting/img001496.jpg,6,art_painting
img000521.jpg,proj/art_painting/img000521.jpg,6,art_painting
img001066.jpg,proj/art_painting/img001066.jpg,6,art_painting
img000486.jpg,proj/art_painting/img000486.jpg,6,art_painting
img000436.jpg,proj/art_painting/img000436.jpg,6,art_painting
img000204.jpg,proj/art_painting/img000204.jpg,6,art_painting
img001631.jpg,proj/art_painting/img001631.jpg,6,art_painting
img001704.jpg,proj/art_painting/img001704.jpg,6,art_painting
img000417.jpg,proj/art_painting/img000417.jpg,6,art_painting
img000601.jpg,proj/art_painting/img000601.jpg,6,art_painting
img000991.jpg,proj/art_painting/img000991.jpg,6,art_painting
img001802.jpg,proj/art_painting/img001802.jpg,6,art_painting
img000138.jpg,proj/art_painting/img000138.jpg,6,art_painting
img001587.jpg,proj/art_painting/img001587.jpg,6,art_painting
img001175.jpg,proj/art_painting/img001175.jpg,6,art_painting
img001355.jpg,proj/art_painting/img001355.jpg,6,art_painting
img001071.jpg,proj/art_painting/img001071.jpg,6,art_painting
img000313.jpg,proj/art_painting/img000313.jpg,6,art_painting
img000465.jpg,proj/art_painting/img000465.jpg,6,art_painting
img000705.jpg,proj/art_painting/img000705.jpg,6,art_painting
img001572.jpg,proj/art_painting/img001572.jpg,6,art_painting
img001934.jpg,proj/art_painting/img001934.jpg,6,art_painting
img001017.jpg,proj/art_painting/img001017.jpg,6,art_painting
img001828.jpg,proj/art_painting/img001828.jpg,6,art_painting
img000638.jpg,proj/art_painting/img000638.jpg,6,art_painting
img001329.jpg,proj/art_painting/img001329.jpg,6,art_painting
img000087.jpg,proj/art_painting/img000087.jpg,6,art_painting
img001896.jpg,proj/art_painting/img001896.jpg,6,art_painting
img000793.jpg,proj/art_painting/img000793.jpg,6,art_painting
img000713.jpg,proj/art_painting/img000713.jpg,6,art_painting
img000186.jpg,proj/art_painting/img000186.jpg,6,art_painting
img000722.jpg,proj/art_painting/img000722.jpg,6,art_painting
img001092.jpg,proj/art_painting/img001092.jpg,6,art_painting
img001949.jpg,proj/art_painting/img001949.jpg,6,art_painting
img001713.jpg,proj/art_painting/img001713.jpg,6,art_painting
img000324.jpg,proj/art_painting/img000324.jpg,6,art_painting
img000559.jpg,proj/art_painting/img000559.jpg,6,art_painting
img001290.jpg,proj/art_painting/img001290.jpg,6,art_painting
img001877.jpg,proj/art_painting/img001877.jpg,6,art_painting
img000238.jpg,proj/art_painting/img000238.jpg,6,art_painting
img001525.jpg,proj/art_painting/img001525.jpg,6,art_painting
img000939.jpg,proj/art_painting/img000939.jpg,6,art_painting
img000847.jpg,proj/art_painting/img000847.jpg,6,art_painting
img001154.jpg,proj/art_painting/img001154.jpg,6,art_painting
img000148.jpg,proj/art_painting/img000148.jpg,6,art_painting
img000743.jpg,proj/art_painting/img000743.jpg,6,art_painting
img000692.jpg,proj/art_painting/img000692.jpg,6,art_painting
img001001.jpg,proj/art_painting/img001001.jpg,6,art_painting
img000877.jpg,proj/art_painting/img000877.jpg,6,art_painting
img001096.jpg,proj/art_painting/img001096.jpg,6,art_painting
img001266.jpg,proj/art_painting/img001266.jpg,6,art_painting
img001000.jpg,proj/art_painting/img001000.jpg,6,art_painting
img000061.jpg,proj/art_painting/img000061.jpg,6,art_painting
img000867.jpg,proj/art_painting/img000867.jpg,6,art_painting
img000342.jpg,proj/art_painting/img000342.jpg,6,art_painting
img001216.jpg,proj/art_painting/img001216.jpg,6,art_painting
img001914.jpg,proj/art_painting/img001914.jpg,6,art_painting
img000665.jpg,proj/art_painting/img000665.jpg,6,art_painting
img001674.jpg,proj/art_painting/img001674.jpg,6,art_painting
img000219.jpg,proj/art_painting/img000219.jpg,6,art_painting
img001797.jpg,proj/art_painting/img001797.jpg,6,art_painting
img000844.jpg,proj/art_painting/img000844.jpg,6,art_painting
img000221.jpg,proj/art_painting/img000221.jpg,6,art_painting
img000442.jpg,proj/art_painting/img000442.jpg,6,art_painting
img000893.jpg,proj/art_painting/img000893.jpg,6,art_painting
img001588.jpg,proj/art_painting/img001588.jpg,6,art_painting
img000047.jpg,proj/art_painting/img000047.jpg,6,art_painting
img001781.jpg,proj/art_painting/img001781.jpg,6,art_painting
img000314.jpg,proj/art_painting/img000314.jpg,6,art_painting
img001819.jpg,proj/art_painting/img001819.jpg,6,art_painting
img001489.jpg,proj/art_painting/img001489.jpg,6,art_painting
img001075.jpg,proj/art_painting/img001075.jpg,6,art_painting
img000965.jpg,proj/art_painting/img000965.jpg,6,art_painting
img001582.jpg,proj/art_painting/img001582.jpg,6,art_painting
img001077.jpg,proj/art_painting/img001077.jpg,6,art_painting
img000097.jpg,proj/art_painting/img000097.jpg,6,art_painting
img001492.jpg,proj/art_painting/img001492.jpg,6,art_painting
img000064.jpg,proj/art_painting/img000064.jpg,6,art_painting
img000274.jpg,proj/art_painting/img000274.jpg,6,art_painting
img001988.jpg,proj/art_painting/img001988.jpg,6,art_painting
img000023.jpg,proj/art_painting/img000023.jpg,6,art_painting
img000299.jpg,proj/art_painting/img000299.jpg,6,art_painting
img000325.jpg,proj/art_painting/img000325.jpg,6,art_painting
img000275.jpg,proj/art_painting/img000275.jpg,6,art_painting
img001727.jpg,proj/art_painting/img001727.jpg,6,art_painting
img000924.jpg,proj/art_painting/img000924.jpg,6,art_painting
img001980.jpg,proj/art_painting/img001980.jpg,6,art_painting
img001947.jpg,proj/art_painting/img001947.jpg,6,art_painting
img001816.jpg,proj/art_painting/img001816.jpg,6,art_painting
img001074.jpg,proj/art_painting/img001074.jpg,6,art_painting
img000225.jpg,proj/art_painting/img000225.jpg,6,art_painting
img001333.jpg,proj/art_painting/img001333.jpg,6,art_painting
img000936.jpg,proj/art_painting/img000936.jpg,6,art_painting
img001663.jpg,proj/art_painting/img001663.jpg,6,art_painting
img001755.jpg,proj/art_painting/img001755.jpg,6,art_painting
img000203.jpg,proj/art_painting/img000203.jpg,6,art_painting
img001654.jpg,proj/art_painting/img001654.jpg,6,art_painting
img001318.jpg,proj/art_painting/img001318.jpg,6,art_painting
img000757.jpg,proj/art_painting/img000757.jpg,6,art_painting
img000615.jpg,proj/art_painting/img000615.jpg,6,art_painting
img001039.jpg,proj/art_painting/img001039.jpg,6,art_painting
img000531.jpg,proj/art_painting/img000531.jpg,6,art_painting
img000914.jpg,proj/art_painting/img000914.jpg,6,art_painting
img001265.jpg,proj/art_painting/img001265.jpg,6,art_painting
img000720.jpg,proj/art_painting/img000720.jpg,6,art_painting
img001499.jpg,proj/art_painting/img001499.jpg,6,art_painting
img001832.jpg,proj/art_painting/img001832.jpg,6,art_painting
img001555.jpg,proj/art_painting/img001555.jpg,6,art_painting
img001325.jpg,proj/art_painting/img001325.jpg,6,art_painting
img001054.jpg,proj/art_painting/img001054.jpg,6,art_painting
img000572.jpg,proj/art_painting/img000572.jpg,6,art_painting
img000311.jpg,proj/art_painting/img000311.jpg,6,art_painting
img001669.jpg,proj/art_painting/img001669.jpg,6,art_painting
img001327.jpg,proj/art_painting/img001327.jpg,6,art_painting
img001814.jpg,proj/art_painting/img001814.jpg,6,art_painting
img000474.jpg,proj/art_painting/img000474.jpg,6,art_painting
img000533.jpg,proj/art_painting/img000533.jpg,6,art_painting
img001688.jpg,proj/art_painting/img001688.jpg,6,art_painting
img001423.jpg,proj/art_painting/img001423.jpg,6,art_painting
img000763.jpg,proj/art_painting/img000763.jpg,6,art_painting
img001640.jpg,proj/art_painting/img001640.jpg,6,art_painting
img001935.jpg,proj/art_painting/img001935.jpg,6,art_painting
img001835.jpg,proj/art_painting/img001835.jpg,6,art_painting
img000751.jpg,proj/art_painting/img000751.jpg,6,art_painting
img001805.jpg,proj/art_painting/img001805.jpg,6,art_painting
img001415.jpg,proj/art_painting/img001415.jpg,6,art_painting
img001632.jpg,proj/art_painting/img001632.jpg,6,art_painting
img000760.jpg,proj/art_painting/img000760.jpg,6,art_painting
img000826.jpg,proj/art_painting/img000826.jpg,6,art_painting
img000646.jpg,proj/art_painting/img000646.jpg,6,art_painting
img000067.jpg,proj/art_painting/img000067.jpg,6,art_painting
img000574.jpg,proj/art_painting/img000574.jpg,6,art_painting
img000657.jpg,proj/art_painting/img000657.jpg,6,art_painting
img000839.jpg,proj/art_painting/img000839.jpg,6,art_painting
img001438.jpg,proj/art_painting/img001438.jpg,6,art_painting
img000613.jpg,proj/art_painting/img000613.jpg,6,art_painting
img000376.jpg,proj/art_painting/img000376.jpg,6,art_painting
img000423.jpg,proj/art_painting/img000423.jpg,6,art_painting
img001592.jpg,proj/art_painting/img001592.jpg,6,art_painting
img000271.jpg,proj/art_painting/img000271.jpg,6,art_painting
img001676.jpg,proj/art_painting/img001676.jpg,6,art_painting
img001922.jpg,proj/art_painting/img001922.jpg,6,art_painting
img000198.jpg,proj/art_painting/img000198.jpg,6,art_painting
img000532.jpg,proj/art_painting/img000532.jpg,6,art_painting
img000985.jpg,proj/art_painting/img000985.jpg,6,art_painting
img001711.jpg,proj/art_painting/img001711.jpg,6,art_painting
img000489.jpg,proj/art_painting/img000489.jpg,6,art_painting
img000927.jpg,proj/art_painting/img000927.jpg,6,art_painting
img001356.jpg,proj/art_painting/img001356.jpg,6,art_painting
img001094.jpg,proj/art_painting/img001094.jpg,6,art_painting
img000227.jpg,proj/art_painting/img000227.jpg,6,art_painting
img001413.jpg,proj/art_painting/img001413.jpg,6,art_painting
img000207.jpg,proj/art_painting/img000207.jpg,6,art_painting
img001899.jpg,proj/art_painting/img001899.jpg,6,art_painting
img001608.jpg,proj/art_painting/img001608.jpg,6,art_painting
img000321.jpg,proj/art_painting/img000321.jpg,6,art_painting
img001456.jpg,proj/art_painting/img001456.jpg,6,art_painting
img001482.jpg,proj/art_painting/img001482.jpg,6,art_painting
img001182.jpg,proj/art_painting/img001182.jpg,6,art_painting
img001910.jpg,proj/art_painting/img001910.jpg,6,art_painting
img001952.jpg,proj/art_painting/img001952.jpg,6,art_painting
img000702.jpg,proj/art_painting/img000702.jpg,6,art_painting
img001014.jpg,proj/art_painting/img001014.jpg,6,art_painting
img001233.jpg,proj/art_painting/img001233.jpg,6,art_painting
img000688.jpg,proj/art_painting/img000688.jpg,6,art_painting
img000347.jpg,proj/art_painting/img000347.jpg,6,art_painting
img000444.jpg,proj/art_painting/img000444.jpg,6,art_painting
img000333.jpg,proj/art_painting/img000333.jpg,6,art_painting
img000669.jpg,proj/art_painting/img000669.jpg,6,art_painting
img000610.jpg,proj/art_painting/img000610.jpg,6,art_painting
img000268.jpg,proj/art_painting/img000268.jpg,6,art_painting
img001498.jpg,proj/art_painting/img001498.jpg,6,art_painting
img001166.jpg,proj/art_painting/img001166.jpg,6,art_painting
img000567.jpg,proj/art_painting/img000567.jpg,6,art_painting
img000681.jpg,proj/art_painting/img000681.jpg,6,art_painting
img000156.jpg,proj/art_painting/img000156.jpg,6,art_painting
img001161.jpg,proj/art_painting/img001161.jpg,6,art_painting
img001595.jpg,proj/art_painting/img001595.jpg,6,art_painting
img000602.jpg,proj/art_painting/img000602.jpg,6,art_painting
img001730.jpg,proj/art_painting/img001730.jpg,6,art_painting
img000157.jpg,proj/art_painting/img000157.jpg,6,art_painting
img001894.jpg,proj/art_painting/img001894.jpg,6,art_painting
img001185.jpg,proj/art_painting/img001185.jpg,6,art_painting
img001346.jpg,proj/art_painting/img001346.jpg,6,art_painting
img001296.jpg,proj/art_painting/img001296.jpg,6,art_painting
img000590.jpg,proj/art_painting/img000590.jpg,6,art_painting
img000978.jpg,proj/art_painting/img000978.jpg,6,art_painting
img000659.jpg,proj/art_painting/img000659.jpg,6,art_painting
img001470.jpg,proj/art_painting/img001470.jpg,6,art_painting
img001459.jpg,proj/art_painting/img001459.jpg,6,art_painting
img001461.jpg,proj/art_painting/img001461.jpg,6,art_painting
img001939.jpg,proj/art_painting/img001939.jpg,6,art_painting
img001887.jpg,proj/art_painting/img001887.jpg,6,art_painting
img001040.jpg,proj/art_painting/img001040.jpg,6,art_painting
img001476.jpg,proj/art_painting/img001476.jpg,6,art_painting
img000937.jpg,proj/art_painting/img000937.jpg,6,art_painting
img001359.jpg,proj/art_painting/img001359.jpg,6,art_painting
img001696.jpg,proj/art_painting/img001696.jpg,6,art_painting
img001012.jpg,proj/art_painting/img001012.jpg,6,art_painting
img001261.jpg,proj/art_painting/img001261.jpg,6,art_painting
img001083.jpg,proj/art_painting/img001083.jpg,6,art_painting
img001686.jpg,proj/art_painting/img001686.jpg,6,art_painting
img001625.jpg,proj/art_painting/img001625.jpg,6,art_painting
img000220.jpg,proj/art_painting/img000220.jpg,6,art_painting
img000554.jpg,proj/art_painting/img000554.jpg,6,art_painting
img000408.jpg,proj/art_painting/img000408.jpg,6,art_painting
img000671.jpg,proj/art_painting/img000671.jpg,6,art_painting
img000373.jpg,proj/art_painting/img000373.jpg,6,art_painting
img001023.jpg,proj/art_painting/img001023.jpg,6,art_painting
img000092.jpg,proj/art_painting/img000092.jpg,6,art_painting
img001630.jpg,proj/art_painting/img001630.jpg,6,art_painting
img000134.jpg,proj/art_painting/img000134.jpg,6,art_painting
img001739.jpg,proj/art_painting/img001739.jpg,6,art_painting
img001657.jpg,proj/art_painting/img001657.jpg,6,art_painting
img000670.jpg,proj/art_painting/img000670.jpg,6,art_painting
img000011.jpg,proj/art_painting/img000011.jpg,6,art_painting
img001159.jpg,proj/art_painting/img001159.jpg,6,art_painting
img000019.jpg,proj/art_painting/img000019.jpg,6,art_painting
img000230.jpg,proj/art_painting/img000230.jpg,6,art_painting
img000594.jpg,proj/art_painting/img000594.jpg,6,art_painting
img000010.jpg,proj/art_painting/img000010.jpg,6,art_painting
img000875.jpg,proj/art_painting/img000875.jpg,6,art_painting
img001399.jpg,proj/art_painting/img001399.jpg,6,art_painting
img001118.jpg,proj/art_painting/img001118.jpg,6,art_painting
img000768.jpg,proj/art_painting/img000768.jpg,6,art_painting
img001976.jpg,proj/art_painting/img001976.jpg,6,art_painting
img000523.jpg,proj/art_painting/img000523.jpg,6,art_painting
img000555.jpg,proj/art_painting/img000555.jpg,6,art_painting
img001543.jpg,proj/art_painting/img001543.jpg,6,art_painting
img001535.jpg,proj/art_painting/img001535.jpg,6,art_painting
img000879.jpg,proj/art_painting/img000879.jpg,6,art_painting
img000168.jpg,proj/art_painting/img000168.jpg,6,art_painting
img000368.jpg,proj/art_painting/img000368.jpg,6,art_painting
img001110.jpg,proj/art_painting/img001110.jpg,6,art_painting
img001115.jpg,proj/art_painting/img001115.jpg,6,art_painting
img001854.jpg,proj/art_painting/img001854.jpg,6,art_painting
img000457.jpg,proj/art_painting/img000457.jpg,6,art_painting
img001733.jpg,proj/art_painting/img001733.jpg,6,art_painting
img000791.jpg,proj/art_painting/img000791.jpg,6,art_painting
img001432.jpg,proj/art_painting/img001432.jpg,6,art_painting
img001197.jpg,proj/art_painting/img001197.jpg,6,art_painting
img001767.jpg,proj/art_painting/img001767.jpg,6,art_painting
img001026.jpg,proj/art_painting/img001026.jpg,6,art_painting
img000878.jpg,proj/art_painting/img000878.jpg,6,art_painting
img000194.jpg,proj/art_painting/img000194.jpg,6,art_painting
img000537.jpg,proj/art_painting/img000537.jpg,6,art_painting
img000042.jpg,proj/art_painting/img000042.jpg,6,art_painting
img000398.jpg,proj/art_painting/img000398.jpg,6,art_painting
img001243.jpg,proj/art_painting/img001243.jpg,6,art_painting
img000938.jpg,proj/art_painting/img000938.jpg,6,art_painting
img001116.jpg,proj/art_painting/img001116.jpg,6,art_painting
img000351.jpg,proj/art_painting/img000351.jpg,6,art_painting
img001818.jpg,proj/art_painting/img001818.jpg,6,art_painting
img001641.jpg,proj/art_painting/img001641.jpg,6,art_painting
img001473.jpg,proj/art_painting/img001473.jpg,6,art_painting
img000683.jpg,proj/art_painting/img000683.jpg,6,art_painting
img000195.jpg,proj/art_painting/img000195.jpg,6,art_painting
img000239.jpg,proj/art_painting/img000239.jpg,6,art_painting
img001753.jpg,proj/art_painting/img001753.jpg,6,art_painting
img001098.jpg,proj/art_painting/img001098.jpg,6,art_painting
img000078.jpg,proj/art_painting/img000078.jpg,6,art_painting
img000920.jpg,proj/art_painting/img000920.jpg,6,art_painting
img000298.jpg,proj/art_painting/img000298.jpg,6,art_painting
img001366.jpg,proj/art_painting/img001366.jpg,6,art_painting
img000527.jpg,proj/art_painting/img000527.jpg,6,art_painting
img001469.jpg,proj/art_painting/img001469.jpg,6,art_painting
img001427.jpg,proj/art_painting/img001427.jpg,6,art_painting
img001419.jpg,proj/art_painting/img001419.jpg,6,art_painting
img001093.jpg,proj/art_painting/img001093.jpg,6,art_painting
img000014.jpg,proj/art_painting/img000014.jpg,6,art_painting
img001748.jpg,proj/art_painting/img001748.jpg,6,art_painting
img000260.jpg,proj/art_painting/img000260.jpg,6,art_painting
img001402.jpg,proj/art_painting/img001402.jpg,6,art_painting
img000911.jpg,proj/art_painting/img000911.jpg,6,art_painting
img001858.jpg,proj/art_painting/img001858.jpg,6,art_painting
img001799.jpg,proj/art_painting/img001799.jpg,6,art_painting
img001510.jpg,proj/art_painting/img001510.jpg,6,art_painting
img001065.jpg,proj/art_painting/img001065.jpg,6,art_painting
img000404.jpg,proj/art_painting/img000404.jpg,6,art_painting
img001742.jpg,proj/art_painting/img001742.jpg,6,art_painting
img000000.jpg,proj/art_painting/img000000.jpg,6,art_painting
img000257.jpg,proj/art_painting/img000257.jpg,6,art_painting
img000199.jpg,proj/art_painting/img000199.jpg,6,art_painting
img001719.jpg,proj/art_painting/img001719.jpg,6,art_painting
img001986.jpg,proj/art_painting/img001986.jpg,6,art_painting
img001400.jpg,proj/art_painting/img001400.jpg,6,art_painting
img000733.jpg,proj/art_painting/img000733.jpg,6,art_painting
img000034.jpg,proj/art_painting/img000034.jpg,6,art_painting
img001303.jpg,proj/art_painting/img001303.jpg,6,art_painting
img000787.jpg,proj/art_painting/img000787.jpg,6,art_painting
img001598.jpg,proj/art_painting/img001598.jpg,6,art_painting
img000121.jpg,proj/art_painting/img000121.jpg,6,art_painting
img001549.jpg,proj/art_painting/img001549.jpg,6,art_painting
img001662.jpg,proj/art_painting/img001662.jpg,6,art_painting
img001771.jpg,proj/art_painting/img001771.jpg,6,art_painting
img000770.jpg,proj/art_painting/img000770.jpg,6,art_painting
img001242.jpg,proj/art_painting/img001242.jpg,6,art_painting
img000144.jpg,proj/art_painting/img000144.jpg,6,art_painting
img001263.jpg,proj/art_painting/img001263.jpg,6,art_painting
img000407.jpg,proj/art_painting/img000407.jpg,6,art_painting
img001921.jpg,proj/art_painting/img001921.jpg,6,art_painting
img001769.jpg,proj/art_painting/img001769.jpg,6,art_painting
img000563.jpg,proj/art_painting/img000563.jpg,6,art_painting
img001453.jpg,proj/art_painting/img001453.jpg,6,art_painting
img001698.jpg,proj/art_painting/img001698.jpg,6,art_painting
img001790.jpg,proj/art_painting/img001790.jpg,6,art_painting
img000171.jpg,proj/art_painting/img000171.jpg,6,art_painting
img000320.jpg,proj/art_painting/img000320.jpg,6,art_painting
img001217.jpg,proj/art_painting/img001217.jpg,6,art_painting
img000870.jpg,proj/art_painting/img000870.jpg,6,art_painting
img001603.jpg,proj/art_painting/img001603.jpg,6,art_painting
img001146.jpg,proj/art_painting/img001146.jpg,6,art_painting
img001196.jpg,proj/art_painting/img001196.jpg,6,art_painting
img000193.jpg,proj/art_painting/img000193.jpg,6,art_painting
img000029.jpg,proj/art_painting/img000029.jpg,6,art_painting
img000942.jpg,proj/art_painting/img000942.jpg,6,art_painting
img001638.jpg,proj/art_painting/img001638.jpg,6,art_painting
img001184.jpg,proj/art_painting/img001184.jpg,6,art_painting
img000109.jpg,proj/art_painting/img000109.jpg,6,art_painting
img000651.jpg,proj/art_painting/img000651.jpg,6,art_painting
img001861.jpg,proj/art_painting/img001861.jpg,6,art_painting
img000535.jpg,proj/art_painting/img000535.jpg,6,art_painting
img001406.jpg,proj/art_painting/img001406.jpg,6,art_painting
img000534.jpg,proj/art_painting/img000534.jpg,6,art_painting
img001972.jpg,proj/art_painting/img001972.jpg,6,art_painting
img000052.jpg,proj/art_painting/img000052.jpg,6,art_painting
img001658.jpg,proj/art_painting/img001658.jpg,6,art_painting
img001873.jpg,proj/art_painting/img001873.jpg,6,art_painting
img001524.jpg,proj/art_painting/img001524.jpg,6,art_painting
img000025.jpg,proj/art_painting/img000025.jpg,6,art_painting
img000310.jpg,proj/art_painting/img000310.jpg,6,art_painting
img001424.jpg,proj/art_painting/img001424.jpg,6,art_painting
img001735.jpg,proj/art_painting/img001735.jpg,6,art_painting
img001491.jpg,proj/art_painting/img001491.jpg,6,art_painting
img000738.jpg,proj/art_painting/img000738.jpg,6,art_painting
img001360.jpg,proj/art_painting/img001360.jpg,6,art_painting
img001841.jpg,proj/art_painting/img001841.jpg,6,art_painting
img001670.jpg,proj/art_painting/img001670.jpg,6,art_painting
img001468.jpg,proj/art_painting/img001468.jpg,6,art_painting
img000278.jpg,proj/art_painting/img000278.jpg,6,art_painting
img001338.jpg,proj/art_painting/img001338.jpg,6,art_painting
img001374.jpg,proj/art_painting/img001374.jpg,6,art_painting
img001942.jpg,proj/art_painting/img001942.jpg,6,art_painting
img000181.jpg,proj/art_painting/img000181.jpg,6,art_painting
img000513.jpg,proj/art_painting/img000513.jpg,6,art_painting
img001846.jpg,proj/art_painting/img001846.jpg,6,art_painting
img000100.jpg,proj/art_painting/img000100.jpg,6,art_painting
img000892.jpg,proj/art_painting/img000892.jpg,6,art_painting
img001033.jpg,proj/art_painting/img001033.jpg,6,art_painting
img000494.jpg,proj/art_painting/img000494.jpg,6,art_painting
img000947.jpg,proj/art_painting/img000947.jpg,6,art_painting
img001384.jpg,proj/art_painting/img001384.jpg,6,art_painting
img001552.jpg,proj/art_painting/img001552.jpg,6,art_painting
img000256.jpg,proj/art_painting/img000256.jpg,6,art_painting
img001886.jpg,proj/art_painting/img001886.jpg,6,art_painting
img001259.jpg,proj/art_painting/img001259.jpg,6,art_painting
img000002.jpg,proj/art_painting/img000002.jpg,6,art_painting
img001310.jpg,proj/art_painting/img001310.jpg,6,art_painting
img000744.jpg,proj/art_painting/img000744.jpg,6,art_painting
img001550.jpg,proj/art_painting/img001550.jpg,6,art_painting
img001975.jpg,proj/art_painting/img001975.jpg,6,art_painting
img001340.jpg,proj/art_painting/img001340.jpg,6,art_painting
img001649.jpg,proj/art_painting/img001649.jpg,6,art_painting
img001387.jpg,proj/art_painting/img001387.jpg,6,art_painting
img000456.jpg,proj/art_painting/img000456.jpg,6,art_painting
img001339.jpg,proj/art_painting/img001339.jpg,6,art_painting
img001010.jpg,proj/art_painting/img001010.jpg,6,art_painting
img001244.jpg,proj/art_painting/img001244.jpg,6,art_painting
img000807.jpg,proj/art_painting/img000807.jpg,6,art_painting
img000154.jpg,proj/art_painting/img000154.jpg,6,art_painting
img001300.jpg,proj/art_painting/img001300.jpg,6,art_painting
img000232.jpg,proj/art_painting/img000232.jpg,6,art_painting
img000028.jpg,proj/art_painting/img000028.jpg,6,art_painting
img000492.jpg,proj/art_painting/img000492.jpg,6,art_painting
img000262.jpg,proj/art_painting/img000262.jpg,6,art_painting
img001639.jpg,proj/art_painting/img001639.jpg,6,art_painting
img000438.jpg,proj/art_painting/img000438.jpg,6,art_painting
img001554.jpg,proj/art_painting/img001554.jpg,6,art_painting
img000467.jpg,proj/art_painting/img000467.jpg,6,art_painting
img001398.jpg,proj/art_painting/img001398.jpg,6,art_painting
img001752.jpg,proj/art_painting/img001752.jpg,6,art_painting
img001793.jpg,proj/art_painting/img001793.jpg,6,art_painting
img001037.jpg,proj/art_painting/img001037.jpg,6,art_painting
img001941.jpg,proj/art_painting/img001941.jpg,6,art_painting
img000082.jpg,proj/art_painting/img000082.jpg,6,art_painting
img000057.jpg,proj/art_painting/img000057.jpg,6,art_painting
img000586.jpg,proj/art_painting/img000586.jpg,6,art_painting
img000008.jpg,proj/art_painting/img000008.jpg,6,art_painting
img000229.jpg,proj/art_painting/img000229.jpg,6,art_painting
img001871.jpg,proj/art_painting/img001871.jpg,6,art_painting
img001546.jpg,proj/art_painting/img001546.jpg,6,art_painting
img000177.jpg,proj/art_painting/img000177.jpg,6,art_painting
img001046.jpg,proj/art_painting/img001046.jpg,6,art_painting
img001203.jpg,proj/art_painting/img001203.jpg,6,art_painting
img001315.jpg,proj/art_painting/img001315.jpg,6,art_painting
img000291.jpg,proj/art_painting/img000291.jpg,6,art_painting
img000518.jpg,proj/art_painting/img000518.jpg,6,art_painting
img000989.jpg,proj/art_painting/img000989.jpg,6,art_painting
img001826.jpg,proj/art_painting/img001826.jpg,6,art_painting
img001078.jpg,proj/art_painting/img001078.jpg,6,art_painting
img001440.jpg,proj/art_painting/img001440.jpg,6,art_painting
img000248.jpg,proj/art_painting/img000248.jpg,6,art_painting
img001016.jpg,proj/art_painting/img001016.jpg,6,art_painting
img000816.jpg,proj/art_painting/img000816.jpg,6,art_painting
img000943.jpg,proj/art_painting/img000943.jpg,6,art_painting
img000382.jpg,proj/art_painting/img000382.jpg,6,art_painting
img000899.jpg,proj/art_painting/img000899.jpg,6,art_painting
img000294.jpg,proj/art_painting/img000294.jpg,6,art_painting
img000303.jpg,proj/art_painting/img000303.jpg,6,art_painting
img001493.jpg,proj/art_painting/img001493.jpg,6,art_painting
img000995.jpg,proj/art_painting/img000995.jpg,6,art_painting
img000214.jpg,proj/art_painting/img000214.jpg,6,art_painting
img001837.jpg,proj/art_painting/img001837.jpg,6,art_painting
img001568.jpg,proj/art_painting/img001568.jpg,6,art_painting
img001157.jpg,proj/art_painting/img001157.jpg,6,art_painting
img001050.jpg,proj/art_painting/img001050.jpg,6,art_painting
img001508.jpg,proj/art_painting/img001508.jpg,6,art_painting
img000139.jpg,proj/art_painting/img000139.jpg,6,art_painting
img000741.jpg,proj/art_painting/img000741.jpg,6,art_painting
img000809.jpg,proj/art_painting/img000809.jpg,6,art_painting
img000538.jpg,proj/art_painting/img000538.jpg,6,art_painting
img000433.jpg,proj/art_painting/img000433.jpg,6,art_painting
img001264.jpg,proj/art_painting/img001264.jpg,6,art_painting
img001653.jpg,proj/art_painting/img001653.jpg,6,art_painting
img000250.jpg,proj/art_painting/img000250.jpg,6,art_painting
img000619.jpg,proj/art_painting/img000619.jpg,6,art_painting
img001431.jpg,proj/art_painting/img001431.jpg,6,art_painting
img000026.jpg,proj/art_painting/img000026.jpg,6,art_painting
img000447.jpg,proj/art_painting/img000447.jpg,6,art_painting
img001224.jpg,proj/art_painting/img001224.jpg,6,art_painting
img000750.jpg,proj/art_painting/img000750.jpg,6,art_painting
img000013.jpg,proj/art_painting/img000013.jpg,6,art_painting
img000803.jpg,proj/art_painting/img000803.jpg,6,art_painting
img001281.jpg,proj/art_painting/img001281.jpg,6,art_painting
img000627.jpg,proj/art_painting/img000627.jpg,6,art_painting
img001562.jpg,proj/art_painting/img001562.jpg,6,art_painting
img000317.jpg,proj/art_painting/img000317.jpg,6,art_painting
img000226.jpg,proj/art_painting/img000226.jpg,6,art_painting
img001710.jpg,proj/art_painting/img001710.jpg,6,art_painting
img001800.jpg,proj/art_painting/img001800.jpg,6,art_painting
img000812.jpg,proj/art_painting/img000812.jpg,6,art_painting
img000352.jpg,proj/art_painting/img000352.jpg,6,art_painting
img000883.jpg,proj/art_painting/img000883.jpg,6,art_painting
img001839.jpg,proj/art_painting/img001839.jpg,6,art_painting
img000086.jpg,proj/art_painting/img000086.jpg,6,art_painting
img000420.jpg,proj/art_painting/img000420.jpg,6,art_painting
img000302.jpg,proj/art_painting/img000302.jpg,6,art_painting
img001985.jpg,proj/art_painting/img001985.jpg,6,art_painting
img000187.jpg,proj/art_painting/img000187.jpg,6,art_painting
img000477.jpg,proj/art_painting/img000477.jpg,6,art_painting
img000305.jpg,proj/art_painting/img000305.jpg,6,art_painting
img000528.jpg,proj/art_painting/img000528.jpg,6,art_painting
img000621.jpg,proj/art_painting/img000621.jpg,6,art_painting
img001689.jpg,proj/art_painting/img001689.jpg,6,art_painting
img000583.jpg,proj/art_painting/img000583.jpg,6,art_painting
img001487.jpg,proj/art_painting/img001487.jpg,6,art_painting
img001162.jpg,proj/art_painting/img001162.jpg,6,art_painting
img000164.jpg,proj/art_painting/img000164.jpg,6,art_painting
img000598.jpg,proj/art_painting/img000598.jpg,6,art_painting
img000211.jpg,proj/art_painting/img000211.jpg,6,art_painting
img000046.jpg,proj/art_painting/img000046.jpg,6,art_painting
img001140.jpg,proj/art_painting/img001140.jpg,6,art_painting
img001108.jpg,proj/art_painting/img001108.jpg,6,art_painting
img001102.jpg,proj/art_painting/img001102.jpg,6,art_painting
img000526.jpg,proj/art_painting/img000526.jpg,6,art_painting
img001885.jpg,proj/art_painting/img001885.jpg,6,art_painting
img001044.jpg,proj/art_painting/img001044.jpg,6,art_painting
img001701.jpg,proj/art_painting/img001701.jpg,6,art_painting
img001725.jpg,proj/art_painting/img001725.jpg,6,art_painting
img001644.jpg,proj/art_painting/img001644.jpg,6,art_painting
img000689.jpg,proj/art_painting/img000689.jpg,6,art_painting
img001702.jpg,proj/art_painting/img001702.jpg,6,art_painting
img000907.jpg,proj/art_painting/img000907.jpg,6,art_painting
img001151.jpg,proj/art_painting/img001151.jpg,6,art_painting
img000525.jpg,proj/art_painting/img000525.jpg,6,art_painting
img001945.jpg,proj/art_painting/img001945.jpg,6,art_painting
img000392.jpg,proj/art_painting/img000392.jpg,6,art_painting
img001645.jpg,proj/art_painting/img001645.jpg,6,art_painting
img001504.jpg,proj/art_painting/img001504.jpg,6,art_painting
img001385.jpg,proj/art_painting/img001385.jpg,6,art_painting
img000055.jpg,proj/art_painting/img000055.jpg,6,art_painting
img000488.jpg,proj/art_painting/img000488.jpg,6,art_painting
img001690.jpg,proj/art_painting/img001690.jpg,6,art_painting
img001868.jpg,proj/art_painting/img001868.jpg,6,art_painting
img001794.jpg,proj/art_painting/img001794.jpg,6,art_painting
img001514.jpg,proj/art_painting/img001514.jpg,6,art_painting
img001973.jpg,proj/art_painting/img001973.jpg,6,art_painting
img001397.jpg,proj/art_painting/img001397.jpg,6,art_painting
img000288.jpg,proj/art_painting/img000288.jpg,6,art_painting
img000958.jpg,proj/art_painting/img000958.jpg,6,art_painting
img001445.jpg,proj/art_painting/img001445.jpg,6,art_painting
img000580.jpg,proj/art_painting/img000580.jpg,6,art_painting
img001114.jpg,proj/art_painting/img001114.jpg,6,art_painting
img001451.jpg,proj/art_painting/img001451.jpg,6,art_painting
img001279.jpg,proj/art_painting/img001279.jpg,6,art_painting
img001466.jpg,proj/art_painting/img001466.jpg,6,art_painting
img001131.jpg,proj/art_painting/img001131.jpg,6,art_painting
img001137.jpg,proj/art_painting/img001137.jpg,6,art_painting
img000484.jpg,proj/art_painting/img000484.jpg,6,art_painting
img000931.jpg,proj/art_painting/img000931.jpg,6,art_painting
img000058.jpg,proj/art_painting/img000058.jpg,6,art_painting
img000037.jpg,proj/art_painting/img000037.jpg,6,art_painting
img000977.jpg,proj/art_painting/img000977.jpg,6,art_painting
img000916.jpg,proj/art_painting/img000916.jpg,6,art_painting
img000371.jpg,proj/art_painting/img000371.jpg,6,art_painting
img000249.jpg,proj/art_painting/img000249.jpg,6,art_painting
img000132.jpg,proj/art_painting/img000132.jpg,6,art_painting
img000530.jpg,proj/art_painting/img000530.jpg,6,art_painting
img000276.jpg,proj/art_painting/img000276.jpg,6,art_painting
img000507.jpg,proj/art_painting/img000507.jpg,6,art_painting
img000182.jpg,proj/art_painting/img000182.jpg,6,art_painting
img001403.jpg,proj/art_painting/img001403.jpg,6,art_painting
img001850.jpg,proj/art_painting/img001850.jpg,6,art_painting
img000429.jpg,proj/art_painting/img000429.jpg,6,art_painting
img000366.jpg,proj/art_painting/img000366.jpg,6,art_painting
img000158.jpg,proj/art_painting/img000158.jpg,6,art_painting
img001382.jpg,proj/art_painting/img001382.jpg,6,art_painting
img001095.jpg,proj/art_painting/img001095.jpg,6,art_painting
img000118.jpg,proj/art_painting/img000118.jpg,6,art_painting
img001987.jpg,proj/art_painting/img001987.jpg,6,art_painting
img000040.jpg,proj/art_painting/img000040.jpg,6,art_painting
img000377.jpg,proj/art_painting/img000377.jpg,6,art_painting
img001188.jpg,proj/art_painting/img001188.jpg,6,art_painting
img000071.jpg,proj/art_painting/img000071.jpg,6,art_painting
img001425.jpg,proj/art_painting/img001425.jpg,6,art_painting
img000569.jpg,proj/art_painting/img000569.jpg,6,art_painting
img001380.jpg,proj/art_painting/img001380.jpg,6,art_painting
img001158.jpg,proj/art_painting/img001158.jpg,6,art_painting
img001777.jpg,proj/art_painting/img001777.jpg,6,art_painting
img000902.jpg,proj/art_painting/img000902.jpg,6,art_painting
img000380.jpg,proj/art_painting/img000380.jpg,6,art_painting
img001097.jpg,proj/art_painting/img001097.jpg,6,art_painting
img001642.jpg,proj/art_painting/img001642.jpg,6,art_painting
img000606.jpg,proj/art_painting/img000606.jpg,6,art_painting
img000426.jpg,proj/art_painting/img000426.jpg,6,art_painting
img000840.jpg,proj/art_painting/img000840.jpg,6,art_painting
img000102.jpg,proj/art_painting/img000102.jpg,6,art_painting
img001024.jpg,proj/art_painting/img001024.jpg,6,art_painting
img000951.jpg,proj/art_painting/img000951.jpg,6,art_painting
img001712.jpg,proj/art_painting/img001712.jpg,6,art_painting
img001087.jpg,proj/art_painting/img001087.jpg,6,art_painting
img000553.jpg,proj/art_painting/img000553.jpg,6,art_painting
img001113.jpg,proj/art_painting/img001113.jpg,6,art_painting
img000810.jpg,proj/art_painting/img000810.jpg,6,art_painting
img000876.jpg,proj/art_painting/img000876.jpg,6,art_painting
img000279.jpg,proj/art_painting/img000279.jpg,6,art_painting
img000400.jpg,proj/art_painting/img000400.jpg,6,art_painting
img000460.jpg,proj/art_painting/img000460.jpg,6,art_painting
img000096.jpg,proj/art_painting/img000096.jpg,6,art_painting
img001051.jpg,proj/art_painting/img001051.jpg,6,art_painting
img000027.jpg,proj/art_painting/img000027.jpg,6,art_painting
img000747.jpg,proj/art_painting/img000747.jpg,6,art_painting
img001700.jpg,proj/art_painting/img001700.jpg,6,art_painting
img000960.jpg,proj/art_painting/img000960.jpg,6,art_painting
img001773.jpg,proj/art_painting/img001773.jpg,6,art_painting
img001227.jpg,proj/art_painting/img001227.jpg,6,art_painting
img001892.jpg,proj/art_painting/img001892.jpg,6,art_painting
img000428.jpg,proj/art_painting/img000428.jpg,6,art_painting
img001629.jpg,proj/art_painting/img001629.jpg,6,art_painting
img000599.jpg,proj/art_painting/img000599.jpg,6,art_painting
img000799.jpg,proj/art_painting/img000799.jpg,6,art_painting
img001252.jpg,proj/art_painting/img001252.jpg,6,art_painting
img001277.jpg,proj/art_painting/img001277.jpg,6,art_painting
img001610.jpg,proj/art_painting/img001610.jpg,6,art_painting
img000386.jpg,proj/art_painting/img000386.jpg,6,art_painting
img000445.jpg,proj/art_painting/img000445.jpg,6,art_painting
img001637.jpg,proj/art_painting/img001637.jpg,6,art_painting
img000819.jpg,proj/art_painting/img000819.jpg,6,art_painting
img000556.jpg,proj/art_painting/img000556.jpg,6,art_painting
img000412.jpg,proj/art_painting/img000412.jpg,6,art_painting
img001998.jpg,proj/art_painting/img001998.jpg,6,art_painting
img000808.jpg,proj/art_painting/img000808.jpg,6,art_painting
img001059.jpg,proj/art_painting/img001059.jpg,6,art_painting
img000307.jpg,proj/art_painting/img000307.jpg,6,art_painting
img000357.jpg,proj/art_painting/img000357.jpg,6,art_painting
img000940.jpg,proj/art_painting/img000940.jpg,6,art_painting
img000112.jpg,proj/art_painting/img000112.jpg,6,art_painting
img000961.jpg,proj/art_painting/img000961.jpg,6,art_painting
img001145.jpg,proj/art_painting/img001145.jpg,6,art_painting
img001815.jpg,proj/art_painting/img001815.jpg,6,art_painting
img001086.jpg,proj/art_painting/img001086.jpg,6,art_painting
img001070.jpg,proj/art_painting/img001070.jpg,6,art_painting
img000448.jpg,proj/art_painting/img000448.jpg,6,art_painting
img000915.jpg,proj/art_painting/img000915.jpg,6,art_painting
img001439.jpg,proj/art_painting/img001439.jpg,6,art_painting
img000510.jpg,proj/art_painting/img000510.jpg,6,art_painting
img000196.jpg,proj/art_painting/img000196.jpg,6,art_painting
img001672.jpg,proj/art_painting/img001672.jpg,6,art_painting
img000946.jpg,proj/art_painting/img000946.jpg,6,art_painting
img000270.jpg,proj/art_painting/img000270.jpg,6,art_painting
img000370.jpg,proj/art_painting/img000370.jpg,6,art_painting
img000431.jpg,proj/art_painting/img000431.jpg,6,art_painting
img000277.jpg,proj/art_painting/img000277.jpg,6,art_painting
img000113.jpg,proj/art_painting/img000113.jpg,6,art_painting
img001618.jpg,proj/art_painting/img001618.jpg,6,art_painting
img001193.jpg,proj/art_painting/img001193.jpg,6,art_painting
img000470.jpg,proj/art_painting/img000470.jpg,6,art_painting
img001937.jpg,proj/art_painting/img001937.jpg,6,art_painting
img001170.jpg,proj/art_painting/img001170.jpg,6,art_painting
img001685.jpg,proj/art_painting/img001685.jpg,6,art_painting
img000792.jpg,proj/art_painting/img000792.jpg,6,art_painting
img001105.jpg,proj/art_painting/img001105.jpg,6,art_painting
img000379.jpg,proj/art_painting/img000379.jpg,6,art_painting
img000353.jpg,proj/art_painting/img000353.jpg,6,art_painting
img000032.jpg,proj/art_painting/img000032.jpg,6,art_painting
img000240.jpg,proj/art_painting/img000240.jpg,6,art_painting
img000141.jpg,proj/art_painting/img000141.jpg,6,art_painting
img000304.jpg,proj/art_painting/img000304.jpg,6,art_painting
img001030.jpg,proj/art_painting/img001030.jpg,6,art_painting
img000600.jpg,proj/art_painting/img000600.jpg,6,art_painting
img000308.jpg,proj/art_painting/img000308.jpg,6,art_painting
img001471.jpg,proj/art_painting/img001471.jpg,6,art_painting
img000209.jpg,proj/art_painting/img000209.jpg,6,art_painting
img000680.jpg,proj/art_painting/img000680.jpg,6,art_painting
img001757.jpg,proj/art_painting/img001757.jpg,6,art_painting
img001130.jpg,proj/art_painting/img001130.jpg,6,art_painting
img000127.jpg,proj/art_painting/img000127.jpg,6,art_painting
img000517.jpg,proj/art_painting/img000517.jpg,6,art_painting
img001617.jpg,proj/art_painting/img001617.jpg,6,art_painting
img000778.jpg,proj/art_painting/img000778.jpg,6,art_painting
img001132.jpg,proj/art_painting/img001132.jpg,6,art_painting
img001047.jpg,proj/art_painting/img001047.jpg,6,art_painting
img000479.jpg,proj/art_painting/img000479.jpg,6,art_painting
img001583.jpg,proj/art_painting/img001583.jpg,6,art_painting
img000667.jpg,proj/art_painting/img000667.jpg,6,art_painting
img001539.jpg,proj/art_painting/img001539.jpg,6,art_painting
img001232.jpg,proj/art_painting/img001232.jpg,6,art_painting
img001117.jpg,proj/art_painting/img001117.jpg,6,art_painting
img001246.jpg,proj/art_painting/img001246.jpg,6,art_painting
img000060.jpg,proj/art_painting/img000060.jpg,6,art_painting
img000983.jpg,proj/art_painting/img000983.jpg,6,art_painting
img001764.jpg,proj/art_painting/img001764.jpg,6,art_painting
img000930.jpg,proj/art_painting/img000930.jpg,6,art_painting
img000255.jpg,proj/art_painting/img000255.jpg,6,art_painting
img001820.jpg,proj/art_painting/img001820.jpg,6,art_painting
img000804.jpg,proj/art_painting/img000804.jpg,6,art_painting
img001590.jpg,proj/art_painting/img001590.jpg,6,art_painting
img001049.jpg,proj/art_painting/img001049.jpg,6,art_painting
img001019.jpg,proj/art_painting/img001019.jpg,6,art_painting
img000349.jpg,proj/art_painting/img000349.jpg,6,art_painting
img001149.jpg,proj/art_painting/img001149.jpg,6,art_painting
img001251.jpg,proj/art_painting/img001251.jpg,6,art_painting
img001258.jpg,proj/art_painting/img001258.jpg,6,art_painting
img000264.jpg,proj/art_painting/img000264.jpg,6,art_painting
img001183.jpg,proj/art_painting/img001183.jpg,6,art_painting
img000966.jpg,proj/art_painting/img000966.jpg,6,art_painting
img001372.jpg,proj/art_painting/img001372.jpg,6,art_painting
img000359.jpg,proj/art_painting/img000359.jpg,6,art_painting
img000050.jpg,proj/art_painting/img000050.jpg,6,art_painting
img000762.jpg,proj/art_painting/img000762.jpg,6,art_painting
img000901.jpg,proj/art_painting/img000901.jpg,6,art_painting
img001803.jpg,proj/art_painting/img001803.jpg,6,art_painting
img000860.jpg,proj/art_painting/img000860.jpg,6,art_painting
img000928.jpg,proj/art_painting/img000928.jpg,6,art_painting
img001502.jpg,proj/art_painting/img001502.jpg,6,art_painting
img000033.jpg,proj/art_painting/img000033.jpg,6,art_painting
img000192.jpg,proj/art_painting/img000192.jpg,6,art_painting
img000912.jpg,proj/art_painting/img000912.jpg,6,art_painting
img000228.jpg,proj/art_painting/img000228.jpg,6,art_painting
img000854.jpg,proj/art_painting/img000854.jpg,6,art_painting
img001169.jpg,proj/art_painting/img001169.jpg,6,art_painting
img001724.jpg,proj/art_painting/img001724.jpg,6,art_painting
img001775.jpg,proj/art_painting/img001775.jpg,6,art_painting
img001273.jpg,proj/art_painting/img001273.jpg,6,art_painting
img000459.jpg,proj/art_painting/img000459.jpg,6,art_painting
img000385.jpg,proj/art_painting/img000385.jpg,6,art_painting
img001218.jpg,proj/art_painting/img001218.jpg,6,art_painting
img001813.jpg,proj/art_painting/img001813.jpg,6,art_painting
img001200.jpg,proj/art_painting/img001200.jpg,6,art_painting
img000378.jpg,proj/art_painting/img000378.jpg,6,art_painting
img001950.jpg,proj/art_painting/img001950.jpg,6,art_painting
img001215.jpg,proj/art_painting/img001215.jpg,6,art_painting
img001283.jpg,proj/art_painting/img001283.jpg,6,art_painting
img000536.jpg,proj/art_painting/img000536.jpg,6,art_painting
img000717.jpg,proj/art_painting/img000717.jpg,6,art_painting
img001648.jpg,proj/art_painting/img001648.jpg,6,art_painting
img001600.jpg,proj/art_painting/img001600.jpg,6,art_painting
img000516.jpg,proj/art_painting/img000516.jpg,6,art_painting
img000318.jpg,proj/art_painting/img000318.jpg,6,art_painting
img001838.jpg,proj/art_painting/img001838.jpg,6,art_painting
img000813.jpg,proj/art_painting/img000813.jpg,6,art_painting
img001198.jpg,proj/art_painting/img001198.jpg,6,art_painting
img000018.jpg,proj/art_painting/img000018.jpg,6,art_painting
img001407.jpg,proj/art_painting/img001407.jpg,6,art_painting
img001293.jpg,proj/art_painting/img001293.jpg,6,art_painting
img001593.jpg,proj/art_painting/img001593.jpg,6,art_painting
img001231.jpg,proj/art_painting/img001231.jpg,6,art_painting
img001106.jpg,proj/art_painting/img001106.jpg,6,art_painting
img001960.jpg,proj/art_painting/img001960.jpg,6,art_painting
img000684.jpg,proj/art_painting/img000684.jpg,6,art_painting
img001830.jpg,proj/art_painting/img001830.jpg,6,art_painting
img001084.jpg,proj/art_painting/img001084.jpg,6,art_painting
img001754.jpg,proj/art_painting/img001754.jpg,6,art_painting
img000165.jpg,proj/art_painting/img000165.jpg,6,art_painting
img000871.jpg,proj/art_painting/img000871.jpg,6,art_painting
img001532.jpg,proj/art_painting/img001532.jpg,6,art_painting
img001919.jpg,proj/art_painting/img001919.jpg,6,art_painting
img001591.jpg,proj/art_painting/img001591.jpg,6,art_painting
img001341.jpg,proj/art_painting/img001341.jpg,6,art_painting
img000949.jpg,proj/art_painting/img000949.jpg,6,art_painting
img000473.jpg,proj/art_painting/img000473.jpg,6,art_painting
img001434.jpg,proj/art_painting/img001434.jpg,6,art_painting
img001717.jpg,proj/art_painting/img001717.jpg,6,art_painting
img000410.jpg,proj/art_painting/img000410.jpg,6,art_painting
img000519.jpg,proj/art_painting/img000519.jpg,6,art_painting
img001319.jpg,proj/art_painting/img001319.jpg,6,art_painting
img000399.jpg,proj/art_painting/img000399.jpg,6,art_painting
img001240.jpg,proj/art_painting/img001240.jpg,6,art_painting
img001779.jpg,proj/art_painting/img001779.jpg,6,art_painting
img001856.jpg,proj/art_painting/img001856.jpg,6,art_painting
img000945.jpg,proj/art_painting/img000945.jpg,6,art_painting
img000894.jpg,proj/art_painting/img000894.jpg,6,art_painting
img000889.jpg,proj/art_painting/img000889.jpg,6,art_painting
img000727.jpg,proj/art_painting/img000727.jpg,6,art_painting
img001127.jpg,proj/art_painting/img001127.jpg,6,art_painting
img000781.jpg,proj/art_painting/img000781.jpg,6,art_painting
img001684.jpg,proj/art_painting/img001684.jpg,6,art_painting
img001946.jpg,proj/art_painting/img001946.jpg,6,art_painting
img000430.jpg,proj/art_painting/img000430.jpg,6,art_painting
img001219.jpg,proj/art_painting/img001219.jpg,6,art_painting
img001965.jpg,proj/art_painting/img001965.jpg,6,art_painting
img001823.jpg,proj/art_painting/img001823.jpg,6,art_painting
img001635.jpg,proj/art_painting/img001635.jpg,6,art_painting
img000673.jpg,proj/art_painting/img000673.jpg,6,art_painting
img001331.jpg,proj/art_painting/img001331.jpg,6,art_painting
img001238.jpg,proj/art_painting/img001238.jpg,6,art_painting
img000476.jpg,proj/art_painting/img000476.jpg,6,art_painting
img000739.jpg,proj/art_painting/img000739.jpg,6,art_painting
img000685.jpg,proj/art_painting/img000685.jpg,6,art_painting
img001699.jpg,proj/art_painting/img001699.jpg,6,art_painting
img001516.jpg,proj/art_painting/img001516.jpg,6,art_painting
img000884.jpg,proj/art_painting/img000884.jpg,6,art_painting
img000059.jpg,proj/art_painting/img000059.jpg,6,art_painting
img000269.jpg,proj/art_painting/img000269.jpg,6,art_painting
img000617.jpg,proj/art_painting/img000617.jpg,6,art_painting
img001585.jpg,proj/art_painting/img001585.jpg,6,art_painting
img000348.jpg,proj/art_painting/img000348.jpg,6,art_painting
img001928.jpg,proj/art_painting/img001928.jpg,6,art_painting
img001528.jpg,proj/art_painting/img001528.jpg,6,art_painting
img000103.jpg,proj/art_painting/img000103.jpg,6,art_painting
img001120.jpg,proj/art_painting/img001120.jpg,6,art_painting
img000687.jpg,proj/art_painting/img000687.jpg,6,art_painting
img000648.jpg,proj/art_painting/img000648.jpg,6,art_painting
img001576.jpg,proj/art_painting/img001576.jpg,6,art_painting
img001636.jpg,proj/art_painting/img001636.jpg,6,art_painting
img000422.jpg,proj/art_painting/img000422.jpg,6,art_painting
img001924.jpg,proj/art_painting/img001924.jpg,6,art_painting
img000514.jpg,proj/art_painting/img000514.jpg,6,art_painting
img000106.jpg,proj/art_painting/img000106.jpg,6,art_painting
img000859.jpg,proj/art_painting/img000859.jpg,6,art_painting
img000863.jpg,proj/art_painting/img000863.jpg,6,art_painting
img000562.jpg,proj/art_painting/img000562.jpg,6,art_painting
img001833.jpg,proj/art_painting/img001833.jpg,6,art_painting
img000116.jpg,proj/art_painting/img000116.jpg,6,art_painting
img001789.jpg,proj/art_painting/img001789.jpg,6,art_painting
img000387.jpg,proj/art_painting/img000387.jpg,6,art_painting
img001085.jpg,proj/art_painting/img001085.jpg,6,art_painting
img001138.jpg,proj/art_painting/img001138.jpg,6,art_painting
img001792.jpg,proj/art_painting/img001792.jpg,6,art_painting
img000217.jpg,proj/art_painting/img000217.jpg,6,art_painting
img000083.jpg,proj/art_painting/img000083.jpg,6,art_painting
img001135.jpg,proj/art_painting/img001135.jpg,6,art_painting
img000775.jpg,proj/art_painting/img000775.jpg,6,art_painting
img001879.jpg,proj/art_painting/img001879.jpg,6,art_painting
img001563.jpg,proj/art_painting/img001563.jpg,6,art_painting
img000677.jpg,proj/art_painting/img000677.jpg,6,art_painting
img001860.jpg,proj/art_painting/img001860.jpg,6,art_painting
img001573.jpg,proj/art_painting/img001573.jpg,6,art_painting
img001337.jpg,proj/art_painting/img001337.jpg,6,art_painting
img001298.jpg,proj/art_painting/img001298.jpg,6,art_painting
img000605.jpg,proj/art_painting/img000605.jpg,6,art_painting
img000729.jpg,proj/art_painting/img000729.jpg,6,art_painting
img000905.jpg,proj/art_painting/img000905.jpg,6,art_painting
img000712.jpg,proj/art_painting/img000712.jpg,6,art_painting
img001668.jpg,proj/art_painting/img001668.jpg,6,art_painting
img000611.jpg,proj/art_painting/img000611.jpg,6,art_painting
img001938.jpg,proj/art_painting/img001938.jpg,6,art_painting
img000458.jpg,proj/art_painting/img000458.jpg,6,art_painting
img001851.jpg,proj/art_painting/img001851.jpg,6,art_painting
img000461.jpg,proj/art_painting/img000461.jpg,6,art_painting
img001334.jpg,proj/art_painting/img001334.jpg,6,art_painting
img001275.jpg,proj/art_painting/img001275.jpg,6,art_painting
img001061.jpg,proj/art_painting/img001061.jpg,6,art_painting
img000175.jpg,proj/art_painting/img000175.jpg,6,art_painting
img000910.jpg,proj/art_painting/img000910.jpg,6,art_painting
img000068.jpg,proj/art_painting/img000068.jpg,6,art_painting
img001100.jpg,proj/art_painting/img001100.jpg,6,art_painting
img001650.jpg,proj/art_painting/img001650.jpg,6,art_painting
img000624.jpg,proj/art_painting/img000624.jpg,6,art_painting
img000160.jpg,proj/art_painting/img000160.jpg,6,art_painting
img000464.jpg,proj/art_painting/img000464.jpg,6,art_painting
img000497.jpg,proj/art_painting/img000497.jpg,6,art_painting
img001028.jpg,proj/art_painting/img001028.jpg,6,art_painting
img001174.jpg,proj/art_painting/img001174.jpg,6,art_painting
img000454.jpg,proj/art_painting/img000454.jpg,6,art_painting
img001687.jpg,proj/art_painting/img001687.jpg,6,art_painting
img001250.jpg,proj/art_painting/img001250.jpg,6,art_painting
img000746.jpg,proj/art_painting/img000746.jpg,6,art_painting
img000641.jpg,proj/art_painting/img000641.jpg,6,art_painting
img000062.jpg,proj/art_painting/img000062.jpg,6,art_painting
img000850.jpg,proj/art_painting/img000850.jpg,6,art_painting
img000030.jpg,proj/art_painting/img000030.jpg,6,art_painting
img000481.jpg,proj/art_painting/img000481.jpg,6,art_painting
img000480.jpg,proj/art_painting/img000480.jpg,6,art_painting
img000964.jpg,proj/art_painting/img000964.jpg,6,art_painting
img000640.jpg,proj/art_painting/img000640.jpg,6,art_painting
img000620.jpg,proj/art_painting/img000620.jpg,6,art_painting
img000776.jpg,proj/art_painting/img000776.jpg,6,art_painting
img001931.jpg,proj/art_painting/img001931.jpg,6,art_painting
img001393.jpg,proj/art_painting/img001393.jpg,6,art_painting
img001109.jpg,proj/art_painting/img001109.jpg,6,art_painting
img000855.jpg,proj/art_painting/img000855.jpg,6,art_painting
img001195.jpg,proj/art_painting/img001195.jpg,6,art_painting
img001426.jpg,proj/art_painting/img001426.jpg,6,art_painting
img000895.jpg,proj/art_painting/img000895.jpg,6,art_painting
img000925.jpg,proj/art_painting/img000925.jpg,6,art_painting
img001254.jpg,proj/art_painting/img001254.jpg,6,art_painting
img000944.jpg,proj/art_painting/img000944.jpg,6,art_painting
img001021.jpg,proj/art_painting/img001021.jpg,6,art_painting
img000374.jpg,proj/art_painting/img000374.jpg,6,art_painting
img001274.jpg,proj/art_painting/img001274.jpg,6,art_painting
img001521.jpg,proj/art_painting/img001521.jpg,6,art_painting
img000128.jpg,proj/art_painting/img000128.jpg,6,art_painting
img001111.jpg,proj/art_painting/img001111.jpg,6,art_painting
img000016.jpg,proj/art_painting/img000016.jpg,6,art_painting
img000661.jpg,proj/art_painting/img000661.jpg,6,art_painting
img000334.jpg,proj/art_painting/img000334.jpg,6,art_painting
img001230.jpg,proj/art_painting/img001230.jpg,6,art_painting
img000852.jpg,proj/art_painting/img000852.jpg,6,art_painting
img001058.jpg,proj/art_painting/img001058.jpg,6,art_painting
img001225.jpg,proj/art_painting/img001225.jpg,6,art_painting
img000752.jpg,proj/art_painting/img000752.jpg,6,art_painting
img001031.jpg,proj/art_painting/img001031.jpg,6,art_painting
img000345.jpg,proj/art_painting/img000345.jpg,6,art_painting
img000496.jpg,proj/art_painting/img000496.jpg,6,art_painting
img000108.jpg,proj/art_painting/img000108.jpg,6,art_painting
img000726.jpg,proj/art_painting/img000726.jpg,6,art_painting
img000888.jpg,proj/art_painting/img000888.jpg,6,art_painting
img000015.jpg,proj/art_painting/img000015.jpg,6,art_painting
img000714.jpg,proj/art_painting/img000714.jpg,6,art_painting
img000151.jpg,proj/art_painting/img000151.jpg,6,art_painting
img000996.jpg,proj/art_painting/img000996.jpg,6,art_painting
img001855.jpg,proj/art_painting/img001855.jpg,6,art_painting
img001716.jpg,proj/art_painting/img001716.jpg,6,art_painting
img001458.jpg,proj/art_painting/img001458.jpg,6,art_painting
img000929.jpg,proj/art_painting/img000929.jpg,6,art_painting
img000482.jpg,proj/art_painting/img000482.jpg,6,art_painting
img001206.jpg,proj/art_painting/img001206.jpg,6,art_painting
img001089.jpg,proj/art_painting/img001089.jpg,6,art_painting
img001354.jpg,proj/art_painting/img001354.jpg,6,art_painting
img001057.jpg,proj/art_painting/img001057.jpg,6,art_painting
img001479.jpg,proj/art_painting/img001479.jpg,6,art_painting
img001501.jpg,proj/art_painting/img001501.jpg,6,art_painting
img000662.jpg,proj/art_painting/img000662.jpg,6,art_painting
img000976.jpg,proj/art_painting/img000976.jpg,6,art_painting
img000485.jpg,proj/art_painting/img000485.jpg,6,art_painting
img000021.jpg,proj/art_painting/img000021.jpg,6,art_painting
img001210.jpg,proj/art_painting/img001210.jpg,6,art_painting
img001285.jpg,proj/art_painting/img001285.jpg,6,art_painting
img000548.jpg,proj/art_painting/img000548.jpg,6,art_painting
img001786.jpg,proj/art_painting/img001786.jpg,6,art_painting
img001551.jpg,proj/art_painting/img001551.jpg,6,art_painting
img000853.jpg,proj/art_painting/img000853.jpg,6,art_painting
img001485.jpg,proj/art_painting/img001485.jpg,6,art_painting
img000709.jpg,proj/art_painting/img000709.jpg,6,art_painting
img000468.jpg,proj/art_painting/img000468.jpg,6,art_painting
img000036.jpg,proj/art_painting/img000036.jpg,6,art_painting
img000361.jpg,proj/art_painting/img000361.jpg,6,art_painting
img001766.jpg,proj/art_painting/img001766.jpg,6,art_painting
img000293.jpg,proj/art_painting/img000293.jpg,6,art_painting
img001020.jpg,proj/art_painting/img001020.jpg,6,art_painting
img000295.jpg,proj/art_painting/img000295.jpg,6,art_painting
img000306.jpg,proj/art_painting/img000306.jpg,6,art_painting
img000339.jpg,proj/art_painting/img000339.jpg,6,art_painting
img000921.jpg,proj/art_painting/img000921.jpg,6,art_painting
img000054.jpg,proj/art_painting/img000054.jpg,6,art_painting
img001547.jpg,proj/art_painting/img001547.jpg,6,art_painting
img000397.jpg,proj/art_painting/img000397.jpg,6,art_painting
img001597.jpg,proj/art_painting/img001597.jpg,6,art_painting
img000161.jpg,proj/art_painting/img000161.jpg,6,art_painting
img001295.jpg,proj/art_painting/img001295.jpg,6,art_painting
img001395.jpg,proj/art_painting/img001395.jpg,6,art_painting
img001961.jpg,proj/art_painting/img001961.jpg,6,art_painting
img000582.jpg,proj/art_painting/img000582.jpg,6,art_painting
img001895.jpg,proj/art_painting/img001895.jpg,6,art_painting
img001580.jpg,proj/art_painting/img001580.jpg,6,art_painting
img000478.jpg,proj/art_painting/img000478.jpg,6,art_painting
img000932.jpg,proj/art_painting/img000932.jpg,6,art_painting
img001890.jpg,proj/art_painting/img001890.jpg,6,art_painting
img001467.jpg,proj/art_painting/img001467.jpg,6,art_painting
img000145.jpg,proj/art_painting/img000145.jpg,6,art_painting
img001214.jpg,proj/art_painting/img001214.jpg,6,art_painting
img000716.jpg,proj/art_painting/img000716.jpg,6,art_painting
img001530.jpg,proj/art_painting/img001530.jpg,6,art_painting
img000402.jpg,proj/art_painting/img000402.jpg,6,art_painting
img001505.jpg,proj/art_painting/img001505.jpg,6,art_painting
img000710.jpg,proj/art_painting/img000710.jpg,6,art_painting
img000832.jpg,proj/art_painting/img000832.jpg,6,art_painting
img001542.jpg,proj/art_painting/img001542.jpg,6,art_painting
img001907.jpg,proj/art_painting/img001907.jpg,6,art_painting
img001740.jpg,proj/art_painting/img001740.jpg,6,art_painting
img000090.jpg,proj/art_painting/img000090.jpg,6,art_painting
img000919.jpg,proj/art_painting/img000919.jpg,6,art_painting
img000868.jpg,proj/art_painting/img000868.jpg,6,art_painting
img000896.jpg,proj/art_painting/img000896.jpg,6,art_painting
img001323.jpg,proj/art_painting/img001323.jpg,6,art_painting
img000686.jpg,proj/art_painting/img000686.jpg,6,art_painting
img001378.jpg,proj/art_painting/img001378.jpg,6,art_painting
img001002.jpg,proj/art_painting/img001002.jpg,6,art_painting
img001788.jpg,proj/art_painting/img001788.jpg,6,art_painting
img000509.jpg,proj/art_painting/img000509.jpg,6,art_painting
img000231.jpg,proj/art_painting/img000231.jpg,6,art_painting
img001691.jpg,proj/art_painting/img001691.jpg,6,art_painting
img000994.jpg,proj/art_painting/img000994.jpg,6,art_painting
img000403.jpg,proj/art_painting/img000403.jpg,6,art_painting
img001870.jpg,proj/art_painting/img001870.jpg,6,art_painting
img001178.jpg,proj/art_painting/img001178.jpg,6,art_painting
img000866.jpg,proj/art_painting/img000866.jpg,6,art_painting
img001336.jpg,proj/art_painting/img001336.jpg,6,art_painting
img001495.jpg,proj/art_painting/img001495.jpg,6,art_painting
img001759.jpg,proj/art_painting/img001759.jpg,6,art_painting
img000435.jpg,proj/art_painting/img000435.jpg,6,art_painting
img001317.jpg,proj/art_painting/img001317.jpg,6,art_painting
img001665.jpg,proj/art_painting/img001665.jpg,6,art_painting
img000955.jpg,proj/art_painting/img000955.jpg,6,art_painting
img000069.jpg,proj/art_painting/img000069.jpg,6,art_painting
img001270.jpg,proj/art_painting/img001270.jpg,6,art_painting
img000515.jpg,proj/art_painting/img000515.jpg,6,art_painting
img001335.jpg,proj/art_painting/img001335.jpg,6,art_painting
img001013.jpg,proj/art_painting/img001013.jpg,6,art_painting
img001956.jpg,proj/art_painting/img001956.jpg,6,art_painting
img001538.jpg,proj/art_painting/img001538.jpg,6,art_painting
img000099.jpg,proj/art_painting/img000099.jpg,6,art_painting
img001743.jpg,proj/art_painting/img001743.jpg,6,art_painting
img000162.jpg,proj/art_painting/img000162.jpg,6,art_painting
img000997.jpg,proj/art_painting/img000997.jpg,6,art_painting
img001878.jpg,proj/art_painting/img001878.jpg,6,art_painting
img001365.jpg,proj/art_painting/img001365.jpg,6,art_painting
img000261.jpg,proj/art_painting/img000261.jpg,6,art_painting
img001069.jpg,proj/art_painting/img001069.jpg,6,art_painting
img000861.jpg,proj/art_painting/img000861.jpg,6,art_painting
img000024.jpg,proj/art_painting/img000024.jpg,6,art_painting
img000201.jpg,proj/art_painting/img000201.jpg,6,art_painting
img000331.jpg,proj/art_painting/img000331.jpg,6,art_painting
img000551.jpg,proj/art_painting/img000551.jpg,6,art_painting
img000159.jpg,proj/art_painting/img000159.jpg,6,art_painting
img001421.jpg,proj/art_painting/img001421.jpg,6,art_painting
img001043.jpg,proj/art_painting/img001043.jpg,6,art_painting
img001772.jpg,proj/art_painting/img001772.jpg,6,art_painting
img001897.jpg,proj/art_painting/img001897.jpg,6,art_painting
img001577.jpg,proj/art_painting/img001577.jpg,6,art_painting
img001212.jpg,proj/art_painting/img001212.jpg,6,art_painting
img000216.jpg,proj/art_painting/img000216.jpg,6,art_painting
img001605.jpg,proj/art_painting/img001605.jpg,6,art_painting
img001536.jpg,proj/art_painting/img001536.jpg,6,art_painting
img001144.jpg,proj/art_painting/img001144.jpg,6,art_painting
img000330.jpg,proj/art_painting/img000330.jpg,6,art_painting
img000172.jpg,proj/art_painting/img000172.jpg,6,art_painting
img000173.jpg,proj/art_painting/img000173.jpg,6,art_painting
img001330.jpg,proj/art_painting/img001330.jpg,6,art_painting
img001693.jpg,proj/art_painting/img001693.jpg,6,art_painting
img000800.jpg,proj/art_painting/img000800.jpg,6,art_painting
img000798.jpg,proj/art_painting/img000798.jpg,6,art_painting
img001936.jpg,proj/art_painting/img001936.jpg,6,art_painting
img001923.jpg,proj/art_painting/img001923.jpg,6,art_painting
img000950.jpg,proj/art_painting/img000950.jpg,6,art_painting
img000846.jpg,proj/art_painting/img000846.jpg,6,art_painting
img000784.jpg,proj/art_painting/img000784.jpg,6,art_painting
img001202.jpg,proj/art_painting/img001202.jpg,6,art_painting
img001128.jpg,proj/art_painting/img001128.jpg,6,art_painting
img001164.jpg,proj/art_painting/img001164.jpg,6,art_painting
img001664.jpg,proj/art_painting/img001664.jpg,6,art_painting
img000080.jpg,proj/art_painting/img000080.jpg,6,art_painting
img000085.jpg,proj/art_painting/img000085.jpg,6,art_painting
img001241.jpg,proj/art_painting/img001241.jpg,6,art_painting
img001181.jpg,proj/art_painting/img001181.jpg,6,art_painting
img000117.jpg,proj/art_painting/img000117.jpg,6,art_painting
img000266.jpg,proj/art_painting/img000266.jpg,6,art_painting
img001433.jpg,proj/art_painting/img001433.jpg,6,art_painting
img001444.jpg,proj/art_painting/img001444.jpg,6,art_painting
img001954.jpg,proj/art_painting/img001954.jpg,6,art_painting
img000166.jpg,proj/art_painting/img000166.jpg,6,art_painting
img001348.jpg,proj/art_painting/img001348.jpg,6,art_painting
img000820.jpg,proj/art_painting/img000820.jpg,6,art_painting
img001025.jpg,proj/art_painting/img001025.jpg,6,art_painting
img000440.jpg,proj/art_painting/img000440.jpg,6,art_painting
img000319.jpg,proj/art_painting/img000319.jpg,6,art_painting
img001388.jpg,proj/art_painting/img001388.jpg,6,art_painting
img000287.jpg,proj/art_painting/img000287.jpg,6,art_painting
img001446.jpg,proj/art_painting/img001446.jpg,6,art_painting
img001933.jpg,proj/art_painting/img001933.jpg,6,art_painting
img001015.jpg,proj/art_painting/img001015.jpg,6,art_painting
img001126.jpg,proj/art_painting/img001126.jpg,6,art_painting
img000340.jpg,proj/art_painting/img000340.jpg,6,art_painting
img001041.jpg,proj/art_painting/img001041.jpg,6,art_painting
img000780.jpg,proj/art_painting/img000780.jpg,6,art_painting
img000988.jpg,proj/art_painting/img000988.jpg,6,art_painting
img000678.jpg,proj/art_painting/img000678.jpg,6,art_painting
img001784.jpg,proj/art_painting/img001784.jpg,6,art_painting
img000409.jpg,proj/art_painting/img000409.jpg,6,art_painting
img001073.jpg,proj/art_painting/img001073.jpg,6,art_painting
img001614.jpg,proj/art_painting/img001614.jpg,6,art_painting
img000079.jpg,proj/art_painting/img000079.jpg,6,art_painting
img000396.jpg,proj/art_painting/img000396.jpg,6,art_painting
img000073.jpg,proj/art_painting/img000073.jpg,6,art_painting
img001328.jpg,proj/art_painting/img001328.jpg,6,art_painting
img000756.jpg,proj/art_painting/img000756.jpg,6,art_painting
img000591.jpg,proj/art_painting/img000591.jpg,6,art_painting
img001306.jpg,proj/art_painting/img001306.jpg,6,art_painting
img000416.jpg,proj/art_painting/img000416.jpg,6,art_painting
img001221.jpg,proj/art_painting/img001221.jpg,6,art_painting
img001452.jpg,proj/art_painting/img001452.jpg,6,art_painting
img001943.jpg,proj/art_painting/img001943.jpg,6,art_painting
img000618.jpg,proj/art_painting/img000618.jpg,6,art_painting
img001940.jpg,proj/art_painting/img001940.jpg,6,art_painting
img000631.jpg,proj/art_painting/img000631.jpg,6,art_painting
img000282.jpg,proj/art_painting/img000282.jpg,6,art_painting
img000123.jpg,proj/art_painting/img000123.jpg,6,art_painting
img000394.jpg,proj/art_painting/img000394.jpg,6,art_painting
img000843.jpg,proj/art_painting/img000843.jpg,6,art_painting
img000655.jpg,proj/art_painting/img000655.jpg,6,art_painting
img000557.jpg,proj/art_painting/img000557.jpg,6,art_painting
img001247.jpg,proj/art_painting/img001247.jpg,6,art_painting
img000098.jpg,proj/art_painting/img000098.jpg,6,art_painting
img001112.jpg,proj/art_painting/img001112.jpg,6,art_painting
img000152.jpg,proj/art_painting/img000152.jpg,6,art_painting
img000247.jpg,proj/art_painting/img000247.jpg,6,art_painting
img000993.jpg,proj/art_painting/img000993.jpg,6,art_painting
img001192.jpg,proj/art_painting/img001192.jpg,6,art_painting
img001442.jpg,proj/art_painting/img001442.jpg,6,art_painting
img000633.jpg,proj/art_painting/img000633.jpg,6,art_painting
img000882.jpg,proj/art_painting/img000882.jpg,6,art_painting
img001253.jpg,proj/art_painting/img001253.jpg,6,art_painting
img001749.jpg,proj/art_painting/img001749.jpg,6,art_painting
img000735.jpg,proj/art_painting/img000735.jpg,6,art_painting
img001286.jpg,proj/art_painting/img001286.jpg,6,art_painting
img000487.jpg,proj/art_painting/img000487.jpg,6,art_painting
img000094.jpg,proj/art_painting/img000094.jpg,6,art_painting
img001623.jpg,proj/art_painting/img001623.jpg,6,art_painting
img001728.jpg,proj/art_painting/img001728.jpg,6,art_painting
img001142.jpg,proj/art_painting/img001142.jpg,6,art_painting
img000664.jpg,proj/art_painting/img000664.jpg,6,art_painting
img001358.jpg,proj/art_painting/img001358.jpg,6,art_painting
img000822.jpg,proj/art_painting/img000822.jpg,6,art_painting
img001969.jpg,proj/art_painting/img001969.jpg,6,art_painting
img000041.jpg,proj/art_painting/img000041.jpg,6,art_painting
img001844.jpg,proj/art_painting/img001844.jpg,6,art_painting
img001951.jpg,proj/art_painting/img001951.jpg,6,art_painting
img000326.jpg,proj/art_painting/img000326.jpg,6,art_painting
img000725.jpg,proj/art_painting/img000725.jpg,6,art_painting
img001375.jpg,proj/art_painting/img001375.jpg,6,art_painting
img001783.jpg,proj/art_painting/img001783.jpg,6,art_painting
img001418.jpg,proj/art_painting/img001418.jpg,6,art_painting
img001872.jpg,proj/art_painting/img001872.jpg,6,art_painting
img000356.jpg,proj/art_painting/img000356.jpg,6,art_painting
img001125.jpg,proj/art_painting/img001125.jpg,6,art_painting
img001172.jpg,proj/art_painting/img001172.jpg,6,art_painting
img000630.jpg,proj/art_painting/img000630.jpg,6,art_painting
img000841.jpg,proj/art_painting/img000841.jpg,6,art_painting
img001055.jpg,proj/art_painting/img001055.jpg,6,art_painting
img000596.jpg,proj/art_painting/img000596.jpg,6,art_painting
img000341.jpg,proj/art_painting/img000341.jpg,6,art_painting
img000237.jpg,proj/art_painting/img000237.jpg,6,art_painting
img000483.jpg,proj/art_painting/img000483.jpg,6,art_painting
img000200.jpg,proj/art_painting/img000200.jpg,6,art_painting
img001566.jpg,proj/art_painting/img001566.jpg,6,art_painting
img001756.jpg,proj/art_painting/img001756.jpg,6,art_painting
img001867.jpg,proj/art_painting/img001867.jpg,6,art_painting
img000421.jpg,proj/art_painting/img000421.jpg,6,art_painting
img001999.jpg,proj/art_painting/img001999.jpg,6,art_painting
img001993.jpg,proj/art_painting/img001993.jpg,6,art_painting
img001715.jpg,proj/art_painting/img001715.jpg,6,art_painting
img001660.jpg,proj/art_painting/img001660.jpg,6,art_painting
img001822.jpg,proj/art_painting/img001822.jpg,6,art_painting
img001787.jpg,proj/art_painting/img001787.jpg,6,art_painting
img001561.jpg,proj/art_painting/img001561.jpg,6,art_painting
img001004.jpg,proj/art_painting/img001004.jpg,6,art_painting
img001362.jpg,proj/art_painting/img001362.jpg,6,art_painting
img001758.jpg,proj/art_painting/img001758.jpg,6,art_painting
img000811.jpg,proj/art_painting/img000811.jpg,6,art_painting
img001455.jpg,proj/art_painting/img001455.jpg,6,art_painting
img001038.jpg,proj/art_painting/img001038.jpg,6,art_painting
img000365.jpg,proj/art_painting/img000365.jpg,6,art_painting
img001706.jpg,proj/art_painting/img001706.jpg,6,art_painting
img000425.jpg,proj/art_painting/img000425.jpg,6,art_painting
img000502.jpg,proj/art_painting/img000502.jpg,6,art_painting
img001257.jpg,proj/art_painting/img001257.jpg,6,art_painting
img000475.jpg,proj/art_painting/img000475.jpg,6,art_painting
img001371.jpg,proj/art_painting/img001371.jpg,6,art_painting
img001305.jpg,proj/art_painting/img001305.jpg,6,art_painting
img000571.jpg,proj/art_painting/img000571.jpg,6,art_painting
img001659.jpg,proj/art_painting/img001659.jpg,6,art_painting
img001474.jpg,proj/art_painting/img001474.jpg,6,art_painting
img000797.jpg,proj/art_painting/img000797.jpg,6,art_painting
img000957.jpg,proj/art_painting/img000957.jpg,6,art_painting
img000286.jpg,proj/art_painting/img000286.jpg,6,art_painting
img000504.jpg,proj/art_painting/img000504.jpg,6,art_painting
img001475.jpg,proj/art_painting/img001475.jpg,6,art_painting
img000549.jpg,proj/art_painting/img000549.jpg,6,art_painting
img001884.jpg,proj/art_painting/img001884.jpg,6,art_painting
img000824.jpg,proj/art_painting/img000824.jpg,6,art_painting
img000048.jpg,proj/art_painting/img000048.jpg,6,art_painting
img000043.jpg,proj/art_painting/img000043.jpg,6,art_painting
img001187.jpg,proj/art_painting/img001187.jpg,6,art_painting
img001299.jpg,proj/art_painting/img001299.jpg,6,art_painting
img000789.jpg,proj/art_painting/img000789.jpg,6,art_painting
img001312.jpg,proj/art_painting/img001312.jpg,6,art_painting
img001150.jpg,proj/art_painting/img001150.jpg,6,art_painting
img001634.jpg,proj/art_painting/img001634.jpg,6,art_painting
img001060.jpg,proj/art_painting/img001060.jpg,6,art_painting
img000463.jpg,proj/art_painting/img000463.jpg,6,art_painting
img001034.jpg,proj/art_painting/img001034.jpg,6,art_painting
img000178.jpg,proj/art_painting/img000178.jpg,6,art_painting
img001900.jpg,proj/art_painting/img001900.jpg,6,art_painting
img000794.jpg,proj/art_painting/img000794.jpg,6,art_painting
img000316.jpg,proj/art_painting/img000316.jpg,6,art_painting
img000443.jpg,proj/art_painting/img000443.jpg,6,art_painting
img000963.jpg,proj/art_painting/img000963.jpg,6,art_painting
img000542.jpg,proj/art_painting/img000542.jpg,6,art_painting
img000006.jpg,proj/art_painting/img000006.jpg,6,art_painting
img000568.jpg,proj/art_painting/img000568.jpg,6,art_painting
img001785.jpg,proj/art_painting/img001785.jpg,6,art_painting
img001559.jpg,proj/art_painting/img001559.jpg,6,art_painting
img001991.jpg,proj/art_painting/img001991.jpg,6,art_painting
img000252.jpg,proj/art_painting/img000252.jpg,6,art_painting
img001342.jpg,proj/art_painting/img001342.jpg,6,art_painting
img001287.jpg,proj/art_painting/img001287.jpg,6,art_painting
img001005.jpg,proj/art_painting/img001005.jpg,6,art_painting
img000432.jpg,proj/art_painting/img000432.jpg,6,art_painting
img001392.jpg,proj/art_painting/img001392.jpg,6,art_painting
img000346.jpg,proj/art_painting/img000346.jpg,6,art_painting
img001349.jpg,proj/art_painting/img001349.jpg,6,art_painting
img000700.jpg,proj/art_painting/img000700.jpg,6,art_painting
img000074.jpg,proj/art_painting/img000074.jpg,6,art_painting
img001957.jpg,proj/art_painting/img001957.jpg,6,art_painting
img001679.jpg,proj/art_painting/img001679.jpg,6,art_painting
img001490.jpg,proj/art_painting/img001490.jpg,6,art_painting
img000694.jpg,proj/art_painting/img000694.jpg,6,art_painting
img000635.jpg,proj/art_painting/img000635.jpg,6,art_painting
img001486.jpg,proj/art_painting/img001486.jpg,6,art_painting
img000972.jpg,proj/art_painting/img000972.jpg,6,art_painting
img001428.jpg,proj/art_painting/img001428.jpg,6,art_painting
img001063.jpg,proj/art_painting/img001063.jpg,6,art_painting
img001520.jpg,proj/art_painting/img001520.jpg,6,art_painting
img000708.jpg,proj/art_painting/img000708.jpg,6,art_painting
img000561.jpg,proj/art_painting/img000561.jpg,6,art_painting
img000821.jpg,proj/art_painting/img000821.jpg,6,art_painting
img001732.jpg,proj/art_painting/img001732.jpg,6,art_painting
img000343.jpg,proj/art_painting/img000343.jpg,6,art_painting
img000969.jpg,proj/art_painting/img000969.jpg,6,art_painting
img001435.jpg,proj/art_painting/img001435.jpg,6,art_painting
img000222.jpg,proj/art_painting/img000222.jpg,6,art_painting
img000904.jpg,proj/art_painting/img000904.jpg,6,art_painting
img001695.jpg,proj/art_painting/img001695.jpg,6,art_painting
img000149.jpg,proj/art_painting/img000149.jpg,6,art_painting
img001099.jpg,proj/art_painting/img001099.jpg,6,art_painting
img001248.jpg,proj/art_painting/img001248.jpg,6,art_painting
img000823.jpg,proj/art_painting/img000823.jpg,6,art_painting
img000001.jpg,proj/art_painting/img000001.jpg,6,art_painting
img001925.jpg,proj/art_painting/img001925.jpg,6,art_painting
img000213.jpg,proj/art_painting/img000213.jpg,6,art_painting
img000411.jpg,proj/art_painting/img000411.jpg,6,art_painting
img001920.jpg,proj/art_painting/img001920.jpg,6,art_painting
img001857.jpg,proj/art_painting/img001857.jpg,6,art_painting
img002802.jpg,proj/bedroom/img002802.jpg,6,bedroom
img002424.jpg,proj/bedroom/img002424.jpg,6,bedroom
img002144.jpg,proj/bedroom/img002144.jpg,6,bedroom
img003522.jpg,proj/bedroom/img003522.jpg,6,bedroom
img002461.jpg,proj/bedroom/img002461.jpg,6,bedroom
img002218.jpg,proj/bedroom/img002218.jpg,6,bedroom
img003220.jpg,proj/bedroom/img003220.jpg,6,bedroom
img002642.jpg,proj/bedroom/img002642.jpg,6,bedroom
img003303.jpg,proj/bedroom/img003303.jpg,6,bedroom
img003779.jpg,proj/bedroom/img003779.jpg,6,bedroom
img003622.jpg,proj/bedroom/img003622.jpg,6,bedroom
img002797.jpg,proj/bedroom/img002797.jpg,6,bedroom
img003975.jpg,proj/bedroom/img003975.jpg,6,bedroom
img003495.jpg,proj/bedroom/img003495.jpg,6,bedroom
img003229.jpg,proj/bedroom/img003229.jpg,6,bedroom
img003330.jpg,proj/bedroom/img003330.jpg,6,bedroom
img003695.jpg,proj/bedroom/img003695.jpg,6,bedroom
img003445.jpg,proj/bedroom/img003445.jpg,6,bedroom
img003919.jpg,proj/bedroom/img003919.jpg,6,bedroom
img002609.jpg,proj/bedroom/img002609.jpg,6,bedroom
img003336.jpg,proj/bedroom/img003336.jpg,6,bedroom
img003753.jpg,proj/bedroom/img003753.jpg,6,bedroom
img003760.jpg,proj/bedroom/img003760.jpg,6,bedroom
img002717.jpg,proj/bedroom/img002717.jpg,6,bedroom
img002277.jpg,proj/bedroom/img002277.jpg,6,bedroom
img002042.jpg,proj/bedroom/img002042.jpg,6,bedroom
img003080.jpg,proj/bedroom/img003080.jpg,6,bedroom
img003958.jpg,proj/bedroom/img003958.jpg,6,bedroom
img003400.jpg,proj/bedroom/img003400.jpg,6,bedroom
img002427.jpg,proj/bedroom/img002427.jpg,6,bedroom
img002023.jpg,proj/bedroom/img002023.jpg,6,bedroom
img002815.jpg,proj/bedroom/img002815.jpg,6,bedroom
img002885.jpg,proj/bedroom/img002885.jpg,6,bedroom
img002872.jpg,proj/bedroom/img002872.jpg,6,bedroom
img002068.jpg,proj/bedroom/img002068.jpg,6,bedroom
img002774.jpg,proj/bedroom/img002774.jpg,6,bedroom
img003951.jpg,proj/bedroom/img003951.jpg,6,bedroom
img002021.jpg,proj/bedroom/img002021.jpg,6,bedroom
img002474.jpg,proj/bedroom/img002474.jpg,6,bedroom
img003494.jpg,proj/bedroom/img003494.jpg,6,bedroom
img002410.jpg,proj/bedroom/img002410.jpg,6,bedroom
img002469.jpg,proj/bedroom/img002469.jpg,6,bedroom
img002262.jpg,proj/bedroom/img002262.jpg,6,bedroom
img002943.jpg,proj/bedroom/img002943.jpg,6,bedroom
img002151.jpg,proj/bedroom/img002151.jpg,6,bedroom
img003085.jpg,proj/bedroom/img003085.jpg,6,bedroom
img002636.jpg,proj/bedroom/img002636.jpg,6,bedroom
img002237.jpg,proj/bedroom/img002237.jpg,6,bedroom
img002205.jpg,proj/bedroom/img002205.jpg,6,bedroom
img003270.jpg,proj/bedroom/img003270.jpg,6,bedroom
img003879.jpg,proj/bedroom/img003879.jpg,6,bedroom
img003163.jpg,proj/bedroom/img003163.jpg,6,bedroom
img003832.jpg,proj/bedroom/img003832.jpg,6,bedroom
img002637.jpg,proj/bedroom/img002637.jpg,6,bedroom
img002543.jpg,proj/bedroom/img002543.jpg,6,bedroom
img002152.jpg,proj/bedroom/img002152.jpg,6,bedroom
img003856.jpg,proj/bedroom/img003856.jpg,6,bedroom
img003920.jpg,proj/bedroom/img003920.jpg,6,bedroom
img002489.jpg,proj/bedroom/img002489.jpg,6,bedroom
img003104.jpg,proj/bedroom/img003104.jpg,6,bedroom
img003281.jpg,proj/bedroom/img003281.jpg,6,bedroom
img002630.jpg,proj/bedroom/img002630.jpg,6,bedroom
img002490.jpg,proj/bedroom/img002490.jpg,6,bedroom
img003351.jpg,proj/bedroom/img003351.jpg,6,bedroom
img002890.jpg,proj/bedroom/img002890.jpg,6,bedroom
img002752.jpg,proj/bedroom/img002752.jpg,6,bedroom
img002032.jpg,proj/bedroom/img002032.jpg,6,bedroom
img003987.jpg,proj/bedroom/img003987.jpg,6,bedroom
img003588.jpg,proj/bedroom/img003588.jpg,6,bedroom
img002254.jpg,proj/bedroom/img002254.jpg,6,bedroom
img002169.jpg,proj/bedroom/img002169.jpg,6,bedroom
img002651.jpg,proj/bedroom/img002651.jpg,6,bedroom
img002988.jpg,proj/bedroom/img002988.jpg,6,bedroom
img002311.jpg,proj/bedroom/img002311.jpg,6,bedroom
img002087.jpg,proj/bedroom/img002087.jpg,6,bedroom
img002486.jpg,proj/bedroom/img002486.jpg,6,bedroom
img002766.jpg,proj/bedroom/img002766.jpg,6,bedroom
img003807.jpg,proj/bedroom/img003807.jpg,6,bedroom
img002029.jpg,proj/bedroom/img002029.jpg,6,bedroom
img002544.jpg,proj/bedroom/img002544.jpg,6,bedroom
img003040.jpg,proj/bedroom/img003040.jpg,6,bedroom
img003909.jpg,proj/bedroom/img003909.jpg,6,bedroom
img003790.jpg,proj/bedroom/img003790.jpg,6,bedroom
img002505.jpg,proj/bedroom/img002505.jpg,6,bedroom
img003264.jpg,proj/bedroom/img003264.jpg,6,bedroom
img002398.jpg,proj/bedroom/img002398.jpg,6,bedroom
img002094.jpg,proj/bedroom/img002094.jpg,6,bedroom
img002594.jpg,proj/bedroom/img002594.jpg,6,bedroom
img002828.jpg,proj/bedroom/img002828.jpg,6,bedroom
img003514.jpg,proj/bedroom/img003514.jpg,6,bedroom
img002230.jpg,proj/bedroom/img002230.jpg,6,bedroom
img003850.jpg,proj/bedroom/img003850.jpg,6,bedroom
img002399.jpg,proj/bedroom/img002399.jpg,6,bedroom
img003482.jpg,proj/bedroom/img003482.jpg,6,bedroom
img002584.jpg,proj/bedroom/img002584.jpg,6,bedroom
img002970.jpg,proj/bedroom/img002970.jpg,6,bedroom
img003470.jpg,proj/bedroom/img003470.jpg,6,bedroom
img002401.jpg,proj/bedroom/img002401.jpg,6,bedroom
img002598.jpg,proj/bedroom/img002598.jpg,6,bedroom
img003090.jpg,proj/bedroom/img003090.jpg,6,bedroom
img003244.jpg,proj/bedroom/img003244.jpg,6,bedroom
img003615.jpg,proj/bedroom/img003615.jpg,6,bedroom
img002727.jpg,proj/bedroom/img002727.jpg,6,bedroom
img003709.jpg,proj/bedroom/img003709.jpg,6,bedroom
img003734.jpg,proj/bedroom/img003734.jpg,6,bedroom
img003012.jpg,proj/bedroom/img003012.jpg,6,bedroom
img003576.jpg,proj/bedroom/img003576.jpg,6,bedroom
img002989.jpg,proj/bedroom/img002989.jpg,6,bedroom
img002235.jpg,proj/bedroom/img002235.jpg,6,bedroom
img002290.jpg,proj/bedroom/img002290.jpg,6,bedroom
img002231.jpg,proj/bedroom/img002231.jpg,6,bedroom
img003598.jpg,proj/bedroom/img003598.jpg,6,bedroom
img002245.jpg,proj/bedroom/img002245.jpg,6,bedroom
img002975.jpg,proj/bedroom/img002975.jpg,6,bedroom
img003020.jpg,proj/bedroom/img003020.jpg,6,bedroom
img003431.jpg,proj/bedroom/img003431.jpg,6,bedroom
img002714.jpg,proj/bedroom/img002714.jpg,6,bedroom
img003041.jpg,proj/bedroom/img003041.jpg,6,bedroom
img002321.jpg,proj/bedroom/img002321.jpg,6,bedroom
img002364.jpg,proj/bedroom/img002364.jpg,6,bedroom
img003159.jpg,proj/bedroom/img003159.jpg,6,bedroom
img002532.jpg,proj/bedroom/img002532.jpg,6,bedroom
img003115.jpg,proj/bedroom/img003115.jpg,6,bedroom
img003674.jpg,proj/bedroom/img003674.jpg,6,bedroom
img002621.jpg,proj/bedroom/img002621.jpg,6,bedroom
img003151.jpg,proj/bedroom/img003151.jpg,6,bedroom
img002861.jpg,proj/bedroom/img002861.jpg,6,bedroom
img003663.jpg,proj/bedroom/img003663.jpg,6,bedroom
img002180.jpg,proj/bedroom/img002180.jpg,6,bedroom
img003299.jpg,proj/bedroom/img003299.jpg,6,bedroom
img003344.jpg,proj/bedroom/img003344.jpg,6,bedroom
img003556.jpg,proj/bedroom/img003556.jpg,6,bedroom
img003844.jpg,proj/bedroom/img003844.jpg,6,bedroom
img002542.jpg,proj/bedroom/img002542.jpg,6,bedroom
img002899.jpg,proj/bedroom/img002899.jpg,6,bedroom
img003117.jpg,proj/bedroom/img003117.jpg,6,bedroom
img003882.jpg,proj/bedroom/img003882.jpg,6,bedroom
img003262.jpg,proj/bedroom/img003262.jpg,6,bedroom
img003288.jpg,proj/bedroom/img003288.jpg,6,bedroom
img003193.jpg,proj/bedroom/img003193.jpg,6,bedroom
img003479.jpg,proj/bedroom/img003479.jpg,6,bedroom
img002993.jpg,proj/bedroom/img002993.jpg,6,bedroom
img003449.jpg,proj/bedroom/img003449.jpg,6,bedroom
img002108.jpg,proj/bedroom/img002108.jpg,6,bedroom
img002011.jpg,proj/bedroom/img002011.jpg,6,bedroom
img002386.jpg,proj/bedroom/img002386.jpg,6,bedroom
img003955.jpg,proj/bedroom/img003955.jpg,6,bedroom
img003121.jpg,proj/bedroom/img003121.jpg,6,bedroom
img002379.jpg,proj/bedroom/img002379.jpg,6,bedroom
img002253.jpg,proj/bedroom/img002253.jpg,6,bedroom
img003632.jpg,proj/bedroom/img003632.jpg,6,bedroom
img002944.jpg,proj/bedroom/img002944.jpg,6,bedroom
img003912.jpg,proj/bedroom/img003912.jpg,6,bedroom
img002089.jpg,proj/bedroom/img002089.jpg,6,bedroom
img003302.jpg,proj/bedroom/img003302.jpg,6,bedroom
img002531.jpg,proj/bedroom/img002531.jpg,6,bedroom
img002476.jpg,proj/bedroom/img002476.jpg,6,bedroom
img003450.jpg,proj/bedroom/img003450.jpg,6,bedroom
img002556.jpg,proj/bedroom/img002556.jpg,6,bedroom
img002014.jpg,proj/bedroom/img002014.jpg,6,bedroom
img002528.jpg,proj/bedroom/img002528.jpg,6,bedroom
img002808.jpg,proj/bedroom/img002808.jpg,6,bedroom
img003533.jpg,proj/bedroom/img003533.jpg,6,bedroom
img002369.jpg,proj/bedroom/img002369.jpg,6,bedroom
img002852.jpg,proj/bedroom/img002852.jpg,6,bedroom
img002250.jpg,proj/bedroom/img002250.jpg,6,bedroom
img003681.jpg,proj/bedroom/img003681.jpg,6,bedroom
img003926.jpg,proj/bedroom/img003926.jpg,6,bedroom
img002375.jpg,proj/bedroom/img002375.jpg,6,bedroom
img003096.jpg,proj/bedroom/img003096.jpg,6,bedroom
img003866.jpg,proj/bedroom/img003866.jpg,6,bedroom
img002284.jpg,proj/bedroom/img002284.jpg,6,bedroom
img003101.jpg,proj/bedroom/img003101.jpg,6,bedroom
img002560.jpg,proj/bedroom/img002560.jpg,6,bedroom
img002292.jpg,proj/bedroom/img002292.jpg,6,bedroom
img003963.jpg,proj/bedroom/img003963.jpg,6,bedroom
img003024.jpg,proj/bedroom/img003024.jpg,6,bedroom
img003952.jpg,proj/bedroom/img003952.jpg,6,bedroom
img002130.jpg,proj/bedroom/img002130.jpg,6,bedroom
img002629.jpg,proj/bedroom/img002629.jpg,6,bedroom
img003701.jpg,proj/bedroom/img003701.jpg,6,bedroom
img002951.jpg,proj/bedroom/img002951.jpg,6,bedroom
img002265.jpg,proj/bedroom/img002265.jpg,6,bedroom
img003740.jpg,proj/bedroom/img003740.jpg,6,bedroom
img002897.jpg,proj/bedroom/img002897.jpg,6,bedroom
img002570.jpg,proj/bedroom/img002570.jpg,6,bedroom
img002762.jpg,proj/bedroom/img002762.jpg,6,bedroom
img003364.jpg,proj/bedroom/img003364.jpg,6,bedroom
img003904.jpg,proj/bedroom/img003904.jpg,6,bedroom
img002811.jpg,proj/bedroom/img002811.jpg,6,bedroom
img003048.jpg,proj/bedroom/img003048.jpg,6,bedroom
img002249.jpg,proj/bedroom/img002249.jpg,6,bedroom
img002268.jpg,proj/bedroom/img002268.jpg,6,bedroom
img002267.jpg,proj/bedroom/img002267.jpg,6,bedroom
img002368.jpg,proj/bedroom/img002368.jpg,6,bedroom
img003465.jpg,proj/bedroom/img003465.jpg,6,bedroom
img002167.jpg,proj/bedroom/img002167.jpg,6,bedroom
img003232.jpg,proj/bedroom/img003232.jpg,6,bedroom
img002189.jpg,proj/bedroom/img002189.jpg,6,bedroom
img003499.jpg,proj/bedroom/img003499.jpg,6,bedroom
img003970.jpg,proj/bedroom/img003970.jpg,6,bedroom
img003138.jpg,proj/bedroom/img003138.jpg,6,bedroom
img002578.jpg,proj/bedroom/img002578.jpg,6,bedroom
img002672.jpg,proj/bedroom/img002672.jpg,6,bedroom
img003293.jpg,proj/bedroom/img003293.jpg,6,bedroom
img003412.jpg,proj/bedroom/img003412.jpg,6,bedroom
img002571.jpg,proj/bedroom/img002571.jpg,6,bedroom
img002816.jpg,proj/bedroom/img002816.jpg,6,bedroom
img002494.jpg,proj/bedroom/img002494.jpg,6,bedroom
img003196.jpg,proj/bedroom/img003196.jpg,6,bedroom
img003305.jpg,proj/bedroom/img003305.jpg,6,bedroom
img002875.jpg,proj/bedroom/img002875.jpg,6,bedroom
img002906.jpg,proj/bedroom/img002906.jpg,6,bedroom
img002441.jpg,proj/bedroom/img002441.jpg,6,bedroom
img002132.jpg,proj/bedroom/img002132.jpg,6,bedroom
img003550.jpg,proj/bedroom/img003550.jpg,6,bedroom
img003710.jpg,proj/bedroom/img003710.jpg,6,bedroom
img003803.jpg,proj/bedroom/img003803.jpg,6,bedroom
img002049.jpg,proj/bedroom/img002049.jpg,6,bedroom
img003059.jpg,proj/bedroom/img003059.jpg,6,bedroom
img002363.jpg,proj/bedroom/img002363.jpg,6,bedroom
img002199.jpg,proj/bedroom/img002199.jpg,6,bedroom
img003212.jpg,proj/bedroom/img003212.jpg,6,bedroom
img003225.jpg,proj/bedroom/img003225.jpg,6,bedroom
img003613.jpg,proj/bedroom/img003613.jpg,6,bedroom
img003773.jpg,proj/bedroom/img003773.jpg,6,bedroom
img002187.jpg,proj/bedroom/img002187.jpg,6,bedroom
img002409.jpg,proj/bedroom/img002409.jpg,6,bedroom
img003842.jpg,proj/bedroom/img003842.jpg,6,bedroom
img002344.jpg,proj/bedroom/img002344.jpg,6,bedroom
img003743.jpg,proj/bedroom/img003743.jpg,6,bedroom
img003745.jpg,proj/bedroom/img003745.jpg,6,bedroom
img002440.jpg,proj/bedroom/img002440.jpg,6,bedroom
img002177.jpg,proj/bedroom/img002177.jpg,6,bedroom
img002387.jpg,proj/bedroom/img002387.jpg,6,bedroom
img003358.jpg,proj/bedroom/img003358.jpg,6,bedroom
img002246.jpg,proj/bedroom/img002246.jpg,6,bedroom
img003395.jpg,proj/bedroom/img003395.jpg,6,bedroom
img003569.jpg,proj/bedroom/img003569.jpg,6,bedroom
img002538.jpg,proj/bedroom/img002538.jpg,6,bedroom
img003001.jpg,proj/bedroom/img003001.jpg,6,bedroom
img002810.jpg,proj/bedroom/img002810.jpg,6,bedroom
img003720.jpg,proj/bedroom/img003720.jpg,6,bedroom
img002901.jpg,proj/bedroom/img002901.jpg,6,bedroom
img002589.jpg,proj/bedroom/img002589.jpg,6,bedroom
img003723.jpg,proj/bedroom/img003723.jpg,6,bedroom
img002479.jpg,proj/bedroom/img002479.jpg,6,bedroom
img003389.jpg,proj/bedroom/img003389.jpg,6,bedroom
img003680.jpg,proj/bedroom/img003680.jpg,6,bedroom
img003044.jpg,proj/bedroom/img003044.jpg,6,bedroom
img002181.jpg,proj/bedroom/img002181.jpg,6,bedroom
img002619.jpg,proj/bedroom/img002619.jpg,6,bedroom
img002138.jpg,proj/bedroom/img002138.jpg,6,bedroom
img002740.jpg,proj/bedroom/img002740.jpg,6,bedroom
img002122.jpg,proj/bedroom/img002122.jpg,6,bedroom
img003539.jpg,proj/bedroom/img003539.jpg,6,bedroom
img002539.jpg,proj/bedroom/img002539.jpg,6,bedroom
img002713.jpg,proj/bedroom/img002713.jpg,6,bedroom
img003152.jpg,proj/bedroom/img003152.jpg,6,bedroom
img003714.jpg,proj/bedroom/img003714.jpg,6,bedroom
img002090.jpg,proj/bedroom/img002090.jpg,6,bedroom
img003728.jpg,proj/bedroom/img003728.jpg,6,bedroom
img003942.jpg,proj/bedroom/img003942.jpg,6,bedroom
img002336.jpg,proj/bedroom/img002336.jpg,6,bedroom
img002723.jpg,proj/bedroom/img002723.jpg,6,bedroom
img002488.jpg,proj/bedroom/img002488.jpg,6,bedroom
img003143.jpg,proj/bedroom/img003143.jpg,6,bedroom
img003332.jpg,proj/bedroom/img003332.jpg,6,bedroom
img003035.jpg,proj/bedroom/img003035.jpg,6,bedroom
img002969.jpg,proj/bedroom/img002969.jpg,6,bedroom
img003139.jpg,proj/bedroom/img003139.jpg,6,bedroom
img002960.jpg,proj/bedroom/img002960.jpg,6,bedroom
img003071.jpg,proj/bedroom/img003071.jpg,6,bedroom
img003396.jpg,proj/bedroom/img003396.jpg,6,bedroom
img002974.jpg,proj/bedroom/img002974.jpg,6,bedroom
img002340.jpg,proj/bedroom/img002340.jpg,6,bedroom
img002768.jpg,proj/bedroom/img002768.jpg,6,bedroom
img003936.jpg,proj/bedroom/img003936.jpg,6,bedroom
img002024.jpg,proj/bedroom/img002024.jpg,6,bedroom
img002446.jpg,proj/bedroom/img002446.jpg,6,bedroom
img003433.jpg,proj/bedroom/img003433.jpg,6,bedroom
img003484.jpg,proj/bedroom/img003484.jpg,6,bedroom
img002641.jpg,proj/bedroom/img002641.jpg,6,bedroom
img002889.jpg,proj/bedroom/img002889.jpg,6,bedroom
img003654.jpg,proj/bedroom/img003654.jpg,6,bedroom
img002741.jpg,proj/bedroom/img002741.jpg,6,bedroom
img002307.jpg,proj/bedroom/img002307.jpg,6,bedroom
img003875.jpg,proj/bedroom/img003875.jpg,6,bedroom
img003903.jpg,proj/bedroom/img003903.jpg,6,bedroom
img003089.jpg,proj/bedroom/img003089.jpg,6,bedroom
img003478.jpg,proj/bedroom/img003478.jpg,6,bedroom
img002371.jpg,proj/bedroom/img002371.jpg,6,bedroom
img003953.jpg,proj/bedroom/img003953.jpg,6,bedroom
img002226.jpg,proj/bedroom/img002226.jpg,6,bedroom
img002325.jpg,proj/bedroom/img002325.jpg,6,bedroom
img003957.jpg,proj/bedroom/img003957.jpg,6,bedroom
img003118.jpg,proj/bedroom/img003118.jpg,6,bedroom
img002763.jpg,proj/bedroom/img002763.jpg,6,bedroom
img002241.jpg,proj/bedroom/img002241.jpg,6,bedroom
img002072.jpg,proj/bedroom/img002072.jpg,6,bedroom
img003512.jpg,proj/bedroom/img003512.jpg,6,bedroom
img003566.jpg,proj/bedroom/img003566.jpg,6,bedroom
img003155.jpg,proj/bedroom/img003155.jpg,6,bedroom
img003795.jpg,proj/bedroom/img003795.jpg,6,bedroom
img002343.jpg,proj/bedroom/img002343.jpg,6,bedroom
img002093.jpg,proj/bedroom/img002093.jpg,6,bedroom
img002954.jpg,proj/bedroom/img002954.jpg,6,bedroom
img002233.jpg,proj/bedroom/img002233.jpg,6,bedroom
img003611.jpg,proj/bedroom/img003611.jpg,6,bedroom
img002076.jpg,proj/bedroom/img002076.jpg,6,bedroom
img003686.jpg,proj/bedroom/img003686.jpg,6,bedroom
img003091.jpg,proj/bedroom/img003091.jpg,6,bedroom
img002685.jpg,proj/bedroom/img002685.jpg,6,bedroom
img002796.jpg,proj/bedroom/img002796.jpg,6,bedroom
img003546.jpg,proj/bedroom/img003546.jpg,6,bedroom
img003923.jpg,proj/bedroom/img003923.jpg,6,bedroom
img002981.jpg,proj/bedroom/img002981.jpg,6,bedroom
img003662.jpg,proj/bedroom/img003662.jpg,6,bedroom
img002482.jpg,proj/bedroom/img002482.jpg,6,bedroom
img003664.jpg,proj/bedroom/img003664.jpg,6,bedroom
img003628.jpg,proj/bedroom/img003628.jpg,6,bedroom
img003114.jpg,proj/bedroom/img003114.jpg,6,bedroom
img002162.jpg,proj/bedroom/img002162.jpg,6,bedroom
img003501.jpg,proj/bedroom/img003501.jpg,6,bedroom
img002638.jpg,proj/bedroom/img002638.jpg,6,bedroom
img003013.jpg,proj/bedroom/img003013.jpg,6,bedroom
img002707.jpg,proj/bedroom/img002707.jpg,6,bedroom
img003343.jpg,proj/bedroom/img003343.jpg,6,bedroom
img002159.jpg,proj/bedroom/img002159.jpg,6,bedroom
img002294.jpg,proj/bedroom/img002294.jpg,6,bedroom
img003387.jpg,proj/bedroom/img003387.jpg,6,bedroom
img003755.jpg,proj/bedroom/img003755.jpg,6,bedroom
img002208.jpg,proj/bedroom/img002208.jpg,6,bedroom
img003444.jpg,proj/bedroom/img003444.jpg,6,bedroom
img003749.jpg,proj/bedroom/img003749.jpg,6,bedroom
img002323.jpg,proj/bedroom/img002323.jpg,6,bedroom
img002553.jpg,proj/bedroom/img002553.jpg,6,bedroom
img002561.jpg,proj/bedroom/img002561.jpg,6,bedroom
img002572.jpg,proj/bedroom/img002572.jpg,6,bedroom
img003406.jpg,proj/bedroom/img003406.jpg,6,bedroom
img002801.jpg,proj/bedroom/img002801.jpg,6,bedroom
img002009.jpg,proj/bedroom/img002009.jpg,6,bedroom
img002003.jpg,proj/bedroom/img002003.jpg,6,bedroom
img003107.jpg,proj/bedroom/img003107.jpg,6,bedroom
img003761.jpg,proj/bedroom/img003761.jpg,6,bedroom
img003635.jpg,proj/bedroom/img003635.jpg,6,bedroom
img003113.jpg,proj/bedroom/img003113.jpg,6,bedroom
img003538.jpg,proj/bedroom/img003538.jpg,6,bedroom
img002781.jpg,proj/bedroom/img002781.jpg,6,bedroom
img003420.jpg,proj/bedroom/img003420.jpg,6,bedroom
img002244.jpg,proj/bedroom/img002244.jpg,6,bedroom
img002760.jpg,proj/bedroom/img002760.jpg,6,bedroom
img002846.jpg,proj/bedroom/img002846.jpg,6,bedroom
img003379.jpg,proj/bedroom/img003379.jpg,6,bedroom
img002397.jpg,proj/bedroom/img002397.jpg,6,bedroom
img003153.jpg,proj/bedroom/img003153.jpg,6,bedroom
img003326.jpg,proj/bedroom/img003326.jpg,6,bedroom
img003005.jpg,proj/bedroom/img003005.jpg,6,bedroom
img002227.jpg,proj/bedroom/img002227.jpg,6,bedroom
img003411.jpg,proj/bedroom/img003411.jpg,6,bedroom
img003528.jpg,proj/bedroom/img003528.jpg,6,bedroom
img002869.jpg,proj/bedroom/img002869.jpg,6,bedroom
img002736.jpg,proj/bedroom/img002736.jpg,6,bedroom
img003198.jpg,proj/bedroom/img003198.jpg,6,bedroom
img003813.jpg,proj/bedroom/img003813.jpg,6,bedroom
img003571.jpg,proj/bedroom/img003571.jpg,6,bedroom
img003239.jpg,proj/bedroom/img003239.jpg,6,bedroom
img002062.jpg,proj/bedroom/img002062.jpg,6,bedroom
img003158.jpg,proj/bedroom/img003158.jpg,6,bedroom
img003526.jpg,proj/bedroom/img003526.jpg,6,bedroom
img002051.jpg,proj/bedroom/img002051.jpg,6,bedroom
img003530.jpg,proj/bedroom/img003530.jpg,6,bedroom
img002819.jpg,proj/bedroom/img002819.jpg,6,bedroom
img002373.jpg,proj/bedroom/img002373.jpg,6,bedroom
img003383.jpg,proj/bedroom/img003383.jpg,6,bedroom
img002931.jpg,proj/bedroom/img002931.jpg,6,bedroom
img002569.jpg,proj/bedroom/img002569.jpg,6,bedroom
img002667.jpg,proj/bedroom/img002667.jpg,6,bedroom
img003380.jpg,proj/bedroom/img003380.jpg,6,bedroom
img002186.jpg,proj/bedroom/img002186.jpg,6,bedroom
img003513.jpg,proj/bedroom/img003513.jpg,6,bedroom
img003042.jpg,proj/bedroom/img003042.jpg,6,bedroom
img002673.jpg,proj/bedroom/img002673.jpg,6,bedroom
img002627.jpg,proj/bedroom/img002627.jpg,6,bedroom
img003111.jpg,proj/bedroom/img003111.jpg,6,bedroom
img002258.jpg,proj/bedroom/img002258.jpg,6,bedroom
img003547.jpg,proj/bedroom/img003547.jpg,6,bedroom
img003240.jpg,proj/bedroom/img003240.jpg,6,bedroom
img002318.jpg,proj/bedroom/img002318.jpg,6,bedroom
img003017.jpg,proj/bedroom/img003017.jpg,6,bedroom
img002540.jpg,proj/bedroom/img002540.jpg,6,bedroom
img002498.jpg,proj/bedroom/img002498.jpg,6,bedroom
img002698.jpg,proj/bedroom/img002698.jpg,6,bedroom
img003633.jpg,proj/bedroom/img003633.jpg,6,bedroom
img003162.jpg,proj/bedroom/img003162.jpg,6,bedroom
img002725.jpg,proj/bedroom/img002725.jpg,6,bedroom
img003370.jpg,proj/bedroom/img003370.jpg,6,bedroom
img003213.jpg,proj/bedroom/img003213.jpg,6,bedroom
img003560.jpg,proj/bedroom/img003560.jpg,6,bedroom
img002420.jpg,proj/bedroom/img002420.jpg,6,bedroom
img002614.jpg,proj/bedroom/img002614.jpg,6,bedroom
img003857.jpg,proj/bedroom/img003857.jpg,6,bedroom
img002345.jpg,proj/bedroom/img002345.jpg,6,bedroom
img002662.jpg,proj/bedroom/img002662.jpg,6,bedroom
img002728.jpg,proj/bedroom/img002728.jpg,6,bedroom
img003204.jpg,proj/bedroom/img003204.jpg,6,bedroom
img003487.jpg,proj/bedroom/img003487.jpg,6,bedroom
img002462.jpg,proj/bedroom/img002462.jpg,6,bedroom
img002096.jpg,proj/bedroom/img002096.jpg,6,bedroom
img002176.jpg,proj/bedroom/img002176.jpg,6,bedroom
img002681.jpg,proj/bedroom/img002681.jpg,6,bedroom
img002640.jpg,proj/bedroom/img002640.jpg,6,bedroom
img002357.jpg,proj/bedroom/img002357.jpg,6,bedroom
img002552.jpg,proj/bedroom/img002552.jpg,6,bedroom
img003721.jpg,proj/bedroom/img003721.jpg,6,bedroom
img002388.jpg,proj/bedroom/img002388.jpg,6,bedroom
img002841.jpg,proj/bedroom/img002841.jpg,6,bedroom
img003671.jpg,proj/bedroom/img003671.jpg,6,bedroom
img003384.jpg,proj/bedroom/img003384.jpg,6,bedroom
img003072.jpg,proj/bedroom/img003072.jpg,6,bedroom
img003004.jpg,proj/bedroom/img003004.jpg,6,bedroom
img003666.jpg,proj/bedroom/img003666.jpg,6,bedroom
img002413.jpg,proj/bedroom/img002413.jpg,6,bedroom
img003645.jpg,proj/bedroom/img003645.jpg,6,bedroom
img003603.jpg,proj/bedroom/img003603.jpg,6,bedroom
img002696.jpg,proj/bedroom/img002696.jpg,6,bedroom
img003545.jpg,proj/bedroom/img003545.jpg,6,bedroom
img003988.jpg,proj/bedroom/img003988.jpg,6,bedroom
img003642.jpg,proj/bedroom/img003642.jpg,6,bedroom
img002012.jpg,proj/bedroom/img002012.jpg,6,bedroom
img003292.jpg,proj/bedroom/img003292.jpg,6,bedroom
img003884.jpg,proj/bedroom/img003884.jpg,6,bedroom
img003854.jpg,proj/bedroom/img003854.jpg,6,bedroom
img002825.jpg,proj/bedroom/img002825.jpg,6,bedroom
img002056.jpg,proj/bedroom/img002056.jpg,6,bedroom
img002864.jpg,proj/bedroom/img002864.jpg,6,bedroom
img002214.jpg,proj/bedroom/img002214.jpg,6,bedroom
img002878.jpg,proj/bedroom/img002878.jpg,6,bedroom
img003885.jpg,proj/bedroom/img003885.jpg,6,bedroom
img003756.jpg,proj/bedroom/img003756.jpg,6,bedroom
img003910.jpg,proj/bedroom/img003910.jpg,6,bedroom
img003617.jpg,proj/bedroom/img003617.jpg,6,bedroom
img003960.jpg,proj/bedroom/img003960.jpg,6,bedroom
img003294.jpg,proj/bedroom/img003294.jpg,6,bedroom
img002756.jpg,proj/bedroom/img002756.jpg,6,bedroom
img002447.jpg,proj/bedroom/img002447.jpg,6,bedroom
img003596.jpg,proj/bedroom/img003596.jpg,6,bedroom
img003161.jpg,proj/bedroom/img003161.jpg,6,bedroom
img002991.jpg,proj/bedroom/img002991.jpg,6,bedroom
img002664.jpg,proj/bedroom/img002664.jpg,6,bedroom
img003935.jpg,proj/bedroom/img003935.jpg,6,bedroom
img003073.jpg,proj/bedroom/img003073.jpg,6,bedroom
img002493.jpg,proj/bedroom/img002493.jpg,6,bedroom
img003233.jpg,proj/bedroom/img003233.jpg,6,bedroom
img002304.jpg,proj/bedroom/img002304.jpg,6,bedroom
img002599.jpg,proj/bedroom/img002599.jpg,6,bedroom
img002747.jpg,proj/bedroom/img002747.jpg,6,bedroom
img002512.jpg,proj/bedroom/img002512.jpg,6,bedroom
img003620.jpg,proj/bedroom/img003620.jpg,6,bedroom
img003238.jpg,proj/bedroom/img003238.jpg,6,bedroom
img002047.jpg,proj/bedroom/img002047.jpg,6,bedroom
img003858.jpg,proj/bedroom/img003858.jpg,6,bedroom
img002613.jpg,proj/bedroom/img002613.jpg,6,bedroom
img003128.jpg,proj/bedroom/img003128.jpg,6,bedroom
img003940.jpg,proj/bedroom/img003940.jpg,6,bedroom
img002697.jpg,proj/bedroom/img002697.jpg,6,bedroom
img003821.jpg,proj/bedroom/img003821.jpg,6,bedroom
img002061.jpg,proj/bedroom/img002061.jpg,6,bedroom
img003467.jpg,proj/bedroom/img003467.jpg,6,bedroom
img003770.jpg,proj/bedroom/img003770.jpg,6,bedroom
img003750.jpg,proj/bedroom/img003750.jpg,6,bedroom
img002546.jpg,proj/bedroom/img002546.jpg,6,bedroom
img003557.jpg,proj/bedroom/img003557.jpg,6,bedroom
img002679.jpg,proj/bedroom/img002679.jpg,6,bedroom
img003366.jpg,proj/bedroom/img003366.jpg,6,bedroom
img003718.jpg,proj/bedroom/img003718.jpg,6,bedroom
img003150.jpg,proj/bedroom/img003150.jpg,6,bedroom
img002346.jpg,proj/bedroom/img002346.jpg,6,bedroom
img002915.jpg,proj/bedroom/img002915.jpg,6,bedroom
img003015.jpg,proj/bedroom/img003015.jpg,6,bedroom
img002286.jpg,proj/bedroom/img002286.jpg,6,bedroom
img002952.jpg,proj/bedroom/img002952.jpg,6,bedroom
img002558.jpg,proj/bedroom/img002558.jpg,6,bedroom
img003643.jpg,proj/bedroom/img003643.jpg,6,bedroom
img003891.jpg,proj/bedroom/img003891.jpg,6,bedroom
img002675.jpg,proj/bedroom/img002675.jpg,6,bedroom
img002415.jpg,proj/bedroom/img002415.jpg,6,bedroom
img002876.jpg,proj/bedroom/img002876.jpg,6,bedroom
img003171.jpg,proj/bedroom/img003171.jpg,6,bedroom
img003337.jpg,proj/bedroom/img003337.jpg,6,bedroom
img002491.jpg,proj/bedroom/img002491.jpg,6,bedroom
img003188.jpg,proj/bedroom/img003188.jpg,6,bedroom
img003699.jpg,proj/bedroom/img003699.jpg,6,bedroom
img002467.jpg,proj/bedroom/img002467.jpg,6,bedroom
img002116.jpg,proj/bedroom/img002116.jpg,6,bedroom
img003772.jpg,proj/bedroom/img003772.jpg,6,bedroom
img002577.jpg,proj/bedroom/img002577.jpg,6,bedroom
img002770.jpg,proj/bedroom/img002770.jpg,6,bedroom
img003368.jpg,proj/bedroom/img003368.jpg,6,bedroom
img003872.jpg,proj/bedroom/img003872.jpg,6,bedroom
img003313.jpg,proj/bedroom/img003313.jpg,6,bedroom
img002330.jpg,proj/bedroom/img002330.jpg,6,bedroom
img003921.jpg,proj/bedroom/img003921.jpg,6,bedroom
img002103.jpg,proj/bedroom/img002103.jpg,6,bedroom
img003442.jpg,proj/bedroom/img003442.jpg,6,bedroom
img002611.jpg,proj/bedroom/img002611.jpg,6,bedroom
img002731.jpg,proj/bedroom/img002731.jpg,6,bedroom
img002596.jpg,proj/bedroom/img002596.jpg,6,bedroom
img003394.jpg,proj/bedroom/img003394.jpg,6,bedroom
img002772.jpg,proj/bedroom/img002772.jpg,6,bedroom
img003320.jpg,proj/bedroom/img003320.jpg,6,bedroom
img002908.jpg,proj/bedroom/img002908.jpg,6,bedroom
img003456.jpg,proj/bedroom/img003456.jpg,6,bedroom
img002605.jpg,proj/bedroom/img002605.jpg,6,bedroom
img003732.jpg,proj/bedroom/img003732.jpg,6,bedroom
img003828.jpg,proj/bedroom/img003828.jpg,6,bedroom
img003573.jpg,proj/bedroom/img003573.jpg,6,bedroom
img002972.jpg,proj/bedroom/img002972.jpg,6,bedroom
img003413.jpg,proj/bedroom/img003413.jpg,6,bedroom
img002104.jpg,proj/bedroom/img002104.jpg,6,bedroom
img002443.jpg,proj/bedroom/img002443.jpg,6,bedroom
img003766.jpg,proj/bedroom/img003766.jpg,6,bedroom
img003565.jpg,proj/bedroom/img003565.jpg,6,bedroom
img002567.jpg,proj/bedroom/img002567.jpg,6,bedroom
img002421.jpg,proj/bedroom/img002421.jpg,6,bedroom
img002967.jpg,proj/bedroom/img002967.jpg,6,bedroom
img003349.jpg,proj/bedroom/img003349.jpg,6,bedroom
img003472.jpg,proj/bedroom/img003472.jpg,6,bedroom
img002202.jpg,proj/bedroom/img002202.jpg,6,bedroom
img003088.jpg,proj/bedroom/img003088.jpg,6,bedroom
img002433.jpg,proj/bedroom/img002433.jpg,6,bedroom
img002549.jpg,proj/bedroom/img002549.jpg,6,bedroom
img002487.jpg,proj/bedroom/img002487.jpg,6,bedroom
img003324.jpg,proj/bedroom/img003324.jpg,6,bedroom
img003498.jpg,proj/bedroom/img003498.jpg,6,bedroom
img002248.jpg,proj/bedroom/img002248.jpg,6,bedroom
img003116.jpg,proj/bedroom/img003116.jpg,6,bedroom
img003655.jpg,proj/bedroom/img003655.jpg,6,bedroom
img002165.jpg,proj/bedroom/img002165.jpg,6,bedroom
img003318.jpg,proj/bedroom/img003318.jpg,6,bedroom
img002477.jpg,proj/bedroom/img002477.jpg,6,bedroom
img002986.jpg,proj/bedroom/img002986.jpg,6,bedroom
img003353.jpg,proj/bedroom/img003353.jpg,6,bedroom
img003443.jpg,proj/bedroom/img003443.jpg,6,bedroom
img002795.jpg,proj/bedroom/img002795.jpg,6,bedroom
img003388.jpg,proj/bedroom/img003388.jpg,6,bedroom
img002844.jpg,proj/bedroom/img002844.jpg,6,bedroom
img003006.jpg,proj/bedroom/img003006.jpg,6,bedroom
img002030.jpg,proj/bedroom/img002030.jpg,6,bedroom
img002376.jpg,proj/bedroom/img002376.jpg,6,bedroom
img003789.jpg,proj/bedroom/img003789.jpg,6,bedroom
img002919.jpg,proj/bedroom/img002919.jpg,6,bedroom
img002170.jpg,proj/bedroom/img002170.jpg,6,bedroom
img003782.jpg,proj/bedroom/img003782.jpg,6,bedroom
img002396.jpg,proj/bedroom/img002396.jpg,6,bedroom
img002871.jpg,proj/bedroom/img002871.jpg,6,bedroom
img002606.jpg,proj/bedroom/img002606.jpg,6,bedroom
img002385.jpg,proj/bedroom/img002385.jpg,6,bedroom
img002726.jpg,proj/bedroom/img002726.jpg,6,bedroom
img003286.jpg,proj/bedroom/img003286.jpg,6,bedroom
img003393.jpg,proj/bedroom/img003393.jpg,6,bedroom
img003733.jpg,proj/bedroom/img003733.jpg,6,bedroom
img003350.jpg,proj/bedroom/img003350.jpg,6,bedroom
img003814.jpg,proj/bedroom/img003814.jpg,6,bedroom
img002156.jpg,proj/bedroom/img002156.jpg,6,bedroom
img002084.jpg,proj/bedroom/img002084.jpg,6,bedroom
img003962.jpg,proj/bedroom/img003962.jpg,6,bedroom
img002941.jpg,proj/bedroom/img002941.jpg,6,bedroom
img003373.jpg,proj/bedroom/img003373.jpg,6,bedroom
img003438.jpg,proj/bedroom/img003438.jpg,6,bedroom
img002579.jpg,proj/bedroom/img002579.jpg,6,bedroom
img002562.jpg,proj/bedroom/img002562.jpg,6,bedroom
img003796.jpg,proj/bedroom/img003796.jpg,6,bedroom
img003103.jpg,proj/bedroom/img003103.jpg,6,bedroom
img002092.jpg,proj/bedroom/img002092.jpg,6,bedroom
img003609.jpg,proj/bedroom/img003609.jpg,6,bedroom
img003688.jpg,proj/bedroom/img003688.jpg,6,bedroom
img002485.jpg,proj/bedroom/img002485.jpg,6,bedroom
img002999.jpg,proj/bedroom/img002999.jpg,6,bedroom
img002418.jpg,proj/bedroom/img002418.jpg,6,bedroom
img002077.jpg,proj/bedroom/img002077.jpg,6,bedroom
img003250.jpg,proj/bedroom/img003250.jpg,6,bedroom
img003798.jpg,proj/bedroom/img003798.jpg,6,bedroom
img002918.jpg,proj/bedroom/img002918.jpg,6,bedroom
img003801.jpg,proj/bedroom/img003801.jpg,6,bedroom
img003967.jpg,proj/bedroom/img003967.jpg,6,bedroom
img003707.jpg,proj/bedroom/img003707.jpg,6,bedroom
img002710.jpg,proj/bedroom/img002710.jpg,6,bedroom
img003552.jpg,proj/bedroom/img003552.jpg,6,bedroom
img003966.jpg,proj/bedroom/img003966.jpg,6,bedroom
img002669.jpg,proj/bedroom/img002669.jpg,6,bedroom
img002058.jpg,proj/bedroom/img002058.jpg,6,bedroom
img003307.jpg,proj/bedroom/img003307.jpg,6,bedroom
img002925.jpg,proj/bedroom/img002925.jpg,6,bedroom
img003591.jpg,proj/bedroom/img003591.jpg,6,bedroom
img003589.jpg,proj/bedroom/img003589.jpg,6,bedroom
img002193.jpg,proj/bedroom/img002193.jpg,6,bedroom
img002102.jpg,proj/bedroom/img002102.jpg,6,bedroom
img002806.jpg,proj/bedroom/img002806.jpg,6,bedroom
img003808.jpg,proj/bedroom/img003808.jpg,6,bedroom
img003289.jpg,proj/bedroom/img003289.jpg,6,bedroom
img003900.jpg,proj/bedroom/img003900.jpg,6,bedroom
img002884.jpg,proj/bedroom/img002884.jpg,6,bedroom
img003815.jpg,proj/bedroom/img003815.jpg,6,bedroom
img002519.jpg,proj/bedroom/img002519.jpg,6,bedroom
img002677.jpg,proj/bedroom/img002677.jpg,6,bedroom
img003397.jpg,proj/bedroom/img003397.jpg,6,bedroom
img003992.jpg,proj/bedroom/img003992.jpg,6,bedroom
img003956.jpg,proj/bedroom/img003956.jpg,6,bedroom
img002300.jpg,proj/bedroom/img002300.jpg,6,bedroom
img003502.jpg,proj/bedroom/img003502.jpg,6,bedroom
img003777.jpg,proj/bedroom/img003777.jpg,6,bedroom
img002743.jpg,proj/bedroom/img002743.jpg,6,bedroom
img002620.jpg,proj/bedroom/img002620.jpg,6,bedroom
img002787.jpg,proj/bedroom/img002787.jpg,6,bedroom
img003869.jpg,proj/bedroom/img003869.jpg,6,bedroom
img003475.jpg,proj/bedroom/img003475.jpg,6,bedroom
img002329.jpg,proj/bedroom/img002329.jpg,6,bedroom
img003259.jpg,proj/bedroom/img003259.jpg,6,bedroom
img003063.jpg,proj/bedroom/img003063.jpg,6,bedroom
img002395.jpg,proj/bedroom/img002395.jpg,6,bedroom
img003985.jpg,proj/bedroom/img003985.jpg,6,bedroom
img002701.jpg,proj/bedroom/img002701.jpg,6,bedroom
img002597.jpg,proj/bedroom/img002597.jpg,6,bedroom
img002926.jpg,proj/bedroom/img002926.jpg,6,bedroom
img002799.jpg,proj/bedroom/img002799.jpg,6,bedroom
img002687.jpg,proj/bedroom/img002687.jpg,6,bedroom
img002183.jpg,proj/bedroom/img002183.jpg,6,bedroom
img003780.jpg,proj/bedroom/img003780.jpg,6,bedroom
img002792.jpg,proj/bedroom/img002792.jpg,6,bedroom
img002548.jpg,proj/bedroom/img002548.jpg,6,bedroom
img003623.jpg,proj/bedroom/img003623.jpg,6,bedroom
img002234.jpg,proj/bedroom/img002234.jpg,6,bedroom
img003758.jpg,proj/bedroom/img003758.jpg,6,bedroom
img002566.jpg,proj/bedroom/img002566.jpg,6,bedroom
img003197.jpg,proj/bedroom/img003197.jpg,6,bedroom
img002674.jpg,proj/bedroom/img002674.jpg,6,bedroom
img002761.jpg,proj/bedroom/img002761.jpg,6,bedroom
img003863.jpg,proj/bedroom/img003863.jpg,6,bedroom
img003739.jpg,proj/bedroom/img003739.jpg,6,bedroom
img003399.jpg,proj/bedroom/img003399.jpg,6,bedroom
img003896.jpg,proj/bedroom/img003896.jpg,6,bedroom
img002615.jpg,proj/bedroom/img002615.jpg,6,bedroom
img002992.jpg,proj/bedroom/img002992.jpg,6,bedroom
img002745.jpg,proj/bedroom/img002745.jpg,6,bedroom
img002551.jpg,proj/bedroom/img002551.jpg,6,bedroom
img002036.jpg,proj/bedroom/img002036.jpg,6,bedroom
img002922.jpg,proj/bedroom/img002922.jpg,6,bedroom
img003265.jpg,proj/bedroom/img003265.jpg,6,bedroom
img003525.jpg,proj/bedroom/img003525.jpg,6,bedroom
img003403.jpg,proj/bedroom/img003403.jpg,6,bedroom
img003659.jpg,proj/bedroom/img003659.jpg,6,bedroom
img002496.jpg,proj/bedroom/img002496.jpg,6,bedroom
img003937.jpg,proj/bedroom/img003937.jpg,6,bedroom
img003112.jpg,proj/bedroom/img003112.jpg,6,bedroom
img003488.jpg,proj/bedroom/img003488.jpg,6,bedroom
img002856.jpg,proj/bedroom/img002856.jpg,6,bedroom
img002962.jpg,proj/bedroom/img002962.jpg,6,bedroom
img002337.jpg,proj/bedroom/img002337.jpg,6,bedroom
img003579.jpg,proj/bedroom/img003579.jpg,6,bedroom
img002086.jpg,proj/bedroom/img002086.jpg,6,bedroom
img003329.jpg,proj/bedroom/img003329.jpg,6,bedroom
img002378.jpg,proj/bedroom/img002378.jpg,6,bedroom
img002301.jpg,proj/bedroom/img002301.jpg,6,bedroom
img002174.jpg,proj/bedroom/img002174.jpg,6,bedroom
img002780.jpg,proj/bedroom/img002780.jpg,6,bedroom
img002414.jpg,proj/bedroom/img002414.jpg,6,bedroom
img002348.jpg,proj/bedroom/img002348.jpg,6,bedroom
img003392.jpg,proj/bedroom/img003392.jpg,6,bedroom
img002535.jpg,proj/bedroom/img002535.jpg,6,bedroom
img002430.jpg,proj/bedroom/img002430.jpg,6,bedroom
img003221.jpg,proj/bedroom/img003221.jpg,6,bedroom
img003409.jpg,proj/bedroom/img003409.jpg,6,bedroom
img002483.jpg,proj/bedroom/img002483.jpg,6,bedroom
img003021.jpg,proj/bedroom/img003021.jpg,6,bedroom
img002198.jpg,proj/bedroom/img002198.jpg,6,bedroom
img003752.jpg,proj/bedroom/img003752.jpg,6,bedroom
img002400.jpg,proj/bedroom/img002400.jpg,6,bedroom
img002809.jpg,proj/bedroom/img002809.jpg,6,bedroom
img003192.jpg,proj/bedroom/img003192.jpg,6,bedroom
img002527.jpg,proj/bedroom/img002527.jpg,6,bedroom
img002590.jpg,proj/bedroom/img002590.jpg,6,bedroom
img003961.jpg,proj/bedroom/img003961.jpg,6,bedroom
img002708.jpg,proj/bedroom/img002708.jpg,6,bedroom
img002600.jpg,proj/bedroom/img002600.jpg,6,bedroom
img002559.jpg,proj/bedroom/img002559.jpg,6,bedroom
img002547.jpg,proj/bedroom/img002547.jpg,6,bedroom
img003621.jpg,proj/bedroom/img003621.jpg,6,bedroom
img002197.jpg,proj/bedroom/img002197.jpg,6,bedroom
img003682.jpg,proj/bedroom/img003682.jpg,6,bedroom
img002085.jpg,proj/bedroom/img002085.jpg,6,bedroom
img002850.jpg,proj/bedroom/img002850.jpg,6,bedroom
img003410.jpg,proj/bedroom/img003410.jpg,6,bedroom
img003594.jpg,proj/bedroom/img003594.jpg,6,bedroom
img003812.jpg,proj/bedroom/img003812.jpg,6,bedroom
img003180.jpg,proj/bedroom/img003180.jpg,6,bedroom
img003893.jpg,proj/bedroom/img003893.jpg,6,bedroom
img002716.jpg,proj/bedroom/img002716.jpg,6,bedroom
img002372.jpg,proj/bedroom/img002372.jpg,6,bedroom
img002604.jpg,proj/bedroom/img002604.jpg,6,bedroom
img003553.jpg,proj/bedroom/img003553.jpg,6,bedroom
img003165.jpg,proj/bedroom/img003165.jpg,6,bedroom
img002601.jpg,proj/bedroom/img002601.jpg,6,bedroom
img003582.jpg,proj/bedroom/img003582.jpg,6,bedroom
img003195.jpg,proj/bedroom/img003195.jpg,6,bedroom
img003994.jpg,proj/bedroom/img003994.jpg,6,bedroom
img003727.jpg,proj/bedroom/img003727.jpg,6,bedroom
img002610.jpg,proj/bedroom/img002610.jpg,6,bedroom
img002678.jpg,proj/bedroom/img002678.jpg,6,bedroom
img002221.jpg,proj/bedroom/img002221.jpg,6,bedroom
img002407.jpg,proj/bedroom/img002407.jpg,6,bedroom
img002661.jpg,proj/bedroom/img002661.jpg,6,bedroom
img002010.jpg,proj/bedroom/img002010.jpg,6,bedroom
img003441.jpg,proj/bedroom/img003441.jpg,6,bedroom
img003386.jpg,proj/bedroom/img003386.jpg,6,bedroom
img002359.jpg,proj/bedroom/img002359.jpg,6,bedroom
img002938.jpg,proj/bedroom/img002938.jpg,6,bedroom
img002429.jpg,proj/bedroom/img002429.jpg,6,bedroom
img003945.jpg,proj/bedroom/img003945.jpg,6,bedroom
img003359.jpg,proj/bedroom/img003359.jpg,6,bedroom
img003537.jpg,proj/bedroom/img003537.jpg,6,bedroom
img002293.jpg,proj/bedroom/img002293.jpg,6,bedroom
img002775.jpg,proj/bedroom/img002775.jpg,6,bedroom
img003578.jpg,proj/bedroom/img003578.jpg,6,bedroom
img002839.jpg,proj/bedroom/img002839.jpg,6,bedroom
img002503.jpg,proj/bedroom/img002503.jpg,6,bedroom
img002013.jpg,proj/bedroom/img002013.jpg,6,bedroom
img003134.jpg,proj/bedroom/img003134.jpg,6,bedroom
img002583.jpg,proj/bedroom/img002583.jpg,6,bedroom
img002484.jpg,proj/bedroom/img002484.jpg,6,bedroom
img002451.jpg,proj/bedroom/img002451.jpg,6,bedroom
img002115.jpg,proj/bedroom/img002115.jpg,6,bedroom
img003592.jpg,proj/bedroom/img003592.jpg,6,bedroom
img003677.jpg,proj/bedroom/img003677.jpg,6,bedroom
img002078.jpg,proj/bedroom/img002078.jpg,6,bedroom
img002225.jpg,proj/bedroom/img002225.jpg,6,bedroom
img003354.jpg,proj/bedroom/img003354.jpg,6,bedroom
img002069.jpg,proj/bedroom/img002069.jpg,6,bedroom
img002107.jpg,proj/bedroom/img002107.jpg,6,bedroom
img003827.jpg,proj/bedroom/img003827.jpg,6,bedroom
img002393.jpg,proj/bedroom/img002393.jpg,6,bedroom
img003730.jpg,proj/bedroom/img003730.jpg,6,bedroom
img002646.jpg,proj/bedroom/img002646.jpg,6,bedroom
img003805.jpg,proj/bedroom/img003805.jpg,6,bedroom
img002623.jpg,proj/bedroom/img002623.jpg,6,bedroom
img002820.jpg,proj/bedroom/img002820.jpg,6,bedroom
img003098.jpg,proj/bedroom/img003098.jpg,6,bedroom
img003382.jpg,proj/bedroom/img003382.jpg,6,bedroom
img002497.jpg,proj/bedroom/img002497.jpg,6,bedroom
img002236.jpg,proj/bedroom/img002236.jpg,6,bedroom
img003722.jpg,proj/bedroom/img003722.jpg,6,bedroom
img002695.jpg,proj/bedroom/img002695.jpg,6,bedroom
img002690.jpg,proj/bedroom/img002690.jpg,6,bedroom
img002403.jpg,proj/bedroom/img002403.jpg,6,bedroom
img003168.jpg,proj/bedroom/img003168.jpg,6,bedroom
img003148.jpg,proj/bedroom/img003148.jpg,6,bedroom
img002079.jpg,proj/bedroom/img002079.jpg,6,bedroom
img002178.jpg,proj/bedroom/img002178.jpg,6,bedroom
img002121.jpg,proj/bedroom/img002121.jpg,6,bedroom
img002900.jpg,proj/bedroom/img002900.jpg,6,bedroom
img002977.jpg,proj/bedroom/img002977.jpg,6,bedroom
img003641.jpg,proj/bedroom/img003641.jpg,6,bedroom
img003022.jpg,proj/bedroom/img003022.jpg,6,bedroom
img003492.jpg,proj/bedroom/img003492.jpg,6,bedroom
img003859.jpg,proj/bedroom/img003859.jpg,6,bedroom
img002909.jpg,proj/bedroom/img002909.jpg,6,bedroom
img003023.jpg,proj/bedroom/img003023.jpg,6,bedroom
img002313.jpg,proj/bedroom/img002313.jpg,6,bedroom
img003245.jpg,proj/bedroom/img003245.jpg,6,bedroom
img003916.jpg,proj/bedroom/img003916.jpg,6,bedroom
img003991.jpg,proj/bedroom/img003991.jpg,6,bedroom
img003874.jpg,proj/bedroom/img003874.jpg,6,bedroom
img003167.jpg,proj/bedroom/img003167.jpg,6,bedroom
img002272.jpg,proj/bedroom/img002272.jpg,6,bedroom
img002625.jpg,proj/bedroom/img002625.jpg,6,bedroom
img002755.jpg,proj/bedroom/img002755.jpg,6,bedroom
img003905.jpg,proj/bedroom/img003905.jpg,6,bedroom
img002757.jpg,proj/bedroom/img002757.jpg,6,bedroom
img002812.jpg,proj/bedroom/img002812.jpg,6,bedroom
img003667.jpg,proj/bedroom/img003667.jpg,6,bedroom
img002217.jpg,proj/bedroom/img002217.jpg,6,bedroom
img003523.jpg,proj/bedroom/img003523.jpg,6,bedroom
img002143.jpg,proj/bedroom/img002143.jpg,6,bedroom
img003846.jpg,proj/bedroom/img003846.jpg,6,bedroom
img002968.jpg,proj/bedroom/img002968.jpg,6,bedroom
img003215.jpg,proj/bedroom/img003215.jpg,6,bedroom
img003223.jpg,proj/bedroom/img003223.jpg,6,bedroom
img002423.jpg,proj/bedroom/img002423.jpg,6,bedroom
img002882.jpg,proj/bedroom/img002882.jpg,6,bedroom
img003536.jpg,proj/bedroom/img003536.jpg,6,bedroom
img002495.jpg,proj/bedroom/img002495.jpg,6,bedroom
img002444.jpg,proj/bedroom/img002444.jpg,6,bedroom
img002059.jpg,proj/bedroom/img002059.jpg,6,bedroom
img003038.jpg,proj/bedroom/img003038.jpg,6,bedroom
img002827.jpg,proj/bedroom/img002827.jpg,6,bedroom
img002798.jpg,proj/bedroom/img002798.jpg,6,bedroom
img002789.jpg,proj/bedroom/img002789.jpg,6,bedroom
img003477.jpg,proj/bedroom/img003477.jpg,6,bedroom
img003534.jpg,proj/bedroom/img003534.jpg,6,bedroom
img002907.jpg,proj/bedroom/img002907.jpg,6,bedroom
img002668.jpg,proj/bedroom/img002668.jpg,6,bedroom
img003304.jpg,proj/bedroom/img003304.jpg,6,bedroom
img003346.jpg,proj/bedroom/img003346.jpg,6,bedroom
img003206.jpg,proj/bedroom/img003206.jpg,6,bedroom
img002779.jpg,proj/bedroom/img002779.jpg,6,bedroom
img003122.jpg,proj/bedroom/img003122.jpg,6,bedroom
img002297.jpg,proj/bedroom/img002297.jpg,6,bedroom
img002057.jpg,proj/bedroom/img002057.jpg,6,bedroom
img002510.jpg,proj/bedroom/img002510.jpg,6,bedroom
img002670.jpg,proj/bedroom/img002670.jpg,6,bedroom
img003684.jpg,proj/bedroom/img003684.jpg,6,bedroom
img002428.jpg,proj/bedroom/img002428.jpg,6,bedroom
img002160.jpg,proj/bedroom/img002160.jpg,6,bedroom
img003132.jpg,proj/bedroom/img003132.jpg,6,bedroom
img003137.jpg,proj/bedroom/img003137.jpg,6,bedroom
img002706.jpg,proj/bedroom/img002706.jpg,6,bedroom
img003141.jpg,proj/bedroom/img003141.jpg,6,bedroom
img003414.jpg,proj/bedroom/img003414.jpg,6,bedroom
img002639.jpg,proj/bedroom/img002639.jpg,6,bedroom
img002980.jpg,proj/bedroom/img002980.jpg,6,bedroom
img003077.jpg,proj/bedroom/img003077.jpg,6,bedroom
img003002.jpg,proj/bedroom/img003002.jpg,6,bedroom
img002845.jpg,proj/bedroom/img002845.jpg,6,bedroom
img003506.jpg,proj/bedroom/img003506.jpg,6,bedroom
img002942.jpg,proj/bedroom/img002942.jpg,6,bedroom
img002982.jpg,proj/bedroom/img002982.jpg,6,bedroom
img003931.jpg,proj/bedroom/img003931.jpg,6,bedroom
img003481.jpg,proj/bedroom/img003481.jpg,6,bedroom
img003689.jpg,proj/bedroom/img003689.jpg,6,bedroom
img002656.jpg,proj/bedroom/img002656.jpg,6,bedroom
img003939.jpg,proj/bedroom/img003939.jpg,6,bedroom
img002037.jpg,proj/bedroom/img002037.jpg,6,bedroom
img003980.jpg,proj/bedroom/img003980.jpg,6,bedroom
img002111.jpg,proj/bedroom/img002111.jpg,6,bedroom
img002633.jpg,proj/bedroom/img002633.jpg,6,bedroom
img002000.jpg,proj/bedroom/img002000.jpg,6,bedroom
img002392.jpg,proj/bedroom/img002392.jpg,6,bedroom
img002955.jpg,proj/bedroom/img002955.jpg,6,bedroom
img002404.jpg,proj/bedroom/img002404.jpg,6,bedroom
img003341.jpg,proj/bedroom/img003341.jpg,6,bedroom
img002794.jpg,proj/bedroom/img002794.jpg,6,bedroom
img003516.jpg,proj/bedroom/img003516.jpg,6,bedroom
img003886.jpg,proj/bedroom/img003886.jpg,6,bedroom
img003067.jpg,proj/bedroom/img003067.jpg,6,bedroom
img002020.jpg,proj/bedroom/img002020.jpg,6,bedroom
img003166.jpg,proj/bedroom/img003166.jpg,6,bedroom
img002406.jpg,proj/bedroom/img002406.jpg,6,bedroom
img002005.jpg,proj/bedroom/img002005.jpg,6,bedroom
img003087.jpg,proj/bedroom/img003087.jpg,6,bedroom
img002196.jpg,proj/bedroom/img002196.jpg,6,bedroom
img003799.jpg,proj/bedroom/img003799.jpg,6,bedroom
img003486.jpg,proj/bedroom/img003486.jpg,6,bedroom
img002859.jpg,proj/bedroom/img002859.jpg,6,bedroom
img002580.jpg,proj/bedroom/img002580.jpg,6,bedroom
img002468.jpg,proj/bedroom/img002468.jpg,6,bedroom
img003899.jpg,proj/bedroom/img003899.jpg,6,bedroom
img002663.jpg,proj/bedroom/img002663.jpg,6,bedroom
img003851.jpg,proj/bedroom/img003851.jpg,6,bedroom
img003824.jpg,proj/bedroom/img003824.jpg,6,bedroom
img002866.jpg,proj/bedroom/img002866.jpg,6,bedroom
img003624.jpg,proj/bedroom/img003624.jpg,6,bedroom
img003154.jpg,proj/bedroom/img003154.jpg,6,bedroom
img002066.jpg,proj/bedroom/img002066.jpg,6,bedroom
img003202.jpg,proj/bedroom/img003202.jpg,6,bedroom
img002924.jpg,proj/bedroom/img002924.jpg,6,bedroom
img002565.jpg,proj/bedroom/img002565.jpg,6,bedroom
img002778.jpg,proj/bedroom/img002778.jpg,6,bedroom
img003527.jpg,proj/bedroom/img003527.jpg,6,bedroom
img003210.jpg,proj/bedroom/img003210.jpg,6,bedroom
img003123.jpg,proj/bedroom/img003123.jpg,6,bedroom
img002759.jpg,proj/bedroom/img002759.jpg,6,bedroom
img003890.jpg,proj/bedroom/img003890.jpg,6,bedroom
img002784.jpg,proj/bedroom/img002784.jpg,6,bedroom
img002319.jpg,proj/bedroom/img002319.jpg,6,bedroom
img003216.jpg,proj/bedroom/img003216.jpg,6,bedroom
img003369.jpg,proj/bedroom/img003369.jpg,6,bedroom
img002257.jpg,proj/bedroom/img002257.jpg,6,bedroom
img003657.jpg,proj/bedroom/img003657.jpg,6,bedroom
img002817.jpg,proj/bedroom/img002817.jpg,6,bedroom
img003845.jpg,proj/bedroom/img003845.jpg,6,bedroom
img002829.jpg,proj/bedroom/img002829.jpg,6,bedroom
img002450.jpg,proj/bedroom/img002450.jpg,6,bedroom
img003357.jpg,proj/bedroom/img003357.jpg,6,bedroom
img003178.jpg,proj/bedroom/img003178.jpg,6,bedroom
img003430.jpg,proj/bedroom/img003430.jpg,6,bedroom
img003376.jpg,proj/bedroom/img003376.jpg,6,bedroom
img003629.jpg,proj/bedroom/img003629.jpg,6,bedroom
img003524.jpg,proj/bedroom/img003524.jpg,6,bedroom
img003783.jpg,proj/bedroom/img003783.jpg,6,bedroom
img003599.jpg,proj/bedroom/img003599.jpg,6,bedroom
img003670.jpg,proj/bedroom/img003670.jpg,6,bedroom
img002095.jpg,proj/bedroom/img002095.jpg,6,bedroom
img003811.jpg,proj/bedroom/img003811.jpg,6,bedroom
img002027.jpg,proj/bedroom/img002027.jpg,6,bedroom
img002655.jpg,proj/bedroom/img002655.jpg,6,bedroom
img003915.jpg,proj/bedroom/img003915.jpg,6,bedroom
img002831.jpg,proj/bedroom/img002831.jpg,6,bedroom
img003434.jpg,proj/bedroom/img003434.jpg,6,bedroom
img002920.jpg,proj/bedroom/img002920.jpg,6,bedroom
img002184.jpg,proj/bedroom/img002184.jpg,6,bedroom
img002117.jpg,proj/bedroom/img002117.jpg,6,bedroom
img002282.jpg,proj/bedroom/img002282.jpg,6,bedroom
img003461.jpg,proj/bedroom/img003461.jpg,6,bedroom
img002381.jpg,proj/bedroom/img002381.jpg,6,bedroom
img003034.jpg,proj/bedroom/img003034.jpg,6,bedroom
img002933.jpg,proj/bedroom/img002933.jpg,6,bedroom
img003075.jpg,proj/bedroom/img003075.jpg,6,bedroom
img002892.jpg,proj/bedroom/img002892.jpg,6,bedroom
img002896.jpg,proj/bedroom/img002896.jpg,6,bedroom
img002296.jpg,proj/bedroom/img002296.jpg,6,bedroom
img002431.jpg,proj/bedroom/img002431.jpg,6,bedroom
img002004.jpg,proj/bedroom/img002004.jpg,6,bedroom
img003405.jpg,proj/bedroom/img003405.jpg,6,bedroom
img003616.jpg,proj/bedroom/img003616.jpg,6,bedroom
img002927.jpg,proj/bedroom/img002927.jpg,6,bedroom
img003698.jpg,proj/bedroom/img003698.jpg,6,bedroom
img002509.jpg,proj/bedroom/img002509.jpg,6,bedroom
img003133.jpg,proj/bedroom/img003133.jpg,6,bedroom
img003236.jpg,proj/bedroom/img003236.jpg,6,bedroom
img003142.jpg,proj/bedroom/img003142.jpg,6,bedroom
img003712.jpg,proj/bedroom/img003712.jpg,6,bedroom
img002530.jpg,proj/bedroom/img002530.jpg,6,bedroom
img003932.jpg,proj/bedroom/img003932.jpg,6,bedroom
img003095.jpg,proj/bedroom/img003095.jpg,6,bedroom
img002270.jpg,proj/bedroom/img002270.jpg,6,bedroom
img002517.jpg,proj/bedroom/img002517.jpg,6,bedroom
img002617.jpg,proj/bedroom/img002617.jpg,6,bedroom
img002533.jpg,proj/bedroom/img002533.jpg,6,bedroom
img003848.jpg,proj/bedroom/img003848.jpg,6,bedroom
img003372.jpg,proj/bedroom/img003372.jpg,6,bedroom
img003507.jpg,proj/bedroom/img003507.jpg,6,bedroom
img003273.jpg,proj/bedroom/img003273.jpg,6,bedroom
img003515.jpg,proj/bedroom/img003515.jpg,6,bedroom
img003785.jpg,proj/bedroom/img003785.jpg,6,bedroom
img003715.jpg,proj/bedroom/img003715.jpg,6,bedroom
img002854.jpg,proj/bedroom/img002854.jpg,6,bedroom
img003602.jpg,proj/bedroom/img003602.jpg,6,bedroom
img003941.jpg,proj/bedroom/img003941.jpg,6,bedroom
img003997.jpg,proj/bedroom/img003997.jpg,6,bedroom
img002342.jpg,proj/bedroom/img002342.jpg,6,bedroom
img003787.jpg,proj/bedroom/img003787.jpg,6,bedroom
img002930.jpg,proj/bedroom/img002930.jpg,6,bedroom
img002347.jpg,proj/bedroom/img002347.jpg,6,bedroom
img002568.jpg,proj/bedroom/img002568.jpg,6,bedroom
img003164.jpg,proj/bedroom/img003164.jpg,6,bedroom
img003639.jpg,proj/bedroom/img003639.jpg,6,bedroom
img003744.jpg,proj/bedroom/img003744.jpg,6,bedroom
img003668.jpg,proj/bedroom/img003668.jpg,6,bedroom
img003300.jpg,proj/bedroom/img003300.jpg,6,bedroom
img003093.jpg,proj/bedroom/img003093.jpg,6,bedroom
img002742.jpg,proj/bedroom/img002742.jpg,6,bedroom
img003873.jpg,proj/bedroom/img003873.jpg,6,bedroom
img002595.jpg,proj/bedroom/img002595.jpg,6,bedroom
img003604.jpg,proj/bedroom/img003604.jpg,6,bedroom
img003572.jpg,proj/bedroom/img003572.jpg,6,bedroom
img003597.jpg,proj/bedroom/img003597.jpg,6,bedroom
img003861.jpg,proj/bedroom/img003861.jpg,6,bedroom
img003258.jpg,proj/bedroom/img003258.jpg,6,bedroom
img002223.jpg,proj/bedroom/img002223.jpg,6,bedroom
img003703.jpg,proj/bedroom/img003703.jpg,6,bedroom
img003061.jpg,proj/bedroom/img003061.jpg,6,bedroom
img002983.jpg,proj/bedroom/img002983.jpg,6,bedroom
img002354.jpg,proj/bedroom/img002354.jpg,6,bedroom
img002067.jpg,proj/bedroom/img002067.jpg,6,bedroom
img002232.jpg,proj/bedroom/img002232.jpg,6,bedroom
img002008.jpg,proj/bedroom/img002008.jpg,6,bedroom
img002979.jpg,proj/bedroom/img002979.jpg,6,bedroom
img002222.jpg,proj/bedroom/img002222.jpg,6,bedroom
img003242.jpg,proj/bedroom/img003242.jpg,6,bedroom
img002582.jpg,proj/bedroom/img002582.jpg,6,bedroom
img002203.jpg,proj/bedroom/img002203.jpg,6,bedroom
img003009.jpg,proj/bedroom/img003009.jpg,6,bedroom
img002928.jpg,proj/bedroom/img002928.jpg,6,bedroom
img003669.jpg,proj/bedroom/img003669.jpg,6,bedroom
img003008.jpg,proj/bedroom/img003008.jpg,6,bedroom
img003054.jpg,proj/bedroom/img003054.jpg,6,bedroom
img003390.jpg,proj/bedroom/img003390.jpg,6,bedroom
img003835.jpg,proj/bedroom/img003835.jpg,6,bedroom
img002457.jpg,proj/bedroom/img002457.jpg,6,bedroom
img002703.jpg,proj/bedroom/img002703.jpg,6,bedroom
img002644.jpg,proj/bedroom/img002644.jpg,6,bedroom
img003003.jpg,proj/bedroom/img003003.jpg,6,bedroom
img003800.jpg,proj/bedroom/img003800.jpg,6,bedroom
img002054.jpg,proj/bedroom/img002054.jpg,6,bedroom
img003065.jpg,proj/bedroom/img003065.jpg,6,bedroom
img003892.jpg,proj/bedroom/img003892.jpg,6,bedroom
img002659.jpg,proj/bedroom/img002659.jpg,6,bedroom
img003291.jpg,proj/bedroom/img003291.jpg,6,bedroom
img002466.jpg,proj/bedroom/img002466.jpg,6,bedroom
img003469.jpg,proj/bedroom/img003469.jpg,6,bedroom
img002209.jpg,proj/bedroom/img002209.jpg,6,bedroom
img003327.jpg,proj/bedroom/img003327.jpg,6,bedroom
img002114.jpg,proj/bedroom/img002114.jpg,6,bedroom
img003972.jpg,proj/bedroom/img003972.jpg,6,bedroom
img003651.jpg,proj/bedroom/img003651.jpg,6,bedroom
img002480.jpg,proj/bedroom/img002480.jpg,6,bedroom
img003717.jpg,proj/bedroom/img003717.jpg,6,bedroom
img003969.jpg,proj/bedroom/img003969.jpg,6,bedroom
img002895.jpg,proj/bedroom/img002895.jpg,6,bedroom
img002454.jpg,proj/bedroom/img002454.jpg,6,bedroom
img003234.jpg,proj/bedroom/img003234.jpg,6,bedroom
img002686.jpg,proj/bedroom/img002686.jpg,6,bedroom
img003570.jpg,proj/bedroom/img003570.jpg,6,bedroom
img003014.jpg,proj/bedroom/img003014.jpg,6,bedroom
img002370.jpg,proj/bedroom/img002370.jpg,6,bedroom
img003102.jpg,proj/bedroom/img003102.jpg,6,bedroom
img003768.jpg,proj/bedroom/img003768.jpg,6,bedroom
img002063.jpg,proj/bedroom/img002063.jpg,6,bedroom
img002995.jpg,proj/bedroom/img002995.jpg,6,bedroom
img003458.jpg,proj/bedroom/img003458.jpg,6,bedroom
img003676.jpg,proj/bedroom/img003676.jpg,6,bedroom
img003678.jpg,proj/bedroom/img003678.jpg,6,bedroom
img003981.jpg,proj/bedroom/img003981.jpg,6,bedroom
img003149.jpg,proj/bedroom/img003149.jpg,6,bedroom
img002025.jpg,proj/bedroom/img002025.jpg,6,bedroom
img002506.jpg,proj/bedroom/img002506.jpg,6,bedroom
img003140.jpg,proj/bedroom/img003140.jpg,6,bedroom
img002688.jpg,proj/bedroom/img002688.jpg,6,bedroom
img003797.jpg,proj/bedroom/img003797.jpg,6,bedroom
img003690.jpg,proj/bedroom/img003690.jpg,6,bedroom
img003466.jpg,proj/bedroom/img003466.jpg,6,bedroom
img003402.jpg,proj/bedroom/img003402.jpg,6,bedroom
img003829.jpg,proj/bedroom/img003829.jpg,6,bedroom
img003415.jpg,proj/bedroom/img003415.jpg,6,bedroom
img003435.jpg,proj/bedroom/img003435.jpg,6,bedroom
img002264.jpg,proj/bedroom/img002264.jpg,6,bedroom
img002478.jpg,proj/bedroom/img002478.jpg,6,bedroom
img003297.jpg,proj/bedroom/img003297.jpg,6,bedroom
img003070.jpg,proj/bedroom/img003070.jpg,6,bedroom
img002362.jpg,proj/bedroom/img002362.jpg,6,bedroom
img003315.jpg,proj/bedroom/img003315.jpg,6,bedroom
img003971.jpg,proj/bedroom/img003971.jpg,6,bedroom
img002172.jpg,proj/bedroom/img002172.jpg,6,bedroom
img003870.jpg,proj/bedroom/img003870.jpg,6,bedroom
img002753.jpg,proj/bedroom/img002753.jpg,6,bedroom
img002804.jpg,proj/bedroom/img002804.jpg,6,bedroom
img002591.jpg,proj/bedroom/img002591.jpg,6,bedroom
img002631.jpg,proj/bedroom/img002631.jpg,6,bedroom
img003673.jpg,proj/bedroom/img003673.jpg,6,bedroom
img003391.jpg,proj/bedroom/img003391.jpg,6,bedroom
img002624.jpg,proj/bedroom/img002624.jpg,6,bedroom
img002813.jpg,proj/bedroom/img002813.jpg,6,bedroom
img003174.jpg,proj/bedroom/img003174.jpg,6,bedroom
img003218.jpg,proj/bedroom/img003218.jpg,6,bedroom
img002862.jpg,proj/bedroom/img002862.jpg,6,bedroom
img003876.jpg,proj/bedroom/img003876.jpg,6,bedroom
img003177.jpg,proj/bedroom/img003177.jpg,6,bedroom
img003109.jpg,proj/bedroom/img003109.jpg,6,bedroom
img002525.jpg,proj/bedroom/img002525.jpg,6,bedroom
img003563.jpg,proj/bedroom/img003563.jpg,6,bedroom
img003898.jpg,proj/bedroom/img003898.jpg,6,bedroom
img002783.jpg,proj/bedroom/img002783.jpg,6,bedroom
img002940.jpg,proj/bedroom/img002940.jpg,6,bedroom
img002616.jpg,proj/bedroom/img002616.jpg,6,bedroom
img003914.jpg,proj/bedroom/img003914.jpg,6,bedroom
img003243.jpg,proj/bedroom/img003243.jpg,6,bedroom
img003440.jpg,proj/bedroom/img003440.jpg,6,bedroom
img002803.jpg,proj/bedroom/img002803.jpg,6,bedroom
img002425.jpg,proj/bedroom/img002425.jpg,6,bedroom
img003823.jpg,proj/bedroom/img003823.jpg,6,bedroom
img003227.jpg,proj/bedroom/img003227.jpg,6,bedroom
img002280.jpg,proj/bedroom/img002280.jpg,6,bedroom
img002722.jpg,proj/bedroom/img002722.jpg,6,bedroom
img002849.jpg,proj/bedroom/img002849.jpg,6,bedroom
img002106.jpg,proj/bedroom/img002106.jpg,6,bedroom
img003984.jpg,proj/bedroom/img003984.jpg,6,bedroom
img003509.jpg,proj/bedroom/img003509.jpg,6,bedroom
img002492.jpg,proj/bedroom/img002492.jpg,6,bedroom
img003605.jpg,proj/bedroom/img003605.jpg,6,bedroom
img002643.jpg,proj/bedroom/img002643.jpg,6,bedroom
img003867.jpg,proj/bedroom/img003867.jpg,6,bedroom
img003561.jpg,proj/bedroom/img003561.jpg,6,bedroom
img002785.jpg,proj/bedroom/img002785.jpg,6,bedroom
img003030.jpg,proj/bedroom/img003030.jpg,6,bedroom
img002830.jpg,proj/bedroom/img002830.jpg,6,bedroom
img003964.jpg,proj/bedroom/img003964.jpg,6,bedroom
img002179.jpg,proj/bedroom/img002179.jpg,6,bedroom
img002764.jpg,proj/bedroom/img002764.jpg,6,bedroom
img003356.jpg,proj/bedroom/img003356.jpg,6,bedroom
img003840.jpg,proj/bedroom/img003840.jpg,6,bedroom
img002947.jpg,proj/bedroom/img002947.jpg,6,bedroom
img002765.jpg,proj/bedroom/img002765.jpg,6,bedroom
img003257.jpg,proj/bedroom/img003257.jpg,6,bedroom
img003480.jpg,proj/bedroom/img003480.jpg,6,bedroom
img002312.jpg,proj/bedroom/img002312.jpg,6,bedroom
img002958.jpg,proj/bedroom/img002958.jpg,6,bedroom
img003306.jpg,proj/bedroom/img003306.jpg,6,bedroom
img002252.jpg,proj/bedroom/img002252.jpg,6,bedroom
img003447.jpg,proj/bedroom/img003447.jpg,6,bedroom
img003074.jpg,proj/bedroom/img003074.jpg,6,bedroom
img003325.jpg,proj/bedroom/img003325.jpg,6,bedroom
img002353.jpg,proj/bedroom/img002353.jpg,6,bedroom
img003559.jpg,proj/bedroom/img003559.jpg,6,bedroom
img003887.jpg,proj/bedroom/img003887.jpg,6,bedroom
img003608.jpg,proj/bedroom/img003608.jpg,6,bedroom
img002628.jpg,proj/bedroom/img002628.jpg,6,bedroom
img002782.jpg,proj/bedroom/img002782.jpg,6,bedroom
img003725.jpg,proj/bedroom/img003725.jpg,6,bedroom
img003011.jpg,proj/bedroom/img003011.jpg,6,bedroom
img002288.jpg,proj/bedroom/img002288.jpg,6,bedroom
img002724.jpg,proj/bedroom/img002724.jpg,6,bedroom
img002950.jpg,proj/bedroom/img002950.jpg,6,bedroom
img002182.jpg,proj/bedroom/img002182.jpg,6,bedroom
img003998.jpg,proj/bedroom/img003998.jpg,6,bedroom
img003025.jpg,proj/bedroom/img003025.jpg,6,bedroom
img002848.jpg,proj/bedroom/img002848.jpg,6,bedroom
img002017.jpg,proj/bedroom/img002017.jpg,6,bedroom
img002305.jpg,proj/bedroom/img002305.jpg,6,bedroom
img003978.jpg,proj/bedroom/img003978.jpg,6,bedroom
img002239.jpg,proj/bedroom/img002239.jpg,6,bedroom
img003462.jpg,proj/bedroom/img003462.jpg,6,bedroom
img003385.jpg,proj/bedroom/img003385.jpg,6,bedroom
img003033.jpg,proj/bedroom/img003033.jpg,6,bedroom
img003631.jpg,proj/bedroom/img003631.jpg,6,bedroom
img003580.jpg,proj/bedroom/img003580.jpg,6,bedroom
img003895.jpg,proj/bedroom/img003895.jpg,6,bedroom
img002022.jpg,proj/bedroom/img002022.jpg,6,bedroom
img003736.jpg,proj/bedroom/img003736.jpg,6,bedroom
img003079.jpg,proj/bedroom/img003079.jpg,6,bedroom
img003933.jpg,proj/bedroom/img003933.jpg,6,bedroom
img003269.jpg,proj/bedroom/img003269.jpg,6,bedroom
img003627.jpg,proj/bedroom/img003627.jpg,6,bedroom
img003704.jpg,proj/bedroom/img003704.jpg,6,bedroom
img003231.jpg,proj/bedroom/img003231.jpg,6,bedroom
img003301.jpg,proj/bedroom/img003301.jpg,6,bedroom
img002043.jpg,proj/bedroom/img002043.jpg,6,bedroom
img002065.jpg,proj/bedroom/img002065.jpg,6,bedroom
img003277.jpg,proj/bedroom/img003277.jpg,6,bedroom
img003584.jpg,proj/bedroom/img003584.jpg,6,bedroom
img003544.jpg,proj/bedroom/img003544.jpg,6,bedroom
img003312.jpg,proj/bedroom/img003312.jpg,6,bedroom
img002814.jpg,proj/bedroom/img002814.jpg,6,bedroom
img003847.jpg,proj/bedroom/img003847.jpg,6,bedroom
img002471.jpg,proj/bedroom/img002471.jpg,6,bedroom
img003446.jpg,proj/bedroom/img003446.jpg,6,bedroom
img002465.jpg,proj/bedroom/img002465.jpg,6,bedroom
img003333.jpg,proj/bedroom/img003333.jpg,6,bedroom
img002508.jpg,proj/bedroom/img002508.jpg,6,bedroom
img003052.jpg,proj/bedroom/img003052.jpg,6,bedroom
img002146.jpg,proj/bedroom/img002146.jpg,6,bedroom
img003841.jpg,proj/bedroom/img003841.jpg,6,bedroom
img002035.jpg,proj/bedroom/img002035.jpg,6,bedroom
img002101.jpg,proj/bedroom/img002101.jpg,6,bedroom
img002238.jpg,proj/bedroom/img002238.jpg,6,bedroom
img002654.jpg,proj/bedroom/img002654.jpg,6,bedroom
img002154.jpg,proj/bedroom/img002154.jpg,6,bedroom
img003308.jpg,proj/bedroom/img003308.jpg,6,bedroom
img003638.jpg,proj/bedroom/img003638.jpg,6,bedroom
img003031.jpg,proj/bedroom/img003031.jpg,6,bedroom
img003363.jpg,proj/bedroom/img003363.jpg,6,bedroom
img002874.jpg,proj/bedroom/img002874.jpg,6,bedroom
img003110.jpg,proj/bedroom/img003110.jpg,6,bedroom
img003888.jpg,proj/bedroom/img003888.jpg,6,bedroom
img003275.jpg,proj/bedroom/img003275.jpg,6,bedroom
img002574.jpg,proj/bedroom/img002574.jpg,6,bedroom
img003521.jpg,proj/bedroom/img003521.jpg,6,bedroom
img002718.jpg,proj/bedroom/img002718.jpg,6,bedroom
img003577.jpg,proj/bedroom/img003577.jpg,6,bedroom
img003771.jpg,proj/bedroom/img003771.jpg,6,bedroom
img003630.jpg,proj/bedroom/img003630.jpg,6,bedroom
img002242.jpg,proj/bedroom/img002242.jpg,6,bedroom
img002456.jpg,proj/bedroom/img002456.jpg,6,bedroom
img003056.jpg,proj/bedroom/img003056.jpg,6,bedroom
img002987.jpg,proj/bedroom/img002987.jpg,6,bedroom
img002603.jpg,proj/bedroom/img002603.jpg,6,bedroom
img002793.jpg,proj/bedroom/img002793.jpg,6,bedroom
img002281.jpg,proj/bedroom/img002281.jpg,6,bedroom
img002691.jpg,proj/bedroom/img002691.jpg,6,bedroom
img002964.jpg,proj/bedroom/img002964.jpg,6,bedroom
img003757.jpg,proj/bedroom/img003757.jpg,6,bedroom
img003836.jpg,proj/bedroom/img003836.jpg,6,bedroom
img003120.jpg,proj/bedroom/img003120.jpg,6,bedroom
img003287.jpg,proj/bedroom/img003287.jpg,6,bedroom
img003205.jpg,proj/bedroom/img003205.jpg,6,bedroom
img003737.jpg,proj/bedroom/img003737.jpg,6,bedroom
img003661.jpg,proj/bedroom/img003661.jpg,6,bedroom
img003241.jpg,proj/bedroom/img003241.jpg,6,bedroom
img002118.jpg,proj/bedroom/img002118.jpg,6,bedroom
img002109.jpg,proj/bedroom/img002109.jpg,6,bedroom
img002408.jpg,proj/bedroom/img002408.jpg,6,bedroom
img003316.jpg,proj/bedroom/img003316.jpg,6,bedroom
img002521.jpg,proj/bedroom/img002521.jpg,6,bedroom
img002923.jpg,proj/bedroom/img002923.jpg,6,bedroom
img002769.jpg,proj/bedroom/img002769.jpg,6,bedroom
img003094.jpg,proj/bedroom/img003094.jpg,6,bedroom
img002383.jpg,proj/bedroom/img002383.jpg,6,bedroom
img003314.jpg,proj/bedroom/img003314.jpg,6,bedroom
img003711.jpg,proj/bedroom/img003711.jpg,6,bedroom
img002279.jpg,proj/bedroom/img002279.jpg,6,bedroom
img003037.jpg,proj/bedroom/img003037.jpg,6,bedroom
img002266.jpg,proj/bedroom/img002266.jpg,6,bedroom
img003819.jpg,proj/bedroom/img003819.jpg,6,bedroom
img002335.jpg,proj/bedroom/img002335.jpg,6,bedroom
img002959.jpg,proj/bedroom/img002959.jpg,6,bedroom
img003554.jpg,proj/bedroom/img003554.jpg,6,bedroom
img002018.jpg,proj/bedroom/img002018.jpg,6,bedroom
img003279.jpg,proj/bedroom/img003279.jpg,6,bedroom
img002148.jpg,proj/bedroom/img002148.jpg,6,bedroom
img003838.jpg,proj/bedroom/img003838.jpg,6,bedroom
img002206.jpg,proj/bedroom/img002206.jpg,6,bedroom
img002773.jpg,proj/bedroom/img002773.jpg,6,bedroom
img002016.jpg,proj/bedroom/img002016.jpg,6,bedroom
img003990.jpg,proj/bedroom/img003990.jpg,6,bedroom
img002880.jpg,proj/bedroom/img002880.jpg,6,bedroom
img003064.jpg,proj/bedroom/img003064.jpg,6,bedroom
img003529.jpg,proj/bedroom/img003529.jpg,6,bedroom
img003636.jpg,proj/bedroom/img003636.jpg,6,bedroom
img002098.jpg,proj/bedroom/img002098.jpg,6,bedroom
img002303.jpg,proj/bedroom/img002303.jpg,6,bedroom
img003765.jpg,proj/bedroom/img003765.jpg,6,bedroom
img003837.jpg,proj/bedroom/img003837.jpg,6,bedroom
img002800.jpg,proj/bedroom/img002800.jpg,6,bedroom
img002075.jpg,proj/bedroom/img002075.jpg,6,bedroom
img003946.jpg,proj/bedroom/img003946.jpg,6,bedroom
img002515.jpg,proj/bedroom/img002515.jpg,6,bedroom
img003282.jpg,proj/bedroom/img003282.jpg,6,bedroom
img002776.jpg,proj/bedroom/img002776.jpg,6,bedroom
img002807.jpg,proj/bedroom/img002807.jpg,6,bedroom
img003280.jpg,proj/bedroom/img003280.jpg,6,bedroom
img002263.jpg,proj/bedroom/img002263.jpg,6,bedroom
img003894.jpg,proj/bedroom/img003894.jpg,6,bedroom
img003169.jpg,proj/bedroom/img003169.jpg,6,bedroom
img002855.jpg,proj/bedroom/img002855.jpg,6,bedroom
img002921.jpg,proj/bedroom/img002921.jpg,6,bedroom
img003051.jpg,proj/bedroom/img003051.jpg,6,bedroom
img003108.jpg,proj/bedroom/img003108.jpg,6,bedroom
img003656.jpg,proj/bedroom/img003656.jpg,6,bedroom
img002826.jpg,proj/bedroom/img002826.jpg,6,bedroom
img002823.jpg,proj/bedroom/img002823.jpg,6,bedroom
img002158.jpg,proj/bedroom/img002158.jpg,6,bedroom
img003839.jpg,proj/bedroom/img003839.jpg,6,bedroom
img002382.jpg,proj/bedroom/img002382.jpg,6,bedroom
img003996.jpg,proj/bedroom/img003996.jpg,6,bedroom
img002545.jpg,proj/bedroom/img002545.jpg,6,bedroom
img002309.jpg,proj/bedroom/img002309.jpg,6,bedroom
img002081.jpg,proj/bedroom/img002081.jpg,6,bedroom
img002435.jpg,proj/bedroom/img002435.jpg,6,bedroom
img003762.jpg,proj/bedroom/img003762.jpg,6,bedroom
img003471.jpg,proj/bedroom/img003471.jpg,6,bedroom
img002751.jpg,proj/bedroom/img002751.jpg,6,bedroom
img003500.jpg,proj/bedroom/img003500.jpg,6,bedroom
img003585.jpg,proj/bedroom/img003585.jpg,6,bedroom
img003423.jpg,proj/bedroom/img003423.jpg,6,bedroom
img002044.jpg,proj/bedroom/img002044.jpg,6,bedroom
img002837.jpg,proj/bedroom/img002837.jpg,6,bedroom
img003697.jpg,proj/bedroom/img003697.jpg,6,bedroom
img003000.jpg,proj/bedroom/img003000.jpg,6,bedroom
img002835.jpg,proj/bedroom/img002835.jpg,6,bedroom
img003126.jpg,proj/bedroom/img003126.jpg,6,bedroom
img003747.jpg,proj/bedroom/img003747.jpg,6,bedroom
img002873.jpg,proj/bedroom/img002873.jpg,6,bedroom
img003295.jpg,proj/bedroom/img003295.jpg,6,bedroom
img002865.jpg,proj/bedroom/img002865.jpg,6,bedroom
img002536.jpg,proj/bedroom/img002536.jpg,6,bedroom
img002141.jpg,proj/bedroom/img002141.jpg,6,bedroom
img003127.jpg,proj/bedroom/img003127.jpg,6,bedroom
img003626.jpg,proj/bedroom/img003626.jpg,6,bedroom
img003468.jpg,proj/bedroom/img003468.jpg,6,bedroom
img003883.jpg,proj/bedroom/img003883.jpg,6,bedroom
img002110.jpg,proj/bedroom/img002110.jpg,6,bedroom
img002099.jpg,proj/bedroom/img002099.jpg,6,bedroom
img002694.jpg,proj/bedroom/img002694.jpg,6,bedroom
img003124.jpg,proj/bedroom/img003124.jpg,6,bedroom
img002119.jpg,proj/bedroom/img002119.jpg,6,bedroom
img002602.jpg,proj/bedroom/img002602.jpg,6,bedroom
img003881.jpg,proj/bedroom/img003881.jpg,6,bedroom
img002711.jpg,proj/bedroom/img002711.jpg,6,bedroom
img002834.jpg,proj/bedroom/img002834.jpg,6,bedroom
img002324.jpg,proj/bedroom/img002324.jpg,6,bedroom
img003665.jpg,proj/bedroom/img003665.jpg,6,bedroom
img002824.jpg,proj/bedroom/img002824.jpg,6,bedroom
img003184.jpg,proj/bedroom/img003184.jpg,6,bedroom
img002916.jpg,proj/bedroom/img002916.jpg,6,bedroom
img002350.jpg,proj/bedroom/img002350.jpg,6,bedroom
img003334.jpg,proj/bedroom/img003334.jpg,6,bedroom
img003016.jpg,proj/bedroom/img003016.jpg,6,bedroom
img002112.jpg,proj/bedroom/img002112.jpg,6,bedroom
img003076.jpg,proj/bedroom/img003076.jpg,6,bedroom
img003658.jpg,proj/bedroom/img003658.jpg,6,bedroom
img002523.jpg,proj/bedroom/img002523.jpg,6,bedroom
img002818.jpg,proj/bedroom/img002818.jpg,6,bedroom
img003328.jpg,proj/bedroom/img003328.jpg,6,bedroom
img003105.jpg,proj/bedroom/img003105.jpg,6,bedroom
img002255.jpg,proj/bedroom/img002255.jpg,6,bedroom
img003335.jpg,proj/bedroom/img003335.jpg,6,bedroom
img002123.jpg,proj/bedroom/img002123.jpg,6,bedroom
img003119.jpg,proj/bedroom/img003119.jpg,6,bedroom
img003637.jpg,proj/bedroom/img003637.jpg,6,bedroom
img003226.jpg,proj/bedroom/img003226.jpg,6,bedroom
img003735.jpg,proj/bedroom/img003735.jpg,6,bedroom
img002055.jpg,proj/bedroom/img002055.jpg,6,bedroom
img002833.jpg,proj/bedroom/img002833.jpg,6,bedroom
img002031.jpg,proj/bedroom/img002031.jpg,6,bedroom
img002333.jpg,proj/bedroom/img002333.jpg,6,bedroom
img002041.jpg,proj/bedroom/img002041.jpg,6,bedroom
img002442.jpg,proj/bedroom/img002442.jpg,6,bedroom
img002188.jpg,proj/bedroom/img002188.jpg,6,bedroom
img003929.jpg,proj/bedroom/img003929.jpg,6,bedroom
img002210.jpg,proj/bedroom/img002210.jpg,6,bedroom
img003925.jpg,proj/bedroom/img003925.jpg,6,bedroom
img003944.jpg,proj/bedroom/img003944.jpg,6,bedroom
img003781.jpg,proj/bedroom/img003781.jpg,6,bedroom
img002984.jpg,proj/bedroom/img002984.jpg,6,bedroom
img003726.jpg,proj/bedroom/img003726.jpg,6,bedroom
img002315.jpg,proj/bedroom/img002315.jpg,6,bedroom
img003237.jpg,proj/bedroom/img003237.jpg,6,bedroom
img002157.jpg,proj/bedroom/img002157.jpg,6,bedroom
img002194.jpg,proj/bedroom/img002194.jpg,6,bedroom
img003775.jpg,proj/bedroom/img003775.jpg,6,bedroom
img002750.jpg,proj/bedroom/img002750.jpg,6,bedroom
img003862.jpg,proj/bedroom/img003862.jpg,6,bedroom
img002211.jpg,proj/bedroom/img002211.jpg,6,bedroom
img002140.jpg,proj/bedroom/img002140.jpg,6,bedroom
img003738.jpg,proj/bedroom/img003738.jpg,6,bedroom
img003901.jpg,proj/bedroom/img003901.jpg,6,bedroom
img002879.jpg,proj/bedroom/img002879.jpg,6,bedroom
img003672.jpg,proj/bedroom/img003672.jpg,6,bedroom
img002932.jpg,proj/bedroom/img002932.jpg,6,bedroom
img003660.jpg,proj/bedroom/img003660.jpg,6,bedroom
img003261.jpg,proj/bedroom/img003261.jpg,6,bedroom
img002534.jpg,proj/bedroom/img002534.jpg,6,bedroom
img003355.jpg,proj/bedroom/img003355.jpg,6,bedroom
img003455.jpg,proj/bedroom/img003455.jpg,6,bedroom
img002863.jpg,proj/bedroom/img002863.jpg,6,bedroom
img002520.jpg,proj/bedroom/img002520.jpg,6,bedroom
img002445.jpg,proj/bedroom/img002445.jpg,6,bedroom
img003959.jpg,proj/bedroom/img003959.jpg,6,bedroom
img002213.jpg,proj/bedroom/img002213.jpg,6,bedroom
img002438.jpg,proj/bedroom/img002438.jpg,6,bedroom
img002537.jpg,proj/bedroom/img002537.jpg,6,bedroom
img002684.jpg,proj/bedroom/img002684.jpg,6,bedroom
img003039.jpg,proj/bedroom/img003039.jpg,6,bedroom
img003069.jpg,proj/bedroom/img003069.jpg,6,bedroom
img003235.jpg,proj/bedroom/img003235.jpg,6,bedroom
img002100.jpg,proj/bedroom/img002100.jpg,6,bedroom
img002105.jpg,proj/bedroom/img002105.jpg,6,bedroom
img003708.jpg,proj/bedroom/img003708.jpg,6,bedroom
img002367.jpg,proj/bedroom/img002367.jpg,6,bedroom
img003924.jpg,proj/bedroom/img003924.jpg,6,bedroom
img003644.jpg,proj/bedroom/img003644.jpg,6,bedroom
img003374.jpg,proj/bedroom/img003374.jpg,6,bedroom
img002216.jpg,proj/bedroom/img002216.jpg,6,bedroom
img003157.jpg,proj/bedroom/img003157.jpg,6,bedroom
img003106.jpg,proj/bedroom/img003106.jpg,6,bedroom
img003792.jpg,proj/bedroom/img003792.jpg,6,bedroom
img002650.jpg,proj/bedroom/img002650.jpg,6,bedroom
img002038.jpg,proj/bedroom/img002038.jpg,6,bedroom
img003367.jpg,proj/bedroom/img003367.jpg,6,bedroom
img003568.jpg,proj/bedroom/img003568.jpg,6,bedroom
img003535.jpg,proj/bedroom/img003535.jpg,6,bedroom
img003267.jpg,proj/bedroom/img003267.jpg,6,bedroom
img002299.jpg,proj/bedroom/img002299.jpg,6,bedroom
img003865.jpg,proj/bedroom/img003865.jpg,6,bedroom
img003683.jpg,proj/bedroom/img003683.jpg,6,bedroom
img003705.jpg,proj/bedroom/img003705.jpg,6,bedroom
img003173.jpg,proj/bedroom/img003173.jpg,6,bedroom
img002139.jpg,proj/bedroom/img002139.jpg,6,bedroom
img002888.jpg,proj/bedroom/img002888.jpg,6,bedroom
img003247.jpg,proj/bedroom/img003247.jpg,6,bedroom
img003082.jpg,proj/bedroom/img003082.jpg,6,bedroom
img003296.jpg,proj/bedroom/img003296.jpg,6,bedroom
img002575.jpg,proj/bedroom/img002575.jpg,6,bedroom
img003853.jpg,proj/bedroom/img003853.jpg,6,bedroom
img002973.jpg,proj/bedroom/img002973.jpg,6,bedroom
img002529.jpg,proj/bedroom/img002529.jpg,6,bedroom
img002291.jpg,proj/bedroom/img002291.jpg,6,bedroom
img003700.jpg,proj/bedroom/img003700.jpg,6,bedroom
img003211.jpg,proj/bedroom/img003211.jpg,6,bedroom
img002283.jpg,proj/bedroom/img002283.jpg,6,bedroom
img003483.jpg,proj/bedroom/img003483.jpg,6,bedroom
img002734.jpg,proj/bedroom/img002734.jpg,6,bedroom
img003045.jpg,proj/bedroom/img003045.jpg,6,bedroom
img002758.jpg,proj/bedroom/img002758.jpg,6,bedroom
img003485.jpg,proj/bedroom/img003485.jpg,6,bedroom
img002749.jpg,proj/bedroom/img002749.jpg,6,bedroom
img002704.jpg,proj/bedroom/img002704.jpg,6,bedroom
img002269.jpg,proj/bedroom/img002269.jpg,6,bedroom
img003816.jpg,proj/bedroom/img003816.jpg,6,bedroom
img002229.jpg,proj/bedroom/img002229.jpg,6,bedroom
img003375.jpg,proj/bedroom/img003375.jpg,6,bedroom
img002902.jpg,proj/bedroom/img002902.jpg,6,bedroom
img003786.jpg,proj/bedroom/img003786.jpg,6,bedroom
img002524.jpg,proj/bedroom/img002524.jpg,6,bedroom
img003408.jpg,proj/bedroom/img003408.jpg,6,bedroom
img003179.jpg,proj/bedroom/img003179.jpg,6,bedroom
img003982.jpg,proj/bedroom/img003982.jpg,6,bedroom
img003230.jpg,proj/bedroom/img003230.jpg,6,bedroom
img003209.jpg,proj/bedroom/img003209.jpg,6,bedroom
img002328.jpg,proj/bedroom/img002328.jpg,6,bedroom
img002913.jpg,proj/bedroom/img002913.jpg,6,bedroom
img003806.jpg,proj/bedroom/img003806.jpg,6,bedroom
img002310.jpg,proj/bedroom/img002310.jpg,6,bedroom
img002285.jpg,proj/bedroom/img002285.jpg,6,bedroom
img002990.jpg,proj/bedroom/img002990.jpg,6,bedroom
img003618.jpg,proj/bedroom/img003618.jpg,6,bedroom
img003057.jpg,proj/bedroom/img003057.jpg,6,bedroom
img002682.jpg,proj/bedroom/img002682.jpg,6,bedroom
img002437.jpg,proj/bedroom/img002437.jpg,6,bedroom
img002200.jpg,proj/bedroom/img002200.jpg,6,bedroom
img002306.jpg,proj/bedroom/img002306.jpg,6,bedroom
img002439.jpg,proj/bedroom/img002439.jpg,6,bedroom
img002777.jpg,proj/bedroom/img002777.jpg,6,bedroom
img003503.jpg,proj/bedroom/img003503.jpg,6,bedroom
img002126.jpg,proj/bedroom/img002126.jpg,6,bedroom
img002657.jpg,proj/bedroom/img002657.jpg,6,bedroom
img003263.jpg,proj/bedroom/img003263.jpg,6,bedroom
img002053.jpg,proj/bedroom/img002053.jpg,6,bedroom
img003429.jpg,proj/bedroom/img003429.jpg,6,bedroom
img003802.jpg,proj/bedroom/img003802.jpg,6,bedroom
img003649.jpg,proj/bedroom/img003649.jpg,6,bedroom
img002125.jpg,proj/bedroom/img002125.jpg,6,bedroom
img002317.jpg,proj/bedroom/img002317.jpg,6,bedroom
img003911.jpg,proj/bedroom/img003911.jpg,6,bedroom
img002576.jpg,proj/bedroom/img002576.jpg,6,bedroom
img002082.jpg,proj/bedroom/img002082.jpg,6,bedroom
img002867.jpg,proj/bedroom/img002867.jpg,6,bedroom
img003825.jpg,proj/bedroom/img003825.jpg,6,bedroom
img002746.jpg,proj/bedroom/img002746.jpg,6,bedroom
img002256.jpg,proj/bedroom/img002256.jpg,6,bedroom
img003759.jpg,proj/bedroom/img003759.jpg,6,bedroom
img003426.jpg,proj/bedroom/img003426.jpg,6,bedroom
img002341.jpg,proj/bedroom/img002341.jpg,6,bedroom
img003092.jpg,proj/bedroom/img003092.jpg,6,bedroom
img003634.jpg,proj/bedroom/img003634.jpg,6,bedroom
img003491.jpg,proj/bedroom/img003491.jpg,6,bedroom
img002131.jpg,proj/bedroom/img002131.jpg,6,bedroom
img003595.jpg,proj/bedroom/img003595.jpg,6,bedroom
img002124.jpg,proj/bedroom/img002124.jpg,6,bedroom
img003476.jpg,proj/bedroom/img003476.jpg,6,bedroom
img002767.jpg,proj/bedroom/img002767.jpg,6,bedroom
img003050.jpg,proj/bedroom/img003050.jpg,6,bedroom
img002526.jpg,proj/bedroom/img002526.jpg,6,bedroom
img002911.jpg,proj/bedroom/img002911.jpg,6,bedroom
img003587.jpg,proj/bedroom/img003587.jpg,6,bedroom
img003601.jpg,proj/bedroom/img003601.jpg,6,bedroom
img002150.jpg,proj/bedroom/img002150.jpg,6,bedroom
img003097.jpg,proj/bedroom/img003097.jpg,6,bedroom
img002720.jpg,proj/bedroom/img002720.jpg,6,bedroom
img003026.jpg,proj/bedroom/img003026.jpg,6,bedroom
img002136.jpg,proj/bedroom/img002136.jpg,6,bedroom
img002665.jpg,proj/bedroom/img002665.jpg,6,bedroom
img002133.jpg,proj/bedroom/img002133.jpg,6,bedroom
img002339.jpg,proj/bedroom/img002339.jpg,6,bedroom
img002260.jpg,proj/bedroom/img002260.jpg,6,bedroom
img003767.jpg,proj/bedroom/img003767.jpg,6,bedroom
img003331.jpg,proj/bedroom/img003331.jpg,6,bedroom
img003464.jpg,proj/bedroom/img003464.jpg,6,bedroom
img002683.jpg,proj/bedroom/img002683.jpg,6,bedroom
img003182.jpg,proj/bedroom/img003182.jpg,6,bedroom
img003818.jpg,proj/bedroom/img003818.jpg,6,bedroom
img002147.jpg,proj/bedroom/img002147.jpg,6,bedroom
img002219.jpg,proj/bedroom/img002219.jpg,6,bedroom
img002733.jpg,proj/bedroom/img002733.jpg,6,bedroom
img003567.jpg,proj/bedroom/img003567.jpg,6,bedroom
img002998.jpg,proj/bedroom/img002998.jpg,6,bedroom
img003849.jpg,proj/bedroom/img003849.jpg,6,bedroom
img003360.jpg,proj/bedroom/img003360.jpg,6,bedroom
img002142.jpg,proj/bedroom/img002142.jpg,6,bedroom
img003590.jpg,proj/bedroom/img003590.jpg,6,bedroom
img003457.jpg,proj/bedroom/img003457.jpg,6,bedroom
img003810.jpg,proj/bedroom/img003810.jpg,6,bedroom
img002153.jpg,proj/bedroom/img002153.jpg,6,bedroom
img003421.jpg,proj/bedroom/img003421.jpg,6,bedroom
img002436.jpg,proj/bedroom/img002436.jpg,6,bedroom
img002618.jpg,proj/bedroom/img002618.jpg,6,bedroom
img003010.jpg,proj/bedroom/img003010.jpg,6,bedroom
img002389.jpg,proj/bedroom/img002389.jpg,6,bedroom
img002308.jpg,proj/bedroom/img002308.jpg,6,bedroom
img003007.jpg,proj/bedroom/img003007.jpg,6,bedroom
img003820.jpg,proj/bedroom/img003820.jpg,6,bedroom
img002080.jpg,proj/bedroom/img002080.jpg,6,bedroom
img003776.jpg,proj/bedroom/img003776.jpg,6,bedroom
img003687.jpg,proj/bedroom/img003687.jpg,6,bedroom
img002501.jpg,proj/bedroom/img002501.jpg,6,bedroom
img002040.jpg,proj/bedroom/img002040.jpg,6,bedroom
img003417.jpg,proj/bedroom/img003417.jpg,6,bedroom
img003029.jpg,proj/bedroom/img003029.jpg,6,bedroom
img003219.jpg,proj/bedroom/img003219.jpg,6,bedroom
img002978.jpg,proj/bedroom/img002978.jpg,6,bedroom
img002739.jpg,proj/bedroom/img002739.jpg,6,bedroom
img002821.jpg,proj/bedroom/img002821.jpg,6,bedroom
img002791.jpg,proj/bedroom/img002791.jpg,6,bedroom
img002459.jpg,proj/bedroom/img002459.jpg,6,bedroom
img002887.jpg,proj/bedroom/img002887.jpg,6,bedroom
img002322.jpg,proj/bedroom/img002322.jpg,6,bedroom
img002473.jpg,proj/bedroom/img002473.jpg,6,bedroom
img003907.jpg,proj/bedroom/img003907.jpg,6,bedroom
img003647.jpg,proj/bedroom/img003647.jpg,6,bedroom
img002961.jpg,proj/bedroom/img002961.jpg,6,bedroom
img002135.jpg,proj/bedroom/img002135.jpg,6,bedroom
img003685.jpg,proj/bedroom/img003685.jpg,6,bedroom
img003027.jpg,proj/bedroom/img003027.jpg,6,bedroom
img002634.jpg,proj/bedroom/img002634.jpg,6,bedroom
img003834.jpg,proj/bedroom/img003834.jpg,6,bedroom
img002608.jpg,proj/bedroom/img002608.jpg,6,bedroom
img002593.jpg,proj/bedroom/img002593.jpg,6,bedroom
img003283.jpg,proj/bedroom/img003283.jpg,6,bedroom
img003742.jpg,proj/bedroom/img003742.jpg,6,bedroom
img002045.jpg,proj/bedroom/img002045.jpg,6,bedroom
img003428.jpg,proj/bedroom/img003428.jpg,6,bedroom
img003927.jpg,proj/bedroom/img003927.jpg,6,bedroom
img002586.jpg,proj/bedroom/img002586.jpg,6,bedroom
img002946.jpg,proj/bedroom/img002946.jpg,6,bedroom
img002945.jpg,proj/bedroom/img002945.jpg,6,bedroom
img002937.jpg,proj/bedroom/img002937.jpg,6,bedroom
img003253.jpg,proj/bedroom/img003253.jpg,6,bedroom
img003989.jpg,proj/bedroom/img003989.jpg,6,bedroom
img003254.jpg,proj/bedroom/img003254.jpg,6,bedroom
img003348.jpg,proj/bedroom/img003348.jpg,6,bedroom
img003694.jpg,proj/bedroom/img003694.jpg,6,bedroom
img002426.jpg,proj/bedroom/img002426.jpg,6,bedroom
img002261.jpg,proj/bedroom/img002261.jpg,6,bedroom
img003784.jpg,proj/bedroom/img003784.jpg,6,bedroom
img002843.jpg,proj/bedroom/img002843.jpg,6,bedroom
img003407.jpg,proj/bedroom/img003407.jpg,6,bedroom
img003586.jpg,proj/bedroom/img003586.jpg,6,bedroom
img002026.jpg,proj/bedroom/img002026.jpg,6,bedroom
img003439.jpg,proj/bedroom/img003439.jpg,6,bedroom
img003855.jpg,proj/bedroom/img003855.jpg,6,bedroom
img002452.jpg,proj/bedroom/img002452.jpg,6,bedroom
img002660.jpg,proj/bedroom/img002660.jpg,6,bedroom
img002626.jpg,proj/bedroom/img002626.jpg,6,bedroom
img003917.jpg,proj/bedroom/img003917.jpg,6,bedroom
img003278.jpg,proj/bedroom/img003278.jpg,6,bedroom
img003880.jpg,proj/bedroom/img003880.jpg,6,bedroom
img002632.jpg,proj/bedroom/img002632.jpg,6,bedroom
img002564.jpg,proj/bedroom/img002564.jpg,6,bedroom
img003555.jpg,proj/bedroom/img003555.jpg,6,bedroom
img003549.jpg,proj/bedroom/img003549.jpg,6,bedroom
img002352.jpg,proj/bedroom/img002352.jpg,6,bedroom
img003541.jpg,proj/bedroom/img003541.jpg,6,bedroom
img003186.jpg,proj/bedroom/img003186.jpg,6,bedroom
img003531.jpg,proj/bedroom/img003531.jpg,6,bedroom
img002316.jpg,proj/bedroom/img002316.jpg,6,bedroom
img003055.jpg,proj/bedroom/img003055.jpg,6,bedroom
img002541.jpg,proj/bedroom/img002541.jpg,6,bedroom
img003081.jpg,proj/bedroom/img003081.jpg,6,bedroom
img002514.jpg,proj/bedroom/img002514.jpg,6,bedroom
img002607.jpg,proj/bedroom/img002607.jpg,6,bedroom
img002622.jpg,proj/bedroom/img002622.jpg,6,bedroom
img002384.jpg,proj/bedroom/img002384.jpg,6,bedroom
img003145.jpg,proj/bedroom/img003145.jpg,6,bedroom
img003505.jpg,proj/bedroom/img003505.jpg,6,bedroom
img002805.jpg,proj/bedroom/img002805.jpg,6,bedroom
img003046.jpg,proj/bedroom/img003046.jpg,6,bedroom
img003454.jpg,proj/bedroom/img003454.jpg,6,bedroom
img002390.jpg,proj/bedroom/img002390.jpg,6,bedroom
img003100.jpg,proj/bedroom/img003100.jpg,6,bedroom
img003564.jpg,proj/bedroom/img003564.jpg,6,bedroom
img003493.jpg,proj/bedroom/img003493.jpg,6,bedroom
img003028.jpg,proj/bedroom/img003028.jpg,6,bedroom
img003817.jpg,proj/bedroom/img003817.jpg,6,bedroom
img002220.jpg,proj/bedroom/img002220.jpg,6,bedroom
img002006.jpg,proj/bedroom/img002006.jpg,6,bedroom
img002699.jpg,proj/bedroom/img002699.jpg,6,bedroom
img002380.jpg,proj/bedroom/img002380.jpg,6,bedroom
img003189.jpg,proj/bedroom/img003189.jpg,6,bedroom
img002648.jpg,proj/bedroom/img002648.jpg,6,bedroom
img003612.jpg,proj/bedroom/img003612.jpg,6,bedroom
img002137.jpg,proj/bedroom/img002137.jpg,6,bedroom
img003175.jpg,proj/bedroom/img003175.jpg,6,bedroom
img002891.jpg,proj/bedroom/img002891.jpg,6,bedroom
img003764.jpg,proj/bedroom/img003764.jpg,6,bedroom
img002302.jpg,proj/bedroom/img002302.jpg,6,bedroom
img002881.jpg,proj/bedroom/img002881.jpg,6,bedroom
img003208.jpg,proj/bedroom/img003208.jpg,6,bedroom
img002366.jpg,proj/bedroom/img002366.jpg,6,bedroom
img002419.jpg,proj/bedroom/img002419.jpg,6,bedroom
img003146.jpg,proj/bedroom/img003146.jpg,6,bedroom
img003729.jpg,proj/bedroom/img003729.jpg,6,bedroom
img003943.jpg,proj/bedroom/img003943.jpg,6,bedroom
img003852.jpg,proj/bedroom/img003852.jpg,6,bedroom
img003993.jpg,proj/bedroom/img003993.jpg,6,bedroom
img002513.jpg,proj/bedroom/img002513.jpg,6,bedroom
img003170.jpg,proj/bedroom/img003170.jpg,6,bedroom
img003181.jpg,proj/bedroom/img003181.jpg,6,bedroom
img003652.jpg,proj/bedroom/img003652.jpg,6,bedroom
img002592.jpg,proj/bedroom/img002592.jpg,6,bedroom
img002502.jpg,proj/bedroom/img002502.jpg,6,bedroom
img002331.jpg,proj/bedroom/img002331.jpg,6,bedroom
img003187.jpg,proj/bedroom/img003187.jpg,6,bedroom
img002971.jpg,proj/bedroom/img002971.jpg,6,bedroom
img003691.jpg,proj/bedroom/img003691.jpg,6,bedroom
img003646.jpg,proj/bedroom/img003646.jpg,6,bedroom
img003995.jpg,proj/bedroom/img003995.jpg,6,bedroom
img003342.jpg,proj/bedroom/img003342.jpg,6,bedroom
img003129.jpg,proj/bedroom/img003129.jpg,6,bedroom
img003451.jpg,proj/bedroom/img003451.jpg,6,bedroom
img002289.jpg,proj/bedroom/img002289.jpg,6,bedroom
img003600.jpg,proj/bedroom/img003600.jpg,6,bedroom
img002287.jpg,proj/bedroom/img002287.jpg,6,bedroom
img002070.jpg,proj/bedroom/img002070.jpg,6,bedroom
img003049.jpg,proj/bedroom/img003049.jpg,6,bedroom
img002361.jpg,proj/bedroom/img002361.jpg,6,bedroom
img003424.jpg,proj/bedroom/img003424.jpg,6,bedroom
img002191.jpg,proj/bedroom/img002191.jpg,6,bedroom
img003928.jpg,proj/bedroom/img003928.jpg,6,bedroom
img002847.jpg,proj/bedroom/img002847.jpg,6,bedroom
img003460.jpg,proj/bedroom/img003460.jpg,6,bedroom
img002870.jpg,proj/bedroom/img002870.jpg,6,bedroom
img002929.jpg,proj/bedroom/img002929.jpg,6,bedroom
img003176.jpg,proj/bedroom/img003176.jpg,6,bedroom
img003248.jpg,proj/bedroom/img003248.jpg,6,bedroom
img003319.jpg,proj/bedroom/img003319.jpg,6,bedroom
img003679.jpg,proj/bedroom/img003679.jpg,6,bedroom
img002671.jpg,proj/bedroom/img002671.jpg,6,bedroom
img003036.jpg,proj/bedroom/img003036.jpg,6,bedroom
img003473.jpg,proj/bedroom/img003473.jpg,6,bedroom
img002149.jpg,proj/bedroom/img002149.jpg,6,bedroom
img003908.jpg,proj/bedroom/img003908.jpg,6,bedroom
img003769.jpg,proj/bedroom/img003769.jpg,6,bedroom
img003251.jpg,proj/bedroom/img003251.jpg,6,bedroom
img003309.jpg,proj/bedroom/img003309.jpg,6,bedroom
img003160.jpg,proj/bedroom/img003160.jpg,6,bedroom
img003517.jpg,proj/bedroom/img003517.jpg,6,bedroom
img003058.jpg,proj/bedroom/img003058.jpg,6,bedroom
img002976.jpg,proj/bedroom/img002976.jpg,6,bedroom
img002851.jpg,proj/bedroom/img002851.jpg,6,bedroom
img003285.jpg,proj/bedroom/img003285.jpg,6,bedroom
img002886.jpg,proj/bedroom/img002886.jpg,6,bedroom
img003871.jpg,proj/bedroom/img003871.jpg,6,bedroom
img003200.jpg,proj/bedroom/img003200.jpg,6,bedroom
img003136.jpg,proj/bedroom/img003136.jpg,6,bedroom
img003822.jpg,proj/bedroom/img003822.jpg,6,bedroom
img002666.jpg,proj/bedroom/img002666.jpg,6,bedroom
img002732.jpg,proj/bedroom/img002732.jpg,6,bedroom
img003948.jpg,proj/bedroom/img003948.jpg,6,bedroom
img003548.jpg,proj/bedroom/img003548.jpg,6,bedroom
img002573.jpg,proj/bedroom/img002573.jpg,6,bedroom
img003156.jpg,proj/bedroom/img003156.jpg,6,bedroom
img002985.jpg,proj/bedroom/img002985.jpg,6,bedroom
img002516.jpg,proj/bedroom/img002516.jpg,6,bedroom
img003706.jpg,proj/bedroom/img003706.jpg,6,bedroom
img003224.jpg,proj/bedroom/img003224.jpg,6,bedroom
img002351.jpg,proj/bedroom/img002351.jpg,6,bedroom
img003490.jpg,proj/bedroom/img003490.jpg,6,bedroom
img003422.jpg,proj/bedroom/img003422.jpg,6,bedroom
img002635.jpg,proj/bedroom/img002635.jpg,6,bedroom
img003930.jpg,proj/bedroom/img003930.jpg,6,bedroom
img002145.jpg,proj/bedroom/img002145.jpg,6,bedroom
img002649.jpg,proj/bedroom/img002649.jpg,6,bedroom
img003322.jpg,proj/bedroom/img003322.jpg,6,bedroom
img002071.jpg,proj/bedroom/img002071.jpg,6,bedroom
img002647.jpg,proj/bedroom/img002647.jpg,6,bedroom
img002771.jpg,proj/bedroom/img002771.jpg,6,bedroom
img002332.jpg,proj/bedroom/img002332.jpg,6,bedroom
img002898.jpg,proj/bedroom/img002898.jpg,6,bedroom
img003381.jpg,proj/bedroom/img003381.jpg,6,bedroom
img002224.jpg,proj/bedroom/img002224.jpg,6,bedroom
img002338.jpg,proj/bedroom/img002338.jpg,6,bedroom
img003716.jpg,proj/bedroom/img003716.jpg,6,bedroom
img003650.jpg,proj/bedroom/img003650.jpg,6,bedroom
img003583.jpg,proj/bedroom/img003583.jpg,6,bedroom
img003459.jpg,proj/bedroom/img003459.jpg,6,bedroom
img002910.jpg,proj/bedroom/img002910.jpg,6,bedroom
img002893.jpg,proj/bedroom/img002893.jpg,6,bedroom
img003183.jpg,proj/bedroom/img003183.jpg,6,bedroom
img003640.jpg,proj/bedroom/img003640.jpg,6,bedroom
img003778.jpg,proj/bedroom/img003778.jpg,6,bedroom
img003520.jpg,proj/bedroom/img003520.jpg,6,bedroom
img002349.jpg,proj/bedroom/img002349.jpg,6,bedroom
img003868.jpg,proj/bedroom/img003868.jpg,6,bedroom
img002127.jpg,proj/bedroom/img002127.jpg,6,bedroom
img003558.jpg,proj/bedroom/img003558.jpg,6,bedroom
img002721.jpg,proj/bedroom/img002721.jpg,6,bedroom
img003256.jpg,proj/bedroom/img003256.jpg,6,bedroom
img002365.jpg,proj/bedroom/img002365.jpg,6,bedroom
img002402.jpg,proj/bedroom/img002402.jpg,6,bedroom
img002007.jpg,proj/bedroom/img002007.jpg,6,bedroom
img003144.jpg,proj/bedroom/img003144.jpg,6,bedroom
img002838.jpg,proj/bedroom/img002838.jpg,6,bedroom
img002358.jpg,proj/bedroom/img002358.jpg,6,bedroom
img003938.jpg,proj/bedroom/img003938.jpg,6,bedroom
img002904.jpg,proj/bedroom/img002904.jpg,6,bedroom
img002953.jpg,proj/bedroom/img002953.jpg,6,bedroom
img003378.jpg,proj/bedroom/img003378.jpg,6,bedroom
img002939.jpg,proj/bedroom/img002939.jpg,6,bedroom
img003043.jpg,proj/bedroom/img003043.jpg,6,bedroom
img002073.jpg,proj/bedroom/img002073.jpg,6,bedroom
img002883.jpg,proj/bedroom/img002883.jpg,6,bedroom
img002912.jpg,proj/bedroom/img002912.jpg,6,bedroom
img003986.jpg,proj/bedroom/img003986.jpg,6,bedroom
img002700.jpg,proj/bedroom/img002700.jpg,6,bedroom
img003190.jpg,proj/bedroom/img003190.jpg,6,bedroom
img002587.jpg,proj/bedroom/img002587.jpg,6,bedroom
img003266.jpg,proj/bedroom/img003266.jpg,6,bedroom
img002168.jpg,proj/bedroom/img002168.jpg,6,bedroom
img002645.jpg,proj/bedroom/img002645.jpg,6,bedroom
img002709.jpg,proj/bedroom/img002709.jpg,6,bedroom
img002934.jpg,proj/bedroom/img002934.jpg,6,bedroom
img003496.jpg,proj/bedroom/img003496.jpg,6,bedroom
img003361.jpg,proj/bedroom/img003361.jpg,6,bedroom
img002064.jpg,proj/bedroom/img002064.jpg,6,bedroom
img003078.jpg,proj/bedroom/img003078.jpg,6,bedroom
img002518.jpg,proj/bedroom/img002518.jpg,6,bedroom
img002405.jpg,proj/bedroom/img002405.jpg,6,bedroom
img003323.jpg,proj/bedroom/img003323.jpg,6,bedroom
img002948.jpg,proj/bedroom/img002948.jpg,6,bedroom
img002481.jpg,proj/bedroom/img002481.jpg,6,bedroom
img003693.jpg,proj/bedroom/img003693.jpg,6,bedroom
img002500.jpg,proj/bedroom/img002500.jpg,6,bedroom
img003860.jpg,proj/bedroom/img003860.jpg,6,bedroom
img003352.jpg,proj/bedroom/img003352.jpg,6,bedroom
img002448.jpg,proj/bedroom/img002448.jpg,6,bedroom
img003731.jpg,proj/bedroom/img003731.jpg,6,bedroom
img002903.jpg,proj/bedroom/img002903.jpg,6,bedroom
img003255.jpg,proj/bedroom/img003255.jpg,6,bedroom
img002612.jpg,proj/bedroom/img002612.jpg,6,bedroom
img003047.jpg,proj/bedroom/img003047.jpg,6,bedroom
img002412.jpg,proj/bedroom/img002412.jpg,6,bedroom
img003252.jpg,proj/bedroom/img003252.jpg,6,bedroom
img003274.jpg,proj/bedroom/img003274.jpg,6,bedroom
img002917.jpg,proj/bedroom/img002917.jpg,6,bedroom
img002868.jpg,proj/bedroom/img002868.jpg,6,bedroom
img003371.jpg,proj/bedroom/img003371.jpg,6,bedroom
img002464.jpg,proj/bedroom/img002464.jpg,6,bedroom
img002957.jpg,proj/bedroom/img002957.jpg,6,bedroom
img002994.jpg,proj/bedroom/img002994.jpg,6,bedroom
img003949.jpg,proj/bedroom/img003949.jpg,6,bedroom
img003463.jpg,proj/bedroom/img003463.jpg,6,bedroom
img002693.jpg,proj/bedroom/img002693.jpg,6,bedroom
img003321.jpg,proj/bedroom/img003321.jpg,6,bedroom
img003889.jpg,proj/bedroom/img003889.jpg,6,bedroom
img003068.jpg,proj/bedroom/img003068.jpg,6,bedroom
img003763.jpg,proj/bedroom/img003763.jpg,6,bedroom
img003203.jpg,proj/bedroom/img003203.jpg,6,bedroom
img003272.jpg,proj/bedroom/img003272.jpg,6,bedroom
img003340.jpg,proj/bedroom/img003340.jpg,6,bedroom
img002356.jpg,proj/bedroom/img002356.jpg,6,bedroom
img002033.jpg,proj/bedroom/img002033.jpg,6,bedroom
img003201.jpg,proj/bedroom/img003201.jpg,6,bedroom
img003918.jpg,proj/bedroom/img003918.jpg,6,bedroom
img002002.jpg,proj/bedroom/img002002.jpg,6,bedroom
img003416.jpg,proj/bedroom/img003416.jpg,6,bedroom
img003934.jpg,proj/bedroom/img003934.jpg,6,bedroom
img002247.jpg,proj/bedroom/img002247.jpg,6,bedroom
img003532.jpg,proj/bedroom/img003532.jpg,6,bedroom
img002314.jpg,proj/bedroom/img002314.jpg,6,bedroom
img003751.jpg,proj/bedroom/img003751.jpg,6,bedroom
img002689.jpg,proj/bedroom/img002689.jpg,6,bedroom
img002163.jpg,proj/bedroom/img002163.jpg,6,bedroom
img003222.jpg,proj/bedroom/img003222.jpg,6,bedroom
img002554.jpg,proj/bedroom/img002554.jpg,6,bedroom
img003260.jpg,proj/bedroom/img003260.jpg,6,bedroom
img003974.jpg,proj/bedroom/img003974.jpg,6,bedroom
img003581.jpg,proj/bedroom/img003581.jpg,6,bedroom
img002046.jpg,proj/bedroom/img002046.jpg,6,bedroom
img003191.jpg,proj/bedroom/img003191.jpg,6,bedroom
img002507.jpg,proj/bedroom/img002507.jpg,6,bedroom
img003135.jpg,proj/bedroom/img003135.jpg,6,bedroom
img003614.jpg,proj/bedroom/img003614.jpg,6,bedroom
img003271.jpg,proj/bedroom/img003271.jpg,6,bedroom
img003345.jpg,proj/bedroom/img003345.jpg,6,bedroom
img002207.jpg,proj/bedroom/img002207.jpg,6,bedroom
img003774.jpg,proj/bedroom/img003774.jpg,6,bedroom
img002048.jpg,proj/bedroom/img002048.jpg,6,bedroom
img003298.jpg,proj/bedroom/img003298.jpg,6,bedroom
img003317.jpg,proj/bedroom/img003317.jpg,6,bedroom
img003268.jpg,proj/bedroom/img003268.jpg,6,bedroom
img002394.jpg,proj/bedroom/img002394.jpg,6,bedroom
img002499.jpg,proj/bedroom/img002499.jpg,6,bedroom
img002504.jpg,proj/bedroom/img002504.jpg,6,bedroom
img003833.jpg,proj/bedroom/img003833.jpg,6,bedroom
img002914.jpg,proj/bedroom/img002914.jpg,6,bedroom
img003606.jpg,proj/bedroom/img003606.jpg,6,bedroom
img003543.jpg,proj/bedroom/img003543.jpg,6,bedroom
img002449.jpg,proj/bedroom/img002449.jpg,6,bedroom
img003199.jpg,proj/bedroom/img003199.jpg,6,bedroom
img002712.jpg,proj/bedroom/img002712.jpg,6,bedroom
img002422.jpg,proj/bedroom/img002422.jpg,6,bedroom
img002460.jpg,proj/bedroom/img002460.jpg,6,bedroom
img003965.jpg,proj/bedroom/img003965.jpg,6,bedroom
img002997.jpg,proj/bedroom/img002997.jpg,6,bedroom
img002822.jpg,proj/bedroom/img002822.jpg,6,bedroom
img002557.jpg,proj/bedroom/img002557.jpg,6,bedroom
img003062.jpg,proj/bedroom/img003062.jpg,6,bedroom
img002853.jpg,proj/bedroom/img002853.jpg,6,bedroom
img002060.jpg,proj/bedroom/img002060.jpg,6,bedroom
img003511.jpg,proj/bedroom/img003511.jpg,6,bedroom
img002326.jpg,proj/bedroom/img002326.jpg,6,bedroom
img002458.jpg,proj/bedroom/img002458.jpg,6,bedroom
img002243.jpg,proj/bedroom/img002243.jpg,6,bedroom
img002164.jpg,proj/bedroom/img002164.jpg,6,bedroom
img002374.jpg,proj/bedroom/img002374.jpg,6,bedroom
img002166.jpg,proj/bedroom/img002166.jpg,6,bedroom
img003754.jpg,proj/bedroom/img003754.jpg,6,bedroom
img002453.jpg,proj/bedroom/img002453.jpg,6,bedroom
img002251.jpg,proj/bedroom/img002251.jpg,6,bedroom
img002754.jpg,proj/bedroom/img002754.jpg,6,bedroom
img002563.jpg,proj/bedroom/img002563.jpg,6,bedroom
img002680.jpg,proj/bedroom/img002680.jpg,6,bedroom
img003574.jpg,proj/bedroom/img003574.jpg,6,bedroom
img002832.jpg,proj/bedroom/img002832.jpg,6,bedroom
img002658.jpg,proj/bedroom/img002658.jpg,6,bedroom
img003607.jpg,proj/bedroom/img003607.jpg,6,bedroom
img003653.jpg,proj/bedroom/img003653.jpg,6,bedroom
img002588.jpg,proj/bedroom/img002588.jpg,6,bedroom
img003310.jpg,proj/bedroom/img003310.jpg,6,bedroom
img003696.jpg,proj/bedroom/img003696.jpg,6,bedroom
img003290.jpg,proj/bedroom/img003290.jpg,6,bedroom
img003510.jpg,proj/bedroom/img003510.jpg,6,bedroom
img002702.jpg,proj/bedroom/img002702.jpg,6,bedroom
img003968.jpg,proj/bedroom/img003968.jpg,6,bedroom
img002320.jpg,proj/bedroom/img002320.jpg,6,bedroom
img003719.jpg,proj/bedroom/img003719.jpg,6,bedroom
img002744.jpg,proj/bedroom/img002744.jpg,6,bedroom
img003474.jpg,proj/bedroom/img003474.jpg,6,bedroom
img003207.jpg,proj/bedroom/img003207.jpg,6,bedroom
img003826.jpg,proj/bedroom/img003826.jpg,6,bedroom
img003347.jpg,proj/bedroom/img003347.jpg,6,bedroom
img002052.jpg,proj/bedroom/img002052.jpg,6,bedroom
img002857.jpg,proj/bedroom/img002857.jpg,6,bedroom
img002134.jpg,proj/bedroom/img002134.jpg,6,bedroom
img002155.jpg,proj/bedroom/img002155.jpg,6,bedroom
img002555.jpg,proj/bedroom/img002555.jpg,6,bedroom
img003214.jpg,proj/bedroom/img003214.jpg,6,bedroom
img003418.jpg,proj/bedroom/img003418.jpg,6,bedroom
img002522.jpg,proj/bedroom/img002522.jpg,6,bedroom
img003398.jpg,proj/bedroom/img003398.jpg,6,bedroom
img003877.jpg,proj/bedroom/img003877.jpg,6,bedroom
img003724.jpg,proj/bedroom/img003724.jpg,6,bedroom
img003748.jpg,proj/bedroom/img003748.jpg,6,bedroom
img003610.jpg,proj/bedroom/img003610.jpg,6,bedroom
img002858.jpg,proj/bedroom/img002858.jpg,6,bedroom
img003713.jpg,proj/bedroom/img003713.jpg,6,bedroom
img003504.jpg,proj/bedroom/img003504.jpg,6,bedroom
img002455.jpg,proj/bedroom/img002455.jpg,6,bedroom
img003906.jpg,proj/bedroom/img003906.jpg,6,bedroom
img003284.jpg,proj/bedroom/img003284.jpg,6,bedroom
img003947.jpg,proj/bedroom/img003947.jpg,6,bedroom
img002050.jpg,proj/bedroom/img002050.jpg,6,bedroom
img002097.jpg,proj/bedroom/img002097.jpg,6,bedroom
img003746.jpg,proj/bedroom/img003746.jpg,6,bedroom
img002275.jpg,proj/bedroom/img002275.jpg,6,bedroom
img003365.jpg,proj/bedroom/img003365.jpg,6,bedroom
img002676.jpg,proj/bedroom/img002676.jpg,6,bedroom
img002894.jpg,proj/bedroom/img002894.jpg,6,bedroom
img002996.jpg,proj/bedroom/img002996.jpg,6,bedroom
img002434.jpg,proj/bedroom/img002434.jpg,6,bedroom
img003125.jpg,proj/bedroom/img003125.jpg,6,bedroom
img002240.jpg,proj/bedroom/img002240.jpg,6,bedroom
img002360.jpg,proj/bedroom/img002360.jpg,6,bedroom
img002585.jpg,proj/bedroom/img002585.jpg,6,bedroom
img003018.jpg,proj/bedroom/img003018.jpg,6,bedroom
img002088.jpg,proj/bedroom/img002088.jpg,6,bedroom
img003551.jpg,proj/bedroom/img003551.jpg,6,bedroom
img002842.jpg,proj/bedroom/img002842.jpg,6,bedroom
img003362.jpg,proj/bedroom/img003362.jpg,6,bedroom
img003147.jpg,proj/bedroom/img003147.jpg,6,bedroom
img003377.jpg,proj/bedroom/img003377.jpg,6,bedroom
img003741.jpg,proj/bedroom/img003741.jpg,6,bedroom
img002391.jpg,proj/bedroom/img002391.jpg,6,bedroom
img003083.jpg,proj/bedroom/img003083.jpg,6,bedroom
img003228.jpg,proj/bedroom/img003228.jpg,6,bedroom
img002015.jpg,proj/bedroom/img002015.jpg,6,bedroom
img002034.jpg,proj/bedroom/img002034.jpg,6,bedroom
img003339.jpg,proj/bedroom/img003339.jpg,6,bedroom
img003276.jpg,proj/bedroom/img003276.jpg,6,bedroom
img003060.jpg,proj/bedroom/img003060.jpg,6,bedroom
img003194.jpg,proj/bedroom/img003194.jpg,6,bedroom
img002185.jpg,proj/bedroom/img002185.jpg,6,bedroom
img003593.jpg,proj/bedroom/img003593.jpg,6,bedroom
img003540.jpg,proj/bedroom/img003540.jpg,6,bedroom
img002327.jpg,proj/bedroom/img002327.jpg,6,bedroom
img003497.jpg,proj/bedroom/img003497.jpg,6,bedroom
img002190.jpg,proj/bedroom/img002190.jpg,6,bedroom
img002963.jpg,proj/bedroom/img002963.jpg,6,bedroom
img002840.jpg,proj/bedroom/img002840.jpg,6,bedroom
img002192.jpg,proj/bedroom/img002192.jpg,6,bedroom
img003648.jpg,proj/bedroom/img003648.jpg,6,bedroom
img003976.jpg,proj/bedroom/img003976.jpg,6,bedroom
img002653.jpg,proj/bedroom/img002653.jpg,6,bedroom
img003791.jpg,proj/bedroom/img003791.jpg,6,bedroom
img002173.jpg,proj/bedroom/img002173.jpg,6,bedroom
img003437.jpg,proj/bedroom/img003437.jpg,6,bedroom
img002748.jpg,proj/bedroom/img002748.jpg,6,bedroom
img002129.jpg,proj/bedroom/img002129.jpg,6,bedroom
img003066.jpg,proj/bedroom/img003066.jpg,6,bedroom
img002001.jpg,proj/bedroom/img002001.jpg,6,bedroom
img003575.jpg,proj/bedroom/img003575.jpg,6,bedroom
img003086.jpg,proj/bedroom/img003086.jpg,6,bedroom
img003432.jpg,proj/bedroom/img003432.jpg,6,bedroom
img003979.jpg,proj/bedroom/img003979.jpg,6,bedroom
img003338.jpg,proj/bedroom/img003338.jpg,6,bedroom
img003999.jpg,proj/bedroom/img003999.jpg,6,bedroom
img003702.jpg,proj/bedroom/img003702.jpg,6,bedroom
img003793.jpg,proj/bedroom/img003793.jpg,6,bedroom
img003246.jpg,proj/bedroom/img003246.jpg,6,bedroom
img002215.jpg,proj/bedroom/img002215.jpg,6,bedroom
img003954.jpg,proj/bedroom/img003954.jpg,6,bedroom
img002276.jpg,proj/bedroom/img002276.jpg,6,bedroom
img002271.jpg,proj/bedroom/img002271.jpg,6,bedroom
img002355.jpg,proj/bedroom/img002355.jpg,6,bedroom
img002965.jpg,proj/bedroom/img002965.jpg,6,bedroom
img002204.jpg,proj/bedroom/img002204.jpg,6,bedroom
img003864.jpg,proj/bedroom/img003864.jpg,6,bedroom
img003311.jpg,proj/bedroom/img003311.jpg,6,bedroom
img003249.jpg,proj/bedroom/img003249.jpg,6,bedroom
img002935.jpg,proj/bedroom/img002935.jpg,6,bedroom
img003692.jpg,proj/bedroom/img003692.jpg,6,bedroom
img003922.jpg,proj/bedroom/img003922.jpg,6,bedroom
img003130.jpg,proj/bedroom/img003130.jpg,6,bedroom
img002083.jpg,proj/bedroom/img002083.jpg,6,bedroom
img003804.jpg,proj/bedroom/img003804.jpg,6,bedroom
img002274.jpg,proj/bedroom/img002274.jpg,6,bedroom
img002161.jpg,proj/bedroom/img002161.jpg,6,bedroom
img003508.jpg,proj/bedroom/img003508.jpg,6,bedroom
img003019.jpg,proj/bedroom/img003019.jpg,6,bedroom
img002905.jpg,proj/bedroom/img002905.jpg,6,bedroom
img002463.jpg,proj/bedroom/img002463.jpg,6,bedroom
img003436.jpg,proj/bedroom/img003436.jpg,6,bedroom
img002511.jpg,proj/bedroom/img002511.jpg,6,bedroom
img003425.jpg,proj/bedroom/img003425.jpg,6,bedroom
img003562.jpg,proj/bedroom/img003562.jpg,6,bedroom
img002472.jpg,proj/bedroom/img002472.jpg,6,bedroom
img002295.jpg,proj/bedroom/img002295.jpg,6,bedroom
img002039.jpg,proj/bedroom/img002039.jpg,6,bedroom
img003217.jpg,proj/bedroom/img003217.jpg,6,bedroom
img003401.jpg,proj/bedroom/img003401.jpg,6,bedroom
img003843.jpg,proj/bedroom/img003843.jpg,6,bedroom
img002581.jpg,proj/bedroom/img002581.jpg,6,bedroom
img003809.jpg,proj/bedroom/img003809.jpg,6,bedroom
img002790.jpg,proj/bedroom/img002790.jpg,6,bedroom
img003172.jpg,proj/bedroom/img003172.jpg,6,bedroom
img002737.jpg,proj/bedroom/img002737.jpg,6,bedroom
img002729.jpg,proj/bedroom/img002729.jpg,6,bedroom
img002298.jpg,proj/bedroom/img002298.jpg,6,bedroom
img003830.jpg,proj/bedroom/img003830.jpg,6,bedroom
img002735.jpg,proj/bedroom/img002735.jpg,6,bedroom
img002715.jpg,proj/bedroom/img002715.jpg,6,bedroom
img002212.jpg,proj/bedroom/img002212.jpg,6,bedroom
img002120.jpg,proj/bedroom/img002120.jpg,6,bedroom
img002377.jpg,proj/bedroom/img002377.jpg,6,bedroom
img003518.jpg,proj/bedroom/img003518.jpg,6,bedroom
img003897.jpg,proj/bedroom/img003897.jpg,6,bedroom
img002411.jpg,proj/bedroom/img002411.jpg,6,bedroom
img002175.jpg,proj/bedroom/img002175.jpg,6,bedroom
img002273.jpg,proj/bedroom/img002273.jpg,6,bedroom
img003032.jpg,proj/bedroom/img003032.jpg,6,bedroom
img003794.jpg,proj/bedroom/img003794.jpg,6,bedroom
img002074.jpg,proj/bedroom/img002074.jpg,6,bedroom
img003489.jpg,proj/bedroom/img003489.jpg,6,bedroom
img002028.jpg,proj/bedroom/img002028.jpg,6,bedroom
img003983.jpg,proj/bedroom/img003983.jpg,6,bedroom
img003419.jpg,proj/bedroom/img003419.jpg,6,bedroom
img003448.jpg,proj/bedroom/img003448.jpg,6,bedroom
img002171.jpg,proj/bedroom/img002171.jpg,6,bedroom
img003625.jpg,proj/bedroom/img003625.jpg,6,bedroom
img003053.jpg,proj/bedroom/img003053.jpg,6,bedroom
img003519.jpg,proj/bedroom/img003519.jpg,6,bedroom
img003977.jpg,proj/bedroom/img003977.jpg,6,bedroom
img002719.jpg,proj/bedroom/img002719.jpg,6,bedroom
img003973.jpg,proj/bedroom/img003973.jpg,6,bedroom
img002652.jpg,proj/bedroom/img002652.jpg,6,bedroom
img003913.jpg,proj/bedroom/img003913.jpg,6,bedroom
img002416.jpg,proj/bedroom/img002416.jpg,6,bedroom
img003619.jpg,proj/bedroom/img003619.jpg,6,bedroom
img002278.jpg,proj/bedroom/img002278.jpg,6,bedroom
img002128.jpg,proj/bedroom/img002128.jpg,6,bedroom
img002705.jpg,proj/bedroom/img002705.jpg,6,bedroom
img002788.jpg,proj/bedroom/img002788.jpg,6,bedroom
img002475.jpg,proj/bedroom/img002475.jpg,6,bedroom
img002550.jpg,proj/bedroom/img002550.jpg,6,bedroom
img002334.jpg,proj/bedroom/img002334.jpg,6,bedroom
img002860.jpg,proj/bedroom/img002860.jpg,6,bedroom
img002113.jpg,proj/bedroom/img002113.jpg,6,bedroom
img002730.jpg,proj/bedroom/img002730.jpg,6,bedroom
img003452.jpg,proj/bedroom/img003452.jpg,6,bedroom
img003131.jpg,proj/bedroom/img003131.jpg,6,bedroom
img002836.jpg,proj/bedroom/img002836.jpg,6,bedroom
img002201.jpg,proj/bedroom/img002201.jpg,6,bedroom
img003084.jpg,proj/bedroom/img003084.jpg,6,bedroom
img002877.jpg,proj/bedroom/img002877.jpg,6,bedroom
img002936.jpg,proj/bedroom/img002936.jpg,6,bedroom
img003950.jpg,proj/bedroom/img003950.jpg,6,bedroom
img002786.jpg,proj/bedroom/img002786.jpg,6,bedroom
img002228.jpg,proj/bedroom/img002228.jpg,6,bedroom
img002417.jpg,proj/bedroom/img002417.jpg,6,bedroom
img003878.jpg,proj/bedroom/img003878.jpg,6,bedroom
img003902.jpg,proj/bedroom/img003902.jpg,6,bedroom
img002091.jpg,proj/bedroom/img002091.jpg,6,bedroom
img002738.jpg,proj/bedroom/img002738.jpg,6,bedroom
img003675.jpg,proj/bedroom/img003675.jpg,6,bedroom
img002432.jpg,proj/bedroom/img002432.jpg,6,bedroom
img002019.jpg,proj/bedroom/img002019.jpg,6,bedroom
img003099.jpg,proj/bedroom/img003099.jpg,6,bedroom
img002949.jpg,proj/bedroom/img002949.jpg,6,bedroom
img003427.jpg,proj/bedroom/img003427.jpg,6,bedroom
img002692.jpg,proj/bedroom/img002692.jpg,6,bedroom
img002966.jpg,proj/bedroom/img002966.jpg,6,bedroom
img003453.jpg,proj/bedroom/img003453.jpg,6,bedroom
img003542.jpg,proj/bedroom/img003542.jpg,6,bedroom
img003185.jpg,proj/bedroom/img003185.jpg,6,bedroom
img002195.jpg,proj/bedroom/img002195.jpg,6,bedroom
img002259.jpg,proj/bedroom/img002259.jpg,6,bedroom
img003831.jpg,proj/bedroom/img003831.jpg,6,bedroom
img002956.jpg,proj/bedroom/img002956.jpg,6,bedroom
img003788.jpg,proj/bedroom/img003788.jpg,6,bedroom
img002470.jpg,proj/bedroom/img002470.jpg,6,bedroom
img003404.jpg,proj/bedroom/img003404.jpg,6,bedroom
img004069.jpg,proj/church/img004069.jpg,6,church
img004648.jpg,proj/church/img004648.jpg,6,church
img004213.jpg,proj/church/img004213.jpg,6,church
img005073.jpg,proj/church/img005073.jpg,6,church
img004221.jpg,proj/church/img004221.jpg,6,church
img004962.jpg,proj/church/img004962.jpg,6,church
img004272.jpg,proj/church/img004272.jpg,6,church
img004266.jpg,proj/church/img004266.jpg,6,church
img004212.jpg,proj/church/img004212.jpg,6,church
img005669.jpg,proj/church/img005669.jpg,6,church
img004607.jpg,proj/church/img004607.jpg,6,church
img004639.jpg,proj/church/img004639.jpg,6,church
img004184.jpg,proj/church/img004184.jpg,6,church
img004955.jpg,proj/church/img004955.jpg,6,church
img005411.jpg,proj/church/img005411.jpg,6,church
img004329.jpg,proj/church/img004329.jpg,6,church
img004112.jpg,proj/church/img004112.jpg,6,church
img005296.jpg,proj/church/img005296.jpg,6,church
img005899.jpg,proj/church/img005899.jpg,6,church
img005455.jpg,proj/church/img005455.jpg,6,church
img005743.jpg,proj/church/img005743.jpg,6,church
img005676.jpg,proj/church/img005676.jpg,6,church
img004472.jpg,proj/church/img004472.jpg,6,church
img005337.jpg,proj/church/img005337.jpg,6,church
img005867.jpg,proj/church/img005867.jpg,6,church
img005984.jpg,proj/church/img005984.jpg,6,church
img005936.jpg,proj/church/img005936.jpg,6,church
img005216.jpg,proj/church/img005216.jpg,6,church
img005674.jpg,proj/church/img005674.jpg,6,church
img004220.jpg,proj/church/img004220.jpg,6,church
img004654.jpg,proj/church/img004654.jpg,6,church
img004028.jpg,proj/church/img004028.jpg,6,church
img004801.jpg,proj/church/img004801.jpg,6,church
img004800.jpg,proj/church/img004800.jpg,6,church
img005617.jpg,proj/church/img005617.jpg,6,church
img004598.jpg,proj/church/img004598.jpg,6,church
img004240.jpg,proj/church/img004240.jpg,6,church
img005762.jpg,proj/church/img005762.jpg,6,church
img004396.jpg,proj/church/img004396.jpg,6,church
img004194.jpg,proj/church/img004194.jpg,6,church
img005808.jpg,proj/church/img005808.jpg,6,church
img005945.jpg,proj/church/img005945.jpg,6,church
img004128.jpg,proj/church/img004128.jpg,6,church
img004984.jpg,proj/church/img004984.jpg,6,church
img005959.jpg,proj/church/img005959.jpg,6,church
img005376.jpg,proj/church/img005376.jpg,6,church
img004060.jpg,proj/church/img004060.jpg,6,church
img005496.jpg,proj/church/img005496.jpg,6,church
img005949.jpg,proj/church/img005949.jpg,6,church
img004206.jpg,proj/church/img004206.jpg,6,church
img004692.jpg,proj/church/img004692.jpg,6,church
img005372.jpg,proj/church/img005372.jpg,6,church
img004846.jpg,proj/church/img004846.jpg,6,church
img004313.jpg,proj/church/img004313.jpg,6,church
img005041.jpg,proj/church/img005041.jpg,6,church
img005383.jpg,proj/church/img005383.jpg,6,church
img005664.jpg,proj/church/img005664.jpg,6,church
img005918.jpg,proj/church/img005918.jpg,6,church
img005619.jpg,proj/church/img005619.jpg,6,church
img005256.jpg,proj/church/img005256.jpg,6,church
img005658.jpg,proj/church/img005658.jpg,6,church
img004348.jpg,proj/church/img004348.jpg,6,church
img005685.jpg,proj/church/img005685.jpg,6,church
img005541.jpg,proj/church/img005541.jpg,6,church
img004370.jpg,proj/church/img004370.jpg,6,church
img005077.jpg,proj/church/img005077.jpg,6,church
img005973.jpg,proj/church/img005973.jpg,6,church
img005547.jpg,proj/church/img005547.jpg,6,church
img004493.jpg,proj/church/img004493.jpg,6,church
img005709.jpg,proj/church/img005709.jpg,6,church
img005894.jpg,proj/church/img005894.jpg,6,church
img004075.jpg,proj/church/img004075.jpg,6,church
img005384.jpg,proj/church/img005384.jpg,6,church
img005366.jpg,proj/church/img005366.jpg,6,church
img004899.jpg,proj/church/img004899.jpg,6,church
img005425.jpg,proj/church/img005425.jpg,6,church
img005392.jpg,proj/church/img005392.jpg,6,church
img004026.jpg,proj/church/img004026.jpg,6,church
img004394.jpg,proj/church/img004394.jpg,6,church
img005104.jpg,proj/church/img005104.jpg,6,church
img005815.jpg,proj/church/img005815.jpg,6,church
img005890.jpg,proj/church/img005890.jpg,6,church
img004156.jpg,proj/church/img004156.jpg,6,church
img005531.jpg,proj/church/img005531.jpg,6,church
img005963.jpg,proj/church/img005963.jpg,6,church
img005571.jpg,proj/church/img005571.jpg,6,church
img005259.jpg,proj/church/img005259.jpg,6,church
img005027.jpg,proj/church/img005027.jpg,6,church
img005418.jpg,proj/church/img005418.jpg,6,church
img005243.jpg,proj/church/img005243.jpg,6,church
img005400.jpg,proj/church/img005400.jpg,6,church
img004248.jpg,proj/church/img004248.jpg,6,church
img005555.jpg,proj/church/img005555.jpg,6,church
img005935.jpg,proj/church/img005935.jpg,6,church
img005345.jpg,proj/church/img005345.jpg,6,church
img005591.jpg,proj/church/img005591.jpg,6,church
img005823.jpg,proj/church/img005823.jpg,6,church
img004716.jpg,proj/church/img004716.jpg,6,church
img005896.jpg,proj/church/img005896.jpg,6,church
img005031.jpg,proj/church/img005031.jpg,6,church
img004216.jpg,proj/church/img004216.jpg,6,church
img004943.jpg,proj/church/img004943.jpg,6,church
img004085.jpg,proj/church/img004085.jpg,6,church
img005723.jpg,proj/church/img005723.jpg,6,church
img004959.jpg,proj/church/img004959.jpg,6,church
img005866.jpg,proj/church/img005866.jpg,6,church
img005290.jpg,proj/church/img005290.jpg,6,church
img005240.jpg,proj/church/img005240.jpg,6,church
img005567.jpg,proj/church/img005567.jpg,6,church
img004323.jpg,proj/church/img004323.jpg,6,church
img005977.jpg,proj/church/img005977.jpg,6,church
img004118.jpg,proj/church/img004118.jpg,6,church
img004070.jpg,proj/church/img004070.jpg,6,church
img004710.jpg,proj/church/img004710.jpg,6,church
img005114.jpg,proj/church/img005114.jpg,6,church
img004210.jpg,proj/church/img004210.jpg,6,church
img005532.jpg,proj/church/img005532.jpg,6,church
img005404.jpg,proj/church/img005404.jpg,6,church
img004512.jpg,proj/church/img004512.jpg,6,church
img005643.jpg,proj/church/img005643.jpg,6,church
img004854.jpg,proj/church/img004854.jpg,6,church
img004739.jpg,proj/church/img004739.jpg,6,church
img004730.jpg,proj/church/img004730.jpg,6,church
img005273.jpg,proj/church/img005273.jpg,6,church
img004841.jpg,proj/church/img004841.jpg,6,church
img004895.jpg,proj/church/img004895.jpg,6,church
img004311.jpg,proj/church/img004311.jpg,6,church
img005620.jpg,proj/church/img005620.jpg,6,church
img004487.jpg,proj/church/img004487.jpg,6,church
img004958.jpg,proj/church/img004958.jpg,6,church
img004945.jpg,proj/church/img004945.jpg,6,church
img004207.jpg,proj/church/img004207.jpg,6,church
img004326.jpg,proj/church/img004326.jpg,6,church
img004100.jpg,proj/church/img004100.jpg,6,church
img004470.jpg,proj/church/img004470.jpg,6,church
img004363.jpg,proj/church/img004363.jpg,6,church
img004410.jpg,proj/church/img004410.jpg,6,church
img004977.jpg,proj/church/img004977.jpg,6,church
img005500.jpg,proj/church/img005500.jpg,6,church
img004863.jpg,proj/church/img004863.jpg,6,church
img004620.jpg,proj/church/img004620.jpg,6,church
img004767.jpg,proj/church/img004767.jpg,6,church
img004109.jpg,proj/church/img004109.jpg,6,church
img005180.jpg,proj/church/img005180.jpg,6,church
img004204.jpg,proj/church/img004204.jpg,6,church
img005300.jpg,proj/church/img005300.jpg,6,church
img004273.jpg,proj/church/img004273.jpg,6,church
img004850.jpg,proj/church/img004850.jpg,6,church
img005192.jpg,proj/church/img005192.jpg,6,church
img005880.jpg,proj/church/img005880.jpg,6,church
img004484.jpg,proj/church/img004484.jpg,6,church
img005161.jpg,proj/church/img005161.jpg,6,church
img004807.jpg,proj/church/img004807.jpg,6,church
img004809.jpg,proj/church/img004809.jpg,6,church
img005787.jpg,proj/church/img005787.jpg,6,church
img004954.jpg,proj/church/img004954.jpg,6,church
img005428.jpg,proj/church/img005428.jpg,6,church
img005979.jpg,proj/church/img005979.jpg,6,church
img005254.jpg,proj/church/img005254.jpg,6,church
img004917.jpg,proj/church/img004917.jpg,6,church
img005253.jpg,proj/church/img005253.jpg,6,church
img005453.jpg,proj/church/img005453.jpg,6,church
img004359.jpg,proj/church/img004359.jpg,6,church
img005317.jpg,proj/church/img005317.jpg,6,church
img004975.jpg,proj/church/img004975.jpg,6,church
img005028.jpg,proj/church/img005028.jpg,6,church
img004049.jpg,proj/church/img004049.jpg,6,church
img005631.jpg,proj/church/img005631.jpg,6,church
img005738.jpg,proj/church/img005738.jpg,6,church
img005066.jpg,proj/church/img005066.jpg,6,church
img005960.jpg,proj/church/img005960.jpg,6,church
img005460.jpg,proj/church/img005460.jpg,6,church
img005126.jpg,proj/church/img005126.jpg,6,church
img005605.jpg,proj/church/img005605.jpg,6,church
img004870.jpg,proj/church/img004870.jpg,6,church
img004812.jpg,proj/church/img004812.jpg,6,church
img004005.jpg,proj/church/img004005.jpg,6,church
img004003.jpg,proj/church/img004003.jpg,6,church
img005209.jpg,proj/church/img005209.jpg,6,church
img005233.jpg,proj/church/img005233.jpg,6,church
img004536.jpg,proj/church/img004536.jpg,6,church
img004340.jpg,proj/church/img004340.jpg,6,church
img004460.jpg,proj/church/img004460.jpg,6,church
img004180.jpg,proj/church/img004180.jpg,6,church
img005379.jpg,proj/church/img005379.jpg,6,church
img005944.jpg,proj/church/img005944.jpg,6,church
img005155.jpg,proj/church/img005155.jpg,6,church
img004496.jpg,proj/church/img004496.jpg,6,church
img004919.jpg,proj/church/img004919.jpg,6,church
img004404.jpg,proj/church/img004404.jpg,6,church
img005613.jpg,proj/church/img005613.jpg,6,church
img004632.jpg,proj/church/img004632.jpg,6,church
img005757.jpg,proj/church/img005757.jpg,6,church
img004037.jpg,proj/church/img004037.jpg,6,church
img004878.jpg,proj/church/img004878.jpg,6,church
img004714.jpg,proj/church/img004714.jpg,6,church
img004257.jpg,proj/church/img004257.jpg,6,church
img005255.jpg,proj/church/img005255.jpg,6,church
img004461.jpg,proj/church/img004461.jpg,6,church
img005344.jpg,proj/church/img005344.jpg,6,church
img004915.jpg,proj/church/img004915.jpg,6,church
img004380.jpg,proj/church/img004380.jpg,6,church
img004566.jpg,proj/church/img004566.jpg,6,church
img005236.jpg,proj/church/img005236.jpg,6,church
img005207.jpg,proj/church/img005207.jpg,6,church
img005776.jpg,proj/church/img005776.jpg,6,church
img005318.jpg,proj/church/img005318.jpg,6,church
img004129.jpg,proj/church/img004129.jpg,6,church
img005798.jpg,proj/church/img005798.jpg,6,church
img005438.jpg,proj/church/img005438.jpg,6,church
img005689.jpg,proj/church/img005689.jpg,6,church
img004548.jpg,proj/church/img004548.jpg,6,church
img005562.jpg,proj/church/img005562.jpg,6,church
img005546.jpg,proj/church/img005546.jpg,6,church
img004882.jpg,proj/church/img004882.jpg,6,church
img005829.jpg,proj/church/img005829.jpg,6,church
img005645.jpg,proj/church/img005645.jpg,6,church
img004395.jpg,proj/church/img004395.jpg,6,church
img005047.jpg,proj/church/img005047.jpg,6,church
img004071.jpg,proj/church/img004071.jpg,6,church
img005488.jpg,proj/church/img005488.jpg,6,church
img004504.jpg,proj/church/img004504.jpg,6,church
img005668.jpg,proj/church/img005668.jpg,6,church
img005937.jpg,proj/church/img005937.jpg,6,church
img004543.jpg,proj/church/img004543.jpg,6,church
img004961.jpg,proj/church/img004961.jpg,6,church
img004776.jpg,proj/church/img004776.jpg,6,church
img005266.jpg,proj/church/img005266.jpg,6,church
img005335.jpg,proj/church/img005335.jpg,6,church
img005450.jpg,proj/church/img005450.jpg,6,church
img004251.jpg,proj/church/img004251.jpg,6,church
img004875.jpg,proj/church/img004875.jpg,6,church
img004671.jpg,proj/church/img004671.jpg,6,church
img004341.jpg,proj/church/img004341.jpg,6,church
img004554.jpg,proj/church/img004554.jpg,6,church
img005697.jpg,proj/church/img005697.jpg,6,church
img005330.jpg,proj/church/img005330.jpg,6,church
img005656.jpg,proj/church/img005656.jpg,6,church
img005819.jpg,proj/church/img005819.jpg,6,church
img004012.jpg,proj/church/img004012.jpg,6,church
img004435.jpg,proj/church/img004435.jpg,6,church
img005483.jpg,proj/church/img005483.jpg,6,church
img005394.jpg,proj/church/img005394.jpg,6,church
img005265.jpg,proj/church/img005265.jpg,6,church
img005607.jpg,proj/church/img005607.jpg,6,church
img005961.jpg,proj/church/img005961.jpg,6,church
img004165.jpg,proj/church/img004165.jpg,6,church
img004286.jpg,proj/church/img004286.jpg,6,church
img005783.jpg,proj/church/img005783.jpg,6,church
img004673.jpg,proj/church/img004673.jpg,6,church
img005463.jpg,proj/church/img005463.jpg,6,church
img005533.jpg,proj/church/img005533.jpg,6,church
img004237.jpg,proj/church/img004237.jpg,6,church
img005660.jpg,proj/church/img005660.jpg,6,church
img004224.jpg,proj/church/img004224.jpg,6,church
img004144.jpg,proj/church/img004144.jpg,6,church
img005720.jpg,proj/church/img005720.jpg,6,church
img005766.jpg,proj/church/img005766.jpg,6,church
img005502.jpg,proj/church/img005502.jpg,6,church
img004718.jpg,proj/church/img004718.jpg,6,church
img004339.jpg,proj/church/img004339.jpg,6,church
img004489.jpg,proj/church/img004489.jpg,6,church
img005174.jpg,proj/church/img005174.jpg,6,church
img004167.jpg,proj/church/img004167.jpg,6,church
img004579.jpg,proj/church/img004579.jpg,6,church
img005267.jpg,proj/church/img005267.jpg,6,church
img004203.jpg,proj/church/img004203.jpg,6,church
img004260.jpg,proj/church/img004260.jpg,6,church
img005134.jpg,proj/church/img005134.jpg,6,church
img004236.jpg,proj/church/img004236.jpg,6,church
img005154.jpg,proj/church/img005154.jpg,6,church
img005343.jpg,proj/church/img005343.jpg,6,church
img005293.jpg,proj/church/img005293.jpg,6,church
img004417.jpg,proj/church/img004417.jpg,6,church
img004830.jpg,proj/church/img004830.jpg,6,church
img005437.jpg,proj/church/img005437.jpg,6,church
img005058.jpg,proj/church/img005058.jpg,6,church
img005595.jpg,proj/church/img005595.jpg,6,church
img004982.jpg,proj/church/img004982.jpg,6,church
img004098.jpg,proj/church/img004098.jpg,6,church
img004353.jpg,proj/church/img004353.jpg,6,church
img004147.jpg,proj/church/img004147.jpg,6,church
img004719.jpg,proj/church/img004719.jpg,6,church
img004747.jpg,proj/church/img004747.jpg,6,church
img004357.jpg,proj/church/img004357.jpg,6,church
img004896.jpg,proj/church/img004896.jpg,6,church
img005755.jpg,proj/church/img005755.jpg,6,church
img005665.jpg,proj/church/img005665.jpg,6,church
img004611.jpg,proj/church/img004611.jpg,6,church
img004032.jpg,proj/church/img004032.jpg,6,church
img004027.jpg,proj/church/img004027.jpg,6,church
img005112.jpg,proj/church/img005112.jpg,6,church
img004627.jpg,proj/church/img004627.jpg,6,church
img005078.jpg,proj/church/img005078.jpg,6,church
img004447.jpg,proj/church/img004447.jpg,6,church
img004494.jpg,proj/church/img004494.jpg,6,church
img004006.jpg,proj/church/img004006.jpg,6,church
img005741.jpg,proj/church/img005741.jpg,6,church
img005356.jpg,proj/church/img005356.jpg,6,church
img005401.jpg,proj/church/img005401.jpg,6,church
img005221.jpg,proj/church/img005221.jpg,6,church
img004623.jpg,proj/church/img004623.jpg,6,church
img005039.jpg,proj/church/img005039.jpg,6,church
img005517.jpg,proj/church/img005517.jpg,6,church
img005212.jpg,proj/church/img005212.jpg,6,church
img005147.jpg,proj/church/img005147.jpg,6,church
img004682.jpg,proj/church/img004682.jpg,6,church
img004519.jpg,proj/church/img004519.jpg,6,church
img005572.jpg,proj/church/img005572.jpg,6,church
img005281.jpg,proj/church/img005281.jpg,6,church
img005145.jpg,proj/church/img005145.jpg,6,church
img005548.jpg,proj/church/img005548.jpg,6,church
img005563.jpg,proj/church/img005563.jpg,6,church
img005919.jpg,proj/church/img005919.jpg,6,church
img004711.jpg,proj/church/img004711.jpg,6,church
img004752.jpg,proj/church/img004752.jpg,6,church
img005962.jpg,proj/church/img005962.jpg,6,church
img005080.jpg,proj/church/img005080.jpg,6,church
img004105.jpg,proj/church/img004105.jpg,6,church
img004242.jpg,proj/church/img004242.jpg,6,church
img005019.jpg,proj/church/img005019.jpg,6,church
img005710.jpg,proj/church/img005710.jpg,6,church
img005525.jpg,proj/church/img005525.jpg,6,church
img005842.jpg,proj/church/img005842.jpg,6,church
img004914.jpg,proj/church/img004914.jpg,6,church
img004292.jpg,proj/church/img004292.jpg,6,church
img005670.jpg,proj/church/img005670.jpg,6,church
img004647.jpg,proj/church/img004647.jpg,6,church
img004021.jpg,proj/church/img004021.jpg,6,church
img005164.jpg,proj/church/img005164.jpg,6,church
img005807.jpg,proj/church/img005807.jpg,6,church
img005559.jpg,proj/church/img005559.jpg,6,church
img004389.jpg,proj/church/img004389.jpg,6,church
img004546.jpg,proj/church/img004546.jpg,6,church
img005761.jpg,proj/church/img005761.jpg,6,church
img005893.jpg,proj/church/img005893.jpg,6,church
img005257.jpg,proj/church/img005257.jpg,6,church
img004319.jpg,proj/church/img004319.jpg,6,church
img005588.jpg,proj/church/img005588.jpg,6,church
img005577.jpg,proj/church/img005577.jpg,6,church
img004941.jpg,proj/church/img004941.jpg,6,church
img005925.jpg,proj/church/img005925.jpg,6,church
img005825.jpg,proj/church/img005825.jpg,6,church
img005917.jpg,proj/church/img005917.jpg,6,church
img004483.jpg,proj/church/img004483.jpg,6,church
img004677.jpg,proj/church/img004677.jpg,6,church
img004754.jpg,proj/church/img004754.jpg,6,church
img004201.jpg,proj/church/img004201.jpg,6,church
img004016.jpg,proj/church/img004016.jpg,6,church
img005275.jpg,proj/church/img005275.jpg,6,church
img005424.jpg,proj/church/img005424.jpg,6,church
img005122.jpg,proj/church/img005122.jpg,6,church
img004798.jpg,proj/church/img004798.jpg,6,church
img004791.jpg,proj/church/img004791.jpg,6,church
img004089.jpg,proj/church/img004089.jpg,6,church
img005659.jpg,proj/church/img005659.jpg,6,church
img005817.jpg,proj/church/img005817.jpg,6,church
img005313.jpg,proj/church/img005313.jpg,6,church
img005556.jpg,proj/church/img005556.jpg,6,church
img005535.jpg,proj/church/img005535.jpg,6,church
img005280.jpg,proj/church/img005280.jpg,6,church
img004503.jpg,proj/church/img004503.jpg,6,church
img005495.jpg,proj/church/img005495.jpg,6,church
img005361.jpg,proj/church/img005361.jpg,6,church
img005098.jpg,proj/church/img005098.jpg,6,church
img004072.jpg,proj/church/img004072.jpg,6,church
img004751.jpg,proj/church/img004751.jpg,6,church
img005874.jpg,proj/church/img005874.jpg,6,church
img004678.jpg,proj/church/img004678.jpg,6,church
img004232.jpg,proj/church/img004232.jpg,6,church
img004084.jpg,proj/church/img004084.jpg,6,church
img004344.jpg,proj/church/img004344.jpg,6,church
img005628.jpg,proj/church/img005628.jpg,6,church
img005731.jpg,proj/church/img005731.jpg,6,church
img004946.jpg,proj/church/img004946.jpg,6,church
img004422.jpg,proj/church/img004422.jpg,6,church
img005226.jpg,proj/church/img005226.jpg,6,church
img005753.jpg,proj/church/img005753.jpg,6,church
img005606.jpg,proj/church/img005606.jpg,6,church
img004990.jpg,proj/church/img004990.jpg,6,church
img004690.jpg,proj/church/img004690.jpg,6,church
img004879.jpg,proj/church/img004879.jpg,6,church
img005549.jpg,proj/church/img005549.jpg,6,church
img005238.jpg,proj/church/img005238.jpg,6,church
img004936.jpg,proj/church/img004936.jpg,6,church
img004478.jpg,proj/church/img004478.jpg,6,church
img005603.jpg,proj/church/img005603.jpg,6,church
img004661.jpg,proj/church/img004661.jpg,6,church
img005200.jpg,proj/church/img005200.jpg,6,church
img005431.jpg,proj/church/img005431.jpg,6,church
img004532.jpg,proj/church/img004532.jpg,6,church
img005299.jpg,proj/church/img005299.jpg,6,church
img004864.jpg,proj/church/img004864.jpg,6,church
img005690.jpg,proj/church/img005690.jpg,6,church
img005264.jpg,proj/church/img005264.jpg,6,church
img004249.jpg,proj/church/img004249.jpg,6,church
img004723.jpg,proj/church/img004723.jpg,6,church
img004029.jpg,proj/church/img004029.jpg,6,church
img004333.jpg,proj/church/img004333.jpg,6,church
img005276.jpg,proj/church/img005276.jpg,6,church
img005891.jpg,proj/church/img005891.jpg,6,church
img004136.jpg,proj/church/img004136.jpg,6,church
img004234.jpg,proj/church/img004234.jpg,6,church
img005609.jpg,proj/church/img005609.jpg,6,church
img004301.jpg,proj/church/img004301.jpg,6,church
img004596.jpg,proj/church/img004596.jpg,6,church
img004371.jpg,proj/church/img004371.jpg,6,church
img005355.jpg,proj/church/img005355.jpg,6,church
img004490.jpg,proj/church/img004490.jpg,6,church
img005625.jpg,proj/church/img005625.jpg,6,church
img004314.jpg,proj/church/img004314.jpg,6,church
img005705.jpg,proj/church/img005705.jpg,6,church
img005999.jpg,proj/church/img005999.jpg,6,church
img005641.jpg,proj/church/img005641.jpg,6,church
img005046.jpg,proj/church/img005046.jpg,6,church
img004663.jpg,proj/church/img004663.jpg,6,church
img005354.jpg,proj/church/img005354.jpg,6,church
img004409.jpg,proj/church/img004409.jpg,6,church
img004651.jpg,proj/church/img004651.jpg,6,church
img004533.jpg,proj/church/img004533.jpg,6,church
img005085.jpg,proj/church/img005085.jpg,6,church
img004629.jpg,proj/church/img004629.jpg,6,church
img004030.jpg,proj/church/img004030.jpg,6,church
img005244.jpg,proj/church/img005244.jpg,6,church
img004079.jpg,proj/church/img004079.jpg,6,church
img004749.jpg,proj/church/img004749.jpg,6,church
img004997.jpg,proj/church/img004997.jpg,6,church
img005234.jpg,proj/church/img005234.jpg,6,church
img005349.jpg,proj/church/img005349.jpg,6,church
img005439.jpg,proj/church/img005439.jpg,6,church
img004023.jpg,proj/church/img004023.jpg,6,church
img004738.jpg,proj/church/img004738.jpg,6,church
img004763.jpg,proj/church/img004763.jpg,6,church
img004937.jpg,proj/church/img004937.jpg,6,church
img004947.jpg,proj/church/img004947.jpg,6,church
img004775.jpg,proj/church/img004775.jpg,6,church
img004781.jpg,proj/church/img004781.jpg,6,church
img005332.jpg,proj/church/img005332.jpg,6,church
img005232.jpg,proj/church/img005232.jpg,6,church
img004978.jpg,proj/church/img004978.jpg,6,church
img004727.jpg,proj/church/img004727.jpg,6,church
img004698.jpg,proj/church/img004698.jpg,6,church
img004909.jpg,proj/church/img004909.jpg,6,church
img005592.jpg,proj/church/img005592.jpg,6,church
img004108.jpg,proj/church/img004108.jpg,6,church
img004295.jpg,proj/church/img004295.jpg,6,church
img005590.jpg,proj/church/img005590.jpg,6,church
img005390.jpg,proj/church/img005390.jpg,6,church
img005943.jpg,proj/church/img005943.jpg,6,church
img004672.jpg,proj/church/img004672.jpg,6,church
img005687.jpg,proj/church/img005687.jpg,6,church
img004430.jpg,proj/church/img004430.jpg,6,church
img004903.jpg,proj/church/img004903.jpg,6,church
img004868.jpg,proj/church/img004868.jpg,6,church
img005213.jpg,proj/church/img005213.jpg,6,church
img005929.jpg,proj/church/img005929.jpg,6,church
img005511.jpg,proj/church/img005511.jpg,6,church
img005306.jpg,proj/church/img005306.jpg,6,church
img005561.jpg,proj/church/img005561.jpg,6,church
img004080.jpg,proj/church/img004080.jpg,6,church
img005393.jpg,proj/church/img005393.jpg,6,church
img005326.jpg,proj/church/img005326.jpg,6,church
img005099.jpg,proj/church/img005099.jpg,6,church
img004785.jpg,proj/church/img004785.jpg,6,church
img004013.jpg,proj/church/img004013.jpg,6,church
img004497.jpg,proj/church/img004497.jpg,6,church
img005904.jpg,proj/church/img005904.jpg,6,church
img004929.jpg,proj/church/img004929.jpg,6,church
img005111.jpg,proj/church/img005111.jpg,6,church
img005672.jpg,proj/church/img005672.jpg,6,church
img005477.jpg,proj/church/img005477.jpg,6,church
img004466.jpg,proj/church/img004466.jpg,6,church
img004526.jpg,proj/church/img004526.jpg,6,church
img005642.jpg,proj/church/img005642.jpg,6,church
img005447.jpg,proj/church/img005447.jpg,6,church
img005083.jpg,proj/church/img005083.jpg,6,church
img005849.jpg,proj/church/img005849.jpg,6,church
img005765.jpg,proj/church/img005765.jpg,6,church
img005303.jpg,proj/church/img005303.jpg,6,church
img004845.jpg,proj/church/img004845.jpg,6,church
img005136.jpg,proj/church/img005136.jpg,6,church
img005692.jpg,proj/church/img005692.jpg,6,church
img004557.jpg,proj/church/img004557.jpg,6,church
img004331.jpg,proj/church/img004331.jpg,6,church
img004691.jpg,proj/church/img004691.jpg,6,church
img004932.jpg,proj/church/img004932.jpg,6,church
img004734.jpg,proj/church/img004734.jpg,6,church
img004844.jpg,proj/church/img004844.jpg,6,church
img005370.jpg,proj/church/img005370.jpg,6,church
img005519.jpg,proj/church/img005519.jpg,6,church
img004186.jpg,proj/church/img004186.jpg,6,church
img004155.jpg,proj/church/img004155.jpg,6,church
img004799.jpg,proj/church/img004799.jpg,6,church
img005942.jpg,proj/church/img005942.jpg,6,church
img004544.jpg,proj/church/img004544.jpg,6,church
img005063.jpg,proj/church/img005063.jpg,6,church
img005965.jpg,proj/church/img005965.jpg,6,church
img004040.jpg,proj/church/img004040.jpg,6,church
img004342.jpg,proj/church/img004342.jpg,6,church
img005800.jpg,proj/church/img005800.jpg,6,church
img005839.jpg,proj/church/img005839.jpg,6,church
img004041.jpg,proj/church/img004041.jpg,6,church
img004467.jpg,proj/church/img004467.jpg,6,church
img005295.jpg,proj/church/img005295.jpg,6,church
img004024.jpg,proj/church/img004024.jpg,6,church
img004911.jpg,proj/church/img004911.jpg,6,church
img005673.jpg,proj/church/img005673.jpg,6,church
img005683.jpg,proj/church/img005683.jpg,6,church
img005522.jpg,proj/church/img005522.jpg,6,church
img004208.jpg,proj/church/img004208.jpg,6,church
img005810.jpg,proj/church/img005810.jpg,6,church
img004576.jpg,proj/church/img004576.jpg,6,church
img004581.jpg,proj/church/img004581.jpg,6,church
img005968.jpg,proj/church/img005968.jpg,6,church
img005744.jpg,proj/church/img005744.jpg,6,church
img005700.jpg,proj/church/img005700.jpg,6,church
img005201.jpg,proj/church/img005201.jpg,6,church
img004641.jpg,proj/church/img004641.jpg,6,church
img004463.jpg,proj/church/img004463.jpg,6,church
img004428.jpg,proj/church/img004428.jpg,6,church
img005947.jpg,proj/church/img005947.jpg,6,church
img004106.jpg,proj/church/img004106.jpg,6,church
img005662.jpg,proj/church/img005662.jpg,6,church
img004334.jpg,proj/church/img004334.jpg,6,church
img005386.jpg,proj/church/img005386.jpg,6,church
img005059.jpg,proj/church/img005059.jpg,6,church
img004726.jpg,proj/church/img004726.jpg,6,church
img004364.jpg,proj/church/img004364.jpg,6,church
img004789.jpg,proj/church/img004789.jpg,6,church
img004052.jpg,proj/church/img004052.jpg,6,church
img004787.jpg,proj/church/img004787.jpg,6,church
img004429.jpg,proj/church/img004429.jpg,6,church
img005688.jpg,proj/church/img005688.jpg,6,church
img005978.jpg,proj/church/img005978.jpg,6,church
img004450.jpg,proj/church/img004450.jpg,6,church
img005380.jpg,proj/church/img005380.jpg,6,church
img004743.jpg,proj/church/img004743.jpg,6,church
img005331.jpg,proj/church/img005331.jpg,6,church
img004094.jpg,proj/church/img004094.jpg,6,church
img004279.jpg,proj/church/img004279.jpg,6,church
img004599.jpg,proj/church/img004599.jpg,6,church
img005347.jpg,proj/church/img005347.jpg,6,church
img004531.jpg,proj/church/img004531.jpg,6,church
img005263.jpg,proj/church/img005263.jpg,6,church
img004229.jpg,proj/church/img004229.jpg,6,church
img004956.jpg,proj/church/img004956.jpg,6,church
img005830.jpg,proj/church/img005830.jpg,6,church
img004515.jpg,proj/church/img004515.jpg,6,church
img005714.jpg,proj/church/img005714.jpg,6,church
img005159.jpg,proj/church/img005159.jpg,6,church
img005121.jpg,proj/church/img005121.jpg,6,church
img004393.jpg,proj/church/img004393.jpg,6,church
img005568.jpg,proj/church/img005568.jpg,6,church
img005049.jpg,proj/church/img005049.jpg,6,church
img005618.jpg,proj/church/img005618.jpg,6,church
img004759.jpg,proj/church/img004759.jpg,6,church
img005185.jpg,proj/church/img005185.jpg,6,church
img005040.jpg,proj/church/img005040.jpg,6,church
img005921.jpg,proj/church/img005921.jpg,6,church
img005260.jpg,proj/church/img005260.jpg,6,church
img004073.jpg,proj/church/img004073.jpg,6,church
img004939.jpg,proj/church/img004939.jpg,6,church
img005360.jpg,proj/church/img005360.jpg,6,church
img004124.jpg,proj/church/img004124.jpg,6,church
img004200.jpg,proj/church/img004200.jpg,6,church
img005795.jpg,proj/church/img005795.jpg,6,church
img004740.jpg,proj/church/img004740.jpg,6,church
img005153.jpg,proj/church/img005153.jpg,6,church
img005327.jpg,proj/church/img005327.jpg,6,church
img005850.jpg,proj/church/img005850.jpg,6,church
img004826.jpg,proj/church/img004826.jpg,6,church
img004097.jpg,proj/church/img004097.jpg,6,church
img005440.jpg,proj/church/img005440.jpg,6,church
img005903.jpg,proj/church/img005903.jpg,6,church
img004163.jpg,proj/church/img004163.jpg,6,church
img004817.jpg,proj/church/img004817.jpg,6,church
img004808.jpg,proj/church/img004808.jpg,6,church
img005806.jpg,proj/church/img005806.jpg,6,church
img005135.jpg,proj/church/img005135.jpg,6,church
img005396.jpg,proj/church/img005396.jpg,6,church
img005802.jpg,proj/church/img005802.jpg,6,church
img004290.jpg,proj/church/img004290.jpg,6,church
img005364.jpg,proj/church/img005364.jpg,6,church
img005574.jpg,proj/church/img005574.jpg,6,church
img005818.jpg,proj/church/img005818.jpg,6,church
img005412.jpg,proj/church/img005412.jpg,6,church
img004893.jpg,proj/church/img004893.jpg,6,church
img004046.jpg,proj/church/img004046.jpg,6,church
img004078.jpg,proj/church/img004078.jpg,6,church
img005203.jpg,proj/church/img005203.jpg,6,church
img004813.jpg,proj/church/img004813.jpg,6,church
img005118.jpg,proj/church/img005118.jpg,6,church
img004940.jpg,proj/church/img004940.jpg,6,church
img004518.jpg,proj/church/img004518.jpg,6,church
img005719.jpg,proj/church/img005719.jpg,6,church
img004392.jpg,proj/church/img004392.jpg,6,church
img005564.jpg,proj/church/img005564.jpg,6,church
img005194.jpg,proj/church/img005194.jpg,6,church
img005182.jpg,proj/church/img005182.jpg,6,church
img004635.jpg,proj/church/img004635.jpg,6,church
img005708.jpg,proj/church/img005708.jpg,6,church
img004529.jpg,proj/church/img004529.jpg,6,church
img005926.jpg,proj/church/img005926.jpg,6,church
img004346.jpg,proj/church/img004346.jpg,6,church
img005611.jpg,proj/church/img005611.jpg,6,church
img005311.jpg,proj/church/img005311.jpg,6,church
img004657.jpg,proj/church/img004657.jpg,6,church
img005022.jpg,proj/church/img005022.jpg,6,church
img005365.jpg,proj/church/img005365.jpg,6,church
img004246.jpg,proj/church/img004246.jpg,6,church
img005721.jpg,proj/church/img005721.jpg,6,church
img005969.jpg,proj/church/img005969.jpg,6,church
img004981.jpg,proj/church/img004981.jpg,6,church
img004218.jpg,proj/church/img004218.jpg,6,church
img005730.jpg,proj/church/img005730.jpg,6,church
img004090.jpg,proj/church/img004090.jpg,6,church
img005100.jpg,proj/church/img005100.jpg,6,church
img004980.jpg,proj/church/img004980.jpg,6,church
img005863.jpg,proj/church/img005863.jpg,6,church
img005277.jpg,proj/church/img005277.jpg,6,church
img005124.jpg,proj/church/img005124.jpg,6,church
img004923.jpg,proj/church/img004923.jpg,6,church
img005050.jpg,proj/church/img005050.jpg,6,church
img004058.jpg,proj/church/img004058.jpg,6,church
img005498.jpg,proj/church/img005498.jpg,6,church
img005328.jpg,proj/church/img005328.jpg,6,church
img004387.jpg,proj/church/img004387.jpg,6,church
img005348.jpg,proj/church/img005348.jpg,6,church
img005166.jpg,proj/church/img005166.jpg,6,church
img004223.jpg,proj/church/img004223.jpg,6,church
img004262.jpg,proj/church/img004262.jpg,6,church
img005932.jpg,proj/church/img005932.jpg,6,church
img004829.jpg,proj/church/img004829.jpg,6,church
img004159.jpg,proj/church/img004159.jpg,6,church
img004643.jpg,proj/church/img004643.jpg,6,church
img004123.jpg,proj/church/img004123.jpg,6,church
img005341.jpg,proj/church/img005341.jpg,6,church
img005986.jpg,proj/church/img005986.jpg,6,church
img004567.jpg,proj/church/img004567.jpg,6,church
img005130.jpg,proj/church/img005130.jpg,6,church
img004091.jpg,proj/church/img004091.jpg,6,church
img005865.jpg,proj/church/img005865.jpg,6,church
img004050.jpg,proj/church/img004050.jpg,6,church
img004354.jpg,proj/church/img004354.jpg,6,church
img005377.jpg,proj/church/img005377.jpg,6,church
img004444.jpg,proj/church/img004444.jpg,6,church
img005725.jpg,proj/church/img005725.jpg,6,church
img004659.jpg,proj/church/img004659.jpg,6,church
img004402.jpg,proj/church/img004402.jpg,6,church
img005035.jpg,proj/church/img005035.jpg,6,church
img004082.jpg,proj/church/img004082.jpg,6,church
img005241.jpg,proj/church/img005241.jpg,6,church
img005845.jpg,proj/church/img005845.jpg,6,church
img005110.jpg,proj/church/img005110.jpg,6,church
img005037.jpg,proj/church/img005037.jpg,6,church
img004910.jpg,proj/church/img004910.jpg,6,church
img004866.jpg,proj/church/img004866.jpg,6,church
img004838.jpg,proj/church/img004838.jpg,6,church
img005826.jpg,proj/church/img005826.jpg,6,church
img005578.jpg,proj/church/img005578.jpg,6,church
img004278.jpg,proj/church/img004278.jpg,6,church
img004182.jpg,proj/church/img004182.jpg,6,church
img004141.jpg,proj/church/img004141.jpg,6,church
img004293.jpg,proj/church/img004293.jpg,6,church
img005444.jpg,proj/church/img005444.jpg,6,church
img005939.jpg,proj/church/img005939.jpg,6,church
img004390.jpg,proj/church/img004390.jpg,6,church
img004269.jpg,proj/church/img004269.jpg,6,church
img004349.jpg,proj/church/img004349.jpg,6,church
img004382.jpg,proj/church/img004382.jpg,6,church
img004307.jpg,proj/church/img004307.jpg,6,church
img005851.jpg,proj/church/img005851.jpg,6,church
img004797.jpg,proj/church/img004797.jpg,6,church
img005953.jpg,proj/church/img005953.jpg,6,church
img005770.jpg,proj/church/img005770.jpg,6,church
img005873.jpg,proj/church/img005873.jpg,6,church
img005616.jpg,proj/church/img005616.jpg,6,church
img005097.jpg,proj/church/img005097.jpg,6,church
img004356.jpg,proj/church/img004356.jpg,6,church
img004256.jpg,proj/church/img004256.jpg,6,church
img004687.jpg,proj/church/img004687.jpg,6,church
img005521.jpg,proj/church/img005521.jpg,6,church
img004558.jpg,proj/church/img004558.jpg,6,church
img005566.jpg,proj/church/img005566.jpg,6,church
img005704.jpg,proj/church/img005704.jpg,6,church
img005434.jpg,proj/church/img005434.jpg,6,church
img004769.jpg,proj/church/img004769.jpg,6,church
img005060.jpg,proj/church/img005060.jpg,6,church
img005911.jpg,proj/church/img005911.jpg,6,church
img004059.jpg,proj/church/img004059.jpg,6,church
img005992.jpg,proj/church/img005992.jpg,6,church
img004458.jpg,proj/church/img004458.jpg,6,church
img004009.jpg,proj/church/img004009.jpg,6,church
img004736.jpg,proj/church/img004736.jpg,6,church
img005109.jpg,proj/church/img005109.jpg,6,church
img004542.jpg,proj/church/img004542.jpg,6,church
img004379.jpg,proj/church/img004379.jpg,6,church
img005584.jpg,proj/church/img005584.jpg,6,church
img004545.jpg,proj/church/img004545.jpg,6,church
img004735.jpg,proj/church/img004735.jpg,6,church
img005972.jpg,proj/church/img005972.jpg,6,church
img004398.jpg,proj/church/img004398.jpg,6,church
img004605.jpg,proj/church/img004605.jpg,6,church
img004035.jpg,proj/church/img004035.jpg,6,church
img004309.jpg,proj/church/img004309.jpg,6,church
img005933.jpg,proj/church/img005933.jpg,6,church
img004871.jpg,proj/church/img004871.jpg,6,church
img004369.jpg,proj/church/img004369.jpg,6,church
img004549.jpg,proj/church/img004549.jpg,6,church
img004491.jpg,proj/church/img004491.jpg,6,church
img004226.jpg,proj/church/img004226.jpg,6,church
img005654.jpg,proj/church/img005654.jpg,6,church
img004215.jpg,proj/church/img004215.jpg,6,church
img005681.jpg,proj/church/img005681.jpg,6,church
img005988.jpg,proj/church/img005988.jpg,6,church
img005859.jpg,proj/church/img005859.jpg,6,church
img005426.jpg,proj/church/img005426.jpg,6,church
img005487.jpg,proj/church/img005487.jpg,6,church
img005966.jpg,proj/church/img005966.jpg,6,church
img005737.jpg,proj/church/img005737.jpg,6,church
img004664.jpg,proj/church/img004664.jpg,6,church
img005824.jpg,proj/church/img005824.jpg,6,church
img004949.jpg,proj/church/img004949.jpg,6,church
img004271.jpg,proj/church/img004271.jpg,6,church
img005569.jpg,proj/church/img005569.jpg,6,church
img004205.jpg,proj/church/img004205.jpg,6,church
img004625.jpg,proj/church/img004625.jpg,6,church
img004166.jpg,proj/church/img004166.jpg,6,church
img005791.jpg,proj/church/img005791.jpg,6,church
img004541.jpg,proj/church/img004541.jpg,6,church
img005742.jpg,proj/church/img005742.jpg,6,church
img005788.jpg,proj/church/img005788.jpg,6,church
img004924.jpg,proj/church/img004924.jpg,6,church
img004377.jpg,proj/church/img004377.jpg,6,church
img005139.jpg,proj/church/img005139.jpg,6,church
img005785.jpg,proj/church/img005785.jpg,6,church
img004669.jpg,proj/church/img004669.jpg,6,church
img004067.jpg,proj/church/img004067.jpg,6,church
img005813.jpg,proj/church/img005813.jpg,6,church
img005012.jpg,proj/church/img005012.jpg,6,church
img004145.jpg,proj/church/img004145.jpg,6,church
img005884.jpg,proj/church/img005884.jpg,6,church
img004748.jpg,proj/church/img004748.jpg,6,church
img005142.jpg,proj/church/img005142.jpg,6,church
img004535.jpg,proj/church/img004535.jpg,6,church
img005374.jpg,proj/church/img005374.jpg,6,church
img005308.jpg,proj/church/img005308.jpg,6,church
img004000.jpg,proj/church/img004000.jpg,6,church
img004762.jpg,proj/church/img004762.jpg,6,church
img004385.jpg,proj/church/img004385.jpg,6,church
img005352.jpg,proj/church/img005352.jpg,6,church
img004488.jpg,proj/church/img004488.jpg,6,church
img005527.jpg,proj/church/img005527.jpg,6,church
img005711.jpg,proj/church/img005711.jpg,6,church
img005456.jpg,proj/church/img005456.jpg,6,church
img004928.jpg,proj/church/img004928.jpg,6,church
img004227.jpg,proj/church/img004227.jpg,6,church
img005481.jpg,proj/church/img005481.jpg,6,church
img005994.jpg,proj/church/img005994.jpg,6,church
img005554.jpg,proj/church/img005554.jpg,6,church
img004624.jpg,proj/church/img004624.jpg,6,church
img004433.jpg,proj/church/img004433.jpg,6,church
img004259.jpg,proj/church/img004259.jpg,6,church
img004284.jpg,proj/church/img004284.jpg,6,church
img004894.jpg,proj/church/img004894.jpg,6,church
img004043.jpg,proj/church/img004043.jpg,6,church
img005413.jpg,proj/church/img005413.jpg,6,church
img004481.jpg,proj/church/img004481.jpg,6,church
img004688.jpg,proj/church/img004688.jpg,6,church
img005509.jpg,proj/church/img005509.jpg,6,church
img004010.jpg,proj/church/img004010.jpg,6,church
img004640.jpg,proj/church/img004640.jpg,6,church
img004927.jpg,proj/church/img004927.jpg,6,church
img005020.jpg,proj/church/img005020.jpg,6,church
img005888.jpg,proj/church/img005888.jpg,6,church
img004092.jpg,proj/church/img004092.jpg,6,church
img004160.jpg,proj/church/img004160.jpg,6,church
img005955.jpg,proj/church/img005955.jpg,6,church
img005545.jpg,proj/church/img005545.jpg,6,church
img005727.jpg,proj/church/img005727.jpg,6,church
img005140.jpg,proj/church/img005140.jpg,6,church
img004168.jpg,proj/church/img004168.jpg,6,church
img005435.jpg,proj/church/img005435.jpg,6,church
img005602.jpg,proj/church/img005602.jpg,6,church
img005780.jpg,proj/church/img005780.jpg,6,church
img004888.jpg,proj/church/img004888.jpg,6,church
img004413.jpg,proj/church/img004413.jpg,6,church
img005747.jpg,proj/church/img005747.jpg,6,church
img005775.jpg,proj/church/img005775.jpg,6,church
img005576.jpg,proj/church/img005576.jpg,6,church
img004103.jpg,proj/church/img004103.jpg,6,church
img004002.jpg,proj/church/img004002.jpg,6,church
img005006.jpg,proj/church/img005006.jpg,6,church
img004628.jpg,proj/church/img004628.jpg,6,church
img004948.jpg,proj/church/img004948.jpg,6,church
img004630.jpg,proj/church/img004630.jpg,6,church
img005538.jpg,proj/church/img005538.jpg,6,church
img004479.jpg,proj/church/img004479.jpg,6,church
img004942.jpg,proj/church/img004942.jpg,6,church
img004753.jpg,proj/church/img004753.jpg,6,church
img005052.jpg,proj/church/img005052.jpg,6,church
img005510.jpg,proj/church/img005510.jpg,6,church
img004552.jpg,proj/church/img004552.jpg,6,church
img005220.jpg,proj/church/img005220.jpg,6,church
img004674.jpg,proj/church/img004674.jpg,6,church
img004847.jpg,proj/church/img004847.jpg,6,church
img004708.jpg,proj/church/img004708.jpg,6,church
img005128.jpg,proj/church/img005128.jpg,6,church
img005706.jpg,proj/church/img005706.jpg,6,church
img004327.jpg,proj/church/img004327.jpg,6,church
img005179.jpg,proj/church/img005179.jpg,6,church
img004869.jpg,proj/church/img004869.jpg,6,church
img004415.jpg,proj/church/img004415.jpg,6,church
img005589.jpg,proj/church/img005589.jpg,6,church
img005740.jpg,proj/church/img005740.jpg,6,church
img005997.jpg,proj/church/img005997.jpg,6,church
img005506.jpg,proj/church/img005506.jpg,6,church
img005323.jpg,proj/church/img005323.jpg,6,church
img004913.jpg,proj/church/img004913.jpg,6,church
img004480.jpg,proj/church/img004480.jpg,6,church
img004527.jpg,proj/church/img004527.jpg,6,church
img004139.jpg,proj/church/img004139.jpg,6,church
img005570.jpg,proj/church/img005570.jpg,6,church
img004198.jpg,proj/church/img004198.jpg,6,church
img004053.jpg,proj/church/img004053.jpg,6,church
img004095.jpg,proj/church/img004095.jpg,6,church
img005749.jpg,proj/church/img005749.jpg,6,church
img005319.jpg,proj/church/img005319.jpg,6,church
img004244.jpg,proj/church/img004244.jpg,6,church
img005858.jpg,proj/church/img005858.jpg,6,church
img004803.jpg,proj/church/img004803.jpg,6,church
img005794.jpg,proj/church/img005794.jpg,6,church
img005528.jpg,proj/church/img005528.jpg,6,church
img005869.jpg,proj/church/img005869.jpg,6,church
img004883.jpg,proj/church/img004883.jpg,6,church
img004746.jpg,proj/church/img004746.jpg,6,church
img005989.jpg,proj/church/img005989.jpg,6,church
img005750.jpg,proj/church/img005750.jpg,6,church
img005101.jpg,proj/church/img005101.jpg,6,church
img005219.jpg,proj/church/img005219.jpg,6,church
img004722.jpg,proj/church/img004722.jpg,6,church
img004324.jpg,proj/church/img004324.jpg,6,church
img004902.jpg,proj/church/img004902.jpg,6,church
img004564.jpg,proj/church/img004564.jpg,6,church
img004427.jpg,proj/church/img004427.jpg,6,church
img004760.jpg,proj/church/img004760.jpg,6,church
img004001.jpg,proj/church/img004001.jpg,6,church
img004852.jpg,proj/church/img004852.jpg,6,church
img004011.jpg,proj/church/img004011.jpg,6,church
img004406.jpg,proj/church/img004406.jpg,6,church
img005468.jpg,proj/church/img005468.jpg,6,church
img004833.jpg,proj/church/img004833.jpg,6,church
img004140.jpg,proj/church/img004140.jpg,6,church
img005651.jpg,proj/church/img005651.jpg,6,church
img004508.jpg,proj/church/img004508.jpg,6,church
img005868.jpg,proj/church/img005868.jpg,6,church
img005534.jpg,proj/church/img005534.jpg,6,church
img004701.jpg,proj/church/img004701.jpg,6,church
img004594.jpg,proj/church/img004594.jpg,6,church
img004308.jpg,proj/church/img004308.jpg,6,church
img004865.jpg,proj/church/img004865.jpg,6,church
img005222.jpg,proj/church/img005222.jpg,6,church
img005599.jpg,proj/church/img005599.jpg,6,church
img004077.jpg,proj/church/img004077.jpg,6,church
img004133.jpg,proj/church/img004133.jpg,6,church
img005983.jpg,proj/church/img005983.jpg,6,church
img004228.jpg,proj/church/img004228.jpg,6,church
img005162.jpg,proj/church/img005162.jpg,6,church
img004191.jpg,proj/church/img004191.jpg,6,church
img004668.jpg,proj/church/img004668.jpg,6,church
img004418.jpg,proj/church/img004418.jpg,6,church
img005777.jpg,proj/church/img005777.jpg,6,church
img004921.jpg,proj/church/img004921.jpg,6,church
img005246.jpg,proj/church/img005246.jpg,6,church
img004820.jpg,proj/church/img004820.jpg,6,church
img005587.jpg,proj/church/img005587.jpg,6,church
img005385.jpg,proj/church/img005385.jpg,6,church
img005902.jpg,proj/church/img005902.jpg,6,church
img004172.jpg,proj/church/img004172.jpg,6,church
img004874.jpg,proj/church/img004874.jpg,6,church
img005429.jpg,proj/church/img005429.jpg,6,church
img005991.jpg,proj/church/img005991.jpg,6,church
img005146.jpg,proj/church/img005146.jpg,6,church
img005491.jpg,proj/church/img005491.jpg,6,church
img004440.jpg,proj/church/img004440.jpg,6,church
img004848.jpg,proj/church/img004848.jpg,6,church
img005931.jpg,proj/church/img005931.jpg,6,church
img004368.jpg,proj/church/img004368.jpg,6,church
img004950.jpg,proj/church/img004950.jpg,6,church
img005722.jpg,proj/church/img005722.jpg,6,church
img004277.jpg,proj/church/img004277.jpg,6,church
img004358.jpg,proj/church/img004358.jpg,6,church
img004604.jpg,proj/church/img004604.jpg,6,church
img004056.jpg,proj/church/img004056.jpg,6,church
img004904.jpg,proj/church/img004904.jpg,6,church
img005558.jpg,proj/church/img005558.jpg,6,church
img004116.jpg,proj/church/img004116.jpg,6,church
img004835.jpg,proj/church/img004835.jpg,6,church
img004744.jpg,proj/church/img004744.jpg,6,church
img005940.jpg,proj/church/img005940.jpg,6,church
img004154.jpg,proj/church/img004154.jpg,6,church
img005976.jpg,proj/church/img005976.jpg,6,church
img005023.jpg,proj/church/img005023.jpg,6,church
img004469.jpg,proj/church/img004469.jpg,6,church
img005119.jpg,proj/church/img005119.jpg,6,church
img004720.jpg,proj/church/img004720.jpg,6,church
img004842.jpg,proj/church/img004842.jpg,6,church
img005733.jpg,proj/church/img005733.jpg,6,church
img004559.jpg,proj/church/img004559.jpg,6,church
img005074.jpg,proj/church/img005074.jpg,6,church
img005476.jpg,proj/church/img005476.jpg,6,church
img004451.jpg,proj/church/img004451.jpg,6,church
img005954.jpg,proj/church/img005954.jpg,6,church
img005920.jpg,proj/church/img005920.jpg,6,church
img004898.jpg,proj/church/img004898.jpg,6,church
img004900.jpg,proj/church/img004900.jpg,6,church
img005515.jpg,proj/church/img005515.jpg,6,church
img004652.jpg,proj/church/img004652.jpg,6,church
img005015.jpg,proj/church/img005015.jpg,6,church
img005079.jpg,proj/church/img005079.jpg,6,church
img004185.jpg,proj/church/img004185.jpg,6,church
img005029.jpg,proj/church/img005029.jpg,6,church
img005403.jpg,proj/church/img005403.jpg,6,church
img005864.jpg,proj/church/img005864.jpg,6,church
img004583.jpg,proj/church/img004583.jpg,6,church
img004963.jpg,proj/church/img004963.jpg,6,church
img004885.jpg,proj/church/img004885.jpg,6,church
img004465.jpg,proj/church/img004465.jpg,6,church
img005699.jpg,proj/church/img005699.jpg,6,church
img004998.jpg,proj/church/img004998.jpg,6,church
img005286.jpg,proj/church/img005286.jpg,6,church
img005048.jpg,proj/church/img005048.jpg,6,church
img005767.jpg,proj/church/img005767.jpg,6,church
img004391.jpg,proj/church/img004391.jpg,6,church
img004151.jpg,proj/church/img004151.jpg,6,church
img004134.jpg,proj/church/img004134.jpg,6,church
img005712.jpg,proj/church/img005712.jpg,6,church
img005202.jpg,proj/church/img005202.jpg,6,church
img005560.jpg,proj/church/img005560.jpg,6,church
img004550.jpg,proj/church/img004550.jpg,6,church
img004401.jpg,proj/church/img004401.jpg,6,church
img004199.jpg,proj/church/img004199.jpg,6,church
img004403.jpg,proj/church/img004403.jpg,6,church
img004416.jpg,proj/church/img004416.jpg,6,church
img004658.jpg,proj/church/img004658.jpg,6,church
img004974.jpg,proj/church/img004974.jpg,6,church
img004876.jpg,proj/church/img004876.jpg,6,church
img004889.jpg,proj/church/img004889.jpg,6,church
img005982.jpg,proj/church/img005982.jpg,6,church
img005728.jpg,proj/church/img005728.jpg,6,church
img004653.jpg,proj/church/img004653.jpg,6,church
img004616.jpg,proj/church/img004616.jpg,6,church
img004988.jpg,proj/church/img004988.jpg,6,church
img005087.jpg,proj/church/img005087.jpg,6,church
img005649.jpg,proj/church/img005649.jpg,6,church
img005312.jpg,proj/church/img005312.jpg,6,church
img005857.jpg,proj/church/img005857.jpg,6,church
img004086.jpg,proj/church/img004086.jpg,6,church
img004153.jpg,proj/church/img004153.jpg,6,church
img004245.jpg,proj/church/img004245.jpg,6,church
img004507.jpg,proj/church/img004507.jpg,6,church
img004592.jpg,proj/church/img004592.jpg,6,church
img004676.jpg,proj/church/img004676.jpg,6,church
img004045.jpg,proj/church/img004045.jpg,6,church
img005841.jpg,proj/church/img005841.jpg,6,church
img005169.jpg,proj/church/img005169.jpg,6,church
img004755.jpg,proj/church/img004755.jpg,6,church
img004434.jpg,proj/church/img004434.jpg,6,church
img005026.jpg,proj/church/img005026.jpg,6,church
img004918.jpg,proj/church/img004918.jpg,6,church
img004772.jpg,proj/church/img004772.jpg,6,church
img005981.jpg,proj/church/img005981.jpg,6,church
img004861.jpg,proj/church/img004861.jpg,6,church
img004298.jpg,proj/church/img004298.jpg,6,church
img005013.jpg,proj/church/img005013.jpg,6,church
img004222.jpg,proj/church/img004222.jpg,6,church
img005553.jpg,proj/church/img005553.jpg,6,church
img004192.jpg,proj/church/img004192.jpg,6,church
img004471.jpg,proj/church/img004471.jpg,6,church
img005967.jpg,proj/church/img005967.jpg,6,church
img005287.jpg,proj/church/img005287.jpg,6,church
img004603.jpg,proj/church/img004603.jpg,6,church
img005409.jpg,proj/church/img005409.jpg,6,church
img004560.jpg,proj/church/img004560.jpg,6,church
img005190.jpg,proj/church/img005190.jpg,6,church
img005406.jpg,proj/church/img005406.jpg,6,church
img004265.jpg,proj/church/img004265.jpg,6,church
img005230.jpg,proj/church/img005230.jpg,6,church
img004381.jpg,proj/church/img004381.jpg,6,church
img004556.jpg,proj/church/img004556.jpg,6,church
img005518.jpg,proj/church/img005518.jpg,6,church
img004055.jpg,proj/church/img004055.jpg,6,church
img004815.jpg,proj/church/img004815.jpg,6,church
img004684.jpg,proj/church/img004684.jpg,6,church
img005686.jpg,proj/church/img005686.jpg,6,church
img005772.jpg,proj/church/img005772.jpg,6,church
img004051.jpg,proj/church/img004051.jpg,6,church
img005746.jpg,proj/church/img005746.jpg,6,church
img004996.jpg,proj/church/img004996.jpg,6,church
img005195.jpg,proj/church/img005195.jpg,6,church
img004397.jpg,proj/church/img004397.jpg,6,church
img005227.jpg,proj/church/img005227.jpg,6,church
img004352.jpg,proj/church/img004352.jpg,6,church
img005812.jpg,proj/church/img005812.jpg,6,church
img005878.jpg,proj/church/img005878.jpg,6,church
img004345.jpg,proj/church/img004345.jpg,6,church
img004790.jpg,proj/church/img004790.jpg,6,church
img004302.jpg,proj/church/img004302.jpg,6,church
img005342.jpg,proj/church/img005342.jpg,6,church
img004495.jpg,proj/church/img004495.jpg,6,church
img005432.jpg,proj/church/img005432.jpg,6,church
img005211.jpg,proj/church/img005211.jpg,6,church
img004443.jpg,proj/church/img004443.jpg,6,church
img005508.jpg,proj/church/img005508.jpg,6,church
img005486.jpg,proj/church/img005486.jpg,6,church
img004683.jpg,proj/church/img004683.jpg,6,church
img004138.jpg,proj/church/img004138.jpg,6,church
img004901.jpg,proj/church/img004901.jpg,6,church
img005996.jpg,proj/church/img005996.jpg,6,church
img004455.jpg,proj/church/img004455.jpg,6,church
img005751.jpg,proj/church/img005751.jpg,6,church
img004336.jpg,proj/church/img004336.jpg,6,church
img005494.jpg,proj/church/img005494.jpg,6,church
img004411.jpg,proj/church/img004411.jpg,6,church
img005876.jpg,proj/church/img005876.jpg,6,church
img005075.jpg,proj/church/img005075.jpg,6,church
img004524.jpg,proj/church/img004524.jpg,6,church
img005472.jpg,proj/church/img005472.jpg,6,church
img004164.jpg,proj/church/img004164.jpg,6,church
img004441.jpg,proj/church/img004441.jpg,6,church
img005003.jpg,proj/church/img005003.jpg,6,church
img004513.jpg,proj/church/img004513.jpg,6,church
img005671.jpg,proj/church/img005671.jpg,6,church
img005421.jpg,proj/church/img005421.jpg,6,church
img005610.jpg,proj/church/img005610.jpg,6,church
img004768.jpg,proj/church/img004768.jpg,6,church
img005061.jpg,proj/church/img005061.jpg,6,church
img004831.jpg,proj/church/img004831.jpg,6,church
img005076.jpg,proj/church/img005076.jpg,6,church
img005657.jpg,proj/church/img005657.jpg,6,church
img004856.jpg,proj/church/img004856.jpg,6,church
img004602.jpg,proj/church/img004602.jpg,6,church
img004282.jpg,proj/church/img004282.jpg,6,church
img004565.jpg,proj/church/img004565.jpg,6,church
img005043.jpg,proj/church/img005043.jpg,6,church
img005168.jpg,proj/church/img005168.jpg,6,church
img005803.jpg,proj/church/img005803.jpg,6,church
img005249.jpg,proj/church/img005249.jpg,6,church
img005804.jpg,proj/church/img005804.jpg,6,church
img004969.jpg,proj/church/img004969.jpg,6,church
img005346.jpg,proj/church/img005346.jpg,6,church
img005843.jpg,proj/church/img005843.jpg,6,church
img004645.jpg,proj/church/img004645.jpg,6,church
img005598.jpg,proj/church/img005598.jpg,6,church
img005529.jpg,proj/church/img005529.jpg,6,church
img004007.jpg,proj/church/img004007.jpg,6,church
img005298.jpg,proj/church/img005298.jpg,6,church
img005417.jpg,proj/church/img005417.jpg,6,church
img004099.jpg,proj/church/img004099.jpg,6,church
img004338.jpg,proj/church/img004338.jpg,6,church
img004230.jpg,proj/church/img004230.jpg,6,church
img005734.jpg,proj/church/img005734.jpg,6,church
img005663.jpg,proj/church/img005663.jpg,6,church
img005251.jpg,proj/church/img005251.jpg,6,church
img005187.jpg,proj/church/img005187.jpg,6,church
img004547.jpg,proj/church/img004547.jpg,6,church
img004976.jpg,proj/church/img004976.jpg,6,church
img005103.jpg,proj/church/img005103.jpg,6,church
img004453.jpg,proj/church/img004453.jpg,6,church
img004454.jpg,proj/church/img004454.jpg,6,church
img005837.jpg,proj/church/img005837.jpg,6,church
img004783.jpg,proj/church/img004783.jpg,6,church
img005282.jpg,proj/church/img005282.jpg,6,church
img005882.jpg,proj/church/img005882.jpg,6,church
img004610.jpg,proj/church/img004610.jpg,6,church
img004968.jpg,proj/church/img004968.jpg,6,church
img004712.jpg,proj/church/img004712.jpg,6,church
img004806.jpg,proj/church/img004806.jpg,6,church
img005198.jpg,proj/church/img005198.jpg,6,church
img005378.jpg,proj/church/img005378.jpg,6,church
img004317.jpg,proj/church/img004317.jpg,6,church
img005898.jpg,proj/church/img005898.jpg,6,church
img004631.jpg,proj/church/img004631.jpg,6,church
img005205.jpg,proj/church/img005205.jpg,6,church
img004502.jpg,proj/church/img004502.jpg,6,church
img005612.jpg,proj/church/img005612.jpg,6,church
img005614.jpg,proj/church/img005614.jpg,6,church
img004709.jpg,proj/church/img004709.jpg,6,church
img005430.jpg,proj/church/img005430.jpg,6,church
img005292.jpg,proj/church/img005292.jpg,6,church
img004827.jpg,proj/church/img004827.jpg,6,church
img004804.jpg,proj/church/img004804.jpg,6,church
img005252.jpg,proj/church/img005252.jpg,6,church
img005150.jpg,proj/church/img005150.jpg,6,church
img005897.jpg,proj/church/img005897.jpg,6,church
img005784.jpg,proj/church/img005784.jpg,6,church
img004506.jpg,proj/church/img004506.jpg,6,church
img005461.jpg,proj/church/img005461.jpg,6,church
img004880.jpg,proj/church/img004880.jpg,6,church
img005900.jpg,proj/church/img005900.jpg,6,church
img005248.jpg,proj/church/img005248.jpg,6,church
img004057.jpg,proj/church/img004057.jpg,6,church
img005181.jpg,proj/church/img005181.jpg,6,church
img004953.jpg,proj/church/img004953.jpg,6,church
img005907.jpg,proj/church/img005907.jpg,6,church
img004367.jpg,proj/church/img004367.jpg,6,church
img004263.jpg,proj/church/img004263.jpg,6,church
img005115.jpg,proj/church/img005115.jpg,6,church
img005018.jpg,proj/church/img005018.jpg,6,church
img005148.jpg,proj/church/img005148.jpg,6,church
img005107.jpg,proj/church/img005107.jpg,6,church
img005442.jpg,proj/church/img005442.jpg,6,church
img004241.jpg,proj/church/img004241.jpg,6,church
img005836.jpg,proj/church/img005836.jpg,6,church
img004534.jpg,proj/church/img004534.jpg,6,church
img004675.jpg,proj/church/img004675.jpg,6,church
img004442.jpg,proj/church/img004442.jpg,6,church
img004196.jpg,proj/church/img004196.jpg,6,church
img005854.jpg,proj/church/img005854.jpg,6,church
img004355.jpg,proj/church/img004355.jpg,6,church
img005321.jpg,proj/church/img005321.jpg,6,church
img004420.jpg,proj/church/img004420.jpg,6,church
img005467.jpg,proj/church/img005467.jpg,6,church
img005351.jpg,proj/church/img005351.jpg,6,church
img004757.jpg,proj/church/img004757.jpg,6,church
img005512.jpg,proj/church/img005512.jpg,6,church
img005627.jpg,proj/church/img005627.jpg,6,church
img004044.jpg,proj/church/img004044.jpg,6,church
img005763.jpg,proj/church/img005763.jpg,6,church
img004310.jpg,proj/church/img004310.jpg,6,church
img004821.jpg,proj/church/img004821.jpg,6,church
img005726.jpg,proj/church/img005726.jpg,6,church
img005258.jpg,proj/church/img005258.jpg,6,church
img005523.jpg,proj/church/img005523.jpg,6,church
img005464.jpg,proj/church/img005464.jpg,6,church
img005667.jpg,proj/church/img005667.jpg,6,church
img004111.jpg,proj/church/img004111.jpg,6,church
img005889.jpg,proj/church/img005889.jpg,6,church
img004197.jpg,proj/church/img004197.jpg,6,church
img005948.jpg,proj/church/img005948.jpg,6,church
img005581.jpg,proj/church/img005581.jpg,6,church
img005756.jpg,proj/church/img005756.jpg,6,church
img004569.jpg,proj/church/img004569.jpg,6,church
img005887.jpg,proj/church/img005887.jpg,6,church
img005446.jpg,proj/church/img005446.jpg,6,church
img005245.jpg,proj/church/img005245.jpg,6,church
img005805.jpg,proj/church/img005805.jpg,6,church
img004332.jpg,proj/church/img004332.jpg,6,church
img004088.jpg,proj/church/img004088.jpg,6,church
img004570.jpg,proj/church/img004570.jpg,6,church
img005388.jpg,proj/church/img005388.jpg,6,church
img005302.jpg,proj/church/img005302.jpg,6,church
img005054.jpg,proj/church/img005054.jpg,6,church
img005235.jpg,proj/church/img005235.jpg,6,church
img004704.jpg,proj/church/img004704.jpg,6,church
img005771.jpg,proj/church/img005771.jpg,6,church
img004015.jpg,proj/church/img004015.jpg,6,church
img005946.jpg,proj/church/img005946.jpg,6,church
img004068.jpg,proj/church/img004068.jpg,6,church
img005405.jpg,proj/church/img005405.jpg,6,church
img004383.jpg,proj/church/img004383.jpg,6,church
img005034.jpg,proj/church/img005034.jpg,6,church
img005769.jpg,proj/church/img005769.jpg,6,church
img005630.jpg,proj/church/img005630.jpg,6,church
img005735.jpg,proj/church/img005735.jpg,6,church
img005881.jpg,proj/church/img005881.jpg,6,church
img005552.jpg,proj/church/img005552.jpg,6,church
img005215.jpg,proj/church/img005215.jpg,6,church
img004795.jpg,proj/church/img004795.jpg,6,church
img004568.jpg,proj/church/img004568.jpg,6,church
img005957.jpg,proj/church/img005957.jpg,6,church
img004825.jpg,proj/church/img004825.jpg,6,church
img004857.jpg,proj/church/img004857.jpg,6,church
img004424.jpg,proj/church/img004424.jpg,6,church
img005193.jpg,proj/church/img005193.jpg,6,church
img005950.jpg,proj/church/img005950.jpg,6,church
img005958.jpg,proj/church/img005958.jpg,6,church
img005542.jpg,proj/church/img005542.jpg,6,church
img004211.jpg,proj/church/img004211.jpg,6,church
img005624.jpg,proj/church/img005624.jpg,6,church
img004745.jpg,proj/church/img004745.jpg,6,church
img005906.jpg,proj/church/img005906.jpg,6,church
img004514.jpg,proj/church/img004514.jpg,6,church
img005544.jpg,proj/church/img005544.jpg,6,church
img005452.jpg,proj/church/img005452.jpg,6,church
img004183.jpg,proj/church/img004183.jpg,6,church
img005448.jpg,proj/church/img005448.jpg,6,church
img004836.jpg,proj/church/img004836.jpg,6,church
img005223.jpg,proj/church/img005223.jpg,6,church
img005847.jpg,proj/church/img005847.jpg,6,church
img005513.jpg,proj/church/img005513.jpg,6,church
img004459.jpg,proj/church/img004459.jpg,6,church
img004555.jpg,proj/church/img004555.jpg,6,church
img004859.jpg,proj/church/img004859.jpg,6,church
img005014.jpg,proj/church/img005014.jpg,6,church
img004365.jpg,proj/church/img004365.jpg,6,church
img005001.jpg,proj/church/img005001.jpg,6,church
img005814.jpg,proj/church/img005814.jpg,6,church
img004780.jpg,proj/church/img004780.jpg,6,church
img005778.jpg,proj/church/img005778.jpg,6,church
img005093.jpg,proj/church/img005093.jpg,6,church
img004588.jpg,proj/church/img004588.jpg,6,church
img005270.jpg,proj/church/img005270.jpg,6,church
img005693.jpg,proj/church/img005693.jpg,6,church
img004243.jpg,proj/church/img004243.jpg,6,church
img004713.jpg,proj/church/img004713.jpg,6,church
img005597.jpg,proj/church/img005597.jpg,6,church
img005102.jpg,proj/church/img005102.jpg,6,church
img004169.jpg,proj/church/img004169.jpg,6,church
img004642.jpg,proj/church/img004642.jpg,6,church
img005855.jpg,proj/church/img005855.jpg,6,church
img004999.jpg,proj/church/img004999.jpg,6,church
img004575.jpg,proj/church/img004575.jpg,6,church
img004061.jpg,proj/church/img004061.jpg,6,church
img005042.jpg,proj/church/img005042.jpg,6,church
img004702.jpg,proj/church/img004702.jpg,6,church
img005828.jpg,proj/church/img005828.jpg,6,church
img005717.jpg,proj/church/img005717.jpg,6,church
img004619.jpg,proj/church/img004619.jpg,6,church
img005089.jpg,proj/church/img005089.jpg,6,church
img005407.jpg,proj/church/img005407.jpg,6,church
img005526.jpg,proj/church/img005526.jpg,6,church
img005623.jpg,proj/church/img005623.jpg,6,church
img004892.jpg,proj/church/img004892.jpg,6,church
img005333.jpg,proj/church/img005333.jpg,6,church
img004577.jpg,proj/church/img004577.jpg,6,church
img005632.jpg,proj/church/img005632.jpg,6,church
img005131.jpg,proj/church/img005131.jpg,6,church
img005653.jpg,proj/church/img005653.jpg,6,church
img005715.jpg,proj/church/img005715.jpg,6,church
img004361.jpg,proj/church/img004361.jpg,6,church
img005465.jpg,proj/church/img005465.jpg,6,church
img004101.jpg,proj/church/img004101.jpg,6,church
img004824.jpg,proj/church/img004824.jpg,6,church
img004175.jpg,proj/church/img004175.jpg,6,church
img005682.jpg,proj/church/img005682.jpg,6,church
img005322.jpg,proj/church/img005322.jpg,6,church
img005539.jpg,proj/church/img005539.jpg,6,church
img004119.jpg,proj/church/img004119.jpg,6,church
img004170.jpg,proj/church/img004170.jpg,6,church
img004171.jpg,proj/church/img004171.jpg,6,church
img004966.jpg,proj/church/img004966.jpg,6,church
img005225.jpg,proj/church/img005225.jpg,6,church
img005196.jpg,proj/church/img005196.jpg,6,church
img005120.jpg,proj/church/img005120.jpg,6,church
img004933.jpg,proj/church/img004933.jpg,6,church
img004872.jpg,proj/church/img004872.jpg,6,church
img005129.jpg,proj/church/img005129.jpg,6,church
img004407.jpg,proj/church/img004407.jpg,6,church
img004810.jpg,proj/church/img004810.jpg,6,church
img005638.jpg,proj/church/img005638.jpg,6,church
img004617.jpg,proj/church/img004617.jpg,6,church
img004239.jpg,proj/church/img004239.jpg,6,church
img004373.jpg,proj/church/img004373.jpg,6,church
img005132.jpg,proj/church/img005132.jpg,6,church
img004107.jpg,proj/church/img004107.jpg,6,church
img004247.jpg,proj/church/img004247.jpg,6,church
img004066.jpg,proj/church/img004066.jpg,6,church
img004685.jpg,proj/church/img004685.jpg,6,church
img005294.jpg,proj/church/img005294.jpg,6,church
img004881.jpg,proj/church/img004881.jpg,6,church
img004372.jpg,proj/church/img004372.jpg,6,church
img005655.jpg,proj/church/img005655.jpg,6,church
img004786.jpg,proj/church/img004786.jpg,6,church
img005156.jpg,proj/church/img005156.jpg,6,church
img004523.jpg,proj/church/img004523.jpg,6,church
img004582.jpg,proj/church/img004582.jpg,6,church
img005831.jpg,proj/church/img005831.jpg,6,church
img005739.jpg,proj/church/img005739.jpg,6,church
img004862.jpg,proj/church/img004862.jpg,6,church
img004195.jpg,proj/church/img004195.jpg,6,church
img005816.jpg,proj/church/img005816.jpg,6,church
img004268.jpg,proj/church/img004268.jpg,6,church
img004161.jpg,proj/church/img004161.jpg,6,church
img005648.jpg,proj/church/img005648.jpg,6,church
img004858.jpg,proj/church/img004858.jpg,6,church
img005350.jpg,proj/church/img005350.jpg,6,church
img005557.jpg,proj/church/img005557.jpg,6,church
img005636.jpg,proj/church/img005636.jpg,6,church
img005357.jpg,proj/church/img005357.jpg,6,church
img005910.jpg,proj/church/img005910.jpg,6,church
img005051.jpg,proj/church/img005051.jpg,6,church
img004421.jpg,proj/church/img004421.jpg,6,church
img005980.jpg,proj/church/img005980.jpg,6,church
img005604.jpg,proj/church/img005604.jpg,6,church
img004715.jpg,proj/church/img004715.jpg,6,church
img004695.jpg,proj/church/img004695.jpg,6,church
img004595.jpg,proj/church/img004595.jpg,6,church
img005304.jpg,proj/church/img005304.jpg,6,church
img004475.jpg,proj/church/img004475.jpg,6,church
img005030.jpg,proj/church/img005030.jpg,6,church
img004173.jpg,proj/church/img004173.jpg,6,church
img004887.jpg,proj/church/img004887.jpg,6,church
img005105.jpg,proj/church/img005105.jpg,6,church
img005334.jpg,proj/church/img005334.jpg,6,church
img004925.jpg,proj/church/img004925.jpg,6,church
img005242.jpg,proj/church/img005242.jpg,6,church
img004891.jpg,proj/church/img004891.jpg,6,church
img005459.jpg,proj/church/img005459.jpg,6,church
img005497.jpg,proj/church/img005497.jpg,6,church
img004419.jpg,proj/church/img004419.jpg,6,church
img004366.jpg,proj/church/img004366.jpg,6,church
img004452.jpg,proj/church/img004452.jpg,6,church
img005454.jpg,proj/church/img005454.jpg,6,church
img005582.jpg,proj/church/img005582.jpg,6,church
img005848.jpg,proj/church/img005848.jpg,6,church
img005928.jpg,proj/church/img005928.jpg,6,church
img005371.jpg,proj/church/img005371.jpg,6,church
img004275.jpg,proj/church/img004275.jpg,6,church
img004851.jpg,proj/church/img004851.jpg,6,church
img004064.jpg,proj/church/img004064.jpg,6,church
img004315.jpg,proj/church/img004315.jpg,6,church
img005149.jpg,proj/church/img005149.jpg,6,church
img004818.jpg,proj/church/img004818.jpg,6,church
img004445.jpg,proj/church/img004445.jpg,6,church
img005359.jpg,proj/church/img005359.jpg,6,church
img005474.jpg,proj/church/img005474.jpg,6,church
img005125.jpg,proj/church/img005125.jpg,6,church
img005930.jpg,proj/church/img005930.jpg,6,church
img004873.jpg,proj/church/img004873.jpg,6,church
img004770.jpg,proj/church/img004770.jpg,6,church
img005501.jpg,proj/church/img005501.jpg,6,church
img005301.jpg,proj/church/img005301.jpg,6,church
img005158.jpg,proj/church/img005158.jpg,6,church
img005507.jpg,proj/church/img005507.jpg,6,church
img004822.jpg,proj/church/img004822.jpg,6,church
img004662.jpg,proj/church/img004662.jpg,6,church
img004995.jpg,proj/church/img004995.jpg,6,church
img005055.jpg,proj/church/img005055.jpg,6,church
img004264.jpg,proj/church/img004264.jpg,6,church
img005044.jpg,proj/church/img005044.jpg,6,church
img004280.jpg,proj/church/img004280.jpg,6,church
img004816.jpg,proj/church/img004816.jpg,6,church
img004906.jpg,proj/church/img004906.jpg,6,church
img005056.jpg,proj/church/img005056.jpg,6,church
img004408.jpg,proj/church/img004408.jpg,6,church
img004761.jpg,proj/church/img004761.jpg,6,church
img005451.jpg,proj/church/img005451.jpg,6,church
img005650.jpg,proj/church/img005650.jpg,6,church
img005329.jpg,proj/church/img005329.jpg,6,church
img004971.jpg,proj/church/img004971.jpg,6,church
img005844.jpg,proj/church/img005844.jpg,6,church
img005449.jpg,proj/church/img005449.jpg,6,church
img005516.jpg,proj/church/img005516.jpg,6,church
img005846.jpg,proj/church/img005846.jpg,6,church
img005492.jpg,proj/church/img005492.jpg,6,church
img005237.jpg,proj/church/img005237.jpg,6,church
img004374.jpg,proj/church/img004374.jpg,6,church
img005391.jpg,proj/church/img005391.jpg,6,church
img004287.jpg,proj/church/img004287.jpg,6,church
img004666.jpg,proj/church/img004666.jpg,6,church
img005792.jpg,proj/church/img005792.jpg,6,church
img005373.jpg,proj/church/img005373.jpg,6,church
img004022.jpg,proj/church/img004022.jpg,6,church
img005701.jpg,proj/church/img005701.jpg,6,church
img004811.jpg,proj/church/img004811.jpg,6,church
img005736.jpg,proj/church/img005736.jpg,6,church
img005713.jpg,proj/church/img005713.jpg,6,church
img004553.jpg,proj/church/img004553.jpg,6,church
img004589.jpg,proj/church/img004589.jpg,6,church
img004778.jpg,proj/church/img004778.jpg,6,church
img005901.jpg,proj/church/img005901.jpg,6,church
img005082.jpg,proj/church/img005082.jpg,6,church
img004960.jpg,proj/church/img004960.jpg,6,church
img005484.jpg,proj/church/img005484.jpg,6,church
img005892.jpg,proj/church/img005892.jpg,6,church
img005696.jpg,proj/church/img005696.jpg,6,church
img004258.jpg,proj/church/img004258.jpg,6,church
img004501.jpg,proj/church/img004501.jpg,6,church
img005005.jpg,proj/church/img005005.jpg,6,church
img005197.jpg,proj/church/img005197.jpg,6,church
img004209.jpg,proj/church/img004209.jpg,6,church
img004019.jpg,proj/church/img004019.jpg,6,church
img005503.jpg,proj/church/img005503.jpg,6,church
img004834.jpg,proj/church/img004834.jpg,6,church
img004054.jpg,proj/church/img004054.jpg,6,church
img005062.jpg,proj/church/img005062.jpg,6,church
img004202.jpg,proj/church/img004202.jpg,6,church
img004849.jpg,proj/church/img004849.jpg,6,church
img005684.jpg,proj/church/img005684.jpg,6,church
img005175.jpg,proj/church/img005175.jpg,6,church
img005698.jpg,proj/church/img005698.jpg,6,church
img004805.jpg,proj/church/img004805.jpg,6,church
img004347.jpg,proj/church/img004347.jpg,6,church
img005067.jpg,proj/church/img005067.jpg,6,church
img004926.jpg,proj/church/img004926.jpg,6,church
img004994.jpg,proj/church/img004994.jpg,6,church
img005173.jpg,proj/church/img005173.jpg,6,church
img005565.jpg,proj/church/img005565.jpg,6,church
img004608.jpg,proj/church/img004608.jpg,6,church
img004321.jpg,proj/church/img004321.jpg,6,church
img004477.jpg,proj/church/img004477.jpg,6,church
img004788.jpg,proj/church/img004788.jpg,6,church
img004660.jpg,proj/church/img004660.jpg,6,church
img005090.jpg,proj/church/img005090.jpg,6,church
img005250.jpg,proj/church/img005250.jpg,6,church
img004225.jpg,proj/church/img004225.jpg,6,church
img004456.jpg,proj/church/img004456.jpg,6,church
img005170.jpg,proj/church/img005170.jpg,6,church
img005485.jpg,proj/church/img005485.jpg,6,church
img005199.jpg,proj/church/img005199.jpg,6,church
img004509.jpg,proj/church/img004509.jpg,6,church
img005821.jpg,proj/church/img005821.jpg,6,church
img004482.jpg,proj/church/img004482.jpg,6,church
img004766.jpg,proj/church/img004766.jpg,6,church
img004965.jpg,proj/church/img004965.jpg,6,church
img004584.jpg,proj/church/img004584.jpg,6,church
img004190.jpg,proj/church/img004190.jpg,6,church
img004907.jpg,proj/church/img004907.jpg,6,church
img004686.jpg,proj/church/img004686.jpg,6,church
img004707.jpg,proj/church/img004707.jpg,6,church
img004837.jpg,proj/church/img004837.jpg,6,church
img004634.jpg,proj/church/img004634.jpg,6,church
img004350.jpg,proj/church/img004350.jpg,6,church
img005640.jpg,proj/church/img005640.jpg,6,church
img004703.jpg,proj/church/img004703.jpg,6,church
img005011.jpg,proj/church/img005011.jpg,6,church
img004020.jpg,proj/church/img004020.jpg,6,church
img004886.jpg,proj/church/img004886.jpg,6,church
img004375.jpg,proj/church/img004375.jpg,6,church
img005914.jpg,proj/church/img005914.jpg,6,church
img005647.jpg,proj/church/img005647.jpg,6,church
img004922.jpg,proj/church/img004922.jpg,6,church
img004665.jpg,proj/church/img004665.jpg,6,church
img004446.jpg,proj/church/img004446.jpg,6,church
img005872.jpg,proj/church/img005872.jpg,6,church
img005504.jpg,proj/church/img005504.jpg,6,church
img005441.jpg,proj/church/img005441.jpg,6,church
img005183.jpg,proj/church/img005183.jpg,6,church
img004979.jpg,proj/church/img004979.jpg,6,church
img005716.jpg,proj/church/img005716.jpg,6,church
img004655.jpg,proj/church/img004655.jpg,6,church
img004304.jpg,proj/church/img004304.jpg,6,church
img005117.jpg,proj/church/img005117.jpg,6,church
img005799.jpg,proj/church/img005799.jpg,6,church
img005675.jpg,proj/church/img005675.jpg,6,church
img005922.jpg,proj/church/img005922.jpg,6,church
img005768.jpg,proj/church/img005768.jpg,6,church
img005084.jpg,proj/church/img005084.jpg,6,church
img004231.jpg,proj/church/img004231.jpg,6,church
img004796.jpg,proj/church/img004796.jpg,6,church
img004989.jpg,proj/church/img004989.jpg,6,church
img005822.jpg,proj/church/img005822.jpg,6,church
img004122.jpg,proj/church/img004122.jpg,6,church
img004142.jpg,proj/church/img004142.jpg,6,church
img005284.jpg,proj/church/img005284.jpg,6,church
img005016.jpg,proj/church/img005016.jpg,6,church
img005489.jpg,proj/church/img005489.jpg,6,church
img004104.jpg,proj/church/img004104.jpg,6,church
img005144.jpg,proj/church/img005144.jpg,6,church
img004426.jpg,proj/church/img004426.jpg,6,church
img005862.jpg,proj/church/img005862.jpg,6,church
img005309.jpg,proj/church/img005309.jpg,6,church
img005860.jpg,proj/church/img005860.jpg,6,church
img005165.jpg,proj/church/img005165.jpg,6,church
img005956.jpg,proj/church/img005956.jpg,6,church
img004335.jpg,proj/church/img004335.jpg,6,church
img004600.jpg,proj/church/img004600.jpg,6,church
img005875.jpg,proj/church/img005875.jpg,6,church
img005368.jpg,proj/church/img005368.jpg,6,church
img004972.jpg,proj/church/img004972.jpg,6,church
img005971.jpg,proj/church/img005971.jpg,6,church
img005838.jpg,proj/church/img005838.jpg,6,church
img004689.jpg,proj/church/img004689.jpg,6,church
img005324.jpg,proj/church/img005324.jpg,6,church
img005436.jpg,proj/church/img005436.jpg,6,church
img005840.jpg,proj/church/img005840.jpg,6,church
img005307.jpg,proj/church/img005307.jpg,6,church
img005680.jpg,proj/church/img005680.jpg,6,church
img004832.jpg,proj/church/img004832.jpg,6,church
img005033.jpg,proj/church/img005033.jpg,6,church
img004991.jpg,proj/church/img004991.jpg,6,church
img005530.jpg,proj/church/img005530.jpg,6,church
img005151.jpg,proj/church/img005151.jpg,6,church
img005021.jpg,proj/church/img005021.jpg,6,church
img005171.jpg,proj/church/img005171.jpg,6,church
img005585.jpg,proj/church/img005585.jpg,6,church
img004438.jpg,proj/church/img004438.jpg,6,church
img005163.jpg,proj/church/img005163.jpg,6,church
img005279.jpg,proj/church/img005279.jpg,6,church
img004131.jpg,proj/church/img004131.jpg,6,church
img004590.jpg,proj/church/img004590.jpg,6,church
img004814.jpg,proj/church/img004814.jpg,6,church
img004731.jpg,proj/church/img004731.jpg,6,church
img005069.jpg,proj/church/img005069.jpg,6,church
img004120.jpg,proj/church/img004120.jpg,6,church
img005694.jpg,proj/church/img005694.jpg,6,church
img005123.jpg,proj/church/img005123.jpg,6,church
img004285.jpg,proj/church/img004285.jpg,6,church
img005470.jpg,proj/church/img005470.jpg,6,church
img004081.jpg,proj/church/img004081.jpg,6,church
img004474.jpg,proj/church/img004474.jpg,6,church
img005443.jpg,proj/church/img005443.jpg,6,church
img004853.jpg,proj/church/img004853.jpg,6,church
img004250.jpg,proj/church/img004250.jpg,6,church
img005493.jpg,proj/church/img005493.jpg,6,church
img005551.jpg,proj/church/img005551.jpg,6,church
img005362.jpg,proj/church/img005362.jpg,6,church
img004528.jpg,proj/church/img004528.jpg,6,church
img005912.jpg,proj/church/img005912.jpg,6,church
img005231.jpg,proj/church/img005231.jpg,6,church
img004728.jpg,proj/church/img004728.jpg,6,church
img005070.jpg,proj/church/img005070.jpg,6,church
img004384.jpg,proj/church/img004384.jpg,6,church
img005116.jpg,proj/church/img005116.jpg,6,church
img004867.jpg,proj/church/img004867.jpg,6,church
img005057.jpg,proj/church/img005057.jpg,6,church
img005274.jpg,proj/church/img005274.jpg,6,church
img005499.jpg,proj/church/img005499.jpg,6,church
img004680.jpg,proj/church/img004680.jpg,6,church
img004499.jpg,proj/church/img004499.jpg,6,church
img005540.jpg,proj/church/img005540.jpg,6,church
img004721.jpg,proj/church/img004721.jpg,6,church
img005885.jpg,proj/church/img005885.jpg,6,church
img004920.jpg,proj/church/img004920.jpg,6,church
img005007.jpg,proj/church/img005007.jpg,6,church
img004485.jpg,proj/church/img004485.jpg,6,church
img005399.jpg,proj/church/img005399.jpg,6,church
img005427.jpg,proj/church/img005427.jpg,6,church
img005789.jpg,proj/church/img005789.jpg,6,church
img004983.jpg,proj/church/img004983.jpg,6,church
img004758.jpg,proj/church/img004758.jpg,6,church
img004500.jpg,proj/church/img004500.jpg,6,church
img004615.jpg,proj/church/img004615.jpg,6,church
img004126.jpg,proj/church/img004126.jpg,6,church
img004146.jpg,proj/church/img004146.jpg,6,church
img004944.jpg,proj/church/img004944.jpg,6,church
img004593.jpg,proj/church/img004593.jpg,6,church
img005410.jpg,proj/church/img005410.jpg,6,church
img005514.jpg,proj/church/img005514.jpg,6,church
img005537.jpg,proj/church/img005537.jpg,6,church
img004819.jpg,proj/church/img004819.jpg,6,church
img004516.jpg,proj/church/img004516.jpg,6,church
img005325.jpg,proj/church/img005325.jpg,6,church
img005861.jpg,proj/church/img005861.jpg,6,church
img005288.jpg,proj/church/img005288.jpg,6,church
img005138.jpg,proj/church/img005138.jpg,6,church
img005239.jpg,proj/church/img005239.jpg,6,church
img005397.jpg,proj/church/img005397.jpg,6,church
img005853.jpg,proj/church/img005853.jpg,6,church
img004601.jpg,proj/church/img004601.jpg,6,church
img004425.jpg,proj/church/img004425.jpg,6,church
img004486.jpg,proj/church/img004486.jpg,6,church
img004993.jpg,proj/church/img004993.jpg,6,church
img005752.jpg,proj/church/img005752.jpg,6,church
img004908.jpg,proj/church/img004908.jpg,6,church
img004093.jpg,proj/church/img004093.jpg,6,church
img005820.jpg,proj/church/img005820.jpg,6,church
img004083.jpg,proj/church/img004083.jpg,6,church
img004462.jpg,proj/church/img004462.jpg,6,church
img005247.jpg,proj/church/img005247.jpg,6,church
img004587.jpg,proj/church/img004587.jpg,6,church
img004637.jpg,proj/church/img004637.jpg,6,church
img005879.jpg,proj/church/img005879.jpg,6,church
img005790.jpg,proj/church/img005790.jpg,6,church
img004970.jpg,proj/church/img004970.jpg,6,church
img004890.jpg,proj/church/img004890.jpg,6,church
img004288.jpg,proj/church/img004288.jpg,6,church
img004756.jpg,proj/church/img004756.jpg,6,church
img005938.jpg,proj/church/img005938.jpg,6,church
img005695.jpg,proj/church/img005695.jpg,6,church
img004137.jpg,proj/church/img004137.jpg,6,church
img005002.jpg,proj/church/img005002.jpg,6,church
img004252.jpg,proj/church/img004252.jpg,6,church
img005579.jpg,proj/church/img005579.jpg,6,church
img004162.jpg,proj/church/img004162.jpg,6,church
img004492.jpg,proj/church/img004492.jpg,6,church
img004510.jpg,proj/church/img004510.jpg,6,church
img004276.jpg,proj/church/img004276.jpg,6,church
img004291.jpg,proj/church/img004291.jpg,6,church
img005305.jpg,proj/church/img005305.jpg,6,church
img004214.jpg,proj/church/img004214.jpg,6,church
img005143.jpg,proj/church/img005143.jpg,6,church
img005951.jpg,proj/church/img005951.jpg,6,church
img005550.jpg,proj/church/img005550.jpg,6,church
img005793.jpg,proj/church/img005793.jpg,6,church
img004157.jpg,proj/church/img004157.jpg,6,church
img004399.jpg,proj/church/img004399.jpg,6,church
img005152.jpg,proj/church/img005152.jpg,6,church
img005065.jpg,proj/church/img005065.jpg,6,church
img005473.jpg,proj/church/img005473.jpg,6,church
img004646.jpg,proj/church/img004646.jpg,6,church
img005106.jpg,proj/church/img005106.jpg,6,church
img004987.jpg,proj/church/img004987.jpg,6,church
img004431.jpg,proj/church/img004431.jpg,6,church
img005091.jpg,proj/church/img005091.jpg,6,church
img004148.jpg,proj/church/img004148.jpg,6,church
img004626.jpg,proj/church/img004626.jpg,6,church
img005573.jpg,proj/church/img005573.jpg,6,church
img005908.jpg,proj/church/img005908.jpg,6,church
img005068.jpg,proj/church/img005068.jpg,6,church
img004181.jpg,proj/church/img004181.jpg,6,church
img005786.jpg,proj/church/img005786.jpg,6,church
img005626.jpg,proj/church/img005626.jpg,6,church
img004414.jpg,proj/church/img004414.jpg,6,church
img005479.jpg,proj/church/img005479.jpg,6,church
img004773.jpg,proj/church/img004773.jpg,6,church
img004700.jpg,proj/church/img004700.jpg,6,church
img004130.jpg,proj/church/img004130.jpg,6,church
img005635.jpg,proj/church/img005635.jpg,6,church
img005004.jpg,proj/church/img005004.jpg,6,church
img004957.jpg,proj/church/img004957.jpg,6,church
img004127.jpg,proj/church/img004127.jpg,6,church
img004238.jpg,proj/church/img004238.jpg,6,church
img005445.jpg,proj/church/img005445.jpg,6,church
img005017.jpg,proj/church/img005017.jpg,6,church
img004580.jpg,proj/church/img004580.jpg,6,church
img004473.jpg,proj/church/img004473.jpg,6,church
img004038.jpg,proj/church/img004038.jpg,6,church
img005310.jpg,proj/church/img005310.jpg,6,church
img004034.jpg,proj/church/img004034.jpg,6,church
img005389.jpg,proj/church/img005389.jpg,6,church
img004967.jpg,proj/church/img004967.jpg,6,church
img004048.jpg,proj/church/img004048.jpg,6,church
img004951.jpg,proj/church/img004951.jpg,6,church
img005141.jpg,proj/church/img005141.jpg,6,church
img004511.jpg,proj/church/img004511.jpg,6,church
img004985.jpg,proj/church/img004985.jpg,6,church
img004270.jpg,proj/church/img004270.jpg,6,church
img004063.jpg,proj/church/img004063.jpg,6,church
img005634.jpg,proj/church/img005634.jpg,6,church
img005781.jpg,proj/church/img005781.jpg,6,church
img005133.jpg,proj/church/img005133.jpg,6,church
img005261.jpg,proj/church/img005261.jpg,6,church
img005915.jpg,proj/church/img005915.jpg,6,church
img005160.jpg,proj/church/img005160.jpg,6,church
img005600.jpg,proj/church/img005600.jpg,6,church
img005990.jpg,proj/church/img005990.jpg,6,church
img004973.jpg,proj/church/img004973.jpg,6,church
img004325.jpg,proj/church/img004325.jpg,6,church
img005469.jpg,proj/church/img005469.jpg,6,church
img004113.jpg,proj/church/img004113.jpg,6,church
img005157.jpg,proj/church/img005157.jpg,6,church
img004706.jpg,proj/church/img004706.jpg,6,church
img005363.jpg,proj/church/img005363.jpg,6,church
img005381.jpg,proj/church/img005381.jpg,6,church
img005177.jpg,proj/church/img005177.jpg,6,church
img005178.jpg,proj/church/img005178.jpg,6,church
img005964.jpg,proj/church/img005964.jpg,6,church
img004613.jpg,proj/church/img004613.jpg,6,church
img004636.jpg,proj/church/img004636.jpg,6,church
img004017.jpg,proj/church/img004017.jpg,6,church
img005505.jpg,proj/church/img005505.jpg,6,church
img004217.jpg,proj/church/img004217.jpg,6,church
img005596.jpg,proj/church/img005596.jpg,6,church
img005811.jpg,proj/church/img005811.jpg,6,church
img005228.jpg,proj/church/img005228.jpg,6,church
img005679.jpg,proj/church/img005679.jpg,6,church
img004255.jpg,proj/church/img004255.jpg,6,church
img005081.jpg,proj/church/img005081.jpg,6,church
img004742.jpg,proj/church/img004742.jpg,6,church
img004938.jpg,proj/church/img004938.jpg,6,church
img004724.jpg,proj/church/img004724.jpg,6,church
img005036.jpg,proj/church/img005036.jpg,6,church
img004597.jpg,proj/church/img004597.jpg,6,church
img004143.jpg,proj/church/img004143.jpg,6,church
img004733.jpg,proj/church/img004733.jpg,6,church
img005905.jpg,proj/church/img005905.jpg,6,church
img005416.jpg,proj/church/img005416.jpg,6,church
img004793.jpg,proj/church/img004793.jpg,6,church
img004897.jpg,proj/church/img004897.jpg,6,church
img004388.jpg,proj/church/img004388.jpg,6,church
img004178.jpg,proj/church/img004178.jpg,6,church
img005732.jpg,proj/church/img005732.jpg,6,church
img004591.jpg,proj/church/img004591.jpg,6,church
img004400.jpg,proj/church/img004400.jpg,6,church
img004667.jpg,proj/church/img004667.jpg,6,church
img004802.jpg,proj/church/img004802.jpg,6,church
img004299.jpg,proj/church/img004299.jpg,6,church
img004235.jpg,proj/church/img004235.jpg,6,church
img004585.jpg,proj/church/img004585.jpg,6,church
img004457.jpg,proj/church/img004457.jpg,6,church
img005283.jpg,proj/church/img005283.jpg,6,church
img005210.jpg,proj/church/img005210.jpg,6,church
img005801.jpg,proj/church/img005801.jpg,6,church
img005176.jpg,proj/church/img005176.jpg,6,church
img004031.jpg,proj/church/img004031.jpg,6,church
img004281.jpg,proj/church/img004281.jpg,6,church
img005543.jpg,proj/church/img005543.jpg,6,church
img004693.jpg,proj/church/img004693.jpg,6,church
img005229.jpg,proj/church/img005229.jpg,6,church
img005615.jpg,proj/church/img005615.jpg,6,church
img004622.jpg,proj/church/img004622.jpg,6,church
img004296.jpg,proj/church/img004296.jpg,6,church
img005952.jpg,proj/church/img005952.jpg,6,church
img004219.jpg,proj/church/img004219.jpg,6,church
img005834.jpg,proj/church/img005834.jpg,6,church
img005086.jpg,proj/church/img005086.jpg,6,church
img005094.jpg,proj/church/img005094.jpg,6,church
img005457.jpg,proj/church/img005457.jpg,6,church
img004297.jpg,proj/church/img004297.jpg,6,church
img004193.jpg,proj/church/img004193.jpg,6,church
img005032.jpg,proj/church/img005032.jpg,6,church
img004386.jpg,proj/church/img004386.jpg,6,church
img005870.jpg,proj/church/img005870.jpg,6,church
img004699.jpg,proj/church/img004699.jpg,6,church
img004538.jpg,proj/church/img004538.jpg,6,church
img004522.jpg,proj/church/img004522.jpg,6,church
img004187.jpg,proj/church/img004187.jpg,6,church
img004517.jpg,proj/church/img004517.jpg,6,church
img004573.jpg,proj/church/img004573.jpg,6,church
img005314.jpg,proj/church/img005314.jpg,6,church
img005593.jpg,proj/church/img005593.jpg,6,church
img004992.jpg,proj/church/img004992.jpg,6,church
img004300.jpg,proj/church/img004300.jpg,6,church
img005941.jpg,proj/church/img005941.jpg,6,church
img004705.jpg,proj/church/img004705.jpg,6,church
img004018.jpg,proj/church/img004018.jpg,6,church
img004934.jpg,proj/church/img004934.jpg,6,church
img005796.jpg,proj/church/img005796.jpg,6,church
img005490.jpg,proj/church/img005490.jpg,6,church
img004253.jpg,proj/church/img004253.jpg,6,church
img005832.jpg,proj/church/img005832.jpg,6,church
img004779.jpg,proj/church/img004779.jpg,6,church
img005172.jpg,proj/church/img005172.jpg,6,church
img005415.jpg,proj/church/img005415.jpg,6,church
img004771.jpg,proj/church/img004771.jpg,6,church
img004621.jpg,proj/church/img004621.jpg,6,church
img005224.jpg,proj/church/img005224.jpg,6,church
img004305.jpg,proj/church/img004305.jpg,6,church
img005482.jpg,proj/church/img005482.jpg,6,church
img005025.jpg,proj/church/img005025.jpg,6,church
img005745.jpg,proj/church/img005745.jpg,6,church
img004694.jpg,proj/church/img004694.jpg,6,church
img005072.jpg,proj/church/img005072.jpg,6,church
img004337.jpg,proj/church/img004337.jpg,6,church
img005184.jpg,proj/church/img005184.jpg,6,church
img005691.jpg,proj/church/img005691.jpg,6,church
img004964.jpg,proj/church/img004964.jpg,6,church
img005993.jpg,proj/church/img005993.jpg,6,church
img004697.jpg,proj/church/img004697.jpg,6,church
img004074.jpg,proj/church/img004074.jpg,6,church
img005923.jpg,proj/church/img005923.jpg,6,church
img004449.jpg,proj/church/img004449.jpg,6,church
img004644.jpg,proj/church/img004644.jpg,6,church
img004586.jpg,proj/church/img004586.jpg,6,church
img005773.jpg,proj/church/img005773.jpg,6,church
img004562.jpg,proj/church/img004562.jpg,6,church
img004777.jpg,proj/church/img004777.jpg,6,church
img004025.jpg,proj/church/img004025.jpg,6,church
img004774.jpg,proj/church/img004774.jpg,6,church
img004152.jpg,proj/church/img004152.jpg,6,church
img004784.jpg,proj/church/img004784.jpg,6,church
img004614.jpg,proj/church/img004614.jpg,6,church
img004670.jpg,proj/church/img004670.jpg,6,church
img005924.jpg,proj/church/img005924.jpg,6,church
img005272.jpg,proj/church/img005272.jpg,6,church
img005008.jpg,proj/church/img005008.jpg,6,church
img004176.jpg,proj/church/img004176.jpg,6,church
img005646.jpg,proj/church/img005646.jpg,6,church
img005382.jpg,proj/church/img005382.jpg,6,church
img005408.jpg,proj/church/img005408.jpg,6,church
img004125.jpg,proj/church/img004125.jpg,6,church
img005338.jpg,proj/church/img005338.jpg,6,church
img004952.jpg,proj/church/img004952.jpg,6,church
img004633.jpg,proj/church/img004633.jpg,6,church
img005883.jpg,proj/church/img005883.jpg,6,church
img005580.jpg,proj/church/img005580.jpg,6,church
img004047.jpg,proj/church/img004047.jpg,6,church
img005071.jpg,proj/church/img005071.jpg,6,church
img005422.jpg,proj/church/img005422.jpg,6,church
img005127.jpg,proj/church/img005127.jpg,6,church
img005622.jpg,proj/church/img005622.jpg,6,church
img004316.jpg,proj/church/img004316.jpg,6,church
img004877.jpg,proj/church/img004877.jpg,6,church
img004930.jpg,proj/church/img004930.jpg,6,church
img004115.jpg,proj/church/img004115.jpg,6,church
img004158.jpg,proj/church/img004158.jpg,6,church
img005639.jpg,proj/church/img005639.jpg,6,church
img005108.jpg,proj/church/img005108.jpg,6,church
img004436.jpg,proj/church/img004436.jpg,6,church
img004076.jpg,proj/church/img004076.jpg,6,church
img004318.jpg,proj/church/img004318.jpg,6,church
img004828.jpg,proj/church/img004828.jpg,6,church
img004087.jpg,proj/church/img004087.jpg,6,church
img005748.jpg,proj/church/img005748.jpg,6,church
img004612.jpg,proj/church/img004612.jpg,6,church
img005633.jpg,proj/church/img005633.jpg,6,church
img004578.jpg,proj/church/img004578.jpg,6,church
img005779.jpg,proj/church/img005779.jpg,6,church
img004765.jpg,proj/church/img004765.jpg,6,church
img005661.jpg,proj/church/img005661.jpg,6,church
img004008.jpg,proj/church/img004008.jpg,6,church
img004360.jpg,proj/church/img004360.jpg,6,church
img004609.jpg,proj/church/img004609.jpg,6,church
img005269.jpg,proj/church/img005269.jpg,6,church
img005678.jpg,proj/church/img005678.jpg,6,church
img005644.jpg,proj/church/img005644.jpg,6,church
img005480.jpg,proj/church/img005480.jpg,6,church
img005827.jpg,proj/church/img005827.jpg,6,church
img004233.jpg,proj/church/img004233.jpg,6,church
img005629.jpg,proj/church/img005629.jpg,6,church
img004362.jpg,proj/church/img004362.jpg,6,church
img004912.jpg,proj/church/img004912.jpg,6,church
img005759.jpg,proj/church/img005759.jpg,6,church
img004121.jpg,proj/church/img004121.jpg,6,church
img004717.jpg,proj/church/img004717.jpg,6,church
img004439.jpg,proj/church/img004439.jpg,6,church
img004014.jpg,proj/church/img004014.jpg,6,church
img005998.jpg,proj/church/img005998.jpg,6,church
img005095.jpg,proj/church/img005095.jpg,6,church
img004729.jpg,proj/church/img004729.jpg,6,church
img005856.jpg,proj/church/img005856.jpg,6,church
img004102.jpg,proj/church/img004102.jpg,6,church
img005764.jpg,proj/church/img005764.jpg,6,church
img004042.jpg,proj/church/img004042.jpg,6,church
img004343.jpg,proj/church/img004343.jpg,6,church
img004033.jpg,proj/church/img004033.jpg,6,church
img005009.jpg,proj/church/img005009.jpg,6,church
img005586.jpg,proj/church/img005586.jpg,6,church
img005835.jpg,proj/church/img005835.jpg,6,church
img004618.jpg,proj/church/img004618.jpg,6,church
img004132.jpg,proj/church/img004132.jpg,6,church
img004174.jpg,proj/church/img004174.jpg,6,church
img005420.jpg,proj/church/img005420.jpg,6,church
img004303.jpg,proj/church/img004303.jpg,6,church
img004378.jpg,proj/church/img004378.jpg,6,church
img005852.jpg,proj/church/img005852.jpg,6,church
img004764.jpg,proj/church/img004764.jpg,6,church
img004498.jpg,proj/church/img004498.jpg,6,church
img004096.jpg,proj/church/img004096.jpg,6,church
img004521.jpg,proj/church/img004521.jpg,6,church
img005167.jpg,proj/church/img005167.jpg,6,church
img004189.jpg,proj/church/img004189.jpg,6,church
img005871.jpg,proj/church/img005871.jpg,6,church
img004537.jpg,proj/church/img004537.jpg,6,church
img005402.jpg,proj/church/img005402.jpg,6,church
img005774.jpg,proj/church/img005774.jpg,6,church
img004572.jpg,proj/church/img004572.jpg,6,church
img004741.jpg,proj/church/img004741.jpg,6,church
img005520.jpg,proj/church/img005520.jpg,6,church
img004320.jpg,proj/church/img004320.jpg,6,church
img005414.jpg,proj/church/img005414.jpg,6,church
img005423.jpg,proj/church/img005423.jpg,6,church
img004177.jpg,proj/church/img004177.jpg,6,church
img004004.jpg,proj/church/img004004.jpg,6,church
img004986.jpg,proj/church/img004986.jpg,6,church
img005458.jpg,proj/church/img005458.jpg,6,church
img004737.jpg,proj/church/img004737.jpg,6,church
img004563.jpg,proj/church/img004563.jpg,6,church
img005724.jpg,proj/church/img005724.jpg,6,church
img004330.jpg,proj/church/img004330.jpg,6,church
img005594.jpg,proj/church/img005594.jpg,6,church
img005045.jpg,proj/church/img005045.jpg,6,church
img005462.jpg,proj/church/img005462.jpg,6,church
img005214.jpg,proj/church/img005214.jpg,6,church
img004839.jpg,proj/church/img004839.jpg,6,church
img004679.jpg,proj/church/img004679.jpg,6,church
img005608.jpg,proj/church/img005608.jpg,6,church
img005677.jpg,proj/church/img005677.jpg,6,church
img004823.jpg,proj/church/img004823.jpg,6,church
img004464.jpg,proj/church/img004464.jpg,6,church
img004294.jpg,proj/church/img004294.jpg,6,church
img004931.jpg,proj/church/img004931.jpg,6,church
img005316.jpg,proj/church/img005316.jpg,6,church
img005621.jpg,proj/church/img005621.jpg,6,church
img005729.jpg,proj/church/img005729.jpg,6,church
img004782.jpg,proj/church/img004782.jpg,6,church
img005278.jpg,proj/church/img005278.jpg,6,church
img005916.jpg,proj/church/img005916.jpg,6,church
img004696.jpg,proj/church/img004696.jpg,6,church
img005927.jpg,proj/church/img005927.jpg,6,church
img005524.jpg,proj/church/img005524.jpg,6,church
img004328.jpg,proj/church/img004328.jpg,6,church
img004437.jpg,proj/church/img004437.jpg,6,church
img004750.jpg,proj/church/img004750.jpg,6,church
img005703.jpg,proj/church/img005703.jpg,6,church
img005987.jpg,proj/church/img005987.jpg,6,church
img005353.jpg,proj/church/img005353.jpg,6,church
img004905.jpg,proj/church/img004905.jpg,6,church
img004732.jpg,proj/church/img004732.jpg,6,church
img004117.jpg,proj/church/img004117.jpg,6,church
img005204.jpg,proj/church/img005204.jpg,6,church
img005340.jpg,proj/church/img005340.jpg,6,church
img004149.jpg,proj/church/img004149.jpg,6,church
img004606.jpg,proj/church/img004606.jpg,6,church
img004884.jpg,proj/church/img004884.jpg,6,church
img005702.jpg,proj/church/img005702.jpg,6,church
img004725.jpg,proj/church/img004725.jpg,6,church
img005320.jpg,proj/church/img005320.jpg,6,church
img005188.jpg,proj/church/img005188.jpg,6,church
img005218.jpg,proj/church/img005218.jpg,6,church
img004571.jpg,proj/church/img004571.jpg,6,church
img004540.jpg,proj/church/img004540.jpg,6,church
img004468.jpg,proj/church/img004468.jpg,6,church
img004179.jpg,proj/church/img004179.jpg,6,church
img005970.jpg,proj/church/img005970.jpg,6,church
img005387.jpg,proj/church/img005387.jpg,6,church
img005289.jpg,proj/church/img005289.jpg,6,church
img005475.jpg,proj/church/img005475.jpg,6,church
img005754.jpg,proj/church/img005754.jpg,6,church
img005271.jpg,proj/church/img005271.jpg,6,church
img005895.jpg,proj/church/img005895.jpg,6,church
img005208.jpg,proj/church/img005208.jpg,6,church
img005637.jpg,proj/church/img005637.jpg,6,church
img005652.jpg,proj/church/img005652.jpg,6,church
img004539.jpg,proj/church/img004539.jpg,6,church
img005471.jpg,proj/church/img005471.jpg,6,church
img005975.jpg,proj/church/img005975.jpg,6,church
img004036.jpg,proj/church/img004036.jpg,6,church
img004649.jpg,proj/church/img004649.jpg,6,church
img004520.jpg,proj/church/img004520.jpg,6,church
img005886.jpg,proj/church/img005886.jpg,6,church
img004525.jpg,proj/church/img004525.jpg,6,church
img005024.jpg,proj/church/img005024.jpg,6,church
img004274.jpg,proj/church/img004274.jpg,6,church
img005478.jpg,proj/church/img005478.jpg,6,church
img005137.jpg,proj/church/img005137.jpg,6,church
img005877.jpg,proj/church/img005877.jpg,6,church
img004267.jpg,proj/church/img004267.jpg,6,church
img005395.jpg,proj/church/img005395.jpg,6,church
img004412.jpg,proj/church/img004412.jpg,6,church
img004405.jpg,proj/church/img004405.jpg,6,church
img005666.jpg,proj/church/img005666.jpg,6,church
img004792.jpg,proj/church/img004792.jpg,6,church
img005974.jpg,proj/church/img005974.jpg,6,church
img005092.jpg,proj/church/img005092.jpg,6,church
img004188.jpg,proj/church/img004188.jpg,6,church
img004574.jpg,proj/church/img004574.jpg,6,church
img004916.jpg,proj/church/img004916.jpg,6,church
img005297.jpg,proj/church/img005297.jpg,6,church
img005064.jpg,proj/church/img005064.jpg,6,church
img004062.jpg,proj/church/img004062.jpg,6,church
img005268.jpg,proj/church/img005268.jpg,6,church
img004650.jpg,proj/church/img004650.jpg,6,church
img005189.jpg,proj/church/img005189.jpg,6,church
img004306.jpg,proj/church/img004306.jpg,6,church
img004843.jpg,proj/church/img004843.jpg,6,church
img004840.jpg,proj/church/img004840.jpg,6,church
img005758.jpg,proj/church/img005758.jpg,6,church
img004505.jpg,proj/church/img004505.jpg,6,church
img005909.jpg,proj/church/img005909.jpg,6,church
img005262.jpg,proj/church/img005262.jpg,6,church
img005186.jpg,proj/church/img005186.jpg,6,church
img005096.jpg,proj/church/img005096.jpg,6,church
img005113.jpg,proj/church/img005113.jpg,6,church
img005934.jpg,proj/church/img005934.jpg,6,church
img004283.jpg,proj/church/img004283.jpg,6,church
img005285.jpg,proj/church/img005285.jpg,6,church
img005760.jpg,proj/church/img005760.jpg,6,church
img005217.jpg,proj/church/img005217.jpg,6,church
img004114.jpg,proj/church/img004114.jpg,6,church
img004476.jpg,proj/church/img004476.jpg,6,church
img004376.jpg,proj/church/img004376.jpg,6,church
img004110.jpg,proj/church/img004110.jpg,6,church
img005088.jpg,proj/church/img005088.jpg,6,church
img005010.jpg,proj/church/img005010.jpg,6,church
img005053.jpg,proj/church/img005053.jpg,6,church
img004135.jpg,proj/church/img004135.jpg,6,church
img005782.jpg,proj/church/img005782.jpg,6,church
img005913.jpg,proj/church/img005913.jpg,6,church
img004794.jpg,proj/church/img004794.jpg,6,church
img005718.jpg,proj/church/img005718.jpg,6,church
img005398.jpg,proj/church/img005398.jpg,6,church
img004423.jpg,proj/church/img004423.jpg,6,church
img004150.jpg,proj/church/img004150.jpg,6,church
img004935.jpg,proj/church/img004935.jpg,6,church
img004254.jpg,proj/church/img004254.jpg,6,church
img005000.jpg,proj/church/img005000.jpg,6,church
img005536.jpg,proj/church/img005536.jpg,6,church
img005601.jpg,proj/church/img005601.jpg,6,church
img004656.jpg,proj/church/img004656.jpg,6,church
img005433.jpg,proj/church/img005433.jpg,6,church
img004860.jpg,proj/church/img004860.jpg,6,church
img005367.jpg,proj/church/img005367.jpg,6,church
img005291.jpg,proj/church/img005291.jpg,6,church
img005336.jpg,proj/church/img005336.jpg,6,church
img004681.jpg,proj/church/img004681.jpg,6,church
img005369.jpg,proj/church/img005369.jpg,6,church
img005358.jpg,proj/church/img005358.jpg,6,church
img004855.jpg,proj/church/img004855.jpg,6,church
img005583.jpg,proj/church/img005583.jpg,6,church
img004448.jpg,proj/church/img004448.jpg,6,church
img004432.jpg,proj/church/img004432.jpg,6,church
img005797.jpg,proj/church/img005797.jpg,6,church
img005339.jpg,proj/church/img005339.jpg,6,church
img005419.jpg,proj/church/img005419.jpg,6,church
img004351.jpg,proj/church/img004351.jpg,6,church
img004039.jpg,proj/church/img004039.jpg,6,church
img005575.jpg,proj/church/img005575.jpg,6,church
img005315.jpg,proj/church/img005315.jpg,6,church
img005191.jpg,proj/church/img005191.jpg,6,church
img004551.jpg,proj/church/img004551.jpg,6,church
img004261.jpg,proj/church/img004261.jpg,6,church
img005809.jpg,proj/church/img005809.jpg,6,church
img004289.jpg,proj/church/img004289.jpg,6,church
img005985.jpg,proj/church/img005985.jpg,6,church
img005038.jpg,proj/church/img005038.jpg,6,church
img004322.jpg,proj/church/img004322.jpg,6,church
img005707.jpg,proj/church/img005707.jpg,6,church
img005995.jpg,proj/church/img005995.jpg,6,church
img004638.jpg,proj/church/img004638.jpg,6,church
img005375.jpg,proj/church/img005375.jpg,6,church
img004312.jpg,proj/church/img004312.jpg,6,church
img004530.jpg,proj/church/img004530.jpg,6,church
img004065.jpg,proj/church/img004065.jpg,6,church
img004561.jpg,proj/church/img004561.jpg,6,church
img005833.jpg,proj/church/img005833.jpg,6,church
img005466.jpg,proj/church/img005466.jpg,6,church
img005206.jpg,proj/church/img005206.jpg,6,church
img006643.jpg,proj/cityscapes/img006643.jpg,6,cityscapes
img006212.jpg,proj/cityscapes/img006212.jpg,6,cityscapes
img007782.jpg,proj/cityscapes/img007782.jpg,6,cityscapes
img007950.jpg,proj/cityscapes/img007950.jpg,6,cityscapes
img007292.jpg,proj/cityscapes/img007292.jpg,6,cityscapes
img006151.jpg,proj/cityscapes/img006151.jpg,6,cityscapes
img006216.jpg,proj/cityscapes/img006216.jpg,6,cityscapes
img006408.jpg,proj/cityscapes/img006408.jpg,6,cityscapes
img006893.jpg,proj/cityscapes/img006893.jpg,6,cityscapes
img007741.jpg,proj/cityscapes/img007741.jpg,6,cityscapes
img006547.jpg,proj/cityscapes/img006547.jpg,6,cityscapes
img007661.jpg,proj/cityscapes/img007661.jpg,6,cityscapes
img007858.jpg,proj/cityscapes/img007858.jpg,6,cityscapes
img006009.jpg,proj/cityscapes/img006009.jpg,6,cityscapes
img007976.jpg,proj/cityscapes/img007976.jpg,6,cityscapes
img007209.jpg,proj/cityscapes/img007209.jpg,6,cityscapes
img006453.jpg,proj/cityscapes/img006453.jpg,6,cityscapes
img007745.jpg,proj/cityscapes/img007745.jpg,6,cityscapes
img006985.jpg,proj/cityscapes/img006985.jpg,6,cityscapes
img007789.jpg,proj/cityscapes/img007789.jpg,6,cityscapes
img006284.jpg,proj/cityscapes/img006284.jpg,6,cityscapes
img006367.jpg,proj/cityscapes/img006367.jpg,6,cityscapes
img006244.jpg,proj/cityscapes/img006244.jpg,6,cityscapes
img007066.jpg,proj/cityscapes/img007066.jpg,6,cityscapes
img006088.jpg,proj/cityscapes/img006088.jpg,6,cityscapes
img006530.jpg,proj/cityscapes/img006530.jpg,6,cityscapes
img006022.jpg,proj/cityscapes/img006022.jpg,6,cityscapes
img007110.jpg,proj/cityscapes/img007110.jpg,6,cityscapes
img006513.jpg,proj/cityscapes/img006513.jpg,6,cityscapes
img006679.jpg,proj/cityscapes/img006679.jpg,6,cityscapes
img007303.jpg,proj/cityscapes/img007303.jpg,6,cityscapes
img007235.jpg,proj/cityscapes/img007235.jpg,6,cityscapes
img007473.jpg,proj/cityscapes/img007473.jpg,6,cityscapes
img007937.jpg,proj/cityscapes/img007937.jpg,6,cityscapes
img007644.jpg,proj/cityscapes/img007644.jpg,6,cityscapes
img006372.jpg,proj/cityscapes/img006372.jpg,6,cityscapes
img007078.jpg,proj/cityscapes/img007078.jpg,6,cityscapes
img006047.jpg,proj/cityscapes/img006047.jpg,6,cityscapes
img006929.jpg,proj/cityscapes/img006929.jpg,6,cityscapes
img007176.jpg,proj/cityscapes/img007176.jpg,6,cityscapes
img007113.jpg,proj/cityscapes/img007113.jpg,6,cityscapes
img006640.jpg,proj/cityscapes/img006640.jpg,6,cityscapes
img006449.jpg,proj/cityscapes/img006449.jpg,6,cityscapes
img006445.jpg,proj/cityscapes/img006445.jpg,6,cityscapes
img006460.jpg,proj/cityscapes/img006460.jpg,6,cityscapes
img006112.jpg,proj/cityscapes/img006112.jpg,6,cityscapes
img007646.jpg,proj/cityscapes/img007646.jpg,6,cityscapes
img007480.jpg,proj/cityscapes/img007480.jpg,6,cityscapes
img007620.jpg,proj/cityscapes/img007620.jpg,6,cityscapes
img006537.jpg,proj/cityscapes/img006537.jpg,6,cityscapes
img006222.jpg,proj/cityscapes/img006222.jpg,6,cityscapes
img006505.jpg,proj/cityscapes/img006505.jpg,6,cityscapes
img006739.jpg,proj/cityscapes/img006739.jpg,6,cityscapes
img007665.jpg,proj/cityscapes/img007665.jpg,6,cityscapes
img006925.jpg,proj/cityscapes/img006925.jpg,6,cityscapes
img007140.jpg,proj/cityscapes/img007140.jpg,6,cityscapes
img006359.jpg,proj/cityscapes/img006359.jpg,6,cityscapes
img007138.jpg,proj/cityscapes/img007138.jpg,6,cityscapes
img007202.jpg,proj/cityscapes/img007202.jpg,6,cityscapes
img007924.jpg,proj/cityscapes/img007924.jpg,6,cityscapes
img007206.jpg,proj/cityscapes/img007206.jpg,6,cityscapes
img007177.jpg,proj/cityscapes/img007177.jpg,6,cityscapes
img007892.jpg,proj/cityscapes/img007892.jpg,6,cityscapes
img007458.jpg,proj/cityscapes/img007458.jpg,6,cityscapes
img007021.jpg,proj/cityscapes/img007021.jpg,6,cityscapes
img007675.jpg,proj/cityscapes/img007675.jpg,6,cityscapes
img006498.jpg,proj/cityscapes/img006498.jpg,6,cityscapes
img007191.jpg,proj/cityscapes/img007191.jpg,6,cityscapes
img007273.jpg,proj/cityscapes/img007273.jpg,6,cityscapes
img007517.jpg,proj/cityscapes/img007517.jpg,6,cityscapes
img006157.jpg,proj/cityscapes/img006157.jpg,6,cityscapes
img007616.jpg,proj/cityscapes/img007616.jpg,6,cityscapes
img006027.jpg,proj/cityscapes/img006027.jpg,6,cityscapes
img007136.jpg,proj/cityscapes/img007136.jpg,6,cityscapes
img006282.jpg,proj/cityscapes/img006282.jpg,6,cityscapes
img007919.jpg,proj/cityscapes/img007919.jpg,6,cityscapes
img006900.jpg,proj/cityscapes/img006900.jpg,6,cityscapes
img007558.jpg,proj/cityscapes/img007558.jpg,6,cityscapes
img007681.jpg,proj/cityscapes/img007681.jpg,6,cityscapes
img007509.jpg,proj/cityscapes/img007509.jpg,6,cityscapes
img006921.jpg,proj/cityscapes/img006921.jpg,6,cityscapes
img006736.jpg,proj/cityscapes/img006736.jpg,6,cityscapes
img006275.jpg,proj/cityscapes/img006275.jpg,6,cityscapes
img007270.jpg,proj/cityscapes/img007270.jpg,6,cityscapes
img007126.jpg,proj/cityscapes/img007126.jpg,6,cityscapes
img007826.jpg,proj/cityscapes/img007826.jpg,6,cityscapes
img007171.jpg,proj/cityscapes/img007171.jpg,6,cityscapes
img006039.jpg,proj/cityscapes/img006039.jpg,6,cityscapes
img007677.jpg,proj/cityscapes/img007677.jpg,6,cityscapes
img006107.jpg,proj/cityscapes/img006107.jpg,6,cityscapes
img006884.jpg,proj/cityscapes/img006884.jpg,6,cityscapes
img007267.jpg,proj/cityscapes/img007267.jpg,6,cityscapes
img006045.jpg,proj/cityscapes/img006045.jpg,6,cityscapes
img006020.jpg,proj/cityscapes/img006020.jpg,6,cityscapes
img006806.jpg,proj/cityscapes/img006806.jpg,6,cityscapes
img007086.jpg,proj/cityscapes/img007086.jpg,6,cityscapes
img007969.jpg,proj/cityscapes/img007969.jpg,6,cityscapes
img007907.jpg,proj/cityscapes/img007907.jpg,6,cityscapes
img007792.jpg,proj/cityscapes/img007792.jpg,6,cityscapes
img006232.jpg,proj/cityscapes/img006232.jpg,6,cityscapes
img007499.jpg,proj/cityscapes/img007499.jpg,6,cityscapes
img007319.jpg,proj/cityscapes/img007319.jpg,6,cityscapes
img007094.jpg,proj/cityscapes/img007094.jpg,6,cityscapes
img006380.jpg,proj/cityscapes/img006380.jpg,6,cityscapes
img006737.jpg,proj/cityscapes/img006737.jpg,6,cityscapes
img007044.jpg,proj/cityscapes/img007044.jpg,6,cityscapes
img006209.jpg,proj/cityscapes/img006209.jpg,6,cityscapes
img007305.jpg,proj/cityscapes/img007305.jpg,6,cityscapes
img007463.jpg,proj/cityscapes/img007463.jpg,6,cityscapes
img006486.jpg,proj/cityscapes/img006486.jpg,6,cityscapes
img007090.jpg,proj/cityscapes/img007090.jpg,6,cityscapes
img006808.jpg,proj/cityscapes/img006808.jpg,6,cityscapes
img006991.jpg,proj/cityscapes/img006991.jpg,6,cityscapes
img006378.jpg,proj/cityscapes/img006378.jpg,6,cityscapes
img006920.jpg,proj/cityscapes/img006920.jpg,6,cityscapes
img006096.jpg,proj/cityscapes/img006096.jpg,6,cityscapes
img006437.jpg,proj/cityscapes/img006437.jpg,6,cityscapes
img006447.jpg,proj/cityscapes/img006447.jpg,6,cityscapes
img007220.jpg,proj/cityscapes/img007220.jpg,6,cityscapes
img007182.jpg,proj/cityscapes/img007182.jpg,6,cityscapes
img007930.jpg,proj/cityscapes/img007930.jpg,6,cityscapes
img007955.jpg,proj/cityscapes/img007955.jpg,6,cityscapes
img007750.jpg,proj/cityscapes/img007750.jpg,6,cityscapes
img006270.jpg,proj/cityscapes/img006270.jpg,6,cityscapes
img007228.jpg,proj/cityscapes/img007228.jpg,6,cityscapes
img007404.jpg,proj/cityscapes/img007404.jpg,6,cityscapes
img007434.jpg,proj/cityscapes/img007434.jpg,6,cityscapes
img007475.jpg,proj/cityscapes/img007475.jpg,6,cityscapes
img006578.jpg,proj/cityscapes/img006578.jpg,6,cityscapes
img007397.jpg,proj/cityscapes/img007397.jpg,6,cityscapes
img006346.jpg,proj/cityscapes/img006346.jpg,6,cityscapes
img006726.jpg,proj/cityscapes/img006726.jpg,6,cityscapes
img006918.jpg,proj/cityscapes/img006918.jpg,6,cityscapes
img007962.jpg,proj/cityscapes/img007962.jpg,6,cityscapes
img007453.jpg,proj/cityscapes/img007453.jpg,6,cityscapes
img007533.jpg,proj/cityscapes/img007533.jpg,6,cityscapes
img007742.jpg,proj/cityscapes/img007742.jpg,6,cityscapes
img006897.jpg,proj/cityscapes/img006897.jpg,6,cityscapes
img006141.jpg,proj/cityscapes/img006141.jpg,6,cityscapes
img006234.jpg,proj/cityscapes/img006234.jpg,6,cityscapes
img007098.jpg,proj/cityscapes/img007098.jpg,6,cityscapes
img006197.jpg,proj/cityscapes/img006197.jpg,6,cityscapes
img007912.jpg,proj/cityscapes/img007912.jpg,6,cityscapes
img007008.jpg,proj/cityscapes/img007008.jpg,6,cityscapes
img007777.jpg,proj/cityscapes/img007777.jpg,6,cityscapes
img007185.jpg,proj/cityscapes/img007185.jpg,6,cityscapes
img007823.jpg,proj/cityscapes/img007823.jpg,6,cityscapes
img007814.jpg,proj/cityscapes/img007814.jpg,6,cityscapes
img007277.jpg,proj/cityscapes/img007277.jpg,6,cityscapes
img007859.jpg,proj/cityscapes/img007859.jpg,6,cityscapes
img006083.jpg,proj/cityscapes/img006083.jpg,6,cityscapes
img006648.jpg,proj/cityscapes/img006648.jpg,6,cityscapes
img006495.jpg,proj/cityscapes/img006495.jpg,6,cityscapes
img007416.jpg,proj/cityscapes/img007416.jpg,6,cityscapes
img007825.jpg,proj/cityscapes/img007825.jpg,6,cityscapes
img006625.jpg,proj/cityscapes/img006625.jpg,6,cityscapes
img007322.jpg,proj/cityscapes/img007322.jpg,6,cityscapes
img007320.jpg,proj/cityscapes/img007320.jpg,6,cityscapes
img006458.jpg,proj/cityscapes/img006458.jpg,6,cityscapes
img006479.jpg,proj/cityscapes/img006479.jpg,6,cityscapes
img007318.jpg,proj/cityscapes/img007318.jpg,6,cityscapes
img007455.jpg,proj/cityscapes/img007455.jpg,6,cityscapes
img006061.jpg,proj/cityscapes/img006061.jpg,6,cityscapes
img007089.jpg,proj/cityscapes/img007089.jpg,6,cityscapes
img006155.jpg,proj/cityscapes/img006155.jpg,6,cityscapes
img006744.jpg,proj/cityscapes/img006744.jpg,6,cityscapes
img007445.jpg,proj/cityscapes/img007445.jpg,6,cityscapes
img007513.jpg,proj/cityscapes/img007513.jpg,6,cityscapes
img006074.jpg,proj/cityscapes/img006074.jpg,6,cityscapes
img006416.jpg,proj/cityscapes/img006416.jpg,6,cityscapes
img007573.jpg,proj/cityscapes/img007573.jpg,6,cityscapes
img006407.jpg,proj/cityscapes/img006407.jpg,6,cityscapes
img007985.jpg,proj/cityscapes/img007985.jpg,6,cityscapes
img006392.jpg,proj/cityscapes/img006392.jpg,6,cityscapes
img006821.jpg,proj/cityscapes/img006821.jpg,6,cityscapes
img006917.jpg,proj/cityscapes/img006917.jpg,6,cityscapes
img006010.jpg,proj/cityscapes/img006010.jpg,6,cityscapes
img006310.jpg,proj/cityscapes/img006310.jpg,6,cityscapes
img007751.jpg,proj/cityscapes/img007751.jpg,6,cityscapes
img006353.jpg,proj/cityscapes/img006353.jpg,6,cityscapes
img006302.jpg,proj/cityscapes/img006302.jpg,6,cityscapes
img006193.jpg,proj/cityscapes/img006193.jpg,6,cityscapes
img007763.jpg,proj/cityscapes/img007763.jpg,6,cityscapes
img006740.jpg,proj/cityscapes/img006740.jpg,6,cityscapes
img006963.jpg,proj/cityscapes/img006963.jpg,6,cityscapes
img006391.jpg,proj/cityscapes/img006391.jpg,6,cityscapes
img006217.jpg,proj/cityscapes/img006217.jpg,6,cityscapes
img007796.jpg,proj/cityscapes/img007796.jpg,6,cityscapes
img007577.jpg,proj/cityscapes/img007577.jpg,6,cityscapes
img006763.jpg,proj/cityscapes/img006763.jpg,6,cityscapes
img006649.jpg,proj/cityscapes/img006649.jpg,6,cityscapes
img007402.jpg,proj/cityscapes/img007402.jpg,6,cityscapes
img006812.jpg,proj/cityscapes/img006812.jpg,6,cityscapes
img006835.jpg,proj/cityscapes/img006835.jpg,6,cityscapes
img006476.jpg,proj/cityscapes/img006476.jpg,6,cityscapes
img006776.jpg,proj/cityscapes/img006776.jpg,6,cityscapes
img006388.jpg,proj/cityscapes/img006388.jpg,6,cityscapes
img007076.jpg,proj/cityscapes/img007076.jpg,6,cityscapes
img006843.jpg,proj/cityscapes/img006843.jpg,6,cityscapes
img006276.jpg,proj/cityscapes/img006276.jpg,6,cityscapes
img006428.jpg,proj/cityscapes/img006428.jpg,6,cityscapes
img006867.jpg,proj/cityscapes/img006867.jpg,6,cityscapes
img007250.jpg,proj/cityscapes/img007250.jpg,6,cityscapes
img007687.jpg,proj/cityscapes/img007687.jpg,6,cityscapes
img006143.jpg,proj/cityscapes/img006143.jpg,6,cityscapes
img006136.jpg,proj/cityscapes/img006136.jpg,6,cityscapes
img007800.jpg,proj/cityscapes/img007800.jpg,6,cityscapes
img006672.jpg,proj/cityscapes/img006672.jpg,6,cityscapes
img006653.jpg,proj/cityscapes/img006653.jpg,6,cityscapes
img007146.jpg,proj/cityscapes/img007146.jpg,6,cityscapes
img006725.jpg,proj/cityscapes/img006725.jpg,6,cityscapes
img006109.jpg,proj/cityscapes/img006109.jpg,6,cityscapes
img007484.jpg,proj/cityscapes/img007484.jpg,6,cityscapes
img006756.jpg,proj/cityscapes/img006756.jpg,6,cityscapes
img007557.jpg,proj/cityscapes/img007557.jpg,6,cityscapes
img006070.jpg,proj/cityscapes/img006070.jpg,6,cityscapes
img006707.jpg,proj/cityscapes/img006707.jpg,6,cityscapes
img007811.jpg,proj/cityscapes/img007811.jpg,6,cityscapes
img007926.jpg,proj/cityscapes/img007926.jpg,6,cityscapes
img007233.jpg,proj/cityscapes/img007233.jpg,6,cityscapes
img007613.jpg,proj/cityscapes/img007613.jpg,6,cityscapes
img006733.jpg,proj/cityscapes/img006733.jpg,6,cityscapes
img007964.jpg,proj/cityscapes/img007964.jpg,6,cityscapes
img006477.jpg,proj/cityscapes/img006477.jpg,6,cityscapes
img006414.jpg,proj/cityscapes/img006414.jpg,6,cityscapes
img007205.jpg,proj/cityscapes/img007205.jpg,6,cityscapes
img006273.jpg,proj/cityscapes/img006273.jpg,6,cityscapes
img006650.jpg,proj/cityscapes/img006650.jpg,6,cityscapes
img007139.jpg,proj/cityscapes/img007139.jpg,6,cityscapes
img007774.jpg,proj/cityscapes/img007774.jpg,6,cityscapes
img006504.jpg,proj/cityscapes/img006504.jpg,6,cityscapes
img006628.jpg,proj/cityscapes/img006628.jpg,6,cityscapes
img007586.jpg,proj/cityscapes/img007586.jpg,6,cityscapes
img006309.jpg,proj/cityscapes/img006309.jpg,6,cityscapes
img006369.jpg,proj/cityscapes/img006369.jpg,6,cityscapes
img007125.jpg,proj/cityscapes/img007125.jpg,6,cityscapes
img006127.jpg,proj/cityscapes/img006127.jpg,6,cityscapes
img007974.jpg,proj/cityscapes/img007974.jpg,6,cityscapes
img006079.jpg,proj/cityscapes/img006079.jpg,6,cityscapes
img006336.jpg,proj/cityscapes/img006336.jpg,6,cityscapes
img007263.jpg,proj/cityscapes/img007263.jpg,6,cityscapes
img007464.jpg,proj/cityscapes/img007464.jpg,6,cityscapes
img006592.jpg,proj/cityscapes/img006592.jpg,6,cityscapes
img006480.jpg,proj/cityscapes/img006480.jpg,6,cityscapes
img006669.jpg,proj/cityscapes/img006669.jpg,6,cityscapes
img007289.jpg,proj/cityscapes/img007289.jpg,6,cityscapes
img007507.jpg,proj/cityscapes/img007507.jpg,6,cityscapes
img006237.jpg,proj/cityscapes/img006237.jpg,6,cityscapes
img007104.jpg,proj/cityscapes/img007104.jpg,6,cityscapes
img006566.jpg,proj/cityscapes/img006566.jpg,6,cityscapes
img006685.jpg,proj/cityscapes/img006685.jpg,6,cityscapes
img007174.jpg,proj/cityscapes/img007174.jpg,6,cityscapes
img007567.jpg,proj/cityscapes/img007567.jpg,6,cityscapes
img007840.jpg,proj/cityscapes/img007840.jpg,6,cityscapes
img006636.jpg,proj/cityscapes/img006636.jpg,6,cityscapes
img006794.jpg,proj/cityscapes/img006794.jpg,6,cityscapes
img006262.jpg,proj/cityscapes/img006262.jpg,6,cityscapes
img007436.jpg,proj/cityscapes/img007436.jpg,6,cityscapes
img006435.jpg,proj/cityscapes/img006435.jpg,6,cityscapes
img006828.jpg,proj/cityscapes/img006828.jpg,6,cityscapes
img006236.jpg,proj/cityscapes/img006236.jpg,6,cityscapes
img007693.jpg,proj/cityscapes/img007693.jpg,6,cityscapes
img006700.jpg,proj/cityscapes/img006700.jpg,6,cityscapes
img007246.jpg,proj/cityscapes/img007246.jpg,6,cityscapes
img006912.jpg,proj/cityscapes/img006912.jpg,6,cityscapes
img006615.jpg,proj/cityscapes/img006615.jpg,6,cityscapes
img006711.jpg,proj/cityscapes/img006711.jpg,6,cityscapes
img006368.jpg,proj/cityscapes/img006368.jpg,6,cityscapes
img007697.jpg,proj/cityscapes/img007697.jpg,6,cityscapes
img006849.jpg,proj/cityscapes/img006849.jpg,6,cityscapes
img006411.jpg,proj/cityscapes/img006411.jpg,6,cityscapes
img006617.jpg,proj/cityscapes/img006617.jpg,6,cityscapes
img007240.jpg,proj/cityscapes/img007240.jpg,6,cityscapes
img007873.jpg,proj/cityscapes/img007873.jpg,6,cityscapes
img006169.jpg,proj/cityscapes/img006169.jpg,6,cityscapes
img006178.jpg,proj/cityscapes/img006178.jpg,6,cityscapes
img007439.jpg,proj/cityscapes/img007439.jpg,6,cityscapes
img007938.jpg,proj/cityscapes/img007938.jpg,6,cityscapes
img007359.jpg,proj/cityscapes/img007359.jpg,6,cityscapes
img006117.jpg,proj/cityscapes/img006117.jpg,6,cityscapes
img007266.jpg,proj/cityscapes/img007266.jpg,6,cityscapes
img007373.jpg,proj/cityscapes/img007373.jpg,6,cityscapes
img007393.jpg,proj/cityscapes/img007393.jpg,6,cityscapes
img007795.jpg,proj/cityscapes/img007795.jpg,6,cityscapes
img007129.jpg,proj/cityscapes/img007129.jpg,6,cityscapes
img007954.jpg,proj/cityscapes/img007954.jpg,6,cityscapes
img007301.jpg,proj/cityscapes/img007301.jpg,6,cityscapes
img007894.jpg,proj/cityscapes/img007894.jpg,6,cityscapes
img006426.jpg,proj/cityscapes/img006426.jpg,6,cityscapes
img007701.jpg,proj/cityscapes/img007701.jpg,6,cityscapes
img006515.jpg,proj/cityscapes/img006515.jpg,6,cityscapes
img007280.jpg,proj/cityscapes/img007280.jpg,6,cityscapes
img007702.jpg,proj/cityscapes/img007702.jpg,6,cityscapes
img006992.jpg,proj/cityscapes/img006992.jpg,6,cityscapes
img006695.jpg,proj/cityscapes/img006695.jpg,6,cityscapes
img006123.jpg,proj/cityscapes/img006123.jpg,6,cityscapes
img006266.jpg,proj/cityscapes/img006266.jpg,6,cityscapes
img006395.jpg,proj/cityscapes/img006395.jpg,6,cityscapes
img006987.jpg,proj/cityscapes/img006987.jpg,6,cityscapes
img006569.jpg,proj/cityscapes/img006569.jpg,6,cityscapes
img007156.jpg,proj/cityscapes/img007156.jpg,6,cityscapes
img006978.jpg,proj/cityscapes/img006978.jpg,6,cityscapes
img007632.jpg,proj/cityscapes/img007632.jpg,6,cityscapes
img007341.jpg,proj/cityscapes/img007341.jpg,6,cityscapes
img006363.jpg,proj/cityscapes/img006363.jpg,6,cityscapes
img007229.jpg,proj/cityscapes/img007229.jpg,6,cityscapes
img006448.jpg,proj/cityscapes/img006448.jpg,6,cityscapes
img006219.jpg,proj/cityscapes/img006219.jpg,6,cityscapes
img007383.jpg,proj/cityscapes/img007383.jpg,6,cityscapes
img007287.jpg,proj/cityscapes/img007287.jpg,6,cityscapes
img007331.jpg,proj/cityscapes/img007331.jpg,6,cityscapes
img006433.jpg,proj/cityscapes/img006433.jpg,6,cityscapes
img006686.jpg,proj/cityscapes/img006686.jpg,6,cityscapes
img007394.jpg,proj/cityscapes/img007394.jpg,6,cityscapes
img007353.jpg,proj/cityscapes/img007353.jpg,6,cityscapes
img007978.jpg,proj/cityscapes/img007978.jpg,6,cityscapes
img007294.jpg,proj/cityscapes/img007294.jpg,6,cityscapes
img006676.jpg,proj/cityscapes/img006676.jpg,6,cityscapes
img007503.jpg,proj/cityscapes/img007503.jpg,6,cityscapes
img006339.jpg,proj/cityscapes/img006339.jpg,6,cityscapes
img006563.jpg,proj/cityscapes/img006563.jpg,6,cityscapes
img006984.jpg,proj/cityscapes/img006984.jpg,6,cityscapes
img007818.jpg,proj/cityscapes/img007818.jpg,6,cityscapes
img007838.jpg,proj/cityscapes/img007838.jpg,6,cityscapes
img006727.jpg,proj/cityscapes/img006727.jpg,6,cityscapes
img007655.jpg,proj/cityscapes/img007655.jpg,6,cityscapes
img006021.jpg,proj/cityscapes/img006021.jpg,6,cityscapes
img007704.jpg,proj/cityscapes/img007704.jpg,6,cityscapes
img007965.jpg,proj/cityscapes/img007965.jpg,6,cityscapes
img006751.jpg,proj/cityscapes/img006751.jpg,6,cityscapes
img006091.jpg,proj/cityscapes/img006091.jpg,6,cityscapes
img006734.jpg,proj/cityscapes/img006734.jpg,6,cityscapes
img007103.jpg,proj/cityscapes/img007103.jpg,6,cityscapes
img006257.jpg,proj/cityscapes/img006257.jpg,6,cityscapes
img007829.jpg,proj/cityscapes/img007829.jpg,6,cityscapes
img006184.jpg,proj/cityscapes/img006184.jpg,6,cityscapes
img007114.jpg,proj/cityscapes/img007114.jpg,6,cityscapes
img006000.jpg,proj/cityscapes/img006000.jpg,6,cityscapes
img007298.jpg,proj/cityscapes/img007298.jpg,6,cityscapes
img006147.jpg,proj/cityscapes/img006147.jpg,6,cityscapes
img007595.jpg,proj/cityscapes/img007595.jpg,6,cityscapes
img006980.jpg,proj/cityscapes/img006980.jpg,6,cityscapes
img006140.jpg,proj/cityscapes/img006140.jpg,6,cityscapes
img006600.jpg,proj/cityscapes/img006600.jpg,6,cityscapes
img006034.jpg,proj/cityscapes/img006034.jpg,6,cityscapes
img006720.jpg,proj/cityscapes/img006720.jpg,6,cityscapes
img006786.jpg,proj/cityscapes/img006786.jpg,6,cityscapes
img007410.jpg,proj/cityscapes/img007410.jpg,6,cityscapes
img007447.jpg,proj/cityscapes/img007447.jpg,6,cityscapes
img006017.jpg,proj/cityscapes/img006017.jpg,6,cityscapes
img006446.jpg,proj/cityscapes/img006446.jpg,6,cityscapes
img007045.jpg,proj/cityscapes/img007045.jpg,6,cityscapes
img007744.jpg,proj/cityscapes/img007744.jpg,6,cityscapes
img007241.jpg,proj/cityscapes/img007241.jpg,6,cityscapes
img007569.jpg,proj/cityscapes/img007569.jpg,6,cityscapes
img007831.jpg,proj/cityscapes/img007831.jpg,6,cityscapes
img006635.jpg,proj/cityscapes/img006635.jpg,6,cityscapes
img007582.jpg,proj/cityscapes/img007582.jpg,6,cityscapes
img007623.jpg,proj/cityscapes/img007623.jpg,6,cityscapes
img006666.jpg,proj/cityscapes/img006666.jpg,6,cityscapes
img006876.jpg,proj/cityscapes/img006876.jpg,6,cityscapes
img007680.jpg,proj/cityscapes/img007680.jpg,6,cityscapes
img007283.jpg,proj/cityscapes/img007283.jpg,6,cityscapes
img006146.jpg,proj/cityscapes/img006146.jpg,6,cityscapes
img006706.jpg,proj/cityscapes/img006706.jpg,6,cityscapes
img007835.jpg,proj/cityscapes/img007835.jpg,6,cityscapes
img007384.jpg,proj/cityscapes/img007384.jpg,6,cityscapes
img007788.jpg,proj/cityscapes/img007788.jpg,6,cityscapes
img007459.jpg,proj/cityscapes/img007459.jpg,6,cityscapes
img007601.jpg,proj/cityscapes/img007601.jpg,6,cityscapes
img006875.jpg,proj/cityscapes/img006875.jpg,6,cityscapes
img007186.jpg,proj/cityscapes/img007186.jpg,6,cityscapes
img006386.jpg,proj/cityscapes/img006386.jpg,6,cityscapes
img006539.jpg,proj/cityscapes/img006539.jpg,6,cityscapes
img006060.jpg,proj/cityscapes/img006060.jpg,6,cityscapes
img006152.jpg,proj/cityscapes/img006152.jpg,6,cityscapes
img007344.jpg,proj/cityscapes/img007344.jpg,6,cityscapes
img006837.jpg,proj/cityscapes/img006837.jpg,6,cityscapes
img006657.jpg,proj/cityscapes/img006657.jpg,6,cityscapes
img007255.jpg,proj/cityscapes/img007255.jpg,6,cityscapes
img007910.jpg,proj/cityscapes/img007910.jpg,6,cityscapes
img007861.jpg,proj/cityscapes/img007861.jpg,6,cityscapes
img006150.jpg,proj/cityscapes/img006150.jpg,6,cityscapes
img006098.jpg,proj/cityscapes/img006098.jpg,6,cityscapes
img006582.jpg,proj/cityscapes/img006582.jpg,6,cityscapes
img006390.jpg,proj/cityscapes/img006390.jpg,6,cityscapes
img006645.jpg,proj/cityscapes/img006645.jpg,6,cityscapes
img006154.jpg,proj/cityscapes/img006154.jpg,6,cityscapes
img007179.jpg,proj/cityscapes/img007179.jpg,6,cityscapes
img006482.jpg,proj/cityscapes/img006482.jpg,6,cityscapes
img006889.jpg,proj/cityscapes/img006889.jpg,6,cityscapes
img006099.jpg,proj/cityscapes/img006099.jpg,6,cityscapes
img006624.jpg,proj/cityscapes/img006624.jpg,6,cityscapes
img006546.jpg,proj/cityscapes/img006546.jpg,6,cityscapes
img007281.jpg,proj/cityscapes/img007281.jpg,6,cityscapes
img006932.jpg,proj/cityscapes/img006932.jpg,6,cityscapes
img006765.jpg,proj/cityscapes/img006765.jpg,6,cityscapes
img007850.jpg,proj/cityscapes/img007850.jpg,6,cityscapes
img006517.jpg,proj/cityscapes/img006517.jpg,6,cityscapes
img007151.jpg,proj/cityscapes/img007151.jpg,6,cityscapes
img007272.jpg,proj/cityscapes/img007272.jpg,6,cityscapes
img006898.jpg,proj/cityscapes/img006898.jpg,6,cityscapes
img006960.jpg,proj/cityscapes/img006960.jpg,6,cityscapes
img006955.jpg,proj/cityscapes/img006955.jpg,6,cityscapes
img006792.jpg,proj/cityscapes/img006792.jpg,6,cityscapes
img006761.jpg,proj/cityscapes/img006761.jpg,6,cityscapes
img007746.jpg,proj/cityscapes/img007746.jpg,6,cityscapes
img007525.jpg,proj/cityscapes/img007525.jpg,6,cityscapes
img007426.jpg,proj/cityscapes/img007426.jpg,6,cityscapes
img007264.jpg,proj/cityscapes/img007264.jpg,6,cityscapes
img006618.jpg,proj/cityscapes/img006618.jpg,6,cityscapes
img007012.jpg,proj/cityscapes/img007012.jpg,6,cityscapes
img007343.jpg,proj/cityscapes/img007343.jpg,6,cityscapes
img006681.jpg,proj/cityscapes/img006681.jpg,6,cityscapes
img007648.jpg,proj/cityscapes/img007648.jpg,6,cityscapes
img007399.jpg,proj/cityscapes/img007399.jpg,6,cityscapes
img006874.jpg,proj/cityscapes/img006874.jpg,6,cityscapes
img006492.jpg,proj/cityscapes/img006492.jpg,6,cityscapes
img006286.jpg,proj/cityscapes/img006286.jpg,6,cityscapes
img007716.jpg,proj/cityscapes/img007716.jpg,6,cityscapes
img006944.jpg,proj/cityscapes/img006944.jpg,6,cityscapes
img007922.jpg,proj/cityscapes/img007922.jpg,6,cityscapes
img006488.jpg,proj/cityscapes/img006488.jpg,6,cityscapes
img007541.jpg,proj/cityscapes/img007541.jpg,6,cityscapes
img007833.jpg,proj/cityscapes/img007833.jpg,6,cityscapes
img007085.jpg,proj/cityscapes/img007085.jpg,6,cityscapes
img007703.jpg,proj/cityscapes/img007703.jpg,6,cityscapes
img006308.jpg,proj/cityscapes/img006308.jpg,6,cityscapes
img006859.jpg,proj/cityscapes/img006859.jpg,6,cityscapes
img006172.jpg,proj/cityscapes/img006172.jpg,6,cityscapes
img007019.jpg,proj/cityscapes/img007019.jpg,6,cityscapes
img006271.jpg,proj/cityscapes/img006271.jpg,6,cityscapes
img007871.jpg,proj/cityscapes/img007871.jpg,6,cityscapes
img007042.jpg,proj/cityscapes/img007042.jpg,6,cityscapes
img006781.jpg,proj/cityscapes/img006781.jpg,6,cityscapes
img006788.jpg,proj/cityscapes/img006788.jpg,6,cityscapes
img007678.jpg,proj/cityscapes/img007678.jpg,6,cityscapes
img006597.jpg,proj/cityscapes/img006597.jpg,6,cityscapes
img006622.jpg,proj/cityscapes/img006622.jpg,6,cityscapes
img006285.jpg,proj/cityscapes/img006285.jpg,6,cityscapes
img006747.jpg,proj/cityscapes/img006747.jpg,6,cityscapes
img007719.jpg,proj/cityscapes/img007719.jpg,6,cityscapes
img007559.jpg,proj/cityscapes/img007559.jpg,6,cityscapes
img006702.jpg,proj/cityscapes/img006702.jpg,6,cityscapes
img006409.jpg,proj/cityscapes/img006409.jpg,6,cityscapes
img007548.jpg,proj/cityscapes/img007548.jpg,6,cityscapes
img006549.jpg,proj/cityscapes/img006549.jpg,6,cityscapes
img006741.jpg,proj/cityscapes/img006741.jpg,6,cityscapes
img006527.jpg,proj/cityscapes/img006527.jpg,6,cityscapes
img006777.jpg,proj/cityscapes/img006777.jpg,6,cityscapes
img006350.jpg,proj/cityscapes/img006350.jpg,6,cityscapes
img007951.jpg,proj/cityscapes/img007951.jpg,6,cityscapes
img006062.jpg,proj/cityscapes/img006062.jpg,6,cityscapes
img006239.jpg,proj/cityscapes/img006239.jpg,6,cityscapes
img006431.jpg,proj/cityscapes/img006431.jpg,6,cityscapes
img007880.jpg,proj/cityscapes/img007880.jpg,6,cityscapes
img007903.jpg,proj/cityscapes/img007903.jpg,6,cityscapes
img007597.jpg,proj/cityscapes/img007597.jpg,6,cityscapes
img006063.jpg,proj/cityscapes/img006063.jpg,6,cityscapes
img006329.jpg,proj/cityscapes/img006329.jpg,6,cityscapes
img007629.jpg,proj/cityscapes/img007629.jpg,6,cityscapes
img007007.jpg,proj/cityscapes/img007007.jpg,6,cityscapes
img006312.jpg,proj/cityscapes/img006312.jpg,6,cityscapes
img007081.jpg,proj/cityscapes/img007081.jpg,6,cityscapes
img006454.jpg,proj/cityscapes/img006454.jpg,6,cityscapes
img006607.jpg,proj/cityscapes/img006607.jpg,6,cityscapes
img007306.jpg,proj/cityscapes/img007306.jpg,6,cityscapes
img006820.jpg,proj/cityscapes/img006820.jpg,6,cityscapes
img007793.jpg,proj/cityscapes/img007793.jpg,6,cityscapes
img007546.jpg,proj/cityscapes/img007546.jpg,6,cityscapes
img007243.jpg,proj/cityscapes/img007243.jpg,6,cityscapes
img006058.jpg,proj/cityscapes/img006058.jpg,6,cityscapes
img006204.jpg,proj/cityscapes/img006204.jpg,6,cityscapes
img006130.jpg,proj/cityscapes/img006130.jpg,6,cityscapes
img007340.jpg,proj/cityscapes/img007340.jpg,6,cityscapes
img006827.jpg,proj/cityscapes/img006827.jpg,6,cityscapes
img007847.jpg,proj/cityscapes/img007847.jpg,6,cityscapes
img007109.jpg,proj/cityscapes/img007109.jpg,6,cityscapes
img007452.jpg,proj/cityscapes/img007452.jpg,6,cityscapes
img006800.jpg,proj/cityscapes/img006800.jpg,6,cityscapes
img007495.jpg,proj/cityscapes/img007495.jpg,6,cityscapes
img007521.jpg,proj/cityscapes/img007521.jpg,6,cityscapes
img006317.jpg,proj/cityscapes/img006317.jpg,6,cityscapes
img006366.jpg,proj/cityscapes/img006366.jpg,6,cityscapes
img006037.jpg,proj/cityscapes/img006037.jpg,6,cityscapes
img006651.jpg,proj/cityscapes/img006651.jpg,6,cityscapes
img006410.jpg,proj/cityscapes/img006410.jpg,6,cityscapes
img007538.jpg,proj/cityscapes/img007538.jpg,6,cityscapes
img007054.jpg,proj/cityscapes/img007054.jpg,6,cityscapes
img007628.jpg,proj/cityscapes/img007628.jpg,6,cityscapes
img007508.jpg,proj/cityscapes/img007508.jpg,6,cityscapes
img007435.jpg,proj/cityscapes/img007435.jpg,6,cityscapes
img007084.jpg,proj/cityscapes/img007084.jpg,6,cityscapes
img006823.jpg,proj/cityscapes/img006823.jpg,6,cityscapes
img007807.jpg,proj/cityscapes/img007807.jpg,6,cityscapes
img006846.jpg,proj/cityscapes/img006846.jpg,6,cityscapes
img007841.jpg,proj/cityscapes/img007841.jpg,6,cityscapes
img007092.jpg,proj/cityscapes/img007092.jpg,6,cityscapes
img006199.jpg,proj/cityscapes/img006199.jpg,6,cityscapes
img006490.jpg,proj/cityscapes/img006490.jpg,6,cityscapes
img007325.jpg,proj/cityscapes/img007325.jpg,6,cityscapes
img007690.jpg,proj/cityscapes/img007690.jpg,6,cityscapes
img006012.jpg,proj/cityscapes/img006012.jpg,6,cityscapes
img007815.jpg,proj/cityscapes/img007815.jpg,6,cityscapes
img006691.jpg,proj/cityscapes/img006691.jpg,6,cityscapes
img006365.jpg,proj/cityscapes/img006365.jpg,6,cityscapes
img007542.jpg,proj/cityscapes/img007542.jpg,6,cityscapes
img006716.jpg,proj/cityscapes/img006716.jpg,6,cityscapes
img007686.jpg,proj/cityscapes/img007686.jpg,6,cityscapes
img007917.jpg,proj/cityscapes/img007917.jpg,6,cityscapes
img006930.jpg,proj/cityscapes/img006930.jpg,6,cityscapes
img007571.jpg,proj/cityscapes/img007571.jpg,6,cityscapes
img007293.jpg,proj/cityscapes/img007293.jpg,6,cityscapes
img007851.jpg,proj/cityscapes/img007851.jpg,6,cityscapes
img007329.jpg,proj/cityscapes/img007329.jpg,6,cityscapes
img006124.jpg,proj/cityscapes/img006124.jpg,6,cityscapes
img007238.jpg,proj/cityscapes/img007238.jpg,6,cityscapes
img006919.jpg,proj/cityscapes/img006919.jpg,6,cityscapes
img007518.jpg,proj/cityscapes/img007518.jpg,6,cityscapes
img007988.jpg,proj/cityscapes/img007988.jpg,6,cityscapes
img007418.jpg,proj/cityscapes/img007418.jpg,6,cityscapes
img006481.jpg,proj/cityscapes/img006481.jpg,6,cityscapes
img006710.jpg,proj/cityscapes/img006710.jpg,6,cityscapes
img006129.jpg,proj/cityscapes/img006129.jpg,6,cityscapes
img006538.jpg,proj/cityscapes/img006538.jpg,6,cityscapes
img006046.jpg,proj/cityscapes/img006046.jpg,6,cityscapes
img007967.jpg,proj/cityscapes/img007967.jpg,6,cityscapes
img007700.jpg,proj/cityscapes/img007700.jpg,6,cityscapes
img006824.jpg,proj/cityscapes/img006824.jpg,6,cityscapes
img006793.jpg,proj/cityscapes/img006793.jpg,6,cityscapes
img006201.jpg,proj/cityscapes/img006201.jpg,6,cityscapes
img007946.jpg,proj/cityscapes/img007946.jpg,6,cityscapes
img007877.jpg,proj/cityscapes/img007877.jpg,6,cityscapes
img006104.jpg,proj/cityscapes/img006104.jpg,6,cityscapes
img006344.jpg,proj/cityscapes/img006344.jpg,6,cityscapes
img007032.jpg,proj/cityscapes/img007032.jpg,6,cityscapes
img006703.jpg,proj/cityscapes/img006703.jpg,6,cityscapes
img007041.jpg,proj/cityscapes/img007041.jpg,6,cityscapes
img007575.jpg,proj/cityscapes/img007575.jpg,6,cityscapes
img007450.jpg,proj/cityscapes/img007450.jpg,6,cityscapes
img006015.jpg,proj/cityscapes/img006015.jpg,6,cityscapes
img007766.jpg,proj/cityscapes/img007766.jpg,6,cityscapes
img007013.jpg,proj/cityscapes/img007013.jpg,6,cityscapes
img006252.jpg,proj/cityscapes/img006252.jpg,6,cityscapes
img007853.jpg,proj/cityscapes/img007853.jpg,6,cityscapes
img007970.jpg,proj/cityscapes/img007970.jpg,6,cityscapes
img006289.jpg,proj/cityscapes/img006289.jpg,6,cityscapes
img006254.jpg,proj/cityscapes/img006254.jpg,6,cityscapes
img007933.jpg,proj/cityscapes/img007933.jpg,6,cityscapes
img007725.jpg,proj/cityscapes/img007725.jpg,6,cityscapes
img006292.jpg,proj/cityscapes/img006292.jpg,6,cityscapes
img007245.jpg,proj/cityscapes/img007245.jpg,6,cityscapes
img007133.jpg,proj/cityscapes/img007133.jpg,6,cityscapes
img006602.jpg,proj/cityscapes/img006602.jpg,6,cityscapes
img006093.jpg,proj/cityscapes/img006093.jpg,6,cityscapes
img007878.jpg,proj/cityscapes/img007878.jpg,6,cityscapes
img007059.jpg,proj/cityscapes/img007059.jpg,6,cityscapes
img006478.jpg,proj/cityscapes/img006478.jpg,6,cityscapes
img006796.jpg,proj/cityscapes/img006796.jpg,6,cityscapes
img007491.jpg,proj/cityscapes/img007491.jpg,6,cityscapes
img006629.jpg,proj/cityscapes/img006629.jpg,6,cityscapes
img007360.jpg,proj/cityscapes/img007360.jpg,6,cityscapes
img007695.jpg,proj/cityscapes/img007695.jpg,6,cityscapes
img006999.jpg,proj/cityscapes/img006999.jpg,6,cityscapes
img007363.jpg,proj/cityscapes/img007363.jpg,6,cityscapes
img006665.jpg,proj/cityscapes/img006665.jpg,6,cityscapes
img006281.jpg,proj/cityscapes/img006281.jpg,6,cityscapes
img006598.jpg,proj/cityscapes/img006598.jpg,6,cityscapes
img006965.jpg,proj/cityscapes/img006965.jpg,6,cityscapes
img007657.jpg,proj/cityscapes/img007657.jpg,6,cityscapes
img006205.jpg,proj/cityscapes/img006205.jpg,6,cityscapes
img007302.jpg,proj/cityscapes/img007302.jpg,6,cityscapes
img007204.jpg,proj/cityscapes/img007204.jpg,6,cityscapes
img006735.jpg,proj/cityscapes/img006735.jpg,6,cityscapes
img007865.jpg,proj/cityscapes/img007865.jpg,6,cityscapes
img006280.jpg,proj/cityscapes/img006280.jpg,6,cityscapes
img006933.jpg,proj/cityscapes/img006933.jpg,6,cityscapes
img007904.jpg,proj/cityscapes/img007904.jpg,6,cityscapes
img006230.jpg,proj/cityscapes/img006230.jpg,6,cityscapes
img007376.jpg,proj/cityscapes/img007376.jpg,6,cityscapes
img007432.jpg,proj/cityscapes/img007432.jpg,6,cityscapes
img007637.jpg,proj/cityscapes/img007637.jpg,6,cityscapes
img007030.jpg,proj/cityscapes/img007030.jpg,6,cityscapes
img006166.jpg,proj/cityscapes/img006166.jpg,6,cityscapes
img006324.jpg,proj/cityscapes/img006324.jpg,6,cityscapes
img006673.jpg,proj/cityscapes/img006673.jpg,6,cityscapes
img007313.jpg,proj/cityscapes/img007313.jpg,6,cityscapes
img006227.jpg,proj/cityscapes/img006227.jpg,6,cityscapes
img006690.jpg,proj/cityscapes/img006690.jpg,6,cityscapes
img006853.jpg,proj/cityscapes/img006853.jpg,6,cityscapes
img006677.jpg,proj/cityscapes/img006677.jpg,6,cityscapes
img006996.jpg,proj/cityscapes/img006996.jpg,6,cityscapes
img006265.jpg,proj/cityscapes/img006265.jpg,6,cityscapes
img007237.jpg,proj/cityscapes/img007237.jpg,6,cityscapes
img007356.jpg,proj/cityscapes/img007356.jpg,6,cityscapes
img006443.jpg,proj/cityscapes/img006443.jpg,6,cityscapes
img007137.jpg,proj/cityscapes/img007137.jpg,6,cityscapes
img006106.jpg,proj/cityscapes/img006106.jpg,6,cityscapes
img007231.jpg,proj/cityscapes/img007231.jpg,6,cityscapes
img006939.jpg,proj/cityscapes/img006939.jpg,6,cityscapes
img007379.jpg,proj/cityscapes/img007379.jpg,6,cityscapes
img007560.jpg,proj/cityscapes/img007560.jpg,6,cityscapes
img007608.jpg,proj/cityscapes/img007608.jpg,6,cityscapes
img006851.jpg,proj/cityscapes/img006851.jpg,6,cityscapes
img007545.jpg,proj/cityscapes/img007545.jpg,6,cityscapes
img007990.jpg,proj/cityscapes/img007990.jpg,6,cityscapes
img006040.jpg,proj/cityscapes/img006040.jpg,6,cityscapes
img007232.jpg,proj/cityscapes/img007232.jpg,6,cityscapes
img007754.jpg,proj/cityscapes/img007754.jpg,6,cityscapes
img006935.jpg,proj/cityscapes/img006935.jpg,6,cityscapes
img006364.jpg,proj/cityscapes/img006364.jpg,6,cityscapes
img007006.jpg,proj/cityscapes/img007006.jpg,6,cityscapes
img007351.jpg,proj/cityscapes/img007351.jpg,6,cityscapes
img006189.jpg,proj/cityscapes/img006189.jpg,6,cityscapes
img007589.jpg,proj/cityscapes/img007589.jpg,6,cityscapes
img006746.jpg,proj/cityscapes/img006746.jpg,6,cityscapes
img007052.jpg,proj/cityscapes/img007052.jpg,6,cityscapes
img006723.jpg,proj/cityscapes/img006723.jpg,6,cityscapes
img006080.jpg,proj/cityscapes/img006080.jpg,6,cityscapes
img006469.jpg,proj/cityscapes/img006469.jpg,6,cityscapes
img006556.jpg,proj/cityscapes/img006556.jpg,6,cityscapes
img007561.jpg,proj/cityscapes/img007561.jpg,6,cityscapes
img006957.jpg,proj/cityscapes/img006957.jpg,6,cityscapes
img006708.jpg,proj/cityscapes/img006708.jpg,6,cityscapes
img007790.jpg,proj/cityscapes/img007790.jpg,6,cityscapes
img007522.jpg,proj/cityscapes/img007522.jpg,6,cityscapes
img006148.jpg,proj/cityscapes/img006148.jpg,6,cityscapes
img007889.jpg,proj/cityscapes/img007889.jpg,6,cityscapes
img006758.jpg,proj/cityscapes/img006758.jpg,6,cityscapes
img007338.jpg,proj/cityscapes/img007338.jpg,6,cityscapes
img006841.jpg,proj/cityscapes/img006841.jpg,6,cityscapes
img006961.jpg,proj/cityscapes/img006961.jpg,6,cityscapes
img006128.jpg,proj/cityscapes/img006128.jpg,6,cityscapes
img007192.jpg,proj/cityscapes/img007192.jpg,6,cityscapes
img007566.jpg,proj/cityscapes/img007566.jpg,6,cityscapes
img007827.jpg,proj/cityscapes/img007827.jpg,6,cityscapes
img006852.jpg,proj/cityscapes/img006852.jpg,6,cityscapes
img007025.jpg,proj/cityscapes/img007025.jpg,6,cityscapes
img007639.jpg,proj/cityscapes/img007639.jpg,6,cityscapes
img007749.jpg,proj/cityscapes/img007749.jpg,6,cityscapes
img007252.jpg,proj/cityscapes/img007252.jpg,6,cityscapes
img007276.jpg,proj/cityscapes/img007276.jpg,6,cityscapes
img006775.jpg,proj/cityscapes/img006775.jpg,6,cityscapes
img006671.jpg,proj/cityscapes/img006671.jpg,6,cityscapes
img006035.jpg,proj/cityscapes/img006035.jpg,6,cityscapes
img006899.jpg,proj/cityscapes/img006899.jpg,6,cityscapes
img007993.jpg,proj/cityscapes/img007993.jpg,6,cityscapes
img007532.jpg,proj/cityscapes/img007532.jpg,6,cityscapes
img006810.jpg,proj/cityscapes/img006810.jpg,6,cityscapes
img007324.jpg,proj/cityscapes/img007324.jpg,6,cityscapes
img007460.jpg,proj/cityscapes/img007460.jpg,6,cityscapes
img006969.jpg,proj/cityscapes/img006969.jpg,6,cityscapes
img007335.jpg,proj/cityscapes/img007335.jpg,6,cityscapes
img007948.jpg,proj/cityscapes/img007948.jpg,6,cityscapes
img006795.jpg,proj/cityscapes/img006795.jpg,6,cityscapes
img007355.jpg,proj/cityscapes/img007355.jpg,6,cityscapes
img007315.jpg,proj/cityscapes/img007315.jpg,6,cityscapes
img006523.jpg,proj/cityscapes/img006523.jpg,6,cityscapes
img007979.jpg,proj/cityscapes/img007979.jpg,6,cityscapes
img006082.jpg,proj/cityscapes/img006082.jpg,6,cityscapes
img006489.jpg,proj/cityscapes/img006489.jpg,6,cityscapes
img006914.jpg,proj/cityscapes/img006914.jpg,6,cityscapes
img006360.jpg,proj/cityscapes/img006360.jpg,6,cityscapes
img006503.jpg,proj/cityscapes/img006503.jpg,6,cityscapes
img006982.jpg,proj/cityscapes/img006982.jpg,6,cityscapes
img006188.jpg,proj/cityscapes/img006188.jpg,6,cityscapes
img007987.jpg,proj/cityscapes/img007987.jpg,6,cityscapes
img007705.jpg,proj/cityscapes/img007705.jpg,6,cityscapes
img006755.jpg,proj/cityscapes/img006755.jpg,6,cityscapes
img007392.jpg,proj/cityscapes/img007392.jpg,6,cityscapes
img007326.jpg,proj/cityscapes/img007326.jpg,6,cityscapes
img006977.jpg,proj/cityscapes/img006977.jpg,6,cityscapes
img007578.jpg,proj/cityscapes/img007578.jpg,6,cityscapes
img006121.jpg,proj/cityscapes/img006121.jpg,6,cityscapes
img007635.jpg,proj/cityscapes/img007635.jpg,6,cityscapes
img006338.jpg,proj/cityscapes/img006338.jpg,6,cityscapes
img007371.jpg,proj/cityscapes/img007371.jpg,6,cityscapes
img006200.jpg,proj/cityscapes/img006200.jpg,6,cityscapes
img006242.jpg,proj/cityscapes/img006242.jpg,6,cityscapes
img006995.jpg,proj/cityscapes/img006995.jpg,6,cityscapes
img007808.jpg,proj/cityscapes/img007808.jpg,6,cityscapes
img007467.jpg,proj/cityscapes/img007467.jpg,6,cityscapes
img007767.jpg,proj/cityscapes/img007767.jpg,6,cityscapes
img006675.jpg,proj/cityscapes/img006675.jpg,6,cityscapes
img006032.jpg,proj/cityscapes/img006032.jpg,6,cityscapes
img007278.jpg,proj/cityscapes/img007278.jpg,6,cityscapes
img006901.jpg,proj/cityscapes/img006901.jpg,6,cityscapes
img006714.jpg,proj/cityscapes/img006714.jpg,6,cityscapes
img006848.jpg,proj/cityscapes/img006848.jpg,6,cityscapes
img007816.jpg,proj/cityscapes/img007816.jpg,6,cityscapes
img006558.jpg,proj/cityscapes/img006558.jpg,6,cityscapes
img007684.jpg,proj/cityscapes/img007684.jpg,6,cityscapes
img007881.jpg,proj/cityscapes/img007881.jpg,6,cityscapes
img007772.jpg,proj/cityscapes/img007772.jpg,6,cityscapes
img007696.jpg,proj/cityscapes/img007696.jpg,6,cityscapes
img006305.jpg,proj/cityscapes/img006305.jpg,6,cityscapes
img007257.jpg,proj/cityscapes/img007257.jpg,6,cityscapes
img006519.jpg,proj/cityscapes/img006519.jpg,6,cityscapes
img007960.jpg,proj/cityscapes/img007960.jpg,6,cityscapes
img006028.jpg,proj/cityscapes/img006028.jpg,6,cityscapes
img006634.jpg,proj/cityscapes/img006634.jpg,6,cityscapes
img006026.jpg,proj/cityscapes/img006026.jpg,6,cityscapes
img007617.jpg,proj/cityscapes/img007617.jpg,6,cityscapes
img007388.jpg,proj/cityscapes/img007388.jpg,6,cityscapes
img006554.jpg,proj/cityscapes/img006554.jpg,6,cityscapes
img006745.jpg,proj/cityscapes/img006745.jpg,6,cityscapes
img006613.jpg,proj/cityscapes/img006613.jpg,6,cityscapes
img007349.jpg,proj/cityscapes/img007349.jpg,6,cityscapes
img007883.jpg,proj/cityscapes/img007883.jpg,6,cityscapes
img007221.jpg,proj/cityscapes/img007221.jpg,6,cityscapes
img006342.jpg,proj/cityscapes/img006342.jpg,6,cityscapes
img006858.jpg,proj/cityscapes/img006858.jpg,6,cityscapes
img007868.jpg,proj/cityscapes/img007868.jpg,6,cityscapes
img007888.jpg,proj/cityscapes/img007888.jpg,6,cityscapes
img007500.jpg,proj/cityscapes/img007500.jpg,6,cityscapes
img007268.jpg,proj/cityscapes/img007268.jpg,6,cityscapes
img006791.jpg,proj/cityscapes/img006791.jpg,6,cityscapes
img007093.jpg,proj/cityscapes/img007093.jpg,6,cityscapes
img006879.jpg,proj/cityscapes/img006879.jpg,6,cityscapes
img006161.jpg,proj/cityscapes/img006161.jpg,6,cityscapes
img006351.jpg,proj/cityscapes/img006351.jpg,6,cityscapes
img006288.jpg,proj/cityscapes/img006288.jpg,6,cityscapes
img006654.jpg,proj/cityscapes/img006654.jpg,6,cityscapes
img006194.jpg,proj/cityscapes/img006194.jpg,6,cityscapes
img006438.jpg,proj/cityscapes/img006438.jpg,6,cityscapes
img007212.jpg,proj/cityscapes/img007212.jpg,6,cityscapes
img007543.jpg,proj/cityscapes/img007543.jpg,6,cityscapes
img007999.jpg,proj/cityscapes/img007999.jpg,6,cityscapes
img006927.jpg,proj/cityscapes/img006927.jpg,6,cityscapes
img006577.jpg,proj/cityscapes/img006577.jpg,6,cityscapes
img006283.jpg,proj/cityscapes/img006283.jpg,6,cityscapes
img007872.jpg,proj/cityscapes/img007872.jpg,6,cityscapes
img007067.jpg,proj/cityscapes/img007067.jpg,6,cityscapes
img007845.jpg,proj/cityscapes/img007845.jpg,6,cityscapes
img007082.jpg,proj/cityscapes/img007082.jpg,6,cityscapes
img006319.jpg,proj/cityscapes/img006319.jpg,6,cityscapes
img007421.jpg,proj/cityscapes/img007421.jpg,6,cityscapes
img007752.jpg,proj/cityscapes/img007752.jpg,6,cityscapes
img006931.jpg,proj/cityscapes/img006931.jpg,6,cityscapes
img006997.jpg,proj/cityscapes/img006997.jpg,6,cityscapes
img006966.jpg,proj/cityscapes/img006966.jpg,6,cityscapes
img007398.jpg,proj/cityscapes/img007398.jpg,6,cityscapes
img006948.jpg,proj/cityscapes/img006948.jpg,6,cityscapes
img007187.jpg,proj/cityscapes/img007187.jpg,6,cityscapes
img006327.jpg,proj/cityscapes/img006327.jpg,6,cityscapes
img007540.jpg,proj/cityscapes/img007540.jpg,6,cityscapes
img007552.jpg,proj/cityscapes/img007552.jpg,6,cityscapes
img007339.jpg,proj/cityscapes/img007339.jpg,6,cityscapes
img007442.jpg,proj/cityscapes/img007442.jpg,6,cityscapes
img007973.jpg,proj/cityscapes/img007973.jpg,6,cityscapes
img007891.jpg,proj/cityscapes/img007891.jpg,6,cityscapes
img007647.jpg,proj/cityscapes/img007647.jpg,6,cityscapes
img006754.jpg,proj/cityscapes/img006754.jpg,6,cityscapes
img006413.jpg,proj/cityscapes/img006413.jpg,6,cityscapes
img007574.jpg,proj/cityscapes/img007574.jpg,6,cityscapes
img007372.jpg,proj/cityscapes/img007372.jpg,6,cityscapes
img006911.jpg,proj/cityscapes/img006911.jpg,6,cityscapes
img006787.jpg,proj/cityscapes/img006787.jpg,6,cityscapes
img006994.jpg,proj/cityscapes/img006994.jpg,6,cityscapes
img006938.jpg,proj/cityscapes/img006938.jpg,6,cityscapes
img006429.jpg,proj/cityscapes/img006429.jpg,6,cityscapes
img006185.jpg,proj/cityscapes/img006185.jpg,6,cityscapes
img006424.jpg,proj/cityscapes/img006424.jpg,6,cityscapes
img007778.jpg,proj/cityscapes/img007778.jpg,6,cityscapes
img006251.jpg,proj/cityscapes/img006251.jpg,6,cityscapes
img006785.jpg,proj/cityscapes/img006785.jpg,6,cityscapes
img007535.jpg,proj/cityscapes/img007535.jpg,6,cityscapes
img006173.jpg,proj/cityscapes/img006173.jpg,6,cityscapes
img007105.jpg,proj/cityscapes/img007105.jpg,6,cityscapes
img006259.jpg,proj/cityscapes/img006259.jpg,6,cityscapes
img006356.jpg,proj/cityscapes/img006356.jpg,6,cityscapes
img007682.jpg,proj/cityscapes/img007682.jpg,6,cityscapes
img006717.jpg,proj/cityscapes/img006717.jpg,6,cityscapes
img007307.jpg,proj/cityscapes/img007307.jpg,6,cityscapes
img007102.jpg,proj/cityscapes/img007102.jpg,6,cityscapes
img007197.jpg,proj/cityscapes/img007197.jpg,6,cityscapes
img006910.jpg,proj/cityscapes/img006910.jpg,6,cityscapes
img007101.jpg,proj/cityscapes/img007101.jpg,6,cityscapes
img006902.jpg,proj/cityscapes/img006902.jpg,6,cityscapes
img006011.jpg,proj/cityscapes/img006011.jpg,6,cityscapes
img006891.jpg,proj/cityscapes/img006891.jpg,6,cityscapes
img007514.jpg,proj/cityscapes/img007514.jpg,6,cityscapes
img006002.jpg,proj/cityscapes/img006002.jpg,6,cityscapes
img006296.jpg,proj/cityscapes/img006296.jpg,6,cityscapes
img006973.jpg,proj/cityscapes/img006973.jpg,6,cityscapes
img006179.jpg,proj/cityscapes/img006179.jpg,6,cityscapes
img007900.jpg,proj/cityscapes/img007900.jpg,6,cityscapes
img006224.jpg,proj/cityscapes/img006224.jpg,6,cityscapes
img007311.jpg,proj/cityscapes/img007311.jpg,6,cityscapes
img007195.jpg,proj/cityscapes/img007195.jpg,6,cityscapes
img007465.jpg,proj/cityscapes/img007465.jpg,6,cityscapes
img006940.jpg,proj/cityscapes/img006940.jpg,6,cityscapes
img006419.jpg,proj/cityscapes/img006419.jpg,6,cityscapes
img006947.jpg,proj/cityscapes/img006947.jpg,6,cityscapes
img007048.jpg,proj/cityscapes/img007048.jpg,6,cityscapes
img006246.jpg,proj/cityscapes/img006246.jpg,6,cityscapes
img006370.jpg,proj/cityscapes/img006370.jpg,6,cityscapes
img007108.jpg,proj/cityscapes/img007108.jpg,6,cityscapes
img007537.jpg,proj/cityscapes/img007537.jpg,6,cityscapes
img007515.jpg,proj/cityscapes/img007515.jpg,6,cityscapes
img007666.jpg,proj/cityscapes/img007666.jpg,6,cityscapes
img007803.jpg,proj/cityscapes/img007803.jpg,6,cityscapes
img007446.jpg,proj/cityscapes/img007446.jpg,6,cityscapes
img007258.jpg,proj/cityscapes/img007258.jpg,6,cityscapes
img007723.jpg,proj/cityscapes/img007723.jpg,6,cityscapes
img007063.jpg,proj/cityscapes/img007063.jpg,6,cityscapes
img006868.jpg,proj/cityscapes/img006868.jpg,6,cityscapes
img007942.jpg,proj/cityscapes/img007942.jpg,6,cityscapes
img007624.jpg,proj/cityscapes/img007624.jpg,6,cityscapes
img006256.jpg,proj/cityscapes/img006256.jpg,6,cityscapes
img007405.jpg,proj/cityscapes/img007405.jpg,6,cityscapes
img007449.jpg,proj/cityscapes/img007449.jpg,6,cityscapes
img006182.jpg,proj/cityscapes/img006182.jpg,6,cityscapes
img007642.jpg,proj/cityscapes/img007642.jpg,6,cityscapes
img006176.jpg,proj/cityscapes/img006176.jpg,6,cityscapes
img006928.jpg,proj/cityscapes/img006928.jpg,6,cityscapes
img006277.jpg,proj/cityscapes/img006277.jpg,6,cityscapes
img006967.jpg,proj/cityscapes/img006967.jpg,6,cityscapes
img006111.jpg,proj/cityscapes/img006111.jpg,6,cityscapes
img007181.jpg,proj/cityscapes/img007181.jpg,6,cityscapes
img006970.jpg,proj/cityscapes/img006970.jpg,6,cityscapes
img006585.jpg,proj/cityscapes/img006585.jpg,6,cityscapes
img006181.jpg,proj/cityscapes/img006181.jpg,6,cityscapes
img006374.jpg,proj/cityscapes/img006374.jpg,6,cityscapes
img007249.jpg,proj/cityscapes/img007249.jpg,6,cityscapes
img006857.jpg,proj/cityscapes/img006857.jpg,6,cityscapes
img006936.jpg,proj/cityscapes/img006936.jpg,6,cityscapes
img007304.jpg,proj/cityscapes/img007304.jpg,6,cityscapes
img006297.jpg,proj/cityscapes/img006297.jpg,6,cityscapes
img006770.jpg,proj/cityscapes/img006770.jpg,6,cityscapes
img006235.jpg,proj/cityscapes/img006235.jpg,6,cityscapes
img007699.jpg,proj/cityscapes/img007699.jpg,6,cityscapes
img006348.jpg,proj/cityscapes/img006348.jpg,6,cityscapes
img006412.jpg,proj/cityscapes/img006412.jpg,6,cityscapes
img007194.jpg,proj/cityscapes/img007194.jpg,6,cityscapes
img006291.jpg,proj/cityscapes/img006291.jpg,6,cityscapes
img007618.jpg,proj/cityscapes/img007618.jpg,6,cityscapes
img006606.jpg,proj/cityscapes/img006606.jpg,6,cityscapes
img006895.jpg,proj/cityscapes/img006895.jpg,6,cityscapes
img007801.jpg,proj/cityscapes/img007801.jpg,6,cityscapes
img006604.jpg,proj/cityscapes/img006604.jpg,6,cityscapes
img006301.jpg,proj/cityscapes/img006301.jpg,6,cityscapes
img006149.jpg,proj/cityscapes/img006149.jpg,6,cityscapes
img007288.jpg,proj/cityscapes/img007288.jpg,6,cityscapes
img007361.jpg,proj/cityscapes/img007361.jpg,6,cityscapes
img007625.jpg,proj/cityscapes/img007625.jpg,6,cityscapes
img007461.jpg,proj/cityscapes/img007461.jpg,6,cityscapes
img006059.jpg,proj/cityscapes/img006059.jpg,6,cityscapes
img007184.jpg,proj/cityscapes/img007184.jpg,6,cityscapes
img006906.jpg,proj/cityscapes/img006906.jpg,6,cityscapes
img006687.jpg,proj/cityscapes/img006687.jpg,6,cityscapes
img006655.jpg,proj/cityscapes/img006655.jpg,6,cityscapes
img006888.jpg,proj/cityscapes/img006888.jpg,6,cityscapes
img007122.jpg,proj/cityscapes/img007122.jpg,6,cityscapes
img007424.jpg,proj/cityscapes/img007424.jpg,6,cityscapes
img006439.jpg,proj/cityscapes/img006439.jpg,6,cityscapes
img007936.jpg,proj/cityscapes/img007936.jpg,6,cityscapes
img007707.jpg,proj/cityscapes/img007707.jpg,6,cityscapes
img007852.jpg,proj/cityscapes/img007852.jpg,6,cityscapes
img007944.jpg,proj/cityscapes/img007944.jpg,6,cityscapes
img007691.jpg,proj/cityscapes/img007691.jpg,6,cityscapes
img006122.jpg,proj/cityscapes/img006122.jpg,6,cityscapes
img007190.jpg,proj/cityscapes/img007190.jpg,6,cityscapes
img007683.jpg,proj/cityscapes/img007683.jpg,6,cityscapes
img006878.jpg,proj/cityscapes/img006878.jpg,6,cityscapes
img007469.jpg,proj/cityscapes/img007469.jpg,6,cityscapes
img007728.jpg,proj/cityscapes/img007728.jpg,6,cityscapes
img006674.jpg,proj/cityscapes/img006674.jpg,6,cityscapes
img007854.jpg,proj/cityscapes/img007854.jpg,6,cityscapes
img006253.jpg,proj/cityscapes/img006253.jpg,6,cityscapes
img007516.jpg,proj/cityscapes/img007516.jpg,6,cityscapes
img006211.jpg,proj/cityscapes/img006211.jpg,6,cityscapes
img006248.jpg,proj/cityscapes/img006248.jpg,6,cityscapes
img006856.jpg,proj/cityscapes/img006856.jpg,6,cityscapes
img007441.jpg,proj/cityscapes/img007441.jpg,6,cityscapes
img007879.jpg,proj/cityscapes/img007879.jpg,6,cityscapes
img007941.jpg,proj/cityscapes/img007941.jpg,6,cityscapes
img007413.jpg,proj/cityscapes/img007413.jpg,6,cityscapes
img007947.jpg,proj/cityscapes/img007947.jpg,6,cityscapes
img007166.jpg,proj/cityscapes/img007166.jpg,6,cityscapes
img006511.jpg,proj/cityscapes/img006511.jpg,6,cityscapes
img006085.jpg,proj/cityscapes/img006085.jpg,6,cityscapes
img007553.jpg,proj/cityscapes/img007553.jpg,6,cityscapes
img007132.jpg,proj/cityscapes/img007132.jpg,6,cityscapes
img006345.jpg,proj/cityscapes/img006345.jpg,6,cityscapes
img006069.jpg,proj/cityscapes/img006069.jpg,6,cityscapes
img007193.jpg,proj/cityscapes/img007193.jpg,6,cityscapes
img007819.jpg,proj/cityscapes/img007819.jpg,6,cityscapes
img007468.jpg,proj/cityscapes/img007468.jpg,6,cityscapes
img007698.jpg,proj/cityscapes/img007698.jpg,6,cityscapes
img007259.jpg,proj/cityscapes/img007259.jpg,6,cityscapes
img006418.jpg,proj/cityscapes/img006418.jpg,6,cityscapes
img007768.jpg,proj/cityscapes/img007768.jpg,6,cityscapes
img007106.jpg,proj/cityscapes/img007106.jpg,6,cityscapes
img006203.jpg,proj/cityscapes/img006203.jpg,6,cityscapes
img006881.jpg,proj/cityscapes/img006881.jpg,6,cityscapes
img007144.jpg,proj/cityscapes/img007144.jpg,6,cityscapes
img007893.jpg,proj/cityscapes/img007893.jpg,6,cityscapes
img006385.jpg,proj/cityscapes/img006385.jpg,6,cityscapes
img006573.jpg,proj/cityscapes/img006573.jpg,6,cityscapes
img006731.jpg,proj/cityscapes/img006731.jpg,6,cityscapes
img007091.jpg,proj/cityscapes/img007091.jpg,6,cityscapes
img006250.jpg,proj/cityscapes/img006250.jpg,6,cityscapes
img006298.jpg,proj/cityscapes/img006298.jpg,6,cityscapes
img007590.jpg,proj/cityscapes/img007590.jpg,6,cityscapes
img007633.jpg,proj/cityscapes/img007633.jpg,6,cityscapes
img007100.jpg,proj/cityscapes/img007100.jpg,6,cityscapes
img007448.jpg,proj/cityscapes/img007448.jpg,6,cityscapes
img007412.jpg,proj/cityscapes/img007412.jpg,6,cityscapes
img006596.jpg,proj/cityscapes/img006596.jpg,6,cityscapes
img007485.jpg,proj/cityscapes/img007485.jpg,6,cityscapes
img007244.jpg,proj/cityscapes/img007244.jpg,6,cityscapes
img007901.jpg,proj/cityscapes/img007901.jpg,6,cityscapes
img006981.jpg,proj/cityscapes/img006981.jpg,6,cityscapes
img006732.jpg,proj/cityscapes/img006732.jpg,6,cityscapes
img007275.jpg,proj/cityscapes/img007275.jpg,6,cityscapes
img007837.jpg,proj/cityscapes/img007837.jpg,6,cityscapes
img006214.jpg,proj/cityscapes/img006214.jpg,6,cityscapes
img006003.jpg,proj/cityscapes/img006003.jpg,6,cityscapes
img006402.jpg,proj/cityscapes/img006402.jpg,6,cityscapes
img006551.jpg,proj/cityscapes/img006551.jpg,6,cityscapes
img006560.jpg,proj/cityscapes/img006560.jpg,6,cityscapes
img007717.jpg,proj/cityscapes/img007717.jpg,6,cityscapes
img007038.jpg,proj/cityscapes/img007038.jpg,6,cityscapes
img007706.jpg,proj/cityscapes/img007706.jpg,6,cityscapes
img006462.jpg,proj/cityscapes/img006462.jpg,6,cityscapes
img006833.jpg,proj/cityscapes/img006833.jpg,6,cityscapes
img006807.jpg,proj/cityscapes/img006807.jpg,6,cityscapes
img007074.jpg,proj/cityscapes/img007074.jpg,6,cityscapes
img007203.jpg,proj/cityscapes/img007203.jpg,6,cityscapes
img006183.jpg,proj/cityscapes/img006183.jpg,6,cityscapes
img007884.jpg,proj/cityscapes/img007884.jpg,6,cityscapes
img006268.jpg,proj/cityscapes/img006268.jpg,6,cityscapes
img007528.jpg,proj/cityscapes/img007528.jpg,6,cityscapes
img006405.jpg,proj/cityscapes/img006405.jpg,6,cityscapes
img007382.jpg,proj/cityscapes/img007382.jpg,6,cityscapes
img007462.jpg,proj/cityscapes/img007462.jpg,6,cityscapes
img007776.jpg,proj/cityscapes/img007776.jpg,6,cityscapes
img006728.jpg,proj/cityscapes/img006728.jpg,6,cityscapes
img007409.jpg,proj/cityscapes/img007409.jpg,6,cityscapes
img007895.jpg,proj/cityscapes/img007895.jpg,6,cityscapes
img007214.jpg,proj/cityscapes/img007214.jpg,6,cityscapes
img007857.jpg,proj/cityscapes/img007857.jpg,6,cityscapes
img007603.jpg,proj/cityscapes/img007603.jpg,6,cityscapes
img007180.jpg,proj/cityscapes/img007180.jpg,6,cityscapes
img006241.jpg,proj/cityscapes/img006241.jpg,6,cityscapes
img007346.jpg,proj/cityscapes/img007346.jpg,6,cityscapes
img006506.jpg,proj/cityscapes/img006506.jpg,6,cityscapes
img006465.jpg,proj/cityscapes/img006465.jpg,6,cityscapes
img006870.jpg,proj/cityscapes/img006870.jpg,6,cityscapes
img007055.jpg,proj/cityscapes/img007055.jpg,6,cityscapes
img006945.jpg,proj/cityscapes/img006945.jpg,6,cityscapes
img007470.jpg,proj/cityscapes/img007470.jpg,6,cityscapes
img006432.jpg,proj/cityscapes/img006432.jpg,6,cityscapes
img007729.jpg,proj/cityscapes/img007729.jpg,6,cityscapes
img006719.jpg,proj/cityscapes/img006719.jpg,6,cityscapes
img006024.jpg,proj/cityscapes/img006024.jpg,6,cityscapes
img007496.jpg,proj/cityscapes/img007496.jpg,6,cityscapes
img006113.jpg,proj/cityscapes/img006113.jpg,6,cityscapes
img007981.jpg,proj/cityscapes/img007981.jpg,6,cityscapes
img006075.jpg,proj/cityscapes/img006075.jpg,6,cityscapes
img006896.jpg,proj/cityscapes/img006896.jpg,6,cityscapes
img006422.jpg,proj/cityscapes/img006422.jpg,6,cityscapes
img006131.jpg,proj/cityscapes/img006131.jpg,6,cityscapes
img006382.jpg,proj/cityscapes/img006382.jpg,6,cityscapes
img007161.jpg,proj/cityscapes/img007161.jpg,6,cityscapes
img007694.jpg,proj/cityscapes/img007694.jpg,6,cityscapes
img007846.jpg,proj/cityscapes/img007846.jpg,6,cityscapes
img007095.jpg,proj/cityscapes/img007095.jpg,6,cityscapes
img006187.jpg,proj/cityscapes/img006187.jpg,6,cityscapes
img006508.jpg,proj/cityscapes/img006508.jpg,6,cityscapes
img006922.jpg,proj/cityscapes/img006922.jpg,6,cityscapes
img007713.jpg,proj/cityscapes/img007713.jpg,6,cityscapes
img007870.jpg,proj/cityscapes/img007870.jpg,6,cityscapes
img006279.jpg,proj/cityscapes/img006279.jpg,6,cityscapes
img007034.jpg,proj/cityscapes/img007034.jpg,6,cityscapes
img006885.jpg,proj/cityscapes/img006885.jpg,6,cityscapes
img006261.jpg,proj/cityscapes/img006261.jpg,6,cityscapes
img006081.jpg,proj/cityscapes/img006081.jpg,6,cityscapes
img006450.jpg,proj/cityscapes/img006450.jpg,6,cityscapes
img006861.jpg,proj/cityscapes/img006861.jpg,6,cityscapes
img006909.jpg,proj/cityscapes/img006909.jpg,6,cityscapes
img006668.jpg,proj/cityscapes/img006668.jpg,6,cityscapes
img007327.jpg,proj/cityscapes/img007327.jpg,6,cityscapes
img007127.jpg,proj/cityscapes/img007127.jpg,6,cityscapes
img007961.jpg,proj/cityscapes/img007961.jpg,6,cityscapes
img006809.jpg,proj/cityscapes/img006809.jpg,6,cityscapes
img007183.jpg,proj/cityscapes/img007183.jpg,6,cityscapes
img006322.jpg,proj/cityscapes/img006322.jpg,6,cityscapes
img006959.jpg,proj/cityscapes/img006959.jpg,6,cityscapes
img007347.jpg,proj/cityscapes/img007347.jpg,6,cityscapes
img007740.jpg,proj/cityscapes/img007740.jpg,6,cityscapes
img007198.jpg,proj/cityscapes/img007198.jpg,6,cityscapes
img006213.jpg,proj/cityscapes/img006213.jpg,6,cityscapes
img006683.jpg,proj/cityscapes/img006683.jpg,6,cityscapes
img006171.jpg,proj/cityscapes/img006171.jpg,6,cityscapes
img006831.jpg,proj/cityscapes/img006831.jpg,6,cityscapes
img007626.jpg,proj/cityscapes/img007626.jpg,6,cityscapes
img007120.jpg,proj/cityscapes/img007120.jpg,6,cityscapes
img007927.jpg,proj/cityscapes/img007927.jpg,6,cityscapes
img006576.jpg,proj/cityscapes/img006576.jpg,6,cityscapes
img007898.jpg,proj/cityscapes/img007898.jpg,6,cityscapes
img007083.jpg,proj/cityscapes/img007083.jpg,6,cityscapes
img006442.jpg,proj/cityscapes/img006442.jpg,6,cityscapes
img007662.jpg,proj/cityscapes/img007662.jpg,6,cityscapes
img006609.jpg,proj/cityscapes/img006609.jpg,6,cityscapes
img007332.jpg,proj/cityscapes/img007332.jpg,6,cityscapes
img007377.jpg,proj/cityscapes/img007377.jpg,6,cityscapes
img007530.jpg,proj/cityscapes/img007530.jpg,6,cityscapes
img006066.jpg,proj/cityscapes/img006066.jpg,6,cityscapes
img007576.jpg,proj/cityscapes/img007576.jpg,6,cityscapes
img006952.jpg,proj/cityscapes/img006952.jpg,6,cityscapes
img006371.jpg,proj/cityscapes/img006371.jpg,6,cityscapes
img006915.jpg,proj/cityscapes/img006915.jpg,6,cityscapes
img007134.jpg,proj/cityscapes/img007134.jpg,6,cityscapes
img006817.jpg,proj/cityscapes/img006817.jpg,6,cityscapes
img007225.jpg,proj/cityscapes/img007225.jpg,6,cityscapes
img007734.jpg,proj/cityscapes/img007734.jpg,6,cityscapes
img006335.jpg,proj/cityscapes/img006335.jpg,6,cityscapes
img006661.jpg,proj/cityscapes/img006661.jpg,6,cityscapes
img006865.jpg,proj/cityscapes/img006865.jpg,6,cityscapes
img006397.jpg,proj/cityscapes/img006397.jpg,6,cityscapes
img006652.jpg,proj/cityscapes/img006652.jpg,6,cityscapes
img006748.jpg,proj/cityscapes/img006748.jpg,6,cityscapes
img006115.jpg,proj/cityscapes/img006115.jpg,6,cityscapes
img006318.jpg,proj/cityscapes/img006318.jpg,6,cityscapes
img006126.jpg,proj/cityscapes/img006126.jpg,6,cityscapes
img007897.jpg,proj/cityscapes/img007897.jpg,6,cityscapes
img007636.jpg,proj/cityscapes/img007636.jpg,6,cityscapes
img006119.jpg,proj/cityscapes/img006119.jpg,6,cityscapes
img006036.jpg,proj/cityscapes/img006036.jpg,6,cityscapes
img006516.jpg,proj/cityscapes/img006516.jpg,6,cityscapes
img006328.jpg,proj/cityscapes/img006328.jpg,6,cityscapes
img006696.jpg,proj/cityscapes/img006696.jpg,6,cityscapes
img007350.jpg,proj/cityscapes/img007350.jpg,6,cityscapes
img006863.jpg,proj/cityscapes/img006863.jpg,6,cityscapes
img006854.jpg,proj/cityscapes/img006854.jpg,6,cityscapes
img006245.jpg,proj/cityscapes/img006245.jpg,6,cityscapes
img006084.jpg,proj/cityscapes/img006084.jpg,6,cityscapes
img006421.jpg,proj/cityscapes/img006421.jpg,6,cityscapes
img007679.jpg,proj/cityscapes/img007679.jpg,6,cityscapes
img007758.jpg,proj/cityscapes/img007758.jpg,6,cityscapes
img006190.jpg,proj/cityscapes/img006190.jpg,6,cityscapes
img006983.jpg,proj/cityscapes/img006983.jpg,6,cityscapes
img006377.jpg,proj/cityscapes/img006377.jpg,6,cityscapes
img006158.jpg,proj/cityscapes/img006158.jpg,6,cityscapes
img007762.jpg,proj/cityscapes/img007762.jpg,6,cityscapes
img006334.jpg,proj/cityscapes/img006334.jpg,6,cityscapes
img006210.jpg,proj/cityscapes/img006210.jpg,6,cityscapes
img006826.jpg,proj/cityscapes/img006826.jpg,6,cityscapes
img007407.jpg,proj/cityscapes/img007407.jpg,6,cityscapes
img006956.jpg,proj/cityscapes/img006956.jpg,6,cityscapes
img006396.jpg,proj/cityscapes/img006396.jpg,6,cityscapes
img007310.jpg,proj/cityscapes/img007310.jpg,6,cityscapes
img007975.jpg,proj/cityscapes/img007975.jpg,6,cityscapes
img006662.jpg,proj/cityscapes/img006662.jpg,6,cityscapes
img006441.jpg,proj/cityscapes/img006441.jpg,6,cityscapes
img006590.jpg,proj/cityscapes/img006590.jpg,6,cityscapes
img007010.jpg,proj/cityscapes/img007010.jpg,6,cityscapes
img006850.jpg,proj/cityscapes/img006850.jpg,6,cityscapes
img006709.jpg,proj/cityscapes/img006709.jpg,6,cityscapes
img007279.jpg,proj/cityscapes/img007279.jpg,6,cityscapes
img006937.jpg,proj/cityscapes/img006937.jpg,6,cityscapes
img007769.jpg,proj/cityscapes/img007769.jpg,6,cityscapes
img006589.jpg,proj/cityscapes/img006589.jpg,6,cityscapes
img006307.jpg,proj/cityscapes/img006307.jpg,6,cityscapes
img007828.jpg,proj/cityscapes/img007828.jpg,6,cityscapes
img006461.jpg,proj/cityscapes/img006461.jpg,6,cityscapes
img007422.jpg,proj/cityscapes/img007422.jpg,6,cityscapes
img007622.jpg,proj/cityscapes/img007622.jpg,6,cityscapes
img006170.jpg,proj/cityscapes/img006170.jpg,6,cityscapes
img007604.jpg,proj/cityscapes/img007604.jpg,6,cityscapes
img006341.jpg,proj/cityscapes/img006341.jpg,6,cityscapes
img006042.jpg,proj/cityscapes/img006042.jpg,6,cityscapes
img006779.jpg,proj/cityscapes/img006779.jpg,6,cityscapes
img006951.jpg,proj/cityscapes/img006951.jpg,6,cityscapes
img006294.jpg,proj/cityscapes/img006294.jpg,6,cityscapes
img007773.jpg,proj/cityscapes/img007773.jpg,6,cityscapes
img007727.jpg,proj/cityscapes/img007727.jpg,6,cityscapes
img006574.jpg,proj/cityscapes/img006574.jpg,6,cityscapes
img006004.jpg,proj/cityscapes/img006004.jpg,6,cityscapes
img007175.jpg,proj/cityscapes/img007175.jpg,6,cityscapes
img007354.jpg,proj/cityscapes/img007354.jpg,6,cityscapes
img006616.jpg,proj/cityscapes/img006616.jpg,6,cityscapes
img006953.jpg,proj/cityscapes/img006953.jpg,6,cityscapes
img007631.jpg,proj/cityscapes/img007631.jpg,6,cityscapes
img007909.jpg,proj/cityscapes/img007909.jpg,6,cityscapes
img006050.jpg,proj/cityscapes/img006050.jpg,6,cityscapes
img007787.jpg,proj/cityscapes/img007787.jpg,6,cityscapes
img007328.jpg,proj/cityscapes/img007328.jpg,6,cityscapes
img007271.jpg,proj/cityscapes/img007271.jpg,6,cityscapes
img006220.jpg,proj/cityscapes/img006220.jpg,6,cityscapes
img006238.jpg,proj/cityscapes/img006238.jpg,6,cityscapes
img006805.jpg,proj/cityscapes/img006805.jpg,6,cityscapes
img007027.jpg,proj/cityscapes/img007027.jpg,6,cityscapes
img007145.jpg,proj/cityscapes/img007145.jpg,6,cityscapes
img007689.jpg,proj/cityscapes/img007689.jpg,6,cityscapes
img007753.jpg,proj/cityscapes/img007753.jpg,6,cityscapes
img006473.jpg,proj/cityscapes/img006473.jpg,6,cityscapes
img006078.jpg,proj/cityscapes/img006078.jpg,6,cityscapes
img007998.jpg,proj/cityscapes/img007998.jpg,6,cityscapes
img006299.jpg,proj/cityscapes/img006299.jpg,6,cityscapes
img007692.jpg,proj/cityscapes/img007692.jpg,6,cityscapes
img007983.jpg,proj/cityscapes/img007983.jpg,6,cityscapes
img006497.jpg,proj/cityscapes/img006497.jpg,6,cityscapes
img007005.jpg,proj/cityscapes/img007005.jpg,6,cityscapes
img006766.jpg,proj/cityscapes/img006766.jpg,6,cityscapes
img006762.jpg,proj/cityscapes/img006762.jpg,6,cityscapes
img007630.jpg,proj/cityscapes/img007630.jpg,6,cityscapes
img006293.jpg,proj/cityscapes/img006293.jpg,6,cityscapes
img007934.jpg,proj/cityscapes/img007934.jpg,6,cityscapes
img006836.jpg,proj/cityscapes/img006836.jpg,6,cityscapes
img007131.jpg,proj/cityscapes/img007131.jpg,6,cityscapes
img007201.jpg,proj/cityscapes/img007201.jpg,6,cityscapes
img006052.jpg,proj/cityscapes/img006052.jpg,6,cityscapes
img007014.jpg,proj/cityscapes/img007014.jpg,6,cityscapes
img006753.jpg,proj/cityscapes/img006753.jpg,6,cityscapes
img006475.jpg,proj/cityscapes/img006475.jpg,6,cityscapes
img006829.jpg,proj/cityscapes/img006829.jpg,6,cityscapes
img006221.jpg,proj/cityscapes/img006221.jpg,6,cityscapes
img006637.jpg,proj/cityscapes/img006637.jpg,6,cityscapes
img007588.jpg,proj/cityscapes/img007588.jpg,6,cityscapes
img007387.jpg,proj/cityscapes/img007387.jpg,6,cityscapes
img007572.jpg,proj/cityscapes/img007572.jpg,6,cityscapes
img006321.jpg,proj/cityscapes/img006321.jpg,6,cityscapes
img006361.jpg,proj/cityscapes/img006361.jpg,6,cityscapes
img007454.jpg,proj/cityscapes/img007454.jpg,6,cityscapes
img007158.jpg,proj/cityscapes/img007158.jpg,6,cityscapes
img006954.jpg,proj/cityscapes/img006954.jpg,6,cityscapes
img007585.jpg,proj/cityscapes/img007585.jpg,6,cityscapes
img006660.jpg,proj/cityscapes/img006660.jpg,6,cityscapes
img007764.jpg,proj/cityscapes/img007764.jpg,6,cityscapes
img007730.jpg,proj/cityscapes/img007730.jpg,6,cityscapes
img006049.jpg,proj/cityscapes/img006049.jpg,6,cityscapes
img006536.jpg,proj/cityscapes/img006536.jpg,6,cityscapes
img007297.jpg,proj/cityscapes/img007297.jpg,6,cityscapes
img007726.jpg,proj/cityscapes/img007726.jpg,6,cityscapes
img006593.jpg,proj/cityscapes/img006593.jpg,6,cityscapes
img007218.jpg,proj/cityscapes/img007218.jpg,6,cityscapes
img006120.jpg,proj/cityscapes/img006120.jpg,6,cityscapes
img006053.jpg,proj/cityscapes/img006053.jpg,6,cityscapes
img007471.jpg,proj/cityscapes/img007471.jpg,6,cityscapes
img007918.jpg,proj/cityscapes/img007918.jpg,6,cityscapes
img007896.jpg,proj/cityscapes/img007896.jpg,6,cityscapes
img007977.jpg,proj/cityscapes/img007977.jpg,6,cityscapes
img006485.jpg,proj/cityscapes/img006485.jpg,6,cityscapes
img006132.jpg,proj/cityscapes/img006132.jpg,6,cityscapes
img006638.jpg,proj/cityscapes/img006638.jpg,6,cityscapes
img006934.jpg,proj/cityscapes/img006934.jpg,6,cityscapes
img006067.jpg,proj/cityscapes/img006067.jpg,6,cityscapes
img006632.jpg,proj/cityscapes/img006632.jpg,6,cityscapes
img006552.jpg,proj/cityscapes/img006552.jpg,6,cityscapes
img007097.jpg,proj/cityscapes/img007097.jpg,6,cityscapes
img006518.jpg,proj/cityscapes/img006518.jpg,6,cityscapes
img007040.jpg,proj/cityscapes/img007040.jpg,6,cityscapes
img007506.jpg,proj/cityscapes/img007506.jpg,6,cityscapes
img007980.jpg,proj/cityscapes/img007980.jpg,6,cityscapes
img006436.jpg,proj/cityscapes/img006436.jpg,6,cityscapes
img007009.jpg,proj/cityscapes/img007009.jpg,6,cityscapes
img007916.jpg,proj/cityscapes/img007916.jpg,6,cityscapes
img007444.jpg,proj/cityscapes/img007444.jpg,6,cityscapes
img007087.jpg,proj/cityscapes/img007087.jpg,6,cityscapes
img007982.jpg,proj/cityscapes/img007982.jpg,6,cityscapes
img006071.jpg,proj/cityscapes/img006071.jpg,6,cityscapes
img007855.jpg,proj/cityscapes/img007855.jpg,6,cityscapes
img006455.jpg,proj/cityscapes/img006455.jpg,6,cityscapes
img007935.jpg,proj/cityscapes/img007935.jpg,6,cityscapes
img007088.jpg,proj/cityscapes/img007088.jpg,6,cityscapes
img006916.jpg,proj/cityscapes/img006916.jpg,6,cityscapes
img007615.jpg,proj/cityscapes/img007615.jpg,6,cityscapes
img007920.jpg,proj/cityscapes/img007920.jpg,6,cityscapes
img006544.jpg,proj/cityscapes/img006544.jpg,6,cityscapes
img006110.jpg,proj/cityscapes/img006110.jpg,6,cityscapes
img007504.jpg,proj/cityscapes/img007504.jpg,6,cityscapes
img007849.jpg,proj/cityscapes/img007849.jpg,6,cityscapes
img006667.jpg,proj/cityscapes/img006667.jpg,6,cityscapes
img006872.jpg,proj/cityscapes/img006872.jpg,6,cityscapes
img006815.jpg,proj/cityscapes/img006815.jpg,6,cityscapes
img006064.jpg,proj/cityscapes/img006064.jpg,6,cityscapes
img007619.jpg,proj/cityscapes/img007619.jpg,6,cityscapes
img006331.jpg,proj/cityscapes/img006331.jpg,6,cityscapes
img006588.jpg,proj/cityscapes/img006588.jpg,6,cityscapes
img006557.jpg,proj/cityscapes/img006557.jpg,6,cityscapes
img006989.jpg,proj/cityscapes/img006989.jpg,6,cityscapes
img006116.jpg,proj/cityscapes/img006116.jpg,6,cityscapes
img006825.jpg,proj/cityscapes/img006825.jpg,6,cityscapes
img007874.jpg,proj/cityscapes/img007874.jpg,6,cityscapes
img007550.jpg,proj/cityscapes/img007550.jpg,6,cityscapes
img006399.jpg,proj/cityscapes/img006399.jpg,6,cityscapes
img006260.jpg,proj/cityscapes/img006260.jpg,6,cityscapes
img007911.jpg,proj/cityscapes/img007911.jpg,6,cityscapes
img006306.jpg,proj/cityscapes/img006306.jpg,6,cityscapes
img007483.jpg,proj/cityscapes/img007483.jpg,6,cityscapes
img006125.jpg,proj/cityscapes/img006125.jpg,6,cityscapes
img007712.jpg,proj/cityscapes/img007712.jpg,6,cityscapes
img006680.jpg,proj/cityscapes/img006680.jpg,6,cityscapes
img007932.jpg,proj/cityscapes/img007932.jpg,6,cityscapes
img006620.jpg,proj/cityscapes/img006620.jpg,6,cityscapes
img007096.jpg,proj/cityscapes/img007096.jpg,6,cityscapes
img006206.jpg,proj/cityscapes/img006206.jpg,6,cityscapes
img007016.jpg,proj/cityscapes/img007016.jpg,6,cityscapes
img006565.jpg,proj/cityscapes/img006565.jpg,6,cityscapes
img007357.jpg,proj/cityscapes/img007357.jpg,6,cityscapes
img007563.jpg,proj/cityscapes/img007563.jpg,6,cityscapes
img007406.jpg,proj/cityscapes/img007406.jpg,6,cityscapes
img006507.jpg,proj/cityscapes/img006507.jpg,6,cityscapes
img007805.jpg,proj/cityscapes/img007805.jpg,6,cityscapes
img006472.jpg,proj/cityscapes/img006472.jpg,6,cityscapes
img006089.jpg,proj/cityscapes/img006089.jpg,6,cityscapes
img007345.jpg,proj/cityscapes/img007345.jpg,6,cityscapes
img006013.jpg,proj/cityscapes/img006013.jpg,6,cityscapes
img007945.jpg,proj/cityscapes/img007945.jpg,6,cityscapes
img006347.jpg,proj/cityscapes/img006347.jpg,6,cityscapes
img006971.jpg,proj/cityscapes/img006971.jpg,6,cityscapes
img007747.jpg,proj/cityscapes/img007747.jpg,6,cityscapes
img007159.jpg,proj/cityscapes/img007159.jpg,6,cityscapes
img007443.jpg,proj/cityscapes/img007443.jpg,6,cityscapes
img006006.jpg,proj/cityscapes/img006006.jpg,6,cityscapes
img006114.jpg,proj/cityscapes/img006114.jpg,6,cityscapes
img006494.jpg,proj/cityscapes/img006494.jpg,6,cityscapes
img007899.jpg,proj/cityscapes/img007899.jpg,6,cityscapes
img006415.jpg,proj/cityscapes/img006415.jpg,6,cityscapes
img006430.jpg,proj/cityscapes/img006430.jpg,6,cityscapes
img007876.jpg,proj/cityscapes/img007876.jpg,6,cityscapes
img007024.jpg,proj/cityscapes/img007024.jpg,6,cityscapes
img006467.jpg,proj/cityscapes/img006467.jpg,6,cityscapes
img006688.jpg,proj/cityscapes/img006688.jpg,6,cityscapes
img006325.jpg,proj/cityscapes/img006325.jpg,6,cityscapes
img006311.jpg,proj/cityscapes/img006311.jpg,6,cityscapes
img006860.jpg,proj/cityscapes/img006860.jpg,6,cityscapes
img007520.jpg,proj/cityscapes/img007520.jpg,6,cityscapes
img006355.jpg,proj/cityscapes/img006355.jpg,6,cityscapes
img007296.jpg,proj/cityscapes/img007296.jpg,6,cityscapes
img007863.jpg,proj/cityscapes/img007863.jpg,6,cityscapes
img007314.jpg,proj/cityscapes/img007314.jpg,6,cityscapes
img006581.jpg,proj/cityscapes/img006581.jpg,6,cityscapes
img006819.jpg,proj/cityscapes/img006819.jpg,6,cityscapes
img007610.jpg,proj/cityscapes/img007610.jpg,6,cityscapes
img006186.jpg,proj/cityscapes/img006186.jpg,6,cityscapes
img007213.jpg,proj/cityscapes/img007213.jpg,6,cityscapes
img007403.jpg,proj/cityscapes/img007403.jpg,6,cityscapes
img007674.jpg,proj/cityscapes/img007674.jpg,6,cityscapes
img006375.jpg,proj/cityscapes/img006375.jpg,6,cityscapes
img006658.jpg,proj/cityscapes/img006658.jpg,6,cityscapes
img007957.jpg,proj/cityscapes/img007957.jpg,6,cityscapes
img007607.jpg,proj/cityscapes/img007607.jpg,6,cityscapes
img006580.jpg,proj/cityscapes/img006580.jpg,6,cityscapes
img006323.jpg,proj/cityscapes/img006323.jpg,6,cityscapes
img007670.jpg,proj/cityscapes/img007670.jpg,6,cityscapes
img006721.jpg,proj/cityscapes/img006721.jpg,6,cityscapes
img007875.jpg,proj/cityscapes/img007875.jpg,6,cityscapes
img006090.jpg,proj/cityscapes/img006090.jpg,6,cityscapes
img006520.jpg,proj/cityscapes/img006520.jpg,6,cityscapes
img006591.jpg,proj/cityscapes/img006591.jpg,6,cityscapes
img007395.jpg,proj/cityscapes/img007395.jpg,6,cityscapes
img006031.jpg,proj/cityscapes/img006031.jpg,6,cityscapes
img007312.jpg,proj/cityscapes/img007312.jpg,6,cityscapes
img007956.jpg,proj/cityscapes/img007956.jpg,6,cityscapes
img006583.jpg,proj/cityscapes/img006583.jpg,6,cityscapes
img006038.jpg,proj/cityscapes/img006038.jpg,6,cityscapes
img007053.jpg,proj/cityscapes/img007053.jpg,6,cityscapes
img007989.jpg,proj/cityscapes/img007989.jpg,6,cityscapes
img006866.jpg,proj/cityscapes/img006866.jpg,6,cityscapes
img007842.jpg,proj/cityscapes/img007842.jpg,6,cityscapes
img006393.jpg,proj/cityscapes/img006393.jpg,6,cityscapes
img006086.jpg,proj/cityscapes/img006086.jpg,6,cityscapes
img006094.jpg,proj/cityscapes/img006094.jpg,6,cityscapes
img007217.jpg,proj/cityscapes/img007217.jpg,6,cityscapes
img007685.jpg,proj/cityscapes/img007685.jpg,6,cityscapes
img007606.jpg,proj/cityscapes/img007606.jpg,6,cityscapes
img007199.jpg,proj/cityscapes/img007199.jpg,6,cityscapes
img006584.jpg,proj/cityscapes/img006584.jpg,6,cityscapes
img007265.jpg,proj/cityscapes/img007265.jpg,6,cityscapes
img006750.jpg,proj/cityscapes/img006750.jpg,6,cityscapes
img006882.jpg,proj/cityscapes/img006882.jpg,6,cityscapes
img007247.jpg,proj/cityscapes/img007247.jpg,6,cityscapes
img006175.jpg,proj/cityscapes/img006175.jpg,6,cityscapes
img006924.jpg,proj/cityscapes/img006924.jpg,6,cityscapes
img006797.jpg,proj/cityscapes/img006797.jpg,6,cityscapes
img007914.jpg,proj/cityscapes/img007914.jpg,6,cityscapes
img006923.jpg,proj/cityscapes/img006923.jpg,6,cityscapes
img006780.jpg,proj/cityscapes/img006780.jpg,6,cityscapes
img006092.jpg,proj/cityscapes/img006092.jpg,6,cityscapes
img006398.jpg,proj/cityscapes/img006398.jpg,6,cityscapes
img007348.jpg,proj/cityscapes/img007348.jpg,6,cityscapes
img007219.jpg,proj/cityscapes/img007219.jpg,6,cityscapes
img007050.jpg,proj/cityscapes/img007050.jpg,6,cityscapes
img006404.jpg,proj/cityscapes/img006404.jpg,6,cityscapes
img007736.jpg,proj/cityscapes/img007736.jpg,6,cityscapes
img006379.jpg,proj/cityscapes/img006379.jpg,6,cityscapes
img006295.jpg,proj/cityscapes/img006295.jpg,6,cityscapes
img006759.jpg,proj/cityscapes/img006759.jpg,6,cityscapes
img006165.jpg,proj/cityscapes/img006165.jpg,6,cityscapes
img006316.jpg,proj/cityscapes/img006316.jpg,6,cityscapes
img007295.jpg,proj/cityscapes/img007295.jpg,6,cityscapes
img006698.jpg,proj/cityscapes/img006698.jpg,6,cityscapes
img007492.jpg,proj/cityscapes/img007492.jpg,6,cityscapes
img006830.jpg,proj/cityscapes/img006830.jpg,6,cityscapes
img006693.jpg,proj/cityscapes/img006693.jpg,6,cityscapes
img006678.jpg,proj/cityscapes/img006678.jpg,6,cityscapes
img006605.jpg,proj/cityscapes/img006605.jpg,6,cityscapes
img006572.jpg,proj/cityscapes/img006572.jpg,6,cityscapes
img007111.jpg,proj/cityscapes/img007111.jpg,6,cityscapes
img006699.jpg,proj/cityscapes/img006699.jpg,6,cityscapes
img007253.jpg,proj/cityscapes/img007253.jpg,6,cityscapes
img006855.jpg,proj/cityscapes/img006855.jpg,6,cityscapes
img007794.jpg,proj/cityscapes/img007794.jpg,6,cityscapes
img006417.jpg,proj/cityscapes/img006417.jpg,6,cityscapes
img007178.jpg,proj/cityscapes/img007178.jpg,6,cityscapes
img007799.jpg,proj/cityscapes/img007799.jpg,6,cityscapes
img007598.jpg,proj/cityscapes/img007598.jpg,6,cityscapes
img007599.jpg,proj/cityscapes/img007599.jpg,6,cityscapes
img007211.jpg,proj/cityscapes/img007211.jpg,6,cityscapes
img006401.jpg,proj/cityscapes/img006401.jpg,6,cityscapes
img006340.jpg,proj/cityscapes/img006340.jpg,6,cityscapes
img006845.jpg,proj/cityscapes/img006845.jpg,6,cityscapes
img007068.jpg,proj/cityscapes/img007068.jpg,6,cityscapes
img006724.jpg,proj/cityscapes/img006724.jpg,6,cityscapes
img006137.jpg,proj/cityscapes/img006137.jpg,6,cityscapes
img007153.jpg,proj/cityscapes/img007153.jpg,6,cityscapes
img007663.jpg,proj/cityscapes/img007663.jpg,6,cityscapes
img006531.jpg,proj/cityscapes/img006531.jpg,6,cityscapes
img006612.jpg,proj/cityscapes/img006612.jpg,6,cityscapes
img006553.jpg,proj/cityscapes/img006553.jpg,6,cityscapes
img006561.jpg,proj/cityscapes/img006561.jpg,6,cityscapes
img007072.jpg,proj/cityscapes/img007072.jpg,6,cityscapes
img007659.jpg,proj/cityscapes/img007659.jpg,6,cityscapes
img006839.jpg,proj/cityscapes/img006839.jpg,6,cityscapes
img006451.jpg,proj/cityscapes/img006451.jpg,6,cityscapes
img007564.jpg,proj/cityscapes/img007564.jpg,6,cityscapes
img006484.jpg,proj/cityscapes/img006484.jpg,6,cityscapes
img006570.jpg,proj/cityscapes/img006570.jpg,6,cityscapes
img007476.jpg,proj/cityscapes/img007476.jpg,6,cityscapes
img006118.jpg,proj/cityscapes/img006118.jpg,6,cityscapes
img007813.jpg,proj/cityscapes/img007813.jpg,6,cityscapes
img007761.jpg,proj/cityscapes/img007761.jpg,6,cityscapes
img007062.jpg,proj/cityscapes/img007062.jpg,6,cityscapes
img007714.jpg,proj/cityscapes/img007714.jpg,6,cityscapes
img007902.jpg,proj/cityscapes/img007902.jpg,6,cityscapes
img007862.jpg,proj/cityscapes/img007862.jpg,6,cityscapes
img007039.jpg,proj/cityscapes/img007039.jpg,6,cityscapes
img006044.jpg,proj/cityscapes/img006044.jpg,6,cityscapes
img006783.jpg,proj/cityscapes/img006783.jpg,6,cityscapes
img006051.jpg,proj/cityscapes/img006051.jpg,6,cityscapes
img006757.jpg,proj/cityscapes/img006757.jpg,6,cityscapes
img006974.jpg,proj/cityscapes/img006974.jpg,6,cityscapes
img007430.jpg,proj/cityscapes/img007430.jpg,6,cityscapes
img007949.jpg,proj/cityscapes/img007949.jpg,6,cityscapes
img007527.jpg,proj/cityscapes/img007527.jpg,6,cityscapes
img006313.jpg,proj/cityscapes/img006313.jpg,6,cityscapes
img006320.jpg,proj/cityscapes/img006320.jpg,6,cityscapes
img006343.jpg,proj/cityscapes/img006343.jpg,6,cityscapes
img006423.jpg,proj/cityscapes/img006423.jpg,6,cityscapes
img006903.jpg,proj/cityscapes/img006903.jpg,6,cityscapes
img007839.jpg,proj/cityscapes/img007839.jpg,6,cityscapes
img007256.jpg,proj/cityscapes/img007256.jpg,6,cityscapes
img007004.jpg,proj/cityscapes/img007004.jpg,6,cityscapes
img007047.jpg,proj/cityscapes/img007047.jpg,6,cityscapes
img006704.jpg,proj/cityscapes/img006704.jpg,6,cityscapes
img007531.jpg,proj/cityscapes/img007531.jpg,6,cityscapes
img007479.jpg,proj/cityscapes/img007479.jpg,6,cityscapes
img007791.jpg,proj/cityscapes/img007791.jpg,6,cityscapes
img007437.jpg,proj/cityscapes/img007437.jpg,6,cityscapes
img007544.jpg,proj/cityscapes/img007544.jpg,6,cityscapes
img006023.jpg,proj/cityscapes/img006023.jpg,6,cityscapes
img007997.jpg,proj/cityscapes/img007997.jpg,6,cityscapes
img006887.jpg,proj/cityscapes/img006887.jpg,6,cityscapes
img007234.jpg,proj/cityscapes/img007234.jpg,6,cityscapes
img007226.jpg,proj/cityscapes/img007226.jpg,6,cityscapes
img006226.jpg,proj/cityscapes/img006226.jpg,6,cityscapes
img006180.jpg,proj/cityscapes/img006180.jpg,6,cityscapes
img006133.jpg,proj/cityscapes/img006133.jpg,6,cityscapes
img006534.jpg,proj/cityscapes/img006534.jpg,6,cityscapes
img006692.jpg,proj/cityscapes/img006692.jpg,6,cityscapes
img006264.jpg,proj/cityscapes/img006264.jpg,6,cityscapes
img006337.jpg,proj/cityscapes/img006337.jpg,6,cityscapes
img006715.jpg,proj/cityscapes/img006715.jpg,6,cityscapes
img007358.jpg,proj/cityscapes/img007358.jpg,6,cityscapes
img007147.jpg,proj/cityscapes/img007147.jpg,6,cityscapes
img006466.jpg,proj/cityscapes/img006466.jpg,6,cityscapes
img006525.jpg,proj/cityscapes/img006525.jpg,6,cityscapes
img007150.jpg,proj/cityscapes/img007150.jpg,6,cityscapes
img007996.jpg,proj/cityscapes/img007996.jpg,6,cityscapes
img006177.jpg,proj/cityscapes/img006177.jpg,6,cityscapes
img007780.jpg,proj/cityscapes/img007780.jpg,6,cityscapes
img007523.jpg,proj/cityscapes/img007523.jpg,6,cityscapes
img007003.jpg,proj/cityscapes/img007003.jpg,6,cityscapes
img006619.jpg,proj/cityscapes/img006619.jpg,6,cityscapes
img007401.jpg,proj/cityscapes/img007401.jpg,6,cityscapes
img006457.jpg,proj/cityscapes/img006457.jpg,6,cityscapes
img007075.jpg,proj/cityscapes/img007075.jpg,6,cityscapes
img007049.jpg,proj/cityscapes/img007049.jpg,6,cityscapes
img006103.jpg,proj/cityscapes/img006103.jpg,6,cityscapes
img007362.jpg,proj/cityscapes/img007362.jpg,6,cityscapes
img007732.jpg,proj/cityscapes/img007732.jpg,6,cityscapes
img006670.jpg,proj/cityscapes/img006670.jpg,6,cityscapes
img006550.jpg,proj/cityscapes/img006550.jpg,6,cityscapes
img006160.jpg,proj/cityscapes/img006160.jpg,6,cityscapes
img006191.jpg,proj/cityscapes/img006191.jpg,6,cityscapes
img006526.jpg,proj/cityscapes/img006526.jpg,6,cityscapes
img007117.jpg,proj/cityscapes/img007117.jpg,6,cityscapes
img006962.jpg,proj/cityscapes/img006962.jpg,6,cityscapes
img006156.jpg,proj/cityscapes/img006156.jpg,6,cityscapes
img007668.jpg,proj/cityscapes/img007668.jpg,6,cityscapes
img007155.jpg,proj/cityscapes/img007155.jpg,6,cityscapes
img007643.jpg,proj/cityscapes/img007643.jpg,6,cityscapes
img006529.jpg,proj/cityscapes/img006529.jpg,6,cityscapes
img007365.jpg,proj/cityscapes/img007365.jpg,6,cityscapes
img006400.jpg,proj/cityscapes/img006400.jpg,6,cityscapes
img007505.jpg,proj/cityscapes/img007505.jpg,6,cityscapes
img007381.jpg,proj/cityscapes/img007381.jpg,6,cityscapes
img007230.jpg,proj/cityscapes/img007230.jpg,6,cityscapes
img006358.jpg,proj/cityscapes/img006358.jpg,6,cityscapes
img007018.jpg,proj/cityscapes/img007018.jpg,6,cityscapes
img006499.jpg,proj/cityscapes/img006499.jpg,6,cityscapes
img006138.jpg,proj/cityscapes/img006138.jpg,6,cityscapes
img006630.jpg,proj/cityscapes/img006630.jpg,6,cityscapes
img007489.jpg,proj/cityscapes/img007489.jpg,6,cityscapes
img006303.jpg,proj/cityscapes/img006303.jpg,6,cityscapes
img007274.jpg,proj/cityscapes/img007274.jpg,6,cityscapes
img006772.jpg,proj/cityscapes/img006772.jpg,6,cityscapes
img006274.jpg,proj/cityscapes/img006274.jpg,6,cityscapes
img007172.jpg,proj/cityscapes/img007172.jpg,6,cityscapes
img007886.jpg,proj/cityscapes/img007886.jpg,6,cityscapes
img006842.jpg,proj/cityscapes/img006842.jpg,6,cityscapes
img006487.jpg,proj/cityscapes/img006487.jpg,6,cityscapes
img006168.jpg,proj/cityscapes/img006168.jpg,6,cityscapes
img007968.jpg,proj/cityscapes/img007968.jpg,6,cityscapes
img007046.jpg,proj/cityscapes/img007046.jpg,6,cityscapes
img007739.jpg,proj/cityscapes/img007739.jpg,6,cityscapes
img007028.jpg,proj/cityscapes/img007028.jpg,6,cityscapes
img007539.jpg,proj/cityscapes/img007539.jpg,6,cityscapes
img006145.jpg,proj/cityscapes/img006145.jpg,6,cityscapes
img006524.jpg,proj/cityscapes/img006524.jpg,6,cityscapes
img007755.jpg,proj/cityscapes/img007755.jpg,6,cityscapes
img007785.jpg,proj/cityscapes/img007785.jpg,6,cityscapes
img006514.jpg,proj/cityscapes/img006514.jpg,6,cityscapes
img006664.jpg,proj/cityscapes/img006664.jpg,6,cityscapes
img006387.jpg,proj/cityscapes/img006387.jpg,6,cityscapes
img007290.jpg,proj/cityscapes/img007290.jpg,6,cityscapes
img006840.jpg,proj/cityscapes/img006840.jpg,6,cityscapes
img007165.jpg,proj/cityscapes/img007165.jpg,6,cityscapes
img007035.jpg,proj/cityscapes/img007035.jpg,6,cityscapes
img007501.jpg,proj/cityscapes/img007501.jpg,6,cityscapes
img007015.jpg,proj/cityscapes/img007015.jpg,6,cityscapes
img006278.jpg,proj/cityscapes/img006278.jpg,6,cityscapes
img007069.jpg,proj/cityscapes/img007069.jpg,6,cityscapes
img007621.jpg,proj/cityscapes/img007621.jpg,6,cityscapes
img006594.jpg,proj/cityscapes/img006594.jpg,6,cityscapes
img006579.jpg,proj/cityscapes/img006579.jpg,6,cityscapes
img007905.jpg,proj/cityscapes/img007905.jpg,6,cityscapes
img006300.jpg,proj/cityscapes/img006300.jpg,6,cityscapes
img007336.jpg,proj/cityscapes/img007336.jpg,6,cityscapes
img006559.jpg,proj/cityscapes/img006559.jpg,6,cityscapes
img007391.jpg,proj/cityscapes/img007391.jpg,6,cityscapes
img007676.jpg,proj/cityscapes/img007676.jpg,6,cityscapes
img007984.jpg,proj/cityscapes/img007984.jpg,6,cityscapes
img007425.jpg,proj/cityscapes/img007425.jpg,6,cityscapes
img006510.jpg,proj/cityscapes/img006510.jpg,6,cityscapes
img007323.jpg,proj/cityscapes/img007323.jpg,6,cityscapes
img006163.jpg,proj/cityscapes/img006163.jpg,6,cityscapes
img006968.jpg,proj/cityscapes/img006968.jpg,6,cityscapes
img007116.jpg,proj/cityscapes/img007116.jpg,6,cityscapes
img006019.jpg,proj/cityscapes/img006019.jpg,6,cityscapes
img007036.jpg,proj/cityscapes/img007036.jpg,6,cityscapes
img007011.jpg,proj/cityscapes/img007011.jpg,6,cityscapes
img007208.jpg,proj/cityscapes/img007208.jpg,6,cityscapes
img007251.jpg,proj/cityscapes/img007251.jpg,6,cityscapes
img007810.jpg,proj/cityscapes/img007810.jpg,6,cityscapes
img007593.jpg,proj/cityscapes/img007593.jpg,6,cityscapes
img007688.jpg,proj/cityscapes/img007688.jpg,6,cityscapes
img007906.jpg,proj/cityscapes/img007906.jpg,6,cityscapes
img007510.jpg,proj/cityscapes/img007510.jpg,6,cityscapes
img006767.jpg,proj/cityscapes/img006767.jpg,6,cityscapes
img007802.jpg,proj/cityscapes/img007802.jpg,6,cityscapes
img007583.jpg,proj/cityscapes/img007583.jpg,6,cityscapes
img007568.jpg,proj/cityscapes/img007568.jpg,6,cityscapes
img006483.jpg,proj/cityscapes/img006483.jpg,6,cityscapes
img006389.jpg,proj/cityscapes/img006389.jpg,6,cityscapes
img007555.jpg,proj/cityscapes/img007555.jpg,6,cityscapes
img006760.jpg,proj/cityscapes/img006760.jpg,6,cityscapes
img006057.jpg,proj/cityscapes/img006057.jpg,6,cityscapes
img006470.jpg,proj/cityscapes/img006470.jpg,6,cityscapes
img007173.jpg,proj/cityscapes/img007173.jpg,6,cityscapes
img007141.jpg,proj/cityscapes/img007141.jpg,6,cityscapes
img007672.jpg,proj/cityscapes/img007672.jpg,6,cityscapes
img007887.jpg,proj/cityscapes/img007887.jpg,6,cityscapes
img006240.jpg,proj/cityscapes/img006240.jpg,6,cityscapes
img007124.jpg,proj/cityscapes/img007124.jpg,6,cityscapes
img006697.jpg,proj/cityscapes/img006697.jpg,6,cityscapes
img007033.jpg,proj/cityscapes/img007033.jpg,6,cityscapes
img007536.jpg,proj/cityscapes/img007536.jpg,6,cityscapes
img007481.jpg,proj/cityscapes/img007481.jpg,6,cityscapes
img007073.jpg,proj/cityscapes/img007073.jpg,6,cityscapes
img007784.jpg,proj/cityscapes/img007784.jpg,6,cityscapes
img006773.jpg,proj/cityscapes/img006773.jpg,6,cityscapes
img007654.jpg,proj/cityscapes/img007654.jpg,6,cityscapes
img006425.jpg,proj/cityscapes/img006425.jpg,6,cityscapes
img006555.jpg,proj/cityscapes/img006555.jpg,6,cityscapes
img006468.jpg,proj/cityscapes/img006468.jpg,6,cityscapes
img006249.jpg,proj/cityscapes/img006249.jpg,6,cityscapes
img006599.jpg,proj/cityscapes/img006599.jpg,6,cityscapes
img007375.jpg,proj/cityscapes/img007375.jpg,6,cityscapes
img007002.jpg,proj/cityscapes/img007002.jpg,6,cityscapes
img006233.jpg,proj/cityscapes/img006233.jpg,6,cityscapes
img006610.jpg,proj/cityscapes/img006610.jpg,6,cityscapes
img007168.jpg,proj/cityscapes/img007168.jpg,6,cityscapes
img006215.jpg,proj/cityscapes/img006215.jpg,6,cityscapes
img007000.jpg,proj/cityscapes/img007000.jpg,6,cityscapes
img007817.jpg,proj/cityscapes/img007817.jpg,6,cityscapes
img007169.jpg,proj/cityscapes/img007169.jpg,6,cityscapes
img006263.jpg,proj/cityscapes/img006263.jpg,6,cityscapes
img007844.jpg,proj/cityscapes/img007844.jpg,6,cityscapes
img006894.jpg,proj/cityscapes/img006894.jpg,6,cityscapes
img006087.jpg,proj/cityscapes/img006087.jpg,6,cityscapes
img006990.jpg,proj/cityscapes/img006990.jpg,6,cityscapes
img006001.jpg,proj/cityscapes/img006001.jpg,6,cityscapes
img006326.jpg,proj/cityscapes/img006326.jpg,6,cityscapes
img007060.jpg,proj/cityscapes/img007060.jpg,6,cityscapes
img006403.jpg,proj/cityscapes/img006403.jpg,6,cityscapes
img006907.jpg,proj/cityscapes/img006907.jpg,6,cityscapes
img007368.jpg,proj/cityscapes/img007368.jpg,6,cityscapes
img006223.jpg,proj/cityscapes/img006223.jpg,6,cityscapes
img006832.jpg,proj/cityscapes/img006832.jpg,6,cityscapes
img006883.jpg,proj/cityscapes/img006883.jpg,6,cityscapes
img007029.jpg,proj/cityscapes/img007029.jpg,6,cityscapes
img006420.jpg,proj/cityscapes/img006420.jpg,6,cityscapes
img007554.jpg,proj/cityscapes/img007554.jpg,6,cityscapes
img007451.jpg,proj/cityscapes/img007451.jpg,6,cityscapes
img006464.jpg,proj/cityscapes/img006464.jpg,6,cityscapes
img006975.jpg,proj/cityscapes/img006975.jpg,6,cityscapes
img007972.jpg,proj/cityscapes/img007972.jpg,6,cityscapes
img007594.jpg,proj/cityscapes/img007594.jpg,6,cityscapes
img007411.jpg,proj/cityscapes/img007411.jpg,6,cityscapes
img007472.jpg,proj/cityscapes/img007472.jpg,6,cityscapes
img006030.jpg,proj/cityscapes/img006030.jpg,6,cityscapes
img006496.jpg,proj/cityscapes/img006496.jpg,6,cityscapes
img007921.jpg,proj/cityscapes/img007921.jpg,6,cityscapes
img007417.jpg,proj/cityscapes/img007417.jpg,6,cityscapes
img007330.jpg,proj/cityscapes/img007330.jpg,6,cityscapes
img006877.jpg,proj/cityscapes/img006877.jpg,6,cityscapes
img007524.jpg,proj/cityscapes/img007524.jpg,6,cityscapes
img007710.jpg,proj/cityscapes/img007710.jpg,6,cityscapes
img006290.jpg,proj/cityscapes/img006290.jpg,6,cityscapes
img006880.jpg,proj/cityscapes/img006880.jpg,6,cityscapes
img007634.jpg,proj/cityscapes/img007634.jpg,6,cityscapes
img006474.jpg,proj/cityscapes/img006474.jpg,6,cityscapes
img006705.jpg,proj/cityscapes/img006705.jpg,6,cityscapes
img007440.jpg,proj/cityscapes/img007440.jpg,6,cityscapes
img007227.jpg,proj/cityscapes/img007227.jpg,6,cityscapes
img007953.jpg,proj/cityscapes/img007953.jpg,6,cityscapes
img007429.jpg,proj/cityscapes/img007429.jpg,6,cityscapes
img007299.jpg,proj/cityscapes/img007299.jpg,6,cityscapes
img007812.jpg,proj/cityscapes/img007812.jpg,6,cityscapes
img006139.jpg,proj/cityscapes/img006139.jpg,6,cityscapes
img006942.jpg,proj/cityscapes/img006942.jpg,6,cityscapes
img006567.jpg,proj/cityscapes/img006567.jpg,6,cityscapes
img007121.jpg,proj/cityscapes/img007121.jpg,6,cityscapes
img007079.jpg,proj/cityscapes/img007079.jpg,6,cityscapes
img007031.jpg,proj/cityscapes/img007031.jpg,6,cityscapes
img007653.jpg,proj/cityscapes/img007653.jpg,6,cityscapes
img006153.jpg,proj/cityscapes/img006153.jpg,6,cityscapes
img007656.jpg,proj/cityscapes/img007656.jpg,6,cityscapes
img006362.jpg,proj/cityscapes/img006362.jpg,6,cityscapes
img007971.jpg,proj/cityscapes/img007971.jpg,6,cityscapes
img007551.jpg,proj/cityscapes/img007551.jpg,6,cityscapes
img006509.jpg,proj/cityscapes/img006509.jpg,6,cityscapes
img006993.jpg,proj/cityscapes/img006993.jpg,6,cityscapes
img007352.jpg,proj/cityscapes/img007352.jpg,6,cityscapes
img006575.jpg,proj/cityscapes/img006575.jpg,6,cityscapes
img007721.jpg,proj/cityscapes/img007721.jpg,6,cityscapes
img007602.jpg,proj/cityscapes/img007602.jpg,6,cityscapes
img007118.jpg,proj/cityscapes/img007118.jpg,6,cityscapes
img007378.jpg,proj/cityscapes/img007378.jpg,6,cityscapes
img006904.jpg,proj/cityscapes/img006904.jpg,6,cityscapes
img006768.jpg,proj/cityscapes/img006768.jpg,6,cityscapes
img007419.jpg,proj/cityscapes/img007419.jpg,6,cityscapes
img007783.jpg,proj/cityscapes/img007783.jpg,6,cityscapes
img006102.jpg,proj/cityscapes/img006102.jpg,6,cityscapes
img006255.jpg,proj/cityscapes/img006255.jpg,6,cityscapes
img006764.jpg,proj/cityscapes/img006764.jpg,6,cityscapes
img006684.jpg,proj/cityscapes/img006684.jpg,6,cityscapes
img007759.jpg,proj/cityscapes/img007759.jpg,6,cityscapes
img007308.jpg,proj/cityscapes/img007308.jpg,6,cityscapes
img007570.jpg,proj/cityscapes/img007570.jpg,6,cityscapes
img007164.jpg,proj/cityscapes/img007164.jpg,6,cityscapes
img007188.jpg,proj/cityscapes/img007188.jpg,6,cityscapes
img006272.jpg,proj/cityscapes/img006272.jpg,6,cityscapes
img007715.jpg,proj/cityscapes/img007715.jpg,6,cityscapes
img006471.jpg,proj/cityscapes/img006471.jpg,6,cityscapes
img007427.jpg,proj/cityscapes/img007427.jpg,6,cityscapes
img007431.jpg,proj/cityscapes/img007431.jpg,6,cityscapes
img006512.jpg,proj/cityscapes/img006512.jpg,6,cityscapes
img006752.jpg,proj/cityscapes/img006752.jpg,6,cityscapes
img007940.jpg,proj/cityscapes/img007940.jpg,6,cityscapes
img007565.jpg,proj/cityscapes/img007565.jpg,6,cityscapes
img006784.jpg,proj/cityscapes/img006784.jpg,6,cityscapes
img007167.jpg,proj/cityscapes/img007167.jpg,6,cityscapes
img007423.jpg,proj/cityscapes/img007423.jpg,6,cityscapes
img007420.jpg,proj/cityscapes/img007420.jpg,6,cityscapes
img007731.jpg,proj/cityscapes/img007731.jpg,6,cityscapes
img007080.jpg,proj/cityscapes/img007080.jpg,6,cityscapes
img006587.jpg,proj/cityscapes/img006587.jpg,6,cityscapes
img006159.jpg,proj/cityscapes/img006159.jpg,6,cityscapes
img006611.jpg,proj/cityscapes/img006611.jpg,6,cityscapes
img007367.jpg,proj/cityscapes/img007367.jpg,6,cityscapes
img006459.jpg,proj/cityscapes/img006459.jpg,6,cityscapes
img006789.jpg,proj/cityscapes/img006789.jpg,6,cityscapes
img007765.jpg,proj/cityscapes/img007765.jpg,6,cityscapes
img007374.jpg,proj/cityscapes/img007374.jpg,6,cityscapes
img007992.jpg,proj/cityscapes/img007992.jpg,6,cityscapes
img007720.jpg,proj/cityscapes/img007720.jpg,6,cityscapes
img006434.jpg,proj/cityscapes/img006434.jpg,6,cityscapes
img007709.jpg,proj/cityscapes/img007709.jpg,6,cityscapes
img007824.jpg,proj/cityscapes/img007824.jpg,6,cityscapes
img006456.jpg,proj/cityscapes/img006456.jpg,6,cityscapes
img007414.jpg,proj/cityscapes/img007414.jpg,6,cityscapes
img006712.jpg,proj/cityscapes/img006712.jpg,6,cityscapes
img006008.jpg,proj/cityscapes/img006008.jpg,6,cityscapes
img007929.jpg,proj/cityscapes/img007929.jpg,6,cityscapes
img007959.jpg,proj/cityscapes/img007959.jpg,6,cityscapes
img006639.jpg,proj/cityscapes/img006639.jpg,6,cityscapes
img007242.jpg,proj/cityscapes/img007242.jpg,6,cityscapes
img007022.jpg,proj/cityscapes/img007022.jpg,6,cityscapes
img007207.jpg,proj/cityscapes/img007207.jpg,6,cityscapes
img006798.jpg,proj/cityscapes/img006798.jpg,6,cityscapes
img007798.jpg,proj/cityscapes/img007798.jpg,6,cityscapes
img006822.jpg,proj/cityscapes/img006822.jpg,6,cityscapes
img007943.jpg,proj/cityscapes/img007943.jpg,6,cityscapes
img006642.jpg,proj/cityscapes/img006642.jpg,6,cityscapes
img006304.jpg,proj/cityscapes/img006304.jpg,6,cityscapes
img006769.jpg,proj/cityscapes/img006769.jpg,6,cityscapes
img007408.jpg,proj/cityscapes/img007408.jpg,6,cityscapes
img007456.jpg,proj/cityscapes/img007456.jpg,6,cityscapes
img007130.jpg,proj/cityscapes/img007130.jpg,6,cityscapes
img007239.jpg,proj/cityscapes/img007239.jpg,6,cityscapes
img007591.jpg,proj/cityscapes/img007591.jpg,6,cityscapes
img007157.jpg,proj/cityscapes/img007157.jpg,6,cityscapes
img007071.jpg,proj/cityscapes/img007071.jpg,6,cityscapes
img007107.jpg,proj/cityscapes/img007107.jpg,6,cityscapes
img007477.jpg,proj/cityscapes/img007477.jpg,6,cityscapes
img006041.jpg,proj/cityscapes/img006041.jpg,6,cityscapes
img006535.jpg,proj/cityscapes/img006535.jpg,6,cityscapes
img006926.jpg,proj/cityscapes/img006926.jpg,6,cityscapes
img006167.jpg,proj/cityscapes/img006167.jpg,6,cityscapes
img006005.jpg,proj/cityscapes/img006005.jpg,6,cityscapes
img006562.jpg,proj/cityscapes/img006562.jpg,6,cityscapes
img007722.jpg,proj/cityscapes/img007722.jpg,6,cityscapes
img006586.jpg,proj/cityscapes/img006586.jpg,6,cityscapes
img006958.jpg,proj/cityscapes/img006958.jpg,6,cityscapes
img007494.jpg,proj/cityscapes/img007494.jpg,6,cityscapes
img007605.jpg,proj/cityscapes/img007605.jpg,6,cityscapes
img006100.jpg,proj/cityscapes/img006100.jpg,6,cityscapes
img007001.jpg,proj/cityscapes/img007001.jpg,6,cityscapes
img006811.jpg,proj/cityscapes/img006811.jpg,6,cityscapes
img007830.jpg,proj/cityscapes/img007830.jpg,6,cityscapes
img006225.jpg,proj/cityscapes/img006225.jpg,6,cityscapes
img006349.jpg,proj/cityscapes/img006349.jpg,6,cityscapes
img007466.jpg,proj/cityscapes/img007466.jpg,6,cityscapes
img006500.jpg,proj/cityscapes/img006500.jpg,6,cityscapes
img007269.jpg,proj/cityscapes/img007269.jpg,6,cityscapes
img007804.jpg,proj/cityscapes/img007804.jpg,6,cityscapes
img007923.jpg,proj/cityscapes/img007923.jpg,6,cityscapes
img007115.jpg,proj/cityscapes/img007115.jpg,6,cityscapes
img006988.jpg,proj/cityscapes/img006988.jpg,6,cityscapes
img006315.jpg,proj/cityscapes/img006315.jpg,6,cityscapes
img006072.jpg,proj/cityscapes/img006072.jpg,6,cityscapes
img007366.jpg,proj/cityscapes/img007366.jpg,6,cityscapes
img006816.jpg,proj/cityscapes/img006816.jpg,6,cityscapes
img006950.jpg,proj/cityscapes/img006950.jpg,6,cityscapes
img007915.jpg,proj/cityscapes/img007915.jpg,6,cityscapes
img006647.jpg,proj/cityscapes/img006647.jpg,6,cityscapes
img006799.jpg,proj/cityscapes/img006799.jpg,6,cityscapes
img007077.jpg,proj/cityscapes/img007077.jpg,6,cityscapes
img006548.jpg,proj/cityscapes/img006548.jpg,6,cityscapes
img006803.jpg,proj/cityscapes/img006803.jpg,6,cityscapes
img006542.jpg,proj/cityscapes/img006542.jpg,6,cityscapes
img006105.jpg,proj/cityscapes/img006105.jpg,6,cityscapes
img006352.jpg,proj/cityscapes/img006352.jpg,6,cityscapes
img007718.jpg,proj/cityscapes/img007718.jpg,6,cityscapes
img007834.jpg,proj/cityscapes/img007834.jpg,6,cityscapes
img006135.jpg,proj/cityscapes/img006135.jpg,6,cityscapes
img006142.jpg,proj/cityscapes/img006142.jpg,6,cityscapes
img006869.jpg,proj/cityscapes/img006869.jpg,6,cityscapes
img007966.jpg,proj/cityscapes/img007966.jpg,6,cityscapes
img006641.jpg,proj/cityscapes/img006641.jpg,6,cityscapes
img007832.jpg,proj/cityscapes/img007832.jpg,6,cityscapes
img006540.jpg,proj/cityscapes/img006540.jpg,6,cityscapes
img006663.jpg,proj/cityscapes/img006663.jpg,6,cityscapes
img006946.jpg,proj/cityscapes/img006946.jpg,6,cityscapes
img007649.jpg,proj/cityscapes/img007649.jpg,6,cityscapes
img007735.jpg,proj/cityscapes/img007735.jpg,6,cityscapes
img007667.jpg,proj/cityscapes/img007667.jpg,6,cityscapes
img007057.jpg,proj/cityscapes/img007057.jpg,6,cityscapes
img007222.jpg,proj/cityscapes/img007222.jpg,6,cityscapes
img007433.jpg,proj/cityscapes/img007433.jpg,6,cityscapes
img007562.jpg,proj/cityscapes/img007562.jpg,6,cityscapes
img007669.jpg,proj/cityscapes/img007669.jpg,6,cityscapes
img007396.jpg,proj/cityscapes/img007396.jpg,6,cityscapes
img007200.jpg,proj/cityscapes/img007200.jpg,6,cityscapes
img007991.jpg,proj/cityscapes/img007991.jpg,6,cityscapes
img007112.jpg,proj/cityscapes/img007112.jpg,6,cityscapes
img007143.jpg,proj/cityscapes/img007143.jpg,6,cityscapes
img006871.jpg,proj/cityscapes/img006871.jpg,6,cityscapes
img006621.jpg,proj/cityscapes/img006621.jpg,6,cityscapes
img006073.jpg,proj/cityscapes/img006073.jpg,6,cityscapes
img006376.jpg,proj/cityscapes/img006376.jpg,6,cityscapes
img007051.jpg,proj/cityscapes/img007051.jpg,6,cityscapes
img007123.jpg,proj/cityscapes/img007123.jpg,6,cityscapes
img006682.jpg,proj/cityscapes/img006682.jpg,6,cityscapes
img007584.jpg,proj/cityscapes/img007584.jpg,6,cityscapes
img007864.jpg,proj/cityscapes/img007864.jpg,6,cityscapes
img006164.jpg,proj/cityscapes/img006164.jpg,6,cityscapes
img006804.jpg,proj/cityscapes/img006804.jpg,6,cityscapes
img006701.jpg,proj/cityscapes/img006701.jpg,6,cityscapes
img007284.jpg,proj/cityscapes/img007284.jpg,6,cityscapes
img007189.jpg,proj/cityscapes/img007189.jpg,6,cityscapes
img007285.jpg,proj/cityscapes/img007285.jpg,6,cityscapes
img006330.jpg,proj/cityscapes/img006330.jpg,6,cityscapes
img007986.jpg,proj/cityscapes/img007986.jpg,6,cityscapes
img006192.jpg,proj/cityscapes/img006192.jpg,6,cityscapes
img007866.jpg,proj/cityscapes/img007866.jpg,6,cityscapes
img007645.jpg,proj/cityscapes/img007645.jpg,6,cityscapes
img007614.jpg,proj/cityscapes/img007614.jpg,6,cityscapes
img007592.jpg,proj/cityscapes/img007592.jpg,6,cityscapes
img007673.jpg,proj/cityscapes/img007673.jpg,6,cityscapes
img006614.jpg,proj/cityscapes/img006614.jpg,6,cityscapes
img007498.jpg,proj/cityscapes/img007498.jpg,6,cityscapes
img007547.jpg,proj/cityscapes/img007547.jpg,6,cityscapes
img006076.jpg,proj/cityscapes/img006076.jpg,6,cityscapes
img007843.jpg,proj/cityscapes/img007843.jpg,6,cityscapes
img006742.jpg,proj/cityscapes/img006742.jpg,6,cityscapes
img007260.jpg,proj/cityscapes/img007260.jpg,6,cityscapes
img007370.jpg,proj/cityscapes/img007370.jpg,6,cityscapes
img007611.jpg,proj/cityscapes/img007611.jpg,6,cityscapes
img006943.jpg,proj/cityscapes/img006943.jpg,6,cityscapes
img007612.jpg,proj/cityscapes/img007612.jpg,6,cityscapes
img006774.jpg,proj/cityscapes/img006774.jpg,6,cityscapes
img007215.jpg,proj/cityscapes/img007215.jpg,6,cityscapes
img006627.jpg,proj/cityscapes/img006627.jpg,6,cityscapes
img007651.jpg,proj/cityscapes/img007651.jpg,6,cityscapes
img007587.jpg,proj/cityscapes/img007587.jpg,6,cityscapes
img006068.jpg,proj/cityscapes/img006068.jpg,6,cityscapes
img006228.jpg,proj/cityscapes/img006228.jpg,6,cityscapes
img006749.jpg,proj/cityscapes/img006749.jpg,6,cityscapes
img007781.jpg,proj/cityscapes/img007781.jpg,6,cityscapes
img007609.jpg,proj/cityscapes/img007609.jpg,6,cityscapes
img006333.jpg,proj/cityscapes/img006333.jpg,6,cityscapes
img007650.jpg,proj/cityscapes/img007650.jpg,6,cityscapes
img007286.jpg,proj/cityscapes/img007286.jpg,6,cityscapes
img007056.jpg,proj/cityscapes/img007056.jpg,6,cityscapes
img007928.jpg,proj/cityscapes/img007928.jpg,6,cityscapes
img006847.jpg,proj/cityscapes/img006847.jpg,6,cityscapes
img007641.jpg,proj/cityscapes/img007641.jpg,6,cityscapes
img007579.jpg,proj/cityscapes/img007579.jpg,6,cityscapes
img006838.jpg,proj/cityscapes/img006838.jpg,6,cityscapes
img006913.jpg,proj/cityscapes/img006913.jpg,6,cityscapes
img006986.jpg,proj/cityscapes/img006986.jpg,6,cityscapes
img006095.jpg,proj/cityscapes/img006095.jpg,6,cityscapes
img007908.jpg,proj/cityscapes/img007908.jpg,6,cityscapes
img007254.jpg,proj/cityscapes/img007254.jpg,6,cityscapes
img006543.jpg,proj/cityscapes/img006543.jpg,6,cityscapes
img007149.jpg,proj/cityscapes/img007149.jpg,6,cityscapes
img007385.jpg,proj/cityscapes/img007385.jpg,6,cityscapes
img007261.jpg,proj/cityscapes/img007261.jpg,6,cityscapes
img007797.jpg,proj/cityscapes/img007797.jpg,6,cityscapes
img006571.jpg,proj/cityscapes/img006571.jpg,6,cityscapes
img007733.jpg,proj/cityscapes/img007733.jpg,6,cityscapes
img007640.jpg,proj/cityscapes/img007640.jpg,6,cityscapes
img007457.jpg,proj/cityscapes/img007457.jpg,6,cityscapes
img006383.jpg,proj/cityscapes/img006383.jpg,6,cityscapes
img006730.jpg,proj/cityscapes/img006730.jpg,6,cityscapes
img006196.jpg,proj/cityscapes/img006196.jpg,6,cityscapes
img007291.jpg,proj/cityscapes/img007291.jpg,6,cityscapes
img007163.jpg,proj/cityscapes/img007163.jpg,6,cityscapes
img006269.jpg,proj/cityscapes/img006269.jpg,6,cityscapes
img006656.jpg,proj/cityscapes/img006656.jpg,6,cityscapes
img007236.jpg,proj/cityscapes/img007236.jpg,6,cityscapes
img006218.jpg,proj/cityscapes/img006218.jpg,6,cityscapes
img006521.jpg,proj/cityscapes/img006521.jpg,6,cityscapes
img007994.jpg,proj/cityscapes/img007994.jpg,6,cityscapes
img007770.jpg,proj/cityscapes/img007770.jpg,6,cityscapes
img007511.jpg,proj/cityscapes/img007511.jpg,6,cityscapes
img007822.jpg,proj/cityscapes/img007822.jpg,6,cityscapes
img007497.jpg,proj/cityscapes/img007497.jpg,6,cityscapes
img007070.jpg,proj/cityscapes/img007070.jpg,6,cityscapes
img006406.jpg,proj/cityscapes/img006406.jpg,6,cityscapes
img007309.jpg,proj/cityscapes/img007309.jpg,6,cityscapes
img006718.jpg,proj/cityscapes/img006718.jpg,6,cityscapes
img006202.jpg,proj/cityscapes/img006202.jpg,6,cityscapes
img007890.jpg,proj/cityscapes/img007890.jpg,6,cityscapes
img006357.jpg,proj/cityscapes/img006357.jpg,6,cityscapes
img006491.jpg,proj/cityscapes/img006491.jpg,6,cityscapes
img007939.jpg,proj/cityscapes/img007939.jpg,6,cityscapes
img006381.jpg,proj/cityscapes/img006381.jpg,6,cityscapes
img007317.jpg,proj/cityscapes/img007317.jpg,6,cityscapes
img006949.jpg,proj/cityscapes/img006949.jpg,6,cityscapes
img007487.jpg,proj/cityscapes/img007487.jpg,6,cityscapes
img006055.jpg,proj/cityscapes/img006055.jpg,6,cityscapes
img007099.jpg,proj/cityscapes/img007099.jpg,6,cityscapes
img006834.jpg,proj/cityscapes/img006834.jpg,6,cityscapes
img007885.jpg,proj/cityscapes/img007885.jpg,6,cityscapes
img006892.jpg,proj/cityscapes/img006892.jpg,6,cityscapes
img006814.jpg,proj/cityscapes/img006814.jpg,6,cityscapes
img006056.jpg,proj/cityscapes/img006056.jpg,6,cityscapes
img007380.jpg,proj/cityscapes/img007380.jpg,6,cityscapes
img006522.jpg,proj/cityscapes/img006522.jpg,6,cityscapes
img006048.jpg,proj/cityscapes/img006048.jpg,6,cityscapes
img007925.jpg,proj/cityscapes/img007925.jpg,6,cityscapes
img007786.jpg,proj/cityscapes/img007786.jpg,6,cityscapes
img007556.jpg,proj/cityscapes/img007556.jpg,6,cityscapes
img006886.jpg,proj/cityscapes/img006886.jpg,6,cityscapes
img007342.jpg,proj/cityscapes/img007342.jpg,6,cityscapes
img007334.jpg,proj/cityscapes/img007334.jpg,6,cityscapes
img007390.jpg,proj/cityscapes/img007390.jpg,6,cityscapes
img007869.jpg,proj/cityscapes/img007869.jpg,6,cityscapes
img007023.jpg,proj/cityscapes/img007023.jpg,6,cityscapes
img006818.jpg,proj/cityscapes/img006818.jpg,6,cityscapes
img006354.jpg,proj/cityscapes/img006354.jpg,6,cityscapes
img007671.jpg,proj/cityscapes/img007671.jpg,6,cityscapes
img007867.jpg,proj/cityscapes/img007867.jpg,6,cityscapes
img007534.jpg,proj/cityscapes/img007534.jpg,6,cityscapes
img006247.jpg,proj/cityscapes/img006247.jpg,6,cityscapes
img007333.jpg,proj/cityscapes/img007333.jpg,6,cityscapes
img006771.jpg,proj/cityscapes/img006771.jpg,6,cityscapes
img006631.jpg,proj/cityscapes/img006631.jpg,6,cityscapes
img007963.jpg,proj/cityscapes/img007963.jpg,6,cityscapes
img007037.jpg,proj/cityscapes/img007037.jpg,6,cityscapes
img007779.jpg,proj/cityscapes/img007779.jpg,6,cityscapes
img007512.jpg,proj/cityscapes/img007512.jpg,6,cityscapes
img007913.jpg,proj/cityscapes/img007913.jpg,6,cityscapes
img007119.jpg,proj/cityscapes/img007119.jpg,6,cityscapes
img006267.jpg,proj/cityscapes/img006267.jpg,6,cityscapes
img006134.jpg,proj/cityscapes/img006134.jpg,6,cityscapes
img007775.jpg,proj/cityscapes/img007775.jpg,6,cityscapes
img006108.jpg,proj/cityscapes/img006108.jpg,6,cityscapes
img007771.jpg,proj/cityscapes/img007771.jpg,6,cityscapes
img006198.jpg,proj/cityscapes/img006198.jpg,6,cityscapes
img007142.jpg,proj/cityscapes/img007142.jpg,6,cityscapes
img007748.jpg,proj/cityscapes/img007748.jpg,6,cityscapes
img006493.jpg,proj/cityscapes/img006493.jpg,6,cityscapes
img007224.jpg,proj/cityscapes/img007224.jpg,6,cityscapes
img007438.jpg,proj/cityscapes/img007438.jpg,6,cityscapes
img007493.jpg,proj/cityscapes/img007493.jpg,6,cityscapes
img006998.jpg,proj/cityscapes/img006998.jpg,6,cityscapes
img006801.jpg,proj/cityscapes/img006801.jpg,6,cityscapes
img006979.jpg,proj/cityscapes/img006979.jpg,6,cityscapes
img006623.jpg,proj/cityscapes/img006623.jpg,6,cityscapes
img006564.jpg,proj/cityscapes/img006564.jpg,6,cityscapes
img006287.jpg,proj/cityscapes/img006287.jpg,6,cityscapes
img006568.jpg,proj/cityscapes/img006568.jpg,6,cityscapes
img006603.jpg,proj/cityscapes/img006603.jpg,6,cityscapes
img006844.jpg,proj/cityscapes/img006844.jpg,6,cityscapes
img007486.jpg,proj/cityscapes/img007486.jpg,6,cityscapes
img006545.jpg,proj/cityscapes/img006545.jpg,6,cityscapes
img006018.jpg,proj/cityscapes/img006018.jpg,6,cityscapes
img006463.jpg,proj/cityscapes/img006463.jpg,6,cityscapes
img006314.jpg,proj/cityscapes/img006314.jpg,6,cityscapes
img007488.jpg,proj/cityscapes/img007488.jpg,6,cityscapes
img007627.jpg,proj/cityscapes/img007627.jpg,6,cityscapes
img007065.jpg,proj/cityscapes/img007065.jpg,6,cityscapes
img007490.jpg,proj/cityscapes/img007490.jpg,6,cityscapes
img007580.jpg,proj/cityscapes/img007580.jpg,6,cityscapes
img007760.jpg,proj/cityscapes/img007760.jpg,6,cityscapes
img006533.jpg,proj/cityscapes/img006533.jpg,6,cityscapes
img007806.jpg,proj/cityscapes/img007806.jpg,6,cityscapes
img007836.jpg,proj/cityscapes/img007836.jpg,6,cityscapes
img007502.jpg,proj/cityscapes/img007502.jpg,6,cityscapes
img006440.jpg,proj/cityscapes/img006440.jpg,6,cityscapes
img007529.jpg,proj/cityscapes/img007529.jpg,6,cityscapes
img006722.jpg,proj/cityscapes/img006722.jpg,6,cityscapes
img007821.jpg,proj/cityscapes/img007821.jpg,6,cityscapes
img007809.jpg,proj/cityscapes/img007809.jpg,6,cityscapes
img006043.jpg,proj/cityscapes/img006043.jpg,6,cityscapes
img006626.jpg,proj/cityscapes/img006626.jpg,6,cityscapes
img007160.jpg,proj/cityscapes/img007160.jpg,6,cityscapes
img006790.jpg,proj/cityscapes/img006790.jpg,6,cityscapes
img006097.jpg,proj/cityscapes/img006097.jpg,6,cityscapes
img007757.jpg,proj/cityscapes/img007757.jpg,6,cityscapes
img007337.jpg,proj/cityscapes/img007337.jpg,6,cityscapes
img006101.jpg,proj/cityscapes/img006101.jpg,6,cityscapes
img006229.jpg,proj/cityscapes/img006229.jpg,6,cityscapes
img006738.jpg,proj/cityscapes/img006738.jpg,6,cityscapes
img007526.jpg,proj/cityscapes/img007526.jpg,6,cityscapes
img006694.jpg,proj/cityscapes/img006694.jpg,6,cityscapes
img006646.jpg,proj/cityscapes/img006646.jpg,6,cityscapes
img006452.jpg,proj/cityscapes/img006452.jpg,6,cityscapes
img007135.jpg,proj/cityscapes/img007135.jpg,6,cityscapes
img006813.jpg,proj/cityscapes/img006813.jpg,6,cityscapes
img006608.jpg,proj/cityscapes/img006608.jpg,6,cityscapes
img007162.jpg,proj/cityscapes/img007162.jpg,6,cityscapes
img007152.jpg,proj/cityscapes/img007152.jpg,6,cityscapes
img006033.jpg,proj/cityscapes/img006033.jpg,6,cityscapes
img007549.jpg,proj/cityscapes/img007549.jpg,6,cityscapes
img007262.jpg,proj/cityscapes/img007262.jpg,6,cityscapes
img006007.jpg,proj/cityscapes/img006007.jpg,6,cityscapes
img006908.jpg,proj/cityscapes/img006908.jpg,6,cityscapes
img006014.jpg,proj/cityscapes/img006014.jpg,6,cityscapes
img007369.jpg,proj/cityscapes/img007369.jpg,6,cityscapes
img006258.jpg,proj/cityscapes/img006258.jpg,6,cityscapes
img007478.jpg,proj/cityscapes/img007478.jpg,6,cityscapes
img007026.jpg,proj/cityscapes/img007026.jpg,6,cityscapes
img006601.jpg,proj/cityscapes/img006601.jpg,6,cityscapes
img007216.jpg,proj/cityscapes/img007216.jpg,6,cityscapes
img007820.jpg,proj/cityscapes/img007820.jpg,6,cityscapes
img007581.jpg,proj/cityscapes/img007581.jpg,6,cityscapes
img007400.jpg,proj/cityscapes/img007400.jpg,6,cityscapes
img007931.jpg,proj/cityscapes/img007931.jpg,6,cityscapes
img007658.jpg,proj/cityscapes/img007658.jpg,6,cityscapes
img007389.jpg,proj/cityscapes/img007389.jpg,6,cityscapes
img006905.jpg,proj/cityscapes/img006905.jpg,6,cityscapes
img007170.jpg,proj/cityscapes/img007170.jpg,6,cityscapes
img007210.jpg,proj/cityscapes/img007210.jpg,6,cityscapes
img006633.jpg,proj/cityscapes/img006633.jpg,6,cityscapes
img006941.jpg,proj/cityscapes/img006941.jpg,6,cityscapes
img006972.jpg,proj/cityscapes/img006972.jpg,6,cityscapes
img007058.jpg,proj/cityscapes/img007058.jpg,6,cityscapes
img006054.jpg,proj/cityscapes/img006054.jpg,6,cityscapes
img007737.jpg,proj/cityscapes/img007737.jpg,6,cityscapes
img007860.jpg,proj/cityscapes/img007860.jpg,6,cityscapes
img007882.jpg,proj/cityscapes/img007882.jpg,6,cityscapes
img006864.jpg,proj/cityscapes/img006864.jpg,6,cityscapes
img006782.jpg,proj/cityscapes/img006782.jpg,6,cityscapes
img006162.jpg,proj/cityscapes/img006162.jpg,6,cityscapes
img007386.jpg,proj/cityscapes/img007386.jpg,6,cityscapes
img006532.jpg,proj/cityscapes/img006532.jpg,6,cityscapes
img006862.jpg,proj/cityscapes/img006862.jpg,6,cityscapes
img006501.jpg,proj/cityscapes/img006501.jpg,6,cityscapes
img006243.jpg,proj/cityscapes/img006243.jpg,6,cityscapes
img007600.jpg,proj/cityscapes/img007600.jpg,6,cityscapes
img007958.jpg,proj/cityscapes/img007958.jpg,6,cityscapes
img006144.jpg,proj/cityscapes/img006144.jpg,6,cityscapes
img007154.jpg,proj/cityscapes/img007154.jpg,6,cityscapes
img007428.jpg,proj/cityscapes/img007428.jpg,6,cityscapes
img007061.jpg,proj/cityscapes/img007061.jpg,6,cityscapes
img006025.jpg,proj/cityscapes/img006025.jpg,6,cityscapes
img007596.jpg,proj/cityscapes/img007596.jpg,6,cityscapes
img007064.jpg,proj/cityscapes/img007064.jpg,6,cityscapes
img007664.jpg,proj/cityscapes/img007664.jpg,6,cityscapes
img006595.jpg,proj/cityscapes/img006595.jpg,6,cityscapes
img006713.jpg,proj/cityscapes/img006713.jpg,6,cityscapes
img007043.jpg,proj/cityscapes/img007043.jpg,6,cityscapes
img007415.jpg,proj/cityscapes/img007415.jpg,6,cityscapes
img006208.jpg,proj/cityscapes/img006208.jpg,6,cityscapes
img007856.jpg,proj/cityscapes/img007856.jpg,6,cityscapes
img006541.jpg,proj/cityscapes/img006541.jpg,6,cityscapes
img007282.jpg,proj/cityscapes/img007282.jpg,6,cityscapes
img007738.jpg,proj/cityscapes/img007738.jpg,6,cityscapes
img006029.jpg,proj/cityscapes/img006029.jpg,6,cityscapes
img006743.jpg,proj/cityscapes/img006743.jpg,6,cityscapes
img006195.jpg,proj/cityscapes/img006195.jpg,6,cityscapes
img007708.jpg,proj/cityscapes/img007708.jpg,6,cityscapes
img007300.jpg,proj/cityscapes/img007300.jpg,6,cityscapes
img006689.jpg,proj/cityscapes/img006689.jpg,6,cityscapes
img007017.jpg,proj/cityscapes/img007017.jpg,6,cityscapes
img006384.jpg,proj/cityscapes/img006384.jpg,6,cityscapes
img007756.jpg,proj/cityscapes/img007756.jpg,6,cityscapes
img006065.jpg,proj/cityscapes/img006065.jpg,6,cityscapes
img006016.jpg,proj/cityscapes/img006016.jpg,6,cityscapes
img007148.jpg,proj/cityscapes/img007148.jpg,6,cityscapes
img006077.jpg,proj/cityscapes/img006077.jpg,6,cityscapes
img007474.jpg,proj/cityscapes/img007474.jpg,6,cityscapes
img007660.jpg,proj/cityscapes/img007660.jpg,6,cityscapes
img007248.jpg,proj/cityscapes/img007248.jpg,6,cityscapes
img006207.jpg,proj/cityscapes/img006207.jpg,6,cityscapes
img006890.jpg,proj/cityscapes/img006890.jpg,6,cityscapes
img006976.jpg,proj/cityscapes/img006976.jpg,6,cityscapes
img006659.jpg,proj/cityscapes/img006659.jpg,6,cityscapes
img006528.jpg,proj/cityscapes/img006528.jpg,6,cityscapes
img006964.jpg,proj/cityscapes/img006964.jpg,6,cityscapes
img006332.jpg,proj/cityscapes/img006332.jpg,6,cityscapes
img007848.jpg,proj/cityscapes/img007848.jpg,6,cityscapes
img007652.jpg,proj/cityscapes/img007652.jpg,6,cityscapes
img006502.jpg,proj/cityscapes/img006502.jpg,6,cityscapes
img006444.jpg,proj/cityscapes/img006444.jpg,6,cityscapes
img007743.jpg,proj/cityscapes/img007743.jpg,6,cityscapes
img006729.jpg,proj/cityscapes/img006729.jpg,6,cityscapes
img006427.jpg,proj/cityscapes/img006427.jpg,6,cityscapes
img007321.jpg,proj/cityscapes/img007321.jpg,6,cityscapes
img007638.jpg,proj/cityscapes/img007638.jpg,6,cityscapes
img007364.jpg,proj/cityscapes/img007364.jpg,6,cityscapes
img006802.jpg,proj/cityscapes/img006802.jpg,6,cityscapes
img007724.jpg,proj/cityscapes/img007724.jpg,6,cityscapes
img007952.jpg,proj/cityscapes/img007952.jpg,6,cityscapes
img007196.jpg,proj/cityscapes/img007196.jpg,6,cityscapes
img007020.jpg,proj/cityscapes/img007020.jpg,6,cityscapes
img006373.jpg,proj/cityscapes/img006373.jpg,6,cityscapes
img007482.jpg,proj/cityscapes/img007482.jpg,6,cityscapes
img006644.jpg,proj/cityscapes/img006644.jpg,6,cityscapes
img006174.jpg,proj/cityscapes/img006174.jpg,6,cityscapes
img007995.jpg,proj/cityscapes/img007995.jpg,6,cityscapes
img007519.jpg,proj/cityscapes/img007519.jpg,6,cityscapes
img007128.jpg,proj/cityscapes/img007128.jpg,6,cityscapes
img006231.jpg,proj/cityscapes/img006231.jpg,6,cityscapes
img007316.jpg,proj/cityscapes/img007316.jpg,6,cityscapes
img007223.jpg,proj/cityscapes/img007223.jpg,6,cityscapes
img007711.jpg,proj/cityscapes/img007711.jpg,6,cityscapes
img006873.jpg,proj/cityscapes/img006873.jpg,6,cityscapes
img006394.jpg,proj/cityscapes/img006394.jpg,6,cityscapes
img006778.jpg,proj/cityscapes/img006778.jpg,6,cityscapes
img009140.jpg,proj/ffhq/img009140.jpg,6,ffhq
img009823.jpg,proj/ffhq/img009823.jpg,6,ffhq
img009608.jpg,proj/ffhq/img009608.jpg,6,ffhq
img009095.jpg,proj/ffhq/img009095.jpg,6,ffhq
img008824.jpg,proj/ffhq/img008824.jpg,6,ffhq
img008666.jpg,proj/ffhq/img008666.jpg,6,ffhq
img009598.jpg,proj/ffhq/img009598.jpg,6,ffhq
img008690.jpg,proj/ffhq/img008690.jpg,6,ffhq
img009775.jpg,proj/ffhq/img009775.jpg,6,ffhq
img008748.jpg,proj/ffhq/img008748.jpg,6,ffhq
img008048.jpg,proj/ffhq/img008048.jpg,6,ffhq
img009479.jpg,proj/ffhq/img009479.jpg,6,ffhq
img009089.jpg,proj/ffhq/img009089.jpg,6,ffhq
img009728.jpg,proj/ffhq/img009728.jpg,6,ffhq
img008331.jpg,proj/ffhq/img008331.jpg,6,ffhq
img009965.jpg,proj/ffhq/img009965.jpg,6,ffhq
img008928.jpg,proj/ffhq/img008928.jpg,6,ffhq
img008777.jpg,proj/ffhq/img008777.jpg,6,ffhq
img009983.jpg,proj/ffhq/img009983.jpg,6,ffhq
img008291.jpg,proj/ffhq/img008291.jpg,6,ffhq
img008904.jpg,proj/ffhq/img008904.jpg,6,ffhq
img008080.jpg,proj/ffhq/img008080.jpg,6,ffhq
img008103.jpg,proj/ffhq/img008103.jpg,6,ffhq
img009105.jpg,proj/ffhq/img009105.jpg,6,ffhq
img009359.jpg,proj/ffhq/img009359.jpg,6,ffhq
img008988.jpg,proj/ffhq/img008988.jpg,6,ffhq
img008876.jpg,proj/ffhq/img008876.jpg,6,ffhq
img008668.jpg,proj/ffhq/img008668.jpg,6,ffhq
img009994.jpg,proj/ffhq/img009994.jpg,6,ffhq
img009524.jpg,proj/ffhq/img009524.jpg,6,ffhq
img009134.jpg,proj/ffhq/img009134.jpg,6,ffhq
img009151.jpg,proj/ffhq/img009151.jpg,6,ffhq
img008922.jpg,proj/ffhq/img008922.jpg,6,ffhq
img009675.jpg,proj/ffhq/img009675.jpg,6,ffhq
img008550.jpg,proj/ffhq/img008550.jpg,6,ffhq
img009000.jpg,proj/ffhq/img009000.jpg,6,ffhq
img008143.jpg,proj/ffhq/img008143.jpg,6,ffhq
img008286.jpg,proj/ffhq/img008286.jpg,6,ffhq
img008179.jpg,proj/ffhq/img008179.jpg,6,ffhq
img008062.jpg,proj/ffhq/img008062.jpg,6,ffhq
img008661.jpg,proj/ffhq/img008661.jpg,6,ffhq
img008100.jpg,proj/ffhq/img008100.jpg,6,ffhq
img009218.jpg,proj/ffhq/img009218.jpg,6,ffhq
img008934.jpg,proj/ffhq/img008934.jpg,6,ffhq
img009970.jpg,proj/ffhq/img009970.jpg,6,ffhq
img009401.jpg,proj/ffhq/img009401.jpg,6,ffhq
img009443.jpg,proj/ffhq/img009443.jpg,6,ffhq
img009189.jpg,proj/ffhq/img009189.jpg,6,ffhq
img008581.jpg,proj/ffhq/img008581.jpg,6,ffhq
img008399.jpg,proj/ffhq/img008399.jpg,6,ffhq
img008767.jpg,proj/ffhq/img008767.jpg,6,ffhq
img009708.jpg,proj/ffhq/img009708.jpg,6,ffhq
img009001.jpg,proj/ffhq/img009001.jpg,6,ffhq
img009125.jpg,proj/ffhq/img009125.jpg,6,ffhq
img009004.jpg,proj/ffhq/img009004.jpg,6,ffhq
img009059.jpg,proj/ffhq/img009059.jpg,6,ffhq
img009652.jpg,proj/ffhq/img009652.jpg,6,ffhq
img009634.jpg,proj/ffhq/img009634.jpg,6,ffhq
img009081.jpg,proj/ffhq/img009081.jpg,6,ffhq
img009006.jpg,proj/ffhq/img009006.jpg,6,ffhq
img008294.jpg,proj/ffhq/img008294.jpg,6,ffhq
img009460.jpg,proj/ffhq/img009460.jpg,6,ffhq
img008347.jpg,proj/ffhq/img008347.jpg,6,ffhq
img009530.jpg,proj/ffhq/img009530.jpg,6,ffhq
img008060.jpg,proj/ffhq/img008060.jpg,6,ffhq
img009931.jpg,proj/ffhq/img009931.jpg,6,ffhq
img008538.jpg,proj/ffhq/img008538.jpg,6,ffhq
img008803.jpg,proj/ffhq/img008803.jpg,6,ffhq
img008867.jpg,proj/ffhq/img008867.jpg,6,ffhq
img009550.jpg,proj/ffhq/img009550.jpg,6,ffhq
img009824.jpg,proj/ffhq/img009824.jpg,6,ffhq
img008382.jpg,proj/ffhq/img008382.jpg,6,ffhq
img009944.jpg,proj/ffhq/img009944.jpg,6,ffhq
img008875.jpg,proj/ffhq/img008875.jpg,6,ffhq
img009597.jpg,proj/ffhq/img009597.jpg,6,ffhq
img008364.jpg,proj/ffhq/img008364.jpg,6,ffhq
img008718.jpg,proj/ffhq/img008718.jpg,6,ffhq
img009428.jpg,proj/ffhq/img009428.jpg,6,ffhq
img008656.jpg,proj/ffhq/img008656.jpg,6,ffhq
img008653.jpg,proj/ffhq/img008653.jpg,6,ffhq
img008021.jpg,proj/ffhq/img008021.jpg,6,ffhq
img008973.jpg,proj/ffhq/img008973.jpg,6,ffhq
img009317.jpg,proj/ffhq/img009317.jpg,6,ffhq
img008035.jpg,proj/ffhq/img008035.jpg,6,ffhq
img008818.jpg,proj/ffhq/img008818.jpg,6,ffhq
img009577.jpg,proj/ffhq/img009577.jpg,6,ffhq
img008977.jpg,proj/ffhq/img008977.jpg,6,ffhq
img008579.jpg,proj/ffhq/img008579.jpg,6,ffhq
img009353.jpg,proj/ffhq/img009353.jpg,6,ffhq
img009695.jpg,proj/ffhq/img009695.jpg,6,ffhq
img009626.jpg,proj/ffhq/img009626.jpg,6,ffhq
img009086.jpg,proj/ffhq/img009086.jpg,6,ffhq
img008277.jpg,proj/ffhq/img008277.jpg,6,ffhq
img008938.jpg,proj/ffhq/img008938.jpg,6,ffhq
img009195.jpg,proj/ffhq/img009195.jpg,6,ffhq
img009836.jpg,proj/ffhq/img009836.jpg,6,ffhq
img008177.jpg,proj/ffhq/img008177.jpg,6,ffhq
img009513.jpg,proj/ffhq/img009513.jpg,6,ffhq
img009010.jpg,proj/ffhq/img009010.jpg,6,ffhq
img009139.jpg,proj/ffhq/img009139.jpg,6,ffhq
img009519.jpg,proj/ffhq/img009519.jpg,6,ffhq
img008171.jpg,proj/ffhq/img008171.jpg,6,ffhq
img008885.jpg,proj/ffhq/img008885.jpg,6,ffhq
img009963.jpg,proj/ffhq/img009963.jpg,6,ffhq
img008894.jpg,proj/ffhq/img008894.jpg,6,ffhq
img009619.jpg,proj/ffhq/img009619.jpg,6,ffhq
img009749.jpg,proj/ffhq/img009749.jpg,6,ffhq
img009671.jpg,proj/ffhq/img009671.jpg,6,ffhq
img008561.jpg,proj/ffhq/img008561.jpg,6,ffhq
img008405.jpg,proj/ffhq/img008405.jpg,6,ffhq
img009751.jpg,proj/ffhq/img009751.jpg,6,ffhq
img008350.jpg,proj/ffhq/img008350.jpg,6,ffhq
img008616.jpg,proj/ffhq/img008616.jpg,6,ffhq
img009219.jpg,proj/ffhq/img009219.jpg,6,ffhq
img009896.jpg,proj/ffhq/img009896.jpg,6,ffhq
img009367.jpg,proj/ffhq/img009367.jpg,6,ffhq
img009791.jpg,proj/ffhq/img009791.jpg,6,ffhq
img009709.jpg,proj/ffhq/img009709.jpg,6,ffhq
img008890.jpg,proj/ffhq/img008890.jpg,6,ffhq
img008211.jpg,proj/ffhq/img008211.jpg,6,ffhq
img009311.jpg,proj/ffhq/img009311.jpg,6,ffhq
img009251.jpg,proj/ffhq/img009251.jpg,6,ffhq
img008190.jpg,proj/ffhq/img008190.jpg,6,ffhq
img008708.jpg,proj/ffhq/img008708.jpg,6,ffhq
img009457.jpg,proj/ffhq/img009457.jpg,6,ffhq
img008844.jpg,proj/ffhq/img008844.jpg,6,ffhq
img008751.jpg,proj/ffhq/img008751.jpg,6,ffhq
img008908.jpg,proj/ffhq/img008908.jpg,6,ffhq
img009507.jpg,proj/ffhq/img009507.jpg,6,ffhq
img009087.jpg,proj/ffhq/img009087.jpg,6,ffhq
img009661.jpg,proj/ffhq/img009661.jpg,6,ffhq
img008482.jpg,proj/ffhq/img008482.jpg,6,ffhq
img009819.jpg,proj/ffhq/img009819.jpg,6,ffhq
img008483.jpg,proj/ffhq/img008483.jpg,6,ffhq
img008404.jpg,proj/ffhq/img008404.jpg,6,ffhq
img009723.jpg,proj/ffhq/img009723.jpg,6,ffhq
img009114.jpg,proj/ffhq/img009114.jpg,6,ffhq
img008137.jpg,proj/ffhq/img008137.jpg,6,ffhq
img009375.jpg,proj/ffhq/img009375.jpg,6,ffhq
img008107.jpg,proj/ffhq/img008107.jpg,6,ffhq
img008326.jpg,proj/ffhq/img008326.jpg,6,ffhq
img008421.jpg,proj/ffhq/img008421.jpg,6,ffhq
img008344.jpg,proj/ffhq/img008344.jpg,6,ffhq
img008897.jpg,proj/ffhq/img008897.jpg,6,ffhq
img008762.jpg,proj/ffhq/img008762.jpg,6,ffhq
img009744.jpg,proj/ffhq/img009744.jpg,6,ffhq
img009771.jpg,proj/ffhq/img009771.jpg,6,ffhq
img008435.jpg,proj/ffhq/img008435.jpg,6,ffhq
img009389.jpg,proj/ffhq/img009389.jpg,6,ffhq
img009230.jpg,proj/ffhq/img009230.jpg,6,ffhq
img008726.jpg,proj/ffhq/img008726.jpg,6,ffhq
img008782.jpg,proj/ffhq/img008782.jpg,6,ffhq
img009373.jpg,proj/ffhq/img009373.jpg,6,ffhq
img008407.jpg,proj/ffhq/img008407.jpg,6,ffhq
img008272.jpg,proj/ffhq/img008272.jpg,6,ffhq
img009986.jpg,proj/ffhq/img009986.jpg,6,ffhq
img008365.jpg,proj/ffhq/img008365.jpg,6,ffhq
img008324.jpg,proj/ffhq/img008324.jpg,6,ffhq
img008398.jpg,proj/ffhq/img008398.jpg,6,ffhq
img008911.jpg,proj/ffhq/img008911.jpg,6,ffhq
img009226.jpg,proj/ffhq/img009226.jpg,6,ffhq
img009767.jpg,proj/ffhq/img009767.jpg,6,ffhq
img009962.jpg,proj/ffhq/img009962.jpg,6,ffhq
img008613.jpg,proj/ffhq/img008613.jpg,6,ffhq
img008063.jpg,proj/ffhq/img008063.jpg,6,ffhq
img009444.jpg,proj/ffhq/img009444.jpg,6,ffhq
img008112.jpg,proj/ffhq/img008112.jpg,6,ffhq
img009653.jpg,proj/ffhq/img009653.jpg,6,ffhq
img008492.jpg,proj/ffhq/img008492.jpg,6,ffhq
img008127.jpg,proj/ffhq/img008127.jpg,6,ffhq
img008597.jpg,proj/ffhq/img008597.jpg,6,ffhq
img009429.jpg,proj/ffhq/img009429.jpg,6,ffhq
img009494.jpg,proj/ffhq/img009494.jpg,6,ffhq
img009532.jpg,proj/ffhq/img009532.jpg,6,ffhq
img008389.jpg,proj/ffhq/img008389.jpg,6,ffhq
img009188.jpg,proj/ffhq/img009188.jpg,6,ffhq
img009108.jpg,proj/ffhq/img009108.jpg,6,ffhq
img008329.jpg,proj/ffhq/img008329.jpg,6,ffhq
img009385.jpg,proj/ffhq/img009385.jpg,6,ffhq
img008436.jpg,proj/ffhq/img008436.jpg,6,ffhq
img008840.jpg,proj/ffhq/img008840.jpg,6,ffhq
img009579.jpg,proj/ffhq/img009579.jpg,6,ffhq
img008607.jpg,proj/ffhq/img008607.jpg,6,ffhq
img008396.jpg,proj/ffhq/img008396.jpg,6,ffhq
img009815.jpg,proj/ffhq/img009815.jpg,6,ffhq
img008943.jpg,proj/ffhq/img008943.jpg,6,ffhq
img009412.jpg,proj/ffhq/img009412.jpg,6,ffhq
img008454.jpg,proj/ffhq/img008454.jpg,6,ffhq
img008400.jpg,proj/ffhq/img008400.jpg,6,ffhq
img008923.jpg,proj/ffhq/img008923.jpg,6,ffhq
img009333.jpg,proj/ffhq/img009333.jpg,6,ffhq
img009536.jpg,proj/ffhq/img009536.jpg,6,ffhq
img009878.jpg,proj/ffhq/img009878.jpg,6,ffhq
img008765.jpg,proj/ffhq/img008765.jpg,6,ffhq
img009078.jpg,proj/ffhq/img009078.jpg,6,ffhq
img009341.jpg,proj/ffhq/img009341.jpg,6,ffhq
img009487.jpg,proj/ffhq/img009487.jpg,6,ffhq
img009629.jpg,proj/ffhq/img009629.jpg,6,ffhq
img008541.jpg,proj/ffhq/img008541.jpg,6,ffhq
img008070.jpg,proj/ffhq/img008070.jpg,6,ffhq
img008237.jpg,proj/ffhq/img008237.jpg,6,ffhq
img009555.jpg,proj/ffhq/img009555.jpg,6,ffhq
img008747.jpg,proj/ffhq/img008747.jpg,6,ffhq
img008841.jpg,proj/ffhq/img008841.jpg,6,ffhq
img009763.jpg,proj/ffhq/img009763.jpg,6,ffhq
img008401.jpg,proj/ffhq/img008401.jpg,6,ffhq
img008056.jpg,proj/ffhq/img008056.jpg,6,ffhq
img009318.jpg,proj/ffhq/img009318.jpg,6,ffhq
img008169.jpg,proj/ffhq/img008169.jpg,6,ffhq
img008669.jpg,proj/ffhq/img008669.jpg,6,ffhq
img008735.jpg,proj/ffhq/img008735.jpg,6,ffhq
img008434.jpg,proj/ffhq/img008434.jpg,6,ffhq
img008015.jpg,proj/ffhq/img008015.jpg,6,ffhq
img009481.jpg,proj/ffhq/img009481.jpg,6,ffhq
img009315.jpg,proj/ffhq/img009315.jpg,6,ffhq
img009246.jpg,proj/ffhq/img009246.jpg,6,ffhq
img008591.jpg,proj/ffhq/img008591.jpg,6,ffhq
img009946.jpg,proj/ffhq/img009946.jpg,6,ffhq
img009964.jpg,proj/ffhq/img009964.jpg,6,ffhq
img008847.jpg,proj/ffhq/img008847.jpg,6,ffhq
img008091.jpg,proj/ffhq/img008091.jpg,6,ffhq
img008611.jpg,proj/ffhq/img008611.jpg,6,ffhq
img009858.jpg,proj/ffhq/img009858.jpg,6,ffhq
img009135.jpg,proj/ffhq/img009135.jpg,6,ffhq
img009044.jpg,proj/ffhq/img009044.jpg,6,ffhq
img008391.jpg,proj/ffhq/img008391.jpg,6,ffhq
img008649.jpg,proj/ffhq/img008649.jpg,6,ffhq
img009285.jpg,proj/ffhq/img009285.jpg,6,ffhq
img008742.jpg,proj/ffhq/img008742.jpg,6,ffhq
img009899.jpg,proj/ffhq/img009899.jpg,6,ffhq
img008929.jpg,proj/ffhq/img008929.jpg,6,ffhq
img009559.jpg,proj/ffhq/img009559.jpg,6,ffhq
img008403.jpg,proj/ffhq/img008403.jpg,6,ffhq
img008473.jpg,proj/ffhq/img008473.jpg,6,ffhq
img009657.jpg,proj/ffhq/img009657.jpg,6,ffhq
img008631.jpg,proj/ffhq/img008631.jpg,6,ffhq
img008715.jpg,proj/ffhq/img008715.jpg,6,ffhq
img009496.jpg,proj/ffhq/img009496.jpg,6,ffhq
img009683.jpg,proj/ffhq/img009683.jpg,6,ffhq
img009914.jpg,proj/ffhq/img009914.jpg,6,ffhq
img009371.jpg,proj/ffhq/img009371.jpg,6,ffhq
img009062.jpg,proj/ffhq/img009062.jpg,6,ffhq
img008333.jpg,proj/ffhq/img008333.jpg,6,ffhq
img009658.jpg,proj/ffhq/img009658.jpg,6,ffhq
img008794.jpg,proj/ffhq/img008794.jpg,6,ffhq
img009036.jpg,proj/ffhq/img009036.jpg,6,ffhq
img009310.jpg,proj/ffhq/img009310.jpg,6,ffhq
img008074.jpg,proj/ffhq/img008074.jpg,6,ffhq
img009510.jpg,proj/ffhq/img009510.jpg,6,ffhq
img009933.jpg,proj/ffhq/img009933.jpg,6,ffhq
img008445.jpg,proj/ffhq/img008445.jpg,6,ffhq
img008599.jpg,proj/ffhq/img008599.jpg,6,ffhq
img009296.jpg,proj/ffhq/img009296.jpg,6,ffhq
img008682.jpg,proj/ffhq/img008682.jpg,6,ffhq
img009071.jpg,proj/ffhq/img009071.jpg,6,ffhq
img008596.jpg,proj/ffhq/img008596.jpg,6,ffhq
img009925.jpg,proj/ffhq/img009925.jpg,6,ffhq
img008993.jpg,proj/ffhq/img008993.jpg,6,ffhq
img008232.jpg,proj/ffhq/img008232.jpg,6,ffhq
img008852.jpg,proj/ffhq/img008852.jpg,6,ffhq
img009319.jpg,proj/ffhq/img009319.jpg,6,ffhq
img008005.jpg,proj/ffhq/img008005.jpg,6,ffhq
img009440.jpg,proj/ffhq/img009440.jpg,6,ffhq
img008068.jpg,proj/ffhq/img008068.jpg,6,ffhq
img008017.jpg,proj/ffhq/img008017.jpg,6,ffhq
img008242.jpg,proj/ffhq/img008242.jpg,6,ffhq
img009821.jpg,proj/ffhq/img009821.jpg,6,ffhq
img008145.jpg,proj/ffhq/img008145.jpg,6,ffhq
img009852.jpg,proj/ffhq/img009852.jpg,6,ffhq
img009052.jpg,proj/ffhq/img009052.jpg,6,ffhq
img008426.jpg,proj/ffhq/img008426.jpg,6,ffhq
img009161.jpg,proj/ffhq/img009161.jpg,6,ffhq
img008621.jpg,proj/ffhq/img008621.jpg,6,ffhq
img008513.jpg,proj/ffhq/img008513.jpg,6,ffhq
img009516.jpg,proj/ffhq/img009516.jpg,6,ffhq
img008193.jpg,proj/ffhq/img008193.jpg,6,ffhq
img009913.jpg,proj/ffhq/img009913.jpg,6,ffhq
img008950.jpg,proj/ffhq/img008950.jpg,6,ffhq
img008484.jpg,proj/ffhq/img008484.jpg,6,ffhq
img009133.jpg,proj/ffhq/img009133.jpg,6,ffhq
img009075.jpg,proj/ffhq/img009075.jpg,6,ffhq
img009865.jpg,proj/ffhq/img009865.jpg,6,ffhq
img009225.jpg,proj/ffhq/img009225.jpg,6,ffhq
img009202.jpg,proj/ffhq/img009202.jpg,6,ffhq
img009416.jpg,proj/ffhq/img009416.jpg,6,ffhq
img009459.jpg,proj/ffhq/img009459.jpg,6,ffhq
img009818.jpg,proj/ffhq/img009818.jpg,6,ffhq
img008147.jpg,proj/ffhq/img008147.jpg,6,ffhq
img008358.jpg,proj/ffhq/img008358.jpg,6,ffhq
img009100.jpg,proj/ffhq/img009100.jpg,6,ffhq
img008243.jpg,proj/ffhq/img008243.jpg,6,ffhq
img009308.jpg,proj/ffhq/img009308.jpg,6,ffhq
img009474.jpg,proj/ffhq/img009474.jpg,6,ffhq
img009941.jpg,proj/ffhq/img009941.jpg,6,ffhq
img009543.jpg,proj/ffhq/img009543.jpg,6,ffhq
img009260.jpg,proj/ffhq/img009260.jpg,6,ffhq
img008130.jpg,proj/ffhq/img008130.jpg,6,ffhq
img008141.jpg,proj/ffhq/img008141.jpg,6,ffhq
img008990.jpg,proj/ffhq/img008990.jpg,6,ffhq
img009998.jpg,proj/ffhq/img009998.jpg,6,ffhq
img008322.jpg,proj/ffhq/img008322.jpg,6,ffhq
img008014.jpg,proj/ffhq/img008014.jpg,6,ffhq
img009978.jpg,proj/ffhq/img009978.jpg,6,ffhq
img009156.jpg,proj/ffhq/img009156.jpg,6,ffhq
img008375.jpg,proj/ffhq/img008375.jpg,6,ffhq
img009124.jpg,proj/ffhq/img009124.jpg,6,ffhq
img008576.jpg,proj/ffhq/img008576.jpg,6,ffhq
img008930.jpg,proj/ffhq/img008930.jpg,6,ffhq
img008834.jpg,proj/ffhq/img008834.jpg,6,ffhq
img009621.jpg,proj/ffhq/img009621.jpg,6,ffhq
img009065.jpg,proj/ffhq/img009065.jpg,6,ffhq
img008614.jpg,proj/ffhq/img008614.jpg,6,ffhq
img009860.jpg,proj/ffhq/img009860.jpg,6,ffhq
img009261.jpg,proj/ffhq/img009261.jpg,6,ffhq
img009357.jpg,proj/ffhq/img009357.jpg,6,ffhq
img008760.jpg,proj/ffhq/img008760.jpg,6,ffhq
img009484.jpg,proj/ffhq/img009484.jpg,6,ffhq
img008488.jpg,proj/ffhq/img008488.jpg,6,ffhq
img009758.jpg,proj/ffhq/img009758.jpg,6,ffhq
img009522.jpg,proj/ffhq/img009522.jpg,6,ffhq
img009894.jpg,proj/ffhq/img009894.jpg,6,ffhq
img009411.jpg,proj/ffhq/img009411.jpg,6,ffhq
img009756.jpg,proj/ffhq/img009756.jpg,6,ffhq
img008087.jpg,proj/ffhq/img008087.jpg,6,ffhq
img008076.jpg,proj/ffhq/img008076.jpg,6,ffhq
img009846.jpg,proj/ffhq/img009846.jpg,6,ffhq
img008003.jpg,proj/ffhq/img008003.jpg,6,ffhq
img008018.jpg,proj/ffhq/img008018.jpg,6,ffhq
img009461.jpg,proj/ffhq/img009461.jpg,6,ffhq
img009980.jpg,proj/ffhq/img009980.jpg,6,ffhq
img009719.jpg,proj/ffhq/img009719.jpg,6,ffhq
img008379.jpg,proj/ffhq/img008379.jpg,6,ffhq
img009351.jpg,proj/ffhq/img009351.jpg,6,ffhq
img008955.jpg,proj/ffhq/img008955.jpg,6,ffhq
img008868.jpg,proj/ffhq/img008868.jpg,6,ffhq
img008150.jpg,proj/ffhq/img008150.jpg,6,ffhq
img008571.jpg,proj/ffhq/img008571.jpg,6,ffhq
img009456.jpg,proj/ffhq/img009456.jpg,6,ffhq
img009776.jpg,proj/ffhq/img009776.jpg,6,ffhq
img008204.jpg,proj/ffhq/img008204.jpg,6,ffhq
img009431.jpg,proj/ffhq/img009431.jpg,6,ffhq
img008907.jpg,proj/ffhq/img008907.jpg,6,ffhq
img009281.jpg,proj/ffhq/img009281.jpg,6,ffhq
img008052.jpg,proj/ffhq/img008052.jpg,6,ffhq
img008424.jpg,proj/ffhq/img008424.jpg,6,ffhq
img009224.jpg,proj/ffhq/img009224.jpg,6,ffhq
img009153.jpg,proj/ffhq/img009153.jpg,6,ffhq
img008984.jpg,proj/ffhq/img008984.jpg,6,ffhq
img009350.jpg,proj/ffhq/img009350.jpg,6,ffhq
img008443.jpg,proj/ffhq/img008443.jpg,6,ffhq
img009329.jpg,proj/ffhq/img009329.jpg,6,ffhq
img008281.jpg,proj/ffhq/img008281.jpg,6,ffhq
img009966.jpg,proj/ffhq/img009966.jpg,6,ffhq
img009370.jpg,proj/ffhq/img009370.jpg,6,ffhq
img008393.jpg,proj/ffhq/img008393.jpg,6,ffhq
img008556.jpg,proj/ffhq/img008556.jpg,6,ffhq
img008226.jpg,proj/ffhq/img008226.jpg,6,ffhq
img009735.jpg,proj/ffhq/img009735.jpg,6,ffhq
img009696.jpg,proj/ffhq/img009696.jpg,6,ffhq
img008843.jpg,proj/ffhq/img008843.jpg,6,ffhq
img008187.jpg,proj/ffhq/img008187.jpg,6,ffhq
img008948.jpg,proj/ffhq/img008948.jpg,6,ffhq
img008300.jpg,proj/ffhq/img008300.jpg,6,ffhq
img009701.jpg,proj/ffhq/img009701.jpg,6,ffhq
img009912.jpg,proj/ffhq/img009912.jpg,6,ffhq
img008808.jpg,proj/ffhq/img008808.jpg,6,ffhq
img008266.jpg,proj/ffhq/img008266.jpg,6,ffhq
img009889.jpg,proj/ffhq/img009889.jpg,6,ffhq
img008034.jpg,proj/ffhq/img008034.jpg,6,ffhq
img008974.jpg,proj/ffhq/img008974.jpg,6,ffhq
img008530.jpg,proj/ffhq/img008530.jpg,6,ffhq
img009903.jpg,proj/ffhq/img009903.jpg,6,ffhq
img009684.jpg,proj/ffhq/img009684.jpg,6,ffhq
img009864.jpg,proj/ffhq/img009864.jpg,6,ffhq
img009058.jpg,proj/ffhq/img009058.jpg,6,ffhq
img008274.jpg,proj/ffhq/img008274.jpg,6,ffhq
img009438.jpg,proj/ffhq/img009438.jpg,6,ffhq
img008189.jpg,proj/ffhq/img008189.jpg,6,ffhq
img008526.jpg,proj/ffhq/img008526.jpg,6,ffhq
img008511.jpg,proj/ffhq/img008511.jpg,6,ffhq
img008900.jpg,proj/ffhq/img008900.jpg,6,ffhq
img009080.jpg,proj/ffhq/img009080.jpg,6,ffhq
img008066.jpg,proj/ffhq/img008066.jpg,6,ffhq
img009320.jpg,proj/ffhq/img009320.jpg,6,ffhq
img008507.jpg,proj/ffhq/img008507.jpg,6,ffhq
img009563.jpg,proj/ffhq/img009563.jpg,6,ffhq
img009630.jpg,proj/ffhq/img009630.jpg,6,ffhq
img009508.jpg,proj/ffhq/img009508.jpg,6,ffhq
img009811.jpg,proj/ffhq/img009811.jpg,6,ffhq
img009393.jpg,proj/ffhq/img009393.jpg,6,ffhq
img009399.jpg,proj/ffhq/img009399.jpg,6,ffhq
img008438.jpg,proj/ffhq/img008438.jpg,6,ffhq
img008362.jpg,proj/ffhq/img008362.jpg,6,ffhq
img009343.jpg,proj/ffhq/img009343.jpg,6,ffhq
img008901.jpg,proj/ffhq/img008901.jpg,6,ffhq
img009989.jpg,proj/ffhq/img009989.jpg,6,ffhq
img009253.jpg,proj/ffhq/img009253.jpg,6,ffhq
img009948.jpg,proj/ffhq/img009948.jpg,6,ffhq
img009557.jpg,proj/ffhq/img009557.jpg,6,ffhq
img009426.jpg,proj/ffhq/img009426.jpg,6,ffhq
img009908.jpg,proj/ffhq/img009908.jpg,6,ffhq
img008705.jpg,proj/ffhq/img008705.jpg,6,ffhq
img009551.jpg,proj/ffhq/img009551.jpg,6,ffhq
img009713.jpg,proj/ffhq/img009713.jpg,6,ffhq
img009663.jpg,proj/ffhq/img009663.jpg,6,ffhq
img009835.jpg,proj/ffhq/img009835.jpg,6,ffhq
img009488.jpg,proj/ffhq/img009488.jpg,6,ffhq
img009715.jpg,proj/ffhq/img009715.jpg,6,ffhq
img008411.jpg,proj/ffhq/img008411.jpg,6,ffhq
img008658.jpg,proj/ffhq/img008658.jpg,6,ffhq
img009421.jpg,proj/ffhq/img009421.jpg,6,ffhq
img008442.jpg,proj/ffhq/img008442.jpg,6,ffhq
img008182.jpg,proj/ffhq/img008182.jpg,6,ffhq
img008697.jpg,proj/ffhq/img008697.jpg,6,ffhq
img009266.jpg,proj/ffhq/img009266.jpg,6,ffhq
img008686.jpg,proj/ffhq/img008686.jpg,6,ffhq
img008332.jpg,proj/ffhq/img008332.jpg,6,ffhq
img008419.jpg,proj/ffhq/img008419.jpg,6,ffhq
img009381.jpg,proj/ffhq/img009381.jpg,6,ffhq
img008313.jpg,proj/ffhq/img008313.jpg,6,ffhq
img009378.jpg,proj/ffhq/img009378.jpg,6,ffhq
img009067.jpg,proj/ffhq/img009067.jpg,6,ffhq
img008807.jpg,proj/ffhq/img008807.jpg,6,ffhq
img009769.jpg,proj/ffhq/img009769.jpg,6,ffhq
img008071.jpg,proj/ffhq/img008071.jpg,6,ffhq
img008036.jpg,proj/ffhq/img008036.jpg,6,ffhq
img009897.jpg,proj/ffhq/img009897.jpg,6,ffhq
img009354.jpg,proj/ffhq/img009354.jpg,6,ffhq
img009418.jpg,proj/ffhq/img009418.jpg,6,ffhq
img008689.jpg,proj/ffhq/img008689.jpg,6,ffhq
img008779.jpg,proj/ffhq/img008779.jpg,6,ffhq
img008262.jpg,proj/ffhq/img008262.jpg,6,ffhq
img009392.jpg,proj/ffhq/img009392.jpg,6,ffhq
img009295.jpg,proj/ffhq/img009295.jpg,6,ffhq
img009960.jpg,proj/ffhq/img009960.jpg,6,ffhq
img009314.jpg,proj/ffhq/img009314.jpg,6,ffhq
img008044.jpg,proj/ffhq/img008044.jpg,6,ffhq
img009054.jpg,proj/ffhq/img009054.jpg,6,ffhq
img009469.jpg,proj/ffhq/img009469.jpg,6,ffhq
img009068.jpg,proj/ffhq/img009068.jpg,6,ffhq
img009271.jpg,proj/ffhq/img009271.jpg,6,ffhq
img009866.jpg,proj/ffhq/img009866.jpg,6,ffhq
img009340.jpg,proj/ffhq/img009340.jpg,6,ffhq
img008835.jpg,proj/ffhq/img008835.jpg,6,ffhq
img009279.jpg,proj/ffhq/img009279.jpg,6,ffhq
img008956.jpg,proj/ffhq/img008956.jpg,6,ffhq
img008701.jpg,proj/ffhq/img008701.jpg,6,ffhq
img008330.jpg,proj/ffhq/img008330.jpg,6,ffhq
img008773.jpg,proj/ffhq/img008773.jpg,6,ffhq
img008069.jpg,proj/ffhq/img008069.jpg,6,ffhq
img008273.jpg,proj/ffhq/img008273.jpg,6,ffhq
img009991.jpg,proj/ffhq/img009991.jpg,6,ffhq
img008825.jpg,proj/ffhq/img008825.jpg,6,ffhq
img009736.jpg,proj/ffhq/img009736.jpg,6,ffhq
img009857.jpg,proj/ffhq/img009857.jpg,6,ffhq
img008813.jpg,proj/ffhq/img008813.jpg,6,ffhq
img009790.jpg,proj/ffhq/img009790.jpg,6,ffhq
img009299.jpg,proj/ffhq/img009299.jpg,6,ffhq
img008030.jpg,proj/ffhq/img008030.jpg,6,ffhq
img008946.jpg,proj/ffhq/img008946.jpg,6,ffhq
img009592.jpg,proj/ffhq/img009592.jpg,6,ffhq
img009396.jpg,proj/ffhq/img009396.jpg,6,ffhq
img008459.jpg,proj/ffhq/img008459.jpg,6,ffhq
img008053.jpg,proj/ffhq/img008053.jpg,6,ffhq
img008535.jpg,proj/ffhq/img008535.jpg,6,ffhq
img009408.jpg,proj/ffhq/img009408.jpg,6,ffhq
img009154.jpg,proj/ffhq/img009154.jpg,6,ffhq
img008346.jpg,proj/ffhq/img008346.jpg,6,ffhq
img008975.jpg,proj/ffhq/img008975.jpg,6,ffhq
img008797.jpg,proj/ffhq/img008797.jpg,6,ffhq
img008983.jpg,proj/ffhq/img008983.jpg,6,ffhq
img008672.jpg,proj/ffhq/img008672.jpg,6,ffhq
img009770.jpg,proj/ffhq/img009770.jpg,6,ffhq
img008380.jpg,proj/ffhq/img008380.jpg,6,ffhq
img009011.jpg,proj/ffhq/img009011.jpg,6,ffhq
img008757.jpg,proj/ffhq/img008757.jpg,6,ffhq
img009813.jpg,proj/ffhq/img009813.jpg,6,ffhq
img008678.jpg,proj/ffhq/img008678.jpg,6,ffhq
img009955.jpg,proj/ffhq/img009955.jpg,6,ffhq
img008920.jpg,proj/ffhq/img008920.jpg,6,ffhq
img008753.jpg,proj/ffhq/img008753.jpg,6,ffhq
img009910.jpg,proj/ffhq/img009910.jpg,6,ffhq
img009452.jpg,proj/ffhq/img009452.jpg,6,ffhq
img008468.jpg,proj/ffhq/img008468.jpg,6,ffhq
img009922.jpg,proj/ffhq/img009922.jpg,6,ffhq
img008254.jpg,proj/ffhq/img008254.jpg,6,ffhq
img008855.jpg,proj/ffhq/img008855.jpg,6,ffhq
img009627.jpg,proj/ffhq/img009627.jpg,6,ffhq
img008002.jpg,proj/ffhq/img008002.jpg,6,ffhq
img009930.jpg,proj/ffhq/img009930.jpg,6,ffhq
img009423.jpg,proj/ffhq/img009423.jpg,6,ffhq
img009047.jpg,proj/ffhq/img009047.jpg,6,ffhq
img008384.jpg,proj/ffhq/img008384.jpg,6,ffhq
img008311.jpg,proj/ffhq/img008311.jpg,6,ffhq
img009269.jpg,proj/ffhq/img009269.jpg,6,ffhq
img008569.jpg,proj/ffhq/img008569.jpg,6,ffhq
img008919.jpg,proj/ffhq/img008919.jpg,6,ffhq
img008524.jpg,proj/ffhq/img008524.jpg,6,ffhq
img009649.jpg,proj/ffhq/img009649.jpg,6,ffhq
img008714.jpg,proj/ffhq/img008714.jpg,6,ffhq
img009497.jpg,proj/ffhq/img009497.jpg,6,ffhq
img009618.jpg,proj/ffhq/img009618.jpg,6,ffhq
img009890.jpg,proj/ffhq/img009890.jpg,6,ffhq
img008738.jpg,proj/ffhq/img008738.jpg,6,ffhq
img009523.jpg,proj/ffhq/img009523.jpg,6,ffhq
img008494.jpg,proj/ffhq/img008494.jpg,6,ffhq
img009995.jpg,proj/ffhq/img009995.jpg,6,ffhq
img008509.jpg,proj/ffhq/img008509.jpg,6,ffhq
img008857.jpg,proj/ffhq/img008857.jpg,6,ffhq
img008996.jpg,proj/ffhq/img008996.jpg,6,ffhq
img009292.jpg,proj/ffhq/img009292.jpg,6,ffhq
img008293.jpg,proj/ffhq/img008293.jpg,6,ffhq
img008427.jpg,proj/ffhq/img008427.jpg,6,ffhq
img009650.jpg,proj/ffhq/img009650.jpg,6,ffhq
img009942.jpg,proj/ffhq/img009942.jpg,6,ffhq
img009714.jpg,proj/ffhq/img009714.jpg,6,ffhq
img009084.jpg,proj/ffhq/img009084.jpg,6,ffhq
img009697.jpg,proj/ffhq/img009697.jpg,6,ffhq
img009356.jpg,proj/ffhq/img009356.jpg,6,ffhq
img008356.jpg,proj/ffhq/img008356.jpg,6,ffhq
img008168.jpg,proj/ffhq/img008168.jpg,6,ffhq
img008629.jpg,proj/ffhq/img008629.jpg,6,ffhq
img009845.jpg,proj/ffhq/img009845.jpg,6,ffhq
img009706.jpg,proj/ffhq/img009706.jpg,6,ffhq
img008314.jpg,proj/ffhq/img008314.jpg,6,ffhq
img009760.jpg,proj/ffhq/img009760.jpg,6,ffhq
img008423.jpg,proj/ffhq/img008423.jpg,6,ffhq
img009721.jpg,proj/ffhq/img009721.jpg,6,ffhq
img009028.jpg,proj/ffhq/img009028.jpg,6,ffhq
img008525.jpg,proj/ffhq/img008525.jpg,6,ffhq
img009265.jpg,proj/ffhq/img009265.jpg,6,ffhq
img008106.jpg,proj/ffhq/img008106.jpg,6,ffhq
img008991.jpg,proj/ffhq/img008991.jpg,6,ffhq
img009707.jpg,proj/ffhq/img009707.jpg,6,ffhq
img009885.jpg,proj/ffhq/img009885.jpg,6,ffhq
img009181.jpg,proj/ffhq/img009181.jpg,6,ffhq
img009332.jpg,proj/ffhq/img009332.jpg,6,ffhq
img008230.jpg,proj/ffhq/img008230.jpg,6,ffhq
img009741.jpg,proj/ffhq/img009741.jpg,6,ffhq
img009176.jpg,proj/ffhq/img009176.jpg,6,ffhq
img009180.jpg,proj/ffhq/img009180.jpg,6,ffhq
img008306.jpg,proj/ffhq/img008306.jpg,6,ffhq
img009109.jpg,proj/ffhq/img009109.jpg,6,ffhq
img009625.jpg,proj/ffhq/img009625.jpg,6,ffhq
img008577.jpg,proj/ffhq/img008577.jpg,6,ffhq
img008647.jpg,proj/ffhq/img008647.jpg,6,ffhq
img008749.jpg,proj/ffhq/img008749.jpg,6,ffhq
img008909.jpg,proj/ffhq/img008909.jpg,6,ffhq
img008688.jpg,proj/ffhq/img008688.jpg,6,ffhq
img009501.jpg,proj/ffhq/img009501.jpg,6,ffhq
img009604.jpg,proj/ffhq/img009604.jpg,6,ffhq
img009801.jpg,proj/ffhq/img009801.jpg,6,ffhq
img009829.jpg,proj/ffhq/img009829.jpg,6,ffhq
img008630.jpg,proj/ffhq/img008630.jpg,6,ffhq
img008079.jpg,proj/ffhq/img008079.jpg,6,ffhq
img009027.jpg,proj/ffhq/img009027.jpg,6,ffhq
img009117.jpg,proj/ffhq/img009117.jpg,6,ffhq
img009527.jpg,proj/ffhq/img009527.jpg,6,ffhq
img008360.jpg,proj/ffhq/img008360.jpg,6,ffhq
img009924.jpg,proj/ffhq/img009924.jpg,6,ffhq
img009792.jpg,proj/ffhq/img009792.jpg,6,ffhq
img008208.jpg,proj/ffhq/img008208.jpg,6,ffhq
img009147.jpg,proj/ffhq/img009147.jpg,6,ffhq
img009342.jpg,proj/ffhq/img009342.jpg,6,ffhq
img009162.jpg,proj/ffhq/img009162.jpg,6,ffhq
img009441.jpg,proj/ffhq/img009441.jpg,6,ffhq
img008025.jpg,proj/ffhq/img008025.jpg,6,ffhq
img009491.jpg,proj/ffhq/img009491.jpg,6,ffhq
img009264.jpg,proj/ffhq/img009264.jpg,6,ffhq
img009778.jpg,proj/ffhq/img009778.jpg,6,ffhq
img008641.jpg,proj/ffhq/img008641.jpg,6,ffhq
img009505.jpg,proj/ffhq/img009505.jpg,6,ffhq
img008241.jpg,proj/ffhq/img008241.jpg,6,ffhq
img008469.jpg,proj/ffhq/img008469.jpg,6,ffhq
img009877.jpg,proj/ffhq/img009877.jpg,6,ffhq
img009669.jpg,proj/ffhq/img009669.jpg,6,ffhq
img009692.jpg,proj/ffhq/img009692.jpg,6,ffhq
img009221.jpg,proj/ffhq/img009221.jpg,6,ffhq
img009128.jpg,proj/ffhq/img009128.jpg,6,ffhq
img009377.jpg,proj/ffhq/img009377.jpg,6,ffhq
img009415.jpg,proj/ffhq/img009415.jpg,6,ffhq
img009554.jpg,proj/ffhq/img009554.jpg,6,ffhq
img009788.jpg,proj/ffhq/img009788.jpg,6,ffhq
img009169.jpg,proj/ffhq/img009169.jpg,6,ffhq
img009882.jpg,proj/ffhq/img009882.jpg,6,ffhq
img009847.jpg,proj/ffhq/img009847.jpg,6,ffhq
img008213.jpg,proj/ffhq/img008213.jpg,6,ffhq
img009198.jpg,proj/ffhq/img009198.jpg,6,ffhq
img008628.jpg,proj/ffhq/img008628.jpg,6,ffhq
img008279.jpg,proj/ffhq/img008279.jpg,6,ffhq
img009121.jpg,proj/ffhq/img009121.jpg,6,ffhq
img008542.jpg,proj/ffhq/img008542.jpg,6,ffhq
img008108.jpg,proj/ffhq/img008108.jpg,6,ffhq
img009718.jpg,proj/ffhq/img009718.jpg,6,ffhq
img009664.jpg,proj/ffhq/img009664.jpg,6,ffhq
img008516.jpg,proj/ffhq/img008516.jpg,6,ffhq
img009614.jpg,proj/ffhq/img009614.jpg,6,ffhq
img008247.jpg,proj/ffhq/img008247.jpg,6,ffhq
img008722.jpg,proj/ffhq/img008722.jpg,6,ffhq
img009996.jpg,proj/ffhq/img009996.jpg,6,ffhq
img009952.jpg,proj/ffhq/img009952.jpg,6,ffhq
img008192.jpg,proj/ffhq/img008192.jpg,6,ffhq
img009730.jpg,proj/ffhq/img009730.jpg,6,ffhq
img008725.jpg,proj/ffhq/img008725.jpg,6,ffhq
img008223.jpg,proj/ffhq/img008223.jpg,6,ffhq
img009132.jpg,proj/ffhq/img009132.jpg,6,ffhq
img008501.jpg,proj/ffhq/img008501.jpg,6,ffhq
img008575.jpg,proj/ffhq/img008575.jpg,6,ffhq
img009391.jpg,proj/ffhq/img009391.jpg,6,ffhq
img009038.jpg,proj/ffhq/img009038.jpg,6,ffhq
img008895.jpg,proj/ffhq/img008895.jpg,6,ffhq
img008203.jpg,proj/ffhq/img008203.jpg,6,ffhq
img008058.jpg,proj/ffhq/img008058.jpg,6,ffhq
img008833.jpg,proj/ffhq/img008833.jpg,6,ffhq
img009164.jpg,proj/ffhq/img009164.jpg,6,ffhq
img009025.jpg,proj/ffhq/img009025.jpg,6,ffhq
img008604.jpg,proj/ffhq/img008604.jpg,6,ffhq
img009116.jpg,proj/ffhq/img009116.jpg,6,ffhq
img009019.jpg,proj/ffhq/img009019.jpg,6,ffhq
img008224.jpg,proj/ffhq/img008224.jpg,6,ffhq
img009231.jpg,proj/ffhq/img009231.jpg,6,ffhq
img009531.jpg,proj/ffhq/img009531.jpg,6,ffhq
img009521.jpg,proj/ffhq/img009521.jpg,6,ffhq
img008477.jpg,proj/ffhq/img008477.jpg,6,ffhq
img009849.jpg,proj/ffhq/img009849.jpg,6,ffhq
img009259.jpg,proj/ffhq/img009259.jpg,6,ffhq
img009612.jpg,proj/ffhq/img009612.jpg,6,ffhq
img009030.jpg,proj/ffhq/img009030.jpg,6,ffhq
img009155.jpg,proj/ffhq/img009155.jpg,6,ffhq
img008853.jpg,proj/ffhq/img008853.jpg,6,ffhq
img009352.jpg,proj/ffhq/img009352.jpg,6,ffhq
img008758.jpg,proj/ffhq/img008758.jpg,6,ffhq
img009726.jpg,proj/ffhq/img009726.jpg,6,ffhq
img008534.jpg,proj/ffhq/img008534.jpg,6,ffhq
img008970.jpg,proj/ffhq/img008970.jpg,6,ffhq
img009425.jpg,proj/ffhq/img009425.jpg,6,ffhq
img009571.jpg,proj/ffhq/img009571.jpg,6,ffhq
img009256.jpg,proj/ffhq/img009256.jpg,6,ffhq
img008441.jpg,proj/ffhq/img008441.jpg,6,ffhq
img009419.jpg,proj/ffhq/img009419.jpg,6,ffhq
img009631.jpg,proj/ffhq/img009631.jpg,6,ffhq
img008657.jpg,proj/ffhq/img008657.jpg,6,ffhq
img008723.jpg,proj/ffhq/img008723.jpg,6,ffhq
img009851.jpg,proj/ffhq/img009851.jpg,6,ffhq
img009301.jpg,proj/ffhq/img009301.jpg,6,ffhq
img009632.jpg,proj/ffhq/img009632.jpg,6,ffhq
img008560.jpg,proj/ffhq/img008560.jpg,6,ffhq
img008784.jpg,proj/ffhq/img008784.jpg,6,ffhq
img009512.jpg,proj/ffhq/img009512.jpg,6,ffhq
img009651.jpg,proj/ffhq/img009651.jpg,6,ffhq
img009553.jpg,proj/ffhq/img009553.jpg,6,ffhq
img009337.jpg,proj/ffhq/img009337.jpg,6,ffhq
img008377.jpg,proj/ffhq/img008377.jpg,6,ffhq
img009772.jpg,proj/ffhq/img009772.jpg,6,ffhq
img008624.jpg,proj/ffhq/img008624.jpg,6,ffhq
img008185.jpg,proj/ffhq/img008185.jpg,6,ffhq
img008020.jpg,proj/ffhq/img008020.jpg,6,ffhq
img009502.jpg,proj/ffhq/img009502.jpg,6,ffhq
img009732.jpg,proj/ffhq/img009732.jpg,6,ffhq
img008249.jpg,proj/ffhq/img008249.jpg,6,ffhq
img008992.jpg,proj/ffhq/img008992.jpg,6,ffhq
img008295.jpg,proj/ffhq/img008295.jpg,6,ffhq
img009476.jpg,proj/ffhq/img009476.jpg,6,ffhq
img008889.jpg,proj/ffhq/img008889.jpg,6,ffhq
img009022.jpg,proj/ffhq/img009022.jpg,6,ffhq
img009863.jpg,proj/ffhq/img009863.jpg,6,ffhq
img008050.jpg,proj/ffhq/img008050.jpg,6,ffhq
img008418.jpg,proj/ffhq/img008418.jpg,6,ffhq
img008864.jpg,proj/ffhq/img008864.jpg,6,ffhq
img009840.jpg,proj/ffhq/img009840.jpg,6,ffhq
img009623.jpg,proj/ffhq/img009623.jpg,6,ffhq
img009645.jpg,proj/ffhq/img009645.jpg,6,ffhq
img008386.jpg,proj/ffhq/img008386.jpg,6,ffhq
img009183.jpg,proj/ffhq/img009183.jpg,6,ffhq
img009678.jpg,proj/ffhq/img009678.jpg,6,ffhq
img008854.jpg,proj/ffhq/img008854.jpg,6,ffhq
img009856.jpg,proj/ffhq/img009856.jpg,6,ffhq
img008305.jpg,proj/ffhq/img008305.jpg,6,ffhq
img009867.jpg,proj/ffhq/img009867.jpg,6,ffhq
img009662.jpg,proj/ffhq/img009662.jpg,6,ffhq
img009822.jpg,proj/ffhq/img009822.jpg,6,ffhq
img009904.jpg,proj/ffhq/img009904.jpg,6,ffhq
img008238.jpg,proj/ffhq/img008238.jpg,6,ffhq
img009786.jpg,proj/ffhq/img009786.jpg,6,ffhq
img008711.jpg,proj/ffhq/img008711.jpg,6,ffhq
img009201.jpg,proj/ffhq/img009201.jpg,6,ffhq
img009893.jpg,proj/ffhq/img009893.jpg,6,ffhq
img008849.jpg,proj/ffhq/img008849.jpg,6,ffhq
img009302.jpg,proj/ffhq/img009302.jpg,6,ffhq
img009026.jpg,proj/ffhq/img009026.jpg,6,ffhq
img009556.jpg,proj/ffhq/img009556.jpg,6,ffhq
img009157.jpg,proj/ffhq/img009157.jpg,6,ffhq
img008212.jpg,proj/ffhq/img008212.jpg,6,ffhq
img008319.jpg,proj/ffhq/img008319.jpg,6,ffhq
img009446.jpg,proj/ffhq/img009446.jpg,6,ffhq
img008863.jpg,proj/ffhq/img008863.jpg,6,ffhq
img008662.jpg,proj/ffhq/img008662.jpg,6,ffhq
img009021.jpg,proj/ffhq/img009021.jpg,6,ffhq
img008839.jpg,proj/ffhq/img008839.jpg,6,ffhq
img009850.jpg,proj/ffhq/img009850.jpg,6,ffhq
img009761.jpg,proj/ffhq/img009761.jpg,6,ffhq
img009538.jpg,proj/ffhq/img009538.jpg,6,ffhq
img008730.jpg,proj/ffhq/img008730.jpg,6,ffhq
img008221.jpg,proj/ffhq/img008221.jpg,6,ffhq
img009504.jpg,proj/ffhq/img009504.jpg,6,ffhq
img009939.jpg,proj/ffhq/img009939.jpg,6,ffhq
img008444.jpg,proj/ffhq/img008444.jpg,6,ffhq
img008458.jpg,proj/ffhq/img008458.jpg,6,ffhq
img009082.jpg,proj/ffhq/img009082.jpg,6,ffhq
img008858.jpg,proj/ffhq/img008858.jpg,6,ffhq
img008785.jpg,proj/ffhq/img008785.jpg,6,ffhq
img009637.jpg,proj/ffhq/img009637.jpg,6,ffhq
img008959.jpg,proj/ffhq/img008959.jpg,6,ffhq
img008935.jpg,proj/ffhq/img008935.jpg,6,ffhq
img008896.jpg,proj/ffhq/img008896.jpg,6,ffhq
img009548.jpg,proj/ffhq/img009548.jpg,6,ffhq
img008394.jpg,proj/ffhq/img008394.jpg,6,ffhq
img009043.jpg,proj/ffhq/img009043.jpg,6,ffhq
img009733.jpg,proj/ffhq/img009733.jpg,6,ffhq
img009540.jpg,proj/ffhq/img009540.jpg,6,ffhq
img008529.jpg,proj/ffhq/img008529.jpg,6,ffhq
img008733.jpg,proj/ffhq/img008733.jpg,6,ffhq
img009123.jpg,proj/ffhq/img009123.jpg,6,ffhq
img009465.jpg,proj/ffhq/img009465.jpg,6,ffhq
img008754.jpg,proj/ffhq/img008754.jpg,6,ffhq
img009773.jpg,proj/ffhq/img009773.jpg,6,ffhq
img008574.jpg,proj/ffhq/img008574.jpg,6,ffhq
img008233.jpg,proj/ffhq/img008233.jpg,6,ffhq
img009690.jpg,proj/ffhq/img009690.jpg,6,ffhq
img008802.jpg,proj/ffhq/img008802.jpg,6,ffhq
img008942.jpg,proj/ffhq/img008942.jpg,6,ffhq
img008532.jpg,proj/ffhq/img008532.jpg,6,ffhq
img008619.jpg,proj/ffhq/img008619.jpg,6,ffhq
img008231.jpg,proj/ffhq/img008231.jpg,6,ffhq
img008737.jpg,proj/ffhq/img008737.jpg,6,ffhq
img008215.jpg,proj/ffhq/img008215.jpg,6,ffhq
img008047.jpg,proj/ffhq/img008047.jpg,6,ffhq
img008999.jpg,proj/ffhq/img008999.jpg,6,ffhq
img008479.jpg,proj/ffhq/img008479.jpg,6,ffhq
img009241.jpg,proj/ffhq/img009241.jpg,6,ffhq
img008122.jpg,proj/ffhq/img008122.jpg,6,ffhq
img009601.jpg,proj/ffhq/img009601.jpg,6,ffhq
img008110.jpg,proj/ffhq/img008110.jpg,6,ffhq
img009921.jpg,proj/ffhq/img009921.jpg,6,ffhq
img009101.jpg,proj/ffhq/img009101.jpg,6,ffhq
img009949.jpg,proj/ffhq/img009949.jpg,6,ffhq
img008829.jpg,proj/ffhq/img008829.jpg,6,ffhq
img009929.jpg,proj/ffhq/img009929.jpg,6,ffhq
img008153.jpg,proj/ffhq/img008153.jpg,6,ffhq
img009072.jpg,proj/ffhq/img009072.jpg,6,ffhq
img008121.jpg,proj/ffhq/img008121.jpg,6,ffhq
img009437.jpg,proj/ffhq/img009437.jpg,6,ffhq
img009602.jpg,proj/ffhq/img009602.jpg,6,ffhq
img009210.jpg,proj/ffhq/img009210.jpg,6,ffhq
img008551.jpg,proj/ffhq/img008551.jpg,6,ffhq
img008582.jpg,proj/ffhq/img008582.jpg,6,ffhq
img009582.jpg,proj/ffhq/img009582.jpg,6,ffhq
img008545.jpg,proj/ffhq/img008545.jpg,6,ffhq
img009795.jpg,proj/ffhq/img009795.jpg,6,ffhq
img008065.jpg,proj/ffhq/img008065.jpg,6,ffhq
img008417.jpg,proj/ffhq/img008417.jpg,6,ffhq
img008123.jpg,proj/ffhq/img008123.jpg,6,ffhq
img008957.jpg,proj/ffhq/img008957.jpg,6,ffhq
img009486.jpg,proj/ffhq/img009486.jpg,6,ffhq
img008381.jpg,proj/ffhq/img008381.jpg,6,ffhq
img009322.jpg,proj/ffhq/img009322.jpg,6,ffhq
img009574.jpg,proj/ffhq/img009574.jpg,6,ffhq
img009247.jpg,proj/ffhq/img009247.jpg,6,ffhq
img009220.jpg,proj/ffhq/img009220.jpg,6,ffhq
img008512.jpg,proj/ffhq/img008512.jpg,6,ffhq
img008763.jpg,proj/ffhq/img008763.jpg,6,ffhq
img009145.jpg,proj/ffhq/img009145.jpg,6,ffhq
img009665.jpg,proj/ffhq/img009665.jpg,6,ffhq
img009757.jpg,proj/ffhq/img009757.jpg,6,ffhq
img008821.jpg,proj/ffhq/img008821.jpg,6,ffhq
img008921.jpg,proj/ffhq/img008921.jpg,6,ffhq
img009149.jpg,proj/ffhq/img009149.jpg,6,ffhq
img008994.jpg,proj/ffhq/img008994.jpg,6,ffhq
img008395.jpg,proj/ffhq/img008395.jpg,6,ffhq
img008568.jpg,proj/ffhq/img008568.jpg,6,ffhq
img009765.jpg,proj/ffhq/img009765.jpg,6,ffhq
img008602.jpg,proj/ffhq/img008602.jpg,6,ffhq
img009283.jpg,proj/ffhq/img009283.jpg,6,ffhq
img008587.jpg,proj/ffhq/img008587.jpg,6,ffhq
img009915.jpg,proj/ffhq/img009915.jpg,6,ffhq
img008000.jpg,proj/ffhq/img008000.jpg,6,ffhq
img009754.jpg,proj/ffhq/img009754.jpg,6,ffhq
img008533.jpg,proj/ffhq/img008533.jpg,6,ffhq
img008615.jpg,proj/ffhq/img008615.jpg,6,ffhq
img009420.jpg,proj/ffhq/img009420.jpg,6,ffhq
img008264.jpg,proj/ffhq/img008264.jpg,6,ffhq
img009876.jpg,proj/ffhq/img009876.jpg,6,ffhq
img008674.jpg,proj/ffhq/img008674.jpg,6,ffhq
img008390.jpg,proj/ffhq/img008390.jpg,6,ffhq
img008269.jpg,proj/ffhq/img008269.jpg,6,ffhq
img009807.jpg,proj/ffhq/img009807.jpg,6,ffhq
img008181.jpg,proj/ffhq/img008181.jpg,6,ffhq
img008759.jpg,proj/ffhq/img008759.jpg,6,ffhq
img008729.jpg,proj/ffhq/img008729.jpg,6,ffhq
img008976.jpg,proj/ffhq/img008976.jpg,6,ffhq
img008944.jpg,proj/ffhq/img008944.jpg,6,ffhq
img009934.jpg,proj/ffhq/img009934.jpg,6,ffhq
img009324.jpg,proj/ffhq/img009324.jpg,6,ffhq
img009830.jpg,proj/ffhq/img009830.jpg,6,ffhq
img009383.jpg,proj/ffhq/img009383.jpg,6,ffhq
img009398.jpg,proj/ffhq/img009398.jpg,6,ffhq
img008603.jpg,proj/ffhq/img008603.jpg,6,ffhq
img009781.jpg,proj/ffhq/img009781.jpg,6,ffhq
img008636.jpg,proj/ffhq/img008636.jpg,6,ffhq
img009774.jpg,proj/ffhq/img009774.jpg,6,ffhq
img008006.jpg,proj/ffhq/img008006.jpg,6,ffhq
img008357.jpg,proj/ffhq/img008357.jpg,6,ffhq
img008217.jpg,proj/ffhq/img008217.jpg,6,ffhq
img009784.jpg,proj/ffhq/img009784.jpg,6,ffhq
img009439.jpg,proj/ffhq/img009439.jpg,6,ffhq
img009005.jpg,proj/ffhq/img009005.jpg,6,ffhq
img008953.jpg,proj/ffhq/img008953.jpg,6,ffhq
img008663.jpg,proj/ffhq/img008663.jpg,6,ffhq
img009668.jpg,proj/ffhq/img009668.jpg,6,ffhq
img008945.jpg,proj/ffhq/img008945.jpg,6,ffhq
img009297.jpg,proj/ffhq/img009297.jpg,6,ffhq
img008692.jpg,proj/ffhq/img008692.jpg,6,ffhq
img008367.jpg,proj/ffhq/img008367.jpg,6,ffhq
img009762.jpg,proj/ffhq/img009762.jpg,6,ffhq
img009208.jpg,proj/ffhq/img009208.jpg,6,ffhq
img009243.jpg,proj/ffhq/img009243.jpg,6,ffhq
img008475.jpg,proj/ffhq/img008475.jpg,6,ffhq
img009794.jpg,proj/ffhq/img009794.jpg,6,ffhq
img008312.jpg,proj/ffhq/img008312.jpg,6,ffhq
img009647.jpg,proj/ffhq/img009647.jpg,6,ffhq
img009347.jpg,proj/ffhq/img009347.jpg,6,ffhq
img009862.jpg,proj/ffhq/img009862.jpg,6,ffhq
img008913.jpg,proj/ffhq/img008913.jpg,6,ffhq
img009874.jpg,proj/ffhq/img009874.jpg,6,ffhq
img008606.jpg,proj/ffhq/img008606.jpg,6,ffhq
img009173.jpg,proj/ffhq/img009173.jpg,6,ffhq
img008109.jpg,proj/ffhq/img008109.jpg,6,ffhq
img008544.jpg,proj/ffhq/img008544.jpg,6,ffhq
img009638.jpg,proj/ffhq/img009638.jpg,6,ffhq
img008077.jpg,proj/ffhq/img008077.jpg,6,ffhq
img008460.jpg,proj/ffhq/img008460.jpg,6,ffhq
img009511.jpg,proj/ffhq/img009511.jpg,6,ffhq
img009755.jpg,proj/ffhq/img009755.jpg,6,ffhq
img009958.jpg,proj/ffhq/img009958.jpg,6,ffhq
img008132.jpg,proj/ffhq/img008132.jpg,6,ffhq
img009369.jpg,proj/ffhq/img009369.jpg,6,ffhq
img008771.jpg,proj/ffhq/img008771.jpg,6,ffhq
img008848.jpg,proj/ffhq/img008848.jpg,6,ffhq
img008499.jpg,proj/ffhq/img008499.jpg,6,ffhq
img009204.jpg,proj/ffhq/img009204.jpg,6,ffhq
img008787.jpg,proj/ffhq/img008787.jpg,6,ffhq
img009372.jpg,proj/ffhq/img009372.jpg,6,ffhq
img009596.jpg,proj/ffhq/img009596.jpg,6,ffhq
img009148.jpg,proj/ffhq/img009148.jpg,6,ffhq
img008351.jpg,proj/ffhq/img008351.jpg,6,ffhq
img009033.jpg,proj/ffhq/img009033.jpg,6,ffhq
img008570.jpg,proj/ffhq/img008570.jpg,6,ffhq
img008985.jpg,proj/ffhq/img008985.jpg,6,ffhq
img008812.jpg,proj/ffhq/img008812.jpg,6,ffhq
img008768.jpg,proj/ffhq/img008768.jpg,6,ffhq
img008059.jpg,proj/ffhq/img008059.jpg,6,ffhq
img008410.jpg,proj/ffhq/img008410.jpg,6,ffhq
img009032.jpg,proj/ffhq/img009032.jpg,6,ffhq
img008947.jpg,proj/ffhq/img008947.jpg,6,ffhq
img009879.jpg,proj/ffhq/img009879.jpg,6,ffhq
img009063.jpg,proj/ffhq/img009063.jpg,6,ffhq
img009435.jpg,proj/ffhq/img009435.jpg,6,ffhq
img008832.jpg,proj/ffhq/img008832.jpg,6,ffhq
img008105.jpg,proj/ffhq/img008105.jpg,6,ffhq
img008040.jpg,proj/ffhq/img008040.jpg,6,ffhq
img008882.jpg,proj/ffhq/img008882.jpg,6,ffhq
img009263.jpg,proj/ffhq/img009263.jpg,6,ffhq
img008706.jpg,proj/ffhq/img008706.jpg,6,ffhq
img008648.jpg,proj/ffhq/img008648.jpg,6,ffhq
img009094.jpg,proj/ffhq/img009094.jpg,6,ffhq
img009048.jpg,proj/ffhq/img009048.jpg,6,ffhq
img008626.jpg,proj/ffhq/img008626.jpg,6,ffhq
img009992.jpg,proj/ffhq/img009992.jpg,6,ffhq
img008255.jpg,proj/ffhq/img008255.jpg,6,ffhq
img008214.jpg,proj/ffhq/img008214.jpg,6,ffhq
img008880.jpg,proj/ffhq/img008880.jpg,6,ffhq
img008687.jpg,proj/ffhq/img008687.jpg,6,ffhq
img009624.jpg,proj/ffhq/img009624.jpg,6,ffhq
img008837.jpg,proj/ffhq/img008837.jpg,6,ffhq
img009959.jpg,proj/ffhq/img009959.jpg,6,ffhq
img009002.jpg,proj/ffhq/img009002.jpg,6,ffhq
img009091.jpg,proj/ffhq/img009091.jpg,6,ffhq
img009901.jpg,proj/ffhq/img009901.jpg,6,ffhq
img009257.jpg,proj/ffhq/img009257.jpg,6,ffhq
img009583.jpg,proj/ffhq/img009583.jpg,6,ffhq
img009475.jpg,proj/ffhq/img009475.jpg,6,ffhq
img009843.jpg,proj/ffhq/img009843.jpg,6,ffhq
img008600.jpg,proj/ffhq/img008600.jpg,6,ffhq
img008584.jpg,proj/ffhq/img008584.jpg,6,ffhq
img009742.jpg,proj/ffhq/img009742.jpg,6,ffhq
img009289.jpg,proj/ffhq/img009289.jpg,6,ffhq
img008009.jpg,proj/ffhq/img008009.jpg,6,ffhq
img009702.jpg,proj/ffhq/img009702.jpg,6,ffhq
img008968.jpg,proj/ffhq/img008968.jpg,6,ffhq
img008846.jpg,proj/ffhq/img008846.jpg,6,ffhq
img008752.jpg,proj/ffhq/img008752.jpg,6,ffhq
img009191.jpg,proj/ffhq/img009191.jpg,6,ffhq
img009239.jpg,proj/ffhq/img009239.jpg,6,ffhq
img008736.jpg,proj/ffhq/img008736.jpg,6,ffhq
img008057.jpg,proj/ffhq/img008057.jpg,6,ffhq
img008140.jpg,proj/ffhq/img008140.jpg,6,ffhq
img008361.jpg,proj/ffhq/img008361.jpg,6,ffhq
img009976.jpg,proj/ffhq/img009976.jpg,6,ffhq
img009693.jpg,proj/ffhq/img009693.jpg,6,ffhq
img009020.jpg,proj/ffhq/img009020.jpg,6,ffhq
img009455.jpg,proj/ffhq/img009455.jpg,6,ffhq
img009051.jpg,proj/ffhq/img009051.jpg,6,ffhq
img009918.jpg,proj/ffhq/img009918.jpg,6,ffhq
img008257.jpg,proj/ffhq/img008257.jpg,6,ffhq
img008478.jpg,proj/ffhq/img008478.jpg,6,ffhq
img009236.jpg,proj/ffhq/img009236.jpg,6,ffhq
img008275.jpg,proj/ffhq/img008275.jpg,6,ffhq
img009743.jpg,proj/ffhq/img009743.jpg,6,ffhq
img009092.jpg,proj/ffhq/img009092.jpg,6,ffhq
img008466.jpg,proj/ffhq/img008466.jpg,6,ffhq
img009580.jpg,proj/ffhq/img009580.jpg,6,ffhq
img009076.jpg,proj/ffhq/img009076.jpg,6,ffhq
img009034.jpg,proj/ffhq/img009034.jpg,6,ffhq
img008299.jpg,proj/ffhq/img008299.jpg,6,ffhq
img008321.jpg,proj/ffhq/img008321.jpg,6,ffhq
img008965.jpg,proj/ffhq/img008965.jpg,6,ffhq
img008432.jpg,proj/ffhq/img008432.jpg,6,ffhq
img009203.jpg,proj/ffhq/img009203.jpg,6,ffhq
img008964.jpg,proj/ffhq/img008964.jpg,6,ffhq
img009787.jpg,proj/ffhq/img009787.jpg,6,ffhq
img009573.jpg,proj/ffhq/img009573.jpg,6,ffhq
img008176.jpg,proj/ffhq/img008176.jpg,6,ffhq
img009160.jpg,proj/ffhq/img009160.jpg,6,ffhq
img009698.jpg,proj/ffhq/img009698.jpg,6,ffhq
img008073.jpg,proj/ffhq/img008073.jpg,6,ffhq
img008227.jpg,proj/ffhq/img008227.jpg,6,ffhq
img009746.jpg,proj/ffhq/img009746.jpg,6,ffhq
img009448.jpg,proj/ffhq/img009448.jpg,6,ffhq
img008775.jpg,proj/ffhq/img008775.jpg,6,ffhq
img008297.jpg,proj/ffhq/img008297.jpg,6,ffhq
img009979.jpg,proj/ffhq/img009979.jpg,6,ffhq
img009432.jpg,proj/ffhq/img009432.jpg,6,ffhq
img008646.jpg,proj/ffhq/img008646.jpg,6,ffhq
img008505.jpg,proj/ffhq/img008505.jpg,6,ffhq
img008495.jpg,proj/ffhq/img008495.jpg,6,ffhq
img008806.jpg,proj/ffhq/img008806.jpg,6,ffhq
img008282.jpg,proj/ffhq/img008282.jpg,6,ffhq
img008623.jpg,proj/ffhq/img008623.jpg,6,ffhq
img009467.jpg,proj/ffhq/img009467.jpg,6,ffhq
img008831.jpg,proj/ffhq/img008831.jpg,6,ffhq
img009827.jpg,proj/ffhq/img009827.jpg,6,ffhq
img009561.jpg,proj/ffhq/img009561.jpg,6,ffhq
img008296.jpg,proj/ffhq/img008296.jpg,6,ffhq
img009552.jpg,proj/ffhq/img009552.jpg,6,ffhq
img008463.jpg,proj/ffhq/img008463.jpg,6,ffhq
img009541.jpg,proj/ffhq/img009541.jpg,6,ffhq
img009881.jpg,proj/ffhq/img009881.jpg,6,ffhq
img008746.jpg,proj/ffhq/img008746.jpg,6,ffhq
img008476.jpg,proj/ffhq/img008476.jpg,6,ffhq
img009483.jpg,proj/ffhq/img009483.jpg,6,ffhq
img008158.jpg,proj/ffhq/img008158.jpg,6,ffhq
img009390.jpg,proj/ffhq/img009390.jpg,6,ffhq
img008198.jpg,proj/ffhq/img008198.jpg,6,ffhq
img008756.jpg,proj/ffhq/img008756.jpg,6,ffhq
img008263.jpg,proj/ffhq/img008263.jpg,6,ffhq
img008915.jpg,proj/ffhq/img008915.jpg,6,ffhq
img008933.jpg,proj/ffhq/img008933.jpg,6,ffhq
img009384.jpg,proj/ffhq/img009384.jpg,6,ffhq
img009566.jpg,proj/ffhq/img009566.jpg,6,ffhq
img009166.jpg,proj/ffhq/img009166.jpg,6,ffhq
img008218.jpg,proj/ffhq/img008218.jpg,6,ffhq
img009046.jpg,proj/ffhq/img009046.jpg,6,ffhq
img009703.jpg,proj/ffhq/img009703.jpg,6,ffhq
img008013.jpg,proj/ffhq/img008013.jpg,6,ffhq
img009093.jpg,proj/ffhq/img009093.jpg,6,ffhq
img009739.jpg,proj/ffhq/img009739.jpg,6,ffhq
img009185.jpg,proj/ffhq/img009185.jpg,6,ffhq
img008374.jpg,proj/ffhq/img008374.jpg,6,ffhq
img009779.jpg,proj/ffhq/img009779.jpg,6,ffhq
img009328.jpg,proj/ffhq/img009328.jpg,6,ffhq
img008910.jpg,proj/ffhq/img008910.jpg,6,ffhq
img009803.jpg,proj/ffhq/img009803.jpg,6,ffhq
img009558.jpg,proj/ffhq/img009558.jpg,6,ffhq
img008343.jpg,proj/ffhq/img008343.jpg,6,ffhq
img009171.jpg,proj/ffhq/img009171.jpg,6,ffhq
img009107.jpg,proj/ffhq/img009107.jpg,6,ffhq
img008049.jpg,proj/ffhq/img008049.jpg,6,ffhq
img008033.jpg,proj/ffhq/img008033.jpg,6,ffhq
img008874.jpg,proj/ffhq/img008874.jpg,6,ffhq
img008886.jpg,proj/ffhq/img008886.jpg,6,ffhq
img008951.jpg,proj/ffhq/img008951.jpg,6,ffhq
img009055.jpg,proj/ffhq/img009055.jpg,6,ffhq
img008676.jpg,proj/ffhq/img008676.jpg,6,ffhq
img009635.jpg,proj/ffhq/img009635.jpg,6,ffhq
img009694.jpg,proj/ffhq/img009694.jpg,6,ffhq
img008336.jpg,proj/ffhq/img008336.jpg,6,ffhq
img009731.jpg,proj/ffhq/img009731.jpg,6,ffhq
img008342.jpg,proj/ffhq/img008342.jpg,6,ffhq
img008078.jpg,proj/ffhq/img008078.jpg,6,ffhq
img008285.jpg,proj/ffhq/img008285.jpg,6,ffhq
img009534.jpg,proj/ffhq/img009534.jpg,6,ffhq
img009984.jpg,proj/ffhq/img009984.jpg,6,ffhq
img008117.jpg,proj/ffhq/img008117.jpg,6,ffhq
img009660.jpg,proj/ffhq/img009660.jpg,6,ffhq
img009193.jpg,proj/ffhq/img009193.jpg,6,ffhq
img009832.jpg,proj/ffhq/img009832.jpg,6,ffhq
img009326.jpg,proj/ffhq/img009326.jpg,6,ffhq
img009069.jpg,proj/ffhq/img009069.jpg,6,ffhq
img008815.jpg,proj/ffhq/img008815.jpg,6,ffhq
img008502.jpg,proj/ffhq/img008502.jpg,6,ffhq
img008316.jpg,proj/ffhq/img008316.jpg,6,ffhq
img008503.jpg,proj/ffhq/img008503.jpg,6,ffhq
img009213.jpg,proj/ffhq/img009213.jpg,6,ffhq
img009783.jpg,proj/ffhq/img009783.jpg,6,ffhq
img009468.jpg,proj/ffhq/img009468.jpg,6,ffhq
img009214.jpg,proj/ffhq/img009214.jpg,6,ffhq
img008155.jpg,proj/ffhq/img008155.jpg,6,ffhq
img009888.jpg,proj/ffhq/img009888.jpg,6,ffhq
img008655.jpg,proj/ffhq/img008655.jpg,6,ffhq
img008298.jpg,proj/ffhq/img008298.jpg,6,ffhq
img009588.jpg,proj/ffhq/img009588.jpg,6,ffhq
img009276.jpg,proj/ffhq/img009276.jpg,6,ffhq
img009013.jpg,proj/ffhq/img009013.jpg,6,ffhq
img008952.jpg,proj/ffhq/img008952.jpg,6,ffhq
img009833.jpg,proj/ffhq/img009833.jpg,6,ffhq
img009825.jpg,proj/ffhq/img009825.jpg,6,ffhq
img008877.jpg,proj/ffhq/img008877.jpg,6,ffhq
img009861.jpg,proj/ffhq/img009861.jpg,6,ffhq
img008456.jpg,proj/ffhq/img008456.jpg,6,ffhq
img008883.jpg,proj/ffhq/img008883.jpg,6,ffhq
img008307.jpg,proj/ffhq/img008307.jpg,6,ffhq
img008309.jpg,proj/ffhq/img008309.jpg,6,ffhq
img009932.jpg,proj/ffhq/img009932.jpg,6,ffhq
img008092.jpg,proj/ffhq/img008092.jpg,6,ffhq
img009300.jpg,proj/ffhq/img009300.jpg,6,ffhq
img008439.jpg,proj/ffhq/img008439.jpg,6,ffhq
img008960.jpg,proj/ffhq/img008960.jpg,6,ffhq
img009458.jpg,proj/ffhq/img009458.jpg,6,ffhq
img009489.jpg,proj/ffhq/img009489.jpg,6,ffhq
img008422.jpg,proj/ffhq/img008422.jpg,6,ffhq
img009130.jpg,proj/ffhq/img009130.jpg,6,ffhq
img009600.jpg,proj/ffhq/img009600.jpg,6,ffhq
img008609.jpg,proj/ffhq/img008609.jpg,6,ffhq
img009859.jpg,proj/ffhq/img009859.jpg,6,ffhq
img009170.jpg,proj/ffhq/img009170.jpg,6,ffhq
img009131.jpg,proj/ffhq/img009131.jpg,6,ffhq
img008338.jpg,proj/ffhq/img008338.jpg,6,ffhq
img009136.jpg,proj/ffhq/img009136.jpg,6,ffhq
img008673.jpg,proj/ffhq/img008673.jpg,6,ffhq
img008842.jpg,proj/ffhq/img008842.jpg,6,ffhq
img009106.jpg,proj/ffhq/img009106.jpg,6,ffhq
img009096.jpg,proj/ffhq/img009096.jpg,6,ffhq
img008031.jpg,proj/ffhq/img008031.jpg,6,ffhq
img009967.jpg,proj/ffhq/img009967.jpg,6,ffhq
img009537.jpg,proj/ffhq/img009537.jpg,6,ffhq
img008717.jpg,proj/ffhq/img008717.jpg,6,ffhq
img009729.jpg,proj/ffhq/img009729.jpg,6,ffhq
img009365.jpg,proj/ffhq/img009365.jpg,6,ffhq
img008245.jpg,proj/ffhq/img008245.jpg,6,ffhq
img008567.jpg,proj/ffhq/img008567.jpg,6,ffhq
img008440.jpg,proj/ffhq/img008440.jpg,6,ffhq
img008691.jpg,proj/ffhq/img008691.jpg,6,ffhq
img008865.jpg,proj/ffhq/img008865.jpg,6,ffhq
img009039.jpg,proj/ffhq/img009039.jpg,6,ffhq
img008371.jpg,proj/ffhq/img008371.jpg,6,ffhq
img008617.jpg,proj/ffhq/img008617.jpg,6,ffhq
img008586.jpg,proj/ffhq/img008586.jpg,6,ffhq
img008741.jpg,proj/ffhq/img008741.jpg,6,ffhq
img009616.jpg,proj/ffhq/img009616.jpg,6,ffhq
img009298.jpg,proj/ffhq/img009298.jpg,6,ffhq
img008414.jpg,proj/ffhq/img008414.jpg,6,ffhq
img008128.jpg,proj/ffhq/img008128.jpg,6,ffhq
img008008.jpg,proj/ffhq/img008008.jpg,6,ffhq
img009734.jpg,proj/ffhq/img009734.jpg,6,ffhq
img008925.jpg,proj/ffhq/img008925.jpg,6,ffhq
img009689.jpg,proj/ffhq/img009689.jpg,6,ffhq
img009585.jpg,proj/ffhq/img009585.jpg,6,ffhq
img009533.jpg,proj/ffhq/img009533.jpg,6,ffhq
img009587.jpg,proj/ffhq/img009587.jpg,6,ffhq
img009544.jpg,proj/ffhq/img009544.jpg,6,ffhq
img009307.jpg,proj/ffhq/img009307.jpg,6,ffhq
img008288.jpg,proj/ffhq/img008288.jpg,6,ffhq
img009628.jpg,proj/ffhq/img009628.jpg,6,ffhq
img009182.jpg,proj/ffhq/img009182.jpg,6,ffhq
img009470.jpg,proj/ffhq/img009470.jpg,6,ffhq
img008643.jpg,proj/ffhq/img008643.jpg,6,ffhq
img008918.jpg,proj/ffhq/img008918.jpg,6,ffhq
img008075.jpg,proj/ffhq/img008075.jpg,6,ffhq
img008610.jpg,proj/ffhq/img008610.jpg,6,ffhq
img009453.jpg,proj/ffhq/img009453.jpg,6,ffhq
img009345.jpg,proj/ffhq/img009345.jpg,6,ffhq
img009167.jpg,proj/ffhq/img009167.jpg,6,ffhq
img008565.jpg,proj/ffhq/img008565.jpg,6,ffhq
img009584.jpg,proj/ffhq/img009584.jpg,6,ffhq
img009090.jpg,proj/ffhq/img009090.jpg,6,ffhq
img009677.jpg,proj/ffhq/img009677.jpg,6,ffhq
img009590.jpg,proj/ffhq/img009590.jpg,6,ffhq
img008836.jpg,proj/ffhq/img008836.jpg,6,ffhq
img008786.jpg,proj/ffhq/img008786.jpg,6,ffhq
img008826.jpg,proj/ffhq/img008826.jpg,6,ffhq
img008703.jpg,proj/ffhq/img008703.jpg,6,ffhq
img008554.jpg,proj/ffhq/img008554.jpg,6,ffhq
img008084.jpg,proj/ffhq/img008084.jpg,6,ffhq
img009499.jpg,proj/ffhq/img009499.jpg,6,ffhq
img009057.jpg,proj/ffhq/img009057.jpg,6,ffhq
img009700.jpg,proj/ffhq/img009700.jpg,6,ffhq
img008770.jpg,proj/ffhq/img008770.jpg,6,ffhq
img008498.jpg,proj/ffhq/img008498.jpg,6,ffhq
img008175.jpg,proj/ffhq/img008175.jpg,6,ffhq
img009017.jpg,proj/ffhq/img009017.jpg,6,ffhq
img009768.jpg,proj/ffhq/img009768.jpg,6,ffhq
img009655.jpg,proj/ffhq/img009655.jpg,6,ffhq
img008284.jpg,proj/ffhq/img008284.jpg,6,ffhq
img008793.jpg,proj/ffhq/img008793.jpg,6,ffhq
img009570.jpg,proj/ffhq/img009570.jpg,6,ffhq
img008340.jpg,proj/ffhq/img008340.jpg,6,ffhq
img009855.jpg,proj/ffhq/img009855.jpg,6,ffhq
img008637.jpg,proj/ffhq/img008637.jpg,6,ffhq
img008097.jpg,proj/ffhq/img008097.jpg,6,ffhq
img008978.jpg,proj/ffhq/img008978.jpg,6,ffhq
img009506.jpg,proj/ffhq/img009506.jpg,6,ffhq
img009163.jpg,proj/ffhq/img009163.jpg,6,ffhq
img009752.jpg,proj/ffhq/img009752.jpg,6,ffhq
img009805.jpg,proj/ffhq/img009805.jpg,6,ffhq
img009142.jpg,proj/ffhq/img009142.jpg,6,ffhq
img009409.jpg,proj/ffhq/img009409.jpg,6,ffhq
img008693.jpg,proj/ffhq/img008693.jpg,6,ffhq
img008276.jpg,proj/ffhq/img008276.jpg,6,ffhq
img008202.jpg,proj/ffhq/img008202.jpg,6,ffhq
img008969.jpg,proj/ffhq/img008969.jpg,6,ffhq
img008595.jpg,proj/ffhq/img008595.jpg,6,ffhq
img009272.jpg,proj/ffhq/img009272.jpg,6,ffhq
img009800.jpg,proj/ffhq/img009800.jpg,6,ffhq
img009691.jpg,proj/ffhq/img009691.jpg,6,ffhq
img008118.jpg,proj/ffhq/img008118.jpg,6,ffhq
img009993.jpg,proj/ffhq/img009993.jpg,6,ffhq
img008160.jpg,proj/ffhq/img008160.jpg,6,ffhq
img009503.jpg,proj/ffhq/img009503.jpg,6,ffhq
img008704.jpg,proj/ffhq/img008704.jpg,6,ffhq
img009485.jpg,proj/ffhq/img009485.jpg,6,ffhq
img009179.jpg,proj/ffhq/img009179.jpg,6,ffhq
img009943.jpg,proj/ffhq/img009943.jpg,6,ffhq
img009250.jpg,proj/ffhq/img009250.jpg,6,ffhq
img008585.jpg,proj/ffhq/img008585.jpg,6,ffhq
img008012.jpg,proj/ffhq/img008012.jpg,6,ffhq
img009447.jpg,proj/ffhq/img009447.jpg,6,ffhq
img009909.jpg,proj/ffhq/img009909.jpg,6,ffhq
img009820.jpg,proj/ffhq/img009820.jpg,6,ffhq
img009802.jpg,proj/ffhq/img009802.jpg,6,ffhq
img009633.jpg,proj/ffhq/img009633.jpg,6,ffhq
img008789.jpg,proj/ffhq/img008789.jpg,6,ffhq
img008345.jpg,proj/ffhq/img008345.jpg,6,ffhq
img009567.jpg,proj/ffhq/img009567.jpg,6,ffhq
img008355.jpg,proj/ffhq/img008355.jpg,6,ffhq
img008967.jpg,proj/ffhq/img008967.jpg,6,ffhq
img008549.jpg,proj/ffhq/img008549.jpg,6,ffhq
img009880.jpg,proj/ffhq/img009880.jpg,6,ffhq
img008007.jpg,proj/ffhq/img008007.jpg,6,ffhq
img009286.jpg,proj/ffhq/img009286.jpg,6,ffhq
img008859.jpg,proj/ffhq/img008859.jpg,6,ffhq
img009581.jpg,proj/ffhq/img009581.jpg,6,ffhq
img008196.jpg,proj/ffhq/img008196.jpg,6,ffhq
img009982.jpg,proj/ffhq/img009982.jpg,6,ffhq
img009575.jpg,proj/ffhq/img009575.jpg,6,ffhq
img008979.jpg,proj/ffhq/img008979.jpg,6,ffhq
img008583.jpg,proj/ffhq/img008583.jpg,6,ffhq
img008455.jpg,proj/ffhq/img008455.jpg,6,ffhq
img009622.jpg,proj/ffhq/img009622.jpg,6,ffhq
img009016.jpg,proj/ffhq/img009016.jpg,6,ffhq
img008253.jpg,proj/ffhq/img008253.jpg,6,ffhq
img009403.jpg,proj/ffhq/img009403.jpg,6,ffhq
img008159.jpg,proj/ffhq/img008159.jpg,6,ffhq
img008348.jpg,proj/ffhq/img008348.jpg,6,ffhq
img008671.jpg,proj/ffhq/img008671.jpg,6,ffhq
img008082.jpg,proj/ffhq/img008082.jpg,6,ffhq
img009947.jpg,proj/ffhq/img009947.jpg,6,ffhq
img008537.jpg,proj/ffhq/img008537.jpg,6,ffhq
img008531.jpg,proj/ffhq/img008531.jpg,6,ffhq
img009146.jpg,proj/ffhq/img009146.jpg,6,ffhq
img009525.jpg,proj/ffhq/img009525.jpg,6,ffhq
img008823.jpg,proj/ffhq/img008823.jpg,6,ffhq
img008518.jpg,proj/ffhq/img008518.jpg,6,ffhq
img008491.jpg,proj/ffhq/img008491.jpg,6,ffhq
img008229.jpg,proj/ffhq/img008229.jpg,6,ffhq
img009248.jpg,proj/ffhq/img009248.jpg,6,ffhq
img008651.jpg,proj/ffhq/img008651.jpg,6,ffhq
img009015.jpg,proj/ffhq/img009015.jpg,6,ffhq
img008042.jpg,proj/ffhq/img008042.jpg,6,ffhq
img008429.jpg,proj/ffhq/img008429.jpg,6,ffhq
img009035.jpg,proj/ffhq/img009035.jpg,6,ffhq
img008310.jpg,proj/ffhq/img008310.jpg,6,ffhq
img009321.jpg,proj/ffhq/img009321.jpg,6,ffhq
img008051.jpg,proj/ffhq/img008051.jpg,6,ffhq
img008083.jpg,proj/ffhq/img008083.jpg,6,ffhq
img008634.jpg,proj/ffhq/img008634.jpg,6,ffhq
img008552.jpg,proj/ffhq/img008552.jpg,6,ffhq
img008588.jpg,proj/ffhq/img008588.jpg,6,ffhq
img009938.jpg,proj/ffhq/img009938.jpg,6,ffhq
img008304.jpg,proj/ffhq/img008304.jpg,6,ffhq
img008453.jpg,proj/ffhq/img008453.jpg,6,ffhq
img009471.jpg,proj/ffhq/img009471.jpg,6,ffhq
img009565.jpg,proj/ffhq/img009565.jpg,6,ffhq
img009617.jpg,proj/ffhq/img009617.jpg,6,ffhq
img009414.jpg,proj/ffhq/img009414.jpg,6,ffhq
img009542.jpg,proj/ffhq/img009542.jpg,6,ffhq
img008781.jpg,proj/ffhq/img008781.jpg,6,ffhq
img008448.jpg,proj/ffhq/img008448.jpg,6,ffhq
img009642.jpg,proj/ffhq/img009642.jpg,6,ffhq
img008278.jpg,proj/ffhq/img008278.jpg,6,ffhq
img008268.jpg,proj/ffhq/img008268.jpg,6,ffhq
img008197.jpg,proj/ffhq/img008197.jpg,6,ffhq
img009670.jpg,proj/ffhq/img009670.jpg,6,ffhq
img009887.jpg,proj/ffhq/img009887.jpg,6,ffhq
img008986.jpg,proj/ffhq/img008986.jpg,6,ffhq
img009009.jpg,proj/ffhq/img009009.jpg,6,ffhq
img008010.jpg,proj/ffhq/img008010.jpg,6,ffhq
img008256.jpg,proj/ffhq/img008256.jpg,6,ffhq
img008271.jpg,proj/ffhq/img008271.jpg,6,ffhq
img008660.jpg,proj/ffhq/img008660.jpg,6,ffhq
img009434.jpg,proj/ffhq/img009434.jpg,6,ffhq
img008186.jpg,proj/ffhq/img008186.jpg,6,ffhq
img008397.jpg,proj/ffhq/img008397.jpg,6,ffhq
img009599.jpg,proj/ffhq/img009599.jpg,6,ffhq
img008514.jpg,proj/ffhq/img008514.jpg,6,ffhq
img008764.jpg,proj/ffhq/img008764.jpg,6,ffhq
img009237.jpg,proj/ffhq/img009237.jpg,6,ffhq
img009386.jpg,proj/ffhq/img009386.jpg,6,ffhq
img009174.jpg,proj/ffhq/img009174.jpg,6,ffhq
img008727.jpg,proj/ffhq/img008727.jpg,6,ffhq
img008776.jpg,proj/ffhq/img008776.jpg,6,ffhq
img009040.jpg,proj/ffhq/img009040.jpg,6,ffhq
img008612.jpg,proj/ffhq/img008612.jpg,6,ffhq
img008810.jpg,proj/ffhq/img008810.jpg,6,ffhq
img008496.jpg,proj/ffhq/img008496.jpg,6,ffhq
img009576.jpg,proj/ffhq/img009576.jpg,6,ffhq
img009290.jpg,proj/ffhq/img009290.jpg,6,ffhq
img009238.jpg,proj/ffhq/img009238.jpg,6,ffhq
img009330.jpg,proj/ffhq/img009330.jpg,6,ffhq
img009427.jpg,proj/ffhq/img009427.jpg,6,ffhq
img008966.jpg,proj/ffhq/img008966.jpg,6,ffhq
img009111.jpg,proj/ffhq/img009111.jpg,6,ffhq
img008510.jpg,proj/ffhq/img008510.jpg,6,ffhq
img009514.jpg,proj/ffhq/img009514.jpg,6,ffhq
img009258.jpg,proj/ffhq/img009258.jpg,6,ffhq
img009711.jpg,proj/ffhq/img009711.jpg,6,ffhq
img008023.jpg,proj/ffhq/img008023.jpg,6,ffhq
img009083.jpg,proj/ffhq/img009083.jpg,6,ffhq
img009192.jpg,proj/ffhq/img009192.jpg,6,ffhq
img008041.jpg,proj/ffhq/img008041.jpg,6,ffhq
img008553.jpg,proj/ffhq/img008553.jpg,6,ffhq
img009654.jpg,proj/ffhq/img009654.jpg,6,ffhq
img009615.jpg,proj/ffhq/img009615.jpg,6,ffhq
img008522.jpg,proj/ffhq/img008522.jpg,6,ffhq
img008632.jpg,proj/ffhq/img008632.jpg,6,ffhq
img008236.jpg,proj/ffhq/img008236.jpg,6,ffhq
img009975.jpg,proj/ffhq/img009975.jpg,6,ffhq
img008019.jpg,proj/ffhq/img008019.jpg,6,ffhq
img009405.jpg,proj/ffhq/img009405.jpg,6,ffhq
img008720.jpg,proj/ffhq/img008720.jpg,6,ffhq
img009572.jpg,proj/ffhq/img009572.jpg,6,ffhq
img008090.jpg,proj/ffhq/img008090.jpg,6,ffhq
img009206.jpg,proj/ffhq/img009206.jpg,6,ffhq
img008431.jpg,proj/ffhq/img008431.jpg,6,ffhq
img008292.jpg,proj/ffhq/img008292.jpg,6,ffhq
img009215.jpg,proj/ffhq/img009215.jpg,6,ffhq
img009725.jpg,proj/ffhq/img009725.jpg,6,ffhq
img009270.jpg,proj/ffhq/img009270.jpg,6,ffhq
img008124.jpg,proj/ffhq/img008124.jpg,6,ffhq
img008856.jpg,proj/ffhq/img008856.jpg,6,ffhq
img008283.jpg,proj/ffhq/img008283.jpg,6,ffhq
img008315.jpg,proj/ffhq/img008315.jpg,6,ffhq
img008142.jpg,proj/ffhq/img008142.jpg,6,ffhq
img009988.jpg,proj/ffhq/img009988.jpg,6,ffhq
img008822.jpg,proj/ffhq/img008822.jpg,6,ffhq
img008755.jpg,proj/ffhq/img008755.jpg,6,ffhq
img008261.jpg,proj/ffhq/img008261.jpg,6,ffhq
img009150.jpg,proj/ffhq/img009150.jpg,6,ffhq
img008113.jpg,proj/ffhq/img008113.jpg,6,ffhq
img009363.jpg,proj/ffhq/img009363.jpg,6,ffhq
img009449.jpg,proj/ffhq/img009449.jpg,6,ffhq
img009745.jpg,proj/ffhq/img009745.jpg,6,ffhq
img008016.jpg,proj/ffhq/img008016.jpg,6,ffhq
img009611.jpg,proj/ffhq/img009611.jpg,6,ffhq
img009968.jpg,proj/ffhq/img009968.jpg,6,ffhq
img008548.jpg,proj/ffhq/img008548.jpg,6,ffhq
img008228.jpg,proj/ffhq/img008228.jpg,6,ffhq
img009178.jpg,proj/ffhq/img009178.jpg,6,ffhq
img008716.jpg,proj/ffhq/img008716.jpg,6,ffhq
img008572.jpg,proj/ffhq/img008572.jpg,6,ffhq
img008683.jpg,proj/ffhq/img008683.jpg,6,ffhq
img009682.jpg,proj/ffhq/img009682.jpg,6,ffhq
img008260.jpg,proj/ffhq/img008260.jpg,6,ffhq
img009981.jpg,proj/ffhq/img009981.jpg,6,ffhq
img009309.jpg,proj/ffhq/img009309.jpg,6,ffhq
img009927.jpg,proj/ffhq/img009927.jpg,6,ffhq
img009382.jpg,proj/ffhq/img009382.jpg,6,ffhq
img008898.jpg,proj/ffhq/img008898.jpg,6,ffhq
img009217.jpg,proj/ffhq/img009217.jpg,6,ffhq
img009490.jpg,proj/ffhq/img009490.jpg,6,ffhq
img008681.jpg,proj/ffhq/img008681.jpg,6,ffhq
img008148.jpg,proj/ffhq/img008148.jpg,6,ffhq
img009716.jpg,proj/ffhq/img009716.jpg,6,ffhq
img008590.jpg,proj/ffhq/img008590.jpg,6,ffhq
img009680.jpg,proj/ffhq/img009680.jpg,6,ffhq
img008173.jpg,proj/ffhq/img008173.jpg,6,ffhq
img008493.jpg,proj/ffhq/img008493.jpg,6,ffhq
img008133.jpg,proj/ffhq/img008133.jpg,6,ffhq
img009325.jpg,proj/ffhq/img009325.jpg,6,ffhq
img008471.jpg,proj/ffhq/img008471.jpg,6,ffhq
img008732.jpg,proj/ffhq/img008732.jpg,6,ffhq
img009953.jpg,proj/ffhq/img009953.jpg,6,ffhq
img009971.jpg,proj/ffhq/img009971.jpg,6,ffhq
img008376.jpg,proj/ffhq/img008376.jpg,6,ffhq
img009141.jpg,proj/ffhq/img009141.jpg,6,ffhq
img008372.jpg,proj/ffhq/img008372.jpg,6,ffhq
img008528.jpg,proj/ffhq/img008528.jpg,6,ffhq
img008011.jpg,proj/ffhq/img008011.jpg,6,ffhq
img008308.jpg,proj/ffhq/img008308.jpg,6,ffhq
img009969.jpg,proj/ffhq/img009969.jpg,6,ffhq
img008433.jpg,proj/ffhq/img008433.jpg,6,ffhq
img008250.jpg,proj/ffhq/img008250.jpg,6,ffhq
img008881.jpg,proj/ffhq/img008881.jpg,6,ffhq
img008046.jpg,proj/ffhq/img008046.jpg,6,ffhq
img008138.jpg,proj/ffhq/img008138.jpg,6,ffhq
img009528.jpg,proj/ffhq/img009528.jpg,6,ffhq
img008562.jpg,proj/ffhq/img008562.jpg,6,ffhq
img009686.jpg,proj/ffhq/img009686.jpg,6,ffhq
img008639.jpg,proj/ffhq/img008639.jpg,6,ffhq
img008982.jpg,proj/ffhq/img008982.jpg,6,ffhq
img008625.jpg,proj/ffhq/img008625.jpg,6,ffhq
img008917.jpg,proj/ffhq/img008917.jpg,6,ffhq
img009839.jpg,proj/ffhq/img009839.jpg,6,ffhq
img009712.jpg,proj/ffhq/img009712.jpg,6,ffhq
img008328.jpg,proj/ffhq/img008328.jpg,6,ffhq
img009492.jpg,proj/ffhq/img009492.jpg,6,ffhq
img008675.jpg,proj/ffhq/img008675.jpg,6,ffhq
img009834.jpg,proj/ffhq/img009834.jpg,6,ffhq
img009935.jpg,proj/ffhq/img009935.jpg,6,ffhq
img008199.jpg,proj/ffhq/img008199.jpg,6,ffhq
img008487.jpg,proj/ffhq/img008487.jpg,6,ffhq
img009364.jpg,proj/ffhq/img009364.jpg,6,ffhq
img008412.jpg,proj/ffhq/img008412.jpg,6,ffhq
img008349.jpg,proj/ffhq/img008349.jpg,6,ffhq
img009077.jpg,proj/ffhq/img009077.jpg,6,ffhq
img009223.jpg,proj/ffhq/img009223.jpg,6,ffhq
img008099.jpg,proj/ffhq/img008099.jpg,6,ffhq
img008430.jpg,proj/ffhq/img008430.jpg,6,ffhq
img009676.jpg,proj/ffhq/img009676.jpg,6,ffhq
img009445.jpg,proj/ffhq/img009445.jpg,6,ffhq
img009895.jpg,proj/ffhq/img009895.jpg,6,ffhq
img008546.jpg,proj/ffhq/img008546.jpg,6,ffhq
img009973.jpg,proj/ffhq/img009973.jpg,6,ffhq
img008167.jpg,proj/ffhq/img008167.jpg,6,ffhq
img008652.jpg,proj/ffhq/img008652.jpg,6,ffhq
img009232.jpg,proj/ffhq/img009232.jpg,6,ffhq
img008972.jpg,proj/ffhq/img008972.jpg,6,ffhq
img009113.jpg,proj/ffhq/img009113.jpg,6,ffhq
img009053.jpg,proj/ffhq/img009053.jpg,6,ffhq
img008520.jpg,proj/ffhq/img008520.jpg,6,ffhq
img009304.jpg,proj/ffhq/img009304.jpg,6,ffhq
img009777.jpg,proj/ffhq/img009777.jpg,6,ffhq
img008064.jpg,proj/ffhq/img008064.jpg,6,ffhq
img009999.jpg,proj/ffhq/img009999.jpg,6,ffhq
img008370.jpg,proj/ffhq/img008370.jpg,6,ffhq
img009097.jpg,proj/ffhq/img009097.jpg,6,ffhq
img008258.jpg,proj/ffhq/img008258.jpg,6,ffhq
img008772.jpg,proj/ffhq/img008772.jpg,6,ffhq
img009294.jpg,proj/ffhq/img009294.jpg,6,ffhq
img008743.jpg,proj/ffhq/img008743.jpg,6,ffhq
img008287.jpg,proj/ffhq/img008287.jpg,6,ffhq
img008893.jpg,proj/ffhq/img008893.jpg,6,ffhq
img009074.jpg,proj/ffhq/img009074.jpg,6,ffhq
img008246.jpg,proj/ffhq/img008246.jpg,6,ffhq
img008184.jpg,proj/ffhq/img008184.jpg,6,ffhq
img009804.jpg,proj/ffhq/img009804.jpg,6,ffhq
img009747.jpg,proj/ffhq/img009747.jpg,6,ffhq
img009809.jpg,proj/ffhq/img009809.jpg,6,ffhq
img009937.jpg,proj/ffhq/img009937.jpg,6,ffhq
img009961.jpg,proj/ffhq/img009961.jpg,6,ffhq
img009870.jpg,proj/ffhq/img009870.jpg,6,ffhq
img009282.jpg,proj/ffhq/img009282.jpg,6,ffhq
img008659.jpg,proj/ffhq/img008659.jpg,6,ffhq
img008563.jpg,proj/ffhq/img008563.jpg,6,ffhq
img008608.jpg,proj/ffhq/img008608.jpg,6,ffhq
img009197.jpg,proj/ffhq/img009197.jpg,6,ffhq
img008114.jpg,proj/ffhq/img008114.jpg,6,ffhq
img008378.jpg,proj/ffhq/img008378.jpg,6,ffhq
img008270.jpg,proj/ffhq/img008270.jpg,6,ffhq
img008004.jpg,proj/ffhq/img008004.jpg,6,ffhq
img008353.jpg,proj/ffhq/img008353.jpg,6,ffhq
img008861.jpg,proj/ffhq/img008861.jpg,6,ffhq
img009985.jpg,proj/ffhq/img009985.jpg,6,ffhq
img009327.jpg,proj/ffhq/img009327.jpg,6,ffhq
img008559.jpg,proj/ffhq/img008559.jpg,6,ffhq
img008251.jpg,proj/ffhq/img008251.jpg,6,ffhq
img008774.jpg,proj/ffhq/img008774.jpg,6,ffhq
img009041.jpg,proj/ffhq/img009041.jpg,6,ffhq
img008543.jpg,proj/ffhq/img008543.jpg,6,ffhq
img009361.jpg,proj/ffhq/img009361.jpg,6,ffhq
img008451.jpg,proj/ffhq/img008451.jpg,6,ffhq
img008670.jpg,proj/ffhq/img008670.jpg,6,ffhq
img008817.jpg,proj/ffhq/img008817.jpg,6,ffhq
img008798.jpg,proj/ffhq/img008798.jpg,6,ffhq
img009705.jpg,proj/ffhq/img009705.jpg,6,ffhq
img008778.jpg,proj/ffhq/img008778.jpg,6,ffhq
img009199.jpg,proj/ffhq/img009199.jpg,6,ffhq
img008024.jpg,proj/ffhq/img008024.jpg,6,ffhq
img009227.jpg,proj/ffhq/img009227.jpg,6,ffhq
img009064.jpg,proj/ffhq/img009064.jpg,6,ffhq
img009535.jpg,proj/ffhq/img009535.jpg,6,ffhq
img009126.jpg,proj/ffhq/img009126.jpg,6,ffhq
img008555.jpg,proj/ffhq/img008555.jpg,6,ffhq
img008027.jpg,proj/ffhq/img008027.jpg,6,ffhq
img009120.jpg,proj/ffhq/img009120.jpg,6,ffhq
img008420.jpg,proj/ffhq/img008420.jpg,6,ffhq
img008949.jpg,proj/ffhq/img008949.jpg,6,ffhq
img009911.jpg,proj/ffhq/img009911.jpg,6,ffhq
img009906.jpg,proj/ffhq/img009906.jpg,6,ffhq
img009436.jpg,proj/ffhq/img009436.jpg,6,ffhq
img008620.jpg,proj/ffhq/img008620.jpg,6,ffhq
img008891.jpg,proj/ffhq/img008891.jpg,6,ffhq
img009278.jpg,proj/ffhq/img009278.jpg,6,ffhq
img009945.jpg,proj/ffhq/img009945.jpg,6,ffhq
img009358.jpg,proj/ffhq/img009358.jpg,6,ffhq
img008178.jpg,proj/ffhq/img008178.jpg,6,ffhq
img009679.jpg,proj/ffhq/img009679.jpg,6,ffhq
img009923.jpg,proj/ffhq/img009923.jpg,6,ffhq
img008899.jpg,proj/ffhq/img008899.jpg,6,ffhq
img008799.jpg,proj/ffhq/img008799.jpg,6,ffhq
img008032.jpg,proj/ffhq/img008032.jpg,6,ffhq
img009738.jpg,proj/ffhq/img009738.jpg,6,ffhq
img009591.jpg,proj/ffhq/img009591.jpg,6,ffhq
img008280.jpg,proj/ffhq/img008280.jpg,6,ffhq
img009280.jpg,proj/ffhq/img009280.jpg,6,ffhq
img008490.jpg,proj/ffhq/img008490.jpg,6,ffhq
img009644.jpg,proj/ffhq/img009644.jpg,6,ffhq
img009853.jpg,proj/ffhq/img009853.jpg,6,ffhq
img009564.jpg,proj/ffhq/img009564.jpg,6,ffhq
img008873.jpg,proj/ffhq/img008873.jpg,6,ffhq
img008696.jpg,proj/ffhq/img008696.jpg,6,ffhq
img009956.jpg,proj/ffhq/img009956.jpg,6,ffhq
img009578.jpg,proj/ffhq/img009578.jpg,6,ffhq
img008301.jpg,proj/ffhq/img008301.jpg,6,ffhq
img008180.jpg,proj/ffhq/img008180.jpg,6,ffhq
img009748.jpg,proj/ffhq/img009748.jpg,6,ffhq
img008465.jpg,proj/ffhq/img008465.jpg,6,ffhq
img008869.jpg,proj/ffhq/img008869.jpg,6,ffhq
img008664.jpg,proj/ffhq/img008664.jpg,6,ffhq
img008872.jpg,proj/ffhq/img008872.jpg,6,ffhq
img008413.jpg,proj/ffhq/img008413.jpg,6,ffhq
img008116.jpg,proj/ffhq/img008116.jpg,6,ffhq
img009674.jpg,proj/ffhq/img009674.jpg,6,ffhq
img008447.jpg,proj/ffhq/img008447.jpg,6,ffhq
img008654.jpg,proj/ffhq/img008654.jpg,6,ffhq
img008622.jpg,proj/ffhq/img008622.jpg,6,ffhq
img009190.jpg,proj/ffhq/img009190.jpg,6,ffhq
img008745.jpg,proj/ffhq/img008745.jpg,6,ffhq
img008800.jpg,proj/ffhq/img008800.jpg,6,ffhq
img009936.jpg,proj/ffhq/img009936.jpg,6,ffhq
img009137.jpg,proj/ffhq/img009137.jpg,6,ffhq
img009312.jpg,proj/ffhq/img009312.jpg,6,ffhq
img008126.jpg,proj/ffhq/img008126.jpg,6,ffhq
img009159.jpg,proj/ffhq/img009159.jpg,6,ffhq
img008334.jpg,proj/ffhq/img008334.jpg,6,ffhq
img009810.jpg,proj/ffhq/img009810.jpg,6,ffhq
img008906.jpg,proj/ffhq/img008906.jpg,6,ffhq
img008366.jpg,proj/ffhq/img008366.jpg,6,ffhq
img008980.jpg,proj/ffhq/img008980.jpg,6,ffhq
img008731.jpg,proj/ffhq/img008731.jpg,6,ffhq
img009400.jpg,proj/ffhq/img009400.jpg,6,ffhq
img009249.jpg,proj/ffhq/img009249.jpg,6,ffhq
img008739.jpg,proj/ffhq/img008739.jpg,6,ffhq
img009977.jpg,proj/ffhq/img009977.jpg,6,ffhq
img008902.jpg,proj/ffhq/img008902.jpg,6,ffhq
img008695.jpg,proj/ffhq/img008695.jpg,6,ffhq
img008325.jpg,proj/ffhq/img008325.jpg,6,ffhq
img008252.jpg,proj/ffhq/img008252.jpg,6,ffhq
img009498.jpg,proj/ffhq/img009498.jpg,6,ffhq
img008408.jpg,proj/ffhq/img008408.jpg,6,ffhq
img008489.jpg,proj/ffhq/img008489.jpg,6,ffhq
img009990.jpg,proj/ffhq/img009990.jpg,6,ffhq
img008728.jpg,proj/ffhq/img008728.jpg,6,ffhq
img008644.jpg,proj/ffhq/img008644.jpg,6,ffhq
img009277.jpg,proj/ffhq/img009277.jpg,6,ffhq
img009568.jpg,proj/ffhq/img009568.jpg,6,ffhq
img008135.jpg,proj/ffhq/img008135.jpg,6,ffhq
img009766.jpg,proj/ffhq/img009766.jpg,6,ffhq
img009207.jpg,proj/ffhq/img009207.jpg,6,ffhq
img009228.jpg,proj/ffhq/img009228.jpg,6,ffhq
img009118.jpg,proj/ffhq/img009118.jpg,6,ffhq
img009112.jpg,proj/ffhq/img009112.jpg,6,ffhq
img009073.jpg,proj/ffhq/img009073.jpg,6,ffhq
img009355.jpg,proj/ffhq/img009355.jpg,6,ffhq
img008369.jpg,proj/ffhq/img008369.jpg,6,ffhq
img008383.jpg,proj/ffhq/img008383.jpg,6,ffhq
img009254.jpg,proj/ffhq/img009254.jpg,6,ffhq
img008744.jpg,proj/ffhq/img008744.jpg,6,ffhq
img008667.jpg,proj/ffhq/img008667.jpg,6,ffhq
img009012.jpg,proj/ffhq/img009012.jpg,6,ffhq
img008131.jpg,proj/ffhq/img008131.jpg,6,ffhq
img009049.jpg,proj/ffhq/img009049.jpg,6,ffhq
img008470.jpg,proj/ffhq/img008470.jpg,6,ffhq
img008302.jpg,proj/ffhq/img008302.jpg,6,ffhq
img008680.jpg,proj/ffhq/img008680.jpg,6,ffhq
img009480.jpg,proj/ffhq/img009480.jpg,6,ffhq
img009387.jpg,proj/ffhq/img009387.jpg,6,ffhq
img008887.jpg,proj/ffhq/img008887.jpg,6,ffhq
img008927.jpg,proj/ffhq/img008927.jpg,6,ffhq
img008303.jpg,proj/ffhq/img008303.jpg,6,ffhq
img009928.jpg,proj/ffhq/img009928.jpg,6,ffhq
img008679.jpg,proj/ffhq/img008679.jpg,6,ffhq
img008205.jpg,proj/ffhq/img008205.jpg,6,ffhq
img008796.jpg,proj/ffhq/img008796.jpg,6,ffhq
img008694.jpg,proj/ffhq/img008694.jpg,6,ffhq
img008339.jpg,proj/ffhq/img008339.jpg,6,ffhq
img009717.jpg,proj/ffhq/img009717.jpg,6,ffhq
img009605.jpg,proj/ffhq/img009605.jpg,6,ffhq
img008954.jpg,proj/ffhq/img008954.jpg,6,ffhq
img009366.jpg,proj/ffhq/img009366.jpg,6,ffhq
img008474.jpg,proj/ffhq/img008474.jpg,6,ffhq
img009759.jpg,proj/ffhq/img009759.jpg,6,ffhq
img009262.jpg,proj/ffhq/img009262.jpg,6,ffhq
img009138.jpg,proj/ffhq/img009138.jpg,6,ffhq
img008144.jpg,proj/ffhq/img008144.jpg,6,ffhq
img009275.jpg,proj/ffhq/img009275.jpg,6,ffhq
img009793.jpg,proj/ffhq/img009793.jpg,6,ffhq
img009828.jpg,proj/ffhq/img009828.jpg,6,ffhq
img008098.jpg,proj/ffhq/img008098.jpg,6,ffhq
img008638.jpg,proj/ffhq/img008638.jpg,6,ffhq
img009639.jpg,proj/ffhq/img009639.jpg,6,ffhq
img009659.jpg,proj/ffhq/img009659.jpg,6,ffhq
img009284.jpg,proj/ffhq/img009284.jpg,6,ffhq
img008001.jpg,proj/ffhq/img008001.jpg,6,ffhq
img009200.jpg,proj/ffhq/img009200.jpg,6,ffhq
img009816.jpg,proj/ffhq/img009816.jpg,6,ffhq
img009268.jpg,proj/ffhq/img009268.jpg,6,ffhq
img009360.jpg,proj/ffhq/img009360.jpg,6,ffhq
img009404.jpg,proj/ffhq/img009404.jpg,6,ffhq
img008566.jpg,proj/ffhq/img008566.jpg,6,ffhq
img009029.jpg,proj/ffhq/img009029.jpg,6,ffhq
img008712.jpg,proj/ffhq/img008712.jpg,6,ffhq
img008318.jpg,proj/ffhq/img008318.jpg,6,ffhq
img008104.jpg,proj/ffhq/img008104.jpg,6,ffhq
img009826.jpg,proj/ffhq/img009826.jpg,6,ffhq
img008373.jpg,proj/ffhq/img008373.jpg,6,ffhq
img008791.jpg,proj/ffhq/img008791.jpg,6,ffhq
img009917.jpg,proj/ffhq/img009917.jpg,6,ffhq
img009785.jpg,proj/ffhq/img009785.jpg,6,ffhq
img008860.jpg,proj/ffhq/img008860.jpg,6,ffhq
img009380.jpg,proj/ffhq/img009380.jpg,6,ffhq
img008981.jpg,proj/ffhq/img008981.jpg,6,ffhq
img009024.jpg,proj/ffhq/img009024.jpg,6,ffhq
img009235.jpg,proj/ffhq/img009235.jpg,6,ffhq
img008102.jpg,proj/ffhq/img008102.jpg,6,ffhq
img008677.jpg,proj/ffhq/img008677.jpg,6,ffhq
img008937.jpg,proj/ffhq/img008937.jpg,6,ffhq
img009886.jpg,proj/ffhq/img009886.jpg,6,ffhq
img009560.jpg,proj/ffhq/img009560.jpg,6,ffhq
img009454.jpg,proj/ffhq/img009454.jpg,6,ffhq
img009007.jpg,proj/ffhq/img009007.jpg,6,ffhq
img009323.jpg,proj/ffhq/img009323.jpg,6,ffhq
img009656.jpg,proj/ffhq/img009656.jpg,6,ffhq
img009031.jpg,proj/ffhq/img009031.jpg,6,ffhq
img008363.jpg,proj/ffhq/img008363.jpg,6,ffhq
img008485.jpg,proj/ffhq/img008485.jpg,6,ffhq
img008265.jpg,proj/ffhq/img008265.jpg,6,ffhq
img008210.jpg,proj/ffhq/img008210.jpg,6,ffhq
img008402.jpg,proj/ffhq/img008402.jpg,6,ffhq
img009430.jpg,proj/ffhq/img009430.jpg,6,ffhq
img008129.jpg,proj/ffhq/img008129.jpg,6,ffhq
img008136.jpg,proj/ffhq/img008136.jpg,6,ffhq
img008341.jpg,proj/ffhq/img008341.jpg,6,ffhq
img008120.jpg,proj/ffhq/img008120.jpg,6,ffhq
img008170.jpg,proj/ffhq/img008170.jpg,6,ffhq
img009720.jpg,proj/ffhq/img009720.jpg,6,ffhq
img008547.jpg,proj/ffhq/img008547.jpg,6,ffhq
img009477.jpg,proj/ffhq/img009477.jpg,6,ffhq
img008220.jpg,proj/ffhq/img008220.jpg,6,ffhq
img008481.jpg,proj/ffhq/img008481.jpg,6,ffhq
img008598.jpg,proj/ffhq/img008598.jpg,6,ffhq
img009042.jpg,proj/ffhq/img009042.jpg,6,ffhq
img008290.jpg,proj/ffhq/img008290.jpg,6,ffhq
img008134.jpg,proj/ffhq/img008134.jpg,6,ffhq
img009950.jpg,proj/ffhq/img009950.jpg,6,ffhq
img009023.jpg,proj/ffhq/img009023.jpg,6,ffhq
img009186.jpg,proj/ffhq/img009186.jpg,6,ffhq
img008540.jpg,proj/ffhq/img008540.jpg,6,ffhq
img009175.jpg,proj/ffhq/img009175.jpg,6,ffhq
img008425.jpg,proj/ffhq/img008425.jpg,6,ffhq
img009394.jpg,proj/ffhq/img009394.jpg,6,ffhq
img009594.jpg,proj/ffhq/img009594.jpg,6,ffhq
img009003.jpg,proj/ffhq/img009003.jpg,6,ffhq
img009699.jpg,proj/ffhq/img009699.jpg,6,ffhq
img008878.jpg,proj/ffhq/img008878.jpg,6,ffhq
img008963.jpg,proj/ffhq/img008963.jpg,6,ffhq
img008665.jpg,proj/ffhq/img008665.jpg,6,ffhq
img009222.jpg,proj/ffhq/img009222.jpg,6,ffhq
img009875.jpg,proj/ffhq/img009875.jpg,6,ffhq
img009115.jpg,proj/ffhq/img009115.jpg,6,ffhq
img008240.jpg,proj/ffhq/img008240.jpg,6,ffhq
img008536.jpg,proj/ffhq/img008536.jpg,6,ffhq
img008850.jpg,proj/ffhq/img008850.jpg,6,ffhq
img009018.jpg,proj/ffhq/img009018.jpg,6,ffhq
img009796.jpg,proj/ffhq/img009796.jpg,6,ffhq
img009478.jpg,proj/ffhq/img009478.jpg,6,ffhq
img009607.jpg,proj/ffhq/img009607.jpg,6,ffhq
img009854.jpg,proj/ffhq/img009854.jpg,6,ffhq
img009898.jpg,proj/ffhq/img009898.jpg,6,ffhq
img008724.jpg,proj/ffhq/img008724.jpg,6,ffhq
img009515.jpg,proj/ffhq/img009515.jpg,6,ffhq
img008557.jpg,proj/ffhq/img008557.jpg,6,ffhq
img008219.jpg,proj/ffhq/img008219.jpg,6,ffhq
img008392.jpg,proj/ffhq/img008392.jpg,6,ffhq
img008592.jpg,proj/ffhq/img008592.jpg,6,ffhq
img009799.jpg,proj/ffhq/img009799.jpg,6,ffhq
img008486.jpg,proj/ffhq/img008486.jpg,6,ffhq
img009812.jpg,proj/ffhq/img009812.jpg,6,ffhq
img008039.jpg,proj/ffhq/img008039.jpg,6,ffhq
img009349.jpg,proj/ffhq/img009349.jpg,6,ffhq
img009808.jpg,proj/ffhq/img009808.jpg,6,ffhq
img009907.jpg,proj/ffhq/img009907.jpg,6,ffhq
img008029.jpg,proj/ffhq/img008029.jpg,6,ffhq
img008119.jpg,proj/ffhq/img008119.jpg,6,ffhq
img009620.jpg,proj/ffhq/img009620.jpg,6,ffhq
img008987.jpg,proj/ffhq/img008987.jpg,6,ffhq
img008914.jpg,proj/ffhq/img008914.jpg,6,ffhq
img009806.jpg,proj/ffhq/img009806.jpg,6,ffhq
img008931.jpg,proj/ffhq/img008931.jpg,6,ffhq
img008783.jpg,proj/ffhq/img008783.jpg,6,ffhq
img009891.jpg,proj/ffhq/img009891.jpg,6,ffhq
img009014.jpg,proj/ffhq/img009014.jpg,6,ffhq
img009374.jpg,proj/ffhq/img009374.jpg,6,ffhq
img008827.jpg,proj/ffhq/img008827.jpg,6,ffhq
img008151.jpg,proj/ffhq/img008151.jpg,6,ffhq
img009305.jpg,proj/ffhq/img009305.jpg,6,ffhq
img008201.jpg,proj/ffhq/img008201.jpg,6,ffhq
img008601.jpg,proj/ffhq/img008601.jpg,6,ffhq
img009158.jpg,proj/ffhq/img009158.jpg,6,ffhq
img009127.jpg,proj/ffhq/img009127.jpg,6,ffhq
img009764.jpg,proj/ffhq/img009764.jpg,6,ffhq
img009606.jpg,proj/ffhq/img009606.jpg,6,ffhq
img009569.jpg,proj/ffhq/img009569.jpg,6,ffhq
img009902.jpg,proj/ffhq/img009902.jpg,6,ffhq
img009205.jpg,proj/ffhq/img009205.jpg,6,ffhq
img009119.jpg,proj/ffhq/img009119.jpg,6,ffhq
img008515.jpg,proj/ffhq/img008515.jpg,6,ffhq
img008335.jpg,proj/ffhq/img008335.jpg,6,ffhq
img009442.jpg,proj/ffhq/img009442.jpg,6,ffhq
img008721.jpg,proj/ffhq/img008721.jpg,6,ffhq
img008650.jpg,proj/ffhq/img008650.jpg,6,ffhq
img009245.jpg,proj/ffhq/img009245.jpg,6,ffhq
img009667.jpg,proj/ffhq/img009667.jpg,6,ffhq
img008022.jpg,proj/ffhq/img008022.jpg,6,ffhq
img008702.jpg,proj/ffhq/img008702.jpg,6,ffhq
img009842.jpg,proj/ffhq/img009842.jpg,6,ffhq
img009376.jpg,proj/ffhq/img009376.jpg,6,ffhq
img008698.jpg,proj/ffhq/img008698.jpg,6,ffhq
img009869.jpg,proj/ffhq/img009869.jpg,6,ffhq
img008521.jpg,proj/ffhq/img008521.jpg,6,ffhq
img009110.jpg,proj/ffhq/img009110.jpg,6,ffhq
img008734.jpg,proj/ffhq/img008734.jpg,6,ffhq
img009316.jpg,proj/ffhq/img009316.jpg,6,ffhq
img008936.jpg,proj/ffhq/img008936.jpg,6,ffhq
img008461.jpg,proj/ffhq/img008461.jpg,6,ffhq
img009640.jpg,proj/ffhq/img009640.jpg,6,ffhq
img008259.jpg,proj/ffhq/img008259.jpg,6,ffhq
img009168.jpg,proj/ffhq/img009168.jpg,6,ffhq
img008924.jpg,proj/ffhq/img008924.jpg,6,ffhq
img008222.jpg,proj/ffhq/img008222.jpg,6,ffhq
img009672.jpg,proj/ffhq/img009672.jpg,6,ffhq
img008820.jpg,proj/ffhq/img008820.jpg,6,ffhq
img009546.jpg,proj/ffhq/img009546.jpg,6,ffhq
img009099.jpg,proj/ffhq/img009099.jpg,6,ffhq
img009104.jpg,proj/ffhq/img009104.jpg,6,ffhq
img008635.jpg,proj/ffhq/img008635.jpg,6,ffhq
img008449.jpg,proj/ffhq/img008449.jpg,6,ffhq
img009050.jpg,proj/ffhq/img009050.jpg,6,ffhq
img008888.jpg,proj/ffhq/img008888.jpg,6,ffhq
img009066.jpg,proj/ffhq/img009066.jpg,6,ffhq
img009549.jpg,proj/ffhq/img009549.jpg,6,ffhq
img009274.jpg,proj/ffhq/img009274.jpg,6,ffhq
img008234.jpg,proj/ffhq/img008234.jpg,6,ffhq
img008707.jpg,proj/ffhq/img008707.jpg,6,ffhq
img008958.jpg,proj/ffhq/img008958.jpg,6,ffhq
img008055.jpg,proj/ffhq/img008055.jpg,6,ffhq
img009413.jpg,proj/ffhq/img009413.jpg,6,ffhq
img008790.jpg,proj/ffhq/img008790.jpg,6,ffhq
img008961.jpg,proj/ffhq/img008961.jpg,6,ffhq
img008457.jpg,proj/ffhq/img008457.jpg,6,ffhq
img008165.jpg,proj/ffhq/img008165.jpg,6,ffhq
img009951.jpg,proj/ffhq/img009951.jpg,6,ffhq
img009562.jpg,proj/ffhq/img009562.jpg,6,ffhq
img009098.jpg,proj/ffhq/img009098.jpg,6,ffhq
img008761.jpg,proj/ffhq/img008761.jpg,6,ffhq
img008323.jpg,proj/ffhq/img008323.jpg,6,ffhq
img009410.jpg,proj/ffhq/img009410.jpg,6,ffhq
img008183.jpg,proj/ffhq/img008183.jpg,6,ffhq
img008627.jpg,proj/ffhq/img008627.jpg,6,ffhq
img008094.jpg,proj/ffhq/img008094.jpg,6,ffhq
img009997.jpg,proj/ffhq/img009997.jpg,6,ffhq
img009346.jpg,proj/ffhq/img009346.jpg,6,ffhq
img008578.jpg,proj/ffhq/img008578.jpg,6,ffhq
img009177.jpg,proj/ffhq/img009177.jpg,6,ffhq
img008061.jpg,proj/ffhq/img008061.jpg,6,ffhq
img008828.jpg,proj/ffhq/img008828.jpg,6,ffhq
img008862.jpg,proj/ffhq/img008862.jpg,6,ffhq
img009287.jpg,proj/ffhq/img009287.jpg,6,ffhq
img009045.jpg,proj/ffhq/img009045.jpg,6,ffhq
img009646.jpg,proj/ffhq/img009646.jpg,6,ffhq
img008640.jpg,proj/ffhq/img008640.jpg,6,ffhq
img008045.jpg,proj/ffhq/img008045.jpg,6,ffhq
img008766.jpg,proj/ffhq/img008766.jpg,6,ffhq
img008327.jpg,proj/ffhq/img008327.jpg,6,ffhq
img009586.jpg,proj/ffhq/img009586.jpg,6,ffhq
img008523.jpg,proj/ffhq/img008523.jpg,6,ffhq
img009417.jpg,proj/ffhq/img009417.jpg,6,ffhq
img009252.jpg,proj/ffhq/img009252.jpg,6,ffhq
img008605.jpg,proj/ffhq/img008605.jpg,6,ffhq
img009841.jpg,proj/ffhq/img009841.jpg,6,ffhq
img008467.jpg,proj/ffhq/img008467.jpg,6,ffhq
img009402.jpg,proj/ffhq/img009402.jpg,6,ffhq
img008163.jpg,proj/ffhq/img008163.jpg,6,ffhq
img008172.jpg,proj/ffhq/img008172.jpg,6,ffhq
img008162.jpg,proj/ffhq/img008162.jpg,6,ffhq
img008428.jpg,proj/ffhq/img008428.jpg,6,ffhq
img008267.jpg,proj/ffhq/img008267.jpg,6,ffhq
img008962.jpg,proj/ffhq/img008962.jpg,6,ffhq
img009209.jpg,proj/ffhq/img009209.jpg,6,ffhq
img008038.jpg,proj/ffhq/img008038.jpg,6,ffhq
img008830.jpg,proj/ffhq/img008830.jpg,6,ffhq
img009595.jpg,proj/ffhq/img009595.jpg,6,ffhq
img009868.jpg,proj/ffhq/img009868.jpg,6,ffhq
img008072.jpg,proj/ffhq/img008072.jpg,6,ffhq
img008539.jpg,proj/ffhq/img008539.jpg,6,ffhq
img008244.jpg,proj/ffhq/img008244.jpg,6,ffhq
img008164.jpg,proj/ffhq/img008164.jpg,6,ffhq
img009884.jpg,proj/ffhq/img009884.jpg,6,ffhq
img008152.jpg,proj/ffhq/img008152.jpg,6,ffhq
img009798.jpg,proj/ffhq/img009798.jpg,6,ffhq
img009379.jpg,proj/ffhq/img009379.jpg,6,ffhq
img008101.jpg,proj/ffhq/img008101.jpg,6,ffhq
img008149.jpg,proj/ffhq/img008149.jpg,6,ffhq
img008780.jpg,proj/ffhq/img008780.jpg,6,ffhq
img008805.jpg,proj/ffhq/img008805.jpg,6,ffhq
img009892.jpg,proj/ffhq/img009892.jpg,6,ffhq
img009406.jpg,proj/ffhq/img009406.jpg,6,ffhq
img008388.jpg,proj/ffhq/img008388.jpg,6,ffhq
img008989.jpg,proj/ffhq/img008989.jpg,6,ffhq
img009334.jpg,proj/ffhq/img009334.jpg,6,ffhq
img009144.jpg,proj/ffhq/img009144.jpg,6,ffhq
img009724.jpg,proj/ffhq/img009724.jpg,6,ffhq
img008028.jpg,proj/ffhq/img008028.jpg,6,ffhq
img008939.jpg,proj/ffhq/img008939.jpg,6,ffhq
img009593.jpg,proj/ffhq/img009593.jpg,6,ffhq
img009883.jpg,proj/ffhq/img009883.jpg,6,ffhq
img009740.jpg,proj/ffhq/img009740.jpg,6,ffhq
img008207.jpg,proj/ffhq/img008207.jpg,6,ffhq
img009526.jpg,proj/ffhq/img009526.jpg,6,ffhq
img009547.jpg,proj/ffhq/img009547.jpg,6,ffhq
img009493.jpg,proj/ffhq/img009493.jpg,6,ffhq
img009267.jpg,proj/ffhq/img009267.jpg,6,ffhq
img008409.jpg,proj/ffhq/img008409.jpg,6,ffhq
img009187.jpg,proj/ffhq/img009187.jpg,6,ffhq
img009338.jpg,proj/ffhq/img009338.jpg,6,ffhq
img008139.jpg,proj/ffhq/img008139.jpg,6,ffhq
img008618.jpg,proj/ffhq/img008618.jpg,6,ffhq
img009313.jpg,proj/ffhq/img009313.jpg,6,ffhq
img009079.jpg,proj/ffhq/img009079.jpg,6,ffhq
img008816.jpg,proj/ffhq/img008816.jpg,6,ffhq
img009500.jpg,proj/ffhq/img009500.jpg,6,ffhq
img009871.jpg,proj/ffhq/img009871.jpg,6,ffhq
img008452.jpg,proj/ffhq/img008452.jpg,6,ffhq
img009603.jpg,proj/ffhq/img009603.jpg,6,ffhq
img009466.jpg,proj/ffhq/img009466.jpg,6,ffhq
img009722.jpg,proj/ffhq/img009722.jpg,6,ffhq
img009070.jpg,proj/ffhq/img009070.jpg,6,ffhq
img009848.jpg,proj/ffhq/img009848.jpg,6,ffhq
img009331.jpg,proj/ffhq/img009331.jpg,6,ffhq
img008359.jpg,proj/ffhq/img008359.jpg,6,ffhq
img009463.jpg,proj/ffhq/img009463.jpg,6,ffhq
img009462.jpg,proj/ffhq/img009462.jpg,6,ffhq
img008166.jpg,proj/ffhq/img008166.jpg,6,ffhq
img008905.jpg,proj/ffhq/img008905.jpg,6,ffhq
img009610.jpg,proj/ffhq/img009610.jpg,6,ffhq
img009085.jpg,proj/ffhq/img009085.jpg,6,ffhq
img009212.jpg,proj/ffhq/img009212.jpg,6,ffhq
img009288.jpg,proj/ffhq/img009288.jpg,6,ffhq
img008450.jpg,proj/ffhq/img008450.jpg,6,ffhq
img009229.jpg,proj/ffhq/img009229.jpg,6,ffhq
img008497.jpg,proj/ffhq/img008497.jpg,6,ffhq
img008645.jpg,proj/ffhq/img008645.jpg,6,ffhq
img009336.jpg,proj/ffhq/img009336.jpg,6,ffhq
img009872.jpg,proj/ffhq/img009872.jpg,6,ffhq
img008788.jpg,proj/ffhq/img008788.jpg,6,ffhq
img009103.jpg,proj/ffhq/img009103.jpg,6,ffhq
img009710.jpg,proj/ffhq/img009710.jpg,6,ffhq
img009273.jpg,proj/ffhq/img009273.jpg,6,ffhq
img008161.jpg,proj/ffhq/img008161.jpg,6,ffhq
img008504.jpg,proj/ffhq/img008504.jpg,6,ffhq
img008870.jpg,proj/ffhq/img008870.jpg,6,ffhq
img008462.jpg,proj/ffhq/img008462.jpg,6,ffhq
img008239.jpg,proj/ffhq/img008239.jpg,6,ffhq
img009518.jpg,proj/ffhq/img009518.jpg,6,ffhq
img009060.jpg,proj/ffhq/img009060.jpg,6,ffhq
img008633.jpg,proj/ffhq/img008633.jpg,6,ffhq
img009831.jpg,proj/ffhq/img009831.jpg,6,ffhq
img009737.jpg,proj/ffhq/img009737.jpg,6,ffhq
img008710.jpg,proj/ffhq/img008710.jpg,6,ffhq
img008385.jpg,proj/ffhq/img008385.jpg,6,ffhq
img008154.jpg,proj/ffhq/img008154.jpg,6,ffhq
img009335.jpg,proj/ffhq/img009335.jpg,6,ffhq
img008801.jpg,proj/ffhq/img008801.jpg,6,ffhq
img008684.jpg,proj/ffhq/img008684.jpg,6,ffhq
img008713.jpg,proj/ffhq/img008713.jpg,6,ffhq
img009102.jpg,proj/ffhq/img009102.jpg,6,ffhq
img008740.jpg,proj/ffhq/img008740.jpg,6,ffhq
img009472.jpg,proj/ffhq/img009472.jpg,6,ffhq
img009339.jpg,proj/ffhq/img009339.jpg,6,ffhq
img009673.jpg,proj/ffhq/img009673.jpg,6,ffhq
img008081.jpg,proj/ffhq/img008081.jpg,6,ffhq
img009920.jpg,proj/ffhq/img009920.jpg,6,ffhq
img008809.jpg,proj/ffhq/img008809.jpg,6,ffhq
img008527.jpg,proj/ffhq/img008527.jpg,6,ffhq
img008157.jpg,proj/ffhq/img008157.jpg,6,ffhq
img008043.jpg,proj/ffhq/img008043.jpg,6,ffhq
img009165.jpg,proj/ffhq/img009165.jpg,6,ffhq
img009056.jpg,proj/ffhq/img009056.jpg,6,ffhq
img009240.jpg,proj/ffhq/img009240.jpg,6,ffhq
img008940.jpg,proj/ffhq/img008940.jpg,6,ffhq
img009348.jpg,proj/ffhq/img009348.jpg,6,ffhq
img008685.jpg,proj/ffhq/img008685.jpg,6,ffhq
img008096.jpg,proj/ffhq/img008096.jpg,6,ffhq
img009088.jpg,proj/ffhq/img009088.jpg,6,ffhq
img008464.jpg,proj/ffhq/img008464.jpg,6,ffhq
img008941.jpg,proj/ffhq/img008941.jpg,6,ffhq
img009974.jpg,proj/ffhq/img009974.jpg,6,ffhq
img008517.jpg,proj/ffhq/img008517.jpg,6,ffhq
img008998.jpg,proj/ffhq/img008998.jpg,6,ffhq
img008088.jpg,proj/ffhq/img008088.jpg,6,ffhq
img009529.jpg,proj/ffhq/img009529.jpg,6,ffhq
img008884.jpg,proj/ffhq/img008884.jpg,6,ffhq
img009495.jpg,proj/ffhq/img009495.jpg,6,ffhq
img008354.jpg,proj/ffhq/img008354.jpg,6,ffhq
img009362.jpg,proj/ffhq/img009362.jpg,6,ffhq
img008500.jpg,proj/ffhq/img008500.jpg,6,ffhq
img009407.jpg,proj/ffhq/img009407.jpg,6,ffhq
img009303.jpg,proj/ffhq/img009303.jpg,6,ffhq
img009685.jpg,proj/ffhq/img009685.jpg,6,ffhq
img008317.jpg,proj/ffhq/img008317.jpg,6,ffhq
img009242.jpg,proj/ffhq/img009242.jpg,6,ffhq
img008700.jpg,proj/ffhq/img008700.jpg,6,ffhq
img008480.jpg,proj/ffhq/img008480.jpg,6,ffhq
img009509.jpg,proj/ffhq/img009509.jpg,6,ffhq
img008086.jpg,proj/ffhq/img008086.jpg,6,ffhq
img008814.jpg,proj/ffhq/img008814.jpg,6,ffhq
img009482.jpg,proj/ffhq/img009482.jpg,6,ffhq
img009344.jpg,proj/ffhq/img009344.jpg,6,ffhq
img008851.jpg,proj/ffhq/img008851.jpg,6,ffhq
img008792.jpg,proj/ffhq/img008792.jpg,6,ffhq
img009184.jpg,proj/ffhq/img009184.jpg,6,ffhq
img008971.jpg,proj/ffhq/img008971.jpg,6,ffhq
img009727.jpg,proj/ffhq/img009727.jpg,6,ffhq
img008337.jpg,proj/ffhq/img008337.jpg,6,ffhq
img009681.jpg,proj/ffhq/img009681.jpg,6,ffhq
img009750.jpg,proj/ffhq/img009750.jpg,6,ffhq
img008206.jpg,proj/ffhq/img008206.jpg,6,ffhq
img009397.jpg,proj/ffhq/img009397.jpg,6,ffhq
img009900.jpg,proj/ffhq/img009900.jpg,6,ffhq
img009255.jpg,proj/ffhq/img009255.jpg,6,ffhq
img008564.jpg,proj/ffhq/img008564.jpg,6,ffhq
img009782.jpg,proj/ffhq/img009782.jpg,6,ffhq
img008352.jpg,proj/ffhq/img008352.jpg,6,ffhq
img008209.jpg,proj/ffhq/img008209.jpg,6,ffhq
img009194.jpg,proj/ffhq/img009194.jpg,6,ffhq
img009636.jpg,proj/ffhq/img009636.jpg,6,ffhq
img008593.jpg,proj/ffhq/img008593.jpg,6,ffhq
img008416.jpg,proj/ffhq/img008416.jpg,6,ffhq
img008037.jpg,proj/ffhq/img008037.jpg,6,ffhq
img008191.jpg,proj/ffhq/img008191.jpg,6,ffhq
img008838.jpg,proj/ffhq/img008838.jpg,6,ffhq
img008089.jpg,proj/ffhq/img008089.jpg,6,ffhq
img008769.jpg,proj/ffhq/img008769.jpg,6,ffhq
img009641.jpg,proj/ffhq/img009641.jpg,6,ffhq
img009152.jpg,proj/ffhq/img009152.jpg,6,ffhq
img009905.jpg,proj/ffhq/img009905.jpg,6,ffhq
img008845.jpg,proj/ffhq/img008845.jpg,6,ffhq
img009196.jpg,proj/ffhq/img009196.jpg,6,ffhq
img008225.jpg,proj/ffhq/img008225.jpg,6,ffhq
img008095.jpg,proj/ffhq/img008095.jpg,6,ffhq
img008194.jpg,proj/ffhq/img008194.jpg,6,ffhq
img009837.jpg,proj/ffhq/img009837.jpg,6,ffhq
img008437.jpg,proj/ffhq/img008437.jpg,6,ffhq
img008115.jpg,proj/ffhq/img008115.jpg,6,ffhq
img008054.jpg,proj/ffhq/img008054.jpg,6,ffhq
img009687.jpg,proj/ffhq/img009687.jpg,6,ffhq
img009464.jpg,proj/ffhq/img009464.jpg,6,ffhq
img009926.jpg,proj/ffhq/img009926.jpg,6,ffhq
img009844.jpg,proj/ffhq/img009844.jpg,6,ffhq
img009957.jpg,proj/ffhq/img009957.jpg,6,ffhq
img008174.jpg,proj/ffhq/img008174.jpg,6,ffhq
img009972.jpg,proj/ffhq/img009972.jpg,6,ffhq
img008026.jpg,proj/ffhq/img008026.jpg,6,ffhq
img008156.jpg,proj/ffhq/img008156.jpg,6,ffhq
img008216.jpg,proj/ffhq/img008216.jpg,6,ffhq
img009613.jpg,proj/ffhq/img009613.jpg,6,ffhq
img008879.jpg,proj/ffhq/img008879.jpg,6,ffhq
img008446.jpg,proj/ffhq/img008446.jpg,6,ffhq
img009643.jpg,proj/ffhq/img009643.jpg,6,ffhq
img009473.jpg,proj/ffhq/img009473.jpg,6,ffhq
img008719.jpg,proj/ffhq/img008719.jpg,6,ffhq
img009424.jpg,proj/ffhq/img009424.jpg,6,ffhq
img009291.jpg,proj/ffhq/img009291.jpg,6,ffhq
img008235.jpg,proj/ffhq/img008235.jpg,6,ffhq
img008146.jpg,proj/ffhq/img008146.jpg,6,ffhq
img009388.jpg,proj/ffhq/img009388.jpg,6,ffhq
img009233.jpg,proj/ffhq/img009233.jpg,6,ffhq
img008932.jpg,proj/ffhq/img008932.jpg,6,ffhq
img008200.jpg,proj/ffhq/img008200.jpg,6,ffhq
img008387.jpg,proj/ffhq/img008387.jpg,6,ffhq
img008289.jpg,proj/ffhq/img008289.jpg,6,ffhq
img008916.jpg,proj/ffhq/img008916.jpg,6,ffhq
img008580.jpg,proj/ffhq/img008580.jpg,6,ffhq
img008125.jpg,proj/ffhq/img008125.jpg,6,ffhq
img009143.jpg,proj/ffhq/img009143.jpg,6,ffhq
img009609.jpg,proj/ffhq/img009609.jpg,6,ffhq
img008866.jpg,proj/ffhq/img008866.jpg,6,ffhq
img008368.jpg,proj/ffhq/img008368.jpg,6,ffhq
img009919.jpg,proj/ffhq/img009919.jpg,6,ffhq
img008195.jpg,proj/ffhq/img008195.jpg,6,ffhq
img008926.jpg,proj/ffhq/img008926.jpg,6,ffhq
img008093.jpg,proj/ffhq/img008093.jpg,6,ffhq
img009814.jpg,proj/ffhq/img009814.jpg,6,ffhq
img008804.jpg,proj/ffhq/img008804.jpg,6,ffhq
img009688.jpg,proj/ffhq/img009688.jpg,6,ffhq
img008519.jpg,proj/ffhq/img008519.jpg,6,ffhq
img009211.jpg,proj/ffhq/img009211.jpg,6,ffhq
img008594.jpg,proj/ffhq/img008594.jpg,6,ffhq
img009450.jpg,proj/ffhq/img009450.jpg,6,ffhq
img009216.jpg,proj/ffhq/img009216.jpg,6,ffhq
img009916.jpg,proj/ffhq/img009916.jpg,6,ffhq
img009395.jpg,proj/ffhq/img009395.jpg,6,ffhq
img009789.jpg,proj/ffhq/img009789.jpg,6,ffhq
img008819.jpg,proj/ffhq/img008819.jpg,6,ffhq
img008472.jpg,proj/ffhq/img008472.jpg,6,ffhq
img009122.jpg,proj/ffhq/img009122.jpg,6,ffhq
img009368.jpg,proj/ffhq/img009368.jpg,6,ffhq
img008320.jpg,proj/ffhq/img008320.jpg,6,ffhq
img009293.jpg,proj/ffhq/img009293.jpg,6,ffhq
img009545.jpg,proj/ffhq/img009545.jpg,6,ffhq
img009987.jpg,proj/ffhq/img009987.jpg,6,ffhq
img009129.jpg,proj/ffhq/img009129.jpg,6,ffhq
img008997.jpg,proj/ffhq/img008997.jpg,6,ffhq
img009517.jpg,proj/ffhq/img009517.jpg,6,ffhq
img009954.jpg,proj/ffhq/img009954.jpg,6,ffhq
img009797.jpg,proj/ffhq/img009797.jpg,6,ffhq
img008642.jpg,proj/ffhq/img008642.jpg,6,ffhq
img008248.jpg,proj/ffhq/img008248.jpg,6,ffhq
img008995.jpg,proj/ffhq/img008995.jpg,6,ffhq
img008573.jpg,proj/ffhq/img008573.jpg,6,ffhq
img008406.jpg,proj/ffhq/img008406.jpg,6,ffhq
img008892.jpg,proj/ffhq/img008892.jpg,6,ffhq
img008795.jpg,proj/ffhq/img008795.jpg,6,ffhq
img009306.jpg,proj/ffhq/img009306.jpg,6,ffhq
img009244.jpg,proj/ffhq/img009244.jpg,6,ffhq
img009753.jpg,proj/ffhq/img009753.jpg,6,ffhq
img009817.jpg,proj/ffhq/img009817.jpg,6,ffhq
img009172.jpg,proj/ffhq/img009172.jpg,6,ffhq
img009940.jpg,proj/ffhq/img009940.jpg,6,ffhq
img009873.jpg,proj/ffhq/img009873.jpg,6,ffhq
img009589.jpg,proj/ffhq/img009589.jpg,6,ffhq
img009539.jpg,proj/ffhq/img009539.jpg,6,ffhq
img008912.jpg,proj/ffhq/img008912.jpg,6,ffhq
img008508.jpg,proj/ffhq/img008508.jpg,6,ffhq
img009451.jpg,proj/ffhq/img009451.jpg,6,ffhq
img008750.jpg,proj/ffhq/img008750.jpg,6,ffhq
img008558.jpg,proj/ffhq/img008558.jpg,6,ffhq
img009704.jpg,proj/ffhq/img009704.jpg,6,ffhq
img009037.jpg,proj/ffhq/img009037.jpg,6,ffhq
img009520.jpg,proj/ffhq/img009520.jpg,6,ffhq
img009008.jpg,proj/ffhq/img009008.jpg,6,ffhq
img009422.jpg,proj/ffhq/img009422.jpg,6,ffhq
img008188.jpg,proj/ffhq/img008188.jpg,6,ffhq
img008067.jpg,proj/ffhq/img008067.jpg,6,ffhq
img008709.jpg,proj/ffhq/img008709.jpg,6,ffhq
img008699.jpg,proj/ffhq/img008699.jpg,6,ffhq
img009648.jpg,proj/ffhq/img009648.jpg,6,ffhq
img008811.jpg,proj/ffhq/img008811.jpg,6,ffhq
img008415.jpg,proj/ffhq/img008415.jpg,6,ffhq
img008903.jpg,proj/ffhq/img008903.jpg,6,ffhq
img009433.jpg,proj/ffhq/img009433.jpg,6,ffhq
img009666.jpg,proj/ffhq/img009666.jpg,6,ffhq
img009061.jpg,proj/ffhq/img009061.jpg,6,ffhq
img009838.jpg,proj/ffhq/img009838.jpg,6,ffhq
img008506.jpg,proj/ffhq/img008506.jpg,6,ffhq
img008871.jpg,proj/ffhq/img008871.jpg,6,ffhq
img009234.jpg,proj/ffhq/img009234.jpg,6,ffhq
img009780.jpg,proj/ffhq/img009780.jpg,6,ffhq
img008111.jpg,proj/ffhq/img008111.jpg,6,ffhq
img008589.jpg,proj/ffhq/img008589.jpg,6,ffhq
img008085.jpg,proj/ffhq/img008085.jpg,6,ffhq
img010061.jpg,proj/landscape/img010061.jpg,6,landscape
img010829.jpg,proj/landscape/img010829.jpg,6,landscape
img011903.jpg,proj/landscape/img011903.jpg,6,landscape
img011438.jpg,proj/landscape/img011438.jpg,6,landscape
img011913.jpg,proj/landscape/img011913.jpg,6,landscape
img010461.jpg,proj/landscape/img010461.jpg,6,landscape
img010058.jpg,proj/landscape/img010058.jpg,6,landscape
img010720.jpg,proj/landscape/img010720.jpg,6,landscape
img010073.jpg,proj/landscape/img010073.jpg,6,landscape
img010254.jpg,proj/landscape/img010254.jpg,6,landscape
img010079.jpg,proj/landscape/img010079.jpg,6,landscape
img011305.jpg,proj/landscape/img011305.jpg,6,landscape
img010511.jpg,proj/landscape/img010511.jpg,6,landscape
img010747.jpg,proj/landscape/img010747.jpg,6,landscape
img011751.jpg,proj/landscape/img011751.jpg,6,landscape
img011924.jpg,proj/landscape/img011924.jpg,6,landscape
img011320.jpg,proj/landscape/img011320.jpg,6,landscape
img011392.jpg,proj/landscape/img011392.jpg,6,landscape
img010810.jpg,proj/landscape/img010810.jpg,6,landscape
img011604.jpg,proj/landscape/img011604.jpg,6,landscape
img010621.jpg,proj/landscape/img010621.jpg,6,landscape
img011960.jpg,proj/landscape/img011960.jpg,6,landscape
img010342.jpg,proj/landscape/img010342.jpg,6,landscape
img010534.jpg,proj/landscape/img010534.jpg,6,landscape
img010709.jpg,proj/landscape/img010709.jpg,6,landscape
img010458.jpg,proj/landscape/img010458.jpg,6,landscape
img011014.jpg,proj/landscape/img011014.jpg,6,landscape
img010757.jpg,proj/landscape/img010757.jpg,6,landscape
img011891.jpg,proj/landscape/img011891.jpg,6,landscape
img011033.jpg,proj/landscape/img011033.jpg,6,landscape
img011829.jpg,proj/landscape/img011829.jpg,6,landscape
img010792.jpg,proj/landscape/img010792.jpg,6,landscape
img010224.jpg,proj/landscape/img010224.jpg,6,landscape
img011783.jpg,proj/landscape/img011783.jpg,6,landscape
img011240.jpg,proj/landscape/img011240.jpg,6,landscape
img010581.jpg,proj/landscape/img010581.jpg,6,landscape
img010155.jpg,proj/landscape/img010155.jpg,6,landscape
img010344.jpg,proj/landscape/img010344.jpg,6,landscape
img011835.jpg,proj/landscape/img011835.jpg,6,landscape
img010643.jpg,proj/landscape/img010643.jpg,6,landscape
img011878.jpg,proj/landscape/img011878.jpg,6,landscape
img010487.jpg,proj/landscape/img010487.jpg,6,landscape
img011940.jpg,proj/landscape/img011940.jpg,6,landscape
img011476.jpg,proj/landscape/img011476.jpg,6,landscape
img011075.jpg,proj/landscape/img011075.jpg,6,landscape
img011460.jpg,proj/landscape/img011460.jpg,6,landscape
img010379.jpg,proj/landscape/img010379.jpg,6,landscape
img010353.jpg,proj/landscape/img010353.jpg,6,landscape
img011898.jpg,proj/landscape/img011898.jpg,6,landscape
img010053.jpg,proj/landscape/img010053.jpg,6,landscape
img011965.jpg,proj/landscape/img011965.jpg,6,landscape
img011325.jpg,proj/landscape/img011325.jpg,6,landscape
img010749.jpg,proj/landscape/img010749.jpg,6,landscape
img010977.jpg,proj/landscape/img010977.jpg,6,landscape
img010311.jpg,proj/landscape/img010311.jpg,6,landscape
img010710.jpg,proj/landscape/img010710.jpg,6,landscape
img010440.jpg,proj/landscape/img010440.jpg,6,landscape
img010482.jpg,proj/landscape/img010482.jpg,6,landscape
img010437.jpg,proj/landscape/img010437.jpg,6,landscape
img010569.jpg,proj/landscape/img010569.jpg,6,landscape
img011486.jpg,proj/landscape/img011486.jpg,6,landscape
img011785.jpg,proj/landscape/img011785.jpg,6,landscape
img010033.jpg,proj/landscape/img010033.jpg,6,landscape
img011561.jpg,proj/landscape/img011561.jpg,6,landscape
img010844.jpg,proj/landscape/img010844.jpg,6,landscape
img010626.jpg,proj/landscape/img010626.jpg,6,landscape
img010389.jpg,proj/landscape/img010389.jpg,6,landscape
img010293.jpg,proj/landscape/img010293.jpg,6,landscape
img010552.jpg,proj/landscape/img010552.jpg,6,landscape
img011881.jpg,proj/landscape/img011881.jpg,6,landscape
img011358.jpg,proj/landscape/img011358.jpg,6,landscape
img010501.jpg,proj/landscape/img010501.jpg,6,landscape
img010496.jpg,proj/landscape/img010496.jpg,6,landscape
img010029.jpg,proj/landscape/img010029.jpg,6,landscape
img011593.jpg,proj/landscape/img011593.jpg,6,landscape
img010758.jpg,proj/landscape/img010758.jpg,6,landscape
img011138.jpg,proj/landscape/img011138.jpg,6,landscape
img011565.jpg,proj/landscape/img011565.jpg,6,landscape
img011282.jpg,proj/landscape/img011282.jpg,6,landscape
img010663.jpg,proj/landscape/img010663.jpg,6,landscape
img011131.jpg,proj/landscape/img011131.jpg,6,landscape
img011933.jpg,proj/landscape/img011933.jpg,6,landscape
img010692.jpg,proj/landscape/img010692.jpg,6,landscape
img011985.jpg,proj/landscape/img011985.jpg,6,landscape
img011760.jpg,proj/landscape/img011760.jpg,6,landscape
img011288.jpg,proj/landscape/img011288.jpg,6,landscape
img011124.jpg,proj/landscape/img011124.jpg,6,landscape
img011958.jpg,proj/landscape/img011958.jpg,6,landscape
img010396.jpg,proj/landscape/img010396.jpg,6,landscape
img011946.jpg,proj/landscape/img011946.jpg,6,landscape
img011543.jpg,proj/landscape/img011543.jpg,6,landscape
img010650.jpg,proj/landscape/img010650.jpg,6,landscape
img011752.jpg,proj/landscape/img011752.jpg,6,landscape
img011828.jpg,proj/landscape/img011828.jpg,6,landscape
img011041.jpg,proj/landscape/img011041.jpg,6,landscape
img010203.jpg,proj/landscape/img010203.jpg,6,landscape
img011155.jpg,proj/landscape/img011155.jpg,6,landscape
img010762.jpg,proj/landscape/img010762.jpg,6,landscape
img011755.jpg,proj/landscape/img011755.jpg,6,landscape
img010755.jpg,proj/landscape/img010755.jpg,6,landscape
img011000.jpg,proj/landscape/img011000.jpg,6,landscape
img010090.jpg,proj/landscape/img010090.jpg,6,landscape
img011865.jpg,proj/landscape/img011865.jpg,6,landscape
img011207.jpg,proj/landscape/img011207.jpg,6,landscape
img011621.jpg,proj/landscape/img011621.jpg,6,landscape
img011038.jpg,proj/landscape/img011038.jpg,6,landscape
img010572.jpg,proj/landscape/img010572.jpg,6,landscape
img011949.jpg,proj/landscape/img011949.jpg,6,landscape
img011886.jpg,proj/landscape/img011886.jpg,6,landscape
img010535.jpg,proj/landscape/img010535.jpg,6,landscape
img010049.jpg,proj/landscape/img010049.jpg,6,landscape
img010207.jpg,proj/landscape/img010207.jpg,6,landscape
img011779.jpg,proj/landscape/img011779.jpg,6,landscape
img011740.jpg,proj/landscape/img011740.jpg,6,landscape
img011746.jpg,proj/landscape/img011746.jpg,6,landscape
img010910.jpg,proj/landscape/img010910.jpg,6,landscape
img011026.jpg,proj/landscape/img011026.jpg,6,landscape
img011314.jpg,proj/landscape/img011314.jpg,6,landscape
img011461.jpg,proj/landscape/img011461.jpg,6,landscape
img010425.jpg,proj/landscape/img010425.jpg,6,landscape
img011429.jpg,proj/landscape/img011429.jpg,6,landscape
img011907.jpg,proj/landscape/img011907.jpg,6,landscape
img011579.jpg,proj/landscape/img011579.jpg,6,landscape
img011265.jpg,proj/landscape/img011265.jpg,6,landscape
img010168.jpg,proj/landscape/img010168.jpg,6,landscape
img010678.jpg,proj/landscape/img010678.jpg,6,landscape
img010932.jpg,proj/landscape/img010932.jpg,6,landscape
img010383.jpg,proj/landscape/img010383.jpg,6,landscape
img010003.jpg,proj/landscape/img010003.jpg,6,landscape
img011723.jpg,proj/landscape/img011723.jpg,6,landscape
img010716.jpg,proj/landscape/img010716.jpg,6,landscape
img010903.jpg,proj/landscape/img010903.jpg,6,landscape
img011830.jpg,proj/landscape/img011830.jpg,6,landscape
img011928.jpg,proj/landscape/img011928.jpg,6,landscape
img011757.jpg,proj/landscape/img011757.jpg,6,landscape
img010592.jpg,proj/landscape/img010592.jpg,6,landscape
img010691.jpg,proj/landscape/img010691.jpg,6,landscape
img010457.jpg,proj/landscape/img010457.jpg,6,landscape
img011013.jpg,proj/landscape/img011013.jpg,6,landscape
img010231.jpg,proj/landscape/img010231.jpg,6,landscape
img010492.jpg,proj/landscape/img010492.jpg,6,landscape
img011741.jpg,proj/landscape/img011741.jpg,6,landscape
img010245.jpg,proj/landscape/img010245.jpg,6,landscape
img010754.jpg,proj/landscape/img010754.jpg,6,landscape
img010683.jpg,proj/landscape/img010683.jpg,6,landscape
img011827.jpg,proj/landscape/img011827.jpg,6,landscape
img010467.jpg,proj/landscape/img010467.jpg,6,landscape
img010235.jpg,proj/landscape/img010235.jpg,6,landscape
img010504.jpg,proj/landscape/img010504.jpg,6,landscape
img011681.jpg,proj/landscape/img011681.jpg,6,landscape
img010232.jpg,proj/landscape/img010232.jpg,6,landscape
img011566.jpg,proj/landscape/img011566.jpg,6,landscape
img010604.jpg,proj/landscape/img010604.jpg,6,landscape
img011137.jpg,proj/landscape/img011137.jpg,6,landscape
img011398.jpg,proj/landscape/img011398.jpg,6,landscape
img011112.jpg,proj/landscape/img011112.jpg,6,landscape
img010303.jpg,proj/landscape/img010303.jpg,6,landscape
img011222.jpg,proj/landscape/img011222.jpg,6,landscape
img011505.jpg,proj/landscape/img011505.jpg,6,landscape
img010831.jpg,proj/landscape/img010831.jpg,6,landscape
img011915.jpg,proj/landscape/img011915.jpg,6,landscape
img011811.jpg,proj/landscape/img011811.jpg,6,landscape
img011564.jpg,proj/landscape/img011564.jpg,6,landscape
img010041.jpg,proj/landscape/img010041.jpg,6,landscape
img010290.jpg,proj/landscape/img010290.jpg,6,landscape
img011297.jpg,proj/landscape/img011297.jpg,6,landscape
img011552.jpg,proj/landscape/img011552.jpg,6,landscape
img010284.jpg,proj/landscape/img010284.jpg,6,landscape
img010601.jpg,proj/landscape/img010601.jpg,6,landscape
img011509.jpg,proj/landscape/img011509.jpg,6,landscape
img011416.jpg,proj/landscape/img011416.jpg,6,landscape
img011754.jpg,proj/landscape/img011754.jpg,6,landscape
img011978.jpg,proj/landscape/img011978.jpg,6,landscape
img010849.jpg,proj/landscape/img010849.jpg,6,landscape
img011276.jpg,proj/landscape/img011276.jpg,6,landscape
img010839.jpg,proj/landscape/img010839.jpg,6,landscape
img010455.jpg,proj/landscape/img010455.jpg,6,landscape
img010734.jpg,proj/landscape/img010734.jpg,6,landscape
img011711.jpg,proj/landscape/img011711.jpg,6,landscape
img011979.jpg,proj/landscape/img011979.jpg,6,landscape
img010104.jpg,proj/landscape/img010104.jpg,6,landscape
img011925.jpg,proj/landscape/img011925.jpg,6,landscape
img010494.jpg,proj/landscape/img010494.jpg,6,landscape
img010443.jpg,proj/landscape/img010443.jpg,6,landscape
img011968.jpg,proj/landscape/img011968.jpg,6,landscape
img011231.jpg,proj/landscape/img011231.jpg,6,landscape
img010943.jpg,proj/landscape/img010943.jpg,6,landscape
img010525.jpg,proj/landscape/img010525.jpg,6,landscape
img011954.jpg,proj/landscape/img011954.jpg,6,landscape
img010185.jpg,proj/landscape/img010185.jpg,6,landscape
img011059.jpg,proj/landscape/img011059.jpg,6,landscape
img011098.jpg,proj/landscape/img011098.jpg,6,landscape
img011640.jpg,proj/landscape/img011640.jpg,6,landscape
img010114.jpg,proj/landscape/img010114.jpg,6,landscape
img011813.jpg,proj/landscape/img011813.jpg,6,landscape
img011045.jpg,proj/landscape/img011045.jpg,6,landscape
img011800.jpg,proj/landscape/img011800.jpg,6,landscape
img010421.jpg,proj/landscape/img010421.jpg,6,landscape
img010390.jpg,proj/landscape/img010390.jpg,6,landscape
img010993.jpg,proj/landscape/img010993.jpg,6,landscape
img011643.jpg,proj/landscape/img011643.jpg,6,landscape
img011775.jpg,proj/landscape/img011775.jpg,6,landscape
img011572.jpg,proj/landscape/img011572.jpg,6,landscape
img010894.jpg,proj/landscape/img010894.jpg,6,landscape
img011676.jpg,proj/landscape/img011676.jpg,6,landscape
img010110.jpg,proj/landscape/img010110.jpg,6,landscape
img010069.jpg,proj/landscape/img010069.jpg,6,landscape
img010825.jpg,proj/landscape/img010825.jpg,6,landscape
img010133.jpg,proj/landscape/img010133.jpg,6,landscape
img011208.jpg,proj/landscape/img011208.jpg,6,landscape
img010695.jpg,proj/landscape/img010695.jpg,6,landscape
img010403.jpg,proj/landscape/img010403.jpg,6,landscape
img010999.jpg,proj/landscape/img010999.jpg,6,landscape
img010113.jpg,proj/landscape/img010113.jpg,6,landscape
img011493.jpg,proj/landscape/img011493.jpg,6,landscape
img011199.jpg,proj/landscape/img011199.jpg,6,landscape
img010436.jpg,proj/landscape/img010436.jpg,6,landscape
img010199.jpg,proj/landscape/img010199.jpg,6,landscape
img010789.jpg,proj/landscape/img010789.jpg,6,landscape
img011701.jpg,proj/landscape/img011701.jpg,6,landscape
img010160.jpg,proj/landscape/img010160.jpg,6,landscape
img011089.jpg,proj/landscape/img011089.jpg,6,landscape
img010364.jpg,proj/landscape/img010364.jpg,6,landscape
img010553.jpg,proj/landscape/img010553.jpg,6,landscape
img011295.jpg,proj/landscape/img011295.jpg,6,landscape
img010929.jpg,proj/landscape/img010929.jpg,6,landscape
img010808.jpg,proj/landscape/img010808.jpg,6,landscape
img011271.jpg,proj/landscape/img011271.jpg,6,landscape
img010489.jpg,proj/landscape/img010489.jpg,6,landscape
img010088.jpg,proj/landscape/img010088.jpg,6,landscape
img010869.jpg,proj/landscape/img010869.jpg,6,landscape
img010347.jpg,proj/landscape/img010347.jpg,6,landscape
img011459.jpg,proj/landscape/img011459.jpg,6,landscape
img011228.jpg,proj/landscape/img011228.jpg,6,landscape
img011520.jpg,proj/landscape/img011520.jpg,6,landscape
img011104.jpg,proj/landscape/img011104.jpg,6,landscape
img010404.jpg,proj/landscape/img010404.jpg,6,landscape
img011044.jpg,proj/landscape/img011044.jpg,6,landscape
img011284.jpg,proj/landscape/img011284.jpg,6,landscape
img010059.jpg,proj/landscape/img010059.jpg,6,landscape
img010764.jpg,proj/landscape/img010764.jpg,6,landscape
img011909.jpg,proj/landscape/img011909.jpg,6,landscape
img010005.jpg,proj/landscape/img010005.jpg,6,landscape
img010411.jpg,proj/landscape/img010411.jpg,6,landscape
img011817.jpg,proj/landscape/img011817.jpg,6,landscape
img011122.jpg,proj/landscape/img011122.jpg,6,landscape
img011719.jpg,proj/landscape/img011719.jpg,6,landscape
img010369.jpg,proj/landscape/img010369.jpg,6,landscape
img010011.jpg,proj/landscape/img010011.jpg,6,landscape
img010742.jpg,proj/landscape/img010742.jpg,6,landscape
img011542.jpg,proj/landscape/img011542.jpg,6,landscape
img010931.jpg,proj/landscape/img010931.jpg,6,landscape
img011721.jpg,proj/landscape/img011721.jpg,6,landscape
img011963.jpg,proj/landscape/img011963.jpg,6,landscape
img011421.jpg,proj/landscape/img011421.jpg,6,landscape
img011243.jpg,proj/landscape/img011243.jpg,6,landscape
img011397.jpg,proj/landscape/img011397.jpg,6,landscape
img011382.jpg,proj/landscape/img011382.jpg,6,landscape
img011700.jpg,proj/landscape/img011700.jpg,6,landscape
img010172.jpg,proj/landscape/img010172.jpg,6,landscape
img011662.jpg,proj/landscape/img011662.jpg,6,landscape
img010014.jpg,proj/landscape/img010014.jpg,6,landscape
img011153.jpg,proj/landscape/img011153.jpg,6,landscape
img010902.jpg,proj/landscape/img010902.jpg,6,landscape
img010950.jpg,proj/landscape/img010950.jpg,6,landscape
img011374.jpg,proj/landscape/img011374.jpg,6,landscape
img010392.jpg,proj/landscape/img010392.jpg,6,landscape
img011822.jpg,proj/landscape/img011822.jpg,6,landscape
img011467.jpg,proj/landscape/img011467.jpg,6,landscape
img011605.jpg,proj/landscape/img011605.jpg,6,landscape
img011348.jpg,proj/landscape/img011348.jpg,6,landscape
img011143.jpg,proj/landscape/img011143.jpg,6,landscape
img011242.jpg,proj/landscape/img011242.jpg,6,landscape
img011019.jpg,proj/landscape/img011019.jpg,6,landscape
img010609.jpg,proj/landscape/img010609.jpg,6,landscape
img010037.jpg,proj/landscape/img010037.jpg,6,landscape
img011599.jpg,proj/landscape/img011599.jpg,6,landscape
img010855.jpg,proj/landscape/img010855.jpg,6,landscape
img011620.jpg,proj/landscape/img011620.jpg,6,landscape
img011051.jpg,proj/landscape/img011051.jpg,6,landscape
img010551.jpg,proj/landscape/img010551.jpg,6,landscape
img010675.jpg,proj/landscape/img010675.jpg,6,landscape
img010136.jpg,proj/landscape/img010136.jpg,6,landscape
img010892.jpg,proj/landscape/img010892.jpg,6,landscape
img011612.jpg,proj/landscape/img011612.jpg,6,landscape
img011316.jpg,proj/landscape/img011316.jpg,6,landscape
img011149.jpg,proj/landscape/img011149.jpg,6,landscape
img011344.jpg,proj/landscape/img011344.jpg,6,landscape
img011334.jpg,proj/landscape/img011334.jpg,6,landscape
img010111.jpg,proj/landscape/img010111.jpg,6,landscape
img010877.jpg,proj/landscape/img010877.jpg,6,landscape
img011753.jpg,proj/landscape/img011753.jpg,6,landscape
img010044.jpg,proj/landscape/img010044.jpg,6,landscape
img010273.jpg,proj/landscape/img010273.jpg,6,landscape
img011748.jpg,proj/landscape/img011748.jpg,6,landscape
img010335.jpg,proj/landscape/img010335.jpg,6,landscape
img010292.jpg,proj/landscape/img010292.jpg,6,landscape
img010707.jpg,proj/landscape/img010707.jpg,6,landscape
img011281.jpg,proj/landscape/img011281.jpg,6,landscape
img010020.jpg,proj/landscape/img010020.jpg,6,landscape
img010250.jpg,proj/landscape/img010250.jpg,6,landscape
img010614.jpg,proj/landscape/img010614.jpg,6,landscape
img011082.jpg,proj/landscape/img011082.jpg,6,landscape
img011412.jpg,proj/landscape/img011412.jpg,6,landscape
img010969.jpg,proj/landscape/img010969.jpg,6,landscape
img011899.jpg,proj/landscape/img011899.jpg,6,landscape
img010480.jpg,proj/landscape/img010480.jpg,6,landscape
img011671.jpg,proj/landscape/img011671.jpg,6,landscape
img011176.jpg,proj/landscape/img011176.jpg,6,landscape
img010807.jpg,proj/landscape/img010807.jpg,6,landscape
img011768.jpg,proj/landscape/img011768.jpg,6,landscape
img010913.jpg,proj/landscape/img010913.jpg,6,landscape
img011023.jpg,proj/landscape/img011023.jpg,6,landscape
img011999.jpg,proj/landscape/img011999.jpg,6,landscape
img010845.jpg,proj/landscape/img010845.jpg,6,landscape
img010935.jpg,proj/landscape/img010935.jpg,6,landscape
img011862.jpg,proj/landscape/img011862.jpg,6,landscape
img011027.jpg,proj/landscape/img011027.jpg,6,landscape
img010827.jpg,proj/landscape/img010827.jpg,6,landscape
img010214.jpg,proj/landscape/img010214.jpg,6,landscape
img011864.jpg,proj/landscape/img011864.jpg,6,landscape
img010924.jpg,proj/landscape/img010924.jpg,6,landscape
img010101.jpg,proj/landscape/img010101.jpg,6,landscape
img011926.jpg,proj/landscape/img011926.jpg,6,landscape
img011141.jpg,proj/landscape/img011141.jpg,6,landscape
img011941.jpg,proj/landscape/img011941.jpg,6,landscape
img011163.jpg,proj/landscape/img011163.jpg,6,landscape
img010937.jpg,proj/landscape/img010937.jpg,6,landscape
img011073.jpg,proj/landscape/img011073.jpg,6,landscape
img011290.jpg,proj/landscape/img011290.jpg,6,landscape
img010132.jpg,proj/landscape/img010132.jpg,6,landscape
img011311.jpg,proj/landscape/img011311.jpg,6,landscape
img011335.jpg,proj/landscape/img011335.jpg,6,landscape
img011699.jpg,proj/landscape/img011699.jpg,6,landscape
img010006.jpg,proj/landscape/img010006.jpg,6,landscape
img011055.jpg,proj/landscape/img011055.jpg,6,landscape
img010265.jpg,proj/landscape/img010265.jpg,6,landscape
img010684.jpg,proj/landscape/img010684.jpg,6,landscape
img010063.jpg,proj/landscape/img010063.jpg,6,landscape
img010146.jpg,proj/landscape/img010146.jpg,6,landscape
img010305.jpg,proj/landscape/img010305.jpg,6,landscape
img010454.jpg,proj/landscape/img010454.jpg,6,landscape
img011192.jpg,proj/landscape/img011192.jpg,6,landscape
img011324.jpg,proj/landscape/img011324.jpg,6,landscape
img010107.jpg,proj/landscape/img010107.jpg,6,landscape
img010602.jpg,proj/landscape/img010602.jpg,6,landscape
img011245.jpg,proj/landscape/img011245.jpg,6,landscape
img011938.jpg,proj/landscape/img011938.jpg,6,landscape
img011117.jpg,proj/landscape/img011117.jpg,6,landscape
img010083.jpg,proj/landscape/img010083.jpg,6,landscape
img011126.jpg,proj/landscape/img011126.jpg,6,landscape
img011801.jpg,proj/landscape/img011801.jpg,6,landscape
img010976.jpg,proj/landscape/img010976.jpg,6,landscape
img010276.jpg,proj/landscape/img010276.jpg,6,landscape
img010439.jpg,proj/landscape/img010439.jpg,6,landscape
img011498.jpg,proj/landscape/img011498.jpg,6,landscape
img011824.jpg,proj/landscape/img011824.jpg,6,landscape
img010145.jpg,proj/landscape/img010145.jpg,6,landscape
img011053.jpg,proj/landscape/img011053.jpg,6,landscape
img011789.jpg,proj/landscape/img011789.jpg,6,landscape
img010864.jpg,proj/landscape/img010864.jpg,6,landscape
img011299.jpg,proj/landscape/img011299.jpg,6,landscape
img010220.jpg,proj/landscape/img010220.jpg,6,landscape
img011890.jpg,proj/landscape/img011890.jpg,6,landscape
img011607.jpg,proj/landscape/img011607.jpg,6,landscape
img011364.jpg,proj/landscape/img011364.jpg,6,landscape
img010161.jpg,proj/landscape/img010161.jpg,6,landscape
img011807.jpg,proj/landscape/img011807.jpg,6,landscape
img010413.jpg,proj/landscape/img010413.jpg,6,landscape
img010636.jpg,proj/landscape/img010636.jpg,6,landscape
img011688.jpg,proj/landscape/img011688.jpg,6,landscape
img011037.jpg,proj/landscape/img011037.jpg,6,landscape
img010664.jpg,proj/landscape/img010664.jpg,6,landscape
img011942.jpg,proj/landscape/img011942.jpg,6,landscape
img010004.jpg,proj/landscape/img010004.jpg,6,landscape
img011278.jpg,proj/landscape/img011278.jpg,6,landscape
img010666.jpg,proj/landscape/img010666.jpg,6,landscape
img011808.jpg,proj/landscape/img011808.jpg,6,landscape
img010169.jpg,proj/landscape/img010169.jpg,6,landscape
img010409.jpg,proj/landscape/img010409.jpg,6,landscape
img011462.jpg,proj/landscape/img011462.jpg,6,landscape
img011495.jpg,proj/landscape/img011495.jpg,6,landscape
img010874.jpg,proj/landscape/img010874.jpg,6,landscape
img010221.jpg,proj/landscape/img010221.jpg,6,landscape
img011466.jpg,proj/landscape/img011466.jpg,6,landscape
img010126.jpg,proj/landscape/img010126.jpg,6,landscape
img011684.jpg,proj/landscape/img011684.jpg,6,landscape
img010319.jpg,proj/landscape/img010319.jpg,6,landscape
img011849.jpg,proj/landscape/img011849.jpg,6,landscape
img010631.jpg,proj/landscape/img010631.jpg,6,landscape
img011694.jpg,proj/landscape/img011694.jpg,6,landscape
img011328.jpg,proj/landscape/img011328.jpg,6,landscape
img010195.jpg,proj/landscape/img010195.jpg,6,landscape
img011456.jpg,proj/landscape/img011456.jpg,6,landscape
img011750.jpg,proj/landscape/img011750.jpg,6,landscape
img011610.jpg,proj/landscape/img011610.jpg,6,landscape
img010190.jpg,proj/landscape/img010190.jpg,6,landscape
img011527.jpg,proj/landscape/img011527.jpg,6,landscape
img011666.jpg,proj/landscape/img011666.jpg,6,landscape
img011586.jpg,proj/landscape/img011586.jpg,6,landscape
img011518.jpg,proj/landscape/img011518.jpg,6,landscape
img010426.jpg,proj/landscape/img010426.jpg,6,landscape
img010819.jpg,proj/landscape/img010819.jpg,6,landscape
img011840.jpg,proj/landscape/img011840.jpg,6,landscape
img011343.jpg,proj/landscape/img011343.jpg,6,landscape
img011241.jpg,proj/landscape/img011241.jpg,6,landscape
img011267.jpg,proj/landscape/img011267.jpg,6,landscape
img010624.jpg,proj/landscape/img010624.jpg,6,landscape
img010550.jpg,proj/landscape/img010550.jpg,6,landscape
img011749.jpg,proj/landscape/img011749.jpg,6,landscape
img010218.jpg,proj/landscape/img010218.jpg,6,landscape
img011291.jpg,proj/landscape/img011291.jpg,6,landscape
img010475.jpg,proj/landscape/img010475.jpg,6,landscape
img011066.jpg,proj/landscape/img011066.jpg,6,landscape
img011443.jpg,proj/landscape/img011443.jpg,6,landscape
img010900.jpg,proj/landscape/img010900.jpg,6,landscape
img010823.jpg,proj/landscape/img010823.jpg,6,landscape
img011046.jpg,proj/landscape/img011046.jpg,6,landscape
img010518.jpg,proj/landscape/img010518.jpg,6,landscape
img011254.jpg,proj/landscape/img011254.jpg,6,landscape
img011714.jpg,proj/landscape/img011714.jpg,6,landscape
img010966.jpg,proj/landscape/img010966.jpg,6,landscape
img010181.jpg,proj/landscape/img010181.jpg,6,landscape
img010658.jpg,proj/landscape/img010658.jpg,6,landscape
img010867.jpg,proj/landscape/img010867.jpg,6,landscape
img011726.jpg,proj/landscape/img011726.jpg,6,landscape
img011371.jpg,proj/landscape/img011371.jpg,6,landscape
img010184.jpg,proj/landscape/img010184.jpg,6,landscape
img010836.jpg,proj/landscape/img010836.jpg,6,landscape
img010513.jpg,proj/landscape/img010513.jpg,6,landscape
img010947.jpg,proj/landscape/img010947.jpg,6,landscape
img011111.jpg,proj/landscape/img011111.jpg,6,landscape
img010128.jpg,proj/landscape/img010128.jpg,6,landscape
img011039.jpg,proj/landscape/img011039.jpg,6,landscape
img010417.jpg,proj/landscape/img010417.jpg,6,landscape
img011697.jpg,proj/landscape/img011697.jpg,6,landscape
img010797.jpg,proj/landscape/img010797.jpg,6,landscape
img010731.jpg,proj/landscape/img010731.jpg,6,landscape
img010226.jpg,proj/landscape/img010226.jpg,6,landscape
img010529.jpg,proj/landscape/img010529.jpg,6,landscape
img011204.jpg,proj/landscape/img011204.jpg,6,landscape
img011129.jpg,proj/landscape/img011129.jpg,6,landscape
img011448.jpg,proj/landscape/img011448.jpg,6,landscape
img010108.jpg,proj/landscape/img010108.jpg,6,landscape
img010397.jpg,proj/landscape/img010397.jpg,6,landscape
img010862.jpg,proj/landscape/img010862.jpg,6,landscape
img011770.jpg,proj/landscape/img011770.jpg,6,landscape
img010462.jpg,proj/landscape/img010462.jpg,6,landscape
img011174.jpg,proj/landscape/img011174.jpg,6,landscape
img011732.jpg,proj/landscape/img011732.jpg,6,landscape
img010123.jpg,proj/landscape/img010123.jpg,6,landscape
img011125.jpg,proj/landscape/img011125.jpg,6,landscape
img010043.jpg,proj/landscape/img010043.jpg,6,landscape
img010239.jpg,proj/landscape/img010239.jpg,6,landscape
img011766.jpg,proj/landscape/img011766.jpg,6,landscape
img010193.jpg,proj/landscape/img010193.jpg,6,landscape
img010905.jpg,proj/landscape/img010905.jpg,6,landscape
img011897.jpg,proj/landscape/img011897.jpg,6,landscape
img011513.jpg,proj/landscape/img011513.jpg,6,landscape
img010452.jpg,proj/landscape/img010452.jpg,6,landscape
img011173.jpg,proj/landscape/img011173.jpg,6,landscape
img010682.jpg,proj/landscape/img010682.jpg,6,landscape
img010936.jpg,proj/landscape/img010936.jpg,6,landscape
img010594.jpg,proj/landscape/img010594.jpg,6,landscape
img010761.jpg,proj/landscape/img010761.jpg,6,landscape
img010016.jpg,proj/landscape/img010016.jpg,6,landscape
img011069.jpg,proj/landscape/img011069.jpg,6,landscape
img010625.jpg,proj/landscape/img010625.jpg,6,landscape
img010780.jpg,proj/landscape/img010780.jpg,6,landscape
img010131.jpg,proj/landscape/img010131.jpg,6,landscape
img011550.jpg,proj/landscape/img011550.jpg,6,landscape
img011806.jpg,proj/landscape/img011806.jpg,6,landscape
img010314.jpg,proj/landscape/img010314.jpg,6,landscape
img011198.jpg,proj/landscape/img011198.jpg,6,landscape
img011425.jpg,proj/landscape/img011425.jpg,6,landscape
img011682.jpg,proj/landscape/img011682.jpg,6,landscape
img011213.jpg,proj/landscape/img011213.jpg,6,landscape
img011108.jpg,proj/landscape/img011108.jpg,6,landscape
img010627.jpg,proj/landscape/img010627.jpg,6,landscape
img011437.jpg,proj/landscape/img011437.jpg,6,landscape
img010371.jpg,proj/landscape/img010371.jpg,6,landscape
img011396.jpg,proj/landscape/img011396.jpg,6,landscape
img011633.jpg,proj/landscape/img011633.jpg,6,landscape
img011690.jpg,proj/landscape/img011690.jpg,6,landscape
img011635.jpg,proj/landscape/img011635.jpg,6,landscape
img011852.jpg,proj/landscape/img011852.jpg,6,landscape
img011373.jpg,proj/landscape/img011373.jpg,6,landscape
img011555.jpg,proj/landscape/img011555.jpg,6,landscape
img010725.jpg,proj/landscape/img010725.jpg,6,landscape
img011422.jpg,proj/landscape/img011422.jpg,6,landscape
img011823.jpg,proj/landscape/img011823.jpg,6,landscape
img011390.jpg,proj/landscape/img011390.jpg,6,landscape
img011409.jpg,proj/landscape/img011409.jpg,6,landscape
img011345.jpg,proj/landscape/img011345.jpg,6,landscape
img010068.jpg,proj/landscape/img010068.jpg,6,landscape
img010418.jpg,proj/landscape/img010418.jpg,6,landscape
img011012.jpg,proj/landscape/img011012.jpg,6,landscape
img010490.jpg,proj/landscape/img010490.jpg,6,landscape
img011657.jpg,proj/landscape/img011657.jpg,6,landscape
img010438.jpg,proj/landscape/img010438.jpg,6,landscape
img010324.jpg,proj/landscape/img010324.jpg,6,landscape
img011170.jpg,proj/landscape/img011170.jpg,6,landscape
img011961.jpg,proj/landscape/img011961.jpg,6,landscape
img011473.jpg,proj/landscape/img011473.jpg,6,landscape
img010912.jpg,proj/landscape/img010912.jpg,6,landscape
img010632.jpg,proj/landscape/img010632.jpg,6,landscape
img011630.jpg,proj/landscape/img011630.jpg,6,landscape
img010434.jpg,proj/landscape/img010434.jpg,6,landscape
img010645.jpg,proj/landscape/img010645.jpg,6,landscape
img010896.jpg,proj/landscape/img010896.jpg,6,landscape
img010401.jpg,proj/landscape/img010401.jpg,6,landscape
img011441.jpg,proj/landscape/img011441.jpg,6,landscape
img010010.jpg,proj/landscape/img010010.jpg,6,landscape
img010920.jpg,proj/landscape/img010920.jpg,6,landscape
img011356.jpg,proj/landscape/img011356.jpg,6,landscape
img010477.jpg,proj/landscape/img010477.jpg,6,landscape
img010310.jpg,proj/landscape/img010310.jpg,6,landscape
img010247.jpg,proj/landscape/img010247.jpg,6,landscape
img010979.jpg,proj/landscape/img010979.jpg,6,landscape
img010547.jpg,proj/landscape/img010547.jpg,6,landscape
img011239.jpg,proj/landscape/img011239.jpg,6,landscape
img010745.jpg,proj/landscape/img010745.jpg,6,landscape
img011892.jpg,proj/landscape/img011892.jpg,6,landscape
img011839.jpg,proj/landscape/img011839.jpg,6,landscape
img011446.jpg,proj/landscape/img011446.jpg,6,landscape
img010075.jpg,proj/landscape/img010075.jpg,6,landscape
img010567.jpg,proj/landscape/img010567.jpg,6,landscape
img011781.jpg,proj/landscape/img011781.jpg,6,landscape
img011758.jpg,proj/landscape/img011758.jpg,6,landscape
img011652.jpg,proj/landscape/img011652.jpg,6,landscape
img011673.jpg,proj/landscape/img011673.jpg,6,landscape
img010481.jpg,proj/landscape/img010481.jpg,6,landscape
img010830.jpg,proj/landscape/img010830.jpg,6,landscape
img010387.jpg,proj/landscape/img010387.jpg,6,landscape
img010332.jpg,proj/landscape/img010332.jpg,6,landscape
img010435.jpg,proj/landscape/img010435.jpg,6,landscape
img011391.jpg,proj/landscape/img011391.jpg,6,landscape
img011021.jpg,proj/landscape/img011021.jpg,6,landscape
img010278.jpg,proj/landscape/img010278.jpg,6,landscape
img011869.jpg,proj/landscape/img011869.jpg,6,landscape
img011522.jpg,proj/landscape/img011522.jpg,6,landscape
img011076.jpg,proj/landscape/img011076.jpg,6,landscape
img011887.jpg,proj/landscape/img011887.jpg,6,landscape
img010255.jpg,proj/landscape/img010255.jpg,6,landscape
img011135.jpg,proj/landscape/img011135.jpg,6,landscape
img010928.jpg,proj/landscape/img010928.jpg,6,landscape
img011675.jpg,proj/landscape/img011675.jpg,6,landscape
img010605.jpg,proj/landscape/img010605.jpg,6,landscape
img011250.jpg,proj/landscape/img011250.jpg,6,landscape
img010456.jpg,proj/landscape/img010456.jpg,6,landscape
img010191.jpg,proj/landscape/img010191.jpg,6,landscape
img010954.jpg,proj/landscape/img010954.jpg,6,landscape
img011510.jpg,proj/landscape/img011510.jpg,6,landscape
img010055.jpg,proj/landscape/img010055.jpg,6,landscape
img010289.jpg,proj/landscape/img010289.jpg,6,landscape
img011545.jpg,proj/landscape/img011545.jpg,6,landscape
img010187.jpg,proj/landscape/img010187.jpg,6,landscape
img011976.jpg,proj/landscape/img011976.jpg,6,landscape
img011955.jpg,proj/landscape/img011955.jpg,6,landscape
img010316.jpg,proj/landscape/img010316.jpg,6,landscape
img011922.jpg,proj/landscape/img011922.jpg,6,landscape
img011499.jpg,proj/landscape/img011499.jpg,6,landscape
img010156.jpg,proj/landscape/img010156.jpg,6,landscape
img010046.jpg,proj/landscape/img010046.jpg,6,landscape
img010814.jpg,proj/landscape/img010814.jpg,6,landscape
img011872.jpg,proj/landscape/img011872.jpg,6,landscape
img011121.jpg,proj/landscape/img011121.jpg,6,landscape
img010120.jpg,proj/landscape/img010120.jpg,6,landscape
img011349.jpg,proj/landscape/img011349.jpg,6,landscape
img011205.jpg,proj/landscape/img011205.jpg,6,landscape
img010963.jpg,proj/landscape/img010963.jpg,6,landscape
img011310.jpg,proj/landscape/img011310.jpg,6,landscape
img010505.jpg,proj/landscape/img010505.jpg,6,landscape
img010890.jpg,proj/landscape/img010890.jpg,6,landscape
img010502.jpg,proj/landscape/img010502.jpg,6,landscape
img010854.jpg,proj/landscape/img010854.jpg,6,landscape
img010476.jpg,proj/landscape/img010476.jpg,6,landscape
img010135.jpg,proj/landscape/img010135.jpg,6,landscape
img011722.jpg,proj/landscape/img011722.jpg,6,landscape
img011672.jpg,proj/landscape/img011672.jpg,6,landscape
img010424.jpg,proj/landscape/img010424.jpg,6,landscape
img011094.jpg,proj/landscape/img011094.jpg,6,landscape
img011056.jpg,proj/landscape/img011056.jpg,6,landscape
img010274.jpg,proj/landscape/img010274.jpg,6,landscape
img010880.jpg,proj/landscape/img010880.jpg,6,landscape
img011957.jpg,proj/landscape/img011957.jpg,6,landscape
img011150.jpg,proj/landscape/img011150.jpg,6,landscape
img010300.jpg,proj/landscape/img010300.jpg,6,landscape
img011134.jpg,proj/landscape/img011134.jpg,6,landscape
img011455.jpg,proj/landscape/img011455.jpg,6,landscape
img010178.jpg,proj/landscape/img010178.jpg,6,landscape
img010330.jpg,proj/landscape/img010330.jpg,6,landscape
img010109.jpg,proj/landscape/img010109.jpg,6,landscape
img010570.jpg,proj/landscape/img010570.jpg,6,landscape
img010395.jpg,proj/landscape/img010395.jpg,6,landscape
img010171.jpg,proj/landscape/img010171.jpg,6,landscape
img010045.jpg,proj/landscape/img010045.jpg,6,landscape
img010772.jpg,proj/landscape/img010772.jpg,6,landscape
img010142.jpg,proj/landscape/img010142.jpg,6,landscape
img011553.jpg,proj/landscape/img011553.jpg,6,landscape
img011745.jpg,proj/landscape/img011745.jpg,6,landscape
img011695.jpg,proj/landscape/img011695.jpg,6,landscape
img011982.jpg,proj/landscape/img011982.jpg,6,landscape
img010934.jpg,proj/landscape/img010934.jpg,6,landscape
img011368.jpg,proj/landscape/img011368.jpg,6,landscape
img010871.jpg,proj/landscape/img010871.jpg,6,landscape
img011219.jpg,proj/landscape/img011219.jpg,6,landscape
img010786.jpg,proj/landscape/img010786.jpg,6,landscape
img011315.jpg,proj/landscape/img011315.jpg,6,landscape
img010522.jpg,proj/landscape/img010522.jpg,6,landscape
img011215.jpg,proj/landscape/img011215.jpg,6,landscape
img011161.jpg,proj/landscape/img011161.jpg,6,landscape
img010722.jpg,proj/landscape/img010722.jpg,6,landscape
img010857.jpg,proj/landscape/img010857.jpg,6,landscape
img010400.jpg,proj/landscape/img010400.jpg,6,landscape
img011797.jpg,proj/landscape/img011797.jpg,6,landscape
img010023.jpg,proj/landscape/img010023.jpg,6,landscape
img011351.jpg,proj/landscape/img011351.jpg,6,landscape
img011846.jpg,proj/landscape/img011846.jpg,6,landscape
img010555.jpg,proj/landscape/img010555.jpg,6,landscape
img010984.jpg,proj/landscape/img010984.jpg,6,landscape
img010448.jpg,proj/landscape/img010448.jpg,6,landscape
img011144.jpg,proj/landscape/img011144.jpg,6,landscape
img011488.jpg,proj/landscape/img011488.jpg,6,landscape
img010859.jpg,proj/landscape/img010859.jpg,6,landscape
img011378.jpg,proj/landscape/img011378.jpg,6,landscape
img010685.jpg,proj/landscape/img010685.jpg,6,landscape
img010899.jpg,proj/landscape/img010899.jpg,6,landscape
img011302.jpg,proj/landscape/img011302.jpg,6,landscape
img010281.jpg,proj/landscape/img010281.jpg,6,landscape
img010495.jpg,proj/landscape/img010495.jpg,6,landscape
img010125.jpg,proj/landscape/img010125.jpg,6,landscape
img010149.jpg,proj/landscape/img010149.jpg,6,landscape
img011725.jpg,proj/landscape/img011725.jpg,6,landscape
img010733.jpg,proj/landscape/img010733.jpg,6,landscape
img010563.jpg,proj/landscape/img010563.jpg,6,landscape
img011261.jpg,proj/landscape/img011261.jpg,6,landscape
img010077.jpg,proj/landscape/img010077.jpg,6,landscape
img010336.jpg,proj/landscape/img010336.jpg,6,landscape
img011395.jpg,proj/landscape/img011395.jpg,6,landscape
img011883.jpg,proj/landscape/img011883.jpg,6,landscape
img010051.jpg,proj/landscape/img010051.jpg,6,landscape
img010637.jpg,proj/landscape/img010637.jpg,6,landscape
img010618.jpg,proj/landscape/img010618.jpg,6,landscape
img010338.jpg,proj/landscape/img010338.jpg,6,landscape
img011842.jpg,proj/landscape/img011842.jpg,6,landscape
img011065.jpg,proj/landscape/img011065.jpg,6,landscape
img010060.jpg,proj/landscape/img010060.jpg,6,landscape
img011043.jpg,proj/landscape/img011043.jpg,6,landscape
img010211.jpg,proj/landscape/img010211.jpg,6,landscape
img011142.jpg,proj/landscape/img011142.jpg,6,landscape
img011114.jpg,proj/landscape/img011114.jpg,6,landscape
img010015.jpg,proj/landscape/img010015.jpg,6,landscape
img011525.jpg,proj/landscape/img011525.jpg,6,landscape
img011702.jpg,proj/landscape/img011702.jpg,6,landscape
img010826.jpg,proj/landscape/img010826.jpg,6,landscape
img010746.jpg,proj/landscape/img010746.jpg,6,landscape
img010670.jpg,proj/landscape/img010670.jpg,6,landscape
img010216.jpg,proj/landscape/img010216.jpg,6,landscape
img011969.jpg,proj/landscape/img011969.jpg,6,landscape
img010296.jpg,proj/landscape/img010296.jpg,6,landscape
img010112.jpg,proj/landscape/img010112.jpg,6,landscape
img010078.jpg,proj/landscape/img010078.jpg,6,landscape
img011655.jpg,proj/landscape/img011655.jpg,6,landscape
img011656.jpg,proj/landscape/img011656.jpg,6,landscape
img010878.jpg,proj/landscape/img010878.jpg,6,landscape
img010906.jpg,proj/landscape/img010906.jpg,6,landscape
img011908.jpg,proj/landscape/img011908.jpg,6,landscape
img010320.jpg,proj/landscape/img010320.jpg,6,landscape
img011286.jpg,proj/landscape/img011286.jpg,6,landscape
img011333.jpg,proj/landscape/img011333.jpg,6,landscape
img011627.jpg,proj/landscape/img011627.jpg,6,landscape
img011025.jpg,proj/landscape/img011025.jpg,6,landscape
img011815.jpg,proj/landscape/img011815.jpg,6,landscape
img010159.jpg,proj/landscape/img010159.jpg,6,landscape
img010777.jpg,proj/landscape/img010777.jpg,6,landscape
img010852.jpg,proj/landscape/img010852.jpg,6,landscape
img011103.jpg,proj/landscape/img011103.jpg,6,landscape
img010001.jpg,proj/landscape/img010001.jpg,6,landscape
img010711.jpg,proj/landscape/img010711.jpg,6,landscape
img011084.jpg,proj/landscape/img011084.jpg,6,landscape
img011402.jpg,proj/landscape/img011402.jpg,6,landscape
img011417.jpg,proj/landscape/img011417.jpg,6,landscape
img011889.jpg,proj/landscape/img011889.jpg,6,landscape
img010840.jpg,proj/landscape/img010840.jpg,6,landscape
img010355.jpg,proj/landscape/img010355.jpg,6,landscape
img010770.jpg,proj/landscape/img010770.jpg,6,landscape
img011794.jpg,proj/landscape/img011794.jpg,6,landscape
img010200.jpg,proj/landscape/img010200.jpg,6,landscape
img010796.jpg,proj/landscape/img010796.jpg,6,landscape
img011193.jpg,proj/landscape/img011193.jpg,6,landscape
img010779.jpg,proj/landscape/img010779.jpg,6,landscape
img011843.jpg,proj/landscape/img011843.jpg,6,landscape
img010813.jpg,proj/landscape/img010813.jpg,6,landscape
img011516.jpg,proj/landscape/img011516.jpg,6,landscape
img011400.jpg,proj/landscape/img011400.jpg,6,landscape
img011221.jpg,proj/landscape/img011221.jpg,6,landscape
img010930.jpg,proj/landscape/img010930.jpg,6,landscape
img011790.jpg,proj/landscape/img011790.jpg,6,landscape
img010669.jpg,proj/landscape/img010669.jpg,6,landscape
img011217.jpg,proj/landscape/img011217.jpg,6,landscape
img011533.jpg,proj/landscape/img011533.jpg,6,landscape
img010227.jpg,proj/landscape/img010227.jpg,6,landscape
img010576.jpg,proj/landscape/img010576.jpg,6,landscape
img011799.jpg,proj/landscape/img011799.jpg,6,landscape
img011428.jpg,proj/landscape/img011428.jpg,6,landscape
img010519.jpg,proj/landscape/img010519.jpg,6,landscape
img011608.jpg,proj/landscape/img011608.jpg,6,landscape
img011536.jpg,proj/landscape/img011536.jpg,6,landscape
img011054.jpg,proj/landscape/img011054.jpg,6,landscape
img010264.jpg,proj/landscape/img010264.jpg,6,landscape
img010162.jpg,proj/landscape/img010162.jpg,6,landscape
img011674.jpg,proj/landscape/img011674.jpg,6,landscape
img011095.jpg,proj/landscape/img011095.jpg,6,landscape
img011480.jpg,proj/landscape/img011480.jpg,6,landscape
img010432.jpg,proj/landscape/img010432.jpg,6,landscape
img011369.jpg,proj/landscape/img011369.jpg,6,landscape
img011583.jpg,proj/landscape/img011583.jpg,6,landscape
img010056.jpg,proj/landscape/img010056.jpg,6,landscape
img011931.jpg,proj/landscape/img011931.jpg,6,landscape
img010662.jpg,proj/landscape/img010662.jpg,6,landscape
img011088.jpg,proj/landscape/img011088.jpg,6,landscape
img011767.jpg,proj/landscape/img011767.jpg,6,landscape
img011529.jpg,proj/landscape/img011529.jpg,6,landscape
img011216.jpg,proj/landscape/img011216.jpg,6,landscape
img010941.jpg,proj/landscape/img010941.jpg,6,landscape
img011028.jpg,proj/landscape/img011028.jpg,6,landscape
img010431.jpg,proj/landscape/img010431.jpg,6,landscape
img011434.jpg,proj/landscape/img011434.jpg,6,landscape
img010972.jpg,proj/landscape/img010972.jpg,6,landscape
img010958.jpg,proj/landscape/img010958.jpg,6,landscape
img011362.jpg,proj/landscape/img011362.jpg,6,landscape
img011774.jpg,proj/landscape/img011774.jpg,6,landscape
img011275.jpg,proj/landscape/img011275.jpg,6,landscape
img010738.jpg,proj/landscape/img010738.jpg,6,landscape
img011784.jpg,proj/landscape/img011784.jpg,6,landscape
img010574.jpg,proj/landscape/img010574.jpg,6,landscape
img011615.jpg,proj/landscape/img011615.jpg,6,landscape
img010790.jpg,proj/landscape/img010790.jpg,6,landscape
img011795.jpg,proj/landscape/img011795.jpg,6,landscape
img010785.jpg,proj/landscape/img010785.jpg,6,landscape
img011238.jpg,proj/landscape/img011238.jpg,6,landscape
img010243.jpg,proj/landscape/img010243.jpg,6,landscape
img011577.jpg,proj/landscape/img011577.jpg,6,landscape
img011617.jpg,proj/landscape/img011617.jpg,6,landscape
img011932.jpg,proj/landscape/img011932.jpg,6,landscape
img011503.jpg,proj/landscape/img011503.jpg,6,landscape
img011879.jpg,proj/landscape/img011879.jpg,6,landscape
img011641.jpg,proj/landscape/img011641.jpg,6,landscape
img010579.jpg,proj/landscape/img010579.jpg,6,landscape
img011793.jpg,proj/landscape/img011793.jpg,6,landscape
img011535.jpg,proj/landscape/img011535.jpg,6,landscape
img010791.jpg,proj/landscape/img010791.jpg,6,landscape
img011206.jpg,proj/landscape/img011206.jpg,6,landscape
img011031.jpg,proj/landscape/img011031.jpg,6,landscape
img010652.jpg,proj/landscape/img010652.jpg,6,landscape
img010500.jpg,proj/landscape/img010500.jpg,6,landscape
img011401.jpg,proj/landscape/img011401.jpg,6,landscape
img011179.jpg,proj/landscape/img011179.jpg,6,landscape
img010964.jpg,proj/landscape/img010964.jpg,6,landscape
img011540.jpg,proj/landscape/img011540.jpg,6,landscape
img011133.jpg,proj/landscape/img011133.jpg,6,landscape
img011113.jpg,proj/landscape/img011113.jpg,6,landscape
img011308.jpg,proj/landscape/img011308.jpg,6,landscape
img011987.jpg,proj/landscape/img011987.jpg,6,landscape
img011447.jpg,proj/landscape/img011447.jpg,6,landscape
img011405.jpg,proj/landscape/img011405.jpg,6,landscape
img010304.jpg,proj/landscape/img010304.jpg,6,landscape
img011277.jpg,proj/landscape/img011277.jpg,6,landscape
img011110.jpg,proj/landscape/img011110.jpg,6,landscape
img011623.jpg,proj/landscape/img011623.jpg,6,landscape
img011258.jpg,proj/landscape/img011258.jpg,6,landscape
img010246.jpg,proj/landscape/img010246.jpg,6,landscape
img010357.jpg,proj/landscape/img010357.jpg,6,landscape
img010702.jpg,proj/landscape/img010702.jpg,6,landscape
img010266.jpg,proj/landscape/img010266.jpg,6,landscape
img010590.jpg,proj/landscape/img010590.jpg,6,landscape
img011472.jpg,proj/landscape/img011472.jpg,6,landscape
img010225.jpg,proj/landscape/img010225.jpg,6,landscape
img011091.jpg,proj/landscape/img011091.jpg,6,landscape
img011285.jpg,proj/landscape/img011285.jpg,6,landscape
img010598.jpg,proj/landscape/img010598.jpg,6,landscape
img010468.jpg,proj/landscape/img010468.jpg,6,landscape
img010008.jpg,proj/landscape/img010008.jpg,6,landscape
img010116.jpg,proj/landscape/img010116.jpg,6,landscape
img011809.jpg,proj/landscape/img011809.jpg,6,landscape
img011649.jpg,proj/landscape/img011649.jpg,6,landscape
img010599.jpg,proj/landscape/img010599.jpg,6,landscape
img010272.jpg,proj/landscape/img010272.jpg,6,landscape
img011696.jpg,proj/landscape/img011696.jpg,6,landscape
img011003.jpg,proj/landscape/img011003.jpg,6,landscape
img011764.jpg,proj/landscape/img011764.jpg,6,landscape
img011200.jpg,proj/landscape/img011200.jpg,6,landscape
img010865.jpg,proj/landscape/img010865.jpg,6,landscape
img010463.jpg,proj/landscape/img010463.jpg,6,landscape
img010911.jpg,proj/landscape/img010911.jpg,6,landscape
img011354.jpg,proj/landscape/img011354.jpg,6,landscape
img010794.jpg,proj/landscape/img010794.jpg,6,landscape
img010179.jpg,proj/landscape/img010179.jpg,6,landscape
img010186.jpg,proj/landscape/img010186.jpg,6,landscape
img010541.jpg,proj/landscape/img010541.jpg,6,landscape
img011780.jpg,proj/landscape/img011780.jpg,6,landscape
img011856.jpg,proj/landscape/img011856.jpg,6,landscape
img010466.jpg,proj/landscape/img010466.jpg,6,landscape
img011855.jpg,proj/landscape/img011855.jpg,6,landscape
img011997.jpg,proj/landscape/img011997.jpg,6,landscape
img011634.jpg,proj/landscape/img011634.jpg,6,landscape
img010719.jpg,proj/landscape/img010719.jpg,6,landscape
img010577.jpg,proj/landscape/img010577.jpg,6,landscape
img010514.jpg,proj/landscape/img010514.jpg,6,landscape
img010354.jpg,proj/landscape/img010354.jpg,6,landscape
img010427.jpg,proj/landscape/img010427.jpg,6,landscape
img010651.jpg,proj/landscape/img010651.jpg,6,landscape
img011632.jpg,proj/landscape/img011632.jpg,6,landscape
img011269.jpg,proj/landscape/img011269.jpg,6,landscape
img011011.jpg,proj/landscape/img011011.jpg,6,landscape
img010491.jpg,proj/landscape/img010491.jpg,6,landscape
img011875.jpg,proj/landscape/img011875.jpg,6,landscape
img010530.jpg,proj/landscape/img010530.jpg,6,landscape
img010405.jpg,proj/landscape/img010405.jpg,6,landscape
img011383.jpg,proj/landscape/img011383.jpg,6,landscape
img010561.jpg,proj/landscape/img010561.jpg,6,landscape
img011194.jpg,proj/landscape/img011194.jpg,6,landscape
img010318.jpg,proj/landscape/img010318.jpg,6,landscape
img011471.jpg,proj/landscape/img011471.jpg,6,landscape
img010197.jpg,proj/landscape/img010197.jpg,6,landscape
img011337.jpg,proj/landscape/img011337.jpg,6,landscape
img011777.jpg,proj/landscape/img011777.jpg,6,landscape
img010741.jpg,proj/landscape/img010741.jpg,6,landscape
img011606.jpg,proj/landscape/img011606.jpg,6,landscape
img011609.jpg,proj/landscape/img011609.jpg,6,landscape
img010615.jpg,proj/landscape/img010615.jpg,6,landscape
img011171.jpg,proj/landscape/img011171.jpg,6,landscape
img011389.jpg,proj/landscape/img011389.jpg,6,landscape
img010115.jpg,proj/landscape/img010115.jpg,6,landscape
img010408.jpg,proj/landscape/img010408.jpg,6,landscape
img011355.jpg,proj/landscape/img011355.jpg,6,landscape
img010879.jpg,proj/landscape/img010879.jpg,6,landscape
img010656.jpg,proj/landscape/img010656.jpg,6,landscape
img010138.jpg,proj/landscape/img010138.jpg,6,landscape
img011626.jpg,proj/landscape/img011626.jpg,6,landscape
img011874.jpg,proj/landscape/img011874.jpg,6,landscape
img011812.jpg,proj/landscape/img011812.jpg,6,landscape
img010571.jpg,proj/landscape/img010571.jpg,6,landscape
img011742.jpg,proj/landscape/img011742.jpg,6,landscape
img010853.jpg,proj/landscape/img010853.jpg,6,landscape
img010970.jpg,proj/landscape/img010970.jpg,6,landscape
img011388.jpg,proj/landscape/img011388.jpg,6,landscape
img011920.jpg,proj/landscape/img011920.jpg,6,landscape
img011763.jpg,proj/landscape/img011763.jpg,6,landscape
img011360.jpg,proj/landscape/img011360.jpg,6,landscape
img011020.jpg,proj/landscape/img011020.jpg,6,landscape
img011147.jpg,proj/landscape/img011147.jpg,6,landscape
img011323.jpg,proj/landscape/img011323.jpg,6,landscape
img010105.jpg,proj/landscape/img010105.jpg,6,landscape
img011375.jpg,proj/landscape/img011375.jpg,6,landscape
img011576.jpg,proj/landscape/img011576.jpg,6,landscape
img010740.jpg,proj/landscape/img010740.jpg,6,landscape
img010238.jpg,proj/landscape/img010238.jpg,6,landscape
img011183.jpg,proj/landscape/img011183.jpg,6,landscape
img010822.jpg,proj/landscape/img010822.jpg,6,landscape
img011680.jpg,proj/landscape/img011680.jpg,6,landscape
img010767.jpg,proj/landscape/img010767.jpg,6,landscape
img010606.jpg,proj/landscape/img010606.jpg,6,landscape
img010566.jpg,proj/landscape/img010566.jpg,6,landscape
img011268.jpg,proj/landscape/img011268.jpg,6,landscape
img011970.jpg,proj/landscape/img011970.jpg,6,landscape
img011359.jpg,proj/landscape/img011359.jpg,6,landscape
img010205.jpg,proj/landscape/img010205.jpg,6,landscape
img010557.jpg,proj/landscape/img010557.jpg,6,landscape
img011128.jpg,proj/landscape/img011128.jpg,6,landscape
img011765.jpg,proj/landscape/img011765.jpg,6,landscape
img011611.jpg,proj/landscape/img011611.jpg,6,landscape
img010832.jpg,proj/landscape/img010832.jpg,6,landscape
img010118.jpg,proj/landscape/img010118.jpg,6,landscape
img011983.jpg,proj/landscape/img011983.jpg,6,landscape
img011468.jpg,proj/landscape/img011468.jpg,6,landscape
img010850.jpg,proj/landscape/img010850.jpg,6,landscape
img011256.jpg,proj/landscape/img011256.jpg,6,landscape
img011326.jpg,proj/landscape/img011326.jpg,6,landscape
img011692.jpg,proj/landscape/img011692.jpg,6,landscape
img010983.jpg,proj/landscape/img010983.jpg,6,landscape
img011363.jpg,proj/landscape/img011363.jpg,6,landscape
img011070.jpg,proj/landscape/img011070.jpg,6,landscape
img010233.jpg,proj/landscape/img010233.jpg,6,landscape
img011212.jpg,proj/landscape/img011212.jpg,6,landscape
img010768.jpg,proj/landscape/img010768.jpg,6,landscape
img011232.jpg,proj/landscape/img011232.jpg,6,landscape
img010473.jpg,proj/landscape/img010473.jpg,6,landscape
img011331.jpg,proj/landscape/img011331.jpg,6,landscape
img010781.jpg,proj/landscape/img010781.jpg,6,landscape
img010617.jpg,proj/landscape/img010617.jpg,6,landscape
img011888.jpg,proj/landscape/img011888.jpg,6,landscape
img010759.jpg,proj/landscape/img010759.jpg,6,landscape
img010782.jpg,proj/landscape/img010782.jpg,6,landscape
img011370.jpg,proj/landscape/img011370.jpg,6,landscape
img010212.jpg,proj/landscape/img010212.jpg,6,landscape
img011300.jpg,proj/landscape/img011300.jpg,6,landscape
img011861.jpg,proj/landscape/img011861.jpg,6,landscape
img011712.jpg,proj/landscape/img011712.jpg,6,landscape
img010981.jpg,proj/landscape/img010981.jpg,6,landscape
img010380.jpg,proj/landscape/img010380.jpg,6,landscape
img011266.jpg,proj/landscape/img011266.jpg,6,landscape
img011539.jpg,proj/landscape/img011539.jpg,6,landscape
img010510.jpg,proj/landscape/img010510.jpg,6,landscape
img010030.jpg,proj/landscape/img010030.jpg,6,landscape
img010949.jpg,proj/landscape/img010949.jpg,6,landscape
img010960.jpg,proj/landscape/img010960.jpg,6,landscape
img011287.jpg,proj/landscape/img011287.jpg,6,landscape
img011647.jpg,proj/landscape/img011647.jpg,6,landscape
img010067.jpg,proj/landscape/img010067.jpg,6,landscape
img010763.jpg,proj/landscape/img010763.jpg,6,landscape
img011307.jpg,proj/landscape/img011307.jpg,6,landscape
img010451.jpg,proj/landscape/img010451.jpg,6,landscape
img010661.jpg,proj/landscape/img010661.jpg,6,landscape
img011810.jpg,proj/landscape/img011810.jpg,6,landscape
img010333.jpg,proj/landscape/img010333.jpg,6,landscape
img010628.jpg,proj/landscape/img010628.jpg,6,landscape
img010388.jpg,proj/landscape/img010388.jpg,6,landscape
img010402.jpg,proj/landscape/img010402.jpg,6,landscape
img010686.jpg,proj/landscape/img010686.jpg,6,landscape
img010951.jpg,proj/landscape/img010951.jpg,6,landscape
img011574.jpg,proj/landscape/img011574.jpg,6,landscape
img010309.jpg,proj/landscape/img010309.jpg,6,landscape
img010769.jpg,proj/landscape/img010769.jpg,6,landscape
img011342.jpg,proj/landscape/img011342.jpg,6,landscape
img011642.jpg,proj/landscape/img011642.jpg,6,landscape
img010134.jpg,proj/landscape/img010134.jpg,6,landscape
img011481.jpg,proj/landscape/img011481.jpg,6,landscape
img011298.jpg,proj/landscape/img011298.jpg,6,landscape
img010533.jpg,proj/landscape/img010533.jpg,6,landscape
img011791.jpg,proj/landscape/img011791.jpg,6,landscape
img010167.jpg,proj/landscape/img010167.jpg,6,landscape
img011591.jpg,proj/landscape/img011591.jpg,6,landscape
img011162.jpg,proj/landscape/img011162.jpg,6,landscape
img011919.jpg,proj/landscape/img011919.jpg,6,landscape
img010165.jpg,proj/landscape/img010165.jpg,6,landscape
img011185.jpg,proj/landscape/img011185.jpg,6,landscape
img010052.jpg,proj/landscape/img010052.jpg,6,landscape
img010070.jpg,proj/landscape/img010070.jpg,6,landscape
img011650.jpg,proj/landscape/img011650.jpg,6,landscape
img010760.jpg,proj/landscape/img010760.jpg,6,landscape
img010578.jpg,proj/landscape/img010578.jpg,6,landscape
img010933.jpg,proj/landscape/img010933.jpg,6,landscape
img011497.jpg,proj/landscape/img011497.jpg,6,landscape
img010918.jpg,proj/landscape/img010918.jpg,6,landscape
img010407.jpg,proj/landscape/img010407.jpg,6,landscape
img011236.jpg,proj/landscape/img011236.jpg,6,landscape
img011720.jpg,proj/landscape/img011720.jpg,6,landscape
img011587.jpg,proj/landscape/img011587.jpg,6,landscape
img010331.jpg,proj/landscape/img010331.jpg,6,landscape
img011463.jpg,proj/landscape/img011463.jpg,6,landscape
img010259.jpg,proj/landscape/img010259.jpg,6,landscape
img010922.jpg,proj/landscape/img010922.jpg,6,landscape
img010978.jpg,proj/landscape/img010978.jpg,6,landscape
img011947.jpg,proj/landscape/img011947.jpg,6,landscape
img011788.jpg,proj/landscape/img011788.jpg,6,landscape
img010141.jpg,proj/landscape/img010141.jpg,6,landscape
img011569.jpg,proj/landscape/img011569.jpg,6,landscape
img011820.jpg,proj/landscape/img011820.jpg,6,landscape
img010312.jpg,proj/landscape/img010312.jpg,6,landscape
img010497.jpg,proj/landscape/img010497.jpg,6,landscape
img011761.jpg,proj/landscape/img011761.jpg,6,landscape
img010773.jpg,proj/landscape/img010773.jpg,6,landscape
img011115.jpg,proj/landscape/img011115.jpg,6,landscape
img010048.jpg,proj/landscape/img010048.jpg,6,landscape
img011715.jpg,proj/landscape/img011715.jpg,6,landscape
img011406.jpg,proj/landscape/img011406.jpg,6,landscape
img010183.jpg,proj/landscape/img010183.jpg,6,landscape
img010698.jpg,proj/landscape/img010698.jpg,6,landscape
img010866.jpg,proj/landscape/img010866.jpg,6,landscape
img011668.jpg,proj/landscape/img011668.jpg,6,landscape
img010374.jpg,proj/landscape/img010374.jpg,6,landscape
img011648.jpg,proj/landscape/img011648.jpg,6,landscape
img010317.jpg,proj/landscape/img010317.jpg,6,landscape
img010752.jpg,proj/landscape/img010752.jpg,6,landscape
img010428.jpg,proj/landscape/img010428.jpg,6,landscape
img010000.jpg,proj/landscape/img010000.jpg,6,landscape
img010433.jpg,proj/landscape/img010433.jpg,6,landscape
img011190.jpg,proj/landscape/img011190.jpg,6,landscape
img010774.jpg,proj/landscape/img010774.jpg,6,landscape
img010286.jpg,proj/landscape/img010286.jpg,6,landscape
img010674.jpg,proj/landscape/img010674.jpg,6,landscape
img010103.jpg,proj/landscape/img010103.jpg,6,landscape
img010889.jpg,proj/landscape/img010889.jpg,6,landscape
img010450.jpg,proj/landscape/img010450.jpg,6,landscape
img011582.jpg,proj/landscape/img011582.jpg,6,landscape
img010882.jpg,proj/landscape/img010882.jpg,6,landscape
img010583.jpg,proj/landscape/img010583.jpg,6,landscape
img011119.jpg,proj/landscape/img011119.jpg,6,landscape
img011062.jpg,proj/landscape/img011062.jpg,6,landscape
img011905.jpg,proj/landscape/img011905.jpg,6,landscape
img011077.jpg,proj/landscape/img011077.jpg,6,landscape
img011562.jpg,proj/landscape/img011562.jpg,6,landscape
img010821.jpg,proj/landscape/img010821.jpg,6,landscape
img010597.jpg,proj/landscape/img010597.jpg,6,landscape
img010062.jpg,proj/landscape/img010062.jpg,6,landscape
img010279.jpg,proj/landscape/img010279.jpg,6,landscape
img011613.jpg,proj/landscape/img011613.jpg,6,landscape
img011717.jpg,proj/landscape/img011717.jpg,6,landscape
img011146.jpg,proj/landscape/img011146.jpg,6,landscape
img011614.jpg,proj/landscape/img011614.jpg,6,landscape
img010394.jpg,proj/landscape/img010394.jpg,6,landscape
img011057.jpg,proj/landscape/img011057.jpg,6,landscape
img010328.jpg,proj/landscape/img010328.jpg,6,landscape
img011663.jpg,proj/landscape/img011663.jpg,6,landscape
img011387.jpg,proj/landscape/img011387.jpg,6,landscape
img010248.jpg,proj/landscape/img010248.jpg,6,landscape
img011803.jpg,proj/landscape/img011803.jpg,6,landscape
img011530.jpg,proj/landscape/img011530.jpg,6,landscape
img011249.jpg,proj/landscape/img011249.jpg,6,landscape
img011433.jpg,proj/landscape/img011433.jpg,6,landscape
img011099.jpg,proj/landscape/img011099.jpg,6,landscape
img011123.jpg,proj/landscape/img011123.jpg,6,landscape
img011747.jpg,proj/landscape/img011747.jpg,6,landscape
img010506.jpg,proj/landscape/img010506.jpg,6,landscape
img011929.jpg,proj/landscape/img011929.jpg,6,landscape
img011436.jpg,proj/landscape/img011436.jpg,6,landscape
img010775.jpg,proj/landscape/img010775.jpg,6,landscape
img010635.jpg,proj/landscape/img010635.jpg,6,landscape
img011568.jpg,proj/landscape/img011568.jpg,6,landscape
img011691.jpg,proj/landscape/img011691.jpg,6,landscape
img010524.jpg,proj/landscape/img010524.jpg,6,landscape
img011512.jpg,proj/landscape/img011512.jpg,6,landscape
img010345.jpg,proj/landscape/img010345.jpg,6,landscape
img010642.jpg,proj/landscape/img010642.jpg,6,landscape
img010240.jpg,proj/landscape/img010240.jpg,6,landscape
img010980.jpg,proj/landscape/img010980.jpg,6,landscape
img011884.jpg,proj/landscape/img011884.jpg,6,landscape
img010901.jpg,proj/landscape/img010901.jpg,6,landscape
img011776.jpg,proj/landscape/img011776.jpg,6,landscape
img011693.jpg,proj/landscape/img011693.jpg,6,landscape
img011660.jpg,proj/landscape/img011660.jpg,6,landscape
img010022.jpg,proj/landscape/img010022.jpg,6,landscape
img011226.jpg,proj/landscape/img011226.jpg,6,landscape
img011581.jpg,proj/landscape/img011581.jpg,6,landscape
img010034.jpg,proj/landscape/img010034.jpg,6,landscape
img011507.jpg,proj/landscape/img011507.jpg,6,landscape
img010361.jpg,proj/landscape/img010361.jpg,6,landscape
img011515.jpg,proj/landscape/img011515.jpg,6,landscape
img010706.jpg,proj/landscape/img010706.jpg,6,landscape
img010564.jpg,proj/landscape/img010564.jpg,6,landscape
img010192.jpg,proj/landscape/img010192.jpg,6,landscape
img011991.jpg,proj/landscape/img011991.jpg,6,landscape
img010153.jpg,proj/landscape/img010153.jpg,6,landscape
img011868.jpg,proj/landscape/img011868.jpg,6,landscape
img011756.jpg,proj/landscape/img011756.jpg,6,landscape
img011087.jpg,proj/landscape/img011087.jpg,6,landscape
img011704.jpg,proj/landscape/img011704.jpg,6,landscape
img010860.jpg,proj/landscape/img010860.jpg,6,landscape
img010953.jpg,proj/landscape/img010953.jpg,6,landscape
img011367.jpg,proj/landscape/img011367.jpg,6,landscape
img010668.jpg,proj/landscape/img010668.jpg,6,landscape
img011489.jpg,proj/landscape/img011489.jpg,6,landscape
img010177.jpg,proj/landscape/img010177.jpg,6,landscape
img011531.jpg,proj/landscape/img011531.jpg,6,landscape
img011321.jpg,proj/landscape/img011321.jpg,6,landscape
img011645.jpg,proj/landscape/img011645.jpg,6,landscape
img011353.jpg,proj/landscape/img011353.jpg,6,landscape
img011357.jpg,proj/landscape/img011357.jpg,6,landscape
img010573.jpg,proj/landscape/img010573.jpg,6,landscape
img010523.jpg,proj/landscape/img010523.jpg,6,landscape
img010974.jpg,proj/landscape/img010974.jpg,6,landscape
img010703.jpg,proj/landscape/img010703.jpg,6,landscape
img010202.jpg,proj/landscape/img010202.jpg,6,landscape
img011225.jpg,proj/landscape/img011225.jpg,6,landscape
img010696.jpg,proj/landscape/img010696.jpg,6,landscape
img010565.jpg,proj/landscape/img010565.jpg,6,landscape
img011951.jpg,proj/landscape/img011951.jpg,6,landscape
img011834.jpg,proj/landscape/img011834.jpg,6,landscape
img011602.jpg,proj/landscape/img011602.jpg,6,landscape
img010486.jpg,proj/landscape/img010486.jpg,6,landscape
img011035.jpg,proj/landscape/img011035.jpg,6,landscape
img011826.jpg,proj/landscape/img011826.jpg,6,landscape
img011945.jpg,proj/landscape/img011945.jpg,6,landscape
img011109.jpg,proj/landscape/img011109.jpg,6,landscape
img010965.jpg,proj/landscape/img010965.jpg,6,landscape
img011058.jpg,proj/landscape/img011058.jpg,6,landscape
img010671.jpg,proj/landscape/img010671.jpg,6,landscape
img011595.jpg,proj/landscape/img011595.jpg,6,landscape
img010222.jpg,proj/landscape/img010222.jpg,6,landscape
img011292.jpg,proj/landscape/img011292.jpg,6,landscape
img011727.jpg,proj/landscape/img011727.jpg,6,landscape
img010729.jpg,proj/landscape/img010729.jpg,6,landscape
img010368.jpg,proj/landscape/img010368.jpg,6,landscape
img010323.jpg,proj/landscape/img010323.jpg,6,landscape
img011594.jpg,proj/landscape/img011594.jpg,6,landscape
img010908.jpg,proj/landscape/img010908.jpg,6,landscape
img011619.jpg,proj/landscape/img011619.jpg,6,landscape
img010595.jpg,proj/landscape/img010595.jpg,6,landscape
img010834.jpg,proj/landscape/img010834.jpg,6,landscape
img010909.jpg,proj/landscape/img010909.jpg,6,landscape
img011366.jpg,proj/landscape/img011366.jpg,6,landscape
img011966.jpg,proj/landscape/img011966.jpg,6,landscape
img011092.jpg,proj/landscape/img011092.jpg,6,landscape
img010846.jpg,proj/landscape/img010846.jpg,6,landscape
img010144.jpg,proj/landscape/img010144.jpg,6,landscape
img010017.jpg,proj/landscape/img010017.jpg,6,landscape
img011524.jpg,proj/landscape/img011524.jpg,6,landscape
img011590.jpg,proj/landscape/img011590.jpg,6,landscape
img011651.jpg,proj/landscape/img011651.jpg,6,landscape
img010166.jpg,proj/landscape/img010166.jpg,6,landscape
img011644.jpg,proj/landscape/img011644.jpg,6,landscape
img010559.jpg,proj/landscape/img010559.jpg,6,landscape
img011068.jpg,proj/landscape/img011068.jpg,6,landscape
img010653.jpg,proj/landscape/img010653.jpg,6,landscape
img010089.jpg,proj/landscape/img010089.jpg,6,landscape
img010258.jpg,proj/landscape/img010258.jpg,6,landscape
img010326.jpg,proj/landscape/img010326.jpg,6,landscape
img011329.jpg,proj/landscape/img011329.jpg,6,landscape
img011440.jpg,proj/landscape/img011440.jpg,6,landscape
img010649.jpg,proj/landscape/img010649.jpg,6,landscape
img011492.jpg,proj/landscape/img011492.jpg,6,landscape
img011419.jpg,proj/landscape/img011419.jpg,6,landscape
img011322.jpg,proj/landscape/img011322.jpg,6,landscape
img011838.jpg,proj/landscape/img011838.jpg,6,landscape
img011618.jpg,proj/landscape/img011618.jpg,6,landscape
img011679.jpg,proj/landscape/img011679.jpg,6,landscape
img010472.jpg,proj/landscape/img010472.jpg,6,landscape
img010944.jpg,proj/landscape/img010944.jpg,6,landscape
img010982.jpg,proj/landscape/img010982.jpg,6,landscape
img010600.jpg,proj/landscape/img010600.jpg,6,landscape
img010282.jpg,proj/landscape/img010282.jpg,6,landscape
img010787.jpg,proj/landscape/img010787.jpg,6,landscape
img010391.jpg,proj/landscape/img010391.jpg,6,landscape
img011427.jpg,proj/landscape/img011427.jpg,6,landscape
img010241.jpg,proj/landscape/img010241.jpg,6,landscape
img010280.jpg,proj/landscape/img010280.jpg,6,landscape
img010776.jpg,proj/landscape/img010776.jpg,6,landscape
img011393.jpg,proj/landscape/img011393.jpg,6,landscape
img011156.jpg,proj/landscape/img011156.jpg,6,landscape
img011074.jpg,proj/landscape/img011074.jpg,6,landscape
img011724.jpg,proj/landscape/img011724.jpg,6,landscape
img011526.jpg,proj/landscape/img011526.jpg,6,landscape
img011197.jpg,proj/landscape/img011197.jpg,6,landscape
img011570.jpg,proj/landscape/img011570.jpg,6,landscape
img010471.jpg,proj/landscape/img010471.jpg,6,landscape
img011787.jpg,proj/landscape/img011787.jpg,6,landscape
img010157.jpg,proj/landscape/img010157.jpg,6,landscape
img010942.jpg,proj/landscape/img010942.jpg,6,landscape
img011188.jpg,proj/landscape/img011188.jpg,6,landscape
img010047.jpg,proj/landscape/img010047.jpg,6,landscape
img011504.jpg,proj/landscape/img011504.jpg,6,landscape
img011729.jpg,proj/landscape/img011729.jpg,6,landscape
img011578.jpg,proj/landscape/img011578.jpg,6,landscape
img010585.jpg,proj/landscape/img010585.jpg,6,landscape
img010386.jpg,proj/landscape/img010386.jpg,6,landscape
img011685.jpg,proj/landscape/img011685.jpg,6,landscape
img010644.jpg,proj/landscape/img010644.jpg,6,landscape
img010215.jpg,proj/landscape/img010215.jpg,6,landscape
img010515.jpg,proj/landscape/img010515.jpg,6,landscape
img010277.jpg,proj/landscape/img010277.jpg,6,landscape
img011580.jpg,proj/landscape/img011580.jpg,6,landscape
img010283.jpg,proj/landscape/img010283.jpg,6,landscape
img010188.jpg,proj/landscape/img010188.jpg,6,landscape
img010744.jpg,proj/landscape/img010744.jpg,6,landscape
img010140.jpg,proj/landscape/img010140.jpg,6,landscape
img010076.jpg,proj/landscape/img010076.jpg,6,landscape
img011029.jpg,proj/landscape/img011029.jpg,6,landscape
img011885.jpg,proj/landscape/img011885.jpg,6,landscape
img010325.jpg,proj/landscape/img010325.jpg,6,landscape
img010071.jpg,proj/landscape/img010071.jpg,6,landscape
img010939.jpg,proj/landscape/img010939.jpg,6,landscape
img011546.jpg,proj/landscape/img011546.jpg,6,landscape
img011410.jpg,proj/landscape/img011410.jpg,6,landscape
img010298.jpg,proj/landscape/img010298.jpg,6,landscape
img011894.jpg,proj/landscape/img011894.jpg,6,landscape
img010464.jpg,proj/landscape/img010464.jpg,6,landscape
img011086.jpg,proj/landscape/img011086.jpg,6,landscape
img011819.jpg,proj/landscape/img011819.jpg,6,landscape
img011191.jpg,proj/landscape/img011191.jpg,6,landscape
img011629.jpg,proj/landscape/img011629.jpg,6,landscape
img011253.jpg,proj/landscape/img011253.jpg,6,landscape
img010229.jpg,proj/landscape/img010229.jpg,6,landscape
img011511.jpg,proj/landscape/img011511.jpg,6,landscape
img011403.jpg,proj/landscape/img011403.jpg,6,landscape
img011687.jpg,proj/landscape/img011687.jpg,6,landscape
img010050.jpg,proj/landscape/img010050.jpg,6,landscape
img010365.jpg,proj/landscape/img010365.jpg,6,landscape
img011601.jpg,proj/landscape/img011601.jpg,6,landscape
img010210.jpg,proj/landscape/img010210.jpg,6,landscape
img010446.jpg,proj/landscape/img010446.jpg,6,landscape
img011452.jpg,proj/landscape/img011452.jpg,6,landscape
img010217.jpg,proj/landscape/img010217.jpg,6,landscape
img010098.jpg,proj/landscape/img010098.jpg,6,landscape
img010693.jpg,proj/landscape/img010693.jpg,6,landscape
img011415.jpg,proj/landscape/img011415.jpg,6,landscape
img011837.jpg,proj/landscape/img011837.jpg,6,landscape
img011180.jpg,proj/landscape/img011180.jpg,6,landscape
img011494.jpg,proj/landscape/img011494.jpg,6,landscape
img011639.jpg,proj/landscape/img011639.jpg,6,landscape
img011818.jpg,proj/landscape/img011818.jpg,6,landscape
img011060.jpg,proj/landscape/img011060.jpg,6,landscape
img011078.jpg,proj/landscape/img011078.jpg,6,landscape
img010429.jpg,proj/landscape/img010429.jpg,6,landscape
img010484.jpg,proj/landscape/img010484.jpg,6,landscape
img011140.jpg,proj/landscape/img011140.jpg,6,landscape
img010713.jpg,proj/landscape/img010713.jpg,6,landscape
img010163.jpg,proj/landscape/img010163.jpg,6,landscape
img010718.jpg,proj/landscape/img010718.jpg,6,landscape
img011831.jpg,proj/landscape/img011831.jpg,6,landscape
img011918.jpg,proj/landscape/img011918.jpg,6,landscape
img011372.jpg,proj/landscape/img011372.jpg,6,landscape
img010294.jpg,proj/landscape/img010294.jpg,6,landscape
img011744.jpg,proj/landscape/img011744.jpg,6,landscape
img011532.jpg,proj/landscape/img011532.jpg,6,landscape
img011160.jpg,proj/landscape/img011160.jpg,6,landscape
img010945.jpg,proj/landscape/img010945.jpg,6,landscape
img011773.jpg,proj/landscape/img011773.jpg,6,landscape
img010603.jpg,proj/landscape/img010603.jpg,6,landscape
img011449.jpg,proj/landscape/img011449.jpg,6,landscape
img010341.jpg,proj/landscape/img010341.jpg,6,landscape
img011318.jpg,proj/landscape/img011318.jpg,6,landscape
img010657.jpg,proj/landscape/img010657.jpg,6,landscape
img010549.jpg,proj/landscape/img010549.jpg,6,landscape
img011293.jpg,proj/landscape/img011293.jpg,6,landscape
img010444.jpg,proj/landscape/img010444.jpg,6,landscape
img011658.jpg,proj/landscape/img011658.jpg,6,landscape
img011598.jpg,proj/landscape/img011598.jpg,6,landscape
img011313.jpg,proj/landscape/img011313.jpg,6,landscape
img011762.jpg,proj/landscape/img011762.jpg,6,landscape
img010596.jpg,proj/landscape/img010596.jpg,6,landscape
img010622.jpg,proj/landscape/img010622.jpg,6,landscape
img011263.jpg,proj/landscape/img011263.jpg,6,landscape
img010137.jpg,proj/landscape/img010137.jpg,6,landscape
img011971.jpg,proj/landscape/img011971.jpg,6,landscape
img010788.jpg,proj/landscape/img010788.jpg,6,landscape
img010121.jpg,proj/landscape/img010121.jpg,6,landscape
img011584.jpg,proj/landscape/img011584.jpg,6,landscape
img011178.jpg,proj/landscape/img011178.jpg,6,landscape
img011708.jpg,proj/landscape/img011708.jpg,6,landscape
img010013.jpg,proj/landscape/img010013.jpg,6,landscape
img010991.jpg,proj/landscape/img010991.jpg,6,landscape
img011255.jpg,proj/landscape/img011255.jpg,6,landscape
img010612.jpg,proj/landscape/img010612.jpg,6,landscape
img011825.jpg,proj/landscape/img011825.jpg,6,landscape
img010886.jpg,proj/landscape/img010886.jpg,6,landscape
img010057.jpg,proj/landscape/img010057.jpg,6,landscape
img010654.jpg,proj/landscape/img010654.jpg,6,landscape
img010538.jpg,proj/landscape/img010538.jpg,6,landscape
img011573.jpg,proj/landscape/img011573.jpg,6,landscape
img010967.jpg,proj/landscape/img010967.jpg,6,landscape
img011327.jpg,proj/landscape/img011327.jpg,6,landscape
img011980.jpg,proj/landscape/img011980.jpg,6,landscape
img011385.jpg,proj/landscape/img011385.jpg,6,landscape
img011465.jpg,proj/landscape/img011465.jpg,6,landscape
img011085.jpg,proj/landscape/img011085.jpg,6,landscape
img011731.jpg,proj/landscape/img011731.jpg,6,landscape
img011404.jpg,proj/landscape/img011404.jpg,6,landscape
img010485.jpg,proj/landscape/img010485.jpg,6,landscape
img011501.jpg,proj/landscape/img011501.jpg,6,landscape
img011986.jpg,proj/landscape/img011986.jpg,6,landscape
img010271.jpg,proj/landscape/img010271.jpg,6,landscape
img011148.jpg,proj/landscape/img011148.jpg,6,landscape
img010261.jpg,proj/landscape/img010261.jpg,6,landscape
img011981.jpg,proj/landscape/img011981.jpg,6,landscape
img011248.jpg,proj/landscape/img011248.jpg,6,landscape
img011158.jpg,proj/landscape/img011158.jpg,6,landscape
img011557.jpg,proj/landscape/img011557.jpg,6,landscape
img010054.jpg,proj/landscape/img010054.jpg,6,landscape
img011411.jpg,proj/landscape/img011411.jpg,6,landscape
img010516.jpg,proj/landscape/img010516.jpg,6,landscape
img010263.jpg,proj/landscape/img010263.jpg,6,landscape
img010442.jpg,proj/landscape/img010442.jpg,6,landscape
img010367.jpg,proj/landscape/img010367.jpg,6,landscape
img011352.jpg,proj/landscape/img011352.jpg,6,landscape
img011962.jpg,proj/landscape/img011962.jpg,6,landscape
img010959.jpg,proj/landscape/img010959.jpg,6,landscape
img011554.jpg,proj/landscape/img011554.jpg,6,landscape
img011279.jpg,proj/landscape/img011279.jpg,6,landscape
img010705.jpg,proj/landscape/img010705.jpg,6,landscape
img011814.jpg,proj/landscape/img011814.jpg,6,landscape
img011262.jpg,proj/landscape/img011262.jpg,6,landscape
img011735.jpg,proj/landscape/img011735.jpg,6,landscape
img010384.jpg,proj/landscape/img010384.jpg,6,landscape
img011102.jpg,proj/landscape/img011102.jpg,6,landscape
img010154.jpg,proj/landscape/img010154.jpg,6,landscape
img011916.jpg,proj/landscape/img011916.jpg,6,landscape
img011859.jpg,proj/landscape/img011859.jpg,6,landscape
img011659.jpg,proj/landscape/img011659.jpg,6,landscape
img010580.jpg,proj/landscape/img010580.jpg,6,landscape
img010985.jpg,proj/landscape/img010985.jpg,6,landscape
img011439.jpg,proj/landscape/img011439.jpg,6,landscape
img010736.jpg,proj/landscape/img010736.jpg,6,landscape
img011716.jpg,proj/landscape/img011716.jpg,6,landscape
img010925.jpg,proj/landscape/img010925.jpg,6,landscape
img010697.jpg,proj/landscape/img010697.jpg,6,landscape
img011145.jpg,proj/landscape/img011145.jpg,6,landscape
img010689.jpg,proj/landscape/img010689.jpg,6,landscape
img011274.jpg,proj/landscape/img011274.jpg,6,landscape
img011165.jpg,proj/landscape/img011165.jpg,6,landscape
img010081.jpg,proj/landscape/img010081.jpg,6,landscape
img010072.jpg,proj/landscape/img010072.jpg,6,landscape
img010996.jpg,proj/landscape/img010996.jpg,6,landscape
img011270.jpg,proj/landscape/img011270.jpg,6,landscape
img011870.jpg,proj/landscape/img011870.jpg,6,landscape
img011332.jpg,proj/landscape/img011332.jpg,6,landscape
img011841.jpg,proj/landscape/img011841.jpg,6,landscape
img011900.jpg,proj/landscape/img011900.jpg,6,landscape
img011993.jpg,proj/landscape/img011993.jpg,6,landscape
img011935.jpg,proj/landscape/img011935.jpg,6,landscape
img010891.jpg,proj/landscape/img010891.jpg,6,landscape
img011994.jpg,proj/landscape/img011994.jpg,6,landscape
img011444.jpg,proj/landscape/img011444.jpg,6,landscape
img010961.jpg,proj/landscape/img010961.jpg,6,landscape
img010778.jpg,proj/landscape/img010778.jpg,6,landscape
img010127.jpg,proj/landscape/img010127.jpg,6,landscape
img010009.jpg,proj/landscape/img010009.jpg,6,landscape
img011858.jpg,proj/landscape/img011858.jpg,6,landscape
img011698.jpg,proj/landscape/img011698.jpg,6,landscape
img010800.jpg,proj/landscape/img010800.jpg,6,landscape
img011707.jpg,proj/landscape/img011707.jpg,6,landscape
img010479.jpg,proj/landscape/img010479.jpg,6,landscape
img010092.jpg,proj/landscape/img010092.jpg,6,landscape
img010915.jpg,proj/landscape/img010915.jpg,6,landscape
img011018.jpg,proj/landscape/img011018.jpg,6,landscape
img011972.jpg,proj/landscape/img011972.jpg,6,landscape
img010593.jpg,proj/landscape/img010593.jpg,6,landscape
img010893.jpg,proj/landscape/img010893.jpg,6,landscape
img010209.jpg,proj/landscape/img010209.jpg,6,landscape
img011090.jpg,proj/landscape/img011090.jpg,6,landscape
img011435.jpg,proj/landscape/img011435.jpg,6,landscape
img010039.jpg,proj/landscape/img010039.jpg,6,landscape
img010447.jpg,proj/landscape/img010447.jpg,6,landscape
img011071.jpg,proj/landscape/img011071.jpg,6,landscape
img010721.jpg,proj/landscape/img010721.jpg,6,landscape
img010824.jpg,proj/landscape/img010824.jpg,6,landscape
img010589.jpg,proj/landscape/img010589.jpg,6,landscape
img010175.jpg,proj/landscape/img010175.jpg,6,landscape
img011880.jpg,proj/landscape/img011880.jpg,6,landscape
img010660.jpg,proj/landscape/img010660.jpg,6,landscape
img011093.jpg,proj/landscape/img011093.jpg,6,landscape
img011040.jpg,proj/landscape/img011040.jpg,6,landscape
img011560.jpg,proj/landscape/img011560.jpg,6,landscape
img011737.jpg,proj/landscape/img011737.jpg,6,landscape
img011592.jpg,proj/landscape/img011592.jpg,6,landscape
img011853.jpg,proj/landscape/img011853.jpg,6,landscape
img011670.jpg,proj/landscape/img011670.jpg,6,landscape
img011159.jpg,proj/landscape/img011159.jpg,6,landscape
img011832.jpg,proj/landscape/img011832.jpg,6,landscape
img010097.jpg,proj/landscape/img010097.jpg,6,landscape
img010753.jpg,proj/landscape/img010753.jpg,6,landscape
img011654.jpg,proj/landscape/img011654.jpg,6,landscape
img010469.jpg,proj/landscape/img010469.jpg,6,landscape
img011184.jpg,proj/landscape/img011184.jpg,6,landscape
img011953.jpg,proj/landscape/img011953.jpg,6,landscape
img011487.jpg,proj/landscape/img011487.jpg,6,landscape
img010748.jpg,proj/landscape/img010748.jpg,6,landscape
img011563.jpg,proj/landscape/img011563.jpg,6,landscape
img011989.jpg,proj/landscape/img011989.jpg,6,landscape
img010803.jpg,proj/landscape/img010803.jpg,6,landscape
img011251.jpg,proj/landscape/img011251.jpg,6,landscape
img010587.jpg,proj/landscape/img010587.jpg,6,landscape
img010399.jpg,proj/landscape/img010399.jpg,6,landscape
img011636.jpg,proj/landscape/img011636.jpg,6,landscape
img010122.jpg,proj/landscape/img010122.jpg,6,landscape
img010679.jpg,proj/landscape/img010679.jpg,6,landscape
img010667.jpg,proj/landscape/img010667.jpg,6,landscape
img010968.jpg,proj/landscape/img010968.jpg,6,landscape
img010423.jpg,proj/landscape/img010423.jpg,6,landscape
img011477.jpg,proj/landscape/img011477.jpg,6,landscape
img010174.jpg,proj/landscape/img010174.jpg,6,landscape
img011622.jpg,proj/landscape/img011622.jpg,6,landscape
img010817.jpg,proj/landscape/img010817.jpg,6,landscape
img011496.jpg,proj/landscape/img011496.jpg,6,landscape
img010751.jpg,proj/landscape/img010751.jpg,6,landscape
img011974.jpg,proj/landscape/img011974.jpg,6,landscape
img011914.jpg,proj/landscape/img011914.jpg,6,landscape
img011139.jpg,proj/landscape/img011139.jpg,6,landscape
img010470.jpg,proj/landscape/img010470.jpg,6,landscape
img010811.jpg,proj/landscape/img010811.jpg,6,landscape
img010230.jpg,proj/landscape/img010230.jpg,6,landscape
img011857.jpg,proj/landscape/img011857.jpg,6,landscape
img010478.jpg,proj/landscape/img010478.jpg,6,landscape
img010130.jpg,proj/landscape/img010130.jpg,6,landscape
img011910.jpg,proj/landscape/img011910.jpg,6,landscape
img010841.jpg,proj/landscape/img010841.jpg,6,landscape
img011665.jpg,proj/landscape/img011665.jpg,6,landscape
img011005.jpg,proj/landscape/img011005.jpg,6,landscape
img010148.jpg,proj/landscape/img010148.jpg,6,landscape
img010377.jpg,proj/landscape/img010377.jpg,6,landscape
img010868.jpg,proj/landscape/img010868.jpg,6,landscape
img010509.jpg,proj/landscape/img010509.jpg,6,landscape
img010297.jpg,proj/landscape/img010297.jpg,6,landscape
img010648.jpg,proj/landscape/img010648.jpg,6,landscape
img010608.jpg,proj/landscape/img010608.jpg,6,landscape
img010607.jpg,proj/landscape/img010607.jpg,6,landscape
img010532.jpg,proj/landscape/img010532.jpg,6,landscape
img010998.jpg,proj/landscape/img010998.jpg,6,landscape
img010798.jpg,proj/landscape/img010798.jpg,6,landscape
img010536.jpg,proj/landscape/img010536.jpg,6,landscape
img010881.jpg,proj/landscape/img010881.jpg,6,landscape
img010542.jpg,proj/landscape/img010542.jpg,6,landscape
img010620.jpg,proj/landscape/img010620.jpg,6,landscape
img010080.jpg,proj/landscape/img010080.jpg,6,landscape
img011483.jpg,proj/landscape/img011483.jpg,6,landscape
img011377.jpg,proj/landscape/img011377.jpg,6,landscape
img011854.jpg,proj/landscape/img011854.jpg,6,landscape
img010799.jpg,proj/landscape/img010799.jpg,6,landscape
img010441.jpg,proj/landscape/img010441.jpg,6,landscape
img011067.jpg,proj/landscape/img011067.jpg,6,landscape
img010219.jpg,proj/landscape/img010219.jpg,6,landscape
img011589.jpg,proj/landscape/img011589.jpg,6,landscape
img010858.jpg,proj/landscape/img010858.jpg,6,landscape
img010728.jpg,proj/landscape/img010728.jpg,6,landscape
img011728.jpg,proj/landscape/img011728.jpg,6,landscape
img011850.jpg,proj/landscape/img011850.jpg,6,landscape
img010940.jpg,proj/landscape/img010940.jpg,6,landscape
img011181.jpg,proj/landscape/img011181.jpg,6,landscape
img011365.jpg,proj/landscape/img011365.jpg,6,landscape
img011154.jpg,proj/landscape/img011154.jpg,6,landscape
img010528.jpg,proj/landscape/img010528.jpg,6,landscape
img011517.jpg,proj/landscape/img011517.jpg,6,landscape
img011032.jpg,proj/landscape/img011032.jpg,6,landscape
img010208.jpg,proj/landscape/img010208.jpg,6,landscape
img011450.jpg,proj/landscape/img011450.jpg,6,landscape
img011713.jpg,proj/landscape/img011713.jpg,6,landscape
img010322.jpg,proj/landscape/img010322.jpg,6,landscape
img011896.jpg,proj/landscape/img011896.jpg,6,landscape
img011860.jpg,proj/landscape/img011860.jpg,6,landscape
img010313.jpg,proj/landscape/img010313.jpg,6,landscape
img011686.jpg,proj/landscape/img011686.jpg,6,landscape
img011246.jpg,proj/landscape/img011246.jpg,6,landscape
img011988.jpg,proj/landscape/img011988.jpg,6,landscape
img010739.jpg,proj/landscape/img010739.jpg,6,landscape
img010348.jpg,proj/landscape/img010348.jpg,6,landscape
img010704.jpg,proj/landscape/img010704.jpg,6,landscape
img010690.jpg,proj/landscape/img010690.jpg,6,landscape
img010228.jpg,proj/landscape/img010228.jpg,6,landscape
img010176.jpg,proj/landscape/img010176.jpg,6,landscape
img011458.jpg,proj/landscape/img011458.jpg,6,landscape
img011237.jpg,proj/landscape/img011237.jpg,6,landscape
img010002.jpg,proj/landscape/img010002.jpg,6,landscape
img010544.jpg,proj/landscape/img010544.jpg,6,landscape
img011336.jpg,proj/landscape/img011336.jpg,6,landscape
img011167.jpg,proj/landscape/img011167.jpg,6,landscape
img010508.jpg,proj/landscape/img010508.jpg,6,landscape
img011597.jpg,proj/landscape/img011597.jpg,6,landscape
img011558.jpg,proj/landscape/img011558.jpg,6,landscape
img010474.jpg,proj/landscape/img010474.jpg,6,landscape
img010562.jpg,proj/landscape/img010562.jpg,6,landscape
img010453.jpg,proj/landscape/img010453.jpg,6,landscape
img010715.jpg,proj/landscape/img010715.jpg,6,landscape
img010737.jpg,proj/landscape/img010737.jpg,6,landscape
img010955.jpg,proj/landscape/img010955.jpg,6,landscape
img010517.jpg,proj/landscape/img010517.jpg,6,landscape
img010180.jpg,proj/landscape/img010180.jpg,6,landscape
img011937.jpg,proj/landscape/img011937.jpg,6,landscape
img010537.jpg,proj/landscape/img010537.jpg,6,landscape
img010359.jpg,proj/landscape/img010359.jpg,6,landscape
img010306.jpg,proj/landscape/img010306.jpg,6,landscape
img011959.jpg,proj/landscape/img011959.jpg,6,landscape
img011796.jpg,proj/landscape/img011796.jpg,6,landscape
img011523.jpg,proj/landscape/img011523.jpg,6,landscape
img010242.jpg,proj/landscape/img010242.jpg,6,landscape
img011734.jpg,proj/landscape/img011734.jpg,6,landscape
img010084.jpg,proj/landscape/img010084.jpg,6,landscape
img010465.jpg,proj/landscape/img010465.jpg,6,landscape
img010539.jpg,proj/landscape/img010539.jpg,6,landscape
img011168.jpg,proj/landscape/img011168.jpg,6,landscape
img010842.jpg,proj/landscape/img010842.jpg,6,landscape
img010445.jpg,proj/landscape/img010445.jpg,6,landscape
img010373.jpg,proj/landscape/img010373.jpg,6,landscape
img011992.jpg,proj/landscape/img011992.jpg,6,landscape
img011585.jpg,proj/landscape/img011585.jpg,6,landscape
img010838.jpg,proj/landscape/img010838.jpg,6,landscape
img011778.jpg,proj/landscape/img011778.jpg,6,landscape
img010815.jpg,proj/landscape/img010815.jpg,6,landscape
img010971.jpg,proj/landscape/img010971.jpg,6,landscape
img011567.jpg,proj/landscape/img011567.jpg,6,landscape
img011294.jpg,proj/landscape/img011294.jpg,6,landscape
img010170.jpg,proj/landscape/img010170.jpg,6,landscape
img010560.jpg,proj/landscape/img010560.jpg,6,landscape
img011759.jpg,proj/landscape/img011759.jpg,6,landscape
img011303.jpg,proj/landscape/img011303.jpg,6,landscape
img011006.jpg,proj/landscape/img011006.jpg,6,landscape
img010616.jpg,proj/landscape/img010616.jpg,6,landscape
img011432.jpg,proj/landscape/img011432.jpg,6,landscape
img011453.jpg,proj/landscape/img011453.jpg,6,landscape
img011689.jpg,proj/landscape/img011689.jpg,6,landscape
img010416.jpg,proj/landscape/img010416.jpg,6,landscape
img011016.jpg,proj/landscape/img011016.jpg,6,landscape
img010018.jpg,proj/landscape/img010018.jpg,6,landscape
img010887.jpg,proj/landscape/img010887.jpg,6,landscape
img010362.jpg,proj/landscape/img010362.jpg,6,landscape
img010419.jpg,proj/landscape/img010419.jpg,6,landscape
img010267.jpg,proj/landscape/img010267.jpg,6,landscape
img011596.jpg,proj/landscape/img011596.jpg,6,landscape
img010795.jpg,proj/landscape/img010795.jpg,6,landscape
img010040.jpg,proj/landscape/img010040.jpg,6,landscape
img010117.jpg,proj/landscape/img010117.jpg,6,landscape
img010360.jpg,proj/landscape/img010360.jpg,6,landscape
img010366.jpg,proj/landscape/img010366.jpg,6,landscape
img010064.jpg,proj/landscape/img010064.jpg,6,landscape
img011847.jpg,proj/landscape/img011847.jpg,6,landscape
img011625.jpg,proj/landscape/img011625.jpg,6,landscape
img011347.jpg,proj/landscape/img011347.jpg,6,landscape
img010213.jpg,proj/landscape/img010213.jpg,6,landscape
img011996.jpg,proj/landscape/img011996.jpg,6,landscape
img010681.jpg,proj/landscape/img010681.jpg,6,landscape
img011863.jpg,proj/landscape/img011863.jpg,6,landscape
img010093.jpg,proj/landscape/img010093.jpg,6,landscape
img010234.jpg,proj/landscape/img010234.jpg,6,landscape
img011259.jpg,proj/landscape/img011259.jpg,6,landscape
img011936.jpg,proj/landscape/img011936.jpg,6,landscape
img010299.jpg,proj/landscape/img010299.jpg,6,landscape
img010806.jpg,proj/landscape/img010806.jpg,6,landscape
img010150.jpg,proj/landscape/img010150.jpg,6,landscape
img010025.jpg,proj/landscape/img010025.jpg,6,landscape
img010861.jpg,proj/landscape/img010861.jpg,6,landscape
img010158.jpg,proj/landscape/img010158.jpg,6,landscape
img010376.jpg,proj/landscape/img010376.jpg,6,landscape
img011130.jpg,proj/landscape/img011130.jpg,6,landscape
img011851.jpg,proj/landscape/img011851.jpg,6,landscape
img010717.jpg,proj/landscape/img010717.jpg,6,landscape
img010301.jpg,proj/landscape/img010301.jpg,6,landscape
img011490.jpg,proj/landscape/img011490.jpg,6,landscape
img011164.jpg,proj/landscape/img011164.jpg,6,landscape
img011895.jpg,proj/landscape/img011895.jpg,6,landscape
img010884.jpg,proj/landscape/img010884.jpg,6,landscape
img011588.jpg,proj/landscape/img011588.jpg,6,landscape
img011151.jpg,proj/landscape/img011151.jpg,6,landscape
img010873.jpg,proj/landscape/img010873.jpg,6,landscape
img011464.jpg,proj/landscape/img011464.jpg,6,landscape
img011743.jpg,proj/landscape/img011743.jpg,6,landscape
img010251.jpg,proj/landscape/img010251.jpg,6,landscape
img011283.jpg,proj/landscape/img011283.jpg,6,landscape
img010236.jpg,proj/landscape/img010236.jpg,6,landscape
img010095.jpg,proj/landscape/img010095.jpg,6,landscape
img011653.jpg,proj/landscape/img011653.jpg,6,landscape
img011500.jpg,proj/landscape/img011500.jpg,6,landscape
img011482.jpg,proj/landscape/img011482.jpg,6,landscape
img011376.jpg,proj/landscape/img011376.jpg,6,landscape
img011379.jpg,proj/landscape/img011379.jpg,6,landscape
img011017.jpg,proj/landscape/img011017.jpg,6,landscape
img011203.jpg,proj/landscape/img011203.jpg,6,landscape
img011683.jpg,proj/landscape/img011683.jpg,6,landscape
img010975.jpg,proj/landscape/img010975.jpg,6,landscape
img010805.jpg,proj/landscape/img010805.jpg,6,landscape
img011521.jpg,proj/landscape/img011521.jpg,6,landscape
img011211.jpg,proj/landscape/img011211.jpg,6,landscape
img010406.jpg,proj/landscape/img010406.jpg,6,landscape
img011738.jpg,proj/landscape/img011738.jpg,6,landscape
img011484.jpg,proj/landscape/img011484.jpg,6,landscape
img010921.jpg,proj/landscape/img010921.jpg,6,landscape
img010676.jpg,proj/landscape/img010676.jpg,6,landscape
img010499.jpg,proj/landscape/img010499.jpg,6,landscape
img010488.jpg,proj/landscape/img010488.jpg,6,landscape
img011977.jpg,proj/landscape/img011977.jpg,6,landscape
img010350.jpg,proj/landscape/img010350.jpg,6,landscape
img011848.jpg,proj/landscape/img011848.jpg,6,landscape
img010540.jpg,proj/landscape/img010540.jpg,6,landscape
img010028.jpg,proj/landscape/img010028.jpg,6,landscape
img011867.jpg,proj/landscape/img011867.jpg,6,landscape
img011664.jpg,proj/landscape/img011664.jpg,6,landscape
img011519.jpg,proj/landscape/img011519.jpg,6,landscape
img011571.jpg,proj/landscape/img011571.jpg,6,landscape
img010647.jpg,proj/landscape/img010647.jpg,6,landscape
img010545.jpg,proj/landscape/img010545.jpg,6,landscape
img010784.jpg,proj/landscape/img010784.jpg,6,landscape
img011948.jpg,proj/landscape/img011948.jpg,6,landscape
img011769.jpg,proj/landscape/img011769.jpg,6,landscape
img010295.jpg,proj/landscape/img010295.jpg,6,landscape
img010094.jpg,proj/landscape/img010094.jpg,6,landscape
img011514.jpg,proj/landscape/img011514.jpg,6,landscape
img010021.jpg,proj/landscape/img010021.jpg,6,landscape
img011127.jpg,proj/landscape/img011127.jpg,6,landscape
img011709.jpg,proj/landscape/img011709.jpg,6,landscape
img010285.jpg,proj/landscape/img010285.jpg,6,landscape
img011967.jpg,proj/landscape/img011967.jpg,6,landscape
img010546.jpg,proj/landscape/img010546.jpg,6,landscape
img011042.jpg,proj/landscape/img011042.jpg,6,landscape
img010665.jpg,proj/landscape/img010665.jpg,6,landscape
img011009.jpg,proj/landscape/img011009.jpg,6,landscape
img011244.jpg,proj/landscape/img011244.jpg,6,landscape
img010973.jpg,proj/landscape/img010973.jpg,6,landscape
img010723.jpg,proj/landscape/img010723.jpg,6,landscape
img010898.jpg,proj/landscape/img010898.jpg,6,landscape
img011718.jpg,proj/landscape/img011718.jpg,6,landscape
img011361.jpg,proj/landscape/img011361.jpg,6,landscape
img010268.jpg,proj/landscape/img010268.jpg,6,landscape
img011169.jpg,proj/landscape/img011169.jpg,6,landscape
img011882.jpg,proj/landscape/img011882.jpg,6,landscape
img011081.jpg,proj/landscape/img011081.jpg,6,landscape
img011508.jpg,proj/landscape/img011508.jpg,6,landscape
img011079.jpg,proj/landscape/img011079.jpg,6,landscape
img010223.jpg,proj/landscape/img010223.jpg,6,landscape
img010743.jpg,proj/landscape/img010743.jpg,6,landscape
img010256.jpg,proj/landscape/img010256.jpg,6,landscape
img011340.jpg,proj/landscape/img011340.jpg,6,landscape
img011616.jpg,proj/landscape/img011616.jpg,6,landscape
img010700.jpg,proj/landscape/img010700.jpg,6,landscape
img011485.jpg,proj/landscape/img011485.jpg,6,landscape
img010655.jpg,proj/landscape/img010655.jpg,6,landscape
img010870.jpg,proj/landscape/img010870.jpg,6,landscape
img010393.jpg,proj/landscape/img010393.jpg,6,landscape
img010863.jpg,proj/landscape/img010863.jpg,6,landscape
img011534.jpg,proj/landscape/img011534.jpg,6,landscape
img011002.jpg,proj/landscape/img011002.jpg,6,landscape
img011943.jpg,proj/landscape/img011943.jpg,6,landscape
img010032.jpg,proj/landscape/img010032.jpg,6,landscape
img010568.jpg,proj/landscape/img010568.jpg,6,landscape
img011317.jpg,proj/landscape/img011317.jpg,6,landscape
img011703.jpg,proj/landscape/img011703.jpg,6,landscape
img011223.jpg,proj/landscape/img011223.jpg,6,landscape
img010036.jpg,proj/landscape/img010036.jpg,6,landscape
img010307.jpg,proj/landscape/img010307.jpg,6,landscape
img010042.jpg,proj/landscape/img010042.jpg,6,landscape
img010173.jpg,proj/landscape/img010173.jpg,6,landscape
img011384.jpg,proj/landscape/img011384.jpg,6,landscape
img011821.jpg,proj/landscape/img011821.jpg,6,landscape
img010995.jpg,proj/landscape/img010995.jpg,6,landscape
img010100.jpg,proj/landscape/img010100.jpg,6,landscape
img011052.jpg,proj/landscape/img011052.jpg,6,landscape
img010828.jpg,proj/landscape/img010828.jpg,6,landscape
img011975.jpg,proj/landscape/img011975.jpg,6,landscape
img010856.jpg,proj/landscape/img010856.jpg,6,landscape
img011399.jpg,proj/landscape/img011399.jpg,6,landscape
img010986.jpg,proj/landscape/img010986.jpg,6,landscape
img011661.jpg,proj/landscape/img011661.jpg,6,landscape
img010422.jpg,proj/landscape/img010422.jpg,6,landscape
img011549.jpg,proj/landscape/img011549.jpg,6,landscape
img011034.jpg,proj/landscape/img011034.jpg,6,landscape
img010339.jpg,proj/landscape/img010339.jpg,6,landscape
img011063.jpg,proj/landscape/img011063.jpg,6,landscape
img011229.jpg,proj/landscape/img011229.jpg,6,landscape
img010262.jpg,proj/landscape/img010262.jpg,6,landscape
img011386.jpg,proj/landscape/img011386.jpg,6,landscape
img011845.jpg,proj/landscape/img011845.jpg,6,landscape
img010816.jpg,proj/landscape/img010816.jpg,6,landscape
img011101.jpg,proj/landscape/img011101.jpg,6,landscape
img010952.jpg,proj/landscape/img010952.jpg,6,landscape
img010152.jpg,proj/landscape/img010152.jpg,6,landscape
img011024.jpg,proj/landscape/img011024.jpg,6,landscape
img011408.jpg,proj/landscape/img011408.jpg,6,landscape
img011426.jpg,proj/landscape/img011426.jpg,6,landscape
img011470.jpg,proj/landscape/img011470.jpg,6,landscape
img011603.jpg,proj/landscape/img011603.jpg,6,landscape
img010851.jpg,proj/landscape/img010851.jpg,6,landscape
img010611.jpg,proj/landscape/img010611.jpg,6,landscape
img010260.jpg,proj/landscape/img010260.jpg,6,landscape
img011502.jpg,proj/landscape/img011502.jpg,6,landscape
img010554.jpg,proj/landscape/img010554.jpg,6,landscape
img010812.jpg,proj/landscape/img010812.jpg,6,landscape
img011166.jpg,proj/landscape/img011166.jpg,6,landscape
img010575.jpg,proj/landscape/img010575.jpg,6,landscape
img011637.jpg,proj/landscape/img011637.jpg,6,landscape
img010066.jpg,proj/landscape/img010066.jpg,6,landscape
img010766.jpg,proj/landscape/img010766.jpg,6,landscape
img010956.jpg,proj/landscape/img010956.jpg,6,landscape
img010914.jpg,proj/landscape/img010914.jpg,6,landscape
img010712.jpg,proj/landscape/img010712.jpg,6,landscape
img010483.jpg,proj/landscape/img010483.jpg,6,landscape
img010358.jpg,proj/landscape/img010358.jpg,6,landscape
img011152.jpg,proj/landscape/img011152.jpg,6,landscape
img010793.jpg,proj/landscape/img010793.jpg,6,landscape
img011912.jpg,proj/landscape/img011912.jpg,6,landscape
img011280.jpg,proj/landscape/img011280.jpg,6,landscape
img010520.jpg,proj/landscape/img010520.jpg,6,landscape
img011301.jpg,proj/landscape/img011301.jpg,6,landscape
img011786.jpg,proj/landscape/img011786.jpg,6,landscape
img010771.jpg,proj/landscape/img010771.jpg,6,landscape
img011049.jpg,proj/landscape/img011049.jpg,6,landscape
img011289.jpg,proj/landscape/img011289.jpg,6,landscape
img010414.jpg,proj/landscape/img010414.jpg,6,landscape
img011007.jpg,proj/landscape/img011007.jpg,6,landscape
img011420.jpg,proj/landscape/img011420.jpg,6,landscape
img011950.jpg,proj/landscape/img011950.jpg,6,landscape
img010804.jpg,proj/landscape/img010804.jpg,6,landscape
img010398.jpg,proj/landscape/img010398.jpg,6,landscape
img011528.jpg,proj/landscape/img011528.jpg,6,landscape
img011394.jpg,proj/landscape/img011394.jpg,6,landscape
img011739.jpg,proj/landscape/img011739.jpg,6,landscape
img010087.jpg,proj/landscape/img010087.jpg,6,landscape
img011339.jpg,proj/landscape/img011339.jpg,6,landscape
img010895.jpg,proj/landscape/img010895.jpg,6,landscape
img011833.jpg,proj/landscape/img011833.jpg,6,landscape
img010257.jpg,proj/landscape/img010257.jpg,6,landscape
img010923.jpg,proj/landscape/img010923.jpg,6,landscape
img010287.jpg,proj/landscape/img010287.jpg,6,landscape
img010449.jpg,proj/landscape/img010449.jpg,6,landscape
img011474.jpg,proj/landscape/img011474.jpg,6,landscape
img011187.jpg,proj/landscape/img011187.jpg,6,landscape
img010701.jpg,proj/landscape/img010701.jpg,6,landscape
img010818.jpg,proj/landscape/img010818.jpg,6,landscape
img011628.jpg,proj/landscape/img011628.jpg,6,landscape
img011906.jpg,proj/landscape/img011906.jpg,6,landscape
img011015.jpg,proj/landscape/img011015.jpg,6,landscape
img010640.jpg,proj/landscape/img010640.jpg,6,landscape
img010521.jpg,proj/landscape/img010521.jpg,6,landscape
img010646.jpg,proj/landscape/img010646.jpg,6,landscape
img011445.jpg,proj/landscape/img011445.jpg,6,landscape
img010548.jpg,proj/landscape/img010548.jpg,6,landscape
img011030.jpg,proj/landscape/img011030.jpg,6,landscape
img010727.jpg,proj/landscape/img010727.jpg,6,landscape
img010907.jpg,proj/landscape/img010907.jpg,6,landscape
img011547.jpg,proj/landscape/img011547.jpg,6,landscape
img011001.jpg,proj/landscape/img011001.jpg,6,landscape
img010833.jpg,proj/landscape/img010833.jpg,6,landscape
img010989.jpg,proj/landscape/img010989.jpg,6,landscape
img010147.jpg,proj/landscape/img010147.jpg,6,landscape
img010102.jpg,proj/landscape/img010102.jpg,6,landscape
img010503.jpg,proj/landscape/img010503.jpg,6,landscape
img011227.jpg,proj/landscape/img011227.jpg,6,landscape
img010802.jpg,proj/landscape/img010802.jpg,6,landscape
img011995.jpg,proj/landscape/img011995.jpg,6,landscape
img011998.jpg,proj/landscape/img011998.jpg,6,landscape
img011175.jpg,proj/landscape/img011175.jpg,6,landscape
img011233.jpg,proj/landscape/img011233.jpg,6,landscape
img011083.jpg,proj/landscape/img011083.jpg,6,landscape
img011189.jpg,proj/landscape/img011189.jpg,6,landscape
img011730.jpg,proj/landscape/img011730.jpg,6,landscape
img010027.jpg,proj/landscape/img010027.jpg,6,landscape
img010096.jpg,proj/landscape/img010096.jpg,6,landscape
img010106.jpg,proj/landscape/img010106.jpg,6,landscape
img011836.jpg,proj/landscape/img011836.jpg,6,landscape
img010024.jpg,proj/landscape/img010024.jpg,6,landscape
img010917.jpg,proj/landscape/img010917.jpg,6,landscape
img011319.jpg,proj/landscape/img011319.jpg,6,landscape
img011423.jpg,proj/landscape/img011423.jpg,6,landscape
img010688.jpg,proj/landscape/img010688.jpg,6,landscape
img011541.jpg,proj/landscape/img011541.jpg,6,landscape
img010249.jpg,proj/landscape/img010249.jpg,6,landscape
img010038.jpg,proj/landscape/img010038.jpg,6,landscape
img011804.jpg,proj/landscape/img011804.jpg,6,landscape
img011624.jpg,proj/landscape/img011624.jpg,6,landscape
img011706.jpg,proj/landscape/img011706.jpg,6,landscape
img010613.jpg,proj/landscape/img010613.jpg,6,landscape
img011061.jpg,proj/landscape/img011061.jpg,6,landscape
img010091.jpg,proj/landscape/img010091.jpg,6,landscape
img011107.jpg,proj/landscape/img011107.jpg,6,landscape
img011911.jpg,proj/landscape/img011911.jpg,6,landscape
img010526.jpg,proj/landscape/img010526.jpg,6,landscape
img010507.jpg,proj/landscape/img010507.jpg,6,landscape
img011106.jpg,proj/landscape/img011106.jpg,6,landscape
img010356.jpg,proj/landscape/img010356.jpg,6,landscape
img011338.jpg,proj/landscape/img011338.jpg,6,landscape
img011930.jpg,proj/landscape/img011930.jpg,6,landscape
img011330.jpg,proj/landscape/img011330.jpg,6,landscape
img010591.jpg,proj/landscape/img010591.jpg,6,landscape
img010801.jpg,proj/landscape/img010801.jpg,6,landscape
img010619.jpg,proj/landscape/img010619.jpg,6,landscape
img010672.jpg,proj/landscape/img010672.jpg,6,landscape
img011678.jpg,proj/landscape/img011678.jpg,6,landscape
img011538.jpg,proj/landscape/img011538.jpg,6,landscape
img010783.jpg,proj/landscape/img010783.jpg,6,landscape
img010420.jpg,proj/landscape/img010420.jpg,6,landscape
img011805.jpg,proj/landscape/img011805.jpg,6,landscape
img010988.jpg,proj/landscape/img010988.jpg,6,landscape
img011022.jpg,proj/landscape/img011022.jpg,6,landscape
img011309.jpg,proj/landscape/img011309.jpg,6,landscape
img010633.jpg,proj/landscape/img010633.jpg,6,landscape
img010381.jpg,proj/landscape/img010381.jpg,6,landscape
img010099.jpg,proj/landscape/img010099.jpg,6,landscape
img010198.jpg,proj/landscape/img010198.jpg,6,landscape
img010139.jpg,proj/landscape/img010139.jpg,6,landscape
img011939.jpg,proj/landscape/img011939.jpg,6,landscape
img011646.jpg,proj/landscape/img011646.jpg,6,landscape
img010735.jpg,proj/landscape/img010735.jpg,6,landscape
img011442.jpg,proj/landscape/img011442.jpg,6,landscape
img011414.jpg,proj/landscape/img011414.jpg,6,landscape
img010765.jpg,proj/landscape/img010765.jpg,6,landscape
img010694.jpg,proj/landscape/img010694.jpg,6,landscape
img010270.jpg,proj/landscape/img010270.jpg,6,landscape
img010329.jpg,proj/landscape/img010329.jpg,6,landscape
img011871.jpg,proj/landscape/img011871.jpg,6,landscape
img011990.jpg,proj/landscape/img011990.jpg,6,landscape
img010119.jpg,proj/landscape/img010119.jpg,6,landscape
img010035.jpg,proj/landscape/img010035.jpg,6,landscape
img010351.jpg,proj/landscape/img010351.jpg,6,landscape
img011669.jpg,proj/landscape/img011669.jpg,6,landscape
img010714.jpg,proj/landscape/img010714.jpg,6,landscape
img011080.jpg,proj/landscape/img011080.jpg,6,landscape
img010848.jpg,proj/landscape/img010848.jpg,6,landscape
img010699.jpg,proj/landscape/img010699.jpg,6,landscape
img010019.jpg,proj/landscape/img010019.jpg,6,landscape
img010370.jpg,proj/landscape/img010370.jpg,6,landscape
img011544.jpg,proj/landscape/img011544.jpg,6,landscape
img010291.jpg,proj/landscape/img010291.jpg,6,landscape
img010493.jpg,proj/landscape/img010493.jpg,6,landscape
img010349.jpg,proj/landscape/img010349.jpg,6,landscape
img010007.jpg,proj/landscape/img010007.jpg,6,landscape
img011454.jpg,proj/landscape/img011454.jpg,6,landscape
img010897.jpg,proj/landscape/img010897.jpg,6,landscape
img011877.jpg,proj/landscape/img011877.jpg,6,landscape
img011923.jpg,proj/landscape/img011923.jpg,6,landscape
img010946.jpg,proj/landscape/img010946.jpg,6,landscape
img010415.jpg,proj/landscape/img010415.jpg,6,landscape
img010543.jpg,proj/landscape/img010543.jpg,6,landscape
img010872.jpg,proj/landscape/img010872.jpg,6,landscape
img010385.jpg,proj/landscape/img010385.jpg,6,landscape
img010334.jpg,proj/landscape/img010334.jpg,6,landscape
img010244.jpg,proj/landscape/img010244.jpg,6,landscape
img011537.jpg,proj/landscape/img011537.jpg,6,landscape
img011182.jpg,proj/landscape/img011182.jpg,6,landscape
img011802.jpg,proj/landscape/img011802.jpg,6,landscape
img010634.jpg,proj/landscape/img010634.jpg,6,landscape
img011252.jpg,proj/landscape/img011252.jpg,6,landscape
img011064.jpg,proj/landscape/img011064.jpg,6,landscape
img010623.jpg,proj/landscape/img010623.jpg,6,landscape
img010012.jpg,proj/landscape/img010012.jpg,6,landscape
img011350.jpg,proj/landscape/img011350.jpg,6,landscape
img010938.jpg,proj/landscape/img010938.jpg,6,landscape
img011866.jpg,proj/landscape/img011866.jpg,6,landscape
img010031.jpg,proj/landscape/img010031.jpg,6,landscape
img011235.jpg,proj/landscape/img011235.jpg,6,landscape
img010340.jpg,proj/landscape/img010340.jpg,6,landscape
img010990.jpg,proj/landscape/img010990.jpg,6,landscape
img011186.jpg,proj/landscape/img011186.jpg,6,landscape
img011097.jpg,proj/landscape/img011097.jpg,6,landscape
img010750.jpg,proj/landscape/img010750.jpg,6,landscape
img010638.jpg,proj/landscape/img010638.jpg,6,landscape
img011844.jpg,proj/landscape/img011844.jpg,6,landscape
img011934.jpg,proj/landscape/img011934.jpg,6,landscape
img011733.jpg,proj/landscape/img011733.jpg,6,landscape
img011904.jpg,proj/landscape/img011904.jpg,6,landscape
img011209.jpg,proj/landscape/img011209.jpg,6,landscape
img011917.jpg,proj/landscape/img011917.jpg,6,landscape
img010378.jpg,proj/landscape/img010378.jpg,6,landscape
img010498.jpg,proj/landscape/img010498.jpg,6,landscape
img010687.jpg,proj/landscape/img010687.jpg,6,landscape
img010302.jpg,proj/landscape/img010302.jpg,6,landscape
img010588.jpg,proj/landscape/img010588.jpg,6,landscape
img010756.jpg,proj/landscape/img010756.jpg,6,landscape
img011736.jpg,proj/landscape/img011736.jpg,6,landscape
img011771.jpg,proj/landscape/img011771.jpg,6,landscape
img010919.jpg,proj/landscape/img010919.jpg,6,landscape
img011202.jpg,proj/landscape/img011202.jpg,6,landscape
img010201.jpg,proj/landscape/img010201.jpg,6,landscape
img011273.jpg,proj/landscape/img011273.jpg,6,landscape
img011096.jpg,proj/landscape/img011096.jpg,6,landscape
img010143.jpg,proj/landscape/img010143.jpg,6,landscape
img010065.jpg,proj/landscape/img010065.jpg,6,landscape
img010948.jpg,proj/landscape/img010948.jpg,6,landscape
img010253.jpg,proj/landscape/img010253.jpg,6,landscape
img011272.jpg,proj/landscape/img011272.jpg,6,landscape
img010459.jpg,proj/landscape/img010459.jpg,6,landscape
img011341.jpg,proj/landscape/img011341.jpg,6,landscape
img010129.jpg,proj/landscape/img010129.jpg,6,landscape
img011457.jpg,proj/landscape/img011457.jpg,6,landscape
img010363.jpg,proj/landscape/img010363.jpg,6,landscape
img010809.jpg,proj/landscape/img010809.jpg,6,landscape
img010673.jpg,proj/landscape/img010673.jpg,6,landscape
img010460.jpg,proj/landscape/img010460.jpg,6,landscape
img010164.jpg,proj/landscape/img010164.jpg,6,landscape
img011901.jpg,proj/landscape/img011901.jpg,6,landscape
img010382.jpg,proj/landscape/img010382.jpg,6,landscape
img010927.jpg,proj/landscape/img010927.jpg,6,landscape
img010659.jpg,proj/landscape/img010659.jpg,6,landscape
img010987.jpg,proj/landscape/img010987.jpg,6,landscape
img011304.jpg,proj/landscape/img011304.jpg,6,landscape
img010410.jpg,proj/landscape/img010410.jpg,6,landscape
img010252.jpg,proj/landscape/img010252.jpg,6,landscape
img010641.jpg,proj/landscape/img010641.jpg,6,landscape
img011230.jpg,proj/landscape/img011230.jpg,6,landscape
img010730.jpg,proj/landscape/img010730.jpg,6,landscape
img011631.jpg,proj/landscape/img011631.jpg,6,landscape
img011047.jpg,proj/landscape/img011047.jpg,6,landscape
img011260.jpg,proj/landscape/img011260.jpg,6,landscape
img011952.jpg,proj/landscape/img011952.jpg,6,landscape
img010527.jpg,proj/landscape/img010527.jpg,6,landscape
img011559.jpg,proj/landscape/img011559.jpg,6,landscape
img011973.jpg,proj/landscape/img011973.jpg,6,landscape
img011257.jpg,proj/landscape/img011257.jpg,6,landscape
img010639.jpg,proj/landscape/img010639.jpg,6,landscape
img011921.jpg,proj/landscape/img011921.jpg,6,landscape
img010288.jpg,proj/landscape/img010288.jpg,6,landscape
img010275.jpg,proj/landscape/img010275.jpg,6,landscape
img011792.jpg,proj/landscape/img011792.jpg,6,landscape
img010883.jpg,proj/landscape/img010883.jpg,6,landscape
img010732.jpg,proj/landscape/img010732.jpg,6,landscape
img011157.jpg,proj/landscape/img011157.jpg,6,landscape
img011413.jpg,proj/landscape/img011413.jpg,6,landscape
img010315.jpg,proj/landscape/img010315.jpg,6,landscape
img010556.jpg,proj/landscape/img010556.jpg,6,landscape
img011677.jpg,proj/landscape/img011677.jpg,6,landscape
img011195.jpg,proj/landscape/img011195.jpg,6,landscape
img011100.jpg,proj/landscape/img011100.jpg,6,landscape
img010820.jpg,proj/landscape/img010820.jpg,6,landscape
img011380.jpg,proj/landscape/img011380.jpg,6,landscape
img010888.jpg,proj/landscape/img010888.jpg,6,landscape
img011118.jpg,proj/landscape/img011118.jpg,6,landscape
img011201.jpg,proj/landscape/img011201.jpg,6,landscape
img010724.jpg,proj/landscape/img010724.jpg,6,landscape
img011177.jpg,proj/landscape/img011177.jpg,6,landscape
img010629.jpg,proj/landscape/img010629.jpg,6,landscape
img011451.jpg,proj/landscape/img011451.jpg,6,landscape
img011710.jpg,proj/landscape/img011710.jpg,6,landscape
img010586.jpg,proj/landscape/img010586.jpg,6,landscape
img010904.jpg,proj/landscape/img010904.jpg,6,landscape
img011944.jpg,proj/landscape/img011944.jpg,6,landscape
img011506.jpg,proj/landscape/img011506.jpg,6,landscape
img010876.jpg,proj/landscape/img010876.jpg,6,landscape
img011306.jpg,proj/landscape/img011306.jpg,6,landscape
img010346.jpg,proj/landscape/img010346.jpg,6,landscape
img011004.jpg,proj/landscape/img011004.jpg,6,landscape
img011816.jpg,proj/landscape/img011816.jpg,6,landscape
img010992.jpg,proj/landscape/img010992.jpg,6,landscape
img010582.jpg,proj/landscape/img010582.jpg,6,landscape
img010026.jpg,proj/landscape/img010026.jpg,6,landscape
img010916.jpg,proj/landscape/img010916.jpg,6,landscape
img010994.jpg,proj/landscape/img010994.jpg,6,landscape
img011927.jpg,proj/landscape/img011927.jpg,6,landscape
img010885.jpg,proj/landscape/img010885.jpg,6,landscape
img011772.jpg,proj/landscape/img011772.jpg,6,landscape
img010082.jpg,proj/landscape/img010082.jpg,6,landscape
img010086.jpg,proj/landscape/img010086.jpg,6,landscape
img011264.jpg,proj/landscape/img011264.jpg,6,landscape
img010337.jpg,proj/landscape/img010337.jpg,6,landscape
img011600.jpg,proj/landscape/img011600.jpg,6,landscape
img010677.jpg,proj/landscape/img010677.jpg,6,landscape
img011050.jpg,proj/landscape/img011050.jpg,6,landscape
img010847.jpg,proj/landscape/img010847.jpg,6,landscape
img010412.jpg,proj/landscape/img010412.jpg,6,landscape
img011116.jpg,proj/landscape/img011116.jpg,6,landscape
img011902.jpg,proj/landscape/img011902.jpg,6,landscape
img010997.jpg,proj/landscape/img010997.jpg,6,landscape
img011214.jpg,proj/landscape/img011214.jpg,6,landscape
img011430.jpg,proj/landscape/img011430.jpg,6,landscape
img011407.jpg,proj/landscape/img011407.jpg,6,landscape
img011876.jpg,proj/landscape/img011876.jpg,6,landscape
img010962.jpg,proj/landscape/img010962.jpg,6,landscape
img011136.jpg,proj/landscape/img011136.jpg,6,landscape
img011172.jpg,proj/landscape/img011172.jpg,6,landscape
img011638.jpg,proj/landscape/img011638.jpg,6,landscape
img011491.jpg,proj/landscape/img011491.jpg,6,landscape
img011036.jpg,proj/landscape/img011036.jpg,6,landscape
img011105.jpg,proj/landscape/img011105.jpg,6,landscape
img010194.jpg,proj/landscape/img010194.jpg,6,landscape
img011548.jpg,proj/landscape/img011548.jpg,6,landscape
img011072.jpg,proj/landscape/img011072.jpg,6,landscape
img010343.jpg,proj/landscape/img010343.jpg,6,landscape
img011798.jpg,proj/landscape/img011798.jpg,6,landscape
img011956.jpg,proj/landscape/img011956.jpg,6,landscape
img010708.jpg,proj/landscape/img010708.jpg,6,landscape
img011218.jpg,proj/landscape/img011218.jpg,6,landscape
img011196.jpg,proj/landscape/img011196.jpg,6,landscape
img010726.jpg,proj/landscape/img010726.jpg,6,landscape
img011424.jpg,proj/landscape/img011424.jpg,6,landscape
img010630.jpg,proj/landscape/img010630.jpg,6,landscape
img011782.jpg,proj/landscape/img011782.jpg,6,landscape
img011210.jpg,proj/landscape/img011210.jpg,6,landscape
img011475.jpg,proj/landscape/img011475.jpg,6,landscape
img011873.jpg,proj/landscape/img011873.jpg,6,landscape
img010085.jpg,proj/landscape/img010085.jpg,6,landscape
img010680.jpg,proj/landscape/img010680.jpg,6,landscape
img010875.jpg,proj/landscape/img010875.jpg,6,landscape
img011478.jpg,proj/landscape/img011478.jpg,6,landscape
img010124.jpg,proj/landscape/img010124.jpg,6,landscape
img011008.jpg,proj/landscape/img011008.jpg,6,landscape
img010321.jpg,proj/landscape/img010321.jpg,6,landscape
img011418.jpg,proj/landscape/img011418.jpg,6,landscape
img010584.jpg,proj/landscape/img010584.jpg,6,landscape
img011048.jpg,proj/landscape/img011048.jpg,6,landscape
img011705.jpg,proj/landscape/img011705.jpg,6,landscape
img010327.jpg,proj/landscape/img010327.jpg,6,landscape
img011469.jpg,proj/landscape/img011469.jpg,6,landscape
img010430.jpg,proj/landscape/img010430.jpg,6,landscape
img011220.jpg,proj/landscape/img011220.jpg,6,landscape
img011346.jpg,proj/landscape/img011346.jpg,6,landscape
img011381.jpg,proj/landscape/img011381.jpg,6,landscape
img011964.jpg,proj/landscape/img011964.jpg,6,landscape
img010512.jpg,proj/landscape/img010512.jpg,6,landscape
img011575.jpg,proj/landscape/img011575.jpg,6,landscape
img010182.jpg,proj/landscape/img010182.jpg,6,landscape
img011667.jpg,proj/landscape/img011667.jpg,6,landscape
img010237.jpg,proj/landscape/img010237.jpg,6,landscape
img011234.jpg,proj/landscape/img011234.jpg,6,landscape
img011431.jpg,proj/landscape/img011431.jpg,6,landscape
img010957.jpg,proj/landscape/img010957.jpg,6,landscape
img010189.jpg,proj/landscape/img010189.jpg,6,landscape
img011010.jpg,proj/landscape/img011010.jpg,6,landscape
img010269.jpg,proj/landscape/img010269.jpg,6,landscape
img011247.jpg,proj/landscape/img011247.jpg,6,landscape
img010308.jpg,proj/landscape/img010308.jpg,6,landscape
img010204.jpg,proj/landscape/img010204.jpg,6,landscape
img010843.jpg,proj/landscape/img010843.jpg,6,landscape
img011556.jpg,proj/landscape/img011556.jpg,6,landscape
img011551.jpg,proj/landscape/img011551.jpg,6,landscape
img010372.jpg,proj/landscape/img010372.jpg,6,landscape
img011893.jpg,proj/landscape/img011893.jpg,6,landscape
img010835.jpg,proj/landscape/img010835.jpg,6,landscape
img011479.jpg,proj/landscape/img011479.jpg,6,landscape
img010375.jpg,proj/landscape/img010375.jpg,6,landscape
img010352.jpg,proj/landscape/img010352.jpg,6,landscape
img011312.jpg,proj/landscape/img011312.jpg,6,landscape
img011224.jpg,proj/landscape/img011224.jpg,6,landscape
img011120.jpg,proj/landscape/img011120.jpg,6,landscape
img010558.jpg,proj/landscape/img010558.jpg,6,landscape
img011296.jpg,proj/landscape/img011296.jpg,6,landscape
img010196.jpg,proj/landscape/img010196.jpg,6,landscape
img010074.jpg,proj/landscape/img010074.jpg,6,landscape
img010531.jpg,proj/landscape/img010531.jpg,6,landscape
img010926.jpg,proj/landscape/img010926.jpg,6,landscape
img010610.jpg,proj/landscape/img010610.jpg,6,landscape
img010206.jpg,proj/landscape/img010206.jpg,6,landscape
img010151.jpg,proj/landscape/img010151.jpg,6,landscape
img011132.jpg,proj/landscape/img011132.jpg,6,landscape
img010837.jpg,proj/landscape/img010837.jpg,6,landscape
img011984.jpg,proj/landscape/img011984.jpg,6,landscape
