filename,image_path,target,category
img001282.jpg,star/stargan/Black_Hair/img001282.jpg,6,Black_Hair
img001998.jpg,star/stargan/Black_Hair/img001998.jpg,6,Black_Hair
img001579.jpg,star/stargan/Black_Hair/img001579.jpg,6,Black_Hair
img000688.jpg,star/stargan/Black_Hair/img000688.jpg,6,Black_Hair
img000089.jpg,star/stargan/Black_Hair/img000089.jpg,6,Black_Hair
img000585.jpg,star/stargan/Black_Hair/img000585.jpg,6,Black_Hair
img001577.jpg,star/stargan/Black_Hair/img001577.jpg,6,Black_Hair
img001740.jpg,star/stargan/Black_Hair/img001740.jpg,6,Black_Hair
img000136.jpg,star/stargan/Black_Hair/img000136.jpg,6,Black_Hair
img000142.jpg,star/stargan/Black_Hair/img000142.jpg,6,Black_Hair
img000074.jpg,star/stargan/Black_Hair/img000074.jpg,6,Black_Hair
img001176.jpg,star/stargan/Black_Hair/img001176.jpg,6,Black_Hair
img000475.jpg,star/stargan/Black_Hair/img000475.jpg,6,Black_Hair
img001621.jpg,star/stargan/Black_Hair/img001621.jpg,6,Black_Hair
img001966.jpg,star/stargan/Black_Hair/img001966.jpg,6,Black_Hair
img001219.jpg,star/stargan/Black_Hair/img001219.jpg,6,Black_Hair
img000870.jpg,star/stargan/Black_Hair/img000870.jpg,6,Black_Hair
img001882.jpg,star/stargan/Black_Hair/img001882.jpg,6,Black_Hair
img001292.jpg,star/stargan/Black_Hair/img001292.jpg,6,Black_Hair
img001443.jpg,star/stargan/Black_Hair/img001443.jpg,6,Black_Hair
img000408.jpg,star/stargan/Black_Hair/img000408.jpg,6,Black_Hair
img000274.jpg,star/stargan/Black_Hair/img000274.jpg,6,Black_Hair
img001332.jpg,star/stargan/Black_Hair/img001332.jpg,6,Black_Hair
img001158.jpg,star/stargan/Black_Hair/img001158.jpg,6,Black_Hair
img001388.jpg,star/stargan/Black_Hair/img001388.jpg,6,Black_Hair
img000001.jpg,star/stargan/Black_Hair/img000001.jpg,6,Black_Hair
img001309.jpg,star/stargan/Black_Hair/img001309.jpg,6,Black_Hair
img001170.jpg,star/stargan/Black_Hair/img001170.jpg,6,Black_Hair
img000968.jpg,star/stargan/Black_Hair/img000968.jpg,6,Black_Hair
img000846.jpg,star/stargan/Black_Hair/img000846.jpg,6,Black_Hair
img001576.jpg,star/stargan/Black_Hair/img001576.jpg,6,Black_Hair
img001937.jpg,star/stargan/Black_Hair/img001937.jpg,6,Black_Hair
img001660.jpg,star/stargan/Black_Hair/img001660.jpg,6,Black_Hair
img001159.jpg,star/stargan/Black_Hair/img001159.jpg,6,Black_Hair
img000740.jpg,star/stargan/Black_Hair/img000740.jpg,6,Black_Hair
img001781.jpg,star/stargan/Black_Hair/img001781.jpg,6,Black_Hair
img001818.jpg,star/stargan/Black_Hair/img001818.jpg,6,Black_Hair
img001669.jpg,star/stargan/Black_Hair/img001669.jpg,6,Black_Hair
img000032.jpg,star/stargan/Black_Hair/img000032.jpg,6,Black_Hair
img000677.jpg,star/stargan/Black_Hair/img000677.jpg,6,Black_Hair
img001581.jpg,star/stargan/Black_Hair/img001581.jpg,6,Black_Hair
img001412.jpg,star/stargan/Black_Hair/img001412.jpg,6,Black_Hair
img001963.jpg,star/stargan/Black_Hair/img001963.jpg,6,Black_Hair
img000696.jpg,star/stargan/Black_Hair/img000696.jpg,6,Black_Hair
img001250.jpg,star/stargan/Black_Hair/img001250.jpg,6,Black_Hair
img000174.jpg,star/stargan/Black_Hair/img000174.jpg,6,Black_Hair
img000293.jpg,star/stargan/Black_Hair/img000293.jpg,6,Black_Hair
img000736.jpg,star/stargan/Black_Hair/img000736.jpg,6,Black_Hair
img000197.jpg,star/stargan/Black_Hair/img000197.jpg,6,Black_Hair
img000905.jpg,star/stargan/Black_Hair/img000905.jpg,6,Black_Hair
img001240.jpg,star/stargan/Black_Hair/img001240.jpg,6,Black_Hair
img001234.jpg,star/stargan/Black_Hair/img001234.jpg,6,Black_Hair
img001880.jpg,star/stargan/Black_Hair/img001880.jpg,6,Black_Hair
img001915.jpg,star/stargan/Black_Hair/img001915.jpg,6,Black_Hair
img000855.jpg,star/stargan/Black_Hair/img000855.jpg,6,Black_Hair
img001831.jpg,star/stargan/Black_Hair/img001831.jpg,6,Black_Hair
img000653.jpg,star/stargan/Black_Hair/img000653.jpg,6,Black_Hair
img001510.jpg,star/stargan/Black_Hair/img001510.jpg,6,Black_Hair
img000767.jpg,star/stargan/Black_Hair/img000767.jpg,6,Black_Hair
img001366.jpg,star/stargan/Black_Hair/img001366.jpg,6,Black_Hair
img000811.jpg,star/stargan/Black_Hair/img000811.jpg,6,Black_Hair
img000398.jpg,star/stargan/Black_Hair/img000398.jpg,6,Black_Hair
img001429.jpg,star/stargan/Black_Hair/img001429.jpg,6,Black_Hair
img001007.jpg,star/stargan/Black_Hair/img001007.jpg,6,Black_Hair
img001605.jpg,star/stargan/Black_Hair/img001605.jpg,6,Black_Hair
img000319.jpg,star/stargan/Black_Hair/img000319.jpg,6,Black_Hair
img001175.jpg,star/stargan/Black_Hair/img001175.jpg,6,Black_Hair
img001935.jpg,star/stargan/Black_Hair/img001935.jpg,6,Black_Hair
img001353.jpg,star/stargan/Black_Hair/img001353.jpg,6,Black_Hair
img001336.jpg,star/stargan/Black_Hair/img001336.jpg,6,Black_Hair
img001002.jpg,star/stargan/Black_Hair/img001002.jpg,6,Black_Hair
img001853.jpg,star/stargan/Black_Hair/img001853.jpg,6,Black_Hair
img000272.jpg,star/stargan/Black_Hair/img000272.jpg,6,Black_Hair
img001858.jpg,star/stargan/Black_Hair/img001858.jpg,6,Black_Hair
img000684.jpg,star/stargan/Black_Hair/img000684.jpg,6,Black_Hair
img001247.jpg,star/stargan/Black_Hair/img001247.jpg,6,Black_Hair
img000132.jpg,star/stargan/Black_Hair/img000132.jpg,6,Black_Hair
img001890.jpg,star/stargan/Black_Hair/img001890.jpg,6,Black_Hair
img000668.jpg,star/stargan/Black_Hair/img000668.jpg,6,Black_Hair
img000750.jpg,star/stargan/Black_Hair/img000750.jpg,6,Black_Hair
img001242.jpg,star/stargan/Black_Hair/img001242.jpg,6,Black_Hair
img001334.jpg,star/stargan/Black_Hair/img001334.jpg,6,Black_Hair
img000914.jpg,star/stargan/Black_Hair/img000914.jpg,6,Black_Hair
img000663.jpg,star/stargan/Black_Hair/img000663.jpg,6,Black_Hair
img001671.jpg,star/stargan/Black_Hair/img001671.jpg,6,Black_Hair
img001984.jpg,star/stargan/Black_Hair/img001984.jpg,6,Black_Hair
img000150.jpg,star/stargan/Black_Hair/img000150.jpg,6,Black_Hair
img001148.jpg,star/stargan/Black_Hair/img001148.jpg,6,Black_Hair
img001155.jpg,star/stargan/Black_Hair/img001155.jpg,6,Black_Hair
img000850.jpg,star/stargan/Black_Hair/img000850.jpg,6,Black_Hair
img001008.jpg,star/stargan/Black_Hair/img001008.jpg,6,Black_Hair
img000496.jpg,star/stargan/Black_Hair/img000496.jpg,6,Black_Hair
img000621.jpg,star/stargan/Black_Hair/img000621.jpg,6,Black_Hair
img001437.jpg,star/stargan/Black_Hair/img001437.jpg,6,Black_Hair
img001661.jpg,star/stargan/Black_Hair/img001661.jpg,6,Black_Hair
img000671.jpg,star/stargan/Black_Hair/img000671.jpg,6,Black_Hair
img000654.jpg,star/stargan/Black_Hair/img000654.jpg,6,Black_Hair
img001913.jpg,star/stargan/Black_Hair/img001913.jpg,6,Black_Hair
img001773.jpg,star/stargan/Black_Hair/img001773.jpg,6,Black_Hair
img001415.jpg,star/stargan/Black_Hair/img001415.jpg,6,Black_Hair
img001320.jpg,star/stargan/Black_Hair/img001320.jpg,6,Black_Hair
img000601.jpg,star/stargan/Black_Hair/img000601.jpg,6,Black_Hair
img001980.jpg,star/stargan/Black_Hair/img001980.jpg,6,Black_Hair
img001953.jpg,star/stargan/Black_Hair/img001953.jpg,6,Black_Hair
img000315.jpg,star/stargan/Black_Hair/img000315.jpg,6,Black_Hair
img000532.jpg,star/stargan/Black_Hair/img000532.jpg,6,Black_Hair
img001085.jpg,star/stargan/Black_Hair/img001085.jpg,6,Black_Hair
img000511.jpg,star/stargan/Black_Hair/img000511.jpg,6,Black_Hair
img001766.jpg,star/stargan/Black_Hair/img001766.jpg,6,Black_Hair
img000497.jpg,star/stargan/Black_Hair/img000497.jpg,6,Black_Hair
img000498.jpg,star/stargan/Black_Hair/img000498.jpg,6,Black_Hair
img000966.jpg,star/stargan/Black_Hair/img000966.jpg,6,Black_Hair
img000591.jpg,star/stargan/Black_Hair/img000591.jpg,6,Black_Hair
img000869.jpg,star/stargan/Black_Hair/img000869.jpg,6,Black_Hair
img001015.jpg,star/stargan/Black_Hair/img001015.jpg,6,Black_Hair
img001873.jpg,star/stargan/Black_Hair/img001873.jpg,6,Black_Hair
img000647.jpg,star/stargan/Black_Hair/img000647.jpg,6,Black_Hair
img000574.jpg,star/stargan/Black_Hair/img000574.jpg,6,Black_Hair
img000124.jpg,star/stargan/Black_Hair/img000124.jpg,6,Black_Hair
img000461.jpg,star/stargan/Black_Hair/img000461.jpg,6,Black_Hair
img000539.jpg,star/stargan/Black_Hair/img000539.jpg,6,Black_Hair
img000722.jpg,star/stargan/Black_Hair/img000722.jpg,6,Black_Hair
img000273.jpg,star/stargan/Black_Hair/img000273.jpg,6,Black_Hair
img000547.jpg,star/stargan/Black_Hair/img000547.jpg,6,Black_Hair
img001708.jpg,star/stargan/Black_Hair/img001708.jpg,6,Black_Hair
img001106.jpg,star/stargan/Black_Hair/img001106.jpg,6,Black_Hair
img001827.jpg,star/stargan/Black_Hair/img001827.jpg,6,Black_Hair
img001391.jpg,star/stargan/Black_Hair/img001391.jpg,6,Black_Hair
img000200.jpg,star/stargan/Black_Hair/img000200.jpg,6,Black_Hair
img000062.jpg,star/stargan/Black_Hair/img000062.jpg,6,Black_Hair
img000309.jpg,star/stargan/Black_Hair/img000309.jpg,6,Black_Hair
img000819.jpg,star/stargan/Black_Hair/img000819.jpg,6,Black_Hair
img001996.jpg,star/stargan/Black_Hair/img001996.jpg,6,Black_Hair
img001345.jpg,star/stargan/Black_Hair/img001345.jpg,6,Black_Hair
img001848.jpg,star/stargan/Black_Hair/img001848.jpg,6,Black_Hair
img001216.jpg,star/stargan/Black_Hair/img001216.jpg,6,Black_Hair
img001185.jpg,star/stargan/Black_Hair/img001185.jpg,6,Black_Hair
img001896.jpg,star/stargan/Black_Hair/img001896.jpg,6,Black_Hair
img000228.jpg,star/stargan/Black_Hair/img000228.jpg,6,Black_Hair
img000527.jpg,star/stargan/Black_Hair/img000527.jpg,6,Black_Hair
img001141.jpg,star/stargan/Black_Hair/img001141.jpg,6,Black_Hair
img001067.jpg,star/stargan/Black_Hair/img001067.jpg,6,Black_Hair
img001452.jpg,star/stargan/Black_Hair/img001452.jpg,6,Black_Hair
img000508.jpg,star/stargan/Black_Hair/img000508.jpg,6,Black_Hair
img001918.jpg,star/stargan/Black_Hair/img001918.jpg,6,Black_Hair
img001587.jpg,star/stargan/Black_Hair/img001587.jpg,6,Black_Hair
img000103.jpg,star/stargan/Black_Hair/img000103.jpg,6,Black_Hair
img001863.jpg,star/stargan/Black_Hair/img001863.jpg,6,Black_Hair
img001535.jpg,star/stargan/Black_Hair/img001535.jpg,6,Black_Hair
img000644.jpg,star/stargan/Black_Hair/img000644.jpg,6,Black_Hair
img001258.jpg,star/stargan/Black_Hair/img001258.jpg,6,Black_Hair
img001583.jpg,star/stargan/Black_Hair/img001583.jpg,6,Black_Hair
img001469.jpg,star/stargan/Black_Hair/img001469.jpg,6,Black_Hair
img001687.jpg,star/stargan/Black_Hair/img001687.jpg,6,Black_Hair
img001704.jpg,star/stargan/Black_Hair/img001704.jpg,6,Black_Hair
img000220.jpg,star/stargan/Black_Hair/img000220.jpg,6,Black_Hair
img000494.jpg,star/stargan/Black_Hair/img000494.jpg,6,Black_Hair
img001451.jpg,star/stargan/Black_Hair/img001451.jpg,6,Black_Hair
img001127.jpg,star/stargan/Black_Hair/img001127.jpg,6,Black_Hair
img001588.jpg,star/stargan/Black_Hair/img001588.jpg,6,Black_Hair
img000795.jpg,star/stargan/Black_Hair/img000795.jpg,6,Black_Hair
img001036.jpg,star/stargan/Black_Hair/img001036.jpg,6,Black_Hair
img000372.jpg,star/stargan/Black_Hair/img000372.jpg,6,Black_Hair
img001206.jpg,star/stargan/Black_Hair/img001206.jpg,6,Black_Hair
img001427.jpg,star/stargan/Black_Hair/img001427.jpg,6,Black_Hair
img000028.jpg,star/stargan/Black_Hair/img000028.jpg,6,Black_Hair
img000002.jpg,star/stargan/Black_Hair/img000002.jpg,6,Black_Hair
img000160.jpg,star/stargan/Black_Hair/img000160.jpg,6,Black_Hair
img001756.jpg,star/stargan/Black_Hair/img001756.jpg,6,Black_Hair
img001650.jpg,star/stargan/Black_Hair/img001650.jpg,6,Black_Hair
img001069.jpg,star/stargan/Black_Hair/img001069.jpg,6,Black_Hair
img001613.jpg,star/stargan/Black_Hair/img001613.jpg,6,Black_Hair
img000083.jpg,star/stargan/Black_Hair/img000083.jpg,6,Black_Hair
img001710.jpg,star/stargan/Black_Hair/img001710.jpg,6,Black_Hair
img001499.jpg,star/stargan/Black_Hair/img001499.jpg,6,Black_Hair
img000499.jpg,star/stargan/Black_Hair/img000499.jpg,6,Black_Hair
img001484.jpg,star/stargan/Black_Hair/img001484.jpg,6,Black_Hair
img001208.jpg,star/stargan/Black_Hair/img001208.jpg,6,Black_Hair
img001658.jpg,star/stargan/Black_Hair/img001658.jpg,6,Black_Hair
img001884.jpg,star/stargan/Black_Hair/img001884.jpg,6,Black_Hair
img000240.jpg,star/stargan/Black_Hair/img000240.jpg,6,Black_Hair
img001299.jpg,star/stargan/Black_Hair/img001299.jpg,6,Black_Hair
img001394.jpg,star/stargan/Black_Hair/img001394.jpg,6,Black_Hair
img000324.jpg,star/stargan/Black_Hair/img000324.jpg,6,Black_Hair
img001043.jpg,star/stargan/Black_Hair/img001043.jpg,6,Black_Hair
img001541.jpg,star/stargan/Black_Hair/img001541.jpg,6,Black_Hair
img000383.jpg,star/stargan/Black_Hair/img000383.jpg,6,Black_Hair
img000619.jpg,star/stargan/Black_Hair/img000619.jpg,6,Black_Hair
img001207.jpg,star/stargan/Black_Hair/img001207.jpg,6,Black_Hair
img001988.jpg,star/stargan/Black_Hair/img001988.jpg,6,Black_Hair
img000265.jpg,star/stargan/Black_Hair/img000265.jpg,6,Black_Hair
img001326.jpg,star/stargan/Black_Hair/img001326.jpg,6,Black_Hair
img001383.jpg,star/stargan/Black_Hair/img001383.jpg,6,Black_Hair
img000662.jpg,star/stargan/Black_Hair/img000662.jpg,6,Black_Hair
img001720.jpg,star/stargan/Black_Hair/img001720.jpg,6,Black_Hair
img001636.jpg,star/stargan/Black_Hair/img001636.jpg,6,Black_Hair
img001468.jpg,star/stargan/Black_Hair/img001468.jpg,6,Black_Hair
img001765.jpg,star/stargan/Black_Hair/img001765.jpg,6,Black_Hair
img001530.jpg,star/stargan/Black_Hair/img001530.jpg,6,Black_Hair
img001649.jpg,star/stargan/Black_Hair/img001649.jpg,6,Black_Hair
img000642.jpg,star/stargan/Black_Hair/img000642.jpg,6,Black_Hair
img001261.jpg,star/stargan/Black_Hair/img001261.jpg,6,Black_Hair
img001260.jpg,star/stargan/Black_Hair/img001260.jpg,6,Black_Hair
img000997.jpg,star/stargan/Black_Hair/img000997.jpg,6,Black_Hair
img001640.jpg,star/stargan/Black_Hair/img001640.jpg,6,Black_Hair
img000805.jpg,star/stargan/Black_Hair/img000805.jpg,6,Black_Hair
img000664.jpg,star/stargan/Black_Hair/img000664.jpg,6,Black_Hair
img001689.jpg,star/stargan/Black_Hair/img001689.jpg,6,Black_Hair
img000492.jpg,star/stargan/Black_Hair/img000492.jpg,6,Black_Hair
img000282.jpg,star/stargan/Black_Hair/img000282.jpg,6,Black_Hair
img000468.jpg,star/stargan/Black_Hair/img000468.jpg,6,Black_Hair
img000861.jpg,star/stargan/Black_Hair/img000861.jpg,6,Black_Hair
img001899.jpg,star/stargan/Black_Hair/img001899.jpg,6,Black_Hair
img001114.jpg,star/stargan/Black_Hair/img001114.jpg,6,Black_Hair
img000178.jpg,star/stargan/Black_Hair/img000178.jpg,6,Black_Hair
img001928.jpg,star/stargan/Black_Hair/img001928.jpg,6,Black_Hair
img000158.jpg,star/stargan/Black_Hair/img000158.jpg,6,Black_Hair
img000073.jpg,star/stargan/Black_Hair/img000073.jpg,6,Black_Hair
img001694.jpg,star/stargan/Black_Hair/img001694.jpg,6,Black_Hair
img000087.jpg,star/stargan/Black_Hair/img000087.jpg,6,Black_Hair
img001627.jpg,star/stargan/Black_Hair/img001627.jpg,6,Black_Hair
img001051.jpg,star/stargan/Black_Hair/img001051.jpg,6,Black_Hair
img001381.jpg,star/stargan/Black_Hair/img001381.jpg,6,Black_Hair
img000445.jpg,star/stargan/Black_Hair/img000445.jpg,6,Black_Hair
img000999.jpg,star/stargan/Black_Hair/img000999.jpg,6,Black_Hair
img000834.jpg,star/stargan/Black_Hair/img000834.jpg,6,Black_Hair
img001701.jpg,star/stargan/Black_Hair/img001701.jpg,6,Black_Hair
img000921.jpg,star/stargan/Black_Hair/img000921.jpg,6,Black_Hair
img000920.jpg,star/stargan/Black_Hair/img000920.jpg,6,Black_Hair
img001418.jpg,star/stargan/Black_Hair/img001418.jpg,6,Black_Hair
img000962.jpg,star/stargan/Black_Hair/img000962.jpg,6,Black_Hair
img001970.jpg,star/stargan/Black_Hair/img001970.jpg,6,Black_Hair
img001860.jpg,star/stargan/Black_Hair/img001860.jpg,6,Black_Hair
img001348.jpg,star/stargan/Black_Hair/img001348.jpg,6,Black_Hair
img000960.jpg,star/stargan/Black_Hair/img000960.jpg,6,Black_Hair
img001269.jpg,star/stargan/Black_Hair/img001269.jpg,6,Black_Hair
img000799.jpg,star/stargan/Black_Hair/img000799.jpg,6,Black_Hair
img000760.jpg,star/stargan/Black_Hair/img000760.jpg,6,Black_Hair
img000728.jpg,star/stargan/Black_Hair/img000728.jpg,6,Black_Hair
img001486.jpg,star/stargan/Black_Hair/img001486.jpg,6,Black_Hair
img000970.jpg,star/stargan/Black_Hair/img000970.jpg,6,Black_Hair
img000847.jpg,star/stargan/Black_Hair/img000847.jpg,6,Black_Hair
img000578.jpg,star/stargan/Black_Hair/img000578.jpg,6,Black_Hair
img001931.jpg,star/stargan/Black_Hair/img001931.jpg,6,Black_Hair
img001103.jpg,star/stargan/Black_Hair/img001103.jpg,6,Black_Hair
img000194.jpg,star/stargan/Black_Hair/img000194.jpg,6,Black_Hair
img001297.jpg,star/stargan/Black_Hair/img001297.jpg,6,Black_Hair
img000140.jpg,star/stargan/Black_Hair/img000140.jpg,6,Black_Hair
img001267.jpg,star/stargan/Black_Hair/img001267.jpg,6,Black_Hair
img001528.jpg,star/stargan/Black_Hair/img001528.jpg,6,Black_Hair
img001235.jpg,star/stargan/Black_Hair/img001235.jpg,6,Black_Hair
img000554.jpg,star/stargan/Black_Hair/img000554.jpg,6,Black_Hair
img000560.jpg,star/stargan/Black_Hair/img000560.jpg,6,Black_Hair
img001591.jpg,star/stargan/Black_Hair/img001591.jpg,6,Black_Hair
img001453.jpg,star/stargan/Black_Hair/img001453.jpg,6,Black_Hair
img001608.jpg,star/stargan/Black_Hair/img001608.jpg,6,Black_Hair
img000814.jpg,star/stargan/Black_Hair/img000814.jpg,6,Black_Hair
img001547.jpg,star/stargan/Black_Hair/img001547.jpg,6,Black_Hair
img000070.jpg,star/stargan/Black_Hair/img000070.jpg,6,Black_Hair
img001169.jpg,star/stargan/Black_Hair/img001169.jpg,6,Black_Hair
img001070.jpg,star/stargan/Black_Hair/img001070.jpg,6,Black_Hair
img001662.jpg,star/stargan/Black_Hair/img001662.jpg,6,Black_Hair
img000135.jpg,star/stargan/Black_Hair/img000135.jpg,6,Black_Hair
img001707.jpg,star/stargan/Black_Hair/img001707.jpg,6,Black_Hair
img001911.jpg,star/stargan/Black_Hair/img001911.jpg,6,Black_Hair
img000173.jpg,star/stargan/Black_Hair/img000173.jpg,6,Black_Hair
img000175.jpg,star/stargan/Black_Hair/img000175.jpg,6,Black_Hair
img000318.jpg,star/stargan/Black_Hair/img000318.jpg,6,Black_Hair
img000665.jpg,star/stargan/Black_Hair/img000665.jpg,6,Black_Hair
img000100.jpg,star/stargan/Black_Hair/img000100.jpg,6,Black_Hair
img001032.jpg,star/stargan/Black_Hair/img001032.jpg,6,Black_Hair
img000804.jpg,star/stargan/Black_Hair/img000804.jpg,6,Black_Hair
img001351.jpg,star/stargan/Black_Hair/img001351.jpg,6,Black_Hair
img000651.jpg,star/stargan/Black_Hair/img000651.jpg,6,Black_Hair
img001647.jpg,star/stargan/Black_Hair/img001647.jpg,6,Black_Hair
img000686.jpg,star/stargan/Black_Hair/img000686.jpg,6,Black_Hair
img000660.jpg,star/stargan/Black_Hair/img000660.jpg,6,Black_Hair
img001078.jpg,star/stargan/Black_Hair/img001078.jpg,6,Black_Hair
img001738.jpg,star/stargan/Black_Hair/img001738.jpg,6,Black_Hair
img000937.jpg,star/stargan/Black_Hair/img000937.jpg,6,Black_Hair
img000300.jpg,star/stargan/Black_Hair/img000300.jpg,6,Black_Hair
img000612.jpg,star/stargan/Black_Hair/img000612.jpg,6,Black_Hair
img000906.jpg,star/stargan/Black_Hair/img000906.jpg,6,Black_Hair
img000172.jpg,star/stargan/Black_Hair/img000172.jpg,6,Black_Hair
img001630.jpg,star/stargan/Black_Hair/img001630.jpg,6,Black_Hair
img000895.jpg,star/stargan/Black_Hair/img000895.jpg,6,Black_Hair
img001961.jpg,star/stargan/Black_Hair/img001961.jpg,6,Black_Hair
img001523.jpg,star/stargan/Black_Hair/img001523.jpg,6,Black_Hair
img000038.jpg,star/stargan/Black_Hair/img000038.jpg,6,Black_Hair
img000566.jpg,star/stargan/Black_Hair/img000566.jpg,6,Black_Hair
img000069.jpg,star/stargan/Black_Hair/img000069.jpg,6,Black_Hair
img000513.jpg,star/stargan/Black_Hair/img000513.jpg,6,Black_Hair
img001349.jpg,star/stargan/Black_Hair/img001349.jpg,6,Black_Hair
img001504.jpg,star/stargan/Black_Hair/img001504.jpg,6,Black_Hair
img000065.jpg,star/stargan/Black_Hair/img000065.jpg,6,Black_Hair
img000286.jpg,star/stargan/Black_Hair/img000286.jpg,6,Black_Hair
img001763.jpg,star/stargan/Black_Hair/img001763.jpg,6,Black_Hair
img001162.jpg,star/stargan/Black_Hair/img001162.jpg,6,Black_Hair
img000944.jpg,star/stargan/Black_Hair/img000944.jpg,6,Black_Hair
img000428.jpg,star/stargan/Black_Hair/img000428.jpg,6,Black_Hair
img000313.jpg,star/stargan/Black_Hair/img000313.jpg,6,Black_Hair
img000670.jpg,star/stargan/Black_Hair/img000670.jpg,6,Black_Hair
img001590.jpg,star/stargan/Black_Hair/img001590.jpg,6,Black_Hair
img001785.jpg,star/stargan/Black_Hair/img001785.jpg,6,Black_Hair
img000710.jpg,star/stargan/Black_Hair/img000710.jpg,6,Black_Hair
img000915.jpg,star/stargan/Black_Hair/img000915.jpg,6,Black_Hair
img001439.jpg,star/stargan/Black_Hair/img001439.jpg,6,Black_Hair
img001064.jpg,star/stargan/Black_Hair/img001064.jpg,6,Black_Hair
img001653.jpg,star/stargan/Black_Hair/img001653.jpg,6,Black_Hair
img001431.jpg,star/stargan/Black_Hair/img001431.jpg,6,Black_Hair
img001695.jpg,star/stargan/Black_Hair/img001695.jpg,6,Black_Hair
img001018.jpg,star/stargan/Black_Hair/img001018.jpg,6,Black_Hair
img000204.jpg,star/stargan/Black_Hair/img000204.jpg,6,Black_Hair
img000630.jpg,star/stargan/Black_Hair/img000630.jpg,6,Black_Hair
img000452.jpg,star/stargan/Black_Hair/img000452.jpg,6,Black_Hair
img000247.jpg,star/stargan/Black_Hair/img000247.jpg,6,Black_Hair
img001286.jpg,star/stargan/Black_Hair/img001286.jpg,6,Black_Hair
img001266.jpg,star/stargan/Black_Hair/img001266.jpg,6,Black_Hair
img001533.jpg,star/stargan/Black_Hair/img001533.jpg,6,Black_Hair
img000979.jpg,star/stargan/Black_Hair/img000979.jpg,6,Black_Hair
img001670.jpg,star/stargan/Black_Hair/img001670.jpg,6,Black_Hair
img000413.jpg,star/stargan/Black_Hair/img000413.jpg,6,Black_Hair
img000893.jpg,star/stargan/Black_Hair/img000893.jpg,6,Black_Hair
img000084.jpg,star/stargan/Black_Hair/img000084.jpg,6,Black_Hair
img001284.jpg,star/stargan/Black_Hair/img001284.jpg,6,Black_Hair
img000244.jpg,star/stargan/Black_Hair/img000244.jpg,6,Black_Hair
img000618.jpg,star/stargan/Black_Hair/img000618.jpg,6,Black_Hair
img001060.jpg,star/stargan/Black_Hair/img001060.jpg,6,Black_Hair
img001824.jpg,star/stargan/Black_Hair/img001824.jpg,6,Black_Hair
img000845.jpg,star/stargan/Black_Hair/img000845.jpg,6,Black_Hair
img000733.jpg,star/stargan/Black_Hair/img000733.jpg,6,Black_Hair
img000890.jpg,star/stargan/Black_Hair/img000890.jpg,6,Black_Hair
img000604.jpg,star/stargan/Black_Hair/img000604.jpg,6,Black_Hair
img001081.jpg,star/stargan/Black_Hair/img001081.jpg,6,Black_Hair
img001090.jpg,star/stargan/Black_Hair/img001090.jpg,6,Black_Hair
img000210.jpg,star/stargan/Black_Hair/img000210.jpg,6,Black_Hair
img001672.jpg,star/stargan/Black_Hair/img001672.jpg,6,Black_Hair
img000661.jpg,star/stargan/Black_Hair/img000661.jpg,6,Black_Hair
img001548.jpg,star/stargan/Black_Hair/img001548.jpg,6,Black_Hair
img000822.jpg,star/stargan/Black_Hair/img000822.jpg,6,Black_Hair
img000447.jpg,star/stargan/Black_Hair/img000447.jpg,6,Black_Hair
img000016.jpg,star/stargan/Black_Hair/img000016.jpg,6,Black_Hair
img001592.jpg,star/stargan/Black_Hair/img001592.jpg,6,Black_Hair
img001046.jpg,star/stargan/Black_Hair/img001046.jpg,6,Black_Hair
img001806.jpg,star/stargan/Black_Hair/img001806.jpg,6,Black_Hair
img001830.jpg,star/stargan/Black_Hair/img001830.jpg,6,Black_Hair
img001612.jpg,star/stargan/Black_Hair/img001612.jpg,6,Black_Hair
img001560.jpg,star/stargan/Black_Hair/img001560.jpg,6,Black_Hair
img001395.jpg,star/stargan/Black_Hair/img001395.jpg,6,Black_Hair
img001500.jpg,star/stargan/Black_Hair/img001500.jpg,6,Black_Hair
img000394.jpg,star/stargan/Black_Hair/img000394.jpg,6,Black_Hair
img001105.jpg,star/stargan/Black_Hair/img001105.jpg,6,Black_Hair
img000107.jpg,star/stargan/Black_Hair/img000107.jpg,6,Black_Hair
img000864.jpg,star/stargan/Black_Hair/img000864.jpg,6,Black_Hair
img000536.jpg,star/stargan/Black_Hair/img000536.jpg,6,Black_Hair
img001413.jpg,star/stargan/Black_Hair/img001413.jpg,6,Black_Hair
img000259.jpg,star/stargan/Black_Hair/img000259.jpg,6,Black_Hair
img000625.jpg,star/stargan/Black_Hair/img000625.jpg,6,Black_Hair
img001327.jpg,star/stargan/Black_Hair/img001327.jpg,6,Black_Hair
img000127.jpg,star/stargan/Black_Hair/img000127.jpg,6,Black_Hair
img000237.jpg,star/stargan/Black_Hair/img000237.jpg,6,Black_Hair
img000638.jpg,star/stargan/Black_Hair/img000638.jpg,6,Black_Hair
img001879.jpg,star/stargan/Black_Hair/img001879.jpg,6,Black_Hair
img001278.jpg,star/stargan/Black_Hair/img001278.jpg,6,Black_Hair
img000006.jpg,star/stargan/Black_Hair/img000006.jpg,6,Black_Hair
img000152.jpg,star/stargan/Black_Hair/img000152.jpg,6,Black_Hair
img000897.jpg,star/stargan/Black_Hair/img000897.jpg,6,Black_Hair
img001748.jpg,star/stargan/Black_Hair/img001748.jpg,6,Black_Hair
img000699.jpg,star/stargan/Black_Hair/img000699.jpg,6,Black_Hair
img000369.jpg,star/stargan/Black_Hair/img000369.jpg,6,Black_Hair
img001319.jpg,star/stargan/Black_Hair/img001319.jpg,6,Black_Hair
img000147.jpg,star/stargan/Black_Hair/img000147.jpg,6,Black_Hair
img001944.jpg,star/stargan/Black_Hair/img001944.jpg,6,Black_Hair
img001835.jpg,star/stargan/Black_Hair/img001835.jpg,6,Black_Hair
img001157.jpg,star/stargan/Black_Hair/img001157.jpg,6,Black_Hair
img000296.jpg,star/stargan/Black_Hair/img000296.jpg,6,Black_Hair
img000631.jpg,star/stargan/Black_Hair/img000631.jpg,6,Black_Hair
img001110.jpg,star/stargan/Black_Hair/img001110.jpg,6,Black_Hair
img001257.jpg,star/stargan/Black_Hair/img001257.jpg,6,Black_Hair
img001929.jpg,star/stargan/Black_Hair/img001929.jpg,6,Black_Hair
img000223.jpg,star/stargan/Black_Hair/img000223.jpg,6,Black_Hair
img001230.jpg,star/stargan/Black_Hair/img001230.jpg,6,Black_Hair
img001406.jpg,star/stargan/Black_Hair/img001406.jpg,6,Black_Hair
img000865.jpg,star/stargan/Black_Hair/img000865.jpg,6,Black_Hair
img001703.jpg,star/stargan/Black_Hair/img001703.jpg,6,Black_Hair
img000305.jpg,star/stargan/Black_Hair/img000305.jpg,6,Black_Hair
img000011.jpg,star/stargan/Black_Hair/img000011.jpg,6,Black_Hair
img000634.jpg,star/stargan/Black_Hair/img000634.jpg,6,Black_Hair
img001768.jpg,star/stargan/Black_Hair/img001768.jpg,6,Black_Hair
img001341.jpg,star/stargan/Black_Hair/img001341.jpg,6,Black_Hair
img000697.jpg,star/stargan/Black_Hair/img000697.jpg,6,Black_Hair
img000839.jpg,star/stargan/Black_Hair/img000839.jpg,6,Black_Hair
img000832.jpg,star/stargan/Black_Hair/img000832.jpg,6,Black_Hair
img001810.jpg,star/stargan/Black_Hair/img001810.jpg,6,Black_Hair
img001894.jpg,star/stargan/Black_Hair/img001894.jpg,6,Black_Hair
img001058.jpg,star/stargan/Black_Hair/img001058.jpg,6,Black_Hair
img001109.jpg,star/stargan/Black_Hair/img001109.jpg,6,Black_Hair
img001625.jpg,star/stargan/Black_Hair/img001625.jpg,6,Black_Hair
img001144.jpg,star/stargan/Black_Hair/img001144.jpg,6,Black_Hair
img000648.jpg,star/stargan/Black_Hair/img000648.jpg,6,Black_Hair
img000356.jpg,star/stargan/Black_Hair/img000356.jpg,6,Black_Hair
img001252.jpg,star/stargan/Black_Hair/img001252.jpg,6,Black_Hair
img001971.jpg,star/stargan/Black_Hair/img001971.jpg,6,Black_Hair
img001565.jpg,star/stargan/Black_Hair/img001565.jpg,6,Black_Hair
img000258.jpg,star/stargan/Black_Hair/img000258.jpg,6,Black_Hair
img000405.jpg,star/stargan/Black_Hair/img000405.jpg,6,Black_Hair
img000330.jpg,star/stargan/Black_Hair/img000330.jpg,6,Black_Hair
img000351.jpg,star/stargan/Black_Hair/img000351.jpg,6,Black_Hair
img001556.jpg,star/stargan/Black_Hair/img001556.jpg,6,Black_Hair
img000802.jpg,star/stargan/Black_Hair/img000802.jpg,6,Black_Hair
img001447.jpg,star/stargan/Black_Hair/img001447.jpg,6,Black_Hair
img001702.jpg,star/stargan/Black_Hair/img001702.jpg,6,Black_Hair
img000030.jpg,star/stargan/Black_Hair/img000030.jpg,6,Black_Hair
img000564.jpg,star/stargan/Black_Hair/img000564.jpg,6,Black_Hair
img000390.jpg,star/stargan/Black_Hair/img000390.jpg,6,Black_Hair
img000616.jpg,star/stargan/Black_Hair/img000616.jpg,6,Black_Hair
img000583.jpg,star/stargan/Black_Hair/img000583.jpg,6,Black_Hair
img000842.jpg,star/stargan/Black_Hair/img000842.jpg,6,Black_Hair
img000443.jpg,star/stargan/Black_Hair/img000443.jpg,6,Black_Hair
img000476.jpg,star/stargan/Black_Hair/img000476.jpg,6,Black_Hair
img001217.jpg,star/stargan/Black_Hair/img001217.jpg,6,Black_Hair
img001517.jpg,star/stargan/Black_Hair/img001517.jpg,6,Black_Hair
img001780.jpg,star/stargan/Black_Hair/img001780.jpg,6,Black_Hair
img000262.jpg,star/stargan/Black_Hair/img000262.jpg,6,Black_Hair
img000269.jpg,star/stargan/Black_Hair/img000269.jpg,6,Black_Hair
img001030.jpg,star/stargan/Black_Hair/img001030.jpg,6,Black_Hair
img000417.jpg,star/stargan/Black_Hair/img000417.jpg,6,Black_Hair
img000901.jpg,star/stargan/Black_Hair/img000901.jpg,6,Black_Hair
img000470.jpg,star/stargan/Black_Hair/img000470.jpg,6,Black_Hair
img001397.jpg,star/stargan/Black_Hair/img001397.jpg,6,Black_Hair
img000471.jpg,star/stargan/Black_Hair/img000471.jpg,6,Black_Hair
img001092.jpg,star/stargan/Black_Hair/img001092.jpg,6,Black_Hair
img000925.jpg,star/stargan/Black_Hair/img000925.jpg,6,Black_Hair
img000573.jpg,star/stargan/Black_Hair/img000573.jpg,6,Black_Hair
img001390.jpg,star/stargan/Black_Hair/img001390.jpg,6,Black_Hair
img001115.jpg,star/stargan/Black_Hair/img001115.jpg,6,Black_Hair
img000992.jpg,star/stargan/Black_Hair/img000992.jpg,6,Black_Hair
img000704.jpg,star/stargan/Black_Hair/img000704.jpg,6,Black_Hair
img001182.jpg,star/stargan/Black_Hair/img001182.jpg,6,Black_Hair
img001511.jpg,star/stargan/Black_Hair/img001511.jpg,6,Black_Hair
img001796.jpg,star/stargan/Black_Hair/img001796.jpg,6,Black_Hair
img000432.jpg,star/stargan/Black_Hair/img000432.jpg,6,Black_Hair
img001841.jpg,star/stargan/Black_Hair/img001841.jpg,6,Black_Hair
img001483.jpg,star/stargan/Black_Hair/img001483.jpg,6,Black_Hair
img000119.jpg,star/stargan/Black_Hair/img000119.jpg,6,Black_Hair
img000794.jpg,star/stargan/Black_Hair/img000794.jpg,6,Black_Hair
img000862.jpg,star/stargan/Black_Hair/img000862.jpg,6,Black_Hair
img001065.jpg,star/stargan/Black_Hair/img001065.jpg,6,Black_Hair
img000099.jpg,star/stargan/Black_Hair/img000099.jpg,6,Black_Hair
img001237.jpg,star/stargan/Black_Hair/img001237.jpg,6,Black_Hair
img001281.jpg,star/stargan/Black_Hair/img001281.jpg,6,Black_Hair
img000456.jpg,star/stargan/Black_Hair/img000456.jpg,6,Black_Hair
img001888.jpg,star/stargan/Black_Hair/img001888.jpg,6,Black_Hair
img001264.jpg,star/stargan/Black_Hair/img001264.jpg,6,Black_Hair
img000088.jpg,star/stargan/Black_Hair/img000088.jpg,6,Black_Hair
img000186.jpg,star/stargan/Black_Hair/img000186.jpg,6,Black_Hair
img000290.jpg,star/stargan/Black_Hair/img000290.jpg,6,Black_Hair
img000346.jpg,star/stargan/Black_Hair/img000346.jpg,6,Black_Hair
img000148.jpg,star/stargan/Black_Hair/img000148.jpg,6,Black_Hair
img001378.jpg,star/stargan/Black_Hair/img001378.jpg,6,Black_Hair
img001445.jpg,star/stargan/Black_Hair/img001445.jpg,6,Black_Hair
img001298.jpg,star/stargan/Black_Hair/img001298.jpg,6,Black_Hair
img000545.jpg,star/stargan/Black_Hair/img000545.jpg,6,Black_Hair
img001958.jpg,star/stargan/Black_Hair/img001958.jpg,6,Black_Hair
img000227.jpg,star/stargan/Black_Hair/img000227.jpg,6,Black_Hair
img001507.jpg,star/stargan/Black_Hair/img001507.jpg,6,Black_Hair
img001889.jpg,star/stargan/Black_Hair/img001889.jpg,6,Black_Hair
img000391.jpg,star/stargan/Black_Hair/img000391.jpg,6,Black_Hair
img001338.jpg,star/stargan/Black_Hair/img001338.jpg,6,Black_Hair
img000292.jpg,star/stargan/Black_Hair/img000292.jpg,6,Black_Hair
img001223.jpg,star/stargan/Black_Hair/img001223.jpg,6,Black_Hair
img001073.jpg,star/stargan/Black_Hair/img001073.jpg,6,Black_Hair
img001799.jpg,star/stargan/Black_Hair/img001799.jpg,6,Black_Hair
img000009.jpg,star/stargan/Black_Hair/img000009.jpg,6,Black_Hair
img000541.jpg,star/stargan/Black_Hair/img000541.jpg,6,Black_Hair
img000858.jpg,star/stargan/Black_Hair/img000858.jpg,6,Black_Hair
img000434.jpg,star/stargan/Black_Hair/img000434.jpg,6,Black_Hair
img000307.jpg,star/stargan/Black_Hair/img000307.jpg,6,Black_Hair
img001191.jpg,star/stargan/Black_Hair/img001191.jpg,6,Black_Hair
img001151.jpg,star/stargan/Black_Hair/img001151.jpg,6,Black_Hair
img001485.jpg,star/stargan/Black_Hair/img001485.jpg,6,Black_Hair
img001243.jpg,star/stargan/Black_Hair/img001243.jpg,6,Black_Hair
img001096.jpg,star/stargan/Black_Hair/img001096.jpg,6,Black_Hair
img000206.jpg,star/stargan/Black_Hair/img000206.jpg,6,Black_Hair
img000723.jpg,star/stargan/Black_Hair/img000723.jpg,6,Black_Hair
img000537.jpg,star/stargan/Black_Hair/img000537.jpg,6,Black_Hair
img000381.jpg,star/stargan/Black_Hair/img000381.jpg,6,Black_Hair
img000215.jpg,star/stargan/Black_Hair/img000215.jpg,6,Black_Hair
img001071.jpg,star/stargan/Black_Hair/img001071.jpg,6,Black_Hair
img000455.jpg,star/stargan/Black_Hair/img000455.jpg,6,Black_Hair
img001553.jpg,star/stargan/Black_Hair/img001553.jpg,6,Black_Hair
img001315.jpg,star/stargan/Black_Hair/img001315.jpg,6,Black_Hair
img000503.jpg,star/stargan/Black_Hair/img000503.jpg,6,Black_Hair
img000041.jpg,star/stargan/Black_Hair/img000041.jpg,6,Black_Hair
img001001.jpg,star/stargan/Black_Hair/img001001.jpg,6,Black_Hair
img000516.jpg,star/stargan/Black_Hair/img000516.jpg,6,Black_Hair
img000479.jpg,star/stargan/Black_Hair/img000479.jpg,6,Black_Hair
img001652.jpg,star/stargan/Black_Hair/img001652.jpg,6,Black_Hair
img001549.jpg,star/stargan/Black_Hair/img001549.jpg,6,Black_Hair
img001411.jpg,star/stargan/Black_Hair/img001411.jpg,6,Black_Hair
img001087.jpg,star/stargan/Black_Hair/img001087.jpg,6,Black_Hair
img001741.jpg,star/stargan/Black_Hair/img001741.jpg,6,Black_Hair
img001310.jpg,star/stargan/Black_Hair/img001310.jpg,6,Black_Hair
img000491.jpg,star/stargan/Black_Hair/img000491.jpg,6,Black_Hair
img001174.jpg,star/stargan/Black_Hair/img001174.jpg,6,Black_Hair
img000078.jpg,star/stargan/Black_Hair/img000078.jpg,6,Black_Hair
img001628.jpg,star/stargan/Black_Hair/img001628.jpg,6,Black_Hair
img001646.jpg,star/stargan/Black_Hair/img001646.jpg,6,Black_Hair
img000438.jpg,star/stargan/Black_Hair/img000438.jpg,6,Black_Hair
img001829.jpg,star/stargan/Black_Hair/img001829.jpg,6,Black_Hair
img000888.jpg,star/stargan/Black_Hair/img000888.jpg,6,Black_Hair
img000370.jpg,star/stargan/Black_Hair/img000370.jpg,6,Black_Hair
img000584.jpg,star/stargan/Black_Hair/img000584.jpg,6,Black_Hair
img000224.jpg,star/stargan/Black_Hair/img000224.jpg,6,Black_Hair
img000040.jpg,star/stargan/Black_Hair/img000040.jpg,6,Black_Hair
img000851.jpg,star/stargan/Black_Hair/img000851.jpg,6,Black_Hair
img000628.jpg,star/stargan/Black_Hair/img000628.jpg,6,Black_Hair
img000097.jpg,star/stargan/Black_Hair/img000097.jpg,6,Black_Hair
img001049.jpg,star/stargan/Black_Hair/img001049.jpg,6,Black_Hair
img000424.jpg,star/stargan/Black_Hair/img000424.jpg,6,Black_Hair
img000377.jpg,star/stargan/Black_Hair/img000377.jpg,6,Black_Hair
img000989.jpg,star/stargan/Black_Hair/img000989.jpg,6,Black_Hair
img000477.jpg,star/stargan/Black_Hair/img000477.jpg,6,Black_Hair
img001054.jpg,star/stargan/Black_Hair/img001054.jpg,6,Black_Hair
img001160.jpg,star/stargan/Black_Hair/img001160.jpg,6,Black_Hair
img001957.jpg,star/stargan/Black_Hair/img001957.jpg,6,Black_Hair
img000605.jpg,star/stargan/Black_Hair/img000605.jpg,6,Black_Hair
img001316.jpg,star/stargan/Black_Hair/img001316.jpg,6,Black_Hair
img000923.jpg,star/stargan/Black_Hair/img000923.jpg,6,Black_Hair
img000936.jpg,star/stargan/Black_Hair/img000936.jpg,6,Black_Hair
img000871.jpg,star/stargan/Black_Hair/img000871.jpg,6,Black_Hair
img001398.jpg,star/stargan/Black_Hair/img001398.jpg,6,Black_Hair
img001812.jpg,star/stargan/Black_Hair/img001812.jpg,6,Black_Hair
img001645.jpg,star/stargan/Black_Hair/img001645.jpg,6,Black_Hair
img000624.jpg,star/stargan/Black_Hair/img000624.jpg,6,Black_Hair
img001797.jpg,star/stargan/Black_Hair/img001797.jpg,6,Black_Hair
img000729.jpg,star/stargan/Black_Hair/img000729.jpg,6,Black_Hair
img001699.jpg,star/stargan/Black_Hair/img001699.jpg,6,Black_Hair
img000216.jpg,star/stargan/Black_Hair/img000216.jpg,6,Black_Hair
img000285.jpg,star/stargan/Black_Hair/img000285.jpg,6,Black_Hair
img000392.jpg,star/stargan/Black_Hair/img000392.jpg,6,Black_Hair
img000226.jpg,star/stargan/Black_Hair/img000226.jpg,6,Black_Hair
img000460.jpg,star/stargan/Black_Hair/img000460.jpg,6,Black_Hair
img000338.jpg,star/stargan/Black_Hair/img000338.jpg,6,Black_Hair
img000326.jpg,star/stargan/Black_Hair/img000326.jpg,6,Black_Hair
img001145.jpg,star/stargan/Black_Hair/img001145.jpg,6,Black_Hair
img001016.jpg,star/stargan/Black_Hair/img001016.jpg,6,Black_Hair
img000528.jpg,star/stargan/Black_Hair/img000528.jpg,6,Black_Hair
img001593.jpg,star/stargan/Black_Hair/img001593.jpg,6,Black_Hair
img001501.jpg,star/stargan/Black_Hair/img001501.jpg,6,Black_Hair
img001300.jpg,star/stargan/Black_Hair/img001300.jpg,6,Black_Hair
img001126.jpg,star/stargan/Black_Hair/img001126.jpg,6,Black_Hair
img000260.jpg,star/stargan/Black_Hair/img000260.jpg,6,Black_Hair
img001755.jpg,star/stargan/Black_Hair/img001755.jpg,6,Black_Hair
img000257.jpg,star/stargan/Black_Hair/img000257.jpg,6,Black_Hair
img001634.jpg,star/stargan/Black_Hair/img001634.jpg,6,Black_Hair
img000035.jpg,star/stargan/Black_Hair/img000035.jpg,6,Black_Hair
img000364.jpg,star/stargan/Black_Hair/img000364.jpg,6,Black_Hair
img001363.jpg,star/stargan/Black_Hair/img001363.jpg,6,Black_Hair
img001142.jpg,star/stargan/Black_Hair/img001142.jpg,6,Black_Hair
img001077.jpg,star/stargan/Black_Hair/img001077.jpg,6,Black_Hair
img000379.jpg,star/stargan/Black_Hair/img000379.jpg,6,Black_Hair
img001714.jpg,star/stargan/Black_Hair/img001714.jpg,6,Black_Hair
img001715.jpg,star/stargan/Black_Hair/img001715.jpg,6,Black_Hair
img001870.jpg,star/stargan/Black_Hair/img001870.jpg,6,Black_Hair
img000824.jpg,star/stargan/Black_Hair/img000824.jpg,6,Black_Hair
img001362.jpg,star/stargan/Black_Hair/img001362.jpg,6,Black_Hair
img000430.jpg,star/stargan/Black_Hair/img000430.jpg,6,Black_Hair
img001321.jpg,star/stargan/Black_Hair/img001321.jpg,6,Black_Hair
img000431.jpg,star/stargan/Black_Hair/img000431.jpg,6,Black_Hair
img001084.jpg,star/stargan/Black_Hair/img001084.jpg,6,Black_Hair
img000105.jpg,star/stargan/Black_Hair/img000105.jpg,6,Black_Hair
img001393.jpg,star/stargan/Black_Hair/img001393.jpg,6,Black_Hair
img000685.jpg,star/stargan/Black_Hair/img000685.jpg,6,Black_Hair
img000170.jpg,star/stargan/Black_Hair/img000170.jpg,6,Black_Hair
img001683.jpg,star/stargan/Black_Hair/img001683.jpg,6,Black_Hair
img000261.jpg,star/stargan/Black_Hair/img000261.jpg,6,Black_Hair
img001802.jpg,star/stargan/Black_Hair/img001802.jpg,6,Black_Hair
img001140.jpg,star/stargan/Black_Hair/img001140.jpg,6,Black_Hair
img000195.jpg,star/stargan/Black_Hair/img000195.jpg,6,Black_Hair
img000524.jpg,star/stargan/Black_Hair/img000524.jpg,6,Black_Hair
img000082.jpg,star/stargan/Black_Hair/img000082.jpg,6,Black_Hair
img001761.jpg,star/stargan/Black_Hair/img001761.jpg,6,Black_Hair
img001433.jpg,star/stargan/Black_Hair/img001433.jpg,6,Black_Hair
img001686.jpg,star/stargan/Black_Hair/img001686.jpg,6,Black_Hair
img001791.jpg,star/stargan/Black_Hair/img001791.jpg,6,Black_Hair
img000754.jpg,star/stargan/Black_Hair/img000754.jpg,6,Black_Hair
img000951.jpg,star/stargan/Black_Hair/img000951.jpg,6,Black_Hair
img000703.jpg,star/stargan/Black_Hair/img000703.jpg,6,Black_Hair
img000154.jpg,star/stargan/Black_Hair/img000154.jpg,6,Black_Hair
img000741.jpg,star/stargan/Black_Hair/img000741.jpg,6,Black_Hair
img001497.jpg,star/stargan/Black_Hair/img001497.jpg,6,Black_Hair
img000894.jpg,star/stargan/Black_Hair/img000894.jpg,6,Black_Hair
img000143.jpg,star/stargan/Black_Hair/img000143.jpg,6,Black_Hair
img001371.jpg,star/stargan/Black_Hair/img001371.jpg,6,Black_Hair
img000779.jpg,star/stargan/Black_Hair/img000779.jpg,6,Black_Hair
img000567.jpg,star/stargan/Black_Hair/img000567.jpg,6,Black_Hair
img000517.jpg,star/stargan/Black_Hair/img000517.jpg,6,Black_Hair
img001374.jpg,star/stargan/Black_Hair/img001374.jpg,6,Black_Hair
img001690.jpg,star/stargan/Black_Hair/img001690.jpg,6,Black_Hair
img000008.jpg,star/stargan/Black_Hair/img000008.jpg,6,Black_Hair
img001680.jpg,star/stargan/Black_Hair/img001680.jpg,6,Black_Hair
img000716.jpg,star/stargan/Black_Hair/img000716.jpg,6,Black_Hair
img001287.jpg,star/stargan/Black_Hair/img001287.jpg,6,Black_Hair
img001885.jpg,star/stargan/Black_Hair/img001885.jpg,6,Black_Hair
img001124.jpg,star/stargan/Black_Hair/img001124.jpg,6,Black_Hair
img001920.jpg,star/stargan/Black_Hair/img001920.jpg,6,Black_Hair
img001856.jpg,star/stargan/Black_Hair/img001856.jpg,6,Black_Hair
img000441.jpg,star/stargan/Black_Hair/img000441.jpg,6,Black_Hair
img001769.jpg,star/stargan/Black_Hair/img001769.jpg,6,Black_Hair
img000054.jpg,star/stargan/Black_Hair/img000054.jpg,6,Black_Hair
img001550.jpg,star/stargan/Black_Hair/img001550.jpg,6,Black_Hair
img001836.jpg,star/stargan/Black_Hair/img001836.jpg,6,Black_Hair
img000462.jpg,star/stargan/Black_Hair/img000462.jpg,6,Black_Hair
img001837.jpg,star/stargan/Black_Hair/img001837.jpg,6,Black_Hair
img000934.jpg,star/stargan/Black_Hair/img000934.jpg,6,Black_Hair
img000146.jpg,star/stargan/Black_Hair/img000146.jpg,6,Black_Hair
img001825.jpg,star/stargan/Black_Hair/img001825.jpg,6,Black_Hair
img000812.jpg,star/stargan/Black_Hair/img000812.jpg,6,Black_Hair
img000922.jpg,star/stargan/Black_Hair/img000922.jpg,6,Black_Hair
img000106.jpg,star/stargan/Black_Hair/img000106.jpg,6,Black_Hair
img000264.jpg,star/stargan/Black_Hair/img000264.jpg,6,Black_Hair
img000840.jpg,star/stargan/Black_Hair/img000840.jpg,6,Black_Hair
img000737.jpg,star/stargan/Black_Hair/img000737.jpg,6,Black_Hair
img001066.jpg,star/stargan/Black_Hair/img001066.jpg,6,Black_Hair
img001231.jpg,star/stargan/Black_Hair/img001231.jpg,6,Black_Hair
img001184.jpg,star/stargan/Black_Hair/img001184.jpg,6,Black_Hair
img000427.jpg,star/stargan/Black_Hair/img000427.jpg,6,Black_Hair
img000854.jpg,star/stargan/Black_Hair/img000854.jpg,6,Black_Hair
img001991.jpg,star/stargan/Black_Hair/img001991.jpg,6,Black_Hair
img000796.jpg,star/stargan/Black_Hair/img000796.jpg,6,Black_Hair
img000165.jpg,star/stargan/Black_Hair/img000165.jpg,6,Black_Hair
img000791.jpg,star/stargan/Black_Hair/img000791.jpg,6,Black_Hair
img000780.jpg,star/stargan/Black_Hair/img000780.jpg,6,Black_Hair
img000902.jpg,star/stargan/Black_Hair/img000902.jpg,6,Black_Hair
img000454.jpg,star/stargan/Black_Hair/img000454.jpg,6,Black_Hair
img000463.jpg,star/stargan/Black_Hair/img000463.jpg,6,Black_Hair
img001516.jpg,star/stargan/Black_Hair/img001516.jpg,6,Black_Hair
img001534.jpg,star/stargan/Black_Hair/img001534.jpg,6,Black_Hair
img000506.jpg,star/stargan/Black_Hair/img000506.jpg,6,Black_Hair
img001617.jpg,star/stargan/Black_Hair/img001617.jpg,6,Black_Hair
img001770.jpg,star/stargan/Black_Hair/img001770.jpg,6,Black_Hair
img001554.jpg,star/stargan/Black_Hair/img001554.jpg,6,Black_Hair
img001218.jpg,star/stargan/Black_Hair/img001218.jpg,6,Black_Hair
img000063.jpg,star/stargan/Black_Hair/img000063.jpg,6,Black_Hair
img001031.jpg,star/stargan/Black_Hair/img001031.jpg,6,Black_Hair
img001276.jpg,star/stargan/Black_Hair/img001276.jpg,6,Black_Hair
img001095.jpg,star/stargan/Black_Hair/img001095.jpg,6,Black_Hair
img000599.jpg,star/stargan/Black_Hair/img000599.jpg,6,Black_Hair
img000239.jpg,star/stargan/Black_Hair/img000239.jpg,6,Black_Hair
img000333.jpg,star/stargan/Black_Hair/img000333.jpg,6,Black_Hair
img000058.jpg,star/stargan/Black_Hair/img000058.jpg,6,Black_Hair
img001857.jpg,star/stargan/Black_Hair/img001857.jpg,6,Black_Hair
img000061.jpg,star/stargan/Black_Hair/img000061.jpg,6,Black_Hair
img001481.jpg,star/stargan/Black_Hair/img001481.jpg,6,Black_Hair
img001038.jpg,star/stargan/Black_Hair/img001038.jpg,6,Black_Hair
img000669.jpg,star/stargan/Black_Hair/img000669.jpg,6,Black_Hair
img001813.jpg,star/stargan/Black_Hair/img001813.jpg,6,Black_Hair
img001271.jpg,star/stargan/Black_Hair/img001271.jpg,6,Black_Hair
img001898.jpg,star/stargan/Black_Hair/img001898.jpg,6,Black_Hair
img000615.jpg,star/stargan/Black_Hair/img000615.jpg,6,Black_Hair
img001385.jpg,star/stargan/Black_Hair/img001385.jpg,6,Black_Hair
img001782.jpg,star/stargan/Black_Hair/img001782.jpg,6,Black_Hair
img001732.jpg,star/stargan/Black_Hair/img001732.jpg,6,Black_Hair
img000311.jpg,star/stargan/Black_Hair/img000311.jpg,6,Black_Hair
img001872.jpg,star/stargan/Black_Hair/img001872.jpg,6,Black_Hair
img000279.jpg,star/stargan/Black_Hair/img000279.jpg,6,Black_Hair
img000912.jpg,star/stargan/Black_Hair/img000912.jpg,6,Black_Hair
img001116.jpg,star/stargan/Black_Hair/img001116.jpg,6,Black_Hair
img000380.jpg,star/stargan/Black_Hair/img000380.jpg,6,Black_Hair
img000420.jpg,star/stargan/Black_Hair/img000420.jpg,6,Black_Hair
img000994.jpg,star/stargan/Black_Hair/img000994.jpg,6,Black_Hair
img000304.jpg,star/stargan/Black_Hair/img000304.jpg,6,Black_Hair
img001173.jpg,star/stargan/Black_Hair/img001173.jpg,6,Black_Hair
img000552.jpg,star/stargan/Black_Hair/img000552.jpg,6,Black_Hair
img000784.jpg,star/stargan/Black_Hair/img000784.jpg,6,Black_Hair
img000109.jpg,star/stargan/Black_Hair/img000109.jpg,6,Black_Hair
img000976.jpg,star/stargan/Black_Hair/img000976.jpg,6,Black_Hair
img000933.jpg,star/stargan/Black_Hair/img000933.jpg,6,Black_Hair
img001167.jpg,star/stargan/Black_Hair/img001167.jpg,6,Black_Hair
img000238.jpg,star/stargan/Black_Hair/img000238.jpg,6,Black_Hair
img001615.jpg,star/stargan/Black_Hair/img001615.jpg,6,Black_Hair
img001760.jpg,star/stargan/Black_Hair/img001760.jpg,6,Black_Hair
img001450.jpg,star/stargan/Black_Hair/img001450.jpg,6,Black_Hair
img001633.jpg,star/stargan/Black_Hair/img001633.jpg,6,Black_Hair
img000402.jpg,star/stargan/Black_Hair/img000402.jpg,6,Black_Hair
img001750.jpg,star/stargan/Black_Hair/img001750.jpg,6,Black_Hair
img001135.jpg,star/stargan/Black_Hair/img001135.jpg,6,Black_Hair
img000266.jpg,star/stargan/Black_Hair/img000266.jpg,6,Black_Hair
img000409.jpg,star/stargan/Black_Hair/img000409.jpg,6,Black_Hair
img000873.jpg,star/stargan/Black_Hair/img000873.jpg,6,Black_Hair
img001892.jpg,star/stargan/Black_Hair/img001892.jpg,6,Black_Hair
img000930.jpg,star/stargan/Black_Hair/img000930.jpg,6,Black_Hair
img000544.jpg,star/stargan/Black_Hair/img000544.jpg,6,Black_Hair
img001655.jpg,star/stargan/Black_Hair/img001655.jpg,6,Black_Hair
img001685.jpg,star/stargan/Black_Hair/img001685.jpg,6,Black_Hair
img000718.jpg,star/stargan/Black_Hair/img000718.jpg,6,Black_Hair
img000773.jpg,star/stargan/Black_Hair/img000773.jpg,6,Black_Hair
img001542.jpg,star/stargan/Black_Hair/img001542.jpg,6,Black_Hair
img000806.jpg,star/stargan/Black_Hair/img000806.jpg,6,Black_Hair
img001392.jpg,star/stargan/Black_Hair/img001392.jpg,6,Black_Hair
img000342.jpg,star/stargan/Black_Hair/img000342.jpg,6,Black_Hair
img001552.jpg,star/stargan/Black_Hair/img001552.jpg,6,Black_Hair
img001139.jpg,star/stargan/Black_Hair/img001139.jpg,6,Black_Hair
img001717.jpg,star/stargan/Black_Hair/img001717.jpg,6,Black_Hair
img000426.jpg,star/stargan/Black_Hair/img000426.jpg,6,Black_Hair
img001117.jpg,star/stargan/Black_Hair/img001117.jpg,6,Black_Hair
img001676.jpg,star/stargan/Black_Hair/img001676.jpg,6,Black_Hair
img001551.jpg,star/stargan/Black_Hair/img001551.jpg,6,Black_Hair
img001277.jpg,star/stargan/Black_Hair/img001277.jpg,6,Black_Hair
img001981.jpg,star/stargan/Black_Hair/img001981.jpg,6,Black_Hair
img001120.jpg,star/stargan/Black_Hair/img001120.jpg,6,Black_Hair
img001024.jpg,star/stargan/Black_Hair/img001024.jpg,6,Black_Hair
img000284.jpg,star/stargan/Black_Hair/img000284.jpg,6,Black_Hair
img001927.jpg,star/stargan/Black_Hair/img001927.jpg,6,Black_Hair
img000440.jpg,star/stargan/Black_Hair/img000440.jpg,6,Black_Hair
img001572.jpg,star/stargan/Black_Hair/img001572.jpg,6,Black_Hair
img000588.jpg,star/stargan/Black_Hair/img000588.jpg,6,Black_Hair
img000234.jpg,star/stargan/Black_Hair/img000234.jpg,6,Black_Hair
img000000.jpg,star/stargan/Black_Hair/img000000.jpg,6,Black_Hair
img000091.jpg,star/stargan/Black_Hair/img000091.jpg,6,Black_Hair
img000121.jpg,star/stargan/Black_Hair/img000121.jpg,6,Black_Hair
img000052.jpg,star/stargan/Black_Hair/img000052.jpg,6,Black_Hair
img001200.jpg,star/stargan/Black_Hair/img001200.jpg,6,Black_Hair
img000331.jpg,star/stargan/Black_Hair/img000331.jpg,6,Black_Hair
img000302.jpg,star/stargan/Black_Hair/img000302.jpg,6,Black_Hair
img001088.jpg,star/stargan/Black_Hair/img001088.jpg,6,Black_Hair
img000841.jpg,star/stargan/Black_Hair/img000841.jpg,6,Black_Hair
img001059.jpg,star/stargan/Black_Hair/img001059.jpg,6,Black_Hair
img001987.jpg,star/stargan/Black_Hair/img001987.jpg,6,Black_Hair
img001936.jpg,star/stargan/Black_Hair/img001936.jpg,6,Black_Hair
img000138.jpg,star/stargan/Black_Hair/img000138.jpg,6,Black_Hair
img000196.jpg,star/stargan/Black_Hair/img000196.jpg,6,Black_Hair
img001389.jpg,star/stargan/Black_Hair/img001389.jpg,6,Black_Hair
img000957.jpg,star/stargan/Black_Hair/img000957.jpg,6,Black_Hair
img000482.jpg,star/stargan/Black_Hair/img000482.jpg,6,Black_Hair
img000451.jpg,star/stargan/Black_Hair/img000451.jpg,6,Black_Hair
img000592.jpg,star/stargan/Black_Hair/img000592.jpg,6,Black_Hair
img001764.jpg,star/stargan/Black_Hair/img001764.jpg,6,Black_Hair
img001578.jpg,star/stargan/Black_Hair/img001578.jpg,6,Black_Hair
img001948.jpg,star/stargan/Black_Hair/img001948.jpg,6,Black_Hair
img001425.jpg,star/stargan/Black_Hair/img001425.jpg,6,Black_Hair
img001675.jpg,star/stargan/Black_Hair/img001675.jpg,6,Black_Hair
img001149.jpg,star/stargan/Black_Hair/img001149.jpg,6,Black_Hair
img000310.jpg,star/stargan/Black_Hair/img000310.jpg,6,Black_Hair
img001955.jpg,star/stargan/Black_Hair/img001955.jpg,6,Black_Hair
img000753.jpg,star/stargan/Black_Hair/img000753.jpg,6,Black_Hair
img000233.jpg,star/stargan/Black_Hair/img000233.jpg,6,Black_Hair
img000473.jpg,star/stargan/Black_Hair/img000473.jpg,6,Black_Hair
img000014.jpg,star/stargan/Black_Hair/img000014.jpg,6,Black_Hair
img001272.jpg,star/stargan/Black_Hair/img001272.jpg,6,Black_Hair
img001728.jpg,star/stargan/Black_Hair/img001728.jpg,6,Black_Hair
img001989.jpg,star/stargan/Black_Hair/img001989.jpg,6,Black_Hair
img001372.jpg,star/stargan/Black_Hair/img001372.jpg,6,Black_Hair
img000254.jpg,star/stargan/Black_Hair/img000254.jpg,6,Black_Hair
img000439.jpg,star/stargan/Black_Hair/img000439.jpg,6,Black_Hair
img001967.jpg,star/stargan/Black_Hair/img001967.jpg,6,Black_Hair
img000396.jpg,star/stargan/Black_Hair/img000396.jpg,6,Black_Hair
img001855.jpg,star/stargan/Black_Hair/img001855.jpg,6,Black_Hair
img000586.jpg,star/stargan/Black_Hair/img000586.jpg,6,Black_Hair
img001793.jpg,star/stargan/Black_Hair/img001793.jpg,6,Black_Hair
img001903.jpg,star/stargan/Black_Hair/img001903.jpg,6,Black_Hair
img000892.jpg,star/stargan/Black_Hair/img000892.jpg,6,Black_Hair
img000042.jpg,star/stargan/Black_Hair/img000042.jpg,6,Black_Hair
img001832.jpg,star/stargan/Black_Hair/img001832.jpg,6,Black_Hair
img000693.jpg,star/stargan/Black_Hair/img000693.jpg,6,Black_Hair
img000168.jpg,star/stargan/Black_Hair/img000168.jpg,6,Black_Hair
img000572.jpg,star/stargan/Black_Hair/img000572.jpg,6,Black_Hair
img000559.jpg,star/stargan/Black_Hair/img000559.jpg,6,Black_Hair
img000658.jpg,star/stargan/Black_Hair/img000658.jpg,6,Black_Hair
img000192.jpg,star/stargan/Black_Hair/img000192.jpg,6,Black_Hair
img001324.jpg,star/stargan/Black_Hair/img001324.jpg,6,Black_Hair
img001526.jpg,star/stargan/Black_Hair/img001526.jpg,6,Black_Hair
img000706.jpg,star/stargan/Black_Hair/img000706.jpg,6,Black_Hair
img001737.jpg,star/stargan/Black_Hair/img001737.jpg,6,Black_Hair
img000746.jpg,star/stargan/Black_Hair/img000746.jpg,6,Black_Hair
img001657.jpg,star/stargan/Black_Hair/img001657.jpg,6,Black_Hair
img000358.jpg,star/stargan/Black_Hair/img000358.jpg,6,Black_Hair
img001978.jpg,star/stargan/Black_Hair/img001978.jpg,6,Black_Hair
img000317.jpg,star/stargan/Black_Hair/img000317.jpg,6,Black_Hair
img000637.jpg,star/stargan/Black_Hair/img000637.jpg,6,Black_Hair
img001254.jpg,star/stargan/Black_Hair/img001254.jpg,6,Black_Hair
img000403.jpg,star/stargan/Black_Hair/img000403.jpg,6,Black_Hair
img000675.jpg,star/stargan/Black_Hair/img000675.jpg,6,Black_Hair
img001925.jpg,star/stargan/Black_Hair/img001925.jpg,6,Black_Hair
img000919.jpg,star/stargan/Black_Hair/img000919.jpg,6,Black_Hair
img001013.jpg,star/stargan/Black_Hair/img001013.jpg,6,Black_Hair
img001637.jpg,star/stargan/Black_Hair/img001637.jpg,6,Black_Hair
img000218.jpg,star/stargan/Black_Hair/img000218.jpg,6,Black_Hair
img000301.jpg,star/stargan/Black_Hair/img000301.jpg,6,Black_Hair
img001566.jpg,star/stargan/Black_Hair/img001566.jpg,6,Black_Hair
img000209.jpg,star/stargan/Black_Hair/img000209.jpg,6,Black_Hair
img001639.jpg,star/stargan/Black_Hair/img001639.jpg,6,Black_Hair
img001900.jpg,star/stargan/Black_Hair/img001900.jpg,6,Black_Hair
img000563.jpg,star/stargan/Black_Hair/img000563.jpg,6,Black_Hair
img001350.jpg,star/stargan/Black_Hair/img001350.jpg,6,Black_Hair
img000164.jpg,star/stargan/Black_Hair/img000164.jpg,6,Black_Hair
img001473.jpg,star/stargan/Black_Hair/img001473.jpg,6,Black_Hair
img000297.jpg,star/stargan/Black_Hair/img000297.jpg,6,Black_Hair
img001430.jpg,star/stargan/Black_Hair/img001430.jpg,6,Black_Hair
img000114.jpg,star/stargan/Black_Hair/img000114.jpg,6,Black_Hair
img000788.jpg,star/stargan/Black_Hair/img000788.jpg,6,Black_Hair
img000875.jpg,star/stargan/Black_Hair/img000875.jpg,6,Black_Hair
img000751.jpg,star/stargan/Black_Hair/img000751.jpg,6,Black_Hair
img001074.jpg,star/stargan/Black_Hair/img001074.jpg,6,Black_Hair
img001283.jpg,star/stargan/Black_Hair/img001283.jpg,6,Black_Hair
img000681.jpg,star/stargan/Black_Hair/img000681.jpg,6,Black_Hair
img000917.jpg,star/stargan/Black_Hair/img000917.jpg,6,Black_Hair
img001180.jpg,star/stargan/Black_Hair/img001180.jpg,6,Black_Hair
img000362.jpg,star/stargan/Black_Hair/img000362.jpg,6,Black_Hair
img001986.jpg,star/stargan/Black_Hair/img001986.jpg,6,Black_Hair
img001805.jpg,star/stargan/Black_Hair/img001805.jpg,6,Black_Hair
img001163.jpg,star/stargan/Black_Hair/img001163.jpg,6,Black_Hair
img001280.jpg,star/stargan/Black_Hair/img001280.jpg,6,Black_Hair
img001457.jpg,star/stargan/Black_Hair/img001457.jpg,6,Black_Hair
img000162.jpg,star/stargan/Black_Hair/img000162.jpg,6,Black_Hair
img001459.jpg,star/stargan/Black_Hair/img001459.jpg,6,Black_Hair
img001417.jpg,star/stargan/Black_Hair/img001417.jpg,6,Black_Hair
img001840.jpg,star/stargan/Black_Hair/img001840.jpg,6,Black_Hair
img001972.jpg,star/stargan/Black_Hair/img001972.jpg,6,Black_Hair
img001152.jpg,star/stargan/Black_Hair/img001152.jpg,6,Black_Hair
img000043.jpg,star/stargan/Black_Hair/img000043.jpg,6,Black_Hair
img000800.jpg,star/stargan/Black_Hair/img000800.jpg,6,Black_Hair
img000029.jpg,star/stargan/Black_Hair/img000029.jpg,6,Black_Hair
img000815.jpg,star/stargan/Black_Hair/img000815.jpg,6,Black_Hair
img001642.jpg,star/stargan/Black_Hair/img001642.jpg,6,Black_Hair
img001823.jpg,star/stargan/Black_Hair/img001823.jpg,6,Black_Hair
img001245.jpg,star/stargan/Black_Hair/img001245.jpg,6,Black_Hair
img001749.jpg,star/stargan/Black_Hair/img001749.jpg,6,Black_Hair
img000885.jpg,star/stargan/Black_Hair/img000885.jpg,6,Black_Hair
img000593.jpg,star/stargan/Black_Hair/img000593.jpg,6,Black_Hair
img000365.jpg,star/stargan/Black_Hair/img000365.jpg,6,Black_Hair
img001376.jpg,star/stargan/Black_Hair/img001376.jpg,6,Black_Hair
img001101.jpg,star/stargan/Black_Hair/img001101.jpg,6,Black_Hair
img000281.jpg,star/stargan/Black_Hair/img000281.jpg,6,Black_Hair
img000866.jpg,star/stargan/Black_Hair/img000866.jpg,6,Black_Hair
img000575.jpg,star/stargan/Black_Hair/img000575.jpg,6,Black_Hair
img000543.jpg,star/stargan/Black_Hair/img000543.jpg,6,Black_Hair
img000614.jpg,star/stargan/Black_Hair/img000614.jpg,6,Black_Hair
img000713.jpg,star/stargan/Black_Hair/img000713.jpg,6,Black_Hair
img001706.jpg,star/stargan/Black_Hair/img001706.jpg,6,Black_Hair
img001233.jpg,star/stargan/Black_Hair/img001233.jpg,6,Black_Hair
img000353.jpg,star/stargan/Black_Hair/img000353.jpg,6,Black_Hair
img000820.jpg,star/stargan/Black_Hair/img000820.jpg,6,Black_Hair
img000137.jpg,star/stargan/Black_Hair/img000137.jpg,6,Black_Hair
img001902.jpg,star/stargan/Black_Hair/img001902.jpg,6,Black_Hair
img000762.jpg,star/stargan/Black_Hair/img000762.jpg,6,Black_Hair
img000828.jpg,star/stargan/Black_Hair/img000828.jpg,6,Black_Hair
img000332.jpg,star/stargan/Black_Hair/img000332.jpg,6,Black_Hair
img000037.jpg,star/stargan/Black_Hair/img000037.jpg,6,Black_Hair
img001190.jpg,star/stargan/Black_Hair/img001190.jpg,6,Black_Hair
img001012.jpg,star/stargan/Black_Hair/img001012.jpg,6,Black_Hair
img000807.jpg,star/stargan/Black_Hair/img000807.jpg,6,Black_Hair
img000529.jpg,star/stargan/Black_Hair/img000529.jpg,6,Black_Hair
img000954.jpg,star/stargan/Black_Hair/img000954.jpg,6,Black_Hair
img000325.jpg,star/stargan/Black_Hair/img000325.jpg,6,Black_Hair
img001508.jpg,star/stargan/Black_Hair/img001508.jpg,6,Black_Hair
img000867.jpg,star/stargan/Black_Hair/img000867.jpg,6,Black_Hair
img001094.jpg,star/stargan/Black_Hair/img001094.jpg,6,Black_Hair
img001465.jpg,star/stargan/Black_Hair/img001465.jpg,6,Black_Hair
img000064.jpg,star/stargan/Black_Hair/img000064.jpg,6,Black_Hair
img001489.jpg,star/stargan/Black_Hair/img001489.jpg,6,Black_Hair
img000724.jpg,star/stargan/Black_Hair/img000724.jpg,6,Black_Hair
img000388.jpg,star/stargan/Black_Hair/img000388.jpg,6,Black_Hair
img000931.jpg,star/stargan/Black_Hair/img000931.jpg,6,Black_Hair
img000321.jpg,star/stargan/Black_Hair/img000321.jpg,6,Black_Hair
img000230.jpg,star/stargan/Black_Hair/img000230.jpg,6,Black_Hair
img000149.jpg,star/stargan/Black_Hair/img000149.jpg,6,Black_Hair
img001248.jpg,star/stargan/Black_Hair/img001248.jpg,6,Black_Hair
img000067.jpg,star/stargan/Black_Hair/img000067.jpg,6,Black_Hair
img001940.jpg,star/stargan/Black_Hair/img001940.jpg,6,Black_Hair
img001624.jpg,star/stargan/Black_Hair/img001624.jpg,6,Black_Hair
img000176.jpg,star/stargan/Black_Hair/img000176.jpg,6,Black_Hair
img001985.jpg,star/stargan/Black_Hair/img001985.jpg,6,Black_Hair
img001739.jpg,star/stargan/Black_Hair/img001739.jpg,6,Black_Hair
img000053.jpg,star/stargan/Black_Hair/img000053.jpg,6,Black_Hair
img000059.jpg,star/stargan/Black_Hair/img000059.jpg,6,Black_Hair
img000603.jpg,star/stargan/Black_Hair/img000603.jpg,6,Black_Hair
img000831.jpg,star/stargan/Black_Hair/img000831.jpg,6,Black_Hair
img001746.jpg,star/stargan/Black_Hair/img001746.jpg,6,Black_Hair
img001804.jpg,star/stargan/Black_Hair/img001804.jpg,6,Black_Hair
img001544.jpg,star/stargan/Black_Hair/img001544.jpg,6,Black_Hair
img001424.jpg,star/stargan/Black_Hair/img001424.jpg,6,Black_Hair
img001779.jpg,star/stargan/Black_Hair/img001779.jpg,6,Black_Hair
img001614.jpg,star/stargan/Black_Hair/img001614.jpg,6,Black_Hair
img000730.jpg,star/stargan/Black_Hair/img000730.jpg,6,Black_Hair
img000034.jpg,star/stargan/Black_Hair/img000034.jpg,6,Black_Hair
img000211.jpg,star/stargan/Black_Hair/img000211.jpg,6,Black_Hair
img000359.jpg,star/stargan/Black_Hair/img000359.jpg,6,Black_Hair
img001573.jpg,star/stargan/Black_Hair/img001573.jpg,6,Black_Hair
img000495.jpg,star/stargan/Black_Hair/img000495.jpg,6,Black_Hair
img000104.jpg,star/stargan/Black_Hair/img000104.jpg,6,Black_Hair
img001458.jpg,star/stargan/Black_Hair/img001458.jpg,6,Black_Hair
img001921.jpg,star/stargan/Black_Hair/img001921.jpg,6,Black_Hair
img000561.jpg,star/stargan/Black_Hair/img000561.jpg,6,Black_Hair
img001193.jpg,star/stargan/Black_Hair/img001193.jpg,6,Black_Hair
img001035.jpg,star/stargan/Black_Hair/img001035.jpg,6,Black_Hair
img000786.jpg,star/stargan/Black_Hair/img000786.jpg,6,Black_Hair
img000836.jpg,star/stargan/Black_Hair/img000836.jpg,6,Black_Hair
img001790.jpg,star/stargan/Black_Hair/img001790.jpg,6,Black_Hair
img000371.jpg,star/stargan/Black_Hair/img000371.jpg,6,Black_Hair
img001426.jpg,star/stargan/Black_Hair/img001426.jpg,6,Black_Hair
img000727.jpg,star/stargan/Black_Hair/img000727.jpg,6,Black_Hair
img000935.jpg,star/stargan/Black_Hair/img000935.jpg,6,Black_Hair
img001072.jpg,star/stargan/Black_Hair/img001072.jpg,6,Black_Hair
img000587.jpg,star/stargan/Black_Hair/img000587.jpg,6,Black_Hair
img000057.jpg,star/stargan/Black_Hair/img000057.jpg,6,Black_Hair
img001107.jpg,star/stargan/Black_Hair/img001107.jpg,6,Black_Hair
img001009.jpg,star/stargan/Black_Hair/img001009.jpg,6,Black_Hair
img001792.jpg,star/stargan/Black_Hair/img001792.jpg,6,Black_Hair
img000500.jpg,star/stargan/Black_Hair/img000500.jpg,6,Black_Hair
img000613.jpg,star/stargan/Black_Hair/img000613.jpg,6,Black_Hair
img001546.jpg,star/stargan/Black_Hair/img001546.jpg,6,Black_Hair
img001273.jpg,star/stargan/Black_Hair/img001273.jpg,6,Black_Hair
img000700.jpg,star/stargan/Black_Hair/img000700.jpg,6,Black_Hair
img001616.jpg,star/stargan/Black_Hair/img001616.jpg,6,Black_Hair
img001668.jpg,star/stargan/Black_Hair/img001668.jpg,6,Black_Hair
img000687.jpg,star/stargan/Black_Hair/img000687.jpg,6,Black_Hair
img000189.jpg,star/stargan/Black_Hair/img000189.jpg,6,Black_Hair
img001635.jpg,star/stargan/Black_Hair/img001635.jpg,6,Black_Hair
img000646.jpg,star/stargan/Black_Hair/img000646.jpg,6,Black_Hair
img001743.jpg,star/stargan/Black_Hair/img001743.jpg,6,Black_Hair
img000343.jpg,star/stargan/Black_Hair/img000343.jpg,6,Black_Hair
img000386.jpg,star/stargan/Black_Hair/img000386.jpg,6,Black_Hair
img001435.jpg,star/stargan/Black_Hair/img001435.jpg,6,Black_Hair
img001083.jpg,star/stargan/Black_Hair/img001083.jpg,6,Black_Hair
img001224.jpg,star/stargan/Black_Hair/img001224.jpg,6,Black_Hair
img000853.jpg,star/stargan/Black_Hair/img000853.jpg,6,Black_Hair
img000308.jpg,star/stargan/Black_Hair/img000308.jpg,6,Black_Hair
img001904.jpg,star/stargan/Black_Hair/img001904.jpg,6,Black_Hair
img000996.jpg,star/stargan/Black_Hair/img000996.jpg,6,Black_Hair
img000995.jpg,star/stargan/Black_Hair/img000995.jpg,6,Black_Hair
img001854.jpg,star/stargan/Black_Hair/img001854.jpg,6,Black_Hair
img001941.jpg,star/stargan/Black_Hair/img001941.jpg,6,Black_Hair
img001539.jpg,star/stargan/Black_Hair/img001539.jpg,6,Black_Hair
img001128.jpg,star/stargan/Black_Hair/img001128.jpg,6,Black_Hair
img001178.jpg,star/stargan/Black_Hair/img001178.jpg,6,Black_Hair
img001665.jpg,star/stargan/Black_Hair/img001665.jpg,6,Black_Hair
img000385.jpg,star/stargan/Black_Hair/img000385.jpg,6,Black_Hair
img000719.jpg,star/stargan/Black_Hair/img000719.jpg,6,Black_Hair
img001111.jpg,star/stargan/Black_Hair/img001111.jpg,6,Black_Hair
img001776.jpg,star/stargan/Black_Hair/img001776.jpg,6,Black_Hair
img000876.jpg,star/stargan/Black_Hair/img000876.jpg,6,Black_Hair
img000956.jpg,star/stargan/Black_Hair/img000956.jpg,6,Black_Hair
img000757.jpg,star/stargan/Black_Hair/img000757.jpg,6,Black_Hair
img001147.jpg,star/stargan/Black_Hair/img001147.jpg,6,Black_Hair
img001917.jpg,star/stargan/Black_Hair/img001917.jpg,6,Black_Hair
img001674.jpg,star/stargan/Black_Hair/img001674.jpg,6,Black_Hair
img000112.jpg,star/stargan/Black_Hair/img000112.jpg,6,Black_Hair
img000629.jpg,star/stargan/Black_Hair/img000629.jpg,6,Black_Hair
img001682.jpg,star/stargan/Black_Hair/img001682.jpg,6,Black_Hair
img000974.jpg,star/stargan/Black_Hair/img000974.jpg,6,Black_Hair
img000830.jpg,star/stargan/Black_Hair/img000830.jpg,6,Black_Hair
img000337.jpg,star/stargan/Black_Hair/img000337.jpg,6,Black_Hair
img000787.jpg,star/stargan/Black_Hair/img000787.jpg,6,Black_Hair
img000280.jpg,star/stargan/Black_Hair/img000280.jpg,6,Black_Hair
img000023.jpg,star/stargan/Black_Hair/img000023.jpg,6,Black_Hair
img000702.jpg,star/stargan/Black_Hair/img000702.jpg,6,Black_Hair
img000745.jpg,star/stargan/Black_Hair/img000745.jpg,6,Black_Hair
img001754.jpg,star/stargan/Black_Hair/img001754.jpg,6,Black_Hair
img001166.jpg,star/stargan/Black_Hair/img001166.jpg,6,Black_Hair
img000157.jpg,star/stargan/Black_Hair/img000157.jpg,6,Black_Hair
img001742.jpg,star/stargan/Black_Hair/img001742.jpg,6,Black_Hair
img001910.jpg,star/stargan/Black_Hair/img001910.jpg,6,Black_Hair
img001574.jpg,star/stargan/Black_Hair/img001574.jpg,6,Black_Hair
img001028.jpg,star/stargan/Black_Hair/img001028.jpg,6,Black_Hair
img000509.jpg,star/stargan/Black_Hair/img000509.jpg,6,Black_Hair
img000859.jpg,star/stargan/Black_Hair/img000859.jpg,6,Black_Hair
img001901.jpg,star/stargan/Black_Hair/img001901.jpg,6,Black_Hair
img001421.jpg,star/stargan/Black_Hair/img001421.jpg,6,Black_Hair
img001543.jpg,star/stargan/Black_Hair/img001543.jpg,6,Black_Hair
img000953.jpg,star/stargan/Black_Hair/img000953.jpg,6,Black_Hair
img000945.jpg,star/stargan/Black_Hair/img000945.jpg,6,Black_Hair
img001916.jpg,star/stargan/Black_Hair/img001916.jpg,6,Black_Hair
img001509.jpg,star/stargan/Black_Hair/img001509.jpg,6,Black_Hair
img000949.jpg,star/stargan/Black_Hair/img000949.jpg,6,Black_Hair
img001939.jpg,star/stargan/Black_Hair/img001939.jpg,6,Black_Hair
img000622.jpg,star/stargan/Black_Hair/img000622.jpg,6,Black_Hair
img001580.jpg,star/stargan/Black_Hair/img001580.jpg,6,Black_Hair
img000151.jpg,star/stargan/Black_Hair/img000151.jpg,6,Black_Hair
img000863.jpg,star/stargan/Black_Hair/img000863.jpg,6,Black_Hair
img001323.jpg,star/stargan/Black_Hair/img001323.jpg,6,Black_Hair
img000926.jpg,star/stargan/Black_Hair/img000926.jpg,6,Black_Hair
img001641.jpg,star/stargan/Black_Hair/img001641.jpg,6,Black_Hair
img001691.jpg,star/stargan/Black_Hair/img001691.jpg,6,Black_Hair
img000007.jpg,star/stargan/Black_Hair/img000007.jpg,6,Black_Hair
img001192.jpg,star/stargan/Black_Hair/img001192.jpg,6,Black_Hair
img001461.jpg,star/stargan/Black_Hair/img001461.jpg,6,Black_Hair
img000231.jpg,star/stargan/Black_Hair/img000231.jpg,6,Black_Hair
img000444.jpg,star/stargan/Black_Hair/img000444.jpg,6,Black_Hair
img000783.jpg,star/stargan/Black_Hair/img000783.jpg,6,Black_Hair
img000652.jpg,star/stargan/Black_Hair/img000652.jpg,6,Black_Hair
img000507.jpg,star/stargan/Black_Hair/img000507.jpg,6,Black_Hair
img000749.jpg,star/stargan/Black_Hair/img000749.jpg,6,Black_Hair
img001559.jpg,star/stargan/Black_Hair/img001559.jpg,6,Black_Hair
img000810.jpg,star/stargan/Black_Hair/img000810.jpg,6,Black_Hair
img001339.jpg,star/stargan/Black_Hair/img001339.jpg,6,Black_Hair
img000735.jpg,star/stargan/Black_Hair/img000735.jpg,6,Black_Hair
img001734.jpg,star/stargan/Black_Hair/img001734.jpg,6,Black_Hair
img000609.jpg,star/stargan/Black_Hair/img000609.jpg,6,Black_Hair
img000667.jpg,star/stargan/Black_Hair/img000667.jpg,6,Black_Hair
img000483.jpg,star/stargan/Black_Hair/img000483.jpg,6,Black_Hair
img001513.jpg,star/stargan/Black_Hair/img001513.jpg,6,Black_Hair
img000553.jpg,star/stargan/Black_Hair/img000553.jpg,6,Black_Hair
img000060.jpg,star/stargan/Black_Hair/img000060.jpg,6,Black_Hair
img000414.jpg,star/stargan/Black_Hair/img000414.jpg,6,Black_Hair
img000672.jpg,star/stargan/Black_Hair/img000672.jpg,6,Black_Hair
img000896.jpg,star/stargan/Black_Hair/img000896.jpg,6,Black_Hair
img001493.jpg,star/stargan/Black_Hair/img001493.jpg,6,Black_Hair
img000219.jpg,star/stargan/Black_Hair/img000219.jpg,6,Black_Hair
img001335.jpg,star/stargan/Black_Hair/img001335.jpg,6,Black_Hair
img000769.jpg,star/stargan/Black_Hair/img000769.jpg,6,Black_Hair
img001154.jpg,star/stargan/Black_Hair/img001154.jpg,6,Black_Hair
img000512.jpg,star/stargan/Black_Hair/img000512.jpg,6,Black_Hair
img001667.jpg,star/stargan/Black_Hair/img001667.jpg,6,Black_Hair
img000770.jpg,star/stargan/Black_Hair/img000770.jpg,6,Black_Hair
img000355.jpg,star/stargan/Black_Hair/img000355.jpg,6,Black_Hair
img001047.jpg,star/stargan/Black_Hair/img001047.jpg,6,Black_Hair
img001304.jpg,star/stargan/Black_Hair/img001304.jpg,6,Black_Hair
img000072.jpg,star/stargan/Black_Hair/img000072.jpg,6,Black_Hair
img000185.jpg,star/stargan/Black_Hair/img000185.jpg,6,Black_Hair
img000446.jpg,star/stargan/Black_Hair/img000446.jpg,6,Black_Hair
img000565.jpg,star/stargan/Black_Hair/img000565.jpg,6,Black_Hair
img001842.jpg,star/stargan/Black_Hair/img001842.jpg,6,Black_Hair
img000546.jpg,star/stargan/Black_Hair/img000546.jpg,6,Black_Hair
img000776.jpg,star/stargan/Black_Hair/img000776.jpg,6,Black_Hair
img001365.jpg,star/stargan/Black_Hair/img001365.jpg,6,Black_Hair
img000775.jpg,star/stargan/Black_Hair/img000775.jpg,6,Black_Hair
img001021.jpg,star/stargan/Black_Hair/img001021.jpg,6,Black_Hair
img000551.jpg,star/stargan/Black_Hair/img000551.jpg,6,Black_Hair
img000731.jpg,star/stargan/Black_Hair/img000731.jpg,6,Black_Hair
img001290.jpg,star/stargan/Black_Hair/img001290.jpg,6,Black_Hair
img001555.jpg,star/stargan/Black_Hair/img001555.jpg,6,Black_Hair
img001019.jpg,star/stargan/Black_Hair/img001019.jpg,6,Black_Hair
img000094.jpg,star/stargan/Black_Hair/img000094.jpg,6,Black_Hair
img001735.jpg,star/stargan/Black_Hair/img001735.jpg,6,Black_Hair
img001673.jpg,star/stargan/Black_Hair/img001673.jpg,6,Black_Hair
img000005.jpg,star/stargan/Black_Hair/img000005.jpg,6,Black_Hair
img000837.jpg,star/stargan/Black_Hair/img000837.jpg,6,Black_Hair
img001973.jpg,star/stargan/Black_Hair/img001973.jpg,6,Black_Hair
img001849.jpg,star/stargan/Black_Hair/img001849.jpg,6,Black_Hair
img001293.jpg,star/stargan/Black_Hair/img001293.jpg,6,Black_Hair
img001236.jpg,star/stargan/Black_Hair/img001236.jpg,6,Black_Hair
img001730.jpg,star/stargan/Black_Hair/img001730.jpg,6,Black_Hair
img000181.jpg,star/stargan/Black_Hair/img000181.jpg,6,Black_Hair
img000610.jpg,star/stargan/Black_Hair/img000610.jpg,6,Black_Hair
img001965.jpg,star/stargan/Black_Hair/img001965.jpg,6,Black_Hair
img000904.jpg,star/stargan/Black_Hair/img000904.jpg,6,Black_Hair
img001361.jpg,star/stargan/Black_Hair/img001361.jpg,6,Black_Hair
img000874.jpg,star/stargan/Black_Hair/img000874.jpg,6,Black_Hair
img001907.jpg,star/stargan/Black_Hair/img001907.jpg,6,Black_Hair
img001251.jpg,star/stargan/Black_Hair/img001251.jpg,6,Black_Hair
img000975.jpg,star/stargan/Black_Hair/img000975.jpg,6,Black_Hair
img000096.jpg,star/stargan/Black_Hair/img000096.jpg,6,Black_Hair
img001843.jpg,star/stargan/Black_Hair/img001843.jpg,6,Black_Hair
img001537.jpg,star/stargan/Black_Hair/img001537.jpg,6,Black_Hair
img000887.jpg,star/stargan/Black_Hair/img000887.jpg,6,Black_Hair
img000813.jpg,star/stargan/Black_Hair/img000813.jpg,6,Black_Hair
img001570.jpg,star/stargan/Black_Hair/img001570.jpg,6,Black_Hair
img001134.jpg,star/stargan/Black_Hair/img001134.jpg,6,Black_Hair
img001440.jpg,star/stargan/Black_Hair/img001440.jpg,6,Black_Hair
img001607.jpg,star/stargan/Black_Hair/img001607.jpg,6,Black_Hair
img000682.jpg,star/stargan/Black_Hair/img000682.jpg,6,Black_Hair
img000085.jpg,star/stargan/Black_Hair/img000085.jpg,6,Black_Hair
img001632.jpg,star/stargan/Black_Hair/img001632.jpg,6,Black_Hair
img000251.jpg,star/stargan/Black_Hair/img000251.jpg,6,Black_Hair
img000193.jpg,star/stargan/Black_Hair/img000193.jpg,6,Black_Hair
img001478.jpg,star/stargan/Black_Hair/img001478.jpg,6,Black_Hair
img000514.jpg,star/stargan/Black_Hair/img000514.jpg,6,Black_Hair
img000271.jpg,star/stargan/Black_Hair/img000271.jpg,6,Black_Hair
img000501.jpg,star/stargan/Black_Hair/img000501.jpg,6,Black_Hair
img000571.jpg,star/stargan/Black_Hair/img000571.jpg,6,Black_Hair
img001091.jpg,star/stargan/Black_Hair/img001091.jpg,6,Black_Hair
img001865.jpg,star/stargan/Black_Hair/img001865.jpg,6,Black_Hair
img001404.jpg,star/stargan/Black_Hair/img001404.jpg,6,Black_Hair
img001995.jpg,star/stargan/Black_Hair/img001995.jpg,6,Black_Hair
img000990.jpg,star/stargan/Black_Hair/img000990.jpg,6,Black_Hair
img000916.jpg,star/stargan/Black_Hair/img000916.jpg,6,Black_Hair
img000965.jpg,star/stargan/Black_Hair/img000965.jpg,6,Black_Hair
img000987.jpg,star/stargan/Black_Hair/img000987.jpg,6,Black_Hair
img000017.jpg,star/stargan/Black_Hair/img000017.jpg,6,Black_Hair
img001006.jpg,star/stargan/Black_Hair/img001006.jpg,6,Black_Hair
img000027.jpg,star/stargan/Black_Hair/img000027.jpg,6,Black_Hair
img000709.jpg,star/stargan/Black_Hair/img000709.jpg,6,Black_Hair
img000918.jpg,star/stargan/Black_Hair/img000918.jpg,6,Black_Hair
img001044.jpg,star/stargan/Black_Hair/img001044.jpg,6,Black_Hair
img000039.jpg,star/stargan/Black_Hair/img000039.jpg,6,Black_Hair
img001303.jpg,star/stargan/Black_Hair/img001303.jpg,6,Black_Hair
img001463.jpg,star/stargan/Black_Hair/img001463.jpg,6,Black_Hair
img000108.jpg,star/stargan/Black_Hair/img000108.jpg,6,Black_Hair
img000092.jpg,star/stargan/Black_Hair/img000092.jpg,6,Black_Hair
img001561.jpg,star/stargan/Black_Hair/img001561.jpg,6,Black_Hair
img001571.jpg,star/stargan/Black_Hair/img001571.jpg,6,Black_Hair
img000958.jpg,star/stargan/Black_Hair/img000958.jpg,6,Black_Hair
img000623.jpg,star/stargan/Black_Hair/img000623.jpg,6,Black_Hair
img000525.jpg,star/stargan/Black_Hair/img000525.jpg,6,Black_Hair
img000167.jpg,star/stargan/Black_Hair/img000167.jpg,6,Black_Hair
img000242.jpg,star/stargan/Black_Hair/img000242.jpg,6,Black_Hair
img001448.jpg,star/stargan/Black_Hair/img001448.jpg,6,Black_Hair
img000777.jpg,star/stargan/Black_Hair/img000777.jpg,6,Black_Hair
img001188.jpg,star/stargan/Black_Hair/img001188.jpg,6,Black_Hair
img000689.jpg,star/stargan/Black_Hair/img000689.jpg,6,Black_Hair
img000213.jpg,star/stargan/Black_Hair/img000213.jpg,6,Black_Hair
img000582.jpg,star/stargan/Black_Hair/img000582.jpg,6,Black_Hair
img000522.jpg,star/stargan/Black_Hair/img000522.jpg,6,Black_Hair
img000368.jpg,star/stargan/Black_Hair/img000368.jpg,6,Black_Hair
img001976.jpg,star/stargan/Black_Hair/img001976.jpg,6,Black_Hair
img001387.jpg,star/stargan/Black_Hair/img001387.jpg,6,Black_Hair
img000594.jpg,star/stargan/Black_Hair/img000594.jpg,6,Black_Hair
img001494.jpg,star/stargan/Black_Hair/img001494.jpg,6,Black_Hair
img001333.jpg,star/stargan/Black_Hair/img001333.jpg,6,Black_Hair
img000761.jpg,star/stargan/Black_Hair/img000761.jpg,6,Black_Hair
img000883.jpg,star/stargan/Black_Hair/img000883.jpg,6,Black_Hair
img000015.jpg,star/stargan/Black_Hair/img000015.jpg,6,Black_Hair
img000617.jpg,star/stargan/Black_Hair/img000617.jpg,6,Black_Hair
img001744.jpg,star/stargan/Black_Hair/img001744.jpg,6,Black_Hair
img000421.jpg,star/stargan/Black_Hair/img000421.jpg,6,Black_Hair
img000245.jpg,star/stargan/Black_Hair/img000245.jpg,6,Black_Hair
img000907.jpg,star/stargan/Black_Hair/img000907.jpg,6,Black_Hair
img000790.jpg,star/stargan/Black_Hair/img000790.jpg,6,Black_Hair
img000350.jpg,star/stargan/Black_Hair/img000350.jpg,6,Black_Hair
img001156.jpg,star/stargan/Black_Hair/img001156.jpg,6,Black_Hair
img001788.jpg,star/stargan/Black_Hair/img001788.jpg,6,Black_Hair
img000988.jpg,star/stargan/Black_Hair/img000988.jpg,6,Black_Hair
img000645.jpg,star/stargan/Black_Hair/img000645.jpg,6,Black_Hair
img001118.jpg,star/stargan/Black_Hair/img001118.jpg,6,Black_Hair
img001034.jpg,star/stargan/Black_Hair/img001034.jpg,6,Black_Hair
img000910.jpg,star/stargan/Black_Hair/img000910.jpg,6,Black_Hair
img001183.jpg,star/stargan/Black_Hair/img001183.jpg,6,Black_Hair
img001575.jpg,star/stargan/Black_Hair/img001575.jpg,6,Black_Hair
img001609.jpg,star/stargan/Black_Hair/img001609.jpg,6,Black_Hair
img001923.jpg,star/stargan/Black_Hair/img001923.jpg,6,Black_Hair
img000018.jpg,star/stargan/Black_Hair/img000018.jpg,6,Black_Hair
img000852.jpg,star/stargan/Black_Hair/img000852.jpg,6,Black_Hair
img001611.jpg,star/stargan/Black_Hair/img001611.jpg,6,Black_Hair
img001408.jpg,star/stargan/Black_Hair/img001408.jpg,6,Black_Hair
img000568.jpg,star/stargan/Black_Hair/img000568.jpg,6,Black_Hair
img000938.jpg,star/stargan/Black_Hair/img000938.jpg,6,Black_Hair
img001288.jpg,star/stargan/Black_Hair/img001288.jpg,6,Black_Hair
img000768.jpg,star/stargan/Black_Hair/img000768.jpg,6,Black_Hair
img000328.jpg,star/stargan/Black_Hair/img000328.jpg,6,Black_Hair
img001868.jpg,star/stargan/Black_Hair/img001868.jpg,6,Black_Hair
img000961.jpg,star/stargan/Black_Hair/img000961.jpg,6,Black_Hair
img000891.jpg,star/stargan/Black_Hair/img000891.jpg,6,Black_Hair
img001449.jpg,star/stargan/Black_Hair/img001449.jpg,6,Black_Hair
img000255.jpg,star/stargan/Black_Hair/img000255.jpg,6,Black_Hair
img000798.jpg,star/stargan/Black_Hair/img000798.jpg,6,Black_Hair
img000156.jpg,star/stargan/Black_Hair/img000156.jpg,6,Black_Hair
img001727.jpg,star/stargan/Black_Hair/img001727.jpg,6,Black_Hair
img001974.jpg,star/stargan/Black_Hair/img001974.jpg,6,Black_Hair
img000283.jpg,star/stargan/Black_Hair/img000283.jpg,6,Black_Hair
img001294.jpg,star/stargan/Black_Hair/img001294.jpg,6,Black_Hair
img001777.jpg,star/stargan/Black_Hair/img001777.jpg,6,Black_Hair
img001057.jpg,star/stargan/Black_Hair/img001057.jpg,6,Black_Hair
img000056.jpg,star/stargan/Black_Hair/img000056.jpg,6,Black_Hair
img000425.jpg,star/stargan/Black_Hair/img000425.jpg,6,Black_Hair
img001844.jpg,star/stargan/Black_Hair/img001844.jpg,6,Black_Hair
img001296.jpg,star/stargan/Black_Hair/img001296.jpg,6,Black_Hair
img001131.jpg,star/stargan/Black_Hair/img001131.jpg,6,Black_Hair
img000418.jpg,star/stargan/Black_Hair/img000418.jpg,6,Black_Hair
img000068.jpg,star/stargan/Black_Hair/img000068.jpg,6,Black_Hair
img001659.jpg,star/stargan/Black_Hair/img001659.jpg,6,Black_Hair
img001165.jpg,star/stargan/Black_Hair/img001165.jpg,6,Black_Hair
img001705.jpg,star/stargan/Black_Hair/img001705.jpg,6,Black_Hair
img001027.jpg,star/stargan/Black_Hair/img001027.jpg,6,Black_Hair
img000879.jpg,star/stargan/Black_Hair/img000879.jpg,6,Black_Hair
img001518.jpg,star/stargan/Black_Hair/img001518.jpg,6,Black_Hair
img000327.jpg,star/stargan/Black_Hair/img000327.jpg,6,Black_Hair
img000339.jpg,star/stargan/Black_Hair/img000339.jpg,6,Black_Hair
img001268.jpg,star/stargan/Black_Hair/img001268.jpg,6,Black_Hair
img001794.jpg,star/stargan/Black_Hair/img001794.jpg,6,Black_Hair
img001436.jpg,star/stargan/Black_Hair/img001436.jpg,6,Black_Hair
img001654.jpg,star/stargan/Black_Hair/img001654.jpg,6,Black_Hair
img001367.jpg,star/stargan/Black_Hair/img001367.jpg,6,Black_Hair
img000367.jpg,star/stargan/Black_Hair/img000367.jpg,6,Black_Hair
img001762.jpg,star/stargan/Black_Hair/img001762.jpg,6,Black_Hair
img001569.jpg,star/stargan/Black_Hair/img001569.jpg,6,Black_Hair
img000357.jpg,star/stargan/Black_Hair/img000357.jpg,6,Black_Hair
img001852.jpg,star/stargan/Black_Hair/img001852.jpg,6,Black_Hair
img001983.jpg,star/stargan/Black_Hair/img001983.jpg,6,Black_Hair
img001205.jpg,star/stargan/Black_Hair/img001205.jpg,6,Black_Hair
img001477.jpg,star/stargan/Black_Hair/img001477.jpg,6,Black_Hair
img000738.jpg,star/stargan/Black_Hair/img000738.jpg,6,Black_Hair
img001475.jpg,star/stargan/Black_Hair/img001475.jpg,6,Black_Hair
img001656.jpg,star/stargan/Black_Hair/img001656.jpg,6,Black_Hair
img000393.jpg,star/stargan/Black_Hair/img000393.jpg,6,Black_Hair
img001228.jpg,star/stargan/Black_Hair/img001228.jpg,6,Black_Hair
img000898.jpg,star/stargan/Black_Hair/img000898.jpg,6,Black_Hair
img000184.jpg,star/stargan/Black_Hair/img000184.jpg,6,Black_Hair
img001041.jpg,star/stargan/Black_Hair/img001041.jpg,6,Black_Hair
img000340.jpg,star/stargan/Black_Hair/img000340.jpg,6,Black_Hair
img001040.jpg,star/stargan/Black_Hair/img001040.jpg,6,Black_Hair
img001538.jpg,star/stargan/Black_Hair/img001538.jpg,6,Black_Hair
img001678.jpg,star/stargan/Black_Hair/img001678.jpg,6,Black_Hair
img000191.jpg,star/stargan/Black_Hair/img000191.jpg,6,Black_Hair
img000410.jpg,star/stargan/Black_Hair/img000410.jpg,6,Black_Hair
img001037.jpg,star/stargan/Black_Hair/img001037.jpg,6,Black_Hair
img001416.jpg,star/stargan/Black_Hair/img001416.jpg,6,Black_Hair
img000010.jpg,star/stargan/Black_Hair/img000010.jpg,6,Black_Hair
img000959.jpg,star/stargan/Black_Hair/img000959.jpg,6,Black_Hair
img001150.jpg,star/stargan/Black_Hair/img001150.jpg,6,Black_Hair
img001488.jpg,star/stargan/Black_Hair/img001488.jpg,6,Black_Hair
img001713.jpg,star/stargan/Black_Hair/img001713.jpg,6,Black_Hair
img000505.jpg,star/stargan/Black_Hair/img000505.jpg,6,Black_Hair
img000050.jpg,star/stargan/Black_Hair/img000050.jpg,6,Black_Hair
img001938.jpg,star/stargan/Black_Hair/img001938.jpg,6,Black_Hair
img000141.jpg,star/stargan/Black_Hair/img000141.jpg,6,Black_Hair
img001515.jpg,star/stargan/Black_Hair/img001515.jpg,6,Black_Hair
img001711.jpg,star/stargan/Black_Hair/img001711.jpg,6,Black_Hair
img000673.jpg,star/stargan/Black_Hair/img000673.jpg,6,Black_Hair
img001491.jpg,star/stargan/Black_Hair/img001491.jpg,6,Black_Hair
img000596.jpg,star/stargan/Black_Hair/img000596.jpg,6,Black_Hair
img000998.jpg,star/stargan/Black_Hair/img000998.jpg,6,Black_Hair
img001861.jpg,star/stargan/Black_Hair/img001861.jpg,6,Black_Hair
img000708.jpg,star/stargan/Black_Hair/img000708.jpg,6,Black_Hair
img001202.jpg,star/stargan/Black_Hair/img001202.jpg,6,Black_Hair
img000222.jpg,star/stargan/Black_Hair/img000222.jpg,6,Black_Hair
img001503.jpg,star/stargan/Black_Hair/img001503.jpg,6,Black_Hair
img000187.jpg,star/stargan/Black_Hair/img000187.jpg,6,Black_Hair
img000198.jpg,star/stargan/Black_Hair/img000198.jpg,6,Black_Hair
img000161.jpg,star/stargan/Black_Hair/img000161.jpg,6,Black_Hair
img000115.jpg,star/stargan/Black_Hair/img000115.jpg,6,Black_Hair
img000570.jpg,star/stargan/Black_Hair/img000570.jpg,6,Black_Hair
img001474.jpg,star/stargan/Black_Hair/img001474.jpg,6,Black_Hair
img000488.jpg,star/stargan/Black_Hair/img000488.jpg,6,Black_Hair
img001698.jpg,star/stargan/Black_Hair/img001698.jpg,6,Black_Hair
img001220.jpg,star/stargan/Black_Hair/img001220.jpg,6,Black_Hair
img001204.jpg,star/stargan/Black_Hair/img001204.jpg,6,Black_Hair
img001108.jpg,star/stargan/Black_Hair/img001108.jpg,6,Black_Hair
img001420.jpg,star/stargan/Black_Hair/img001420.jpg,6,Black_Hair
img000128.jpg,star/stargan/Black_Hair/img000128.jpg,6,Black_Hair
img001623.jpg,star/stargan/Black_Hair/img001623.jpg,6,Black_Hair
img001179.jpg,star/stargan/Black_Hair/img001179.jpg,6,Black_Hair
img001215.jpg,star/stargan/Black_Hair/img001215.jpg,6,Black_Hair
img000636.jpg,star/stargan/Black_Hair/img000636.jpg,6,Black_Hair
img000464.jpg,star/stargan/Black_Hair/img000464.jpg,6,Black_Hair
img001644.jpg,star/stargan/Black_Hair/img001644.jpg,6,Black_Hair
img000826.jpg,star/stargan/Black_Hair/img000826.jpg,6,Black_Hair
img000759.jpg,star/stargan/Black_Hair/img000759.jpg,6,Black_Hair
img001731.jpg,star/stargan/Black_Hair/img001731.jpg,6,Black_Hair
img001745.jpg,star/stargan/Black_Hair/img001745.jpg,6,Black_Hair
img000744.jpg,star/stargan/Black_Hair/img000744.jpg,6,Black_Hair
img000627.jpg,star/stargan/Black_Hair/img000627.jpg,6,Black_Hair
img001377.jpg,star/stargan/Black_Hair/img001377.jpg,6,Black_Hair
img001171.jpg,star/stargan/Black_Hair/img001171.jpg,6,Black_Hair
img001133.jpg,star/stargan/Black_Hair/img001133.jpg,6,Black_Hair
img001914.jpg,star/stargan/Black_Hair/img001914.jpg,6,Black_Hair
img001238.jpg,star/stargan/Black_Hair/img001238.jpg,6,Black_Hair
img001314.jpg,star/stargan/Black_Hair/img001314.jpg,6,Black_Hair
img001826.jpg,star/stargan/Black_Hair/img001826.jpg,6,Black_Hair
img000526.jpg,star/stargan/Black_Hair/img000526.jpg,6,Black_Hair
img000484.jpg,star/stargan/Black_Hair/img000484.jpg,6,Black_Hair
img000655.jpg,star/stargan/Black_Hair/img000655.jpg,6,Black_Hair
img000291.jpg,star/stargan/Black_Hair/img000291.jpg,6,Black_Hair
img001877.jpg,star/stargan/Black_Hair/img001877.jpg,6,Black_Hair
img000533.jpg,star/stargan/Black_Hair/img000533.jpg,6,Black_Hair
img000031.jpg,star/stargan/Black_Hair/img000031.jpg,6,Black_Hair
img001522.jpg,star/stargan/Black_Hair/img001522.jpg,6,Black_Hair
img000299.jpg,star/stargan/Black_Hair/img000299.jpg,6,Black_Hair
img000081.jpg,star/stargan/Black_Hair/img000081.jpg,6,Black_Hair
img001317.jpg,star/stargan/Black_Hair/img001317.jpg,6,Black_Hair
img001726.jpg,star/stargan/Black_Hair/img001726.jpg,6,Black_Hair
img000955.jpg,star/stargan/Black_Hair/img000955.jpg,6,Black_Hair
img001211.jpg,star/stargan/Black_Hair/img001211.jpg,6,Black_Hair
img001400.jpg,star/stargan/Black_Hair/img001400.jpg,6,Black_Hair
img001198.jpg,star/stargan/Black_Hair/img001198.jpg,6,Black_Hair
img000838.jpg,star/stargan/Black_Hair/img000838.jpg,6,Black_Hair
img001878.jpg,star/stargan/Black_Hair/img001878.jpg,6,Black_Hair
img001401.jpg,star/stargan/Black_Hair/img001401.jpg,6,Black_Hair
img001259.jpg,star/stargan/Black_Hair/img001259.jpg,6,Black_Hair
img001867.jpg,star/stargan/Black_Hair/img001867.jpg,6,Black_Hair
img001838.jpg,star/stargan/Black_Hair/img001838.jpg,6,Black_Hair
img000003.jpg,star/stargan/Black_Hair/img000003.jpg,6,Black_Hair
img001099.jpg,star/stargan/Black_Hair/img001099.jpg,6,Black_Hair
img001246.jpg,star/stargan/Black_Hair/img001246.jpg,6,Black_Hair
img000755.jpg,star/stargan/Black_Hair/img000755.jpg,6,Black_Hair
img000182.jpg,star/stargan/Black_Hair/img000182.jpg,6,Black_Hair
img001487.jpg,star/stargan/Black_Hair/img001487.jpg,6,Black_Hair
img000349.jpg,star/stargan/Black_Hair/img000349.jpg,6,Black_Hair
img000502.jpg,star/stargan/Black_Hair/img000502.jpg,6,Black_Hair
img001946.jpg,star/stargan/Black_Hair/img001946.jpg,6,Black_Hair
img001752.jpg,star/stargan/Black_Hair/img001752.jpg,6,Black_Hair
img001692.jpg,star/stargan/Black_Hair/img001692.jpg,6,Black_Hair
img001789.jpg,star/stargan/Black_Hair/img001789.jpg,6,Black_Hair
img000903.jpg,star/stargan/Black_Hair/img000903.jpg,6,Black_Hair
img001352.jpg,star/stargan/Black_Hair/img001352.jpg,6,Black_Hair
img000055.jpg,star/stargan/Black_Hair/img000055.jpg,6,Black_Hair
img000442.jpg,star/stargan/Black_Hair/img000442.jpg,6,Black_Hair
img001422.jpg,star/stargan/Black_Hair/img001422.jpg,6,Black_Hair
img000437.jpg,star/stargan/Black_Hair/img000437.jpg,6,Black_Hair
img000360.jpg,star/stargan/Black_Hair/img000360.jpg,6,Black_Hair
img000844.jpg,star/stargan/Black_Hair/img000844.jpg,6,Black_Hair
img001567.jpg,star/stargan/Black_Hair/img001567.jpg,6,Black_Hair
img000562.jpg,star/stargan/Black_Hair/img000562.jpg,6,Black_Hair
img000518.jpg,star/stargan/Black_Hair/img000518.jpg,6,Black_Hair
img001908.jpg,star/stargan/Black_Hair/img001908.jpg,6,Black_Hair
img000101.jpg,star/stargan/Black_Hair/img000101.jpg,6,Black_Hair
img001618.jpg,star/stargan/Black_Hair/img001618.jpg,6,Black_Hair
img001359.jpg,star/stargan/Black_Hair/img001359.jpg,6,Black_Hair
img000711.jpg,star/stargan/Black_Hair/img000711.jpg,6,Black_Hair
img000472.jpg,star/stargan/Black_Hair/img000472.jpg,6,Black_Hair
img000433.jpg,star/stargan/Black_Hair/img000433.jpg,6,Black_Hair
img001933.jpg,star/stargan/Black_Hair/img001933.jpg,6,Black_Hair
img001954.jpg,star/stargan/Black_Hair/img001954.jpg,6,Black_Hair
img000531.jpg,star/stargan/Black_Hair/img000531.jpg,6,Black_Hair
img001382.jpg,star/stargan/Black_Hair/img001382.jpg,6,Black_Hair
img001313.jpg,star/stargan/Black_Hair/img001313.jpg,6,Black_Hair
img001619.jpg,star/stargan/Black_Hair/img001619.jpg,6,Black_Hair
img000882.jpg,star/stargan/Black_Hair/img000882.jpg,6,Black_Hair
img001370.jpg,star/stargan/Black_Hair/img001370.jpg,6,Black_Hair
img001596.jpg,star/stargan/Black_Hair/img001596.jpg,6,Black_Hair
img000045.jpg,star/stargan/Black_Hair/img000045.jpg,6,Black_Hair
img001053.jpg,star/stargan/Black_Hair/img001053.jpg,6,Black_Hair
img000993.jpg,star/stargan/Black_Hair/img000993.jpg,6,Black_Hair
img001201.jpg,star/stargan/Black_Hair/img001201.jpg,6,Black_Hair
img000659.jpg,star/stargan/Black_Hair/img000659.jpg,6,Black_Hair
img000809.jpg,star/stargan/Black_Hair/img000809.jpg,6,Black_Hair
img000928.jpg,star/stargan/Black_Hair/img000928.jpg,6,Black_Hair
img001803.jpg,star/stargan/Black_Hair/img001803.jpg,6,Black_Hair
img001681.jpg,star/stargan/Black_Hair/img001681.jpg,6,Black_Hair
img001869.jpg,star/stargan/Black_Hair/img001869.jpg,6,Black_Hair
img001651.jpg,star/stargan/Black_Hair/img001651.jpg,6,Black_Hair
img000021.jpg,star/stargan/Black_Hair/img000021.jpg,6,Black_Hair
img001080.jpg,star/stargan/Black_Hair/img001080.jpg,6,Black_Hair
img001759.jpg,star/stargan/Black_Hair/img001759.jpg,6,Black_Hair
img000678.jpg,star/stargan/Black_Hair/img000678.jpg,6,Black_Hair
img001265.jpg,star/stargan/Black_Hair/img001265.jpg,6,Black_Hair
img000752.jpg,star/stargan/Black_Hair/img000752.jpg,6,Black_Hair
img001733.jpg,star/stargan/Black_Hair/img001733.jpg,6,Black_Hair
img000939.jpg,star/stargan/Black_Hair/img000939.jpg,6,Black_Hair
img000889.jpg,star/stargan/Black_Hair/img000889.jpg,6,Black_Hair
img000558.jpg,star/stargan/Black_Hair/img000558.jpg,6,Black_Hair
img001586.jpg,star/stargan/Black_Hair/img001586.jpg,6,Black_Hair
img000352.jpg,star/stargan/Black_Hair/img000352.jpg,6,Black_Hair
img000166.jpg,star/stargan/Black_Hair/img000166.jpg,6,Black_Hair
img001801.jpg,star/stargan/Black_Hair/img001801.jpg,6,Black_Hair
img000972.jpg,star/stargan/Black_Hair/img000972.jpg,6,Black_Hair
img001143.jpg,star/stargan/Black_Hair/img001143.jpg,6,Black_Hair
img000715.jpg,star/stargan/Black_Hair/img000715.jpg,6,Black_Hair
img001679.jpg,star/stargan/Black_Hair/img001679.jpg,6,Black_Hair
img001263.jpg,star/stargan/Black_Hair/img001263.jpg,6,Black_Hair
img000641.jpg,star/stargan/Black_Hair/img000641.jpg,6,Black_Hair
img001932.jpg,star/stargan/Black_Hair/img001932.jpg,6,Black_Hair
img000118.jpg,star/stargan/Black_Hair/img000118.jpg,6,Black_Hair
img001256.jpg,star/stargan/Black_Hair/img001256.jpg,6,Black_Hair
img001209.jpg,star/stargan/Black_Hair/img001209.jpg,6,Black_Hair
img001876.jpg,star/stargan/Black_Hair/img001876.jpg,6,Black_Hair
img000666.jpg,star/stargan/Black_Hair/img000666.jpg,6,Black_Hair
img000772.jpg,star/stargan/Black_Hair/img000772.jpg,6,Black_Hair
img001226.jpg,star/stargan/Black_Hair/img001226.jpg,6,Black_Hair
img001603.jpg,star/stargan/Black_Hair/img001603.jpg,6,Black_Hair
img001318.jpg,star/stargan/Black_Hair/img001318.jpg,6,Black_Hair
img000971.jpg,star/stargan/Black_Hair/img000971.jpg,6,Black_Hair
img000397.jpg,star/stargan/Black_Hair/img000397.jpg,6,Black_Hair
img000943.jpg,star/stargan/Black_Hair/img000943.jpg,6,Black_Hair
img000908.jpg,star/stargan/Black_Hair/img000908.jpg,6,Black_Hair
img000384.jpg,star/stargan/Black_Hair/img000384.jpg,6,Black_Hair
img000984.jpg,star/stargan/Black_Hair/img000984.jpg,6,Black_Hair
img000808.jpg,star/stargan/Black_Hair/img000808.jpg,6,Black_Hair
img001663.jpg,star/stargan/Black_Hair/img001663.jpg,6,Black_Hair
img001470.jpg,star/stargan/Black_Hair/img001470.jpg,6,Black_Hair
img000886.jpg,star/stargan/Black_Hair/img000886.jpg,6,Black_Hair
img001664.jpg,star/stargan/Black_Hair/img001664.jpg,6,Black_Hair
img000453.jpg,star/stargan/Black_Hair/img000453.jpg,6,Black_Hair
img000336.jpg,star/stargan/Black_Hair/img000336.jpg,6,Black_Hair
img001783.jpg,star/stargan/Black_Hair/img001783.jpg,6,Black_Hair
img000657.jpg,star/stargan/Black_Hair/img000657.jpg,6,Black_Hair
img001197.jpg,star/stargan/Black_Hair/img001197.jpg,6,Black_Hair
img001471.jpg,star/stargan/Black_Hair/img001471.jpg,6,Black_Hair
img000515.jpg,star/stargan/Black_Hair/img000515.jpg,6,Black_Hair
img001373.jpg,star/stargan/Black_Hair/img001373.jpg,6,Black_Hair
img000778.jpg,star/stargan/Black_Hair/img000778.jpg,6,Black_Hair
img000177.jpg,star/stargan/Black_Hair/img000177.jpg,6,Black_Hair
img000004.jpg,star/stargan/Black_Hair/img000004.jpg,6,Black_Hair
img000086.jpg,star/stargan/Black_Hair/img000086.jpg,6,Black_Hair
img001977.jpg,star/stargan/Black_Hair/img001977.jpg,6,Black_Hair
img001846.jpg,star/stargan/Black_Hair/img001846.jpg,6,Black_Hair
img001719.jpg,star/stargan/Black_Hair/img001719.jpg,6,Black_Hair
img000927.jpg,star/stargan/Black_Hair/img000927.jpg,6,Black_Hair
img000940.jpg,star/stargan/Black_Hair/img000940.jpg,6,Black_Hair
img001997.jpg,star/stargan/Black_Hair/img001997.jpg,6,Black_Hair
img000872.jpg,star/stargan/Black_Hair/img000872.jpg,6,Black_Hair
img000848.jpg,star/stargan/Black_Hair/img000848.jpg,6,Black_Hair
img001990.jpg,star/stargan/Black_Hair/img001990.jpg,6,Black_Hair
img000785.jpg,star/stargan/Black_Hair/img000785.jpg,6,Black_Hair
img001610.jpg,star/stargan/Black_Hair/img001610.jpg,6,Black_Hair
img001895.jpg,star/stargan/Black_Hair/img001895.jpg,6,Black_Hair
img001527.jpg,star/stargan/Black_Hair/img001527.jpg,6,Black_Hair
img000789.jpg,star/stargan/Black_Hair/img000789.jpg,6,Black_Hair
img001330.jpg,star/stargan/Black_Hair/img001330.jpg,6,Black_Hair
img000676.jpg,star/stargan/Black_Hair/img000676.jpg,6,Black_Hair
img000782.jpg,star/stargan/Black_Hair/img000782.jpg,6,Black_Hair
img000742.jpg,star/stargan/Black_Hair/img000742.jpg,6,Black_Hair
img001866.jpg,star/stargan/Black_Hair/img001866.jpg,6,Black_Hair
img000190.jpg,star/stargan/Black_Hair/img000190.jpg,6,Black_Hair
img000985.jpg,star/stargan/Black_Hair/img000985.jpg,6,Black_Hair
img001229.jpg,star/stargan/Black_Hair/img001229.jpg,6,Black_Hair
img000758.jpg,star/stargan/Black_Hair/img000758.jpg,6,Black_Hair
img001648.jpg,star/stargan/Black_Hair/img001648.jpg,6,Black_Hair
img000131.jpg,star/stargan/Black_Hair/img000131.jpg,6,Black_Hair
img001075.jpg,star/stargan/Black_Hair/img001075.jpg,6,Black_Hair
img001270.jpg,star/stargan/Black_Hair/img001270.jpg,6,Black_Hair
img000406.jpg,star/stargan/Black_Hair/img000406.jpg,6,Black_Hair
img001146.jpg,star/stargan/Black_Hair/img001146.jpg,6,Black_Hair
img001409.jpg,star/stargan/Black_Hair/img001409.jpg,6,Black_Hair
img000449.jpg,star/stargan/Black_Hair/img000449.jpg,6,Black_Hair
img000946.jpg,star/stargan/Black_Hair/img000946.jpg,6,Black_Hair
img001629.jpg,star/stargan/Black_Hair/img001629.jpg,6,Black_Hair
img000695.jpg,star/stargan/Black_Hair/img000695.jpg,6,Black_Hair
img000400.jpg,star/stargan/Black_Hair/img000400.jpg,6,Black_Hair
img000404.jpg,star/stargan/Black_Hair/img000404.jpg,6,Black_Hair
img001817.jpg,star/stargan/Black_Hair/img001817.jpg,6,Black_Hair
img000382.jpg,star/stargan/Black_Hair/img000382.jpg,6,Black_Hair
img000130.jpg,star/stargan/Black_Hair/img000130.jpg,6,Black_Hair
img001068.jpg,star/stargan/Black_Hair/img001068.jpg,6,Black_Hair
img000412.jpg,star/stargan/Black_Hair/img000412.jpg,6,Black_Hair
img001239.jpg,star/stargan/Black_Hair/img001239.jpg,6,Black_Hair
img001620.jpg,star/stargan/Black_Hair/img001620.jpg,6,Black_Hair
img001467.jpg,star/stargan/Black_Hair/img001467.jpg,6,Black_Hair
img001301.jpg,star/stargan/Black_Hair/img001301.jpg,6,Black_Hair
img000256.jpg,star/stargan/Black_Hair/img000256.jpg,6,Black_Hair
img001194.jpg,star/stargan/Black_Hair/img001194.jpg,6,Black_Hair
img001729.jpg,star/stargan/Black_Hair/img001729.jpg,6,Black_Hair
img000781.jpg,star/stargan/Black_Hair/img000781.jpg,6,Black_Hair
img000033.jpg,star/stargan/Black_Hair/img000033.jpg,6,Black_Hair
img001062.jpg,star/stargan/Black_Hair/img001062.jpg,6,Black_Hair
img000765.jpg,star/stargan/Black_Hair/img000765.jpg,6,Black_Hair
img001414.jpg,star/stargan/Black_Hair/img001414.jpg,6,Black_Hair
img000435.jpg,star/stargan/Black_Hair/img000435.jpg,6,Black_Hair
img000947.jpg,star/stargan/Black_Hair/img000947.jpg,6,Black_Hair
img001130.jpg,star/stargan/Black_Hair/img001130.jpg,6,Black_Hair
img000448.jpg,star/stargan/Black_Hair/img000448.jpg,6,Black_Hair
img000212.jpg,star/stargan/Black_Hair/img000212.jpg,6,Black_Hair
img000929.jpg,star/stargan/Black_Hair/img000929.jpg,6,Black_Hair
img001403.jpg,star/stargan/Black_Hair/img001403.jpg,6,Black_Hair
img001020.jpg,star/stargan/Black_Hair/img001020.jpg,6,Black_Hair
img000117.jpg,star/stargan/Black_Hair/img000117.jpg,6,Black_Hair
img001364.jpg,star/stargan/Black_Hair/img001364.jpg,6,Black_Hair
img001688.jpg,star/stargan/Black_Hair/img001688.jpg,6,Black_Hair
img000048.jpg,star/stargan/Black_Hair/img000048.jpg,6,Black_Hair
img001222.jpg,star/stargan/Black_Hair/img001222.jpg,6,Black_Hair
img000726.jpg,star/stargan/Black_Hair/img000726.jpg,6,Black_Hair
img000429.jpg,star/stargan/Black_Hair/img000429.jpg,6,Black_Hair
img000419.jpg,star/stargan/Black_Hair/img000419.jpg,6,Black_Hair
img001828.jpg,star/stargan/Black_Hair/img001828.jpg,6,Black_Hair
img001308.jpg,star/stargan/Black_Hair/img001308.jpg,6,Black_Hair
img001419.jpg,star/stargan/Black_Hair/img001419.jpg,6,Black_Hair
img000020.jpg,star/stargan/Black_Hair/img000020.jpg,6,Black_Hair
img000833.jpg,star/stargan/Black_Hair/img000833.jpg,6,Black_Hair
img000180.jpg,star/stargan/Black_Hair/img000180.jpg,6,Black_Hair
img001775.jpg,star/stargan/Black_Hair/img001775.jpg,6,Black_Hair
img000214.jpg,star/stargan/Black_Hair/img000214.jpg,6,Black_Hair
img000542.jpg,star/stargan/Black_Hair/img000542.jpg,6,Black_Hair
img001337.jpg,star/stargan/Black_Hair/img001337.jpg,6,Black_Hair
img001045.jpg,star/stargan/Black_Hair/img001045.jpg,6,Black_Hair
img001196.jpg,star/stargan/Black_Hair/img001196.jpg,6,Black_Hair
img001774.jpg,star/stargan/Black_Hair/img001774.jpg,6,Black_Hair
img000860.jpg,star/stargan/Black_Hair/img000860.jpg,6,Black_Hair
img000857.jpg,star/stargan/Black_Hair/img000857.jpg,6,Black_Hair
img001052.jpg,star/stargan/Black_Hair/img001052.jpg,6,Black_Hair
img000535.jpg,star/stargan/Black_Hair/img000535.jpg,6,Black_Hair
img000268.jpg,star/stargan/Black_Hair/img000268.jpg,6,Black_Hair
img001379.jpg,star/stargan/Black_Hair/img001379.jpg,6,Black_Hair
img000952.jpg,star/stargan/Black_Hair/img000952.jpg,6,Black_Hair
img001153.jpg,star/stargan/Black_Hair/img001153.jpg,6,Black_Hair
img000374.jpg,star/stargan/Black_Hair/img000374.jpg,6,Black_Hair
img001214.jpg,star/stargan/Black_Hair/img001214.jpg,6,Black_Hair
img001358.jpg,star/stargan/Black_Hair/img001358.jpg,6,Black_Hair
img001100.jpg,star/stargan/Black_Hair/img001100.jpg,6,Black_Hair
img001584.jpg,star/stargan/Black_Hair/img001584.jpg,6,Black_Hair
img000481.jpg,star/stargan/Black_Hair/img000481.jpg,6,Black_Hair
img001082.jpg,star/stargan/Black_Hair/img001082.jpg,6,Black_Hair
img000466.jpg,star/stargan/Black_Hair/img000466.jpg,6,Black_Hair
img000314.jpg,star/stargan/Black_Hair/img000314.jpg,6,Black_Hair
img001887.jpg,star/stargan/Black_Hair/img001887.jpg,6,Black_Hair
img000022.jpg,star/stargan/Black_Hair/img000022.jpg,6,Black_Hair
img000125.jpg,star/stargan/Black_Hair/img000125.jpg,6,Black_Hair
img001441.jpg,star/stargan/Black_Hair/img001441.jpg,6,Black_Hair
img000932.jpg,star/stargan/Black_Hair/img000932.jpg,6,Black_Hair
img000079.jpg,star/stargan/Black_Hair/img000079.jpg,6,Black_Hair
img000415.jpg,star/stargan/Black_Hair/img000415.jpg,6,Black_Hair
img000487.jpg,star/stargan/Black_Hair/img000487.jpg,6,Black_Hair
img000277.jpg,star/stargan/Black_Hair/img000277.jpg,6,Black_Hair
img000363.jpg,star/stargan/Black_Hair/img000363.jpg,6,Black_Hair
img000577.jpg,star/stargan/Black_Hair/img000577.jpg,6,Black_Hair
img000701.jpg,star/stargan/Black_Hair/img000701.jpg,6,Black_Hair
img000520.jpg,star/stargan/Black_Hair/img000520.jpg,6,Black_Hair
img001368.jpg,star/stargan/Black_Hair/img001368.jpg,6,Black_Hair
img000249.jpg,star/stargan/Black_Hair/img000249.jpg,6,Black_Hair
img000120.jpg,star/stargan/Black_Hair/img000120.jpg,6,Black_Hair
img001289.jpg,star/stargan/Black_Hair/img001289.jpg,6,Black_Hair
img000611.jpg,star/stargan/Black_Hair/img000611.jpg,6,Black_Hair
img001951.jpg,star/stargan/Black_Hair/img001951.jpg,6,Black_Hair
img001787.jpg,star/stargan/Black_Hair/img001787.jpg,6,Black_Hair
img001454.jpg,star/stargan/Black_Hair/img001454.jpg,6,Black_Hair
img001462.jpg,star/stargan/Black_Hair/img001462.jpg,6,Black_Hair
img001104.jpg,star/stargan/Black_Hair/img001104.jpg,6,Black_Hair
img001563.jpg,star/stargan/Black_Hair/img001563.jpg,6,Black_Hair
img001029.jpg,star/stargan/Black_Hair/img001029.jpg,6,Black_Hair
img001716.jpg,star/stargan/Black_Hair/img001716.jpg,6,Black_Hair
img001709.jpg,star/stargan/Black_Hair/img001709.jpg,6,Black_Hair
img001800.jpg,star/stargan/Black_Hair/img001800.jpg,6,Black_Hair
img001696.jpg,star/stargan/Black_Hair/img001696.jpg,6,Black_Hair
img001505.jpg,star/stargan/Black_Hair/img001505.jpg,6,Black_Hair
img000626.jpg,star/stargan/Black_Hair/img000626.jpg,6,Black_Hair
img000422.jpg,star/stargan/Black_Hair/img000422.jpg,6,Black_Hair
img001262.jpg,star/stargan/Black_Hair/img001262.jpg,6,Black_Hair
img001386.jpg,star/stargan/Black_Hair/img001386.jpg,6,Black_Hair
img001187.jpg,star/stargan/Black_Hair/img001187.jpg,6,Black_Hair
img000590.jpg,star/stargan/Black_Hair/img000590.jpg,6,Black_Hair
img001347.jpg,star/stargan/Black_Hair/img001347.jpg,6,Black_Hair
img000049.jpg,star/stargan/Black_Hair/img000049.jpg,6,Black_Hair
img000712.jpg,star/stargan/Black_Hair/img000712.jpg,6,Black_Hair
img000774.jpg,star/stargan/Black_Hair/img000774.jpg,6,Black_Hair
img000639.jpg,star/stargan/Black_Hair/img000639.jpg,6,Black_Hair
img000389.jpg,star/stargan/Black_Hair/img000389.jpg,6,Black_Hair
img000246.jpg,star/stargan/Black_Hair/img000246.jpg,6,Black_Hair
img001181.jpg,star/stargan/Black_Hair/img001181.jpg,6,Black_Hair
img001919.jpg,star/stargan/Black_Hair/img001919.jpg,6,Black_Hair
img001912.jpg,star/stargan/Black_Hair/img001912.jpg,6,Black_Hair
img001847.jpg,star/stargan/Black_Hair/img001847.jpg,6,Black_Hair
img001875.jpg,star/stargan/Black_Hair/img001875.jpg,6,Black_Hair
img000329.jpg,star/stargan/Black_Hair/img000329.jpg,6,Black_Hair
img001771.jpg,star/stargan/Black_Hair/img001771.jpg,6,Black_Hair
img001943.jpg,star/stargan/Black_Hair/img001943.jpg,6,Black_Hair
img000335.jpg,star/stargan/Black_Hair/img000335.jpg,6,Black_Hair
img000236.jpg,star/stargan/Black_Hair/img000236.jpg,6,Black_Hair
img001834.jpg,star/stargan/Black_Hair/img001834.jpg,6,Black_Hair
img000270.jpg,star/stargan/Black_Hair/img000270.jpg,6,Black_Hair
img001606.jpg,star/stargan/Black_Hair/img001606.jpg,6,Black_Hair
img001942.jpg,star/stargan/Black_Hair/img001942.jpg,6,Black_Hair
img001011.jpg,star/stargan/Black_Hair/img001011.jpg,6,Black_Hair
img001356.jpg,star/stargan/Black_Hair/img001356.jpg,6,Black_Hair
img001022.jpg,star/stargan/Black_Hair/img001022.jpg,6,Black_Hair
img000692.jpg,star/stargan/Black_Hair/img000692.jpg,6,Black_Hair
img000306.jpg,star/stargan/Black_Hair/img000306.jpg,6,Black_Hair
img001778.jpg,star/stargan/Black_Hair/img001778.jpg,6,Black_Hair
img001129.jpg,star/stargan/Black_Hair/img001129.jpg,6,Black_Hair
img000924.jpg,star/stargan/Black_Hair/img000924.jpg,6,Black_Hair
img001693.jpg,star/stargan/Black_Hair/img001693.jpg,6,Black_Hair
img000110.jpg,star/stargan/Black_Hair/img000110.jpg,6,Black_Hair
img001514.jpg,star/stargan/Black_Hair/img001514.jpg,6,Black_Hair
img001306.jpg,star/stargan/Black_Hair/img001306.jpg,6,Black_Hair
img000698.jpg,star/stargan/Black_Hair/img000698.jpg,6,Black_Hair
img001434.jpg,star/stargan/Black_Hair/img001434.jpg,6,Black_Hair
img001956.jpg,star/stargan/Black_Hair/img001956.jpg,6,Black_Hair
img001798.jpg,star/stargan/Black_Hair/img001798.jpg,6,Black_Hair
img000540.jpg,star/stargan/Black_Hair/img000540.jpg,6,Black_Hair
img001851.jpg,star/stargan/Black_Hair/img001851.jpg,6,Black_Hair
img000183.jpg,star/stargan/Black_Hair/img000183.jpg,6,Black_Hair
img001945.jpg,star/stargan/Black_Hair/img001945.jpg,6,Black_Hair
img000019.jpg,star/stargan/Black_Hair/img000019.jpg,6,Black_Hair
img000126.jpg,star/stargan/Black_Hair/img000126.jpg,6,Black_Hair
img000044.jpg,star/stargan/Black_Hair/img000044.jpg,6,Black_Hair
img001098.jpg,star/stargan/Black_Hair/img001098.jpg,6,Black_Hair
img001357.jpg,star/stargan/Black_Hair/img001357.jpg,6,Black_Hair
img001025.jpg,star/stargan/Black_Hair/img001025.jpg,6,Black_Hair
img001444.jpg,star/stargan/Black_Hair/img001444.jpg,6,Black_Hair
img000793.jpg,star/stargan/Black_Hair/img000793.jpg,6,Black_Hair
img001594.jpg,star/stargan/Black_Hair/img001594.jpg,6,Black_Hair
img001601.jpg,star/stargan/Black_Hair/img001601.jpg,6,Black_Hair
img000717.jpg,star/stargan/Black_Hair/img000717.jpg,6,Black_Hair
img001312.jpg,star/stargan/Black_Hair/img001312.jpg,6,Black_Hair
img001113.jpg,star/stargan/Black_Hair/img001113.jpg,6,Black_Hair
img000734.jpg,star/stargan/Black_Hair/img000734.jpg,6,Black_Hair
img001598.jpg,star/stargan/Black_Hair/img001598.jpg,6,Black_Hair
img000102.jpg,star/stargan/Black_Hair/img000102.jpg,6,Black_Hair
img000980.jpg,star/stargan/Black_Hair/img000980.jpg,6,Black_Hair
img001930.jpg,star/stargan/Black_Hair/img001930.jpg,6,Black_Hair
img000538.jpg,star/stargan/Black_Hair/img000538.jpg,6,Black_Hair
img001132.jpg,star/stargan/Black_Hair/img001132.jpg,6,Black_Hair
img000801.jpg,star/stargan/Black_Hair/img000801.jpg,6,Black_Hair
img001795.jpg,star/stargan/Black_Hair/img001795.jpg,6,Black_Hair
img001172.jpg,star/stargan/Black_Hair/img001172.jpg,6,Black_Hair
img001568.jpg,star/stargan/Black_Hair/img001568.jpg,6,Black_Hair
img001909.jpg,star/stargan/Black_Hair/img001909.jpg,6,Black_Hair
img000835.jpg,star/stargan/Black_Hair/img000835.jpg,6,Black_Hair
img000485.jpg,star/stargan/Black_Hair/img000485.jpg,6,Black_Hair
img001599.jpg,star/stargan/Black_Hair/img001599.jpg,6,Black_Hair
img001821.jpg,star/stargan/Black_Hair/img001821.jpg,6,Black_Hair
img001747.jpg,star/stargan/Black_Hair/img001747.jpg,6,Black_Hair
img000303.jpg,star/stargan/Black_Hair/img000303.jpg,6,Black_Hair
img001056.jpg,star/stargan/Black_Hair/img001056.jpg,6,Black_Hair
img000320.jpg,star/stargan/Black_Hair/img000320.jpg,6,Black_Hair
img000153.jpg,star/stargan/Black_Hair/img000153.jpg,6,Black_Hair
img001061.jpg,star/stargan/Black_Hair/img001061.jpg,6,Black_Hair
img001871.jpg,star/stargan/Black_Hair/img001871.jpg,6,Black_Hair
img000423.jpg,star/stargan/Black_Hair/img000423.jpg,6,Black_Hair
img001822.jpg,star/stargan/Black_Hair/img001822.jpg,6,Black_Hair
img001042.jpg,star/stargan/Black_Hair/img001042.jpg,6,Black_Hair
img000399.jpg,star/stargan/Black_Hair/img000399.jpg,6,Black_Hair
img001203.jpg,star/stargan/Black_Hair/img001203.jpg,6,Black_Hair
img001736.jpg,star/stargan/Black_Hair/img001736.jpg,6,Black_Hair
img001874.jpg,star/stargan/Black_Hair/img001874.jpg,6,Black_Hair
img000047.jpg,star/stargan/Black_Hair/img000047.jpg,6,Black_Hair
img001532.jpg,star/stargan/Black_Hair/img001532.jpg,6,Black_Hair
img001721.jpg,star/stargan/Black_Hair/img001721.jpg,6,Black_Hair
img000969.jpg,star/stargan/Black_Hair/img000969.jpg,6,Black_Hair
img001959.jpg,star/stargan/Black_Hair/img001959.jpg,6,Black_Hair
img000519.jpg,star/stargan/Black_Hair/img000519.jpg,6,Black_Hair
img000401.jpg,star/stargan/Black_Hair/img000401.jpg,6,Black_Hair
img001375.jpg,star/stargan/Black_Hair/img001375.jpg,6,Black_Hair
img001432.jpg,star/stargan/Black_Hair/img001432.jpg,6,Black_Hair
img000649.jpg,star/stargan/Black_Hair/img000649.jpg,6,Black_Hair
img001820.jpg,star/stargan/Black_Hair/img001820.jpg,6,Black_Hair
img000298.jpg,star/stargan/Black_Hair/img000298.jpg,6,Black_Hair
img001274.jpg,star/stargan/Black_Hair/img001274.jpg,6,Black_Hair
img001891.jpg,star/stargan/Black_Hair/img001891.jpg,6,Black_Hair
img000977.jpg,star/stargan/Black_Hair/img000977.jpg,6,Black_Hair
img000900.jpg,star/stargan/Black_Hair/img000900.jpg,6,Black_Hair
img001718.jpg,star/stargan/Black_Hair/img001718.jpg,6,Black_Hair
img001023.jpg,star/stargan/Black_Hair/img001023.jpg,6,Black_Hair
img000480.jpg,star/stargan/Black_Hair/img000480.jpg,6,Black_Hair
img001947.jpg,star/stargan/Black_Hair/img001947.jpg,6,Black_Hair
img000201.jpg,star/stargan/Black_Hair/img000201.jpg,6,Black_Hair
img000366.jpg,star/stargan/Black_Hair/img000366.jpg,6,Black_Hair
img001442.jpg,star/stargan/Black_Hair/img001442.jpg,6,Black_Hair
img001076.jpg,star/stargan/Black_Hair/img001076.jpg,6,Black_Hair
img001753.jpg,star/stargan/Black_Hair/img001753.jpg,6,Black_Hair
img000076.jpg,star/stargan/Black_Hair/img000076.jpg,6,Black_Hair
img000714.jpg,star/stargan/Black_Hair/img000714.jpg,6,Black_Hair
img001751.jpg,star/stargan/Black_Hair/img001751.jpg,6,Black_Hair
img000123.jpg,star/stargan/Black_Hair/img000123.jpg,6,Black_Hair
img000416.jpg,star/stargan/Black_Hair/img000416.jpg,6,Black_Hair
img001464.jpg,star/stargan/Black_Hair/img001464.jpg,6,Black_Hair
img000856.jpg,star/stargan/Black_Hair/img000856.jpg,6,Black_Hair
img001807.jpg,star/stargan/Black_Hair/img001807.jpg,6,Black_Hair
img000705.jpg,star/stargan/Black_Hair/img000705.jpg,6,Black_Hair
img001886.jpg,star/stargan/Black_Hair/img001886.jpg,6,Black_Hair
img001210.jpg,star/stargan/Black_Hair/img001210.jpg,6,Black_Hair
img000964.jpg,star/stargan/Black_Hair/img000964.jpg,6,Black_Hair
img001962.jpg,star/stargan/Black_Hair/img001962.jpg,6,Black_Hair
img000576.jpg,star/stargan/Black_Hair/img000576.jpg,6,Black_Hair
img000341.jpg,star/stargan/Black_Hair/img000341.jpg,6,Black_Hair
img000756.jpg,star/stargan/Black_Hair/img000756.jpg,6,Black_Hair
img000942.jpg,star/stargan/Black_Hair/img000942.jpg,6,Black_Hair
img000241.jpg,star/stargan/Black_Hair/img000241.jpg,6,Black_Hair
img001950.jpg,star/stargan/Black_Hair/img001950.jpg,6,Black_Hair
img001531.jpg,star/stargan/Black_Hair/img001531.jpg,6,Black_Hair
img001199.jpg,star/stargan/Black_Hair/img001199.jpg,6,Black_Hair
img000534.jpg,star/stargan/Black_Hair/img000534.jpg,6,Black_Hair
img001164.jpg,star/stargan/Black_Hair/img001164.jpg,6,Black_Hair
img000598.jpg,star/stargan/Black_Hair/img000598.jpg,6,Black_Hair
img000530.jpg,star/stargan/Black_Hair/img000530.jpg,6,Black_Hair
img001934.jpg,star/stargan/Black_Hair/img001934.jpg,6,Black_Hair
img000771.jpg,star/stargan/Black_Hair/img000771.jpg,6,Black_Hair
img000792.jpg,star/stargan/Black_Hair/img000792.jpg,6,Black_Hair
img001255.jpg,star/stargan/Black_Hair/img001255.jpg,6,Black_Hair
img000459.jpg,star/stargan/Black_Hair/img000459.jpg,6,Black_Hair
img001423.jpg,star/stargan/Black_Hair/img001423.jpg,6,Black_Hair
img000608.jpg,star/stargan/Black_Hair/img000608.jpg,6,Black_Hair
img001506.jpg,star/stargan/Black_Hair/img001506.jpg,6,Black_Hair
img000221.jpg,star/stargan/Black_Hair/img000221.jpg,6,Black_Hair
img001050.jpg,star/stargan/Black_Hair/img001050.jpg,6,Black_Hair
img000202.jpg,star/stargan/Black_Hair/img000202.jpg,6,Black_Hair
img001862.jpg,star/stargan/Black_Hair/img001862.jpg,6,Black_Hair
img001380.jpg,star/stargan/Black_Hair/img001380.jpg,6,Black_Hair
img000764.jpg,star/stargan/Black_Hair/img000764.jpg,6,Black_Hair
img001562.jpg,star/stargan/Black_Hair/img001562.jpg,6,Black_Hair
img000217.jpg,star/stargan/Black_Hair/img000217.jpg,6,Black_Hair
img000725.jpg,star/stargan/Black_Hair/img000725.jpg,6,Black_Hair
img000816.jpg,star/stargan/Black_Hair/img000816.jpg,6,Black_Hair
img001329.jpg,star/stargan/Black_Hair/img001329.jpg,6,Black_Hair
img001557.jpg,star/stargan/Black_Hair/img001557.jpg,6,Black_Hair
img000743.jpg,star/stargan/Black_Hair/img000743.jpg,6,Black_Hair
img000732.jpg,star/stargan/Black_Hair/img000732.jpg,6,Black_Hair
img000827.jpg,star/stargan/Black_Hair/img000827.jpg,6,Black_Hair
img001960.jpg,star/stargan/Black_Hair/img001960.jpg,6,Black_Hair
img001495.jpg,star/stargan/Black_Hair/img001495.jpg,6,Black_Hair
img000849.jpg,star/stargan/Black_Hair/img000849.jpg,6,Black_Hair
img001344.jpg,star/stargan/Black_Hair/img001344.jpg,6,Black_Hair
img000632.jpg,star/stargan/Black_Hair/img000632.jpg,6,Black_Hair
img000602.jpg,star/stargan/Black_Hair/img000602.jpg,6,Black_Hair
img001119.jpg,star/stargan/Black_Hair/img001119.jpg,6,Black_Hair
img001186.jpg,star/stargan/Black_Hair/img001186.jpg,6,Black_Hair
img001906.jpg,star/stargan/Black_Hair/img001906.jpg,6,Black_Hair
img001638.jpg,star/stargan/Black_Hair/img001638.jpg,6,Black_Hair
img001342.jpg,star/stargan/Black_Hair/img001342.jpg,6,Black_Hair
img001922.jpg,star/stargan/Black_Hair/img001922.jpg,6,Black_Hair
img001227.jpg,star/stargan/Black_Hair/img001227.jpg,6,Black_Hair
img001136.jpg,star/stargan/Black_Hair/img001136.jpg,6,Black_Hair
img000556.jpg,star/stargan/Black_Hair/img000556.jpg,6,Black_Hair
img000208.jpg,star/stargan/Black_Hair/img000208.jpg,6,Black_Hair
img001622.jpg,star/stargan/Black_Hair/img001622.jpg,6,Black_Hair
img001602.jpg,star/stargan/Black_Hair/img001602.jpg,6,Black_Hair
img000205.jpg,star/stargan/Black_Hair/img000205.jpg,6,Black_Hair
img000278.jpg,star/stargan/Black_Hair/img000278.jpg,6,Black_Hair
img000817.jpg,star/stargan/Black_Hair/img000817.jpg,6,Black_Hair
img000375.jpg,star/stargan/Black_Hair/img000375.jpg,6,Black_Hair
img000387.jpg,star/stargan/Black_Hair/img000387.jpg,6,Black_Hair
img001992.jpg,star/stargan/Black_Hair/img001992.jpg,6,Black_Hair
img001952.jpg,star/stargan/Black_Hair/img001952.jpg,6,Black_Hair
img001048.jpg,star/stargan/Black_Hair/img001048.jpg,6,Black_Hair
img000411.jpg,star/stargan/Black_Hair/img000411.jpg,6,Black_Hair
img000521.jpg,star/stargan/Black_Hair/img000521.jpg,6,Black_Hair
img000199.jpg,star/stargan/Black_Hair/img000199.jpg,6,Black_Hair
img001168.jpg,star/stargan/Black_Hair/img001168.jpg,6,Black_Hair
img000122.jpg,star/stargan/Black_Hair/img000122.jpg,6,Black_Hair
img001249.jpg,star/stargan/Black_Hair/img001249.jpg,6,Black_Hair
img000656.jpg,star/stargan/Black_Hair/img000656.jpg,6,Black_Hair
img001055.jpg,star/stargan/Black_Hair/img001055.jpg,6,Black_Hair
img001496.jpg,star/stargan/Black_Hair/img001496.jpg,6,Black_Hair
img000884.jpg,star/stargan/Black_Hair/img000884.jpg,6,Black_Hair
img000643.jpg,star/stargan/Black_Hair/img000643.jpg,6,Black_Hair
img000597.jpg,star/stargan/Black_Hair/img000597.jpg,6,Black_Hair
img001402.jpg,star/stargan/Black_Hair/img001402.jpg,6,Black_Hair
img000080.jpg,star/stargan/Black_Hair/img000080.jpg,6,Black_Hair
img001195.jpg,star/stargan/Black_Hair/img001195.jpg,6,Black_Hair
img001839.jpg,star/stargan/Black_Hair/img001839.jpg,6,Black_Hair
img001003.jpg,star/stargan/Black_Hair/img001003.jpg,6,Black_Hair
img001354.jpg,star/stargan/Black_Hair/img001354.jpg,6,Black_Hair
img000243.jpg,star/stargan/Black_Hair/img000243.jpg,6,Black_Hair
img001343.jpg,star/stargan/Black_Hair/img001343.jpg,6,Black_Hair
img000748.jpg,star/stargan/Black_Hair/img000748.jpg,6,Black_Hair
img001767.jpg,star/stargan/Black_Hair/img001767.jpg,6,Black_Hair
img001725.jpg,star/stargan/Black_Hair/img001725.jpg,6,Black_Hair
img001446.jpg,star/stargan/Black_Hair/img001446.jpg,6,Black_Hair
img000555.jpg,star/stargan/Black_Hair/img000555.jpg,6,Black_Hair
img000469.jpg,star/stargan/Black_Hair/img000469.jpg,6,Black_Hair
img001545.jpg,star/stargan/Black_Hair/img001545.jpg,6,Black_Hair
img001524.jpg,star/stargan/Black_Hair/img001524.jpg,6,Black_Hair
img001039.jpg,star/stargan/Black_Hair/img001039.jpg,6,Black_Hair
img000450.jpg,star/stargan/Black_Hair/img000450.jpg,6,Black_Hair
img000595.jpg,star/stargan/Black_Hair/img000595.jpg,6,Black_Hair
img001502.jpg,star/stargan/Black_Hair/img001502.jpg,6,Black_Hair
img000825.jpg,star/stargan/Black_Hair/img000825.jpg,6,Black_Hair
img001772.jpg,star/stargan/Black_Hair/img001772.jpg,6,Black_Hair
img000203.jpg,star/stargan/Black_Hair/img000203.jpg,6,Black_Hair
img001010.jpg,star/stargan/Black_Hair/img001010.jpg,6,Black_Hair
img001302.jpg,star/stargan/Black_Hair/img001302.jpg,6,Black_Hair
img001177.jpg,star/stargan/Black_Hair/img001177.jpg,6,Black_Hair
img000707.jpg,star/stargan/Black_Hair/img000707.jpg,6,Black_Hair
img000868.jpg,star/stargan/Black_Hair/img000868.jpg,6,Black_Hair
img000129.jpg,star/stargan/Black_Hair/img000129.jpg,6,Black_Hair
img001307.jpg,star/stargan/Black_Hair/img001307.jpg,6,Black_Hair
img000090.jpg,star/stargan/Black_Hair/img000090.jpg,6,Black_Hair
img000465.jpg,star/stargan/Black_Hair/img000465.jpg,6,Black_Hair
img001225.jpg,star/stargan/Black_Hair/img001225.jpg,6,Black_Hair
img001604.jpg,star/stargan/Black_Hair/img001604.jpg,6,Black_Hair
img000467.jpg,star/stargan/Black_Hair/img000467.jpg,6,Black_Hair
img001897.jpg,star/stargan/Black_Hair/img001897.jpg,6,Black_Hair
img001241.jpg,star/stargan/Black_Hair/img001241.jpg,6,Black_Hair
img001305.jpg,star/stargan/Black_Hair/img001305.jpg,6,Black_Hair
img000046.jpg,star/stargan/Black_Hair/img000046.jpg,6,Black_Hair
img000188.jpg,star/stargan/Black_Hair/img000188.jpg,6,Black_Hair
img000973.jpg,star/stargan/Black_Hair/img000973.jpg,6,Black_Hair
img000478.jpg,star/stargan/Black_Hair/img000478.jpg,6,Black_Hair
img000747.jpg,star/stargan/Black_Hair/img000747.jpg,6,Black_Hair
img001809.jpg,star/stargan/Black_Hair/img001809.jpg,6,Black_Hair
img001346.jpg,star/stargan/Black_Hair/img001346.jpg,6,Black_Hair
img000967.jpg,star/stargan/Black_Hair/img000967.jpg,6,Black_Hair
img001979.jpg,star/stargan/Black_Hair/img001979.jpg,6,Black_Hair
img000523.jpg,star/stargan/Black_Hair/img000523.jpg,6,Black_Hair
img000229.jpg,star/stargan/Black_Hair/img000229.jpg,6,Black_Hair
img000395.jpg,star/stargan/Black_Hair/img000395.jpg,6,Black_Hair
img000878.jpg,star/stargan/Black_Hair/img000878.jpg,6,Black_Hair
img001864.jpg,star/stargan/Black_Hair/img001864.jpg,6,Black_Hair
img000155.jpg,star/stargan/Black_Hair/img000155.jpg,6,Black_Hair
img000683.jpg,star/stargan/Black_Hair/img000683.jpg,6,Black_Hair
img000982.jpg,star/stargan/Black_Hair/img000982.jpg,6,Black_Hair
img000098.jpg,star/stargan/Black_Hair/img000098.jpg,6,Black_Hair
img000803.jpg,star/stargan/Black_Hair/img000803.jpg,6,Black_Hair
img001697.jpg,star/stargan/Black_Hair/img001697.jpg,6,Black_Hair
img000911.jpg,star/stargan/Black_Hair/img000911.jpg,6,Black_Hair
img000569.jpg,star/stargan/Black_Hair/img000569.jpg,6,Black_Hair
img001536.jpg,star/stargan/Black_Hair/img001536.jpg,6,Black_Hair
img000354.jpg,star/stargan/Black_Hair/img000354.jpg,6,Black_Hair
img000909.jpg,star/stargan/Black_Hair/img000909.jpg,6,Black_Hair
img000829.jpg,star/stargan/Black_Hair/img000829.jpg,6,Black_Hair
img001833.jpg,star/stargan/Black_Hair/img001833.jpg,6,Black_Hair
img000635.jpg,star/stargan/Black_Hair/img000635.jpg,6,Black_Hair
img000287.jpg,star/stargan/Black_Hair/img000287.jpg,6,Black_Hair
img000823.jpg,star/stargan/Black_Hair/img000823.jpg,6,Black_Hair
img001982.jpg,star/stargan/Black_Hair/img001982.jpg,6,Black_Hair
img001521.jpg,star/stargan/Black_Hair/img001521.jpg,6,Black_Hair
img001564.jpg,star/stargan/Black_Hair/img001564.jpg,6,Black_Hair
img001407.jpg,star/stargan/Black_Hair/img001407.jpg,6,Black_Hair
img001253.jpg,star/stargan/Black_Hair/img001253.jpg,6,Black_Hair
img000763.jpg,star/stargan/Black_Hair/img000763.jpg,6,Black_Hair
img000276.jpg,star/stargan/Black_Hair/img000276.jpg,6,Black_Hair
img000250.jpg,star/stargan/Black_Hair/img000250.jpg,6,Black_Hair
img000253.jpg,star/stargan/Black_Hair/img000253.jpg,6,Black_Hair
img000093.jpg,star/stargan/Black_Hair/img000093.jpg,6,Black_Hair
img000978.jpg,star/stargan/Black_Hair/img000978.jpg,6,Black_Hair
img001138.jpg,star/stargan/Black_Hair/img001138.jpg,6,Black_Hair
img000012.jpg,star/stargan/Black_Hair/img000012.jpg,6,Black_Hair
img000225.jpg,star/stargan/Black_Hair/img000225.jpg,6,Black_Hair
img000348.jpg,star/stargan/Black_Hair/img000348.jpg,6,Black_Hair
img001784.jpg,star/stargan/Black_Hair/img001784.jpg,6,Black_Hair
img000252.jpg,star/stargan/Black_Hair/img000252.jpg,6,Black_Hair
img000679.jpg,star/stargan/Black_Hair/img000679.jpg,6,Black_Hair
img001456.jpg,star/stargan/Black_Hair/img001456.jpg,6,Black_Hair
img001322.jpg,star/stargan/Black_Hair/img001322.jpg,6,Black_Hair
img001000.jpg,star/stargan/Black_Hair/img001000.jpg,6,Black_Hair
img000171.jpg,star/stargan/Black_Hair/img000171.jpg,6,Black_Hair
img001455.jpg,star/stargan/Black_Hair/img001455.jpg,6,Black_Hair
img000288.jpg,star/stargan/Black_Hair/img000288.jpg,6,Black_Hair
img001498.jpg,star/stargan/Black_Hair/img001498.jpg,6,Black_Hair
img000690.jpg,star/stargan/Black_Hair/img000690.jpg,6,Black_Hair
img000607.jpg,star/stargan/Black_Hair/img000607.jpg,6,Black_Hair
img001786.jpg,star/stargan/Black_Hair/img001786.jpg,6,Black_Hair
img000145.jpg,star/stargan/Black_Hair/img000145.jpg,6,Black_Hair
img000474.jpg,star/stargan/Black_Hair/img000474.jpg,6,Black_Hair
img000504.jpg,star/stargan/Black_Hair/img000504.jpg,6,Black_Hair
img000075.jpg,star/stargan/Black_Hair/img000075.jpg,6,Black_Hair
img001757.jpg,star/stargan/Black_Hair/img001757.jpg,6,Black_Hair
img000024.jpg,star/stargan/Black_Hair/img000024.jpg,6,Black_Hair
img001677.jpg,star/stargan/Black_Hair/img001677.jpg,6,Black_Hair
img000378.jpg,star/stargan/Black_Hair/img000378.jpg,6,Black_Hair
img001328.jpg,star/stargan/Black_Hair/img001328.jpg,6,Black_Hair
img001723.jpg,star/stargan/Black_Hair/img001723.jpg,6,Black_Hair
img001396.jpg,star/stargan/Black_Hair/img001396.jpg,6,Black_Hair
img001311.jpg,star/stargan/Black_Hair/img001311.jpg,6,Black_Hair
img001137.jpg,star/stargan/Black_Hair/img001137.jpg,6,Black_Hair
img001520.jpg,star/stargan/Black_Hair/img001520.jpg,6,Black_Hair
img000066.jpg,star/stargan/Black_Hair/img000066.jpg,6,Black_Hair
img000295.jpg,star/stargan/Black_Hair/img000295.jpg,6,Black_Hair
img001405.jpg,star/stargan/Black_Hair/img001405.jpg,6,Black_Hair
img000600.jpg,star/stargan/Black_Hair/img000600.jpg,6,Black_Hair
img001816.jpg,star/stargan/Black_Hair/img001816.jpg,6,Black_Hair
img000549.jpg,star/stargan/Black_Hair/img000549.jpg,6,Black_Hair
img001212.jpg,star/stargan/Black_Hair/img001212.jpg,6,Black_Hair
img000721.jpg,star/stargan/Black_Hair/img000721.jpg,6,Black_Hair
img001482.jpg,star/stargan/Black_Hair/img001482.jpg,6,Black_Hair
img001519.jpg,star/stargan/Black_Hair/img001519.jpg,6,Black_Hair
img000275.jpg,star/stargan/Black_Hair/img000275.jpg,6,Black_Hair
img001123.jpg,star/stargan/Black_Hair/img001123.jpg,6,Black_Hair
img000983.jpg,star/stargan/Black_Hair/img000983.jpg,6,Black_Hair
img001529.jpg,star/stargan/Black_Hair/img001529.jpg,6,Black_Hair
img001975.jpg,star/stargan/Black_Hair/img001975.jpg,6,Black_Hair
img000950.jpg,star/stargan/Black_Hair/img000950.jpg,6,Black_Hair
img000036.jpg,star/stargan/Black_Hair/img000036.jpg,6,Black_Hair
img001492.jpg,star/stargan/Black_Hair/img001492.jpg,6,Black_Hair
img001005.jpg,star/stargan/Black_Hair/img001005.jpg,6,Black_Hair
img000179.jpg,star/stargan/Black_Hair/img000179.jpg,6,Black_Hair
img001026.jpg,star/stargan/Black_Hair/img001026.jpg,6,Black_Hair
img001221.jpg,star/stargan/Black_Hair/img001221.jpg,6,Black_Hair
img000344.jpg,star/stargan/Black_Hair/img000344.jpg,6,Black_Hair
img001340.jpg,star/stargan/Black_Hair/img001340.jpg,6,Black_Hair
img001112.jpg,star/stargan/Black_Hair/img001112.jpg,6,Black_Hair
img001585.jpg,star/stargan/Black_Hair/img001585.jpg,6,Black_Hair
img000633.jpg,star/stargan/Black_Hair/img000633.jpg,6,Black_Hair
img000680.jpg,star/stargan/Black_Hair/img000680.jpg,6,Black_Hair
img000334.jpg,star/stargan/Black_Hair/img000334.jpg,6,Black_Hair
img001724.jpg,star/stargan/Black_Hair/img001724.jpg,6,Black_Hair
img000821.jpg,star/stargan/Black_Hair/img000821.jpg,6,Black_Hair
img001893.jpg,star/stargan/Black_Hair/img001893.jpg,6,Black_Hair
img001004.jpg,star/stargan/Black_Hair/img001004.jpg,6,Black_Hair
img000077.jpg,star/stargan/Black_Hair/img000077.jpg,6,Black_Hair
img001490.jpg,star/stargan/Black_Hair/img001490.jpg,6,Black_Hair
img000116.jpg,star/stargan/Black_Hair/img000116.jpg,6,Black_Hair
img000312.jpg,star/stargan/Black_Hair/img000312.jpg,6,Black_Hair
img001428.jpg,star/stargan/Black_Hair/img001428.jpg,6,Black_Hair
img000818.jpg,star/stargan/Black_Hair/img000818.jpg,6,Black_Hair
img001558.jpg,star/stargan/Black_Hair/img001558.jpg,6,Black_Hair
img001033.jpg,star/stargan/Black_Hair/img001033.jpg,6,Black_Hair
img000720.jpg,star/stargan/Black_Hair/img000720.jpg,6,Black_Hair
img001850.jpg,star/stargan/Black_Hair/img001850.jpg,6,Black_Hair
img001600.jpg,star/stargan/Black_Hair/img001600.jpg,6,Black_Hair
img001626.jpg,star/stargan/Black_Hair/img001626.jpg,6,Black_Hair
img001758.jpg,star/stargan/Black_Hair/img001758.jpg,6,Black_Hair
img000941.jpg,star/stargan/Black_Hair/img000941.jpg,6,Black_Hair
img001079.jpg,star/stargan/Black_Hair/img001079.jpg,6,Black_Hair
img001631.jpg,star/stargan/Black_Hair/img001631.jpg,6,Black_Hair
img000026.jpg,star/stargan/Black_Hair/img000026.jpg,6,Black_Hair
img001244.jpg,star/stargan/Black_Hair/img001244.jpg,6,Black_Hair
img001964.jpg,star/stargan/Black_Hair/img001964.jpg,6,Black_Hair
img000289.jpg,star/stargan/Black_Hair/img000289.jpg,6,Black_Hair
img000691.jpg,star/stargan/Black_Hair/img000691.jpg,6,Black_Hair
img000235.jpg,star/stargan/Black_Hair/img000235.jpg,6,Black_Hair
img000361.jpg,star/stargan/Black_Hair/img000361.jpg,6,Black_Hair
img001883.jpg,star/stargan/Black_Hair/img001883.jpg,6,Black_Hair
img001232.jpg,star/stargan/Black_Hair/img001232.jpg,6,Black_Hair
img001325.jpg,star/stargan/Black_Hair/img001325.jpg,6,Black_Hair
img001460.jpg,star/stargan/Black_Hair/img001460.jpg,6,Black_Hair
img001859.jpg,star/stargan/Black_Hair/img001859.jpg,6,Black_Hair
img001881.jpg,star/stargan/Black_Hair/img001881.jpg,6,Black_Hair
img001924.jpg,star/stargan/Black_Hair/img001924.jpg,6,Black_Hair
img001722.jpg,star/stargan/Black_Hair/img001722.jpg,6,Black_Hair
img000899.jpg,star/stargan/Black_Hair/img000899.jpg,6,Black_Hair
img001279.jpg,star/stargan/Black_Hair/img001279.jpg,6,Black_Hair
img000843.jpg,star/stargan/Black_Hair/img000843.jpg,6,Black_Hair
img000133.jpg,star/stargan/Black_Hair/img000133.jpg,6,Black_Hair
img000373.jpg,star/stargan/Black_Hair/img000373.jpg,6,Black_Hair
img001017.jpg,star/stargan/Black_Hair/img001017.jpg,6,Black_Hair
img001512.jpg,star/stargan/Black_Hair/img001512.jpg,6,Black_Hair
img000458.jpg,star/stargan/Black_Hair/img000458.jpg,6,Black_Hair
img000263.jpg,star/stargan/Black_Hair/img000263.jpg,6,Black_Hair
img000557.jpg,star/stargan/Black_Hair/img000557.jpg,6,Black_Hair
img000694.jpg,star/stargan/Black_Hair/img000694.jpg,6,Black_Hair
img001063.jpg,star/stargan/Black_Hair/img001063.jpg,6,Black_Hair
img000550.jpg,star/stargan/Black_Hair/img000550.jpg,6,Black_Hair
img001808.jpg,star/stargan/Black_Hair/img001808.jpg,6,Black_Hair
img000111.jpg,star/stargan/Black_Hair/img000111.jpg,6,Black_Hair
img001355.jpg,star/stargan/Black_Hair/img001355.jpg,6,Black_Hair
img001213.jpg,star/stargan/Black_Hair/img001213.jpg,6,Black_Hair
img000051.jpg,star/stargan/Black_Hair/img000051.jpg,6,Black_Hair
img000095.jpg,star/stargan/Black_Hair/img000095.jpg,6,Black_Hair
img001811.jpg,star/stargan/Black_Hair/img001811.jpg,6,Black_Hair
img001189.jpg,star/stargan/Black_Hair/img001189.jpg,6,Black_Hair
img000620.jpg,star/stargan/Black_Hair/img000620.jpg,6,Black_Hair
img000493.jpg,star/stargan/Black_Hair/img000493.jpg,6,Black_Hair
img001086.jpg,star/stargan/Black_Hair/img001086.jpg,6,Black_Hair
img000013.jpg,star/stargan/Black_Hair/img000013.jpg,6,Black_Hair
img001410.jpg,star/stargan/Black_Hair/img001410.jpg,6,Black_Hair
img000606.jpg,star/stargan/Black_Hair/img000606.jpg,6,Black_Hair
img001121.jpg,star/stargan/Black_Hair/img001121.jpg,6,Black_Hair
img001122.jpg,star/stargan/Black_Hair/img001122.jpg,6,Black_Hair
img000457.jpg,star/stargan/Black_Hair/img000457.jpg,6,Black_Hair
img000913.jpg,star/stargan/Black_Hair/img000913.jpg,6,Black_Hair
img000294.jpg,star/stargan/Black_Hair/img000294.jpg,6,Black_Hair
img001360.jpg,star/stargan/Black_Hair/img001360.jpg,6,Black_Hair
img000580.jpg,star/stargan/Black_Hair/img000580.jpg,6,Black_Hair
img001815.jpg,star/stargan/Black_Hair/img001815.jpg,6,Black_Hair
img000490.jpg,star/stargan/Black_Hair/img000490.jpg,6,Black_Hair
img001472.jpg,star/stargan/Black_Hair/img001472.jpg,6,Black_Hair
img001814.jpg,star/stargan/Black_Hair/img001814.jpg,6,Black_Hair
img000963.jpg,star/stargan/Black_Hair/img000963.jpg,6,Black_Hair
img001102.jpg,star/stargan/Black_Hair/img001102.jpg,6,Black_Hair
img001125.jpg,star/stargan/Black_Hair/img001125.jpg,6,Black_Hair
img000650.jpg,star/stargan/Black_Hair/img000650.jpg,6,Black_Hair
img000159.jpg,star/stargan/Black_Hair/img000159.jpg,6,Black_Hair
img001384.jpg,star/stargan/Black_Hair/img001384.jpg,6,Black_Hair
img000144.jpg,star/stargan/Black_Hair/img000144.jpg,6,Black_Hair
img000113.jpg,star/stargan/Black_Hair/img000113.jpg,6,Black_Hair
img001161.jpg,star/stargan/Black_Hair/img001161.jpg,6,Black_Hair
img000139.jpg,star/stargan/Black_Hair/img000139.jpg,6,Black_Hair
img001466.jpg,star/stargan/Black_Hair/img001466.jpg,6,Black_Hair
img001331.jpg,star/stargan/Black_Hair/img001331.jpg,6,Black_Hair
img000489.jpg,star/stargan/Black_Hair/img000489.jpg,6,Black_Hair
img000025.jpg,star/stargan/Black_Hair/img000025.jpg,6,Black_Hair
img001089.jpg,star/stargan/Black_Hair/img001089.jpg,6,Black_Hair
img000232.jpg,star/stargan/Black_Hair/img000232.jpg,6,Black_Hair
img001093.jpg,star/stargan/Black_Hair/img001093.jpg,6,Black_Hair
img000071.jpg,star/stargan/Black_Hair/img000071.jpg,6,Black_Hair
img000797.jpg,star/stargan/Black_Hair/img000797.jpg,6,Black_Hair
img001275.jpg,star/stargan/Black_Hair/img001275.jpg,6,Black_Hair
img001285.jpg,star/stargan/Black_Hair/img001285.jpg,6,Black_Hair
img000163.jpg,star/stargan/Black_Hair/img000163.jpg,6,Black_Hair
img001525.jpg,star/stargan/Black_Hair/img001525.jpg,6,Black_Hair
img000347.jpg,star/stargan/Black_Hair/img000347.jpg,6,Black_Hair
img001926.jpg,star/stargan/Black_Hair/img001926.jpg,6,Black_Hair
img000991.jpg,star/stargan/Black_Hair/img000991.jpg,6,Black_Hair
img001949.jpg,star/stargan/Black_Hair/img001949.jpg,6,Black_Hair
img000345.jpg,star/stargan/Black_Hair/img000345.jpg,6,Black_Hair
img000169.jpg,star/stargan/Black_Hair/img000169.jpg,6,Black_Hair
img000581.jpg,star/stargan/Black_Hair/img000581.jpg,6,Black_Hair
img001969.jpg,star/stargan/Black_Hair/img001969.jpg,6,Black_Hair
img001295.jpg,star/stargan/Black_Hair/img001295.jpg,6,Black_Hair
img001589.jpg,star/stargan/Black_Hair/img001589.jpg,6,Black_Hair
img000589.jpg,star/stargan/Black_Hair/img000589.jpg,6,Black_Hair
img001097.jpg,star/stargan/Black_Hair/img001097.jpg,6,Black_Hair
img000948.jpg,star/stargan/Black_Hair/img000948.jpg,6,Black_Hair
img001845.jpg,star/stargan/Black_Hair/img001845.jpg,6,Black_Hair
img000674.jpg,star/stargan/Black_Hair/img000674.jpg,6,Black_Hair
img001905.jpg,star/stargan/Black_Hair/img001905.jpg,6,Black_Hair
img001712.jpg,star/stargan/Black_Hair/img001712.jpg,6,Black_Hair
img000880.jpg,star/stargan/Black_Hair/img000880.jpg,6,Black_Hair
img001993.jpg,star/stargan/Black_Hair/img001993.jpg,6,Black_Hair
img001700.jpg,star/stargan/Black_Hair/img001700.jpg,6,Black_Hair
img001399.jpg,star/stargan/Black_Hair/img001399.jpg,6,Black_Hair
img001479.jpg,star/stargan/Black_Hair/img001479.jpg,6,Black_Hair
img001643.jpg,star/stargan/Black_Hair/img001643.jpg,6,Black_Hair
img001595.jpg,star/stargan/Black_Hair/img001595.jpg,6,Black_Hair
img000407.jpg,star/stargan/Black_Hair/img000407.jpg,6,Black_Hair
img001369.jpg,star/stargan/Black_Hair/img001369.jpg,6,Black_Hair
img000640.jpg,star/stargan/Black_Hair/img000640.jpg,6,Black_Hair
img000376.jpg,star/stargan/Black_Hair/img000376.jpg,6,Black_Hair
img000316.jpg,star/stargan/Black_Hair/img000316.jpg,6,Black_Hair
img000981.jpg,star/stargan/Black_Hair/img000981.jpg,6,Black_Hair
img000986.jpg,star/stargan/Black_Hair/img000986.jpg,6,Black_Hair
img000323.jpg,star/stargan/Black_Hair/img000323.jpg,6,Black_Hair
img000134.jpg,star/stargan/Black_Hair/img000134.jpg,6,Black_Hair
img001597.jpg,star/stargan/Black_Hair/img001597.jpg,6,Black_Hair
img001014.jpg,star/stargan/Black_Hair/img001014.jpg,6,Black_Hair
img000322.jpg,star/stargan/Black_Hair/img000322.jpg,6,Black_Hair
img001540.jpg,star/stargan/Black_Hair/img001540.jpg,6,Black_Hair
img000267.jpg,star/stargan/Black_Hair/img000267.jpg,6,Black_Hair
img000510.jpg,star/stargan/Black_Hair/img000510.jpg,6,Black_Hair
img000579.jpg,star/stargan/Black_Hair/img000579.jpg,6,Black_Hair
img001476.jpg,star/stargan/Black_Hair/img001476.jpg,6,Black_Hair
img001480.jpg,star/stargan/Black_Hair/img001480.jpg,6,Black_Hair
img000766.jpg,star/stargan/Black_Hair/img000766.jpg,6,Black_Hair
img000877.jpg,star/stargan/Black_Hair/img000877.jpg,6,Black_Hair
img001582.jpg,star/stargan/Black_Hair/img001582.jpg,6,Black_Hair
img001684.jpg,star/stargan/Black_Hair/img001684.jpg,6,Black_Hair
img000436.jpg,star/stargan/Black_Hair/img000436.jpg,6,Black_Hair
img001994.jpg,star/stargan/Black_Hair/img001994.jpg,6,Black_Hair
img001666.jpg,star/stargan/Black_Hair/img001666.jpg,6,Black_Hair
img000881.jpg,star/stargan/Black_Hair/img000881.jpg,6,Black_Hair
img001819.jpg,star/stargan/Black_Hair/img001819.jpg,6,Black_Hair
img001968.jpg,star/stargan/Black_Hair/img001968.jpg,6,Black_Hair
img000739.jpg,star/stargan/Black_Hair/img000739.jpg,6,Black_Hair
img001291.jpg,star/stargan/Black_Hair/img001291.jpg,6,Black_Hair
img000248.jpg,star/stargan/Black_Hair/img000248.jpg,6,Black_Hair
img000486.jpg,star/stargan/Black_Hair/img000486.jpg,6,Black_Hair
img000207.jpg,star/stargan/Black_Hair/img000207.jpg,6,Black_Hair
img001438.jpg,star/stargan/Black_Hair/img001438.jpg,6,Black_Hair
img000548.jpg,star/stargan/Black_Hair/img000548.jpg,6,Black_Hair
img002644.jpg,star/stargan/Blond_Hair/img002644.jpg,6,Blond_Hair
img002812.jpg,star/stargan/Blond_Hair/img002812.jpg,6,Blond_Hair
img003511.jpg,star/stargan/Blond_Hair/img003511.jpg,6,Blond_Hair
img002355.jpg,star/stargan/Blond_Hair/img002355.jpg,6,Blond_Hair
img003370.jpg,star/stargan/Blond_Hair/img003370.jpg,6,Blond_Hair
img002830.jpg,star/stargan/Blond_Hair/img002830.jpg,6,Blond_Hair
img002263.jpg,star/stargan/Blond_Hair/img002263.jpg,6,Blond_Hair
img002363.jpg,star/stargan/Blond_Hair/img002363.jpg,6,Blond_Hair
img003506.jpg,star/stargan/Blond_Hair/img003506.jpg,6,Blond_Hair
img002084.jpg,star/stargan/Blond_Hair/img002084.jpg,6,Blond_Hair
img003225.jpg,star/stargan/Blond_Hair/img003225.jpg,6,Blond_Hair
img002188.jpg,star/stargan/Blond_Hair/img002188.jpg,6,Blond_Hair
img002455.jpg,star/stargan/Blond_Hair/img002455.jpg,6,Blond_Hair
img003490.jpg,star/stargan/Blond_Hair/img003490.jpg,6,Blond_Hair
img002821.jpg,star/stargan/Blond_Hair/img002821.jpg,6,Blond_Hair
img003768.jpg,star/stargan/Blond_Hair/img003768.jpg,6,Blond_Hair
img003213.jpg,star/stargan/Blond_Hair/img003213.jpg,6,Blond_Hair
img003682.jpg,star/stargan/Blond_Hair/img003682.jpg,6,Blond_Hair
img002178.jpg,star/stargan/Blond_Hair/img002178.jpg,6,Blond_Hair
img003788.jpg,star/stargan/Blond_Hair/img003788.jpg,6,Blond_Hair
img003026.jpg,star/stargan/Blond_Hair/img003026.jpg,6,Blond_Hair
img003522.jpg,star/stargan/Blond_Hair/img003522.jpg,6,Blond_Hair
img003391.jpg,star/stargan/Blond_Hair/img003391.jpg,6,Blond_Hair
img003152.jpg,star/stargan/Blond_Hair/img003152.jpg,6,Blond_Hair
img003909.jpg,star/stargan/Blond_Hair/img003909.jpg,6,Blond_Hair
img002920.jpg,star/stargan/Blond_Hair/img002920.jpg,6,Blond_Hair
img002321.jpg,star/stargan/Blond_Hair/img002321.jpg,6,Blond_Hair
img002851.jpg,star/stargan/Blond_Hair/img002851.jpg,6,Blond_Hair
img003913.jpg,star/stargan/Blond_Hair/img003913.jpg,6,Blond_Hair
img003736.jpg,star/stargan/Blond_Hair/img003736.jpg,6,Blond_Hair
img002255.jpg,star/stargan/Blond_Hair/img002255.jpg,6,Blond_Hair
img002008.jpg,star/stargan/Blond_Hair/img002008.jpg,6,Blond_Hair
img002292.jpg,star/stargan/Blond_Hair/img002292.jpg,6,Blond_Hair
img002649.jpg,star/stargan/Blond_Hair/img002649.jpg,6,Blond_Hair
img003084.jpg,star/stargan/Blond_Hair/img003084.jpg,6,Blond_Hair
img002492.jpg,star/stargan/Blond_Hair/img002492.jpg,6,Blond_Hair
img002524.jpg,star/stargan/Blond_Hair/img002524.jpg,6,Blond_Hair
img002235.jpg,star/stargan/Blond_Hair/img002235.jpg,6,Blond_Hair
img002506.jpg,star/stargan/Blond_Hair/img002506.jpg,6,Blond_Hair
img003425.jpg,star/stargan/Blond_Hair/img003425.jpg,6,Blond_Hair
img003011.jpg,star/stargan/Blond_Hair/img003011.jpg,6,Blond_Hair
img002836.jpg,star/stargan/Blond_Hair/img002836.jpg,6,Blond_Hair
img003947.jpg,star/stargan/Blond_Hair/img003947.jpg,6,Blond_Hair
img003097.jpg,star/stargan/Blond_Hair/img003097.jpg,6,Blond_Hair
img003580.jpg,star/stargan/Blond_Hair/img003580.jpg,6,Blond_Hair
img003304.jpg,star/stargan/Blond_Hair/img003304.jpg,6,Blond_Hair
img002425.jpg,star/stargan/Blond_Hair/img002425.jpg,6,Blond_Hair
img002876.jpg,star/stargan/Blond_Hair/img002876.jpg,6,Blond_Hair
img002819.jpg,star/stargan/Blond_Hair/img002819.jpg,6,Blond_Hair
img003282.jpg,star/stargan/Blond_Hair/img003282.jpg,6,Blond_Hair
img002159.jpg,star/stargan/Blond_Hair/img002159.jpg,6,Blond_Hair
img002330.jpg,star/stargan/Blond_Hair/img002330.jpg,6,Blond_Hair
img002942.jpg,star/stargan/Blond_Hair/img002942.jpg,6,Blond_Hair
img003144.jpg,star/stargan/Blond_Hair/img003144.jpg,6,Blond_Hair
img003678.jpg,star/stargan/Blond_Hair/img003678.jpg,6,Blond_Hair
img003182.jpg,star/stargan/Blond_Hair/img003182.jpg,6,Blond_Hair
img003224.jpg,star/stargan/Blond_Hair/img003224.jpg,6,Blond_Hair
img003643.jpg,star/stargan/Blond_Hair/img003643.jpg,6,Blond_Hair
img002892.jpg,star/stargan/Blond_Hair/img002892.jpg,6,Blond_Hair
img002503.jpg,star/stargan/Blond_Hair/img002503.jpg,6,Blond_Hair
img002554.jpg,star/stargan/Blond_Hair/img002554.jpg,6,Blond_Hair
img002767.jpg,star/stargan/Blond_Hair/img002767.jpg,6,Blond_Hair
img002051.jpg,star/stargan/Blond_Hair/img002051.jpg,6,Blond_Hair
img003319.jpg,star/stargan/Blond_Hair/img003319.jpg,6,Blond_Hair
img003538.jpg,star/stargan/Blond_Hair/img003538.jpg,6,Blond_Hair
img003938.jpg,star/stargan/Blond_Hair/img003938.jpg,6,Blond_Hair
img002239.jpg,star/stargan/Blond_Hair/img002239.jpg,6,Blond_Hair
img002931.jpg,star/stargan/Blond_Hair/img002931.jpg,6,Blond_Hair
img002890.jpg,star/stargan/Blond_Hair/img002890.jpg,6,Blond_Hair
img003075.jpg,star/stargan/Blond_Hair/img003075.jpg,6,Blond_Hair
img002600.jpg,star/stargan/Blond_Hair/img002600.jpg,6,Blond_Hair
img003318.jpg,star/stargan/Blond_Hair/img003318.jpg,6,Blond_Hair
img002209.jpg,star/stargan/Blond_Hair/img002209.jpg,6,Blond_Hair
img002905.jpg,star/stargan/Blond_Hair/img002905.jpg,6,Blond_Hair
img003802.jpg,star/stargan/Blond_Hair/img003802.jpg,6,Blond_Hair
img002109.jpg,star/stargan/Blond_Hair/img002109.jpg,6,Blond_Hair
img002981.jpg,star/stargan/Blond_Hair/img002981.jpg,6,Blond_Hair
img002407.jpg,star/stargan/Blond_Hair/img002407.jpg,6,Blond_Hair
img002070.jpg,star/stargan/Blond_Hair/img002070.jpg,6,Blond_Hair
img002525.jpg,star/stargan/Blond_Hair/img002525.jpg,6,Blond_Hair
img003428.jpg,star/stargan/Blond_Hair/img003428.jpg,6,Blond_Hair
img002745.jpg,star/stargan/Blond_Hair/img002745.jpg,6,Blond_Hair
img002324.jpg,star/stargan/Blond_Hair/img002324.jpg,6,Blond_Hair
img003715.jpg,star/stargan/Blond_Hair/img003715.jpg,6,Blond_Hair
img003778.jpg,star/stargan/Blond_Hair/img003778.jpg,6,Blond_Hair
img002840.jpg,star/stargan/Blond_Hair/img002840.jpg,6,Blond_Hair
img002948.jpg,star/stargan/Blond_Hair/img002948.jpg,6,Blond_Hair
img003434.jpg,star/stargan/Blond_Hair/img003434.jpg,6,Blond_Hair
img002343.jpg,star/stargan/Blond_Hair/img002343.jpg,6,Blond_Hair
img003772.jpg,star/stargan/Blond_Hair/img003772.jpg,6,Blond_Hair
img002611.jpg,star/stargan/Blond_Hair/img002611.jpg,6,Blond_Hair
img003934.jpg,star/stargan/Blond_Hair/img003934.jpg,6,Blond_Hair
img002664.jpg,star/stargan/Blond_Hair/img002664.jpg,6,Blond_Hair
img003759.jpg,star/stargan/Blond_Hair/img003759.jpg,6,Blond_Hair
img002898.jpg,star/stargan/Blond_Hair/img002898.jpg,6,Blond_Hair
img002220.jpg,star/stargan/Blond_Hair/img002220.jpg,6,Blond_Hair
img002344.jpg,star/stargan/Blond_Hair/img002344.jpg,6,Blond_Hair
img002500.jpg,star/stargan/Blond_Hair/img002500.jpg,6,Blond_Hair
img003472.jpg,star/stargan/Blond_Hair/img003472.jpg,6,Blond_Hair
img002943.jpg,star/stargan/Blond_Hair/img002943.jpg,6,Blond_Hair
img003331.jpg,star/stargan/Blond_Hair/img003331.jpg,6,Blond_Hair
img003275.jpg,star/stargan/Blond_Hair/img003275.jpg,6,Blond_Hair
img003321.jpg,star/stargan/Blond_Hair/img003321.jpg,6,Blond_Hair
img003227.jpg,star/stargan/Blond_Hair/img003227.jpg,6,Blond_Hair
img003483.jpg,star/stargan/Blond_Hair/img003483.jpg,6,Blond_Hair
img003616.jpg,star/stargan/Blond_Hair/img003616.jpg,6,Blond_Hair
img002257.jpg,star/stargan/Blond_Hair/img002257.jpg,6,Blond_Hair
img002507.jpg,star/stargan/Blond_Hair/img002507.jpg,6,Blond_Hair
img002509.jpg,star/stargan/Blond_Hair/img002509.jpg,6,Blond_Hair
img002098.jpg,star/stargan/Blond_Hair/img002098.jpg,6,Blond_Hair
img003047.jpg,star/stargan/Blond_Hair/img003047.jpg,6,Blond_Hair
img002516.jpg,star/stargan/Blond_Hair/img002516.jpg,6,Blond_Hair
img002429.jpg,star/stargan/Blond_Hair/img002429.jpg,6,Blond_Hair
img003749.jpg,star/stargan/Blond_Hair/img003749.jpg,6,Blond_Hair
img002450.jpg,star/stargan/Blond_Hair/img002450.jpg,6,Blond_Hair
img003686.jpg,star/stargan/Blond_Hair/img003686.jpg,6,Blond_Hair
img002828.jpg,star/stargan/Blond_Hair/img002828.jpg,6,Blond_Hair
img003807.jpg,star/stargan/Blond_Hair/img003807.jpg,6,Blond_Hair
img002938.jpg,star/stargan/Blond_Hair/img002938.jpg,6,Blond_Hair
img002132.jpg,star/stargan/Blond_Hair/img002132.jpg,6,Blond_Hair
img002271.jpg,star/stargan/Blond_Hair/img002271.jpg,6,Blond_Hair
img002845.jpg,star/stargan/Blond_Hair/img002845.jpg,6,Blond_Hair
img002912.jpg,star/stargan/Blond_Hair/img002912.jpg,6,Blond_Hair
img002950.jpg,star/stargan/Blond_Hair/img002950.jpg,6,Blond_Hair
img002107.jpg,star/stargan/Blond_Hair/img002107.jpg,6,Blond_Hair
img003995.jpg,star/stargan/Blond_Hair/img003995.jpg,6,Blond_Hair
img003241.jpg,star/stargan/Blond_Hair/img003241.jpg,6,Blond_Hair
img002205.jpg,star/stargan/Blond_Hair/img002205.jpg,6,Blond_Hair
img002301.jpg,star/stargan/Blond_Hair/img002301.jpg,6,Blond_Hair
img003865.jpg,star/stargan/Blond_Hair/img003865.jpg,6,Blond_Hair
img003117.jpg,star/stargan/Blond_Hair/img003117.jpg,6,Blond_Hair
img003079.jpg,star/stargan/Blond_Hair/img003079.jpg,6,Blond_Hair
img002681.jpg,star/stargan/Blond_Hair/img002681.jpg,6,Blond_Hair
img002134.jpg,star/stargan/Blond_Hair/img002134.jpg,6,Blond_Hair
img002259.jpg,star/stargan/Blond_Hair/img002259.jpg,6,Blond_Hair
img003179.jpg,star/stargan/Blond_Hair/img003179.jpg,6,Blond_Hair
img003021.jpg,star/stargan/Blond_Hair/img003021.jpg,6,Blond_Hair
img003763.jpg,star/stargan/Blond_Hair/img003763.jpg,6,Blond_Hair
img002696.jpg,star/stargan/Blond_Hair/img002696.jpg,6,Blond_Hair
img003184.jpg,star/stargan/Blond_Hair/img003184.jpg,6,Blond_Hair
img002093.jpg,star/stargan/Blond_Hair/img002093.jpg,6,Blond_Hair
img003012.jpg,star/stargan/Blond_Hair/img003012.jpg,6,Blond_Hair
img003230.jpg,star/stargan/Blond_Hair/img003230.jpg,6,Blond_Hair
img002570.jpg,star/stargan/Blond_Hair/img002570.jpg,6,Blond_Hair
img002044.jpg,star/stargan/Blond_Hair/img002044.jpg,6,Blond_Hair
img003920.jpg,star/stargan/Blond_Hair/img003920.jpg,6,Blond_Hair
img002085.jpg,star/stargan/Blond_Hair/img002085.jpg,6,Blond_Hair
img003338.jpg,star/stargan/Blond_Hair/img003338.jpg,6,Blond_Hair
img003632.jpg,star/stargan/Blond_Hair/img003632.jpg,6,Blond_Hair
img003076.jpg,star/stargan/Blond_Hair/img003076.jpg,6,Blond_Hair
img002350.jpg,star/stargan/Blond_Hair/img002350.jpg,6,Blond_Hair
img002934.jpg,star/stargan/Blond_Hair/img002934.jpg,6,Blond_Hair
img002532.jpg,star/stargan/Blond_Hair/img002532.jpg,6,Blond_Hair
img003592.jpg,star/stargan/Blond_Hair/img003592.jpg,6,Blond_Hair
img003426.jpg,star/stargan/Blond_Hair/img003426.jpg,6,Blond_Hair
img002248.jpg,star/stargan/Blond_Hair/img002248.jpg,6,Blond_Hair
img003448.jpg,star/stargan/Blond_Hair/img003448.jpg,6,Blond_Hair
img003751.jpg,star/stargan/Blond_Hair/img003751.jpg,6,Blond_Hair
img002371.jpg,star/stargan/Blond_Hair/img002371.jpg,6,Blond_Hair
img002219.jpg,star/stargan/Blond_Hair/img002219.jpg,6,Blond_Hair
img003305.jpg,star/stargan/Blond_Hair/img003305.jpg,6,Blond_Hair
img002447.jpg,star/stargan/Blond_Hair/img002447.jpg,6,Blond_Hair
img002993.jpg,star/stargan/Blond_Hair/img002993.jpg,6,Blond_Hair
img002430.jpg,star/stargan/Blond_Hair/img002430.jpg,6,Blond_Hair
img003091.jpg,star/stargan/Blond_Hair/img003091.jpg,6,Blond_Hair
img003383.jpg,star/stargan/Blond_Hair/img003383.jpg,6,Blond_Hair
img003748.jpg,star/stargan/Blond_Hair/img003748.jpg,6,Blond_Hair
img002131.jpg,star/stargan/Blond_Hair/img002131.jpg,6,Blond_Hair
img002743.jpg,star/stargan/Blond_Hair/img002743.jpg,6,Blond_Hair
img002932.jpg,star/stargan/Blond_Hair/img002932.jpg,6,Blond_Hair
img002730.jpg,star/stargan/Blond_Hair/img002730.jpg,6,Blond_Hair
img002077.jpg,star/stargan/Blond_Hair/img002077.jpg,6,Blond_Hair
img003575.jpg,star/stargan/Blond_Hair/img003575.jpg,6,Blond_Hair
img003871.jpg,star/stargan/Blond_Hair/img003871.jpg,6,Blond_Hair
img002609.jpg,star/stargan/Blond_Hair/img002609.jpg,6,Blond_Hair
img003064.jpg,star/stargan/Blond_Hair/img003064.jpg,6,Blond_Hair
img003055.jpg,star/stargan/Blond_Hair/img003055.jpg,6,Blond_Hair
img003610.jpg,star/stargan/Blond_Hair/img003610.jpg,6,Blond_Hair
img002036.jpg,star/stargan/Blond_Hair/img002036.jpg,6,Blond_Hair
img003716.jpg,star/stargan/Blond_Hair/img003716.jpg,6,Blond_Hair
img002777.jpg,star/stargan/Blond_Hair/img002777.jpg,6,Blond_Hair
img003421.jpg,star/stargan/Blond_Hair/img003421.jpg,6,Blond_Hair
img003735.jpg,star/stargan/Blond_Hair/img003735.jpg,6,Blond_Hair
img002445.jpg,star/stargan/Blond_Hair/img002445.jpg,6,Blond_Hair
img002961.jpg,star/stargan/Blond_Hair/img002961.jpg,6,Blond_Hair
img003796.jpg,star/stargan/Blond_Hair/img003796.jpg,6,Blond_Hair
img002831.jpg,star/stargan/Blond_Hair/img002831.jpg,6,Blond_Hair
img003689.jpg,star/stargan/Blond_Hair/img003689.jpg,6,Blond_Hair
img003959.jpg,star/stargan/Blond_Hair/img003959.jpg,6,Blond_Hair
img002750.jpg,star/stargan/Blond_Hair/img002750.jpg,6,Blond_Hair
img002684.jpg,star/stargan/Blond_Hair/img002684.jpg,6,Blond_Hair
img003493.jpg,star/stargan/Blond_Hair/img003493.jpg,6,Blond_Hair
img002264.jpg,star/stargan/Blond_Hair/img002264.jpg,6,Blond_Hair
img003087.jpg,star/stargan/Blond_Hair/img003087.jpg,6,Blond_Hair
img002427.jpg,star/stargan/Blond_Hair/img002427.jpg,6,Blond_Hair
img002832.jpg,star/stargan/Blond_Hair/img002832.jpg,6,Blond_Hair
img003631.jpg,star/stargan/Blond_Hair/img003631.jpg,6,Blond_Hair
img003290.jpg,star/stargan/Blond_Hair/img003290.jpg,6,Blond_Hair
img003954.jpg,star/stargan/Blond_Hair/img003954.jpg,6,Blond_Hair
img003548.jpg,star/stargan/Blond_Hair/img003548.jpg,6,Blond_Hair
img003139.jpg,star/stargan/Blond_Hair/img003139.jpg,6,Blond_Hair
img002461.jpg,star/stargan/Blond_Hair/img002461.jpg,6,Blond_Hair
img002596.jpg,star/stargan/Blond_Hair/img002596.jpg,6,Blond_Hair
img002786.jpg,star/stargan/Blond_Hair/img002786.jpg,6,Blond_Hair
img003784.jpg,star/stargan/Blond_Hair/img003784.jpg,6,Blond_Hair
img003165.jpg,star/stargan/Blond_Hair/img003165.jpg,6,Blond_Hair
img003437.jpg,star/stargan/Blond_Hair/img003437.jpg,6,Blond_Hair
img003070.jpg,star/stargan/Blond_Hair/img003070.jpg,6,Blond_Hair
img002308.jpg,star/stargan/Blond_Hair/img002308.jpg,6,Blond_Hair
img002734.jpg,star/stargan/Blond_Hair/img002734.jpg,6,Blond_Hair
img002112.jpg,star/stargan/Blond_Hair/img002112.jpg,6,Blond_Hair
img002491.jpg,star/stargan/Blond_Hair/img002491.jpg,6,Blond_Hair
img002488.jpg,star/stargan/Blond_Hair/img002488.jpg,6,Blond_Hair
img003543.jpg,star/stargan/Blond_Hair/img003543.jpg,6,Blond_Hair
img002436.jpg,star/stargan/Blond_Hair/img002436.jpg,6,Blond_Hair
img003814.jpg,star/stargan/Blond_Hair/img003814.jpg,6,Blond_Hair
img003929.jpg,star/stargan/Blond_Hair/img003929.jpg,6,Blond_Hair
img003332.jpg,star/stargan/Blond_Hair/img003332.jpg,6,Blond_Hair
img002964.jpg,star/stargan/Blond_Hair/img002964.jpg,6,Blond_Hair
img002976.jpg,star/stargan/Blond_Hair/img002976.jpg,6,Blond_Hair
img003551.jpg,star/stargan/Blond_Hair/img003551.jpg,6,Blond_Hair
img002706.jpg,star/stargan/Blond_Hair/img002706.jpg,6,Blond_Hair
img002923.jpg,star/stargan/Blond_Hair/img002923.jpg,6,Blond_Hair
img003203.jpg,star/stargan/Blond_Hair/img003203.jpg,6,Blond_Hair
img003836.jpg,star/stargan/Blond_Hair/img003836.jpg,6,Blond_Hair
img003966.jpg,star/stargan/Blond_Hair/img003966.jpg,6,Blond_Hair
img003820.jpg,star/stargan/Blond_Hair/img003820.jpg,6,Blond_Hair
img002366.jpg,star/stargan/Blond_Hair/img002366.jpg,6,Blond_Hair
img003733.jpg,star/stargan/Blond_Hair/img003733.jpg,6,Blond_Hair
img003671.jpg,star/stargan/Blond_Hair/img003671.jpg,6,Blond_Hair
img002504.jpg,star/stargan/Blond_Hair/img002504.jpg,6,Blond_Hair
img003694.jpg,star/stargan/Blond_Hair/img003694.jpg,6,Blond_Hair
img002212.jpg,star/stargan/Blond_Hair/img002212.jpg,6,Blond_Hair
img003622.jpg,star/stargan/Blond_Hair/img003622.jpg,6,Blond_Hair
img002801.jpg,star/stargan/Blond_Hair/img002801.jpg,6,Blond_Hair
img003429.jpg,star/stargan/Blond_Hair/img003429.jpg,6,Blond_Hair
img003390.jpg,star/stargan/Blond_Hair/img003390.jpg,6,Blond_Hair
img002835.jpg,star/stargan/Blond_Hair/img002835.jpg,6,Blond_Hair
img002698.jpg,star/stargan/Blond_Hair/img002698.jpg,6,Blond_Hair
img002462.jpg,star/stargan/Blond_Hair/img002462.jpg,6,Blond_Hair
img003965.jpg,star/stargan/Blond_Hair/img003965.jpg,6,Blond_Hair
img002862.jpg,star/stargan/Blond_Hair/img002862.jpg,6,Blond_Hair
img003636.jpg,star/stargan/Blond_Hair/img003636.jpg,6,Blond_Hair
img003531.jpg,star/stargan/Blond_Hair/img003531.jpg,6,Blond_Hair
img003296.jpg,star/stargan/Blond_Hair/img003296.jpg,6,Blond_Hair
img003400.jpg,star/stargan/Blond_Hair/img003400.jpg,6,Blond_Hair
img002204.jpg,star/stargan/Blond_Hair/img002204.jpg,6,Blond_Hair
img003346.jpg,star/stargan/Blond_Hair/img003346.jpg,6,Blond_Hair
img002641.jpg,star/stargan/Blond_Hair/img002641.jpg,6,Blond_Hair
img002388.jpg,star/stargan/Blond_Hair/img002388.jpg,6,Blond_Hair
img003340.jpg,star/stargan/Blond_Hair/img003340.jpg,6,Blond_Hair
img002591.jpg,star/stargan/Blond_Hair/img002591.jpg,6,Blond_Hair
img002404.jpg,star/stargan/Blond_Hair/img002404.jpg,6,Blond_Hair
img002206.jpg,star/stargan/Blond_Hair/img002206.jpg,6,Blond_Hair
img002480.jpg,star/stargan/Blond_Hair/img002480.jpg,6,Blond_Hair
img003154.jpg,star/stargan/Blond_Hair/img003154.jpg,6,Blond_Hair
img003529.jpg,star/stargan/Blond_Hair/img003529.jpg,6,Blond_Hair
img003430.jpg,star/stargan/Blond_Hair/img003430.jpg,6,Blond_Hair
img003729.jpg,star/stargan/Blond_Hair/img003729.jpg,6,Blond_Hair
img002582.jpg,star/stargan/Blond_Hair/img002582.jpg,6,Blond_Hair
img002358.jpg,star/stargan/Blond_Hair/img002358.jpg,6,Blond_Hair
img003172.jpg,star/stargan/Blond_Hair/img003172.jpg,6,Blond_Hair
img002047.jpg,star/stargan/Blond_Hair/img002047.jpg,6,Blond_Hair
img002907.jpg,star/stargan/Blond_Hair/img002907.jpg,6,Blond_Hair
img002168.jpg,star/stargan/Blond_Hair/img002168.jpg,6,Blond_Hair
img003738.jpg,star/stargan/Blond_Hair/img003738.jpg,6,Blond_Hair
img003579.jpg,star/stargan/Blond_Hair/img003579.jpg,6,Blond_Hair
img002555.jpg,star/stargan/Blond_Hair/img002555.jpg,6,Blond_Hair
img002015.jpg,star/stargan/Blond_Hair/img002015.jpg,6,Blond_Hair
img002171.jpg,star/stargan/Blond_Hair/img002171.jpg,6,Blond_Hair
img002990.jpg,star/stargan/Blond_Hair/img002990.jpg,6,Blond_Hair
img002067.jpg,star/stargan/Blond_Hair/img002067.jpg,6,Blond_Hair
img002666.jpg,star/stargan/Blond_Hair/img002666.jpg,6,Blond_Hair
img003134.jpg,star/stargan/Blond_Hair/img003134.jpg,6,Blond_Hair
img003439.jpg,star/stargan/Blond_Hair/img003439.jpg,6,Blond_Hair
img003530.jpg,star/stargan/Blond_Hair/img003530.jpg,6,Blond_Hair
img002986.jpg,star/stargan/Blond_Hair/img002986.jpg,6,Blond_Hair
img002557.jpg,star/stargan/Blond_Hair/img002557.jpg,6,Blond_Hair
img003835.jpg,star/stargan/Blond_Hair/img003835.jpg,6,Blond_Hair
img002035.jpg,star/stargan/Blond_Hair/img002035.jpg,6,Blond_Hair
img003397.jpg,star/stargan/Blond_Hair/img003397.jpg,6,Blond_Hair
img002381.jpg,star/stargan/Blond_Hair/img002381.jpg,6,Blond_Hair
img002293.jpg,star/stargan/Blond_Hair/img002293.jpg,6,Blond_Hair
img003753.jpg,star/stargan/Blond_Hair/img003753.jpg,6,Blond_Hair
img002418.jpg,star/stargan/Blond_Hair/img002418.jpg,6,Blond_Hair
img002925.jpg,star/stargan/Blond_Hair/img002925.jpg,6,Blond_Hair
img003251.jpg,star/stargan/Blond_Hair/img003251.jpg,6,Blond_Hair
img003774.jpg,star/stargan/Blond_Hair/img003774.jpg,6,Blond_Hair
img003514.jpg,star/stargan/Blond_Hair/img003514.jpg,6,Blond_Hair
img003969.jpg,star/stargan/Blond_Hair/img003969.jpg,6,Blond_Hair
img003734.jpg,star/stargan/Blond_Hair/img003734.jpg,6,Blond_Hair
img002421.jpg,star/stargan/Blond_Hair/img002421.jpg,6,Blond_Hair
img003443.jpg,star/stargan/Blond_Hair/img003443.jpg,6,Blond_Hair
img003974.jpg,star/stargan/Blond_Hair/img003974.jpg,6,Blond_Hair
img003150.jpg,star/stargan/Blond_Hair/img003150.jpg,6,Blond_Hair
img002797.jpg,star/stargan/Blond_Hair/img002797.jpg,6,Blond_Hair
img002880.jpg,star/stargan/Blond_Hair/img002880.jpg,6,Blond_Hair
img003609.jpg,star/stargan/Blond_Hair/img003609.jpg,6,Blond_Hair
img003365.jpg,star/stargan/Blond_Hair/img003365.jpg,6,Blond_Hair
img002276.jpg,star/stargan/Blond_Hair/img002276.jpg,6,Blond_Hair
img002519.jpg,star/stargan/Blond_Hair/img002519.jpg,6,Blond_Hair
img003132.jpg,star/stargan/Blond_Hair/img003132.jpg,6,Blond_Hair
img002299.jpg,star/stargan/Blond_Hair/img002299.jpg,6,Blond_Hair
img002861.jpg,star/stargan/Blond_Hair/img002861.jpg,6,Blond_Hair
img002331.jpg,star/stargan/Blond_Hair/img002331.jpg,6,Blond_Hair
img002780.jpg,star/stargan/Blond_Hair/img002780.jpg,6,Blond_Hair
img002616.jpg,star/stargan/Blond_Hair/img002616.jpg,6,Blond_Hair
img002678.jpg,star/stargan/Blond_Hair/img002678.jpg,6,Blond_Hair
img003917.jpg,star/stargan/Blond_Hair/img003917.jpg,6,Blond_Hair
img003644.jpg,star/stargan/Blond_Hair/img003644.jpg,6,Blond_Hair
img002240.jpg,star/stargan/Blond_Hair/img002240.jpg,6,Blond_Hair
img002667.jpg,star/stargan/Blond_Hair/img002667.jpg,6,Blond_Hair
img002577.jpg,star/stargan/Blond_Hair/img002577.jpg,6,Blond_Hair
img002940.jpg,star/stargan/Blond_Hair/img002940.jpg,6,Blond_Hair
img002143.jpg,star/stargan/Blond_Hair/img002143.jpg,6,Blond_Hair
img002722.jpg,star/stargan/Blond_Hair/img002722.jpg,6,Blond_Hair
img003485.jpg,star/stargan/Blond_Hair/img003485.jpg,6,Blond_Hair
img003123.jpg,star/stargan/Blond_Hair/img003123.jpg,6,Blond_Hair
img003534.jpg,star/stargan/Blond_Hair/img003534.jpg,6,Blond_Hair
img002485.jpg,star/stargan/Blond_Hair/img002485.jpg,6,Blond_Hair
img002873.jpg,star/stargan/Blond_Hair/img002873.jpg,6,Blond_Hair
img002827.jpg,star/stargan/Blond_Hair/img002827.jpg,6,Blond_Hair
img002079.jpg,star/stargan/Blond_Hair/img002079.jpg,6,Blond_Hair
img002839.jpg,star/stargan/Blond_Hair/img002839.jpg,6,Blond_Hair
img003264.jpg,star/stargan/Blond_Hair/img003264.jpg,6,Blond_Hair
img002278.jpg,star/stargan/Blond_Hair/img002278.jpg,6,Blond_Hair
img002287.jpg,star/stargan/Blond_Hair/img002287.jpg,6,Blond_Hair
img002173.jpg,star/stargan/Blond_Hair/img002173.jpg,6,Blond_Hair
img003645.jpg,star/stargan/Blond_Hair/img003645.jpg,6,Blond_Hair
img002279.jpg,star/stargan/Blond_Hair/img002279.jpg,6,Blond_Hair
img002823.jpg,star/stargan/Blond_Hair/img002823.jpg,6,Blond_Hair
img002494.jpg,star/stargan/Blond_Hair/img002494.jpg,6,Blond_Hair
img003997.jpg,star/stargan/Blond_Hair/img003997.jpg,6,Blond_Hair
img002769.jpg,star/stargan/Blond_Hair/img002769.jpg,6,Blond_Hair
img002665.jpg,star/stargan/Blond_Hair/img002665.jpg,6,Blond_Hair
img002496.jpg,star/stargan/Blond_Hair/img002496.jpg,6,Blond_Hair
img002027.jpg,star/stargan/Blond_Hair/img002027.jpg,6,Blond_Hair
img002314.jpg,star/stargan/Blond_Hair/img002314.jpg,6,Blond_Hair
img003611.jpg,star/stargan/Blond_Hair/img003611.jpg,6,Blond_Hair
img002537.jpg,star/stargan/Blond_Hair/img002537.jpg,6,Blond_Hair
img003234.jpg,star/stargan/Blond_Hair/img003234.jpg,6,Blond_Hair
img003019.jpg,star/stargan/Blond_Hair/img003019.jpg,6,Blond_Hair
img003221.jpg,star/stargan/Blond_Hair/img003221.jpg,6,Blond_Hair
img003760.jpg,star/stargan/Blond_Hair/img003760.jpg,6,Blond_Hair
img002400.jpg,star/stargan/Blond_Hair/img002400.jpg,6,Blond_Hair
img003008.jpg,star/stargan/Blond_Hair/img003008.jpg,6,Blond_Hair
img002048.jpg,star/stargan/Blond_Hair/img002048.jpg,6,Blond_Hair
img003311.jpg,star/stargan/Blond_Hair/img003311.jpg,6,Blond_Hair
img003564.jpg,star/stargan/Blond_Hair/img003564.jpg,6,Blond_Hair
img003444.jpg,star/stargan/Blond_Hair/img003444.jpg,6,Blond_Hair
img002748.jpg,star/stargan/Blond_Hair/img002748.jpg,6,Blond_Hair
img003445.jpg,star/stargan/Blond_Hair/img003445.jpg,6,Blond_Hair
img003168.jpg,star/stargan/Blond_Hair/img003168.jpg,6,Blond_Hair
img002373.jpg,star/stargan/Blond_Hair/img002373.jpg,6,Blond_Hair
img002309.jpg,star/stargan/Blond_Hair/img002309.jpg,6,Blond_Hair
img002030.jpg,star/stargan/Blond_Hair/img002030.jpg,6,Blond_Hair
img002637.jpg,star/stargan/Blond_Hair/img002637.jpg,6,Blond_Hair
img002099.jpg,star/stargan/Blond_Hair/img002099.jpg,6,Blond_Hair
img002157.jpg,star/stargan/Blond_Hair/img002157.jpg,6,Blond_Hair
img003741.jpg,star/stargan/Blond_Hair/img003741.jpg,6,Blond_Hair
img003046.jpg,star/stargan/Blond_Hair/img003046.jpg,6,Blond_Hair
img002619.jpg,star/stargan/Blond_Hair/img002619.jpg,6,Blond_Hair
img002909.jpg,star/stargan/Blond_Hair/img002909.jpg,6,Blond_Hair
img002333.jpg,star/stargan/Blond_Hair/img002333.jpg,6,Blond_Hair
img003842.jpg,star/stargan/Blond_Hair/img003842.jpg,6,Blond_Hair
img002282.jpg,star/stargan/Blond_Hair/img002282.jpg,6,Blond_Hair
img002902.jpg,star/stargan/Blond_Hair/img002902.jpg,6,Blond_Hair
img001999.jpg,star/stargan/Blond_Hair/img001999.jpg,6,Blond_Hair
img003582.jpg,star/stargan/Blond_Hair/img003582.jpg,6,Blond_Hair
img003312.jpg,star/stargan/Blond_Hair/img003312.jpg,6,Blond_Hair
img003750.jpg,star/stargan/Blond_Hair/img003750.jpg,6,Blond_Hair
img003935.jpg,star/stargan/Blond_Hair/img003935.jpg,6,Blond_Hair
img002247.jpg,star/stargan/Blond_Hair/img002247.jpg,6,Blond_Hair
img002843.jpg,star/stargan/Blond_Hair/img002843.jpg,6,Blond_Hair
img003106.jpg,star/stargan/Blond_Hair/img003106.jpg,6,Blond_Hair
img002154.jpg,star/stargan/Blond_Hair/img002154.jpg,6,Blond_Hair
img002295.jpg,star/stargan/Blond_Hair/img002295.jpg,6,Blond_Hair
img002130.jpg,star/stargan/Blond_Hair/img002130.jpg,6,Blond_Hair
img003244.jpg,star/stargan/Blond_Hair/img003244.jpg,6,Blond_Hair
img002747.jpg,star/stargan/Blond_Hair/img002747.jpg,6,Blond_Hair
img003585.jpg,star/stargan/Blond_Hair/img003585.jpg,6,Blond_Hair
img003291.jpg,star/stargan/Blond_Hair/img003291.jpg,6,Blond_Hair
img002881.jpg,star/stargan/Blond_Hair/img002881.jpg,6,Blond_Hair
img002346.jpg,star/stargan/Blond_Hair/img002346.jpg,6,Blond_Hair
img002775.jpg,star/stargan/Blond_Hair/img002775.jpg,6,Blond_Hair
img003945.jpg,star/stargan/Blond_Hair/img003945.jpg,6,Blond_Hair
img003916.jpg,star/stargan/Blond_Hair/img003916.jpg,6,Blond_Hair
img002038.jpg,star/stargan/Blond_Hair/img002038.jpg,6,Blond_Hair
img003192.jpg,star/stargan/Blond_Hair/img003192.jpg,6,Blond_Hair
img003498.jpg,star/stargan/Blond_Hair/img003498.jpg,6,Blond_Hair
img003928.jpg,star/stargan/Blond_Hair/img003928.jpg,6,Blond_Hair
img003343.jpg,star/stargan/Blond_Hair/img003343.jpg,6,Blond_Hair
img003955.jpg,star/stargan/Blond_Hair/img003955.jpg,6,Blond_Hair
img003687.jpg,star/stargan/Blond_Hair/img003687.jpg,6,Blond_Hair
img002728.jpg,star/stargan/Blond_Hair/img002728.jpg,6,Blond_Hair
img003605.jpg,star/stargan/Blond_Hair/img003605.jpg,6,Blond_Hair
img003374.jpg,star/stargan/Blond_Hair/img003374.jpg,6,Blond_Hair
img003038.jpg,star/stargan/Blond_Hair/img003038.jpg,6,Blond_Hair
img002604.jpg,star/stargan/Blond_Hair/img002604.jpg,6,Blond_Hair
img003295.jpg,star/stargan/Blond_Hair/img003295.jpg,6,Blond_Hair
img002900.jpg,star/stargan/Blond_Hair/img002900.jpg,6,Blond_Hair
img002860.jpg,star/stargan/Blond_Hair/img002860.jpg,6,Blond_Hair
img003627.jpg,star/stargan/Blond_Hair/img003627.jpg,6,Blond_Hair
img002375.jpg,star/stargan/Blond_Hair/img002375.jpg,6,Blond_Hair
img002261.jpg,star/stargan/Blond_Hair/img002261.jpg,6,Blond_Hair
img002690.jpg,star/stargan/Blond_Hair/img002690.jpg,6,Blond_Hair
img003451.jpg,star/stargan/Blond_Hair/img003451.jpg,6,Blond_Hair
img002502.jpg,star/stargan/Blond_Hair/img002502.jpg,6,Blond_Hair
img003387.jpg,star/stargan/Blond_Hair/img003387.jpg,6,Blond_Hair
img002517.jpg,star/stargan/Blond_Hair/img002517.jpg,6,Blond_Hair
img003586.jpg,star/stargan/Blond_Hair/img003586.jpg,6,Blond_Hair
img002338.jpg,star/stargan/Blond_Hair/img002338.jpg,6,Blond_Hair
img003931.jpg,star/stargan/Blond_Hair/img003931.jpg,6,Blond_Hair
img002406.jpg,star/stargan/Blond_Hair/img002406.jpg,6,Blond_Hair
img003307.jpg,star/stargan/Blond_Hair/img003307.jpg,6,Blond_Hair
img003646.jpg,star/stargan/Blond_Hair/img003646.jpg,6,Blond_Hair
img003007.jpg,star/stargan/Blond_Hair/img003007.jpg,6,Blond_Hair
img002283.jpg,star/stargan/Blond_Hair/img002283.jpg,6,Blond_Hair
img002399.jpg,star/stargan/Blond_Hair/img002399.jpg,6,Blond_Hair
img003004.jpg,star/stargan/Blond_Hair/img003004.jpg,6,Blond_Hair
img003581.jpg,star/stargan/Blond_Hair/img003581.jpg,6,Blond_Hair
img003175.jpg,star/stargan/Blond_Hair/img003175.jpg,6,Blond_Hair
img003161.jpg,star/stargan/Blond_Hair/img003161.jpg,6,Blond_Hair
img003278.jpg,star/stargan/Blond_Hair/img003278.jpg,6,Blond_Hair
img003512.jpg,star/stargan/Blond_Hair/img003512.jpg,6,Blond_Hair
img003185.jpg,star/stargan/Blond_Hair/img003185.jpg,6,Blond_Hair
img002588.jpg,star/stargan/Blond_Hair/img002588.jpg,6,Blond_Hair
img002571.jpg,star/stargan/Blond_Hair/img002571.jpg,6,Blond_Hair
img002941.jpg,star/stargan/Blond_Hair/img002941.jpg,6,Blond_Hair
img002145.jpg,star/stargan/Blond_Hair/img002145.jpg,6,Blond_Hair
img003361.jpg,star/stargan/Blond_Hair/img003361.jpg,6,Blond_Hair
img003449.jpg,star/stargan/Blond_Hair/img003449.jpg,6,Blond_Hair
img003208.jpg,star/stargan/Blond_Hair/img003208.jpg,6,Blond_Hair
img002564.jpg,star/stargan/Blond_Hair/img002564.jpg,6,Blond_Hair
img003710.jpg,star/stargan/Blond_Hair/img003710.jpg,6,Blond_Hair
img002975.jpg,star/stargan/Blond_Hair/img002975.jpg,6,Blond_Hair
img003970.jpg,star/stargan/Blond_Hair/img003970.jpg,6,Blond_Hair
img003647.jpg,star/stargan/Blond_Hair/img003647.jpg,6,Blond_Hair
img003803.jpg,star/stargan/Blond_Hair/img003803.jpg,6,Blond_Hair
img003893.jpg,star/stargan/Blond_Hair/img003893.jpg,6,Blond_Hair
img002758.jpg,star/stargan/Blond_Hair/img002758.jpg,6,Blond_Hair
img003199.jpg,star/stargan/Blond_Hair/img003199.jpg,6,Blond_Hair
img002762.jpg,star/stargan/Blond_Hair/img002762.jpg,6,Blond_Hair
img003993.jpg,star/stargan/Blond_Hair/img003993.jpg,6,Blond_Hair
img003570.jpg,star/stargan/Blond_Hair/img003570.jpg,6,Blond_Hair
img002221.jpg,star/stargan/Blond_Hair/img002221.jpg,6,Blond_Hair
img002031.jpg,star/stargan/Blond_Hair/img002031.jpg,6,Blond_Hair
img003186.jpg,star/stargan/Blond_Hair/img003186.jpg,6,Blond_Hair
img002423.jpg,star/stargan/Blond_Hair/img002423.jpg,6,Blond_Hair
img002956.jpg,star/stargan/Blond_Hair/img002956.jpg,6,Blond_Hair
img002949.jpg,star/stargan/Blond_Hair/img002949.jpg,6,Blond_Hair
img002856.jpg,star/stargan/Blond_Hair/img002856.jpg,6,Blond_Hair
img003507.jpg,star/stargan/Blond_Hair/img003507.jpg,6,Blond_Hair
img002147.jpg,star/stargan/Blond_Hair/img002147.jpg,6,Blond_Hair
img002897.jpg,star/stargan/Blond_Hair/img002897.jpg,6,Blond_Hair
img002947.jpg,star/stargan/Blond_Hair/img002947.jpg,6,Blond_Hair
img002471.jpg,star/stargan/Blond_Hair/img002471.jpg,6,Blond_Hair
img002298.jpg,star/stargan/Blond_Hair/img002298.jpg,6,Blond_Hair
img003297.jpg,star/stargan/Blond_Hair/img003297.jpg,6,Blond_Hair
img003851.jpg,star/stargan/Blond_Hair/img003851.jpg,6,Blond_Hair
img002970.jpg,star/stargan/Blond_Hair/img002970.jpg,6,Blond_Hair
img002995.jpg,star/stargan/Blond_Hair/img002995.jpg,6,Blond_Hair
img003895.jpg,star/stargan/Blond_Hair/img003895.jpg,6,Blond_Hair
img002117.jpg,star/stargan/Blond_Hair/img002117.jpg,6,Blond_Hair
img003557.jpg,star/stargan/Blond_Hair/img003557.jpg,6,Blond_Hair
img003266.jpg,star/stargan/Blond_Hair/img003266.jpg,6,Blond_Hair
img002693.jpg,star/stargan/Blond_Hair/img002693.jpg,6,Blond_Hair
img002572.jpg,star/stargan/Blond_Hair/img002572.jpg,6,Blond_Hair
img002714.jpg,star/stargan/Blond_Hair/img002714.jpg,6,Blond_Hair
img002468.jpg,star/stargan/Blond_Hair/img002468.jpg,6,Blond_Hair
img003977.jpg,star/stargan/Blond_Hair/img003977.jpg,6,Blond_Hair
img003100.jpg,star/stargan/Blond_Hair/img003100.jpg,6,Blond_Hair
img002174.jpg,star/stargan/Blond_Hair/img002174.jpg,6,Blond_Hair
img002726.jpg,star/stargan/Blond_Hair/img002726.jpg,6,Blond_Hair
img002368.jpg,star/stargan/Blond_Hair/img002368.jpg,6,Blond_Hair
img002121.jpg,star/stargan/Blond_Hair/img002121.jpg,6,Blond_Hair
img003357.jpg,star/stargan/Blond_Hair/img003357.jpg,6,Blond_Hair
img003722.jpg,star/stargan/Blond_Hair/img003722.jpg,6,Blond_Hair
img003886.jpg,star/stargan/Blond_Hair/img003886.jpg,6,Blond_Hair
img003155.jpg,star/stargan/Blond_Hair/img003155.jpg,6,Blond_Hair
img002760.jpg,star/stargan/Blond_Hair/img002760.jpg,6,Blond_Hair
img002448.jpg,star/stargan/Blond_Hair/img002448.jpg,6,Blond_Hair
img003146.jpg,star/stargan/Blond_Hair/img003146.jpg,6,Blond_Hair
img003720.jpg,star/stargan/Blond_Hair/img003720.jpg,6,Blond_Hair
img002229.jpg,star/stargan/Blond_Hair/img002229.jpg,6,Blond_Hair
img002087.jpg,star/stargan/Blond_Hair/img002087.jpg,6,Blond_Hair
img003615.jpg,star/stargan/Blond_Hair/img003615.jpg,6,Blond_Hair
img003642.jpg,star/stargan/Blond_Hair/img003642.jpg,6,Blond_Hair
img003418.jpg,star/stargan/Blond_Hair/img003418.jpg,6,Blond_Hair
img003634.jpg,star/stargan/Blond_Hair/img003634.jpg,6,Blond_Hair
img003143.jpg,star/stargan/Blond_Hair/img003143.jpg,6,Blond_Hair
img002725.jpg,star/stargan/Blond_Hair/img002725.jpg,6,Blond_Hair
img003637.jpg,star/stargan/Blond_Hair/img003637.jpg,6,Blond_Hair
img002006.jpg,star/stargan/Blond_Hair/img002006.jpg,6,Blond_Hair
img003884.jpg,star/stargan/Blond_Hair/img003884.jpg,6,Blond_Hair
img003952.jpg,star/stargan/Blond_Hair/img003952.jpg,6,Blond_Hair
img003915.jpg,star/stargan/Blond_Hair/img003915.jpg,6,Blond_Hair
img002589.jpg,star/stargan/Blond_Hair/img002589.jpg,6,Blond_Hair
img003071.jpg,star/stargan/Blond_Hair/img003071.jpg,6,Blond_Hair
img002005.jpg,star/stargan/Blond_Hair/img002005.jpg,6,Blond_Hair
img003617.jpg,star/stargan/Blond_Hair/img003617.jpg,6,Blond_Hair
img002984.jpg,star/stargan/Blond_Hair/img002984.jpg,6,Blond_Hair
img002125.jpg,star/stargan/Blond_Hair/img002125.jpg,6,Blond_Hair
img002676.jpg,star/stargan/Blond_Hair/img002676.jpg,6,Blond_Hair
img002334.jpg,star/stargan/Blond_Hair/img002334.jpg,6,Blond_Hair
img002798.jpg,star/stargan/Blond_Hair/img002798.jpg,6,Blond_Hair
img003299.jpg,star/stargan/Blond_Hair/img003299.jpg,6,Blond_Hair
img003847.jpg,star/stargan/Blond_Hair/img003847.jpg,6,Blond_Hair
img002466.jpg,star/stargan/Blond_Hair/img002466.jpg,6,Blond_Hair
img002583.jpg,star/stargan/Blond_Hair/img002583.jpg,6,Blond_Hair
img002701.jpg,star/stargan/Blond_Hair/img002701.jpg,6,Blond_Hair
img002317.jpg,star/stargan/Blond_Hair/img002317.jpg,6,Blond_Hair
img002446.jpg,star/stargan/Blond_Hair/img002446.jpg,6,Blond_Hair
img002113.jpg,star/stargan/Blond_Hair/img002113.jpg,6,Blond_Hair
img003415.jpg,star/stargan/Blond_Hair/img003415.jpg,6,Blond_Hair
img003129.jpg,star/stargan/Blond_Hair/img003129.jpg,6,Blond_Hair
img003587.jpg,star/stargan/Blond_Hair/img003587.jpg,6,Blond_Hair
img003544.jpg,star/stargan/Blond_Hair/img003544.jpg,6,Blond_Hair
img002692.jpg,star/stargan/Blond_Hair/img002692.jpg,6,Blond_Hair
img002017.jpg,star/stargan/Blond_Hair/img002017.jpg,6,Blond_Hair
img003648.jpg,star/stargan/Blond_Hair/img003648.jpg,6,Blond_Hair
img003056.jpg,star/stargan/Blond_Hair/img003056.jpg,6,Blond_Hair
img002531.jpg,star/stargan/Blond_Hair/img002531.jpg,6,Blond_Hair
img003596.jpg,star/stargan/Blond_Hair/img003596.jpg,6,Blond_Hair
img002033.jpg,star/stargan/Blond_Hair/img002033.jpg,6,Blond_Hair
img003126.jpg,star/stargan/Blond_Hair/img003126.jpg,6,Blond_Hair
img003066.jpg,star/stargan/Blond_Hair/img003066.jpg,6,Blond_Hair
img003024.jpg,star/stargan/Blond_Hair/img003024.jpg,6,Blond_Hair
img003891.jpg,star/stargan/Blond_Hair/img003891.jpg,6,Blond_Hair
img002413.jpg,star/stargan/Blond_Hair/img002413.jpg,6,Blond_Hair
img002339.jpg,star/stargan/Blond_Hair/img002339.jpg,6,Blond_Hair
img003133.jpg,star/stargan/Blond_Hair/img003133.jpg,6,Blond_Hair
img002297.jpg,star/stargan/Blond_Hair/img002297.jpg,6,Blond_Hair
img003049.jpg,star/stargan/Blond_Hair/img003049.jpg,6,Blond_Hair
img002242.jpg,star/stargan/Blond_Hair/img002242.jpg,6,Blond_Hair
img003466.jpg,star/stargan/Blond_Hair/img003466.jpg,6,Blond_Hair
img003635.jpg,star/stargan/Blond_Hair/img003635.jpg,6,Blond_Hair
img003210.jpg,star/stargan/Blond_Hair/img003210.jpg,6,Blond_Hair
img002732.jpg,star/stargan/Blond_Hair/img002732.jpg,6,Blond_Hair
img003419.jpg,star/stargan/Blond_Hair/img003419.jpg,6,Blond_Hair
img003889.jpg,star/stargan/Blond_Hair/img003889.jpg,6,Blond_Hair
img002153.jpg,star/stargan/Blond_Hair/img002153.jpg,6,Blond_Hair
img002888.jpg,star/stargan/Blond_Hair/img002888.jpg,6,Blond_Hair
img003207.jpg,star/stargan/Blond_Hair/img003207.jpg,6,Blond_Hair
img003032.jpg,star/stargan/Blond_Hair/img003032.jpg,6,Blond_Hair
img003111.jpg,star/stargan/Blond_Hair/img003111.jpg,6,Blond_Hair
img003844.jpg,star/stargan/Blond_Hair/img003844.jpg,6,Blond_Hair
img003948.jpg,star/stargan/Blond_Hair/img003948.jpg,6,Blond_Hair
img003834.jpg,star/stargan/Blond_Hair/img003834.jpg,6,Blond_Hair
img002083.jpg,star/stargan/Blond_Hair/img002083.jpg,6,Blond_Hair
img003790.jpg,star/stargan/Blond_Hair/img003790.jpg,6,Blond_Hair
img003447.jpg,star/stargan/Blond_Hair/img003447.jpg,6,Blond_Hair
img002163.jpg,star/stargan/Blond_Hair/img002163.jpg,6,Blond_Hair
img002639.jpg,star/stargan/Blond_Hair/img002639.jpg,6,Blond_Hair
img003405.jpg,star/stargan/Blond_Hair/img003405.jpg,6,Blond_Hair
img002195.jpg,star/stargan/Blond_Hair/img002195.jpg,6,Blond_Hair
img002727.jpg,star/stargan/Blond_Hair/img002727.jpg,6,Blond_Hair
img002059.jpg,star/stargan/Blond_Hair/img002059.jpg,6,Blond_Hair
img002625.jpg,star/stargan/Blond_Hair/img002625.jpg,6,Blond_Hair
img003730.jpg,star/stargan/Blond_Hair/img003730.jpg,6,Blond_Hair
img003576.jpg,star/stargan/Blond_Hair/img003576.jpg,6,Blond_Hair
img002122.jpg,star/stargan/Blond_Hair/img002122.jpg,6,Blond_Hair
img003034.jpg,star/stargan/Blond_Hair/img003034.jpg,6,Blond_Hair
img002001.jpg,star/stargan/Blond_Hair/img002001.jpg,6,Blond_Hair
img003458.jpg,star/stargan/Blond_Hair/img003458.jpg,6,Blond_Hair
img003589.jpg,star/stargan/Blond_Hair/img003589.jpg,6,Blond_Hair
img002398.jpg,star/stargan/Blond_Hair/img002398.jpg,6,Blond_Hair
img003242.jpg,star/stargan/Blond_Hair/img003242.jpg,6,Blond_Hair
img002875.jpg,star/stargan/Blond_Hair/img002875.jpg,6,Blond_Hair
img002376.jpg,star/stargan/Blond_Hair/img002376.jpg,6,Blond_Hair
img002061.jpg,star/stargan/Blond_Hair/img002061.jpg,6,Blond_Hair
img002216.jpg,star/stargan/Blond_Hair/img002216.jpg,6,Blond_Hair
img003933.jpg,star/stargan/Blond_Hair/img003933.jpg,6,Blond_Hair
img003979.jpg,star/stargan/Blond_Hair/img003979.jpg,6,Blond_Hair
img003930.jpg,star/stargan/Blond_Hair/img003930.jpg,6,Blond_Hair
img002642.jpg,star/stargan/Blond_Hair/img002642.jpg,6,Blond_Hair
img003226.jpg,star/stargan/Blond_Hair/img003226.jpg,6,Blond_Hair
img002203.jpg,star/stargan/Blond_Hair/img002203.jpg,6,Blond_Hair
img002055.jpg,star/stargan/Blond_Hair/img002055.jpg,6,Blond_Hair
img002757.jpg,star/stargan/Blond_Hair/img002757.jpg,6,Blond_Hair
img002854.jpg,star/stargan/Blond_Hair/img002854.jpg,6,Blond_Hair
img002499.jpg,star/stargan/Blond_Hair/img002499.jpg,6,Blond_Hair
img002969.jpg,star/stargan/Blond_Hair/img002969.jpg,6,Blond_Hair
img002342.jpg,star/stargan/Blond_Hair/img002342.jpg,6,Blond_Hair
img003003.jpg,star/stargan/Blond_Hair/img003003.jpg,6,Blond_Hair
img002136.jpg,star/stargan/Blond_Hair/img002136.jpg,6,Blond_Hair
img003215.jpg,star/stargan/Blond_Hair/img003215.jpg,6,Blond_Hair
img002869.jpg,star/stargan/Blond_Hair/img002869.jpg,6,Blond_Hair
img002967.jpg,star/stargan/Blond_Hair/img002967.jpg,6,Blond_Hair
img002978.jpg,star/stargan/Blond_Hair/img002978.jpg,6,Blond_Hair
img003663.jpg,star/stargan/Blond_Hair/img003663.jpg,6,Blond_Hair
img003723.jpg,star/stargan/Blond_Hair/img003723.jpg,6,Blond_Hair
img002772.jpg,star/stargan/Blond_Hair/img002772.jpg,6,Blond_Hair
img002778.jpg,star/stargan/Blond_Hair/img002778.jpg,6,Blond_Hair
img002963.jpg,star/stargan/Blond_Hair/img002963.jpg,6,Blond_Hair
img003832.jpg,star/stargan/Blond_Hair/img003832.jpg,6,Blond_Hair
img003166.jpg,star/stargan/Blond_Hair/img003166.jpg,6,Blond_Hair
img003607.jpg,star/stargan/Blond_Hair/img003607.jpg,6,Blond_Hair
img002118.jpg,star/stargan/Blond_Hair/img002118.jpg,6,Blond_Hair
img003480.jpg,star/stargan/Blond_Hair/img003480.jpg,6,Blond_Hair
img003664.jpg,star/stargan/Blond_Hair/img003664.jpg,6,Blond_Hair
img003797.jpg,star/stargan/Blond_Hair/img003797.jpg,6,Blond_Hair
img002878.jpg,star/stargan/Blond_Hair/img002878.jpg,6,Blond_Hair
img003476.jpg,star/stargan/Blond_Hair/img003476.jpg,6,Blond_Hair
img003770.jpg,star/stargan/Blond_Hair/img003770.jpg,6,Blond_Hair
img002068.jpg,star/stargan/Blond_Hair/img002068.jpg,6,Blond_Hair
img002464.jpg,star/stargan/Blond_Hair/img002464.jpg,6,Blond_Hair
img003743.jpg,star/stargan/Blond_Hair/img003743.jpg,6,Blond_Hair
img003042.jpg,star/stargan/Blond_Hair/img003042.jpg,6,Blond_Hair
img003792.jpg,star/stargan/Blond_Hair/img003792.jpg,6,Blond_Hair
img002891.jpg,star/stargan/Blond_Hair/img002891.jpg,6,Blond_Hair
img002026.jpg,star/stargan/Blond_Hair/img002026.jpg,6,Blond_Hair
img003450.jpg,star/stargan/Blond_Hair/img003450.jpg,6,Blond_Hair
img002633.jpg,star/stargan/Blond_Hair/img002633.jpg,6,Blond_Hair
img002228.jpg,star/stargan/Blond_Hair/img002228.jpg,6,Blond_Hair
img003090.jpg,star/stargan/Blond_Hair/img003090.jpg,6,Blond_Hair
img002530.jpg,star/stargan/Blond_Hair/img002530.jpg,6,Blond_Hair
img003971.jpg,star/stargan/Blond_Hair/img003971.jpg,6,Blond_Hair
img002971.jpg,star/stargan/Blond_Hair/img002971.jpg,6,Blond_Hair
img003912.jpg,star/stargan/Blond_Hair/img003912.jpg,6,Blond_Hair
img003566.jpg,star/stargan/Blond_Hair/img003566.jpg,6,Blond_Hair
img002988.jpg,star/stargan/Blond_Hair/img002988.jpg,6,Blond_Hair
img003051.jpg,star/stargan/Blond_Hair/img003051.jpg,6,Blond_Hair
img003232.jpg,star/stargan/Blond_Hair/img003232.jpg,6,Blond_Hair
img002962.jpg,star/stargan/Blond_Hair/img002962.jpg,6,Blond_Hair
img002953.jpg,star/stargan/Blond_Hair/img002953.jpg,6,Blond_Hair
img002497.jpg,star/stargan/Blond_Hair/img002497.jpg,6,Blond_Hair
img003371.jpg,star/stargan/Blond_Hair/img003371.jpg,6,Blond_Hair
img003323.jpg,star/stargan/Blond_Hair/img003323.jpg,6,Blond_Hair
img003519.jpg,star/stargan/Blond_Hair/img003519.jpg,6,Blond_Hair
img003388.jpg,star/stargan/Blond_Hair/img003388.jpg,6,Blond_Hair
img003769.jpg,star/stargan/Blond_Hair/img003769.jpg,6,Blond_Hair
img002230.jpg,star/stargan/Blond_Hair/img002230.jpg,6,Blond_Hair
img003547.jpg,star/stargan/Blond_Hair/img003547.jpg,6,Blond_Hair
img002021.jpg,star/stargan/Blond_Hair/img002021.jpg,6,Blond_Hair
img002704.jpg,star/stargan/Blond_Hair/img002704.jpg,6,Blond_Hair
img002685.jpg,star/stargan/Blond_Hair/img002685.jpg,6,Blond_Hair
img002409.jpg,star/stargan/Blond_Hair/img002409.jpg,6,Blond_Hair
img002417.jpg,star/stargan/Blond_Hair/img002417.jpg,6,Blond_Hair
img003900.jpg,star/stargan/Blond_Hair/img003900.jpg,6,Blond_Hair
img003908.jpg,star/stargan/Blond_Hair/img003908.jpg,6,Blond_Hair
img003806.jpg,star/stargan/Blond_Hair/img003806.jpg,6,Blond_Hair
img002063.jpg,star/stargan/Blond_Hair/img002063.jpg,6,Blond_Hair
img002410.jpg,star/stargan/Blond_Hair/img002410.jpg,6,Blond_Hair
img003817.jpg,star/stargan/Blond_Hair/img003817.jpg,6,Blond_Hair
img002386.jpg,star/stargan/Blond_Hair/img002386.jpg,6,Blond_Hair
img003588.jpg,star/stargan/Blond_Hair/img003588.jpg,6,Blond_Hair
img003178.jpg,star/stargan/Blond_Hair/img003178.jpg,6,Blond_Hair
img003552.jpg,star/stargan/Blond_Hair/img003552.jpg,6,Blond_Hair
img003427.jpg,star/stargan/Blond_Hair/img003427.jpg,6,Blond_Hair
img002467.jpg,star/stargan/Blond_Hair/img002467.jpg,6,Blond_Hair
img002365.jpg,star/stargan/Blond_Hair/img002365.jpg,6,Blond_Hair
img002082.jpg,star/stargan/Blond_Hair/img002082.jpg,6,Blond_Hair
img003619.jpg,star/stargan/Blond_Hair/img003619.jpg,6,Blond_Hair
img003121.jpg,star/stargan/Blond_Hair/img003121.jpg,6,Blond_Hair
img003176.jpg,star/stargan/Blond_Hair/img003176.jpg,6,Blond_Hair
img002050.jpg,star/stargan/Blond_Hair/img002050.jpg,6,Blond_Hair
img002372.jpg,star/stargan/Blond_Hair/img002372.jpg,6,Blond_Hair
img003270.jpg,star/stargan/Blond_Hair/img003270.jpg,6,Blond_Hair
img003919.jpg,star/stargan/Blond_Hair/img003919.jpg,6,Blond_Hair
img003201.jpg,star/stargan/Blond_Hair/img003201.jpg,6,Blond_Hair
img003013.jpg,star/stargan/Blond_Hair/img003013.jpg,6,Blond_Hair
img003613.jpg,star/stargan/Blond_Hair/img003613.jpg,6,Blond_Hair
img003737.jpg,star/stargan/Blond_Hair/img003737.jpg,6,Blond_Hair
img003414.jpg,star/stargan/Blond_Hair/img003414.jpg,6,Blond_Hair
img003775.jpg,star/stargan/Blond_Hair/img003775.jpg,6,Blond_Hair
img003452.jpg,star/stargan/Blond_Hair/img003452.jpg,6,Blond_Hair
img002194.jpg,star/stargan/Blond_Hair/img002194.jpg,6,Blond_Hair
img002419.jpg,star/stargan/Blond_Hair/img002419.jpg,6,Blond_Hair
img002683.jpg,star/stargan/Blond_Hair/img002683.jpg,6,Blond_Hair
img002928.jpg,star/stargan/Blond_Hair/img002928.jpg,6,Blond_Hair
img002624.jpg,star/stargan/Blond_Hair/img002624.jpg,6,Blond_Hair
img002906.jpg,star/stargan/Blond_Hair/img002906.jpg,6,Blond_Hair
img002120.jpg,star/stargan/Blond_Hair/img002120.jpg,6,Blond_Hair
img003598.jpg,star/stargan/Blond_Hair/img003598.jpg,6,Blond_Hair
img002670.jpg,star/stargan/Blond_Hair/img002670.jpg,6,Blond_Hair
img002846.jpg,star/stargan/Blond_Hair/img002846.jpg,6,Blond_Hair
img003745.jpg,star/stargan/Blond_Hair/img003745.jpg,6,Blond_Hair
img003791.jpg,star/stargan/Blond_Hair/img003791.jpg,6,Blond_Hair
img003675.jpg,star/stargan/Blond_Hair/img003675.jpg,6,Blond_Hair
img002291.jpg,star/stargan/Blond_Hair/img002291.jpg,6,Blond_Hair
img003360.jpg,star/stargan/Blond_Hair/img003360.jpg,6,Blond_Hair
img002191.jpg,star/stargan/Blond_Hair/img002191.jpg,6,Blond_Hair
img003921.jpg,star/stargan/Blond_Hair/img003921.jpg,6,Blond_Hair
img002251.jpg,star/stargan/Blond_Hair/img002251.jpg,6,Blond_Hair
img002245.jpg,star/stargan/Blond_Hair/img002245.jpg,6,Blond_Hair
img003863.jpg,star/stargan/Blond_Hair/img003863.jpg,6,Blond_Hair
img002241.jpg,star/stargan/Blond_Hair/img002241.jpg,6,Blond_Hair
img002960.jpg,star/stargan/Blond_Hair/img002960.jpg,6,Blond_Hair
img003537.jpg,star/stargan/Blond_Hair/img003537.jpg,6,Blond_Hair
img002785.jpg,star/stargan/Blond_Hair/img002785.jpg,6,Blond_Hair
img002968.jpg,star/stargan/Blond_Hair/img002968.jpg,6,Blond_Hair
img003679.jpg,star/stargan/Blond_Hair/img003679.jpg,6,Blond_Hair
img002697.jpg,star/stargan/Blond_Hair/img002697.jpg,6,Blond_Hair
img003680.jpg,star/stargan/Blond_Hair/img003680.jpg,6,Blond_Hair
img002620.jpg,star/stargan/Blond_Hair/img002620.jpg,6,Blond_Hair
img002719.jpg,star/stargan/Blond_Hair/img002719.jpg,6,Blond_Hair
img002746.jpg,star/stargan/Blond_Hair/img002746.jpg,6,Blond_Hair
img002473.jpg,star/stargan/Blond_Hair/img002473.jpg,6,Blond_Hair
img003482.jpg,star/stargan/Blond_Hair/img003482.jpg,6,Blond_Hair
img003422.jpg,star/stargan/Blond_Hair/img003422.jpg,6,Blond_Hair
img003416.jpg,star/stargan/Blond_Hair/img003416.jpg,6,Blond_Hair
img003441.jpg,star/stargan/Blond_Hair/img003441.jpg,6,Blond_Hair
img002825.jpg,star/stargan/Blond_Hair/img002825.jpg,6,Blond_Hair
img003762.jpg,star/stargan/Blond_Hair/img003762.jpg,6,Blond_Hair
img002959.jpg,star/stargan/Blond_Hair/img002959.jpg,6,Blond_Hair
img003800.jpg,star/stargan/Blond_Hair/img003800.jpg,6,Blond_Hair
img003584.jpg,star/stargan/Blond_Hair/img003584.jpg,6,Blond_Hair
img003684.jpg,star/stargan/Blond_Hair/img003684.jpg,6,Blond_Hair
img003039.jpg,star/stargan/Blond_Hair/img003039.jpg,6,Blond_Hair
img002553.jpg,star/stargan/Blond_Hair/img002553.jpg,6,Blond_Hair
img003545.jpg,star/stargan/Blond_Hair/img003545.jpg,6,Blond_Hair
img003991.jpg,star/stargan/Blond_Hair/img003991.jpg,6,Blond_Hair
img002199.jpg,star/stargan/Blond_Hair/img002199.jpg,6,Blond_Hair
img002156.jpg,star/stargan/Blond_Hair/img002156.jpg,6,Blond_Hair
img002677.jpg,star/stargan/Blond_Hair/img002677.jpg,6,Blond_Hair
img002369.jpg,star/stargan/Blond_Hair/img002369.jpg,6,Blond_Hair
img003376.jpg,star/stargan/Blond_Hair/img003376.jpg,6,Blond_Hair
img002092.jpg,star/stargan/Blond_Hair/img002092.jpg,6,Blond_Hair
img003568.jpg,star/stargan/Blond_Hair/img003568.jpg,6,Blond_Hair
img003027.jpg,star/stargan/Blond_Hair/img003027.jpg,6,Blond_Hair
img003866.jpg,star/stargan/Blond_Hair/img003866.jpg,6,Blond_Hair
img002933.jpg,star/stargan/Blond_Hair/img002933.jpg,6,Blond_Hair
img002303.jpg,star/stargan/Blond_Hair/img002303.jpg,6,Blond_Hair
img003120.jpg,star/stargan/Blond_Hair/img003120.jpg,6,Blond_Hair
img003384.jpg,star/stargan/Blond_Hair/img003384.jpg,6,Blond_Hair
img002289.jpg,star/stargan/Blond_Hair/img002289.jpg,6,Blond_Hair
img002552.jpg,star/stargan/Blond_Hair/img002552.jpg,6,Blond_Hair
img003669.jpg,star/stargan/Blond_Hair/img003669.jpg,6,Blond_Hair
img002379.jpg,star/stargan/Blond_Hair/img002379.jpg,6,Blond_Hair
img002841.jpg,star/stargan/Blond_Hair/img002841.jpg,6,Blond_Hair
img003583.jpg,star/stargan/Blond_Hair/img003583.jpg,6,Blond_Hair
img003260.jpg,star/stargan/Blond_Hair/img003260.jpg,6,Blond_Hair
img002405.jpg,star/stargan/Blond_Hair/img002405.jpg,6,Blond_Hair
img002691.jpg,star/stargan/Blond_Hair/img002691.jpg,6,Blond_Hair
img002037.jpg,star/stargan/Blond_Hair/img002037.jpg,6,Blond_Hair
img002385.jpg,star/stargan/Blond_Hair/img002385.jpg,6,Blond_Hair
img002859.jpg,star/stargan/Blond_Hair/img002859.jpg,6,Blond_Hair
img002723.jpg,star/stargan/Blond_Hair/img002723.jpg,6,Blond_Hair
img003624.jpg,star/stargan/Blond_Hair/img003624.jpg,6,Blond_Hair
img002816.jpg,star/stargan/Blond_Hair/img002816.jpg,6,Blond_Hair
img003764.jpg,star/stargan/Blond_Hair/img003764.jpg,6,Blond_Hair
img003521.jpg,star/stargan/Blond_Hair/img003521.jpg,6,Blond_Hair
img002717.jpg,star/stargan/Blond_Hair/img002717.jpg,6,Blond_Hair
img002799.jpg,star/stargan/Blond_Hair/img002799.jpg,6,Blond_Hair
img003216.jpg,star/stargan/Blond_Hair/img003216.jpg,6,Blond_Hair
img002833.jpg,star/stargan/Blond_Hair/img002833.jpg,6,Blond_Hair
img002075.jpg,star/stargan/Blond_Hair/img002075.jpg,6,Blond_Hair
img002877.jpg,star/stargan/Blond_Hair/img002877.jpg,6,Blond_Hair
img003347.jpg,star/stargan/Blond_Hair/img003347.jpg,6,Blond_Hair
img003653.jpg,star/stargan/Blond_Hair/img003653.jpg,6,Blond_Hair
img003830.jpg,star/stargan/Blond_Hair/img003830.jpg,6,Blond_Hair
img002739.jpg,star/stargan/Blond_Hair/img002739.jpg,6,Blond_Hair
img002720.jpg,star/stargan/Blond_Hair/img002720.jpg,6,Blond_Hair
img002788.jpg,star/stargan/Blond_Hair/img002788.jpg,6,Blond_Hair
img003467.jpg,star/stargan/Blond_Hair/img003467.jpg,6,Blond_Hair
img002213.jpg,star/stargan/Blond_Hair/img002213.jpg,6,Blond_Hair
img002647.jpg,star/stargan/Blond_Hair/img002647.jpg,6,Blond_Hair
img002842.jpg,star/stargan/Blond_Hair/img002842.jpg,6,Blond_Hair
img002362.jpg,star/stargan/Blond_Hair/img002362.jpg,6,Blond_Hair
img002630.jpg,star/stargan/Blond_Hair/img002630.jpg,6,Blond_Hair
img003494.jpg,star/stargan/Blond_Hair/img003494.jpg,6,Blond_Hair
img002322.jpg,star/stargan/Blond_Hair/img002322.jpg,6,Blond_Hair
img002721.jpg,star/stargan/Blond_Hair/img002721.jpg,6,Blond_Hair
img002028.jpg,star/stargan/Blond_Hair/img002028.jpg,6,Blond_Hair
img002937.jpg,star/stargan/Blond_Hair/img002937.jpg,6,Blond_Hair
img002426.jpg,star/stargan/Blond_Hair/img002426.jpg,6,Blond_Hair
img002108.jpg,star/stargan/Blond_Hair/img002108.jpg,6,Blond_Hair
img003072.jpg,star/stargan/Blond_Hair/img003072.jpg,6,Blond_Hair
img002016.jpg,star/stargan/Blond_Hair/img002016.jpg,6,Blond_Hair
img002617.jpg,star/stargan/Blond_Hair/img002617.jpg,6,Blond_Hair
img002115.jpg,star/stargan/Blond_Hair/img002115.jpg,6,Blond_Hair
img002885.jpg,star/stargan/Blond_Hair/img002885.jpg,6,Blond_Hair
img003755.jpg,star/stargan/Blond_Hair/img003755.jpg,6,Blond_Hair
img003810.jpg,star/stargan/Blond_Hair/img003810.jpg,6,Blond_Hair
img003233.jpg,star/stargan/Blond_Hair/img003233.jpg,6,Blond_Hair
img002870.jpg,star/stargan/Blond_Hair/img002870.jpg,6,Blond_Hair
img003717.jpg,star/stargan/Blond_Hair/img003717.jpg,6,Blond_Hair
img002139.jpg,star/stargan/Blond_Hair/img002139.jpg,6,Blond_Hair
img002176.jpg,star/stargan/Blond_Hair/img002176.jpg,6,Blond_Hair
img002512.jpg,star/stargan/Blond_Hair/img002512.jpg,6,Blond_Hair
img002277.jpg,star/stargan/Blond_Hair/img002277.jpg,6,Blond_Hair
img002793.jpg,star/stargan/Blond_Hair/img002793.jpg,6,Blond_Hair
img003880.jpg,star/stargan/Blond_Hair/img003880.jpg,6,Blond_Hair
img003953.jpg,star/stargan/Blond_Hair/img003953.jpg,6,Blond_Hair
img003209.jpg,star/stargan/Blond_Hair/img003209.jpg,6,Blond_Hair
img003789.jpg,star/stargan/Blond_Hair/img003789.jpg,6,Blond_Hair
img003984.jpg,star/stargan/Blond_Hair/img003984.jpg,6,Blond_Hair
img003728.jpg,star/stargan/Blond_Hair/img003728.jpg,6,Blond_Hair
img003555.jpg,star/stargan/Blond_Hair/img003555.jpg,6,Blond_Hair
img003528.jpg,star/stargan/Blond_Hair/img003528.jpg,6,Blond_Hair
img003819.jpg,star/stargan/Blond_Hair/img003819.jpg,6,Blond_Hair
img003002.jpg,star/stargan/Blond_Hair/img003002.jpg,6,Blond_Hair
img002370.jpg,star/stargan/Blond_Hair/img002370.jpg,6,Blond_Hair
img003082.jpg,star/stargan/Blond_Hair/img003082.jpg,6,Blond_Hair
img002955.jpg,star/stargan/Blond_Hair/img002955.jpg,6,Blond_Hair
img003651.jpg,star/stargan/Blond_Hair/img003651.jpg,6,Blond_Hair
img002689.jpg,star/stargan/Blond_Hair/img002689.jpg,6,Blond_Hair
img003621.jpg,star/stargan/Blond_Hair/img003621.jpg,6,Blond_Hair
img002273.jpg,star/stargan/Blond_Hair/img002273.jpg,6,Blond_Hair
img003838.jpg,star/stargan/Blond_Hair/img003838.jpg,6,Blond_Hair
img002749.jpg,star/stargan/Blond_Hair/img002749.jpg,6,Blond_Hair
img002779.jpg,star/stargan/Blond_Hair/img002779.jpg,6,Blond_Hair
img003854.jpg,star/stargan/Blond_Hair/img003854.jpg,6,Blond_Hair
img002470.jpg,star/stargan/Blond_Hair/img002470.jpg,6,Blond_Hair
img003404.jpg,star/stargan/Blond_Hair/img003404.jpg,6,Blond_Hair
img002980.jpg,star/stargan/Blond_Hair/img002980.jpg,6,Blond_Hair
img003294.jpg,star/stargan/Blond_Hair/img003294.jpg,6,Blond_Hair
img002563.jpg,star/stargan/Blond_Hair/img002563.jpg,6,Blond_Hair
img002910.jpg,star/stargan/Blond_Hair/img002910.jpg,6,Blond_Hair
img003809.jpg,star/stargan/Blond_Hair/img003809.jpg,6,Blond_Hair
img003937.jpg,star/stargan/Blond_Hair/img003937.jpg,6,Blond_Hair
img003681.jpg,star/stargan/Blond_Hair/img003681.jpg,6,Blond_Hair
img003843.jpg,star/stargan/Blond_Hair/img003843.jpg,6,Blond_Hair
img002671.jpg,star/stargan/Blond_Hair/img002671.jpg,6,Blond_Hair
img003553.jpg,star/stargan/Blond_Hair/img003553.jpg,6,Blond_Hair
img003744.jpg,star/stargan/Blond_Hair/img003744.jpg,6,Blond_Hair
img003344.jpg,star/stargan/Blond_Hair/img003344.jpg,6,Blond_Hair
img003967.jpg,star/stargan/Blond_Hair/img003967.jpg,6,Blond_Hair
img002438.jpg,star/stargan/Blond_Hair/img002438.jpg,6,Blond_Hair
img002936.jpg,star/stargan/Blond_Hair/img002936.jpg,6,Blond_Hair
img003142.jpg,star/stargan/Blond_Hair/img003142.jpg,6,Blond_Hair
img003975.jpg,star/stargan/Blond_Hair/img003975.jpg,6,Blond_Hair
img003252.jpg,star/stargan/Blond_Hair/img003252.jpg,6,Blond_Hair
img003887.jpg,star/stargan/Blond_Hair/img003887.jpg,6,Blond_Hair
img002428.jpg,star/stargan/Blond_Hair/img002428.jpg,6,Blond_Hair
img003771.jpg,star/stargan/Blond_Hair/img003771.jpg,6,Blond_Hair
img002351.jpg,star/stargan/Blond_Hair/img002351.jpg,6,Blond_Hair
img002116.jpg,star/stargan/Blond_Hair/img002116.jpg,6,Blond_Hair
img002646.jpg,star/stargan/Blond_Hair/img002646.jpg,6,Blond_Hair
img002129.jpg,star/stargan/Blond_Hair/img002129.jpg,6,Blond_Hair
img003714.jpg,star/stargan/Blond_Hair/img003714.jpg,6,Blond_Hair
img003068.jpg,star/stargan/Blond_Hair/img003068.jpg,6,Blond_Hair
img003798.jpg,star/stargan/Blond_Hair/img003798.jpg,6,Blond_Hair
img003197.jpg,star/stargan/Blond_Hair/img003197.jpg,6,Blond_Hair
img003382.jpg,star/stargan/Blond_Hair/img003382.jpg,6,Blond_Hair
img002656.jpg,star/stargan/Blond_Hair/img002656.jpg,6,Blond_Hair
img003574.jpg,star/stargan/Blond_Hair/img003574.jpg,6,Blond_Hair
img002954.jpg,star/stargan/Blond_Hair/img002954.jpg,6,Blond_Hair
img002643.jpg,star/stargan/Blond_Hair/img002643.jpg,6,Blond_Hair
img003194.jpg,star/stargan/Blond_Hair/img003194.jpg,6,Blond_Hair
img002700.jpg,star/stargan/Blond_Hair/img002700.jpg,6,Blond_Hair
img003604.jpg,star/stargan/Blond_Hair/img003604.jpg,6,Blond_Hair
img002249.jpg,star/stargan/Blond_Hair/img002249.jpg,6,Blond_Hair
img003193.jpg,star/stargan/Blond_Hair/img003193.jpg,6,Blond_Hair
img002550.jpg,star/stargan/Blond_Hair/img002550.jpg,6,Blond_Hair
img003218.jpg,star/stargan/Blond_Hair/img003218.jpg,6,Blond_Hair
img003698.jpg,star/stargan/Blond_Hair/img003698.jpg,6,Blond_Hair
img002034.jpg,star/stargan/Blond_Hair/img002034.jpg,6,Blond_Hair
img002020.jpg,star/stargan/Blond_Hair/img002020.jpg,6,Blond_Hair
img003173.jpg,star/stargan/Blond_Hair/img003173.jpg,6,Blond_Hair
img002102.jpg,star/stargan/Blond_Hair/img002102.jpg,6,Blond_Hair
img003104.jpg,star/stargan/Blond_Hair/img003104.jpg,6,Blond_Hair
img002672.jpg,star/stargan/Blond_Hair/img002672.jpg,6,Blond_Hair
img003141.jpg,star/stargan/Blond_Hair/img003141.jpg,6,Blond_Hair
img003697.jpg,star/stargan/Blond_Hair/img003697.jpg,6,Blond_Hair
img003273.jpg,star/stargan/Blond_Hair/img003273.jpg,6,Blond_Hair
img003994.jpg,star/stargan/Blond_Hair/img003994.jpg,6,Blond_Hair
img002712.jpg,star/stargan/Blond_Hair/img002712.jpg,6,Blond_Hair
img002783.jpg,star/stargan/Blond_Hair/img002783.jpg,6,Blond_Hair
img003875.jpg,star/stargan/Blond_Hair/img003875.jpg,6,Blond_Hair
img002311.jpg,star/stargan/Blond_Hair/img002311.jpg,6,Blond_Hair
img002522.jpg,star/stargan/Blond_Hair/img002522.jpg,6,Blond_Hair
img003721.jpg,star/stargan/Blond_Hair/img003721.jpg,6,Blond_Hair
img002584.jpg,star/stargan/Blond_Hair/img002584.jpg,6,Blond_Hair
img003315.jpg,star/stargan/Blond_Hair/img003315.jpg,6,Blond_Hair
img003824.jpg,star/stargan/Blond_Hair/img003824.jpg,6,Blond_Hair
img003471.jpg,star/stargan/Blond_Hair/img003471.jpg,6,Blond_Hair
img003351.jpg,star/stargan/Blond_Hair/img003351.jpg,6,Blond_Hair
img003527.jpg,star/stargan/Blond_Hair/img003527.jpg,6,Blond_Hair
img003841.jpg,star/stargan/Blond_Hair/img003841.jpg,6,Blond_Hair
img002804.jpg,star/stargan/Blond_Hair/img002804.jpg,6,Blond_Hair
img002614.jpg,star/stargan/Blond_Hair/img002614.jpg,6,Blond_Hair
img003240.jpg,star/stargan/Blond_Hair/img003240.jpg,6,Blond_Hair
img002361.jpg,star/stargan/Blond_Hair/img002361.jpg,6,Blond_Hair
img002708.jpg,star/stargan/Blond_Hair/img002708.jpg,6,Blond_Hair
img002356.jpg,star/stargan/Blond_Hair/img002356.jpg,6,Blond_Hair
img003053.jpg,star/stargan/Blond_Hair/img003053.jpg,6,Blond_Hair
img002382.jpg,star/stargan/Blond_Hair/img002382.jpg,6,Blond_Hair
img003274.jpg,star/stargan/Blond_Hair/img003274.jpg,6,Blond_Hair
img002175.jpg,star/stargan/Blond_Hair/img002175.jpg,6,Blond_Hair
img002561.jpg,star/stargan/Blond_Hair/img002561.jpg,6,Blond_Hair
img002930.jpg,star/stargan/Blond_Hair/img002930.jpg,6,Blond_Hair
img003894.jpg,star/stargan/Blond_Hair/img003894.jpg,6,Blond_Hair
img003668.jpg,star/stargan/Blond_Hair/img003668.jpg,6,Blond_Hair
img003815.jpg,star/stargan/Blond_Hair/img003815.jpg,6,Blond_Hair
img003489.jpg,star/stargan/Blond_Hair/img003489.jpg,6,Blond_Hair
img002269.jpg,star/stargan/Blond_Hair/img002269.jpg,6,Blond_Hair
img003212.jpg,star/stargan/Blond_Hair/img003212.jpg,6,Blond_Hair
img002992.jpg,star/stargan/Blond_Hair/img002992.jpg,6,Blond_Hair
img002917.jpg,star/stargan/Blond_Hair/img002917.jpg,6,Blond_Hair
img003649.jpg,star/stargan/Blond_Hair/img003649.jpg,6,Blond_Hair
img002744.jpg,star/stargan/Blond_Hair/img002744.jpg,6,Blond_Hair
img002852.jpg,star/stargan/Blond_Hair/img002852.jpg,6,Blond_Hair
img003888.jpg,star/stargan/Blond_Hair/img003888.jpg,6,Blond_Hair
img003256.jpg,star/stargan/Blond_Hair/img003256.jpg,6,Blond_Hair
img003801.jpg,star/stargan/Blond_Hair/img003801.jpg,6,Blond_Hair
img002974.jpg,star/stargan/Blond_Hair/img002974.jpg,6,Blond_Hair
img003590.jpg,star/stargan/Blond_Hair/img003590.jpg,6,Blond_Hair
img003253.jpg,star/stargan/Blond_Hair/img003253.jpg,6,Blond_Hair
img002058.jpg,star/stargan/Blond_Hair/img002058.jpg,6,Blond_Hair
img003982.jpg,star/stargan/Blond_Hair/img003982.jpg,6,Blond_Hair
img002703.jpg,star/stargan/Blond_Hair/img002703.jpg,6,Blond_Hair
img002185.jpg,star/stargan/Blond_Hair/img002185.jpg,6,Blond_Hair
img002834.jpg,star/stargan/Blond_Hair/img002834.jpg,6,Blond_Hair
img003164.jpg,star/stargan/Blond_Hair/img003164.jpg,6,Blond_Hair
img002364.jpg,star/stargan/Blond_Hair/img002364.jpg,6,Blond_Hair
img003846.jpg,star/stargan/Blond_Hair/img003846.jpg,6,Blond_Hair
img003163.jpg,star/stargan/Blond_Hair/img003163.jpg,6,Blond_Hair
img002002.jpg,star/stargan/Blond_Hair/img002002.jpg,6,Blond_Hair
img003766.jpg,star/stargan/Blond_Hair/img003766.jpg,6,Blond_Hair
img003214.jpg,star/stargan/Blond_Hair/img003214.jpg,6,Blond_Hair
img003910.jpg,star/stargan/Blond_Hair/img003910.jpg,6,Blond_Hair
img003016.jpg,star/stargan/Blond_Hair/img003016.jpg,6,Blond_Hair
img002172.jpg,star/stargan/Blond_Hair/img002172.jpg,6,Blond_Hair
img003992.jpg,star/stargan/Blond_Hair/img003992.jpg,6,Blond_Hair
img002539.jpg,star/stargan/Blond_Hair/img002539.jpg,6,Blond_Hair
img002634.jpg,star/stargan/Blond_Hair/img002634.jpg,6,Blond_Hair
img003695.jpg,star/stargan/Blond_Hair/img003695.jpg,6,Blond_Hair
img002126.jpg,star/stargan/Blond_Hair/img002126.jpg,6,Blond_Hair
img002440.jpg,star/stargan/Blond_Hair/img002440.jpg,6,Blond_Hair
img003177.jpg,star/stargan/Blond_Hair/img003177.jpg,6,Blond_Hair
img003821.jpg,star/stargan/Blond_Hair/img003821.jpg,6,Blond_Hair
img002348.jpg,star/stargan/Blond_Hair/img002348.jpg,6,Blond_Hair
img003265.jpg,star/stargan/Blond_Hair/img003265.jpg,6,Blond_Hair
img003116.jpg,star/stargan/Blond_Hair/img003116.jpg,6,Blond_Hair
img002041.jpg,star/stargan/Blond_Hair/img002041.jpg,6,Blond_Hair
img003593.jpg,star/stargan/Blond_Hair/img003593.jpg,6,Blond_Hair
img003727.jpg,star/stargan/Blond_Hair/img003727.jpg,6,Blond_Hair
img003940.jpg,star/stargan/Blond_Hair/img003940.jpg,6,Blond_Hair
img003980.jpg,star/stargan/Blond_Hair/img003980.jpg,6,Blond_Hair
img002012.jpg,star/stargan/Blond_Hair/img002012.jpg,6,Blond_Hair
img002414.jpg,star/stargan/Blond_Hair/img002414.jpg,6,Blond_Hair
img003262.jpg,star/stargan/Blond_Hair/img003262.jpg,6,Blond_Hair
img003017.jpg,star/stargan/Blond_Hair/img003017.jpg,6,Blond_Hair
img003951.jpg,star/stargan/Blond_Hair/img003951.jpg,6,Blond_Hair
img002794.jpg,star/stargan/Blond_Hair/img002794.jpg,6,Blond_Hair
img003520.jpg,star/stargan/Blond_Hair/img003520.jpg,6,Blond_Hair
img002991.jpg,star/stargan/Blond_Hair/img002991.jpg,6,Blond_Hair
img002094.jpg,star/stargan/Blond_Hair/img002094.jpg,6,Blond_Hair
img003869.jpg,star/stargan/Blond_Hair/img003869.jpg,6,Blond_Hair
img002729.jpg,star/stargan/Blond_Hair/img002729.jpg,6,Blond_Hair
img002013.jpg,star/stargan/Blond_Hair/img002013.jpg,6,Blond_Hair
img002487.jpg,star/stargan/Blond_Hair/img002487.jpg,6,Blond_Hair
img002627.jpg,star/stargan/Blond_Hair/img002627.jpg,6,Blond_Hair
img003504.jpg,star/stargan/Blond_Hair/img003504.jpg,6,Blond_Hair
img002090.jpg,star/stargan/Blond_Hair/img002090.jpg,6,Blond_Hair
img002137.jpg,star/stargan/Blond_Hair/img002137.jpg,6,Blond_Hair
img002439.jpg,star/stargan/Blond_Hair/img002439.jpg,6,Blond_Hair
img003554.jpg,star/stargan/Blond_Hair/img003554.jpg,6,Blond_Hair
img003396.jpg,star/stargan/Blond_Hair/img003396.jpg,6,Blond_Hair
img003533.jpg,star/stargan/Blond_Hair/img003533.jpg,6,Blond_Hair
img002544.jpg,star/stargan/Blond_Hair/img002544.jpg,6,Blond_Hair
img002921.jpg,star/stargan/Blond_Hair/img002921.jpg,6,Blond_Hair
img003599.jpg,star/stargan/Blond_Hair/img003599.jpg,6,Blond_Hair
img002198.jpg,star/stargan/Blond_Hair/img002198.jpg,6,Blond_Hair
img003269.jpg,star/stargan/Blond_Hair/img003269.jpg,6,Blond_Hair
img002066.jpg,star/stargan/Blond_Hair/img002066.jpg,6,Blond_Hair
img002415.jpg,star/stargan/Blond_Hair/img002415.jpg,6,Blond_Hair
img003996.jpg,star/stargan/Blond_Hair/img003996.jpg,6,Blond_Hair
img002534.jpg,star/stargan/Blond_Hair/img002534.jpg,6,Blond_Hair
img002135.jpg,star/stargan/Blond_Hair/img002135.jpg,6,Blond_Hair
img003558.jpg,star/stargan/Blond_Hair/img003558.jpg,6,Blond_Hair
img003718.jpg,star/stargan/Blond_Hair/img003718.jpg,6,Blond_Hair
img002119.jpg,star/stargan/Blond_Hair/img002119.jpg,6,Blond_Hair
img003309.jpg,star/stargan/Blond_Hair/img003309.jpg,6,Blond_Hair
img002556.jpg,star/stargan/Blond_Hair/img002556.jpg,6,Blond_Hair
img003364.jpg,star/stargan/Blond_Hair/img003364.jpg,6,Blond_Hair
img003625.jpg,star/stargan/Blond_Hair/img003625.jpg,6,Blond_Hair
img003549.jpg,star/stargan/Blond_Hair/img003549.jpg,6,Blond_Hair
img003239.jpg,star/stargan/Blond_Hair/img003239.jpg,6,Blond_Hair
img002106.jpg,star/stargan/Blond_Hair/img002106.jpg,6,Blond_Hair
img003881.jpg,star/stargan/Blond_Hair/img003881.jpg,6,Blond_Hair
img003342.jpg,star/stargan/Blond_Hair/img003342.jpg,6,Blond_Hair
img002262.jpg,star/stargan/Blond_Hair/img002262.jpg,6,Blond_Hair
img002599.jpg,star/stargan/Blond_Hair/img002599.jpg,6,Blond_Hair
img003630.jpg,star/stargan/Blond_Hair/img003630.jpg,6,Blond_Hair
img002527.jpg,star/stargan/Blond_Hair/img002527.jpg,6,Blond_Hair
img003098.jpg,star/stargan/Blond_Hair/img003098.jpg,6,Blond_Hair
img003122.jpg,star/stargan/Blond_Hair/img003122.jpg,6,Blond_Hair
img002638.jpg,star/stargan/Blond_Hair/img002638.jpg,6,Blond_Hair
img003048.jpg,star/stargan/Blond_Hair/img003048.jpg,6,Blond_Hair
img003816.jpg,star/stargan/Blond_Hair/img003816.jpg,6,Blond_Hair
img002360.jpg,star/stargan/Blond_Hair/img002360.jpg,6,Blond_Hair
img003898.jpg,star/stargan/Blond_Hair/img003898.jpg,6,Blond_Hair
img003859.jpg,star/stargan/Blond_Hair/img003859.jpg,6,Blond_Hair
img002431.jpg,star/stargan/Blond_Hair/img002431.jpg,6,Blond_Hair
img003713.jpg,star/stargan/Blond_Hair/img003713.jpg,6,Blond_Hair
img003618.jpg,star/stargan/Blond_Hair/img003618.jpg,6,Blond_Hair
img003670.jpg,star/stargan/Blond_Hair/img003670.jpg,6,Blond_Hair
img003119.jpg,star/stargan/Blond_Hair/img003119.jpg,6,Blond_Hair
img003861.jpg,star/stargan/Blond_Hair/img003861.jpg,6,Blond_Hair
img003473.jpg,star/stargan/Blond_Hair/img003473.jpg,6,Blond_Hair
img002272.jpg,star/stargan/Blond_Hair/img002272.jpg,6,Blond_Hair
img003250.jpg,star/stargan/Blond_Hair/img003250.jpg,6,Blond_Hair
img003725.jpg,star/stargan/Blond_Hair/img003725.jpg,6,Blond_Hair
img002046.jpg,star/stargan/Blond_Hair/img002046.jpg,6,Blond_Hair
img002479.jpg,star/stargan/Blond_Hair/img002479.jpg,6,Blond_Hair
img002575.jpg,star/stargan/Blond_Hair/img002575.jpg,6,Blond_Hair
img002796.jpg,star/stargan/Blond_Hair/img002796.jpg,6,Blond_Hair
img002138.jpg,star/stargan/Blond_Hair/img002138.jpg,6,Blond_Hair
img003115.jpg,star/stargan/Blond_Hair/img003115.jpg,6,Blond_Hair
img003200.jpg,star/stargan/Blond_Hair/img003200.jpg,6,Blond_Hair
img003892.jpg,star/stargan/Blond_Hair/img003892.jpg,6,Blond_Hair
img003301.jpg,star/stargan/Blond_Hair/img003301.jpg,6,Blond_Hair
img002288.jpg,star/stargan/Blond_Hair/img002288.jpg,6,Blond_Hair
img002498.jpg,star/stargan/Blond_Hair/img002498.jpg,6,Blond_Hair
img002983.jpg,star/stargan/Blond_Hair/img002983.jpg,6,Blond_Hair
img003700.jpg,star/stargan/Blond_Hair/img003700.jpg,6,Blond_Hair
img002354.jpg,star/stargan/Blond_Hair/img002354.jpg,6,Blond_Hair
img002594.jpg,star/stargan/Blond_Hair/img002594.jpg,6,Blond_Hair
img003113.jpg,star/stargan/Blond_Hair/img003113.jpg,6,Blond_Hair
img002896.jpg,star/stargan/Blond_Hair/img002896.jpg,6,Blond_Hair
img003502.jpg,star/stargan/Blond_Hair/img003502.jpg,6,Blond_Hair
img002651.jpg,star/stargan/Blond_Hair/img002651.jpg,6,Blond_Hair
img003341.jpg,star/stargan/Blond_Hair/img003341.jpg,6,Blond_Hair
img002133.jpg,star/stargan/Blond_Hair/img002133.jpg,6,Blond_Hair
img002325.jpg,star/stargan/Blond_Hair/img002325.jpg,6,Blond_Hair
img002482.jpg,star/stargan/Blond_Hair/img002482.jpg,6,Blond_Hair
img002073.jpg,star/stargan/Blond_Hair/img002073.jpg,6,Blond_Hair
img002022.jpg,star/stargan/Blond_Hair/img002022.jpg,6,Blond_Hair
img002146.jpg,star/stargan/Blond_Hair/img002146.jpg,6,Blond_Hair
img003740.jpg,star/stargan/Blond_Hair/img003740.jpg,6,Blond_Hair
img002023.jpg,star/stargan/Blond_Hair/img002023.jpg,6,Blond_Hair
img002393.jpg,star/stargan/Blond_Hair/img002393.jpg,6,Blond_Hair
img002304.jpg,star/stargan/Blond_Hair/img002304.jpg,6,Blond_Hair
img003277.jpg,star/stargan/Blond_Hair/img003277.jpg,6,Blond_Hair
img003298.jpg,star/stargan/Blond_Hair/img003298.jpg,6,Blond_Hair
img003939.jpg,star/stargan/Blond_Hair/img003939.jpg,6,Blond_Hair
img002434.jpg,star/stargan/Blond_Hair/img002434.jpg,6,Blond_Hair
img002538.jpg,star/stargan/Blond_Hair/img002538.jpg,6,Blond_Hair
img003093.jpg,star/stargan/Blond_Hair/img003093.jpg,6,Blond_Hair
img003099.jpg,star/stargan/Blond_Hair/img003099.jpg,6,Blond_Hair
img003131.jpg,star/stargan/Blond_Hair/img003131.jpg,6,Blond_Hair
img002631.jpg,star/stargan/Blond_Hair/img002631.jpg,6,Blond_Hair
img002069.jpg,star/stargan/Blond_Hair/img002069.jpg,6,Blond_Hair
img002867.jpg,star/stargan/Blond_Hair/img002867.jpg,6,Blond_Hair
img003103.jpg,star/stargan/Blond_Hair/img003103.jpg,6,Blond_Hair
img003978.jpg,star/stargan/Blond_Hair/img003978.jpg,6,Blond_Hair
img002086.jpg,star/stargan/Blond_Hair/img002086.jpg,6,Blond_Hair
img003313.jpg,star/stargan/Blond_Hair/img003313.jpg,6,Blond_Hair
img003080.jpg,star/stargan/Blond_Hair/img003080.jpg,6,Blond_Hair
img002169.jpg,star/stargan/Blond_Hair/img002169.jpg,6,Blond_Hair
img003958.jpg,star/stargan/Blond_Hair/img003958.jpg,6,Blond_Hair
img003474.jpg,star/stargan/Blond_Hair/img003474.jpg,6,Blond_Hair
img002792.jpg,star/stargan/Blond_Hair/img002792.jpg,6,Blond_Hair
img003964.jpg,star/stargan/Blond_Hair/img003964.jpg,6,Blond_Hair
img003983.jpg,star/stargan/Blond_Hair/img003983.jpg,6,Blond_Hair
img002208.jpg,star/stargan/Blond_Hair/img002208.jpg,6,Blond_Hair
img002164.jpg,star/stargan/Blond_Hair/img002164.jpg,6,Blond_Hair
img003623.jpg,star/stargan/Blond_Hair/img003623.jpg,6,Blond_Hair
img002192.jpg,star/stargan/Blond_Hair/img002192.jpg,6,Blond_Hair
img003114.jpg,star/stargan/Blond_Hair/img003114.jpg,6,Blond_Hair
img002165.jpg,star/stargan/Blond_Hair/img002165.jpg,6,Blond_Hair
img003457.jpg,star/stargan/Blond_Hair/img003457.jpg,6,Blond_Hair
img003860.jpg,star/stargan/Blond_Hair/img003860.jpg,6,Blond_Hair
img003190.jpg,star/stargan/Blond_Hair/img003190.jpg,6,Blond_Hair
img003813.jpg,star/stargan/Blond_Hair/img003813.jpg,6,Blond_Hair
img003677.jpg,star/stargan/Blond_Hair/img003677.jpg,6,Blond_Hair
img002514.jpg,star/stargan/Blond_Hair/img002514.jpg,6,Blond_Hair
img003765.jpg,star/stargan/Blond_Hair/img003765.jpg,6,Blond_Hair
img003481.jpg,star/stargan/Blond_Hair/img003481.jpg,6,Blond_Hair
img003786.jpg,star/stargan/Blond_Hair/img003786.jpg,6,Blond_Hair
img003320.jpg,star/stargan/Blond_Hair/img003320.jpg,6,Blond_Hair
img002158.jpg,star/stargan/Blond_Hair/img002158.jpg,6,Blond_Hair
img002709.jpg,star/stargan/Blond_Hair/img002709.jpg,6,Blond_Hair
img002234.jpg,star/stargan/Blond_Hair/img002234.jpg,6,Blond_Hair
img003708.jpg,star/stargan/Blond_Hair/img003708.jpg,6,Blond_Hair
img003776.jpg,star/stargan/Blond_Hair/img003776.jpg,6,Blond_Hair
img003600.jpg,star/stargan/Blond_Hair/img003600.jpg,6,Blond_Hair
img002142.jpg,star/stargan/Blond_Hair/img002142.jpg,6,Blond_Hair
img003153.jpg,star/stargan/Blond_Hair/img003153.jpg,6,Blond_Hair
img002416.jpg,star/stargan/Blond_Hair/img002416.jpg,6,Blond_Hair
img002014.jpg,star/stargan/Blond_Hair/img002014.jpg,6,Blond_Hair
img003306.jpg,star/stargan/Blond_Hair/img003306.jpg,6,Blond_Hair
img003442.jpg,star/stargan/Blond_Hair/img003442.jpg,6,Blond_Hair
img003010.jpg,star/stargan/Blond_Hair/img003010.jpg,6,Blond_Hair
img003603.jpg,star/stargan/Blond_Hair/img003603.jpg,6,Blond_Hair
img002536.jpg,star/stargan/Blond_Hair/img002536.jpg,6,Blond_Hair
img003812.jpg,star/stargan/Blond_Hair/img003812.jpg,6,Blond_Hair
img002319.jpg,star/stargan/Blond_Hair/img002319.jpg,6,Blond_Hair
img002483.jpg,star/stargan/Blond_Hair/img002483.jpg,6,Blond_Hair
img002871.jpg,star/stargan/Blond_Hair/img002871.jpg,6,Blond_Hair
img002313.jpg,star/stargan/Blond_Hair/img002313.jpg,6,Blond_Hair
img003438.jpg,star/stargan/Blond_Hair/img003438.jpg,6,Blond_Hair
img003459.jpg,star/stargan/Blond_Hair/img003459.jpg,6,Blond_Hair
img002215.jpg,star/stargan/Blond_Hair/img002215.jpg,6,Blond_Hair
img003606.jpg,star/stargan/Blond_Hair/img003606.jpg,6,Blond_Hair
img003703.jpg,star/stargan/Blond_Hair/img003703.jpg,6,Blond_Hair
img002615.jpg,star/stargan/Blond_Hair/img002615.jpg,6,Blond_Hair
img002607.jpg,star/stargan/Blond_Hair/img002607.jpg,6,Blond_Hair
img003149.jpg,star/stargan/Blond_Hair/img003149.jpg,6,Blond_Hair
img002724.jpg,star/stargan/Blond_Hair/img002724.jpg,6,Blond_Hair
img003094.jpg,star/stargan/Blond_Hair/img003094.jpg,6,Blond_Hair
img002803.jpg,star/stargan/Blond_Hair/img002803.jpg,6,Blond_Hair
img003174.jpg,star/stargan/Blond_Hair/img003174.jpg,6,Blond_Hair
img002435.jpg,star/stargan/Blond_Hair/img002435.jpg,6,Blond_Hair
img002390.jpg,star/stargan/Blond_Hair/img002390.jpg,6,Blond_Hair
img003359.jpg,star/stargan/Blond_Hair/img003359.jpg,6,Blond_Hair
img002025.jpg,star/stargan/Blond_Hair/img002025.jpg,6,Blond_Hair
img002207.jpg,star/stargan/Blond_Hair/img002207.jpg,6,Blond_Hair
img003478.jpg,star/stargan/Blond_Hair/img003478.jpg,6,Blond_Hair
img002802.jpg,star/stargan/Blond_Hair/img002802.jpg,6,Blond_Hair
img002781.jpg,star/stargan/Blond_Hair/img002781.jpg,6,Blond_Hair
img002197.jpg,star/stargan/Blond_Hair/img002197.jpg,6,Blond_Hair
img003571.jpg,star/stargan/Blond_Hair/img003571.jpg,6,Blond_Hair
img002887.jpg,star/stargan/Blond_Hair/img002887.jpg,6,Blond_Hair
img003523.jpg,star/stargan/Blond_Hair/img003523.jpg,6,Blond_Hair
img003280.jpg,star/stargan/Blond_Hair/img003280.jpg,6,Blond_Hair
img003379.jpg,star/stargan/Blond_Hair/img003379.jpg,6,Blond_Hair
img002481.jpg,star/stargan/Blond_Hair/img002481.jpg,6,Blond_Hair
img002265.jpg,star/stargan/Blond_Hair/img002265.jpg,6,Blond_Hair
img003389.jpg,star/stargan/Blond_Hair/img003389.jpg,6,Blond_Hair
img003773.jpg,star/stargan/Blond_Hair/img003773.jpg,6,Blond_Hair
img002227.jpg,star/stargan/Blond_Hair/img002227.jpg,6,Blond_Hair
img002396.jpg,star/stargan/Blond_Hair/img002396.jpg,6,Blond_Hair
img003375.jpg,star/stargan/Blond_Hair/img003375.jpg,6,Blond_Hair
img003292.jpg,star/stargan/Blond_Hair/img003292.jpg,6,Blond_Hair
img003408.jpg,star/stargan/Blond_Hair/img003408.jpg,6,Blond_Hair
img003105.jpg,star/stargan/Blond_Hair/img003105.jpg,6,Blond_Hair
img002764.jpg,star/stargan/Blond_Hair/img002764.jpg,6,Blond_Hair
img002476.jpg,star/stargan/Blond_Hair/img002476.jpg,6,Blond_Hair
img003162.jpg,star/stargan/Blond_Hair/img003162.jpg,6,Blond_Hair
img002523.jpg,star/stargan/Blond_Hair/img002523.jpg,6,Blond_Hair
img003353.jpg,star/stargan/Blond_Hair/img003353.jpg,6,Blond_Hair
img003693.jpg,star/stargan/Blond_Hair/img003693.jpg,6,Blond_Hair
img002140.jpg,star/stargan/Blond_Hair/img002140.jpg,6,Blond_Hair
img002576.jpg,star/stargan/Blond_Hair/img002576.jpg,6,Blond_Hair
img003563.jpg,star/stargan/Blond_Hair/img003563.jpg,6,Blond_Hair
img003654.jpg,star/stargan/Blond_Hair/img003654.jpg,6,Blond_Hair
img003196.jpg,star/stargan/Blond_Hair/img003196.jpg,6,Blond_Hair
img003470.jpg,star/stargan/Blond_Hair/img003470.jpg,6,Blond_Hair
img002882.jpg,star/stargan/Blond_Hair/img002882.jpg,6,Blond_Hair
img003073.jpg,star/stargan/Blond_Hair/img003073.jpg,6,Blond_Hair
img003874.jpg,star/stargan/Blond_Hair/img003874.jpg,6,Blond_Hair
img003661.jpg,star/stargan/Blond_Hair/img003661.jpg,6,Blond_Hair
img003043.jpg,star/stargan/Blond_Hair/img003043.jpg,6,Blond_Hair
img002394.jpg,star/stargan/Blond_Hair/img002394.jpg,6,Blond_Hair
img003462.jpg,star/stargan/Blond_Hair/img003462.jpg,6,Blond_Hair
img003020.jpg,star/stargan/Blond_Hair/img003020.jpg,6,Blond_Hair
img002274.jpg,star/stargan/Blond_Hair/img002274.jpg,6,Blond_Hair
img002019.jpg,star/stargan/Blond_Hair/img002019.jpg,6,Blond_Hair
img003083.jpg,star/stargan/Blond_Hair/img003083.jpg,6,Blond_Hair
img003394.jpg,star/stargan/Blond_Hair/img003394.jpg,6,Blond_Hair
img002581.jpg,star/stargan/Blond_Hair/img002581.jpg,6,Blond_Hair
img003513.jpg,star/stargan/Blond_Hair/img003513.jpg,6,Blond_Hair
img002904.jpg,star/stargan/Blond_Hair/img002904.jpg,6,Blond_Hair
img003023.jpg,star/stargan/Blond_Hair/img003023.jpg,6,Blond_Hair
img002453.jpg,star/stargan/Blond_Hair/img002453.jpg,6,Blond_Hair
img003550.jpg,star/stargan/Blond_Hair/img003550.jpg,6,Blond_Hair
img003029.jpg,star/stargan/Blond_Hair/img003029.jpg,6,Blond_Hair
img003127.jpg,star/stargan/Blond_Hair/img003127.jpg,6,Blond_Hair
img002456.jpg,star/stargan/Blond_Hair/img002456.jpg,6,Blond_Hair
img003130.jpg,star/stargan/Blond_Hair/img003130.jpg,6,Blond_Hair
img003936.jpg,star/stargan/Blond_Hair/img003936.jpg,6,Blond_Hair
img002741.jpg,star/stargan/Blond_Hair/img002741.jpg,6,Blond_Hair
img003963.jpg,star/stargan/Blond_Hair/img003963.jpg,6,Blond_Hair
img002567.jpg,star/stargan/Blond_Hair/img002567.jpg,6,Blond_Hair
img002911.jpg,star/stargan/Blond_Hair/img002911.jpg,6,Blond_Hair
img002179.jpg,star/stargan/Blond_Hair/img002179.jpg,6,Blond_Hair
img003089.jpg,star/stargan/Blond_Hair/img003089.jpg,6,Blond_Hair
img003041.jpg,star/stargan/Blond_Hair/img003041.jpg,6,Blond_Hair
img003518.jpg,star/stargan/Blond_Hair/img003518.jpg,6,Blond_Hair
img002377.jpg,star/stargan/Blond_Hair/img002377.jpg,6,Blond_Hair
img002327.jpg,star/stargan/Blond_Hair/img002327.jpg,6,Blond_Hair
img002518.jpg,star/stargan/Blond_Hair/img002518.jpg,6,Blond_Hair
img003349.jpg,star/stargan/Blond_Hair/img003349.jpg,6,Blond_Hair
img003249.jpg,star/stargan/Blond_Hair/img003249.jpg,6,Blond_Hair
img002914.jpg,star/stargan/Blond_Hair/img002914.jpg,6,Blond_Hair
img002592.jpg,star/stargan/Blond_Hair/img002592.jpg,6,Blond_Hair
img002998.jpg,star/stargan/Blond_Hair/img002998.jpg,6,Blond_Hair
img002186.jpg,star/stargan/Blond_Hair/img002186.jpg,6,Blond_Hair
img002613.jpg,star/stargan/Blond_Hair/img002613.jpg,6,Blond_Hair
img003433.jpg,star/stargan/Blond_Hair/img003433.jpg,6,Blond_Hair
img003469.jpg,star/stargan/Blond_Hair/img003469.jpg,6,Blond_Hair
img002895.jpg,star/stargan/Blond_Hair/img002895.jpg,6,Blond_Hair
img003685.jpg,star/stargan/Blond_Hair/img003685.jpg,6,Blond_Hair
img002548.jpg,star/stargan/Blond_Hair/img002548.jpg,6,Blond_Hair
img003316.jpg,star/stargan/Blond_Hair/img003316.jpg,6,Blond_Hair
img003484.jpg,star/stargan/Blond_Hair/img003484.jpg,6,Blond_Hair
img003456.jpg,star/stargan/Blond_Hair/img003456.jpg,6,Blond_Hair
img003882.jpg,star/stargan/Blond_Hair/img003882.jpg,6,Blond_Hair
img003508.jpg,star/stargan/Blond_Hair/img003508.jpg,6,Blond_Hair
img002805.jpg,star/stargan/Blond_Hair/img002805.jpg,6,Blond_Hair
img002791.jpg,star/stargan/Blond_Hair/img002791.jpg,6,Blond_Hair
img003540.jpg,star/stargan/Blond_Hair/img003540.jpg,6,Blond_Hair
img002286.jpg,star/stargan/Blond_Hair/img002286.jpg,6,Blond_Hair
img003903.jpg,star/stargan/Blond_Hair/img003903.jpg,6,Blond_Hair
img003220.jpg,star/stargan/Blond_Hair/img003220.jpg,6,Blond_Hair
img003779.jpg,star/stargan/Blond_Hair/img003779.jpg,6,Blond_Hair
img003578.jpg,star/stargan/Blond_Hair/img003578.jpg,6,Blond_Hair
img003941.jpg,star/stargan/Blond_Hair/img003941.jpg,6,Blond_Hair
img003096.jpg,star/stargan/Blond_Hair/img003096.jpg,6,Blond_Hair
img003078.jpg,star/stargan/Blond_Hair/img003078.jpg,6,Blond_Hair
img003412.jpg,star/stargan/Blond_Hair/img003412.jpg,6,Blond_Hair
img002658.jpg,star/stargan/Blond_Hair/img002658.jpg,6,Blond_Hair
img002688.jpg,star/stargan/Blond_Hair/img002688.jpg,6,Blond_Hair
img003271.jpg,star/stargan/Blond_Hair/img003271.jpg,6,Blond_Hair
img003367.jpg,star/stargan/Blond_Hair/img003367.jpg,6,Blond_Hair
img002809.jpg,star/stargan/Blond_Hair/img002809.jpg,6,Blond_Hair
img003401.jpg,star/stargan/Blond_Hair/img003401.jpg,6,Blond_Hair
img002985.jpg,star/stargan/Blond_Hair/img002985.jpg,6,Blond_Hair
img003840.jpg,star/stargan/Blond_Hair/img003840.jpg,6,Blond_Hair
img003272.jpg,star/stargan/Blond_Hair/img003272.jpg,6,Blond_Hair
img002837.jpg,star/stargan/Blond_Hair/img002837.jpg,6,Blond_Hair
img002495.jpg,star/stargan/Blond_Hair/img002495.jpg,6,Blond_Hair
img002367.jpg,star/stargan/Blond_Hair/img002367.jpg,6,Blond_Hair
img003499.jpg,star/stargan/Blond_Hair/img003499.jpg,6,Blond_Hair
img003022.jpg,star/stargan/Blond_Hair/img003022.jpg,6,Blond_Hair
img002232.jpg,star/stargan/Blond_Hair/img002232.jpg,6,Blond_Hair
img003289.jpg,star/stargan/Blond_Hair/img003289.jpg,6,Blond_Hair
img002505.jpg,star/stargan/Blond_Hair/img002505.jpg,6,Blond_Hair
img003268.jpg,star/stargan/Blond_Hair/img003268.jpg,6,Blond_Hair
img003845.jpg,star/stargan/Blond_Hair/img003845.jpg,6,Blond_Hair
img002850.jpg,star/stargan/Blond_Hair/img002850.jpg,6,Blond_Hair
img003536.jpg,star/stargan/Blond_Hair/img003536.jpg,6,Blond_Hair
img003542.jpg,star/stargan/Blond_Hair/img003542.jpg,6,Blond_Hair
img003025.jpg,star/stargan/Blond_Hair/img003025.jpg,6,Blond_Hair
img003403.jpg,star/stargan/Blond_Hair/img003403.jpg,6,Blond_Hair
img002736.jpg,star/stargan/Blond_Hair/img002736.jpg,6,Blond_Hair
img002180.jpg,star/stargan/Blond_Hair/img002180.jpg,6,Blond_Hair
img002328.jpg,star/stargan/Blond_Hair/img002328.jpg,6,Blond_Hair
img003378.jpg,star/stargan/Blond_Hair/img003378.jpg,6,Blond_Hair
img002268.jpg,star/stargan/Blond_Hair/img002268.jpg,6,Blond_Hair
img002452.jpg,star/stargan/Blond_Hair/img002452.jpg,6,Blond_Hair
img003901.jpg,star/stargan/Blond_Hair/img003901.jpg,6,Blond_Hair
img002636.jpg,star/stargan/Blond_Hair/img002636.jpg,6,Blond_Hair
img003293.jpg,star/stargan/Blond_Hair/img003293.jpg,6,Blond_Hair
img003989.jpg,star/stargan/Blond_Hair/img003989.jpg,6,Blond_Hair
img002335.jpg,star/stargan/Blond_Hair/img002335.jpg,6,Blond_Hair
img002753.jpg,star/stargan/Blond_Hair/img002753.jpg,6,Blond_Hair
img003747.jpg,star/stargan/Blond_Hair/img003747.jpg,6,Blond_Hair
img003949.jpg,star/stargan/Blond_Hair/img003949.jpg,6,Blond_Hair
img003981.jpg,star/stargan/Blond_Hair/img003981.jpg,6,Blond_Hair
img003667.jpg,star/stargan/Blond_Hair/img003667.jpg,6,Blond_Hair
img003033.jpg,star/stargan/Blond_Hair/img003033.jpg,6,Blond_Hair
img002167.jpg,star/stargan/Blond_Hair/img002167.jpg,6,Blond_Hair
img003837.jpg,star/stargan/Blond_Hair/img003837.jpg,6,Blond_Hair
img002605.jpg,star/stargan/Blond_Hair/img002605.jpg,6,Blond_Hair
img003495.jpg,star/stargan/Blond_Hair/img003495.jpg,6,Blond_Hair
img003950.jpg,star/stargan/Blond_Hair/img003950.jpg,6,Blond_Hair
img002306.jpg,star/stargan/Blond_Hair/img002306.jpg,6,Blond_Hair
img002824.jpg,star/stargan/Blond_Hair/img002824.jpg,6,Blond_Hair
img003973.jpg,star/stargan/Blond_Hair/img003973.jpg,6,Blond_Hair
img003739.jpg,star/stargan/Blond_Hair/img003739.jpg,6,Blond_Hair
img003902.jpg,star/stargan/Blond_Hair/img003902.jpg,6,Blond_Hair
img002105.jpg,star/stargan/Blond_Hair/img002105.jpg,6,Blond_Hair
img002669.jpg,star/stargan/Blond_Hair/img002669.jpg,6,Blond_Hair
img003028.jpg,star/stargan/Blond_Hair/img003028.jpg,6,Blond_Hair
img002733.jpg,star/stargan/Blond_Hair/img002733.jpg,6,Blond_Hair
img002580.jpg,star/stargan/Blond_Hair/img002580.jpg,6,Blond_Hair
img002155.jpg,star/stargan/Blond_Hair/img002155.jpg,6,Blond_Hair
img002529.jpg,star/stargan/Blond_Hair/img002529.jpg,6,Blond_Hair
img003373.jpg,star/stargan/Blond_Hair/img003373.jpg,6,Blond_Hair
img002056.jpg,star/stargan/Blond_Hair/img002056.jpg,6,Blond_Hair
img003608.jpg,star/stargan/Blond_Hair/img003608.jpg,6,Blond_Hair
img003987.jpg,star/stargan/Blond_Hair/img003987.jpg,6,Blond_Hair
img002997.jpg,star/stargan/Blond_Hair/img002997.jpg,6,Blond_Hair
img002545.jpg,star/stargan/Blond_Hair/img002545.jpg,6,Blond_Hair
img003205.jpg,star/stargan/Blond_Hair/img003205.jpg,6,Blond_Hair
img002258.jpg,star/stargan/Blond_Hair/img002258.jpg,6,Blond_Hair
img002979.jpg,star/stargan/Blond_Hair/img002979.jpg,6,Blond_Hair
img003060.jpg,star/stargan/Blond_Hair/img003060.jpg,6,Blond_Hair
img002290.jpg,star/stargan/Blond_Hair/img002290.jpg,6,Blond_Hair
img002411.jpg,star/stargan/Blond_Hair/img002411.jpg,6,Blond_Hair
img003065.jpg,star/stargan/Blond_Hair/img003065.jpg,6,Blond_Hair
img002965.jpg,star/stargan/Blond_Hair/img002965.jpg,6,Blond_Hair
img002211.jpg,star/stargan/Blond_Hair/img002211.jpg,6,Blond_Hair
img003204.jpg,star/stargan/Blond_Hair/img003204.jpg,6,Blond_Hair
img002754.jpg,star/stargan/Blond_Hair/img002754.jpg,6,Blond_Hair
img002307.jpg,star/stargan/Blond_Hair/img002307.jpg,6,Blond_Hair
img002349.jpg,star/stargan/Blond_Hair/img002349.jpg,6,Blond_Hair
img002662.jpg,star/stargan/Blond_Hair/img002662.jpg,6,Blond_Hair
img003785.jpg,star/stargan/Blond_Hair/img003785.jpg,6,Blond_Hair
img002250.jpg,star/stargan/Blond_Hair/img002250.jpg,6,Blond_Hair
img003109.jpg,star/stargan/Blond_Hair/img003109.jpg,6,Blond_Hair
img002281.jpg,star/stargan/Blond_Hair/img002281.jpg,6,Blond_Hair
img002490.jpg,star/stargan/Blond_Hair/img002490.jpg,6,Blond_Hair
img003746.jpg,star/stargan/Blond_Hair/img003746.jpg,6,Blond_Hair
img002952.jpg,star/stargan/Blond_Hair/img002952.jpg,6,Blond_Hair
img003211.jpg,star/stargan/Blond_Hair/img003211.jpg,6,Blond_Hair
img003362.jpg,star/stargan/Blond_Hair/img003362.jpg,6,Blond_Hair
img002761.jpg,star/stargan/Blond_Hair/img002761.jpg,6,Blond_Hair
img003398.jpg,star/stargan/Blond_Hair/img003398.jpg,6,Blond_Hair
img002533.jpg,star/stargan/Blond_Hair/img002533.jpg,6,Blond_Hair
img003228.jpg,star/stargan/Blond_Hair/img003228.jpg,6,Blond_Hair
img002653.jpg,star/stargan/Blond_Hair/img002653.jpg,6,Blond_Hair
img002312.jpg,star/stargan/Blond_Hair/img002312.jpg,6,Blond_Hair
img003918.jpg,star/stargan/Blond_Hair/img003918.jpg,6,Blond_Hair
img003069.jpg,star/stargan/Blond_Hair/img003069.jpg,6,Blond_Hair
img002187.jpg,star/stargan/Blond_Hair/img002187.jpg,6,Blond_Hair
img002305.jpg,star/stargan/Blond_Hair/img002305.jpg,6,Blond_Hair
img002528.jpg,star/stargan/Blond_Hair/img002528.jpg,6,Blond_Hair
img002886.jpg,star/stargan/Blond_Hair/img002886.jpg,6,Blond_Hair
img002238.jpg,star/stargan/Blond_Hair/img002238.jpg,6,Blond_Hair
img003407.jpg,star/stargan/Blond_Hair/img003407.jpg,6,Blond_Hair
img002337.jpg,star/stargan/Blond_Hair/img002337.jpg,6,Blond_Hair
img003673.jpg,star/stargan/Blond_Hair/img003673.jpg,6,Blond_Hair
img002608.jpg,star/stargan/Blond_Hair/img002608.jpg,6,Blond_Hair
img002275.jpg,star/stargan/Blond_Hair/img002275.jpg,6,Blond_Hair
img002144.jpg,star/stargan/Blond_Hair/img002144.jpg,6,Blond_Hair
img003896.jpg,star/stargan/Blond_Hair/img003896.jpg,6,Blond_Hair
img003248.jpg,star/stargan/Blond_Hair/img003248.jpg,6,Blond_Hair
img003324.jpg,star/stargan/Blond_Hair/img003324.jpg,6,Blond_Hair
img002029.jpg,star/stargan/Blond_Hair/img002029.jpg,6,Blond_Hair
img002889.jpg,star/stargan/Blond_Hair/img002889.jpg,6,Blond_Hair
img002443.jpg,star/stargan/Blond_Hair/img002443.jpg,6,Blond_Hair
img003188.jpg,star/stargan/Blond_Hair/img003188.jpg,6,Blond_Hair
img003696.jpg,star/stargan/Blond_Hair/img003696.jpg,6,Blond_Hair
img003189.jpg,star/stargan/Blond_Hair/img003189.jpg,6,Blond_Hair
img002460.jpg,star/stargan/Blond_Hair/img002460.jpg,6,Blond_Hair
img002663.jpg,star/stargan/Blond_Hair/img002663.jpg,6,Blond_Hair
img003440.jpg,star/stargan/Blond_Hair/img003440.jpg,6,Blond_Hair
img003516.jpg,star/stargan/Blond_Hair/img003516.jpg,6,Blond_Hair
img002737.jpg,star/stargan/Blond_Hair/img002737.jpg,6,Blond_Hair
img002593.jpg,star/stargan/Blond_Hair/img002593.jpg,6,Blond_Hair
img003036.jpg,star/stargan/Blond_Hair/img003036.jpg,6,Blond_Hair
img003436.jpg,star/stargan/Blond_Hair/img003436.jpg,6,Blond_Hair
img002894.jpg,star/stargan/Blond_Hair/img002894.jpg,6,Blond_Hair
img003922.jpg,star/stargan/Blond_Hair/img003922.jpg,6,Blond_Hair
img003354.jpg,star/stargan/Blond_Hair/img003354.jpg,6,Blond_Hair
img003986.jpg,star/stargan/Blond_Hair/img003986.jpg,6,Blond_Hair
img003691.jpg,star/stargan/Blond_Hair/img003691.jpg,6,Blond_Hair
img002095.jpg,star/stargan/Blond_Hair/img002095.jpg,6,Blond_Hair
img003756.jpg,star/stargan/Blond_Hair/img003756.jpg,6,Blond_Hair
img002578.jpg,star/stargan/Blond_Hair/img002578.jpg,6,Blond_Hair
img003243.jpg,star/stargan/Blond_Hair/img003243.jpg,6,Blond_Hair
img003393.jpg,star/stargan/Blond_Hair/img003393.jpg,6,Blond_Hair
img003333.jpg,star/stargan/Blond_Hair/img003333.jpg,6,Blond_Hair
img003862.jpg,star/stargan/Blond_Hair/img003862.jpg,6,Blond_Hair
img002682.jpg,star/stargan/Blond_Hair/img002682.jpg,6,Blond_Hair
img002326.jpg,star/stargan/Blond_Hair/img002326.jpg,6,Blond_Hair
img003944.jpg,star/stargan/Blond_Hair/img003944.jpg,6,Blond_Hair
img002011.jpg,star/stargan/Blond_Hair/img002011.jpg,6,Blond_Hair
img003005.jpg,star/stargan/Blond_Hair/img003005.jpg,6,Blond_Hair
img002320.jpg,star/stargan/Blond_Hair/img002320.jpg,6,Blond_Hair
img003348.jpg,star/stargan/Blond_Hair/img003348.jpg,6,Blond_Hair
img003591.jpg,star/stargan/Blond_Hair/img003591.jpg,6,Blond_Hair
img003258.jpg,star/stargan/Blond_Hair/img003258.jpg,6,Blond_Hair
img003187.jpg,star/stargan/Blond_Hair/img003187.jpg,6,Blond_Hair
img003890.jpg,star/stargan/Blond_Hair/img003890.jpg,6,Blond_Hair
img002751.jpg,star/stargan/Blond_Hair/img002751.jpg,6,Blond_Hair
img002465.jpg,star/stargan/Blond_Hair/img002465.jpg,6,Blond_Hair
img003259.jpg,star/stargan/Blond_Hair/img003259.jpg,6,Blond_Hair
img002510.jpg,star/stargan/Blond_Hair/img002510.jpg,6,Blond_Hair
img002918.jpg,star/stargan/Blond_Hair/img002918.jpg,6,Blond_Hair
img003247.jpg,star/stargan/Blond_Hair/img003247.jpg,6,Blond_Hair
img002422.jpg,star/stargan/Blond_Hair/img002422.jpg,6,Blond_Hair
img003372.jpg,star/stargan/Blond_Hair/img003372.jpg,6,Blond_Hair
img002866.jpg,star/stargan/Blond_Hair/img002866.jpg,6,Blond_Hair
img003752.jpg,star/stargan/Blond_Hair/img003752.jpg,6,Blond_Hair
img002826.jpg,star/stargan/Blond_Hair/img002826.jpg,6,Blond_Hair
img002477.jpg,star/stargan/Blond_Hair/img002477.jpg,6,Blond_Hair
img003839.jpg,star/stargan/Blond_Hair/img003839.jpg,6,Blond_Hair
img002872.jpg,star/stargan/Blond_Hair/img002872.jpg,6,Blond_Hair
img003283.jpg,star/stargan/Blond_Hair/img003283.jpg,6,Blond_Hair
img002648.jpg,star/stargan/Blond_Hair/img002648.jpg,6,Blond_Hair
img003639.jpg,star/stargan/Blond_Hair/img003639.jpg,6,Blond_Hair
img003641.jpg,star/stargan/Blond_Hair/img003641.jpg,6,Blond_Hair
img002547.jpg,star/stargan/Blond_Hair/img002547.jpg,6,Blond_Hair
img003626.jpg,star/stargan/Blond_Hair/img003626.jpg,6,Blond_Hair
img002800.jpg,star/stargan/Blond_Hair/img002800.jpg,6,Blond_Hair
img002152.jpg,star/stargan/Blond_Hair/img002152.jpg,6,Blond_Hair
img003501.jpg,star/stargan/Blond_Hair/img003501.jpg,6,Blond_Hair
img003879.jpg,star/stargan/Blond_Hair/img003879.jpg,6,Blond_Hair
img003477.jpg,star/stargan/Blond_Hair/img003477.jpg,6,Blond_Hair
img002763.jpg,star/stargan/Blond_Hair/img002763.jpg,6,Blond_Hair
img002863.jpg,star/stargan/Blond_Hair/img002863.jpg,6,Blond_Hair
img003829.jpg,star/stargan/Blond_Hair/img003829.jpg,6,Blond_Hair
img002101.jpg,star/stargan/Blond_Hair/img002101.jpg,6,Blond_Hair
img003330.jpg,star/stargan/Blond_Hair/img003330.jpg,6,Blond_Hair
img002378.jpg,star/stargan/Blond_Hair/img002378.jpg,6,Blond_Hair
img002610.jpg,star/stargan/Blond_Hair/img002610.jpg,6,Blond_Hair
img003334.jpg,star/stargan/Blond_Hair/img003334.jpg,6,Blond_Hair
img003509.jpg,star/stargan/Blond_Hair/img003509.jpg,6,Blond_Hair
img002542.jpg,star/stargan/Blond_Hair/img002542.jpg,6,Blond_Hair
img002060.jpg,star/stargan/Blond_Hair/img002060.jpg,6,Blond_Hair
img003468.jpg,star/stargan/Blond_Hair/img003468.jpg,6,Blond_Hair
img003658.jpg,star/stargan/Blond_Hair/img003658.jpg,6,Blond_Hair
img002007.jpg,star/stargan/Blond_Hair/img002007.jpg,6,Blond_Hair
img003956.jpg,star/stargan/Blond_Hair/img003956.jpg,6,Blond_Hair
img002252.jpg,star/stargan/Blond_Hair/img002252.jpg,6,Blond_Hair
img002679.jpg,star/stargan/Blond_Hair/img002679.jpg,6,Blond_Hair
img003107.jpg,star/stargan/Blond_Hair/img003107.jpg,6,Blond_Hair
img003942.jpg,star/stargan/Blond_Hair/img003942.jpg,6,Blond_Hair
img002915.jpg,star/stargan/Blond_Hair/img002915.jpg,6,Blond_Hair
img002111.jpg,star/stargan/Blond_Hair/img002111.jpg,6,Blond_Hair
img002474.jpg,star/stargan/Blond_Hair/img002474.jpg,6,Blond_Hair
img003577.jpg,star/stargan/Blond_Hair/img003577.jpg,6,Blond_Hair
img003561.jpg,star/stargan/Blond_Hair/img003561.jpg,6,Blond_Hair
img002784.jpg,star/stargan/Blond_Hair/img002784.jpg,6,Blond_Hair
img002224.jpg,star/stargan/Blond_Hair/img002224.jpg,6,Blond_Hair
img003876.jpg,star/stargan/Blond_Hair/img003876.jpg,6,Blond_Hair
img003077.jpg,star/stargan/Blond_Hair/img003077.jpg,6,Blond_Hair
img002808.jpg,star/stargan/Blond_Hair/img002808.jpg,6,Blond_Hair
img002569.jpg,star/stargan/Blond_Hair/img002569.jpg,6,Blond_Hair
img003160.jpg,star/stargan/Blond_Hair/img003160.jpg,6,Blond_Hair
img002472.jpg,star/stargan/Blond_Hair/img002472.jpg,6,Blond_Hair
img002759.jpg,star/stargan/Blond_Hair/img002759.jpg,6,Blond_Hair
img002236.jpg,star/stargan/Blond_Hair/img002236.jpg,6,Blond_Hair
img003620.jpg,star/stargan/Blond_Hair/img003620.jpg,6,Blond_Hair
img002755.jpg,star/stargan/Blond_Hair/img002755.jpg,6,Blond_Hair
img002267.jpg,star/stargan/Blond_Hair/img002267.jpg,6,Blond_Hair
img003453.jpg,star/stargan/Blond_Hair/img003453.jpg,6,Blond_Hair
img003465.jpg,star/stargan/Blond_Hair/img003465.jpg,6,Blond_Hair
img002618.jpg,star/stargan/Blond_Hair/img002618.jpg,6,Blond_Hair
img002702.jpg,star/stargan/Blond_Hair/img002702.jpg,6,Blond_Hair
img003413.jpg,star/stargan/Blond_Hair/img003413.jpg,6,Blond_Hair
img002189.jpg,star/stargan/Blond_Hair/img002189.jpg,6,Blond_Hair
img002114.jpg,star/stargan/Blond_Hair/img002114.jpg,6,Blond_Hair
img002389.jpg,star/stargan/Blond_Hair/img002389.jpg,6,Blond_Hair
img003867.jpg,star/stargan/Blond_Hair/img003867.jpg,6,Blond_Hair
img003235.jpg,star/stargan/Blond_Hair/img003235.jpg,6,Blond_Hair
img003665.jpg,star/stargan/Blond_Hair/img003665.jpg,6,Blond_Hair
img002148.jpg,star/stargan/Blond_Hair/img002148.jpg,6,Blond_Hair
img003000.jpg,star/stargan/Blond_Hair/img003000.jpg,6,Blond_Hair
img002673.jpg,star/stargan/Blond_Hair/img002673.jpg,6,Blond_Hair
img003325.jpg,star/stargan/Blond_Hair/img003325.jpg,6,Blond_Hair
img003238.jpg,star/stargan/Blond_Hair/img003238.jpg,6,Blond_Hair
img002183.jpg,star/stargan/Blond_Hair/img002183.jpg,6,Blond_Hair
img003281.jpg,star/stargan/Blond_Hair/img003281.jpg,6,Blond_Hair
img003432.jpg,star/stargan/Blond_Hair/img003432.jpg,6,Blond_Hair
img002901.jpg,star/stargan/Blond_Hair/img002901.jpg,6,Blond_Hair
img002939.jpg,star/stargan/Blond_Hair/img002939.jpg,6,Blond_Hair
img003906.jpg,star/stargan/Blond_Hair/img003906.jpg,6,Blond_Hair
img002650.jpg,star/stargan/Blond_Hair/img002650.jpg,6,Blond_Hair
img002018.jpg,star/stargan/Blond_Hair/img002018.jpg,6,Blond_Hair
img003095.jpg,star/stargan/Blond_Hair/img003095.jpg,6,Blond_Hair
img002065.jpg,star/stargan/Blond_Hair/img002065.jpg,6,Blond_Hair
img003410.jpg,star/stargan/Blond_Hair/img003410.jpg,6,Blond_Hair
img002081.jpg,star/stargan/Blond_Hair/img002081.jpg,6,Blond_Hair
img003706.jpg,star/stargan/Blond_Hair/img003706.jpg,6,Blond_Hair
img003780.jpg,star/stargan/Blond_Hair/img003780.jpg,6,Blond_Hair
img003761.jpg,star/stargan/Blond_Hair/img003761.jpg,6,Blond_Hair
img002357.jpg,star/stargan/Blond_Hair/img002357.jpg,6,Blond_Hair
img003431.jpg,star/stargan/Blond_Hair/img003431.jpg,6,Blond_Hair
img003496.jpg,star/stargan/Blond_Hair/img003496.jpg,6,Blond_Hair
img003074.jpg,star/stargan/Blond_Hair/img003074.jpg,6,Blond_Hair
img003500.jpg,star/stargan/Blond_Hair/img003500.jpg,6,Blond_Hair
img002541.jpg,star/stargan/Blond_Hair/img002541.jpg,6,Blond_Hair
img002323.jpg,star/stargan/Blond_Hair/img002323.jpg,6,Blond_Hair
img002926.jpg,star/stargan/Blond_Hair/img002926.jpg,6,Blond_Hair
img002868.jpg,star/stargan/Blond_Hair/img002868.jpg,6,Blond_Hair
img002811.jpg,star/stargan/Blond_Hair/img002811.jpg,6,Blond_Hair
img003001.jpg,star/stargan/Blond_Hair/img003001.jpg,6,Blond_Hair
img003535.jpg,star/stargan/Blond_Hair/img003535.jpg,6,Blond_Hair
img003515.jpg,star/stargan/Blond_Hair/img003515.jpg,6,Blond_Hair
img003261.jpg,star/stargan/Blond_Hair/img003261.jpg,6,Blond_Hair
img002193.jpg,star/stargan/Blond_Hair/img002193.jpg,6,Blond_Hair
img003402.jpg,star/stargan/Blond_Hair/img003402.jpg,6,Blond_Hair
img003853.jpg,star/stargan/Blond_Hair/img003853.jpg,6,Blond_Hair
img002420.jpg,star/stargan/Blond_Hair/img002420.jpg,6,Blond_Hair
img003672.jpg,star/stargan/Blond_Hair/img003672.jpg,6,Blond_Hair
img003300.jpg,star/stargan/Blond_Hair/img003300.jpg,6,Blond_Hair
img002336.jpg,star/stargan/Blond_Hair/img002336.jpg,6,Blond_Hair
img002294.jpg,star/stargan/Blond_Hair/img002294.jpg,6,Blond_Hair
img003460.jpg,star/stargan/Blond_Hair/img003460.jpg,6,Blond_Hair
img002848.jpg,star/stargan/Blond_Hair/img002848.jpg,6,Blond_Hair
img003990.jpg,star/stargan/Blond_Hair/img003990.jpg,6,Blond_Hair
img003236.jpg,star/stargan/Blond_Hair/img003236.jpg,6,Blond_Hair
img002598.jpg,star/stargan/Blond_Hair/img002598.jpg,6,Blond_Hair
img002260.jpg,star/stargan/Blond_Hair/img002260.jpg,6,Blond_Hair
img002123.jpg,star/stargan/Blond_Hair/img002123.jpg,6,Blond_Hair
img002929.jpg,star/stargan/Blond_Hair/img002929.jpg,6,Blond_Hair
img003052.jpg,star/stargan/Blond_Hair/img003052.jpg,6,Blond_Hair
img002104.jpg,star/stargan/Blond_Hair/img002104.jpg,6,Blond_Hair
img002601.jpg,star/stargan/Blond_Hair/img002601.jpg,6,Blond_Hair
img002392.jpg,star/stargan/Blond_Hair/img002392.jpg,6,Blond_Hair
img002632.jpg,star/stargan/Blond_Hair/img002632.jpg,6,Blond_Hair
img003102.jpg,star/stargan/Blond_Hair/img003102.jpg,6,Blond_Hair
img002807.jpg,star/stargan/Blond_Hair/img002807.jpg,6,Blond_Hair
img003742.jpg,star/stargan/Blond_Hair/img003742.jpg,6,Blond_Hair
img002202.jpg,star/stargan/Blond_Hair/img002202.jpg,6,Blond_Hair
img003128.jpg,star/stargan/Blond_Hair/img003128.jpg,6,Blond_Hair
img002916.jpg,star/stargan/Blond_Hair/img002916.jpg,6,Blond_Hair
img003705.jpg,star/stargan/Blond_Hair/img003705.jpg,6,Blond_Hair
img002806.jpg,star/stargan/Blond_Hair/img002806.jpg,6,Blond_Hair
img003907.jpg,star/stargan/Blond_Hair/img003907.jpg,6,Blond_Hair
img002820.jpg,star/stargan/Blond_Hair/img002820.jpg,6,Blond_Hair
img002457.jpg,star/stargan/Blond_Hair/img002457.jpg,6,Blond_Hair
img003381.jpg,star/stargan/Blond_Hair/img003381.jpg,6,Blond_Hair
img003539.jpg,star/stargan/Blond_Hair/img003539.jpg,6,Blond_Hair
img002223.jpg,star/stargan/Blond_Hair/img002223.jpg,6,Blond_Hair
img003559.jpg,star/stargan/Blond_Hair/img003559.jpg,6,Blond_Hair
img003368.jpg,star/stargan/Blond_Hair/img003368.jpg,6,Blond_Hair
img003712.jpg,star/stargan/Blond_Hair/img003712.jpg,6,Blond_Hair
img003420.jpg,star/stargan/Blond_Hair/img003420.jpg,6,Blond_Hair
img002711.jpg,star/stargan/Blond_Hair/img002711.jpg,6,Blond_Hair
img003957.jpg,star/stargan/Blond_Hair/img003957.jpg,6,Blond_Hair
img002024.jpg,star/stargan/Blond_Hair/img002024.jpg,6,Blond_Hair
img002284.jpg,star/stargan/Blond_Hair/img002284.jpg,6,Blond_Hair
img003525.jpg,star/stargan/Blond_Hair/img003525.jpg,6,Blond_Hair
img003276.jpg,star/stargan/Blond_Hair/img003276.jpg,6,Blond_Hair
img002000.jpg,star/stargan/Blond_Hair/img002000.jpg,6,Blond_Hair
img003101.jpg,star/stargan/Blond_Hair/img003101.jpg,6,Blond_Hair
img002103.jpg,star/stargan/Blond_Hair/img002103.jpg,6,Blond_Hair
img003988.jpg,star/stargan/Blond_Hair/img003988.jpg,6,Blond_Hair
img003659.jpg,star/stargan/Blond_Hair/img003659.jpg,6,Blond_Hair
img002074.jpg,star/stargan/Blond_Hair/img002074.jpg,6,Blond_Hair
img003303.jpg,star/stargan/Blond_Hair/img003303.jpg,6,Blond_Hair
img003223.jpg,star/stargan/Blond_Hair/img003223.jpg,6,Blond_Hair
img002586.jpg,star/stargan/Blond_Hair/img002586.jpg,6,Blond_Hair
img002560.jpg,star/stargan/Blond_Hair/img002560.jpg,6,Blond_Hair
img003488.jpg,star/stargan/Blond_Hair/img003488.jpg,6,Blond_Hair
img002432.jpg,star/stargan/Blond_Hair/img002432.jpg,6,Blond_Hair
img002707.jpg,star/stargan/Blond_Hair/img002707.jpg,6,Blond_Hair
img002731.jpg,star/stargan/Blond_Hair/img002731.jpg,6,Blond_Hair
img003719.jpg,star/stargan/Blond_Hair/img003719.jpg,6,Blond_Hair
img003329.jpg,star/stargan/Blond_Hair/img003329.jpg,6,Blond_Hair
img003156.jpg,star/stargan/Blond_Hair/img003156.jpg,6,Blond_Hair
img002540.jpg,star/stargan/Blond_Hair/img002540.jpg,6,Blond_Hair
img002795.jpg,star/stargan/Blond_Hair/img002795.jpg,6,Blond_Hair
img002899.jpg,star/stargan/Blond_Hair/img002899.jpg,6,Blond_Hair
img002266.jpg,star/stargan/Blond_Hair/img002266.jpg,6,Blond_Hair
img002883.jpg,star/stargan/Blond_Hair/img002883.jpg,6,Blond_Hair
img003899.jpg,star/stargan/Blond_Hair/img003899.jpg,6,Blond_Hair
img003138.jpg,star/stargan/Blond_Hair/img003138.jpg,6,Blond_Hair
img003191.jpg,star/stargan/Blond_Hair/img003191.jpg,6,Blond_Hair
img003366.jpg,star/stargan/Blond_Hair/img003366.jpg,6,Blond_Hair
img003777.jpg,star/stargan/Blond_Hair/img003777.jpg,6,Blond_Hair
img003356.jpg,star/stargan/Blond_Hair/img003356.jpg,6,Blond_Hair
img002353.jpg,star/stargan/Blond_Hair/img002353.jpg,6,Blond_Hair
img003337.jpg,star/stargan/Blond_Hair/img003337.jpg,6,Blond_Hair
img003688.jpg,star/stargan/Blond_Hair/img003688.jpg,6,Blond_Hair
img002675.jpg,star/stargan/Blond_Hair/img002675.jpg,6,Blond_Hair
img002579.jpg,star/stargan/Blond_Hair/img002579.jpg,6,Blond_Hair
img003850.jpg,star/stargan/Blond_Hair/img003850.jpg,6,Blond_Hair
img003059.jpg,star/stargan/Blond_Hair/img003059.jpg,6,Blond_Hair
img002433.jpg,star/stargan/Blond_Hair/img002433.jpg,6,Blond_Hair
img003602.jpg,star/stargan/Blond_Hair/img003602.jpg,6,Blond_Hair
img003363.jpg,star/stargan/Blond_Hair/img003363.jpg,6,Blond_Hair
img002817.jpg,star/stargan/Blond_Hair/img002817.jpg,6,Blond_Hair
img003217.jpg,star/stargan/Blond_Hair/img003217.jpg,6,Blond_Hair
img003857.jpg,star/stargan/Blond_Hair/img003857.jpg,6,Blond_Hair
img003487.jpg,star/stargan/Blond_Hair/img003487.jpg,6,Blond_Hair
img002623.jpg,star/stargan/Blond_Hair/img002623.jpg,6,Blond_Hair
img003674.jpg,star/stargan/Blond_Hair/img003674.jpg,6,Blond_Hair
img002009.jpg,star/stargan/Blond_Hair/img002009.jpg,6,Blond_Hair
img003556.jpg,star/stargan/Blond_Hair/img003556.jpg,6,Blond_Hair
img003308.jpg,star/stargan/Blond_Hair/img003308.jpg,6,Blond_Hair
img003629.jpg,star/stargan/Blond_Hair/img003629.jpg,6,Blond_Hair
img002551.jpg,star/stargan/Blond_Hair/img002551.jpg,6,Blond_Hair
img002302.jpg,star/stargan/Blond_Hair/img002302.jpg,6,Blond_Hair
img003926.jpg,star/stargan/Blond_Hair/img003926.jpg,6,Blond_Hair
img002913.jpg,star/stargan/Blond_Hair/img002913.jpg,6,Blond_Hair
img002489.jpg,star/stargan/Blond_Hair/img002489.jpg,6,Blond_Hair
img003783.jpg,star/stargan/Blond_Hair/img003783.jpg,6,Blond_Hair
img003086.jpg,star/stargan/Blond_Hair/img003086.jpg,6,Blond_Hair
img002128.jpg,star/stargan/Blond_Hair/img002128.jpg,6,Blond_Hair
img002237.jpg,star/stargan/Blond_Hair/img002237.jpg,6,Blond_Hair
img003284.jpg,star/stargan/Blond_Hair/img003284.jpg,6,Blond_Hair
img002782.jpg,star/stargan/Blond_Hair/img002782.jpg,6,Blond_Hair
img003711.jpg,star/stargan/Blond_Hair/img003711.jpg,6,Blond_Hair
img003897.jpg,star/stargan/Blond_Hair/img003897.jpg,6,Blond_Hair
img002946.jpg,star/stargan/Blond_Hair/img002946.jpg,6,Blond_Hair
img003572.jpg,star/stargan/Blond_Hair/img003572.jpg,6,Blond_Hair
img002999.jpg,star/stargan/Blond_Hair/img002999.jpg,6,Blond_Hair
img003709.jpg,star/stargan/Blond_Hair/img003709.jpg,6,Blond_Hair
img003237.jpg,star/stargan/Blond_Hair/img003237.jpg,6,Blond_Hair
img002982.jpg,star/stargan/Blond_Hair/img002982.jpg,6,Blond_Hair
img002640.jpg,star/stargan/Blond_Hair/img002640.jpg,6,Blond_Hair
img002451.jpg,star/stargan/Blond_Hair/img002451.jpg,6,Blond_Hair
img003787.jpg,star/stargan/Blond_Hair/img003787.jpg,6,Blond_Hair
img003386.jpg,star/stargan/Blond_Hair/img003386.jpg,6,Blond_Hair
img002957.jpg,star/stargan/Blond_Hair/img002957.jpg,6,Blond_Hair
img002162.jpg,star/stargan/Blond_Hair/img002162.jpg,6,Blond_Hair
img003640.jpg,star/stargan/Blond_Hair/img003640.jpg,6,Blond_Hair
img003828.jpg,star/stargan/Blond_Hair/img003828.jpg,6,Blond_Hair
img003638.jpg,star/stargan/Blond_Hair/img003638.jpg,6,Blond_Hair
img003864.jpg,star/stargan/Blond_Hair/img003864.jpg,6,Blond_Hair
img002652.jpg,star/stargan/Blond_Hair/img002652.jpg,6,Blond_Hair
img003358.jpg,star/stargan/Blond_Hair/img003358.jpg,6,Blond_Hair
img002296.jpg,star/stargan/Blond_Hair/img002296.jpg,6,Blond_Hair
img003058.jpg,star/stargan/Blond_Hair/img003058.jpg,6,Blond_Hair
img003081.jpg,star/stargan/Blond_Hair/img003081.jpg,6,Blond_Hair
img002184.jpg,star/stargan/Blond_Hair/img002184.jpg,6,Blond_Hair
img002475.jpg,star/stargan/Blond_Hair/img002475.jpg,6,Blond_Hair
img002535.jpg,star/stargan/Blond_Hair/img002535.jpg,6,Blond_Hair
img002566.jpg,star/stargan/Blond_Hair/img002566.jpg,6,Blond_Hair
img003406.jpg,star/stargan/Blond_Hair/img003406.jpg,6,Blond_Hair
img003656.jpg,star/stargan/Blond_Hair/img003656.jpg,6,Blond_Hair
img003872.jpg,star/stargan/Blond_Hair/img003872.jpg,6,Blond_Hair
img002597.jpg,star/stargan/Blond_Hair/img002597.jpg,6,Blond_Hair
img003924.jpg,star/stargan/Blond_Hair/img003924.jpg,6,Blond_Hair
img002752.jpg,star/stargan/Blond_Hair/img002752.jpg,6,Blond_Hair
img003392.jpg,star/stargan/Blond_Hair/img003392.jpg,6,Blond_Hair
img002340.jpg,star/stargan/Blond_Hair/img002340.jpg,6,Blond_Hair
img002742.jpg,star/stargan/Blond_Hair/img002742.jpg,6,Blond_Hair
img002695.jpg,star/stargan/Blond_Hair/img002695.jpg,6,Blond_Hair
img002838.jpg,star/stargan/Blond_Hair/img002838.jpg,6,Blond_Hair
img003287.jpg,star/stargan/Blond_Hair/img003287.jpg,6,Blond_Hair
img002740.jpg,star/stargan/Blond_Hair/img002740.jpg,6,Blond_Hair
img002064.jpg,star/stargan/Blond_Hair/img002064.jpg,6,Blond_Hair
img003614.jpg,star/stargan/Blond_Hair/img003614.jpg,6,Blond_Hair
img002659.jpg,star/stargan/Blond_Hair/img002659.jpg,6,Blond_Hair
img003167.jpg,star/stargan/Blond_Hair/img003167.jpg,6,Blond_Hair
img002972.jpg,star/stargan/Blond_Hair/img002972.jpg,6,Blond_Hair
img002559.jpg,star/stargan/Blond_Hair/img002559.jpg,6,Blond_Hair
img002549.jpg,star/stargan/Blond_Hair/img002549.jpg,6,Blond_Hair
img002919.jpg,star/stargan/Blond_Hair/img002919.jpg,6,Blond_Hair
img003219.jpg,star/stargan/Blond_Hair/img003219.jpg,6,Blond_Hair
img003823.jpg,star/stargan/Blond_Hair/img003823.jpg,6,Blond_Hair
img003852.jpg,star/stargan/Blond_Hair/img003852.jpg,6,Blond_Hair
img002622.jpg,star/stargan/Blond_Hair/img002622.jpg,6,Blond_Hair
img002680.jpg,star/stargan/Blond_Hair/img002680.jpg,6,Blond_Hair
img003424.jpg,star/stargan/Blond_Hair/img003424.jpg,6,Blond_Hair
img003946.jpg,star/stargan/Blond_Hair/img003946.jpg,6,Blond_Hair
img002787.jpg,star/stargan/Blond_Hair/img002787.jpg,6,Blond_Hair
img002200.jpg,star/stargan/Blond_Hair/img002200.jpg,6,Blond_Hair
img002253.jpg,star/stargan/Blond_Hair/img002253.jpg,6,Blond_Hair
img003569.jpg,star/stargan/Blond_Hair/img003569.jpg,6,Blond_Hair
img003594.jpg,star/stargan/Blond_Hair/img003594.jpg,6,Blond_Hair
img002089.jpg,star/stargan/Blond_Hair/img002089.jpg,6,Blond_Hair
img003255.jpg,star/stargan/Blond_Hair/img003255.jpg,6,Blond_Hair
img003486.jpg,star/stargan/Blond_Hair/img003486.jpg,6,Blond_Hair
img003831.jpg,star/stargan/Blond_Hair/img003831.jpg,6,Blond_Hair
img002437.jpg,star/stargan/Blond_Hair/img002437.jpg,6,Blond_Hair
img003314.jpg,star/stargan/Blond_Hair/img003314.jpg,6,Blond_Hair
img003595.jpg,star/stargan/Blond_Hair/img003595.jpg,6,Blond_Hair
img002668.jpg,star/stargan/Blond_Hair/img002668.jpg,6,Blond_Hair
img002387.jpg,star/stargan/Blond_Hair/img002387.jpg,6,Blond_Hair
img003050.jpg,star/stargan/Blond_Hair/img003050.jpg,6,Blond_Hair
img003546.jpg,star/stargan/Blond_Hair/img003546.jpg,6,Blond_Hair
img003352.jpg,star/stargan/Blond_Hair/img003352.jpg,6,Blond_Hair
img002526.jpg,star/stargan/Blond_Hair/img002526.jpg,6,Blond_Hair
img003195.jpg,star/stargan/Blond_Hair/img003195.jpg,6,Blond_Hair
img002352.jpg,star/stargan/Blond_Hair/img002352.jpg,6,Blond_Hair
img003795.jpg,star/stargan/Blond_Hair/img003795.jpg,6,Blond_Hair
img002043.jpg,star/stargan/Blond_Hair/img002043.jpg,6,Blond_Hair
img003108.jpg,star/stargan/Blond_Hair/img003108.jpg,6,Blond_Hair
img002994.jpg,star/stargan/Blond_Hair/img002994.jpg,6,Blond_Hair
img003015.jpg,star/stargan/Blond_Hair/img003015.jpg,6,Blond_Hair
img003137.jpg,star/stargan/Blond_Hair/img003137.jpg,6,Blond_Hair
img002621.jpg,star/stargan/Blond_Hair/img002621.jpg,6,Blond_Hair
img003732.jpg,star/stargan/Blond_Hair/img003732.jpg,6,Blond_Hair
img002546.jpg,star/stargan/Blond_Hair/img002546.jpg,6,Blond_Hair
img002847.jpg,star/stargan/Blond_Hair/img002847.jpg,6,Blond_Hair
img002329.jpg,star/stargan/Blond_Hair/img002329.jpg,6,Blond_Hair
img003183.jpg,star/stargan/Blond_Hair/img003183.jpg,6,Blond_Hair
img003833.jpg,star/stargan/Blond_Hair/img003833.jpg,6,Blond_Hair
img003726.jpg,star/stargan/Blond_Hair/img003726.jpg,6,Blond_Hair
img002822.jpg,star/stargan/Blond_Hair/img002822.jpg,6,Blond_Hair
img002774.jpg,star/stargan/Blond_Hair/img002774.jpg,6,Blond_Hair
img002908.jpg,star/stargan/Blond_Hair/img002908.jpg,6,Blond_Hair
img002039.jpg,star/stargan/Blond_Hair/img002039.jpg,6,Blond_Hair
img002072.jpg,star/stargan/Blond_Hair/img002072.jpg,6,Blond_Hair
img002765.jpg,star/stargan/Blond_Hair/img002765.jpg,6,Blond_Hair
img002150.jpg,star/stargan/Blond_Hair/img002150.jpg,6,Blond_Hair
img002401.jpg,star/stargan/Blond_Hair/img002401.jpg,6,Blond_Hair
img003702.jpg,star/stargan/Blond_Hair/img003702.jpg,6,Blond_Hair
img003683.jpg,star/stargan/Blond_Hair/img003683.jpg,6,Blond_Hair
img002874.jpg,star/stargan/Blond_Hair/img002874.jpg,6,Blond_Hair
img002141.jpg,star/stargan/Blond_Hair/img002141.jpg,6,Blond_Hair
img002515.jpg,star/stargan/Blond_Hair/img002515.jpg,6,Blond_Hair
img002935.jpg,star/stargan/Blond_Hair/img002935.jpg,6,Blond_Hair
img002053.jpg,star/stargan/Blond_Hair/img002053.jpg,6,Blond_Hair
img003140.jpg,star/stargan/Blond_Hair/img003140.jpg,6,Blond_Hair
img003285.jpg,star/stargan/Blond_Hair/img003285.jpg,6,Blond_Hair
img002484.jpg,star/stargan/Blond_Hair/img002484.jpg,6,Blond_Hair
img003925.jpg,star/stargan/Blond_Hair/img003925.jpg,6,Blond_Hair
img003754.jpg,star/stargan/Blond_Hair/img003754.jpg,6,Blond_Hair
img002463.jpg,star/stargan/Blond_Hair/img002463.jpg,6,Blond_Hair
img003335.jpg,star/stargan/Blond_Hair/img003335.jpg,6,Blond_Hair
img002380.jpg,star/stargan/Blond_Hair/img002380.jpg,6,Blond_Hair
img002270.jpg,star/stargan/Blond_Hair/img002270.jpg,6,Blond_Hair
img002091.jpg,star/stargan/Blond_Hair/img002091.jpg,6,Blond_Hair
img003883.jpg,star/stargan/Blond_Hair/img003883.jpg,6,Blond_Hair
img002718.jpg,star/stargan/Blond_Hair/img002718.jpg,6,Blond_Hair
img003657.jpg,star/stargan/Blond_Hair/img003657.jpg,6,Blond_Hair
img003825.jpg,star/stargan/Blond_Hair/img003825.jpg,6,Blond_Hair
img003206.jpg,star/stargan/Blond_Hair/img003206.jpg,6,Blond_Hair
img003524.jpg,star/stargan/Blond_Hair/img003524.jpg,6,Blond_Hair
img002813.jpg,star/stargan/Blond_Hair/img002813.jpg,6,Blond_Hair
img003257.jpg,star/stargan/Blond_Hair/img003257.jpg,6,Blond_Hair
img002127.jpg,star/stargan/Blond_Hair/img002127.jpg,6,Blond_Hair
img002341.jpg,star/stargan/Blond_Hair/img002341.jpg,6,Blond_Hair
img003690.jpg,star/stargan/Blond_Hair/img003690.jpg,6,Blond_Hair
img003873.jpg,star/stargan/Blond_Hair/img003873.jpg,6,Blond_Hair
img002865.jpg,star/stargan/Blond_Hair/img002865.jpg,6,Blond_Hair
img002045.jpg,star/stargan/Blond_Hair/img002045.jpg,6,Blond_Hair
img002049.jpg,star/stargan/Blond_Hair/img002049.jpg,6,Blond_Hair
img003229.jpg,star/stargan/Blond_Hair/img003229.jpg,6,Blond_Hair
img003254.jpg,star/stargan/Blond_Hair/img003254.jpg,6,Blond_Hair
img002989.jpg,star/stargan/Blond_Hair/img002989.jpg,6,Blond_Hair
img003302.jpg,star/stargan/Blond_Hair/img003302.jpg,6,Blond_Hair
img002884.jpg,star/stargan/Blond_Hair/img002884.jpg,6,Blond_Hair
img003781.jpg,star/stargan/Blond_Hair/img003781.jpg,6,Blond_Hair
img002660.jpg,star/stargan/Blond_Hair/img002660.jpg,6,Blond_Hair
img003650.jpg,star/stargan/Blond_Hair/img003650.jpg,6,Blond_Hair
img003704.jpg,star/stargan/Blond_Hair/img003704.jpg,6,Blond_Hair
img002214.jpg,star/stargan/Blond_Hair/img002214.jpg,6,Blond_Hair
img002285.jpg,star/stargan/Blond_Hair/img002285.jpg,6,Blond_Hair
img003399.jpg,star/stargan/Blond_Hair/img003399.jpg,6,Blond_Hair
img002177.jpg,star/stargan/Blond_Hair/img002177.jpg,6,Blond_Hair
img003339.jpg,star/stargan/Blond_Hair/img003339.jpg,6,Blond_Hair
img002166.jpg,star/stargan/Blond_Hair/img002166.jpg,6,Blond_Hair
img002181.jpg,star/stargan/Blond_Hair/img002181.jpg,6,Blond_Hair
img003326.jpg,star/stargan/Blond_Hair/img003326.jpg,6,Blond_Hair
img002770.jpg,star/stargan/Blond_Hair/img002770.jpg,6,Blond_Hair
img002713.jpg,star/stargan/Blond_Hair/img002713.jpg,6,Blond_Hair
img002054.jpg,star/stargan/Blond_Hair/img002054.jpg,6,Blond_Hair
img002442.jpg,star/stargan/Blond_Hair/img002442.jpg,6,Blond_Hair
img002391.jpg,star/stargan/Blond_Hair/img002391.jpg,6,Blond_Hair
img002078.jpg,star/stargan/Blond_Hair/img002078.jpg,6,Blond_Hair
img002573.jpg,star/stargan/Blond_Hair/img002573.jpg,6,Blond_Hair
img003676.jpg,star/stargan/Blond_Hair/img003676.jpg,6,Blond_Hair
img002771.jpg,star/stargan/Blond_Hair/img002771.jpg,6,Blond_Hair
img003968.jpg,star/stargan/Blond_Hair/img003968.jpg,6,Blond_Hair
img002403.jpg,star/stargan/Blond_Hair/img002403.jpg,6,Blond_Hair
img003288.jpg,star/stargan/Blond_Hair/img003288.jpg,6,Blond_Hair
img003878.jpg,star/stargan/Blond_Hair/img003878.jpg,6,Blond_Hair
img003655.jpg,star/stargan/Blond_Hair/img003655.jpg,6,Blond_Hair
img003328.jpg,star/stargan/Blond_Hair/img003328.jpg,6,Blond_Hair
img002217.jpg,star/stargan/Blond_Hair/img002217.jpg,6,Blond_Hair
img002408.jpg,star/stargan/Blond_Hair/img002408.jpg,6,Blond_Hair
img002773.jpg,star/stargan/Blond_Hair/img002773.jpg,6,Blond_Hair
img002855.jpg,star/stargan/Blond_Hair/img002855.jpg,6,Blond_Hair
img003267.jpg,star/stargan/Blond_Hair/img003267.jpg,6,Blond_Hair
img002603.jpg,star/stargan/Blond_Hair/img002603.jpg,6,Blond_Hair
img002789.jpg,star/stargan/Blond_Hair/img002789.jpg,6,Blond_Hair
img003124.jpg,star/stargan/Blond_Hair/img003124.jpg,6,Blond_Hair
img003157.jpg,star/stargan/Blond_Hair/img003157.jpg,6,Blond_Hair
img002818.jpg,star/stargan/Blond_Hair/img002818.jpg,6,Blond_Hair
img003125.jpg,star/stargan/Blond_Hair/img003125.jpg,6,Blond_Hair
img003455.jpg,star/stargan/Blond_Hair/img003455.jpg,6,Blond_Hair
img002996.jpg,star/stargan/Blond_Hair/img002996.jpg,6,Blond_Hair
img003263.jpg,star/stargan/Blond_Hair/img003263.jpg,6,Blond_Hair
img002316.jpg,star/stargan/Blond_Hair/img002316.jpg,6,Blond_Hair
img003692.jpg,star/stargan/Blond_Hair/img003692.jpg,6,Blond_Hair
img003601.jpg,star/stargan/Blond_Hair/img003601.jpg,6,Blond_Hair
img002486.jpg,star/stargan/Blond_Hair/img002486.jpg,6,Blond_Hair
img003701.jpg,star/stargan/Blond_Hair/img003701.jpg,6,Blond_Hair
img002318.jpg,star/stargan/Blond_Hair/img002318.jpg,6,Blond_Hair
img002402.jpg,star/stargan/Blond_Hair/img002402.jpg,6,Blond_Hair
img002359.jpg,star/stargan/Blond_Hair/img002359.jpg,6,Blond_Hair
img003532.jpg,star/stargan/Blond_Hair/img003532.jpg,6,Blond_Hair
img003492.jpg,star/stargan/Blond_Hair/img003492.jpg,6,Blond_Hair
img002893.jpg,star/stargan/Blond_Hair/img002893.jpg,6,Blond_Hair
img002756.jpg,star/stargan/Blond_Hair/img002756.jpg,6,Blond_Hair
img002210.jpg,star/stargan/Blond_Hair/img002210.jpg,6,Blond_Hair
img002501.jpg,star/stargan/Blond_Hair/img002501.jpg,6,Blond_Hair
img002040.jpg,star/stargan/Blond_Hair/img002040.jpg,6,Blond_Hair
img002558.jpg,star/stargan/Blond_Hair/img002558.jpg,6,Blond_Hair
img002626.jpg,star/stargan/Blond_Hair/img002626.jpg,6,Blond_Hair
img003369.jpg,star/stargan/Blond_Hair/img003369.jpg,6,Blond_Hair
img002412.jpg,star/stargan/Blond_Hair/img002412.jpg,6,Blond_Hair
img003633.jpg,star/stargan/Blond_Hair/img003633.jpg,6,Blond_Hair
img002776.jpg,star/stargan/Blond_Hair/img002776.jpg,6,Blond_Hair
img003666.jpg,star/stargan/Blond_Hair/img003666.jpg,6,Blond_Hair
img003782.jpg,star/stargan/Blond_Hair/img003782.jpg,6,Blond_Hair
img002280.jpg,star/stargan/Blond_Hair/img002280.jpg,6,Blond_Hair
img003985.jpg,star/stargan/Blond_Hair/img003985.jpg,6,Blond_Hair
img002383.jpg,star/stargan/Blond_Hair/img002383.jpg,6,Blond_Hair
img003461.jpg,star/stargan/Blond_Hair/img003461.jpg,6,Blond_Hair
img002699.jpg,star/stargan/Blond_Hair/img002699.jpg,6,Blond_Hair
img003279.jpg,star/stargan/Blond_Hair/img003279.jpg,6,Blond_Hair
img003018.jpg,star/stargan/Blond_Hair/img003018.jpg,6,Blond_Hair
img002233.jpg,star/stargan/Blond_Hair/img002233.jpg,6,Blond_Hair
img002057.jpg,star/stargan/Blond_Hair/img002057.jpg,6,Blond_Hair
img002987.jpg,star/stargan/Blond_Hair/img002987.jpg,6,Blond_Hair
img002958.jpg,star/stargan/Blond_Hair/img002958.jpg,6,Blond_Hair
img003327.jpg,star/stargan/Blond_Hair/img003327.jpg,6,Blond_Hair
img002858.jpg,star/stargan/Blond_Hair/img002858.jpg,6,Blond_Hair
img003147.jpg,star/stargan/Blond_Hair/img003147.jpg,6,Blond_Hair
img003345.jpg,star/stargan/Blond_Hair/img003345.jpg,6,Blond_Hair
img002511.jpg,star/stargan/Blond_Hair/img002511.jpg,6,Blond_Hair
img002694.jpg,star/stargan/Blond_Hair/img002694.jpg,6,Blond_Hair
img002161.jpg,star/stargan/Blond_Hair/img002161.jpg,6,Blond_Hair
img002543.jpg,star/stargan/Blond_Hair/img002543.jpg,6,Blond_Hair
img003067.jpg,star/stargan/Blond_Hair/img003067.jpg,6,Blond_Hair
img003960.jpg,star/stargan/Blond_Hair/img003960.jpg,6,Blond_Hair
img002222.jpg,star/stargan/Blond_Hair/img002222.jpg,6,Blond_Hair
img002459.jpg,star/stargan/Blond_Hair/img002459.jpg,6,Blond_Hair
img003310.jpg,star/stargan/Blond_Hair/img003310.jpg,6,Blond_Hair
img003804.jpg,star/stargan/Blond_Hair/img003804.jpg,6,Blond_Hair
img003826.jpg,star/stargan/Blond_Hair/img003826.jpg,6,Blond_Hair
img002347.jpg,star/stargan/Blond_Hair/img002347.jpg,6,Blond_Hair
img003062.jpg,star/stargan/Blond_Hair/img003062.jpg,6,Blond_Hair
img003136.jpg,star/stargan/Blond_Hair/img003136.jpg,6,Blond_Hair
img002815.jpg,star/stargan/Blond_Hair/img002815.jpg,6,Blond_Hair
img002345.jpg,star/stargan/Blond_Hair/img002345.jpg,6,Blond_Hair
img003231.jpg,star/stargan/Blond_Hair/img003231.jpg,6,Blond_Hair
img003849.jpg,star/stargan/Blond_Hair/img003849.jpg,6,Blond_Hair
img002374.jpg,star/stargan/Blond_Hair/img002374.jpg,6,Blond_Hair
img003014.jpg,star/stargan/Blond_Hair/img003014.jpg,6,Blond_Hair
img002977.jpg,star/stargan/Blond_Hair/img002977.jpg,6,Blond_Hair
img003943.jpg,star/stargan/Blond_Hair/img003943.jpg,6,Blond_Hair
img003905.jpg,star/stargan/Blond_Hair/img003905.jpg,6,Blond_Hair
img003827.jpg,star/stargan/Blond_Hair/img003827.jpg,6,Blond_Hair
img003885.jpg,star/stargan/Blond_Hair/img003885.jpg,6,Blond_Hair
img002010.jpg,star/stargan/Blond_Hair/img002010.jpg,6,Blond_Hair
img002574.jpg,star/stargan/Blond_Hair/img002574.jpg,6,Blond_Hair
img003040.jpg,star/stargan/Blond_Hair/img003040.jpg,6,Blond_Hair
img002857.jpg,star/stargan/Blond_Hair/img002857.jpg,6,Blond_Hair
img003286.jpg,star/stargan/Blond_Hair/img003286.jpg,6,Blond_Hair
img002654.jpg,star/stargan/Blond_Hair/img002654.jpg,6,Blond_Hair
img002080.jpg,star/stargan/Blond_Hair/img002080.jpg,6,Blond_Hair
img003808.jpg,star/stargan/Blond_Hair/img003808.jpg,6,Blond_Hair
img003793.jpg,star/stargan/Blond_Hair/img003793.jpg,6,Blond_Hair
img003517.jpg,star/stargan/Blond_Hair/img003517.jpg,6,Blond_Hair
img003911.jpg,star/stargan/Blond_Hair/img003911.jpg,6,Blond_Hair
img002397.jpg,star/stargan/Blond_Hair/img002397.jpg,6,Blond_Hair
img003811.jpg,star/stargan/Blond_Hair/img003811.jpg,6,Blond_Hair
img003976.jpg,star/stargan/Blond_Hair/img003976.jpg,6,Blond_Hair
img003699.jpg,star/stargan/Blond_Hair/img003699.jpg,6,Blond_Hair
img002945.jpg,star/stargan/Blond_Hair/img002945.jpg,6,Blond_Hair
img003169.jpg,star/stargan/Blond_Hair/img003169.jpg,6,Blond_Hair
img003757.jpg,star/stargan/Blond_Hair/img003757.jpg,6,Blond_Hair
img003198.jpg,star/stargan/Blond_Hair/img003198.jpg,6,Blond_Hair
img002587.jpg,star/stargan/Blond_Hair/img002587.jpg,6,Blond_Hair
img003031.jpg,star/stargan/Blond_Hair/img003031.jpg,6,Blond_Hair
img003526.jpg,star/stargan/Blond_Hair/img003526.jpg,6,Blond_Hair
img002097.jpg,star/stargan/Blond_Hair/img002097.jpg,6,Blond_Hair
img002201.jpg,star/stargan/Blond_Hair/img002201.jpg,6,Blond_Hair
img003612.jpg,star/stargan/Blond_Hair/img003612.jpg,6,Blond_Hair
img002508.jpg,star/stargan/Blond_Hair/img002508.jpg,6,Blond_Hair
img003317.jpg,star/stargan/Blond_Hair/img003317.jpg,6,Blond_Hair
img002042.jpg,star/stargan/Blond_Hair/img002042.jpg,6,Blond_Hair
img002568.jpg,star/stargan/Blond_Hair/img002568.jpg,6,Blond_Hair
img002864.jpg,star/stargan/Blond_Hair/img002864.jpg,6,Blond_Hair
img003560.jpg,star/stargan/Blond_Hair/img003560.jpg,6,Blond_Hair
img002565.jpg,star/stargan/Blond_Hair/img002565.jpg,6,Blond_Hair
img002655.jpg,star/stargan/Blond_Hair/img002655.jpg,6,Blond_Hair
img002149.jpg,star/stargan/Blond_Hair/img002149.jpg,6,Blond_Hair
img002004.jpg,star/stargan/Blond_Hair/img002004.jpg,6,Blond_Hair
img003855.jpg,star/stargan/Blond_Hair/img003855.jpg,6,Blond_Hair
img002924.jpg,star/stargan/Blond_Hair/img002924.jpg,6,Blond_Hair
img002076.jpg,star/stargan/Blond_Hair/img002076.jpg,6,Blond_Hair
img002218.jpg,star/stargan/Blond_Hair/img002218.jpg,6,Blond_Hair
img003148.jpg,star/stargan/Blond_Hair/img003148.jpg,6,Blond_Hair
img002562.jpg,star/stargan/Blond_Hair/img002562.jpg,6,Blond_Hair
img003045.jpg,star/stargan/Blond_Hair/img003045.jpg,6,Blond_Hair
img003118.jpg,star/stargan/Blond_Hair/img003118.jpg,6,Blond_Hair
img002521.jpg,star/stargan/Blond_Hair/img002521.jpg,6,Blond_Hair
img002493.jpg,star/stargan/Blond_Hair/img002493.jpg,6,Blond_Hair
img003112.jpg,star/stargan/Blond_Hair/img003112.jpg,6,Blond_Hair
img003009.jpg,star/stargan/Blond_Hair/img003009.jpg,6,Blond_Hair
img003628.jpg,star/stargan/Blond_Hair/img003628.jpg,6,Blond_Hair
img003411.jpg,star/stargan/Blond_Hair/img003411.jpg,6,Blond_Hair
img002182.jpg,star/stargan/Blond_Hair/img002182.jpg,6,Blond_Hair
img002520.jpg,star/stargan/Blond_Hair/img002520.jpg,6,Blond_Hair
img003222.jpg,star/stargan/Blond_Hair/img003222.jpg,6,Blond_Hair
img002170.jpg,star/stargan/Blond_Hair/img002170.jpg,6,Blond_Hair
img002441.jpg,star/stargan/Blond_Hair/img002441.jpg,6,Blond_Hair
img002829.jpg,star/stargan/Blond_Hair/img002829.jpg,6,Blond_Hair
img003145.jpg,star/stargan/Blond_Hair/img003145.jpg,6,Blond_Hair
img003035.jpg,star/stargan/Blond_Hair/img003035.jpg,6,Blond_Hair
img003914.jpg,star/stargan/Blond_Hair/img003914.jpg,6,Blond_Hair
img002469.jpg,star/stargan/Blond_Hair/img002469.jpg,6,Blond_Hair
img002606.jpg,star/stargan/Blond_Hair/img002606.jpg,6,Blond_Hair
img003799.jpg,star/stargan/Blond_Hair/img003799.jpg,6,Blond_Hair
img002243.jpg,star/stargan/Blond_Hair/img002243.jpg,6,Blond_Hair
img002674.jpg,star/stargan/Blond_Hair/img002674.jpg,6,Blond_Hair
img003767.jpg,star/stargan/Blond_Hair/img003767.jpg,6,Blond_Hair
img002096.jpg,star/stargan/Blond_Hair/img002096.jpg,6,Blond_Hair
img003573.jpg,star/stargan/Blond_Hair/img003573.jpg,6,Blond_Hair
img002454.jpg,star/stargan/Blond_Hair/img002454.jpg,6,Blond_Hair
img003355.jpg,star/stargan/Blond_Hair/img003355.jpg,6,Blond_Hair
img002315.jpg,star/stargan/Blond_Hair/img002315.jpg,6,Blond_Hair
img003962.jpg,star/stargan/Blond_Hair/img003962.jpg,6,Blond_Hair
img003597.jpg,star/stargan/Blond_Hair/img003597.jpg,6,Blond_Hair
img002903.jpg,star/stargan/Blond_Hair/img002903.jpg,6,Blond_Hair
img002246.jpg,star/stargan/Blond_Hair/img002246.jpg,6,Blond_Hair
img003006.jpg,star/stargan/Blond_Hair/img003006.jpg,6,Blond_Hair
img002444.jpg,star/stargan/Blond_Hair/img002444.jpg,6,Blond_Hair
img002110.jpg,star/stargan/Blond_Hair/img002110.jpg,6,Blond_Hair
img003662.jpg,star/stargan/Blond_Hair/img003662.jpg,6,Blond_Hair
img002196.jpg,star/stargan/Blond_Hair/img002196.jpg,6,Blond_Hair
img003061.jpg,star/stargan/Blond_Hair/img003061.jpg,6,Blond_Hair
img002595.jpg,star/stargan/Blond_Hair/img002595.jpg,6,Blond_Hair
img002458.jpg,star/stargan/Blond_Hair/img002458.jpg,6,Blond_Hair
img002124.jpg,star/stargan/Blond_Hair/img002124.jpg,6,Blond_Hair
img003818.jpg,star/stargan/Blond_Hair/img003818.jpg,6,Blond_Hair
img002944.jpg,star/stargan/Blond_Hair/img002944.jpg,6,Blond_Hair
img002612.jpg,star/stargan/Blond_Hair/img002612.jpg,6,Blond_Hair
img003961.jpg,star/stargan/Blond_Hair/img003961.jpg,6,Blond_Hair
img003707.jpg,star/stargan/Blond_Hair/img003707.jpg,6,Blond_Hair
img003475.jpg,star/stargan/Blond_Hair/img003475.jpg,6,Blond_Hair
img003858.jpg,star/stargan/Blond_Hair/img003858.jpg,6,Blond_Hair
img003063.jpg,star/stargan/Blond_Hair/img003063.jpg,6,Blond_Hair
img002768.jpg,star/stargan/Blond_Hair/img002768.jpg,6,Blond_Hair
img003923.jpg,star/stargan/Blond_Hair/img003923.jpg,6,Blond_Hair
img003505.jpg,star/stargan/Blond_Hair/img003505.jpg,6,Blond_Hair
img002849.jpg,star/stargan/Blond_Hair/img002849.jpg,6,Blond_Hair
img002590.jpg,star/stargan/Blond_Hair/img002590.jpg,6,Blond_Hair
img003497.jpg,star/stargan/Blond_Hair/img003497.jpg,6,Blond_Hair
img003877.jpg,star/stargan/Blond_Hair/img003877.jpg,6,Blond_Hair
img003479.jpg,star/stargan/Blond_Hair/img003479.jpg,6,Blond_Hair
img003088.jpg,star/stargan/Blond_Hair/img003088.jpg,6,Blond_Hair
img003245.jpg,star/stargan/Blond_Hair/img003245.jpg,6,Blond_Hair
img002635.jpg,star/stargan/Blond_Hair/img002635.jpg,6,Blond_Hair
img003758.jpg,star/stargan/Blond_Hair/img003758.jpg,6,Blond_Hair
img003927.jpg,star/stargan/Blond_Hair/img003927.jpg,6,Blond_Hair
img002687.jpg,star/stargan/Blond_Hair/img002687.jpg,6,Blond_Hair
img002088.jpg,star/stargan/Blond_Hair/img002088.jpg,6,Blond_Hair
img003868.jpg,star/stargan/Blond_Hair/img003868.jpg,6,Blond_Hair
img003085.jpg,star/stargan/Blond_Hair/img003085.jpg,6,Blond_Hair
img003794.jpg,star/stargan/Blond_Hair/img003794.jpg,6,Blond_Hair
img003435.jpg,star/stargan/Blond_Hair/img003435.jpg,6,Blond_Hair
img002853.jpg,star/stargan/Blond_Hair/img002853.jpg,6,Blond_Hair
img002844.jpg,star/stargan/Blond_Hair/img002844.jpg,6,Blond_Hair
img002585.jpg,star/stargan/Blond_Hair/img002585.jpg,6,Blond_Hair
img002686.jpg,star/stargan/Blond_Hair/img002686.jpg,6,Blond_Hair
img003385.jpg,star/stargan/Blond_Hair/img003385.jpg,6,Blond_Hair
img002254.jpg,star/stargan/Blond_Hair/img002254.jpg,6,Blond_Hair
img003932.jpg,star/stargan/Blond_Hair/img003932.jpg,6,Blond_Hair
img003510.jpg,star/stargan/Blond_Hair/img003510.jpg,6,Blond_Hair
img002395.jpg,star/stargan/Blond_Hair/img002395.jpg,6,Blond_Hair
img003181.jpg,star/stargan/Blond_Hair/img003181.jpg,6,Blond_Hair
img002735.jpg,star/stargan/Blond_Hair/img002735.jpg,6,Blond_Hair
img003463.jpg,star/stargan/Blond_Hair/img003463.jpg,6,Blond_Hair
img003491.jpg,star/stargan/Blond_Hair/img003491.jpg,6,Blond_Hair
img002310.jpg,star/stargan/Blond_Hair/img002310.jpg,6,Blond_Hair
img003503.jpg,star/stargan/Blond_Hair/img003503.jpg,6,Blond_Hair
img003567.jpg,star/stargan/Blond_Hair/img003567.jpg,6,Blond_Hair
img002100.jpg,star/stargan/Blond_Hair/img002100.jpg,6,Blond_Hair
img002738.jpg,star/stargan/Blond_Hair/img002738.jpg,6,Blond_Hair
img002927.jpg,star/stargan/Blond_Hair/img002927.jpg,6,Blond_Hair
img003377.jpg,star/stargan/Blond_Hair/img003377.jpg,6,Blond_Hair
img002661.jpg,star/stargan/Blond_Hair/img002661.jpg,6,Blond_Hair
img002790.jpg,star/stargan/Blond_Hair/img002790.jpg,6,Blond_Hair
img003380.jpg,star/stargan/Blond_Hair/img003380.jpg,6,Blond_Hair
img003350.jpg,star/stargan/Blond_Hair/img003350.jpg,6,Blond_Hair
img003446.jpg,star/stargan/Blond_Hair/img003446.jpg,6,Blond_Hair
img002766.jpg,star/stargan/Blond_Hair/img002766.jpg,6,Blond_Hair
img002225.jpg,star/stargan/Blond_Hair/img002225.jpg,6,Blond_Hair
img002190.jpg,star/stargan/Blond_Hair/img002190.jpg,6,Blond_Hair
img003848.jpg,star/stargan/Blond_Hair/img003848.jpg,6,Blond_Hair
img003180.jpg,star/stargan/Blond_Hair/img003180.jpg,6,Blond_Hair
img003541.jpg,star/stargan/Blond_Hair/img003541.jpg,6,Blond_Hair
img003151.jpg,star/stargan/Blond_Hair/img003151.jpg,6,Blond_Hair
img003417.jpg,star/stargan/Blond_Hair/img003417.jpg,6,Blond_Hair
img003092.jpg,star/stargan/Blond_Hair/img003092.jpg,6,Blond_Hair
img003159.jpg,star/stargan/Blond_Hair/img003159.jpg,6,Blond_Hair
img002645.jpg,star/stargan/Blond_Hair/img002645.jpg,6,Blond_Hair
img003870.jpg,star/stargan/Blond_Hair/img003870.jpg,6,Blond_Hair
img003805.jpg,star/stargan/Blond_Hair/img003805.jpg,6,Blond_Hair
img003110.jpg,star/stargan/Blond_Hair/img003110.jpg,6,Blond_Hair
img003171.jpg,star/stargan/Blond_Hair/img003171.jpg,6,Blond_Hair
img002628.jpg,star/stargan/Blond_Hair/img002628.jpg,6,Blond_Hair
img002922.jpg,star/stargan/Blond_Hair/img002922.jpg,6,Blond_Hair
img003158.jpg,star/stargan/Blond_Hair/img003158.jpg,6,Blond_Hair
img002973.jpg,star/stargan/Blond_Hair/img002973.jpg,6,Blond_Hair
img002062.jpg,star/stargan/Blond_Hair/img002062.jpg,6,Blond_Hair
img003246.jpg,star/stargan/Blond_Hair/img003246.jpg,6,Blond_Hair
img003054.jpg,star/stargan/Blond_Hair/img003054.jpg,6,Blond_Hair
img003856.jpg,star/stargan/Blond_Hair/img003856.jpg,6,Blond_Hair
img003731.jpg,star/stargan/Blond_Hair/img003731.jpg,6,Blond_Hair
img002449.jpg,star/stargan/Blond_Hair/img002449.jpg,6,Blond_Hair
img003724.jpg,star/stargan/Blond_Hair/img003724.jpg,6,Blond_Hair
img002716.jpg,star/stargan/Blond_Hair/img002716.jpg,6,Blond_Hair
img002003.jpg,star/stargan/Blond_Hair/img002003.jpg,6,Blond_Hair
img002657.jpg,star/stargan/Blond_Hair/img002657.jpg,6,Blond_Hair
img002710.jpg,star/stargan/Blond_Hair/img002710.jpg,6,Blond_Hair
img003972.jpg,star/stargan/Blond_Hair/img003972.jpg,6,Blond_Hair
img002071.jpg,star/stargan/Blond_Hair/img002071.jpg,6,Blond_Hair
img002332.jpg,star/stargan/Blond_Hair/img002332.jpg,6,Blond_Hair
img002966.jpg,star/stargan/Blond_Hair/img002966.jpg,6,Blond_Hair
img003202.jpg,star/stargan/Blond_Hair/img003202.jpg,6,Blond_Hair
img003454.jpg,star/stargan/Blond_Hair/img003454.jpg,6,Blond_Hair
img003822.jpg,star/stargan/Blond_Hair/img003822.jpg,6,Blond_Hair
img003423.jpg,star/stargan/Blond_Hair/img003423.jpg,6,Blond_Hair
img002602.jpg,star/stargan/Blond_Hair/img002602.jpg,6,Blond_Hair
img002513.jpg,star/stargan/Blond_Hair/img002513.jpg,6,Blond_Hair
img003565.jpg,star/stargan/Blond_Hair/img003565.jpg,6,Blond_Hair
img002814.jpg,star/stargan/Blond_Hair/img002814.jpg,6,Blond_Hair
img003660.jpg,star/stargan/Blond_Hair/img003660.jpg,6,Blond_Hair
img002256.jpg,star/stargan/Blond_Hair/img002256.jpg,6,Blond_Hair
img002715.jpg,star/stargan/Blond_Hair/img002715.jpg,6,Blond_Hair
img003322.jpg,star/stargan/Blond_Hair/img003322.jpg,6,Blond_Hair
img002226.jpg,star/stargan/Blond_Hair/img002226.jpg,6,Blond_Hair
img003030.jpg,star/stargan/Blond_Hair/img003030.jpg,6,Blond_Hair
img002231.jpg,star/stargan/Blond_Hair/img002231.jpg,6,Blond_Hair
img002705.jpg,star/stargan/Blond_Hair/img002705.jpg,6,Blond_Hair
img002810.jpg,star/stargan/Blond_Hair/img002810.jpg,6,Blond_Hair
img003037.jpg,star/stargan/Blond_Hair/img003037.jpg,6,Blond_Hair
img003409.jpg,star/stargan/Blond_Hair/img003409.jpg,6,Blond_Hair
img003562.jpg,star/stargan/Blond_Hair/img003562.jpg,6,Blond_Hair
img002151.jpg,star/stargan/Blond_Hair/img002151.jpg,6,Blond_Hair
img002032.jpg,star/stargan/Blond_Hair/img002032.jpg,6,Blond_Hair
img002160.jpg,star/stargan/Blond_Hair/img002160.jpg,6,Blond_Hair
img002384.jpg,star/stargan/Blond_Hair/img002384.jpg,6,Blond_Hair
img003044.jpg,star/stargan/Blond_Hair/img003044.jpg,6,Blond_Hair
img002052.jpg,star/stargan/Blond_Hair/img002052.jpg,6,Blond_Hair
img003135.jpg,star/stargan/Blond_Hair/img003135.jpg,6,Blond_Hair
img003336.jpg,star/stargan/Blond_Hair/img003336.jpg,6,Blond_Hair
img002478.jpg,star/stargan/Blond_Hair/img002478.jpg,6,Blond_Hair
img002300.jpg,star/stargan/Blond_Hair/img002300.jpg,6,Blond_Hair
img002244.jpg,star/stargan/Blond_Hair/img002244.jpg,6,Blond_Hair
img003904.jpg,star/stargan/Blond_Hair/img003904.jpg,6,Blond_Hair
img002951.jpg,star/stargan/Blond_Hair/img002951.jpg,6,Blond_Hair
img003652.jpg,star/stargan/Blond_Hair/img003652.jpg,6,Blond_Hair
img003170.jpg,star/stargan/Blond_Hair/img003170.jpg,6,Blond_Hair
img002629.jpg,star/stargan/Blond_Hair/img002629.jpg,6,Blond_Hair
img002424.jpg,star/stargan/Blond_Hair/img002424.jpg,6,Blond_Hair
img003057.jpg,star/stargan/Blond_Hair/img003057.jpg,6,Blond_Hair
img002879.jpg,star/stargan/Blond_Hair/img002879.jpg,6,Blond_Hair
img003395.jpg,star/stargan/Blond_Hair/img003395.jpg,6,Blond_Hair
img003464.jpg,star/stargan/Blond_Hair/img003464.jpg,6,Blond_Hair
img005606.jpg,star/stargan/Brown_Hair/img005606.jpg,6,Brown_Hair
img005787.jpg,star/stargan/Brown_Hair/img005787.jpg,6,Brown_Hair
img005346.jpg,star/stargan/Brown_Hair/img005346.jpg,6,Brown_Hair
img005299.jpg,star/stargan/Brown_Hair/img005299.jpg,6,Brown_Hair
img005838.jpg,star/stargan/Brown_Hair/img005838.jpg,6,Brown_Hair
img005526.jpg,star/stargan/Brown_Hair/img005526.jpg,6,Brown_Hair
img005723.jpg,star/stargan/Brown_Hair/img005723.jpg,6,Brown_Hair
img004774.jpg,star/stargan/Brown_Hair/img004774.jpg,6,Brown_Hair
img004195.jpg,star/stargan/Brown_Hair/img004195.jpg,6,Brown_Hair
img004462.jpg,star/stargan/Brown_Hair/img004462.jpg,6,Brown_Hair
img005806.jpg,star/stargan/Brown_Hair/img005806.jpg,6,Brown_Hair
img005994.jpg,star/stargan/Brown_Hair/img005994.jpg,6,Brown_Hair
img005775.jpg,star/stargan/Brown_Hair/img005775.jpg,6,Brown_Hair
img005067.jpg,star/stargan/Brown_Hair/img005067.jpg,6,Brown_Hair
img005407.jpg,star/stargan/Brown_Hair/img005407.jpg,6,Brown_Hair
img004906.jpg,star/stargan/Brown_Hair/img004906.jpg,6,Brown_Hair
img004237.jpg,star/stargan/Brown_Hair/img004237.jpg,6,Brown_Hair
img005471.jpg,star/stargan/Brown_Hair/img005471.jpg,6,Brown_Hair
img005305.jpg,star/stargan/Brown_Hair/img005305.jpg,6,Brown_Hair
img005306.jpg,star/stargan/Brown_Hair/img005306.jpg,6,Brown_Hair
img004572.jpg,star/stargan/Brown_Hair/img004572.jpg,6,Brown_Hair
img004760.jpg,star/stargan/Brown_Hair/img004760.jpg,6,Brown_Hair
img005655.jpg,star/stargan/Brown_Hair/img005655.jpg,6,Brown_Hair
img004394.jpg,star/stargan/Brown_Hair/img004394.jpg,6,Brown_Hair
img005361.jpg,star/stargan/Brown_Hair/img005361.jpg,6,Brown_Hair
img005481.jpg,star/stargan/Brown_Hair/img005481.jpg,6,Brown_Hair
img005927.jpg,star/stargan/Brown_Hair/img005927.jpg,6,Brown_Hair
img005603.jpg,star/stargan/Brown_Hair/img005603.jpg,6,Brown_Hair
img005176.jpg,star/stargan/Brown_Hair/img005176.jpg,6,Brown_Hair
img005040.jpg,star/stargan/Brown_Hair/img005040.jpg,6,Brown_Hair
img005960.jpg,star/stargan/Brown_Hair/img005960.jpg,6,Brown_Hair
img005332.jpg,star/stargan/Brown_Hair/img005332.jpg,6,Brown_Hair
img004963.jpg,star/stargan/Brown_Hair/img004963.jpg,6,Brown_Hair
img004425.jpg,star/stargan/Brown_Hair/img004425.jpg,6,Brown_Hair
img005083.jpg,star/stargan/Brown_Hair/img005083.jpg,6,Brown_Hair
img005060.jpg,star/stargan/Brown_Hair/img005060.jpg,6,Brown_Hair
img004946.jpg,star/stargan/Brown_Hair/img004946.jpg,6,Brown_Hair
img005946.jpg,star/stargan/Brown_Hair/img005946.jpg,6,Brown_Hair
img004616.jpg,star/stargan/Brown_Hair/img004616.jpg,6,Brown_Hair
img004353.jpg,star/stargan/Brown_Hair/img004353.jpg,6,Brown_Hair
img004262.jpg,star/stargan/Brown_Hair/img004262.jpg,6,Brown_Hair
img004510.jpg,star/stargan/Brown_Hair/img004510.jpg,6,Brown_Hair
img004364.jpg,star/stargan/Brown_Hair/img004364.jpg,6,Brown_Hair
img005442.jpg,star/stargan/Brown_Hair/img005442.jpg,6,Brown_Hair
img004508.jpg,star/stargan/Brown_Hair/img004508.jpg,6,Brown_Hair
img004620.jpg,star/stargan/Brown_Hair/img004620.jpg,6,Brown_Hair
img004424.jpg,star/stargan/Brown_Hair/img004424.jpg,6,Brown_Hair
img004157.jpg,star/stargan/Brown_Hair/img004157.jpg,6,Brown_Hair
img004883.jpg,star/stargan/Brown_Hair/img004883.jpg,6,Brown_Hair
img005508.jpg,star/stargan/Brown_Hair/img005508.jpg,6,Brown_Hair
img004057.jpg,star/stargan/Brown_Hair/img004057.jpg,6,Brown_Hair
img005558.jpg,star/stargan/Brown_Hair/img005558.jpg,6,Brown_Hair
img005699.jpg,star/stargan/Brown_Hair/img005699.jpg,6,Brown_Hair
img004290.jpg,star/stargan/Brown_Hair/img004290.jpg,6,Brown_Hair
img005665.jpg,star/stargan/Brown_Hair/img005665.jpg,6,Brown_Hair
img004260.jpg,star/stargan/Brown_Hair/img004260.jpg,6,Brown_Hair
img005989.jpg,star/stargan/Brown_Hair/img005989.jpg,6,Brown_Hair
img005588.jpg,star/stargan/Brown_Hair/img005588.jpg,6,Brown_Hair
img005908.jpg,star/stargan/Brown_Hair/img005908.jpg,6,Brown_Hair
img004282.jpg,star/stargan/Brown_Hair/img004282.jpg,6,Brown_Hair
img005217.jpg,star/stargan/Brown_Hair/img005217.jpg,6,Brown_Hair
img004106.jpg,star/stargan/Brown_Hair/img004106.jpg,6,Brown_Hair
img005936.jpg,star/stargan/Brown_Hair/img005936.jpg,6,Brown_Hair
img004607.jpg,star/stargan/Brown_Hair/img004607.jpg,6,Brown_Hair
img004737.jpg,star/stargan/Brown_Hair/img004737.jpg,6,Brown_Hair
img004692.jpg,star/stargan/Brown_Hair/img004692.jpg,6,Brown_Hair
img004623.jpg,star/stargan/Brown_Hair/img004623.jpg,6,Brown_Hair
img004164.jpg,star/stargan/Brown_Hair/img004164.jpg,6,Brown_Hair
img004438.jpg,star/stargan/Brown_Hair/img004438.jpg,6,Brown_Hair
img005905.jpg,star/stargan/Brown_Hair/img005905.jpg,6,Brown_Hair
img004475.jpg,star/stargan/Brown_Hair/img004475.jpg,6,Brown_Hair
img005683.jpg,star/stargan/Brown_Hair/img005683.jpg,6,Brown_Hair
img004758.jpg,star/stargan/Brown_Hair/img004758.jpg,6,Brown_Hair
img004717.jpg,star/stargan/Brown_Hair/img004717.jpg,6,Brown_Hair
img005661.jpg,star/stargan/Brown_Hair/img005661.jpg,6,Brown_Hair
img004875.jpg,star/stargan/Brown_Hair/img004875.jpg,6,Brown_Hair
img004012.jpg,star/stargan/Brown_Hair/img004012.jpg,6,Brown_Hair
img005223.jpg,star/stargan/Brown_Hair/img005223.jpg,6,Brown_Hair
img005119.jpg,star/stargan/Brown_Hair/img005119.jpg,6,Brown_Hair
img004089.jpg,star/stargan/Brown_Hair/img004089.jpg,6,Brown_Hair
img004448.jpg,star/stargan/Brown_Hair/img004448.jpg,6,Brown_Hair
img004166.jpg,star/stargan/Brown_Hair/img004166.jpg,6,Brown_Hair
img004457.jpg,star/stargan/Brown_Hair/img004457.jpg,6,Brown_Hair
img005023.jpg,star/stargan/Brown_Hair/img005023.jpg,6,Brown_Hair
img005720.jpg,star/stargan/Brown_Hair/img005720.jpg,6,Brown_Hair
img003999.jpg,star/stargan/Brown_Hair/img003999.jpg,6,Brown_Hair
img004213.jpg,star/stargan/Brown_Hair/img004213.jpg,6,Brown_Hair
img005897.jpg,star/stargan/Brown_Hair/img005897.jpg,6,Brown_Hair
img005189.jpg,star/stargan/Brown_Hair/img005189.jpg,6,Brown_Hair
img004343.jpg,star/stargan/Brown_Hair/img004343.jpg,6,Brown_Hair
img005750.jpg,star/stargan/Brown_Hair/img005750.jpg,6,Brown_Hair
img005388.jpg,star/stargan/Brown_Hair/img005388.jpg,6,Brown_Hair
img004391.jpg,star/stargan/Brown_Hair/img004391.jpg,6,Brown_Hair
img004170.jpg,star/stargan/Brown_Hair/img004170.jpg,6,Brown_Hair
img005621.jpg,star/stargan/Brown_Hair/img005621.jpg,6,Brown_Hair
img005464.jpg,star/stargan/Brown_Hair/img005464.jpg,6,Brown_Hair
img005885.jpg,star/stargan/Brown_Hair/img005885.jpg,6,Brown_Hair
img005963.jpg,star/stargan/Brown_Hair/img005963.jpg,6,Brown_Hair
img004426.jpg,star/stargan/Brown_Hair/img004426.jpg,6,Brown_Hair
img005858.jpg,star/stargan/Brown_Hair/img005858.jpg,6,Brown_Hair
img004978.jpg,star/stargan/Brown_Hair/img004978.jpg,6,Brown_Hair
img004571.jpg,star/stargan/Brown_Hair/img004571.jpg,6,Brown_Hair
img005955.jpg,star/stargan/Brown_Hair/img005955.jpg,6,Brown_Hair
img005886.jpg,star/stargan/Brown_Hair/img005886.jpg,6,Brown_Hair
img005213.jpg,star/stargan/Brown_Hair/img005213.jpg,6,Brown_Hair
img005290.jpg,star/stargan/Brown_Hair/img005290.jpg,6,Brown_Hair
img005506.jpg,star/stargan/Brown_Hair/img005506.jpg,6,Brown_Hair
img004266.jpg,star/stargan/Brown_Hair/img004266.jpg,6,Brown_Hair
img005192.jpg,star/stargan/Brown_Hair/img005192.jpg,6,Brown_Hair
img004476.jpg,star/stargan/Brown_Hair/img004476.jpg,6,Brown_Hair
img004786.jpg,star/stargan/Brown_Hair/img004786.jpg,6,Brown_Hair
img005829.jpg,star/stargan/Brown_Hair/img005829.jpg,6,Brown_Hair
img004833.jpg,star/stargan/Brown_Hair/img004833.jpg,6,Brown_Hair
img005518.jpg,star/stargan/Brown_Hair/img005518.jpg,6,Brown_Hair
img004366.jpg,star/stargan/Brown_Hair/img004366.jpg,6,Brown_Hair
img004228.jpg,star/stargan/Brown_Hair/img004228.jpg,6,Brown_Hair
img004622.jpg,star/stargan/Brown_Hair/img004622.jpg,6,Brown_Hair
img004124.jpg,star/stargan/Brown_Hair/img004124.jpg,6,Brown_Hair
img005658.jpg,star/stargan/Brown_Hair/img005658.jpg,6,Brown_Hair
img005628.jpg,star/stargan/Brown_Hair/img005628.jpg,6,Brown_Hair
img005907.jpg,star/stargan/Brown_Hair/img005907.jpg,6,Brown_Hair
img005237.jpg,star/stargan/Brown_Hair/img005237.jpg,6,Brown_Hair
img004155.jpg,star/stargan/Brown_Hair/img004155.jpg,6,Brown_Hair
img004700.jpg,star/stargan/Brown_Hair/img004700.jpg,6,Brown_Hair
img005047.jpg,star/stargan/Brown_Hair/img005047.jpg,6,Brown_Hair
img004207.jpg,star/stargan/Brown_Hair/img004207.jpg,6,Brown_Hair
img005807.jpg,star/stargan/Brown_Hair/img005807.jpg,6,Brown_Hair
img004884.jpg,star/stargan/Brown_Hair/img004884.jpg,6,Brown_Hair
img004186.jpg,star/stargan/Brown_Hair/img004186.jpg,6,Brown_Hair
img005962.jpg,star/stargan/Brown_Hair/img005962.jpg,6,Brown_Hair
img005959.jpg,star/stargan/Brown_Hair/img005959.jpg,6,Brown_Hair
img004051.jpg,star/stargan/Brown_Hair/img004051.jpg,6,Brown_Hair
img004293.jpg,star/stargan/Brown_Hair/img004293.jpg,6,Brown_Hair
img005391.jpg,star/stargan/Brown_Hair/img005391.jpg,6,Brown_Hair
img005563.jpg,star/stargan/Brown_Hair/img005563.jpg,6,Brown_Hair
img005731.jpg,star/stargan/Brown_Hair/img005731.jpg,6,Brown_Hair
img005868.jpg,star/stargan/Brown_Hair/img005868.jpg,6,Brown_Hair
img004617.jpg,star/stargan/Brown_Hair/img004617.jpg,6,Brown_Hair
img004549.jpg,star/stargan/Brown_Hair/img004549.jpg,6,Brown_Hair
img004683.jpg,star/stargan/Brown_Hair/img004683.jpg,6,Brown_Hair
img004490.jpg,star/stargan/Brown_Hair/img004490.jpg,6,Brown_Hair
img005703.jpg,star/stargan/Brown_Hair/img005703.jpg,6,Brown_Hair
img005835.jpg,star/stargan/Brown_Hair/img005835.jpg,6,Brown_Hair
img004149.jpg,star/stargan/Brown_Hair/img004149.jpg,6,Brown_Hair
img004261.jpg,star/stargan/Brown_Hair/img004261.jpg,6,Brown_Hair
img004479.jpg,star/stargan/Brown_Hair/img004479.jpg,6,Brown_Hair
img005387.jpg,star/stargan/Brown_Hair/img005387.jpg,6,Brown_Hair
img005809.jpg,star/stargan/Brown_Hair/img005809.jpg,6,Brown_Hair
img005716.jpg,star/stargan/Brown_Hair/img005716.jpg,6,Brown_Hair
img005632.jpg,star/stargan/Brown_Hair/img005632.jpg,6,Brown_Hair
img005553.jpg,star/stargan/Brown_Hair/img005553.jpg,6,Brown_Hair
img004541.jpg,star/stargan/Brown_Hair/img004541.jpg,6,Brown_Hair
img005944.jpg,star/stargan/Brown_Hair/img005944.jpg,6,Brown_Hair
img004092.jpg,star/stargan/Brown_Hair/img004092.jpg,6,Brown_Hair
img005779.jpg,star/stargan/Brown_Hair/img005779.jpg,6,Brown_Hair
img004398.jpg,star/stargan/Brown_Hair/img004398.jpg,6,Brown_Hair
img004991.jpg,star/stargan/Brown_Hair/img004991.jpg,6,Brown_Hair
img005500.jpg,star/stargan/Brown_Hair/img005500.jpg,6,Brown_Hair
img005042.jpg,star/stargan/Brown_Hair/img005042.jpg,6,Brown_Hair
img004118.jpg,star/stargan/Brown_Hair/img004118.jpg,6,Brown_Hair
img005914.jpg,star/stargan/Brown_Hair/img005914.jpg,6,Brown_Hair
img005738.jpg,star/stargan/Brown_Hair/img005738.jpg,6,Brown_Hair
img005702.jpg,star/stargan/Brown_Hair/img005702.jpg,6,Brown_Hair
img004251.jpg,star/stargan/Brown_Hair/img004251.jpg,6,Brown_Hair
img004052.jpg,star/stargan/Brown_Hair/img004052.jpg,6,Brown_Hair
img005485.jpg,star/stargan/Brown_Hair/img005485.jpg,6,Brown_Hair
img005007.jpg,star/stargan/Brown_Hair/img005007.jpg,6,Brown_Hair
img004247.jpg,star/stargan/Brown_Hair/img004247.jpg,6,Brown_Hair
img005559.jpg,star/stargan/Brown_Hair/img005559.jpg,6,Brown_Hair
img004613.jpg,star/stargan/Brown_Hair/img004613.jpg,6,Brown_Hair
img004759.jpg,star/stargan/Brown_Hair/img004759.jpg,6,Brown_Hair
img005308.jpg,star/stargan/Brown_Hair/img005308.jpg,6,Brown_Hair
img005455.jpg,star/stargan/Brown_Hair/img005455.jpg,6,Brown_Hair
img004844.jpg,star/stargan/Brown_Hair/img004844.jpg,6,Brown_Hair
img005390.jpg,star/stargan/Brown_Hair/img005390.jpg,6,Brown_Hair
img005323.jpg,star/stargan/Brown_Hair/img005323.jpg,6,Brown_Hair
img005421.jpg,star/stargan/Brown_Hair/img005421.jpg,6,Brown_Hair
img005929.jpg,star/stargan/Brown_Hair/img005929.jpg,6,Brown_Hair
img005469.jpg,star/stargan/Brown_Hair/img005469.jpg,6,Brown_Hair
img004610.jpg,star/stargan/Brown_Hair/img004610.jpg,6,Brown_Hair
img004614.jpg,star/stargan/Brown_Hair/img004614.jpg,6,Brown_Hair
img004916.jpg,star/stargan/Brown_Hair/img004916.jpg,6,Brown_Hair
img005470.jpg,star/stargan/Brown_Hair/img005470.jpg,6,Brown_Hair
img005837.jpg,star/stargan/Brown_Hair/img005837.jpg,6,Brown_Hair
img004611.jpg,star/stargan/Brown_Hair/img004611.jpg,6,Brown_Hair
img005329.jpg,star/stargan/Brown_Hair/img005329.jpg,6,Brown_Hair
img004773.jpg,star/stargan/Brown_Hair/img004773.jpg,6,Brown_Hair
img005451.jpg,star/stargan/Brown_Hair/img005451.jpg,6,Brown_Hair
img005694.jpg,star/stargan/Brown_Hair/img005694.jpg,6,Brown_Hair
img004066.jpg,star/stargan/Brown_Hair/img004066.jpg,6,Brown_Hair
img004257.jpg,star/stargan/Brown_Hair/img004257.jpg,6,Brown_Hair
img004681.jpg,star/stargan/Brown_Hair/img004681.jpg,6,Brown_Hair
img005663.jpg,star/stargan/Brown_Hair/img005663.jpg,6,Brown_Hair
img004654.jpg,star/stargan/Brown_Hair/img004654.jpg,6,Brown_Hair
img004385.jpg,star/stargan/Brown_Hair/img004385.jpg,6,Brown_Hair
img005939.jpg,star/stargan/Brown_Hair/img005939.jpg,6,Brown_Hair
img005983.jpg,star/stargan/Brown_Hair/img005983.jpg,6,Brown_Hair
img005785.jpg,star/stargan/Brown_Hair/img005785.jpg,6,Brown_Hair
img004871.jpg,star/stargan/Brown_Hair/img004871.jpg,6,Brown_Hair
img005257.jpg,star/stargan/Brown_Hair/img005257.jpg,6,Brown_Hair
img005402.jpg,star/stargan/Brown_Hair/img005402.jpg,6,Brown_Hair
img004601.jpg,star/stargan/Brown_Hair/img004601.jpg,6,Brown_Hair
img004136.jpg,star/stargan/Brown_Hair/img004136.jpg,6,Brown_Hair
img005327.jpg,star/stargan/Brown_Hair/img005327.jpg,6,Brown_Hair
img004876.jpg,star/stargan/Brown_Hair/img004876.jpg,6,Brown_Hair
img005569.jpg,star/stargan/Brown_Hair/img005569.jpg,6,Brown_Hair
img005823.jpg,star/stargan/Brown_Hair/img005823.jpg,6,Brown_Hair
img004678.jpg,star/stargan/Brown_Hair/img004678.jpg,6,Brown_Hair
img004276.jpg,star/stargan/Brown_Hair/img004276.jpg,6,Brown_Hair
img004252.jpg,star/stargan/Brown_Hair/img004252.jpg,6,Brown_Hair
img004718.jpg,star/stargan/Brown_Hair/img004718.jpg,6,Brown_Hair
img004212.jpg,star/stargan/Brown_Hair/img004212.jpg,6,Brown_Hair
img005713.jpg,star/stargan/Brown_Hair/img005713.jpg,6,Brown_Hair
img005269.jpg,star/stargan/Brown_Hair/img005269.jpg,6,Brown_Hair
img004564.jpg,star/stargan/Brown_Hair/img004564.jpg,6,Brown_Hair
img005888.jpg,star/stargan/Brown_Hair/img005888.jpg,6,Brown_Hair
img005893.jpg,star/stargan/Brown_Hair/img005893.jpg,6,Brown_Hair
img004299.jpg,star/stargan/Brown_Hair/img004299.jpg,6,Brown_Hair
img004828.jpg,star/stargan/Brown_Hair/img004828.jpg,6,Brown_Hair
img004776.jpg,star/stargan/Brown_Hair/img004776.jpg,6,Brown_Hair
img005404.jpg,star/stargan/Brown_Hair/img005404.jpg,6,Brown_Hair
img004979.jpg,star/stargan/Brown_Hair/img004979.jpg,6,Brown_Hair
img005947.jpg,star/stargan/Brown_Hair/img005947.jpg,6,Brown_Hair
img004082.jpg,star/stargan/Brown_Hair/img004082.jpg,6,Brown_Hair
img005477.jpg,star/stargan/Brown_Hair/img005477.jpg,6,Brown_Hair
img004778.jpg,star/stargan/Brown_Hair/img004778.jpg,6,Brown_Hair
img005820.jpg,star/stargan/Brown_Hair/img005820.jpg,6,Brown_Hair
img005737.jpg,star/stargan/Brown_Hair/img005737.jpg,6,Brown_Hair
img004854.jpg,star/stargan/Brown_Hair/img004854.jpg,6,Brown_Hair
img005141.jpg,star/stargan/Brown_Hair/img005141.jpg,6,Brown_Hair
img005044.jpg,star/stargan/Brown_Hair/img005044.jpg,6,Brown_Hair
img005505.jpg,star/stargan/Brown_Hair/img005505.jpg,6,Brown_Hair
img004754.jpg,star/stargan/Brown_Hair/img004754.jpg,6,Brown_Hair
img005279.jpg,star/stargan/Brown_Hair/img005279.jpg,6,Brown_Hair
img004250.jpg,star/stargan/Brown_Hair/img004250.jpg,6,Brown_Hair
img004868.jpg,star/stargan/Brown_Hair/img004868.jpg,6,Brown_Hair
img005813.jpg,star/stargan/Brown_Hair/img005813.jpg,6,Brown_Hair
img004964.jpg,star/stargan/Brown_Hair/img004964.jpg,6,Brown_Hair
img004131.jpg,star/stargan/Brown_Hair/img004131.jpg,6,Brown_Hair
img004184.jpg,star/stargan/Brown_Hair/img004184.jpg,6,Brown_Hair
img005756.jpg,star/stargan/Brown_Hair/img005756.jpg,6,Brown_Hair
img004148.jpg,star/stargan/Brown_Hair/img004148.jpg,6,Brown_Hair
img004642.jpg,star/stargan/Brown_Hair/img004642.jpg,6,Brown_Hair
img004044.jpg,star/stargan/Brown_Hair/img004044.jpg,6,Brown_Hair
img004024.jpg,star/stargan/Brown_Hair/img004024.jpg,6,Brown_Hair
img004636.jpg,star/stargan/Brown_Hair/img004636.jpg,6,Brown_Hair
img005433.jpg,star/stargan/Brown_Hair/img005433.jpg,6,Brown_Hair
img004593.jpg,star/stargan/Brown_Hair/img004593.jpg,6,Brown_Hair
img004488.jpg,star/stargan/Brown_Hair/img004488.jpg,6,Brown_Hair
img005612.jpg,star/stargan/Brown_Hair/img005612.jpg,6,Brown_Hair
img004666.jpg,star/stargan/Brown_Hair/img004666.jpg,6,Brown_Hair
img005112.jpg,star/stargan/Brown_Hair/img005112.jpg,6,Brown_Hair
img005068.jpg,star/stargan/Brown_Hair/img005068.jpg,6,Brown_Hair
img004741.jpg,star/stargan/Brown_Hair/img004741.jpg,6,Brown_Hair
img004229.jpg,star/stargan/Brown_Hair/img004229.jpg,6,Brown_Hair
img005982.jpg,star/stargan/Brown_Hair/img005982.jpg,6,Brown_Hair
img004349.jpg,star/stargan/Brown_Hair/img004349.jpg,6,Brown_Hair
img005324.jpg,star/stargan/Brown_Hair/img005324.jpg,6,Brown_Hair
img005170.jpg,star/stargan/Brown_Hair/img005170.jpg,6,Brown_Hair
img004350.jpg,star/stargan/Brown_Hair/img004350.jpg,6,Brown_Hair
img004592.jpg,star/stargan/Brown_Hair/img004592.jpg,6,Brown_Hair
img004767.jpg,star/stargan/Brown_Hair/img004767.jpg,6,Brown_Hair
img004702.jpg,star/stargan/Brown_Hair/img004702.jpg,6,Brown_Hair
img004667.jpg,star/stargan/Brown_Hair/img004667.jpg,6,Brown_Hair
img005490.jpg,star/stargan/Brown_Hair/img005490.jpg,6,Brown_Hair
img005687.jpg,star/stargan/Brown_Hair/img005687.jpg,6,Brown_Hair
img004431.jpg,star/stargan/Brown_Hair/img004431.jpg,6,Brown_Hair
img005214.jpg,star/stargan/Brown_Hair/img005214.jpg,6,Brown_Hair
img004788.jpg,star/stargan/Brown_Hair/img004788.jpg,6,Brown_Hair
img005059.jpg,star/stargan/Brown_Hair/img005059.jpg,6,Brown_Hair
img004230.jpg,star/stargan/Brown_Hair/img004230.jpg,6,Brown_Hair
img004677.jpg,star/stargan/Brown_Hair/img004677.jpg,6,Brown_Hair
img005784.jpg,star/stargan/Brown_Hair/img005784.jpg,6,Brown_Hair
img005954.jpg,star/stargan/Brown_Hair/img005954.jpg,6,Brown_Hair
img004873.jpg,star/stargan/Brown_Hair/img004873.jpg,6,Brown_Hair
img005863.jpg,star/stargan/Brown_Hair/img005863.jpg,6,Brown_Hair
img005352.jpg,star/stargan/Brown_Hair/img005352.jpg,6,Brown_Hair
img004540.jpg,star/stargan/Brown_Hair/img004540.jpg,6,Brown_Hair
img005525.jpg,star/stargan/Brown_Hair/img005525.jpg,6,Brown_Hair
img004878.jpg,star/stargan/Brown_Hair/img004878.jpg,6,Brown_Hair
img004421.jpg,star/stargan/Brown_Hair/img004421.jpg,6,Brown_Hair
img005135.jpg,star/stargan/Brown_Hair/img005135.jpg,6,Brown_Hair
img004746.jpg,star/stargan/Brown_Hair/img004746.jpg,6,Brown_Hair
img004641.jpg,star/stargan/Brown_Hair/img004641.jpg,6,Brown_Hair
img004895.jpg,star/stargan/Brown_Hair/img004895.jpg,6,Brown_Hair
img005749.jpg,star/stargan/Brown_Hair/img005749.jpg,6,Brown_Hair
img005934.jpg,star/stargan/Brown_Hair/img005934.jpg,6,Brown_Hair
img004891.jpg,star/stargan/Brown_Hair/img004891.jpg,6,Brown_Hair
img005359.jpg,star/stargan/Brown_Hair/img005359.jpg,6,Brown_Hair
img004411.jpg,star/stargan/Brown_Hair/img004411.jpg,6,Brown_Hair
img004543.jpg,star/stargan/Brown_Hair/img004543.jpg,6,Brown_Hair
img005794.jpg,star/stargan/Brown_Hair/img005794.jpg,6,Brown_Hair
img005879.jpg,star/stargan/Brown_Hair/img005879.jpg,6,Brown_Hair
img004289.jpg,star/stargan/Brown_Hair/img004289.jpg,6,Brown_Hair
img005638.jpg,star/stargan/Brown_Hair/img005638.jpg,6,Brown_Hair
img004017.jpg,star/stargan/Brown_Hair/img004017.jpg,6,Brown_Hair
img004643.jpg,star/stargan/Brown_Hair/img004643.jpg,6,Brown_Hair
img005371.jpg,star/stargan/Brown_Hair/img005371.jpg,6,Brown_Hair
img004340.jpg,star/stargan/Brown_Hair/img004340.jpg,6,Brown_Hair
img004369.jpg,star/stargan/Brown_Hair/img004369.jpg,6,Brown_Hair
img004947.jpg,star/stargan/Brown_Hair/img004947.jpg,6,Brown_Hair
img004674.jpg,star/stargan/Brown_Hair/img004674.jpg,6,Brown_Hair
img005644.jpg,star/stargan/Brown_Hair/img005644.jpg,6,Brown_Hair
img005025.jpg,star/stargan/Brown_Hair/img005025.jpg,6,Brown_Hair
img004809.jpg,star/stargan/Brown_Hair/img004809.jpg,6,Brown_Hair
img004660.jpg,star/stargan/Brown_Hair/img004660.jpg,6,Brown_Hair
img005238.jpg,star/stargan/Brown_Hair/img005238.jpg,6,Brown_Hair
img004621.jpg,star/stargan/Brown_Hair/img004621.jpg,6,Brown_Hair
img005830.jpg,star/stargan/Brown_Hair/img005830.jpg,6,Brown_Hair
img005036.jpg,star/stargan/Brown_Hair/img005036.jpg,6,Brown_Hair
img005311.jpg,star/stargan/Brown_Hair/img005311.jpg,6,Brown_Hair
img004532.jpg,star/stargan/Brown_Hair/img004532.jpg,6,Brown_Hair
img005128.jpg,star/stargan/Brown_Hair/img005128.jpg,6,Brown_Hair
img005199.jpg,star/stargan/Brown_Hair/img005199.jpg,6,Brown_Hair
img005654.jpg,star/stargan/Brown_Hair/img005654.jpg,6,Brown_Hair
img004922.jpg,star/stargan/Brown_Hair/img004922.jpg,6,Brown_Hair
img005984.jpg,star/stargan/Brown_Hair/img005984.jpg,6,Brown_Hair
img004038.jpg,star/stargan/Brown_Hair/img004038.jpg,6,Brown_Hair
img005028.jpg,star/stargan/Brown_Hair/img005028.jpg,6,Brown_Hair
img005869.jpg,star/stargan/Brown_Hair/img005869.jpg,6,Brown_Hair
img004085.jpg,star/stargan/Brown_Hair/img004085.jpg,6,Brown_Hair
img004931.jpg,star/stargan/Brown_Hair/img004931.jpg,6,Brown_Hair
img004993.jpg,star/stargan/Brown_Hair/img004993.jpg,6,Brown_Hair
img004505.jpg,star/stargan/Brown_Hair/img004505.jpg,6,Brown_Hair
img005678.jpg,star/stargan/Brown_Hair/img005678.jpg,6,Brown_Hair
img005836.jpg,star/stargan/Brown_Hair/img005836.jpg,6,Brown_Hair
img004806.jpg,star/stargan/Brown_Hair/img004806.jpg,6,Brown_Hair
img004147.jpg,star/stargan/Brown_Hair/img004147.jpg,6,Brown_Hair
img005162.jpg,star/stargan/Brown_Hair/img005162.jpg,6,Brown_Hair
img004049.jpg,star/stargan/Brown_Hair/img004049.jpg,6,Brown_Hair
img005856.jpg,star/stargan/Brown_Hair/img005856.jpg,6,Brown_Hair
img004480.jpg,star/stargan/Brown_Hair/img004480.jpg,6,Brown_Hair
img004650.jpg,star/stargan/Brown_Hair/img004650.jpg,6,Brown_Hair
img005883.jpg,star/stargan/Brown_Hair/img005883.jpg,6,Brown_Hair
img005899.jpg,star/stargan/Brown_Hair/img005899.jpg,6,Brown_Hair
img005800.jpg,star/stargan/Brown_Hair/img005800.jpg,6,Brown_Hair
img004707.jpg,star/stargan/Brown_Hair/img004707.jpg,6,Brown_Hair
img004791.jpg,star/stargan/Brown_Hair/img004791.jpg,6,Brown_Hair
img005791.jpg,star/stargan/Brown_Hair/img005791.jpg,6,Brown_Hair
img005706.jpg,star/stargan/Brown_Hair/img005706.jpg,6,Brown_Hair
img004579.jpg,star/stargan/Brown_Hair/img004579.jpg,6,Brown_Hair
img004848.jpg,star/stargan/Brown_Hair/img004848.jpg,6,Brown_Hair
img004160.jpg,star/stargan/Brown_Hair/img004160.jpg,6,Brown_Hair
img005196.jpg,star/stargan/Brown_Hair/img005196.jpg,6,Brown_Hair
img005543.jpg,star/stargan/Brown_Hair/img005543.jpg,6,Brown_Hair
img005239.jpg,star/stargan/Brown_Hair/img005239.jpg,6,Brown_Hair
img004813.jpg,star/stargan/Brown_Hair/img004813.jpg,6,Brown_Hair
img005818.jpg,star/stargan/Brown_Hair/img005818.jpg,6,Brown_Hair
img004703.jpg,star/stargan/Brown_Hair/img004703.jpg,6,Brown_Hair
img004927.jpg,star/stargan/Brown_Hair/img004927.jpg,6,Brown_Hair
img004822.jpg,star/stargan/Brown_Hair/img004822.jpg,6,Brown_Hair
img005657.jpg,star/stargan/Brown_Hair/img005657.jpg,6,Brown_Hair
img005904.jpg,star/stargan/Brown_Hair/img005904.jpg,6,Brown_Hair
img005816.jpg,star/stargan/Brown_Hair/img005816.jpg,6,Brown_Hair
img004386.jpg,star/stargan/Brown_Hair/img004386.jpg,6,Brown_Hair
img004699.jpg,star/stargan/Brown_Hair/img004699.jpg,6,Brown_Hair
img005659.jpg,star/stargan/Brown_Hair/img005659.jpg,6,Brown_Hair
img005398.jpg,star/stargan/Brown_Hair/img005398.jpg,6,Brown_Hair
img005755.jpg,star/stargan/Brown_Hair/img005755.jpg,6,Brown_Hair
img004829.jpg,star/stargan/Brown_Hair/img004829.jpg,6,Brown_Hair
img004022.jpg,star/stargan/Brown_Hair/img004022.jpg,6,Brown_Hair
img005925.jpg,star/stargan/Brown_Hair/img005925.jpg,6,Brown_Hair
img004904.jpg,star/stargan/Brown_Hair/img004904.jpg,6,Brown_Hair
img004485.jpg,star/stargan/Brown_Hair/img004485.jpg,6,Brown_Hair
img005622.jpg,star/stargan/Brown_Hair/img005622.jpg,6,Brown_Hair
img004380.jpg,star/stargan/Brown_Hair/img004380.jpg,6,Brown_Hair
img004801.jpg,star/stargan/Brown_Hair/img004801.jpg,6,Brown_Hair
img005552.jpg,star/stargan/Brown_Hair/img005552.jpg,6,Brown_Hair
img004899.jpg,star/stargan/Brown_Hair/img004899.jpg,6,Brown_Hair
img005417.jpg,star/stargan/Brown_Hair/img005417.jpg,6,Brown_Hair
img005501.jpg,star/stargan/Brown_Hair/img005501.jpg,6,Brown_Hair
img005134.jpg,star/stargan/Brown_Hair/img005134.jpg,6,Brown_Hair
img005454.jpg,star/stargan/Brown_Hair/img005454.jpg,6,Brown_Hair
img005729.jpg,star/stargan/Brown_Hair/img005729.jpg,6,Brown_Hair
img005495.jpg,star/stargan/Brown_Hair/img005495.jpg,6,Brown_Hair
img005555.jpg,star/stargan/Brown_Hair/img005555.jpg,6,Brown_Hair
img004901.jpg,star/stargan/Brown_Hair/img004901.jpg,6,Brown_Hair
img005185.jpg,star/stargan/Brown_Hair/img005185.jpg,6,Brown_Hair
img004277.jpg,star/stargan/Brown_Hair/img004277.jpg,6,Brown_Hair
img005466.jpg,star/stargan/Brown_Hair/img005466.jpg,6,Brown_Hair
img004631.jpg,star/stargan/Brown_Hair/img004631.jpg,6,Brown_Hair
img005499.jpg,star/stargan/Brown_Hair/img005499.jpg,6,Brown_Hair
img005182.jpg,star/stargan/Brown_Hair/img005182.jpg,6,Brown_Hair
img004628.jpg,star/stargan/Brown_Hair/img004628.jpg,6,Brown_Hair
img004740.jpg,star/stargan/Brown_Hair/img004740.jpg,6,Brown_Hair
img005360.jpg,star/stargan/Brown_Hair/img005360.jpg,6,Brown_Hair
img005900.jpg,star/stargan/Brown_Hair/img005900.jpg,6,Brown_Hair
img004094.jpg,star/stargan/Brown_Hair/img004094.jpg,6,Brown_Hair
img005351.jpg,star/stargan/Brown_Hair/img005351.jpg,6,Brown_Hair
img005242.jpg,star/stargan/Brown_Hair/img005242.jpg,6,Brown_Hair
img004866.jpg,star/stargan/Brown_Hair/img004866.jpg,6,Brown_Hair
img005450.jpg,star/stargan/Brown_Hair/img005450.jpg,6,Brown_Hair
img004323.jpg,star/stargan/Brown_Hair/img004323.jpg,6,Brown_Hair
img004264.jpg,star/stargan/Brown_Hair/img004264.jpg,6,Brown_Hair
img005510.jpg,star/stargan/Brown_Hair/img005510.jpg,6,Brown_Hair
img005961.jpg,star/stargan/Brown_Hair/img005961.jpg,6,Brown_Hair
img005778.jpg,star/stargan/Brown_Hair/img005778.jpg,6,Brown_Hair
img004965.jpg,star/stargan/Brown_Hair/img004965.jpg,6,Brown_Hair
img005343.jpg,star/stargan/Brown_Hair/img005343.jpg,6,Brown_Hair
img005582.jpg,star/stargan/Brown_Hair/img005582.jpg,6,Brown_Hair
img005144.jpg,star/stargan/Brown_Hair/img005144.jpg,6,Brown_Hair
img005861.jpg,star/stargan/Brown_Hair/img005861.jpg,6,Brown_Hair
img004326.jpg,star/stargan/Brown_Hair/img004326.jpg,6,Brown_Hair
img005459.jpg,star/stargan/Brown_Hair/img005459.jpg,6,Brown_Hair
img004358.jpg,star/stargan/Brown_Hair/img004358.jpg,6,Brown_Hair
img004287.jpg,star/stargan/Brown_Hair/img004287.jpg,6,Brown_Hair
img005529.jpg,star/stargan/Brown_Hair/img005529.jpg,6,Brown_Hair
img004283.jpg,star/stargan/Brown_Hair/img004283.jpg,6,Brown_Hair
img004896.jpg,star/stargan/Brown_Hair/img004896.jpg,6,Brown_Hair
img005540.jpg,star/stargan/Brown_Hair/img005540.jpg,6,Brown_Hair
img005370.jpg,star/stargan/Brown_Hair/img005370.jpg,6,Brown_Hair
img004859.jpg,star/stargan/Brown_Hair/img004859.jpg,6,Brown_Hair
img004935.jpg,star/stargan/Brown_Hair/img004935.jpg,6,Brown_Hair
img005909.jpg,star/stargan/Brown_Hair/img005909.jpg,6,Brown_Hair
img004691.jpg,star/stargan/Brown_Hair/img004691.jpg,6,Brown_Hair
img004145.jpg,star/stargan/Brown_Hair/img004145.jpg,6,Brown_Hair
img004412.jpg,star/stargan/Brown_Hair/img004412.jpg,6,Brown_Hair
img005414.jpg,star/stargan/Brown_Hair/img005414.jpg,6,Brown_Hair
img004598.jpg,star/stargan/Brown_Hair/img004598.jpg,6,Brown_Hair
img005824.jpg,star/stargan/Brown_Hair/img005824.jpg,6,Brown_Hair
img005619.jpg,star/stargan/Brown_Hair/img005619.jpg,6,Brown_Hair
img004183.jpg,star/stargan/Brown_Hair/img004183.jpg,6,Brown_Hair
img005325.jpg,star/stargan/Brown_Hair/img005325.jpg,6,Brown_Hair
img005964.jpg,star/stargan/Brown_Hair/img005964.jpg,6,Brown_Hair
img005817.jpg,star/stargan/Brown_Hair/img005817.jpg,6,Brown_Hair
img004489.jpg,star/stargan/Brown_Hair/img004489.jpg,6,Brown_Hair
img005745.jpg,star/stargan/Brown_Hair/img005745.jpg,6,Brown_Hair
img004219.jpg,star/stargan/Brown_Hair/img004219.jpg,6,Brown_Hair
img005734.jpg,star/stargan/Brown_Hair/img005734.jpg,6,Brown_Hair
img004872.jpg,star/stargan/Brown_Hair/img004872.jpg,6,Brown_Hair
img004414.jpg,star/stargan/Brown_Hair/img004414.jpg,6,Brown_Hair
img005489.jpg,star/stargan/Brown_Hair/img005489.jpg,6,Brown_Hair
img004649.jpg,star/stargan/Brown_Hair/img004649.jpg,6,Brown_Hair
img004794.jpg,star/stargan/Brown_Hair/img004794.jpg,6,Brown_Hair
img005581.jpg,star/stargan/Brown_Hair/img005581.jpg,6,Brown_Hair
img004585.jpg,star/stargan/Brown_Hair/img004585.jpg,6,Brown_Hair
img004370.jpg,star/stargan/Brown_Hair/img004370.jpg,6,Brown_Hair
img004955.jpg,star/stargan/Brown_Hair/img004955.jpg,6,Brown_Hair
img004710.jpg,star/stargan/Brown_Hair/img004710.jpg,6,Brown_Hair
img005452.jpg,star/stargan/Brown_Hair/img005452.jpg,6,Brown_Hair
img004864.jpg,star/stargan/Brown_Hair/img004864.jpg,6,Brown_Hair
img004023.jpg,star/stargan/Brown_Hair/img004023.jpg,6,Brown_Hair
img004578.jpg,star/stargan/Brown_Hair/img004578.jpg,6,Brown_Hair
img004668.jpg,star/stargan/Brown_Hair/img004668.jpg,6,Brown_Hair
img005754.jpg,star/stargan/Brown_Hair/img005754.jpg,6,Brown_Hair
img004109.jpg,star/stargan/Brown_Hair/img004109.jpg,6,Brown_Hair
img005043.jpg,star/stargan/Brown_Hair/img005043.jpg,6,Brown_Hair
img004537.jpg,star/stargan/Brown_Hair/img004537.jpg,6,Brown_Hair
img005493.jpg,star/stargan/Brown_Hair/img005493.jpg,6,Brown_Hair
img005975.jpg,star/stargan/Brown_Hair/img005975.jpg,6,Brown_Hair
img004663.jpg,star/stargan/Brown_Hair/img004663.jpg,6,Brown_Hair
img004199.jpg,star/stargan/Brown_Hair/img004199.jpg,6,Brown_Hair
img005064.jpg,star/stargan/Brown_Hair/img005064.jpg,6,Brown_Hair
img004238.jpg,star/stargan/Brown_Hair/img004238.jpg,6,Brown_Hair
img004982.jpg,star/stargan/Brown_Hair/img004982.jpg,6,Brown_Hair
img005795.jpg,star/stargan/Brown_Hair/img005795.jpg,6,Brown_Hair
img005210.jpg,star/stargan/Brown_Hair/img005210.jpg,6,Brown_Hair
img005918.jpg,star/stargan/Brown_Hair/img005918.jpg,6,Brown_Hair
img005149.jpg,star/stargan/Brown_Hair/img005149.jpg,6,Brown_Hair
img005098.jpg,star/stargan/Brown_Hair/img005098.jpg,6,Brown_Hair
img004842.jpg,star/stargan/Brown_Hair/img004842.jpg,6,Brown_Hair
img005114.jpg,star/stargan/Brown_Hair/img005114.jpg,6,Brown_Hair
img005376.jpg,star/stargan/Brown_Hair/img005376.jpg,6,Brown_Hair
img005265.jpg,star/stargan/Brown_Hair/img005265.jpg,6,Brown_Hair
img004430.jpg,star/stargan/Brown_Hair/img004430.jpg,6,Brown_Hair
img005842.jpg,star/stargan/Brown_Hair/img005842.jpg,6,Brown_Hair
img005651.jpg,star/stargan/Brown_Hair/img005651.jpg,6,Brown_Hair
img004172.jpg,star/stargan/Brown_Hair/img004172.jpg,6,Brown_Hair
img005712.jpg,star/stargan/Brown_Hair/img005712.jpg,6,Brown_Hair
img005463.jpg,star/stargan/Brown_Hair/img005463.jpg,6,Brown_Hair
img004757.jpg,star/stargan/Brown_Hair/img004757.jpg,6,Brown_Hair
img004244.jpg,star/stargan/Brown_Hair/img004244.jpg,6,Brown_Hair
img004079.jpg,star/stargan/Brown_Hair/img004079.jpg,6,Brown_Hair
img005666.jpg,star/stargan/Brown_Hair/img005666.jpg,6,Brown_Hair
img004294.jpg,star/stargan/Brown_Hair/img004294.jpg,6,Brown_Hair
img005595.jpg,star/stargan/Brown_Hair/img005595.jpg,6,Brown_Hair
img004009.jpg,star/stargan/Brown_Hair/img004009.jpg,6,Brown_Hair
img005334.jpg,star/stargan/Brown_Hair/img005334.jpg,6,Brown_Hair
img005831.jpg,star/stargan/Brown_Hair/img005831.jpg,6,Brown_Hair
img004209.jpg,star/stargan/Brown_Hair/img004209.jpg,6,Brown_Hair
img004306.jpg,star/stargan/Brown_Hair/img004306.jpg,6,Brown_Hair
img004154.jpg,star/stargan/Brown_Hair/img004154.jpg,6,Brown_Hair
img005953.jpg,star/stargan/Brown_Hair/img005953.jpg,6,Brown_Hair
img005000.jpg,star/stargan/Brown_Hair/img005000.jpg,6,Brown_Hair
img005434.jpg,star/stargan/Brown_Hair/img005434.jpg,6,Brown_Hair
img004974.jpg,star/stargan/Brown_Hair/img004974.jpg,6,Brown_Hair
img004688.jpg,star/stargan/Brown_Hair/img004688.jpg,6,Brown_Hair
img004832.jpg,star/stargan/Brown_Hair/img004832.jpg,6,Brown_Hair
img004032.jpg,star/stargan/Brown_Hair/img004032.jpg,6,Brown_Hair
img005045.jpg,star/stargan/Brown_Hair/img005045.jpg,6,Brown_Hair
img005255.jpg,star/stargan/Brown_Hair/img005255.jpg,6,Brown_Hair
img005121.jpg,star/stargan/Brown_Hair/img005121.jpg,6,Brown_Hair
img004351.jpg,star/stargan/Brown_Hair/img004351.jpg,6,Brown_Hair
img004468.jpg,star/stargan/Brown_Hair/img004468.jpg,6,Brown_Hair
img004932.jpg,star/stargan/Brown_Hair/img004932.jpg,6,Brown_Hair
img005871.jpg,star/stargan/Brown_Hair/img005871.jpg,6,Brown_Hair
img005171.jpg,star/stargan/Brown_Hair/img005171.jpg,6,Brown_Hair
img005174.jpg,star/stargan/Brown_Hair/img005174.jpg,6,Brown_Hair
img004673.jpg,star/stargan/Brown_Hair/img004673.jpg,6,Brown_Hair
img005009.jpg,star/stargan/Brown_Hair/img005009.jpg,6,Brown_Hair
img004874.jpg,star/stargan/Brown_Hair/img004874.jpg,6,Brown_Hair
img005855.jpg,star/stargan/Brown_Hair/img005855.jpg,6,Brown_Hair
img004288.jpg,star/stargan/Brown_Hair/img004288.jpg,6,Brown_Hair
img005341.jpg,star/stargan/Brown_Hair/img005341.jpg,6,Brown_Hair
img004816.jpg,star/stargan/Brown_Hair/img004816.jpg,6,Brown_Hair
img004466.jpg,star/stargan/Brown_Hair/img004466.jpg,6,Brown_Hair
img005549.jpg,star/stargan/Brown_Hair/img005549.jpg,6,Brown_Hair
img004605.jpg,star/stargan/Brown_Hair/img004605.jpg,6,Brown_Hair
img004128.jpg,star/stargan/Brown_Hair/img004128.jpg,6,Brown_Hair
img005382.jpg,star/stargan/Brown_Hair/img005382.jpg,6,Brown_Hair
img005815.jpg,star/stargan/Brown_Hair/img005815.jpg,6,Brown_Hair
img005704.jpg,star/stargan/Brown_Hair/img005704.jpg,6,Brown_Hair
img004357.jpg,star/stargan/Brown_Hair/img004357.jpg,6,Brown_Hair
img005038.jpg,star/stargan/Brown_Hair/img005038.jpg,6,Brown_Hair
img005426.jpg,star/stargan/Brown_Hair/img005426.jpg,6,Brown_Hair
img004097.jpg,star/stargan/Brown_Hair/img004097.jpg,6,Brown_Hair
img005627.jpg,star/stargan/Brown_Hair/img005627.jpg,6,Brown_Hair
img004393.jpg,star/stargan/Brown_Hair/img004393.jpg,6,Brown_Hair
img004745.jpg,star/stargan/Brown_Hair/img004745.jpg,6,Brown_Hair
img005903.jpg,star/stargan/Brown_Hair/img005903.jpg,6,Brown_Hair
img005296.jpg,star/stargan/Brown_Hair/img005296.jpg,6,Brown_Hair
img005697.jpg,star/stargan/Brown_Hair/img005697.jpg,6,Brown_Hair
img005445.jpg,star/stargan/Brown_Hair/img005445.jpg,6,Brown_Hair
img004984.jpg,star/stargan/Brown_Hair/img004984.jpg,6,Brown_Hair
img004914.jpg,star/stargan/Brown_Hair/img004914.jpg,6,Brown_Hair
img005384.jpg,star/stargan/Brown_Hair/img005384.jpg,6,Brown_Hair
img005604.jpg,star/stargan/Brown_Hair/img005604.jpg,6,Brown_Hair
img005725.jpg,star/stargan/Brown_Hair/img005725.jpg,6,Brown_Hair
img005432.jpg,star/stargan/Brown_Hair/img005432.jpg,6,Brown_Hair
img004045.jpg,star/stargan/Brown_Hair/img004045.jpg,6,Brown_Hair
img005593.jpg,star/stargan/Brown_Hair/img005593.jpg,6,Brown_Hair
img004629.jpg,star/stargan/Brown_Hair/img004629.jpg,6,Brown_Hair
img004894.jpg,star/stargan/Brown_Hair/img004894.jpg,6,Brown_Hair
img004962.jpg,star/stargan/Brown_Hair/img004962.jpg,6,Brown_Hair
img004214.jpg,star/stargan/Brown_Hair/img004214.jpg,6,Brown_Hair
img005161.jpg,star/stargan/Brown_Hair/img005161.jpg,6,Brown_Hair
img005203.jpg,star/stargan/Brown_Hair/img005203.jpg,6,Brown_Hair
img004612.jpg,star/stargan/Brown_Hair/img004612.jpg,6,Brown_Hair
img005091.jpg,star/stargan/Brown_Hair/img005091.jpg,6,Brown_Hair
img004469.jpg,star/stargan/Brown_Hair/img004469.jpg,6,Brown_Hair
img004530.jpg,star/stargan/Brown_Hair/img004530.jpg,6,Brown_Hair
img004544.jpg,star/stargan/Brown_Hair/img004544.jpg,6,Brown_Hair
img004362.jpg,star/stargan/Brown_Hair/img004362.jpg,6,Brown_Hair
img005669.jpg,star/stargan/Brown_Hair/img005669.jpg,6,Brown_Hair
img005611.jpg,star/stargan/Brown_Hair/img005611.jpg,6,Brown_Hair
img005483.jpg,star/stargan/Brown_Hair/img005483.jpg,6,Brown_Hair
img005620.jpg,star/stargan/Brown_Hair/img005620.jpg,6,Brown_Hair
img005990.jpg,star/stargan/Brown_Hair/img005990.jpg,6,Brown_Hair
img005513.jpg,star/stargan/Brown_Hair/img005513.jpg,6,Brown_Hair
img005113.jpg,star/stargan/Brown_Hair/img005113.jpg,6,Brown_Hair
img005132.jpg,star/stargan/Brown_Hair/img005132.jpg,6,Brown_Hair
img005821.jpg,star/stargan/Brown_Hair/img005821.jpg,6,Brown_Hair
img005212.jpg,star/stargan/Brown_Hair/img005212.jpg,6,Brown_Hair
img004058.jpg,star/stargan/Brown_Hair/img004058.jpg,6,Brown_Hair
img005177.jpg,star/stargan/Brown_Hair/img005177.jpg,6,Brown_Hair
img004231.jpg,star/stargan/Brown_Hair/img004231.jpg,6,Brown_Hair
img005898.jpg,star/stargan/Brown_Hair/img005898.jpg,6,Brown_Hair
img004127.jpg,star/stargan/Brown_Hair/img004127.jpg,6,Brown_Hair
img004887.jpg,star/stargan/Brown_Hair/img004887.jpg,6,Brown_Hair
img005988.jpg,star/stargan/Brown_Hair/img005988.jpg,6,Brown_Hair
img004877.jpg,star/stargan/Brown_Hair/img004877.jpg,6,Brown_Hair
img004862.jpg,star/stargan/Brown_Hair/img004862.jpg,6,Brown_Hair
img004653.jpg,star/stargan/Brown_Hair/img004653.jpg,6,Brown_Hair
img004119.jpg,star/stargan/Brown_Hair/img004119.jpg,6,Brown_Hair
img005781.jpg,star/stargan/Brown_Hair/img005781.jpg,6,Brown_Hair
img004805.jpg,star/stargan/Brown_Hair/img004805.jpg,6,Brown_Hair
img004698.jpg,star/stargan/Brown_Hair/img004698.jpg,6,Brown_Hair
img005958.jpg,star/stargan/Brown_Hair/img005958.jpg,6,Brown_Hair
img004016.jpg,star/stargan/Brown_Hair/img004016.jpg,6,Brown_Hair
img004452.jpg,star/stargan/Brown_Hair/img004452.jpg,6,Brown_Hair
img005017.jpg,star/stargan/Brown_Hair/img005017.jpg,6,Brown_Hair
img005258.jpg,star/stargan/Brown_Hair/img005258.jpg,6,Brown_Hair
img004246.jpg,star/stargan/Brown_Hair/img004246.jpg,6,Brown_Hair
img004527.jpg,star/stargan/Brown_Hair/img004527.jpg,6,Brown_Hair
img004367.jpg,star/stargan/Brown_Hair/img004367.jpg,6,Brown_Hair
img005291.jpg,star/stargan/Brown_Hair/img005291.jpg,6,Brown_Hair
img004286.jpg,star/stargan/Brown_Hair/img004286.jpg,6,Brown_Hair
img004867.jpg,star/stargan/Brown_Hair/img004867.jpg,6,Brown_Hair
img004165.jpg,star/stargan/Brown_Hair/img004165.jpg,6,Brown_Hair
img005873.jpg,star/stargan/Brown_Hair/img005873.jpg,6,Brown_Hair
img004259.jpg,star/stargan/Brown_Hair/img004259.jpg,6,Brown_Hair
img004898.jpg,star/stargan/Brown_Hair/img004898.jpg,6,Brown_Hair
img005891.jpg,star/stargan/Brown_Hair/img005891.jpg,6,Brown_Hair
img005511.jpg,star/stargan/Brown_Hair/img005511.jpg,6,Brown_Hair
img005156.jpg,star/stargan/Brown_Hair/img005156.jpg,6,Brown_Hair
img004909.jpg,star/stargan/Brown_Hair/img004909.jpg,6,Brown_Hair
img005698.jpg,star/stargan/Brown_Hair/img005698.jpg,6,Brown_Hair
img005645.jpg,star/stargan/Brown_Hair/img005645.jpg,6,Brown_Hair
img004095.jpg,star/stargan/Brown_Hair/img004095.jpg,6,Brown_Hair
img005571.jpg,star/stargan/Brown_Hair/img005571.jpg,6,Brown_Hair
img005090.jpg,star/stargan/Brown_Hair/img005090.jpg,6,Brown_Hair
img004949.jpg,star/stargan/Brown_Hair/img004949.jpg,6,Brown_Hair
img004135.jpg,star/stargan/Brown_Hair/img004135.jpg,6,Brown_Hair
img005430.jpg,star/stargan/Brown_Hair/img005430.jpg,6,Brown_Hair
img005386.jpg,star/stargan/Brown_Hair/img005386.jpg,6,Brown_Hair
img004467.jpg,star/stargan/Brown_Hair/img004467.jpg,6,Brown_Hair
img004408.jpg,star/stargan/Brown_Hair/img004408.jpg,6,Brown_Hair
img005465.jpg,star/stargan/Brown_Hair/img005465.jpg,6,Brown_Hair
img005295.jpg,star/stargan/Brown_Hair/img005295.jpg,6,Brown_Hair
img005314.jpg,star/stargan/Brown_Hair/img005314.jpg,6,Brown_Hair
img004755.jpg,star/stargan/Brown_Hair/img004755.jpg,6,Brown_Hair
img004639.jpg,star/stargan/Brown_Hair/img004639.jpg,6,Brown_Hair
img004561.jpg,star/stargan/Brown_Hair/img004561.jpg,6,Brown_Hair
img004210.jpg,star/stargan/Brown_Hair/img004210.jpg,6,Brown_Hair
img005392.jpg,star/stargan/Brown_Hair/img005392.jpg,6,Brown_Hair
img005099.jpg,star/stargan/Brown_Hair/img005099.jpg,6,Brown_Hair
img005938.jpg,star/stargan/Brown_Hair/img005938.jpg,6,Brown_Hair
img004970.jpg,star/stargan/Brown_Hair/img004970.jpg,6,Brown_Hair
img004939.jpg,star/stargan/Brown_Hair/img004939.jpg,6,Brown_Hair
img003998.jpg,star/stargan/Brown_Hair/img003998.jpg,6,Brown_Hair
img004189.jpg,star/stargan/Brown_Hair/img004189.jpg,6,Brown_Hair
img004959.jpg,star/stargan/Brown_Hair/img004959.jpg,6,Brown_Hair
img004111.jpg,star/stargan/Brown_Hair/img004111.jpg,6,Brown_Hair
img005884.jpg,star/stargan/Brown_Hair/img005884.jpg,6,Brown_Hair
img004821.jpg,star/stargan/Brown_Hair/img004821.jpg,6,Brown_Hair
img004915.jpg,star/stargan/Brown_Hair/img004915.jpg,6,Brown_Hair
img005345.jpg,star/stargan/Brown_Hair/img005345.jpg,6,Brown_Hair
img005841.jpg,star/stargan/Brown_Hair/img005841.jpg,6,Brown_Hair
img005531.jpg,star/stargan/Brown_Hair/img005531.jpg,6,Brown_Hair
img004836.jpg,star/stargan/Brown_Hair/img004836.jpg,6,Brown_Hair
img004314.jpg,star/stargan/Brown_Hair/img004314.jpg,6,Brown_Hair
img005937.jpg,star/stargan/Brown_Hair/img005937.jpg,6,Brown_Hair
img004929.jpg,star/stargan/Brown_Hair/img004929.jpg,6,Brown_Hair
img005859.jpg,star/stargan/Brown_Hair/img005859.jpg,6,Brown_Hair
img004535.jpg,star/stargan/Brown_Hair/img004535.jpg,6,Brown_Hair
img004954.jpg,star/stargan/Brown_Hair/img004954.jpg,6,Brown_Hair
img004268.jpg,star/stargan/Brown_Hair/img004268.jpg,6,Brown_Hair
img004029.jpg,star/stargan/Brown_Hair/img004029.jpg,6,Brown_Hair
img004980.jpg,star/stargan/Brown_Hair/img004980.jpg,6,Brown_Hair
img005952.jpg,star/stargan/Brown_Hair/img005952.jpg,6,Brown_Hair
img005071.jpg,star/stargan/Brown_Hair/img005071.jpg,6,Brown_Hair
img005981.jpg,star/stargan/Brown_Hair/img005981.jpg,6,Brown_Hair
img005636.jpg,star/stargan/Brown_Hair/img005636.jpg,6,Brown_Hair
img004913.jpg,star/stargan/Brown_Hair/img004913.jpg,6,Brown_Hair
img005446.jpg,star/stargan/Brown_Hair/img005446.jpg,6,Brown_Hair
img005550.jpg,star/stargan/Brown_Hair/img005550.jpg,6,Brown_Hair
img004846.jpg,star/stargan/Brown_Hair/img004846.jpg,6,Brown_Hair
img004856.jpg,star/stargan/Brown_Hair/img004856.jpg,6,Brown_Hair
img004812.jpg,star/stargan/Brown_Hair/img004812.jpg,6,Brown_Hair
img005130.jpg,star/stargan/Brown_Hair/img005130.jpg,6,Brown_Hair
img004072.jpg,star/stargan/Brown_Hair/img004072.jpg,6,Brown_Hair
img005133.jpg,star/stargan/Brown_Hair/img005133.jpg,6,Brown_Hair
img005572.jpg,star/stargan/Brown_Hair/img005572.jpg,6,Brown_Hair
img005302.jpg,star/stargan/Brown_Hair/img005302.jpg,6,Brown_Hair
img005770.jpg,star/stargan/Brown_Hair/img005770.jpg,6,Brown_Hair
img005876.jpg,star/stargan/Brown_Hair/img005876.jpg,6,Brown_Hair
img004327.jpg,star/stargan/Brown_Hair/img004327.jpg,6,Brown_Hair
img005585.jpg,star/stargan/Brown_Hair/img005585.jpg,6,Brown_Hair
img004204.jpg,star/stargan/Brown_Hair/img004204.jpg,6,Brown_Hair
img004151.jpg,star/stargan/Brown_Hair/img004151.jpg,6,Brown_Hair
img004397.jpg,star/stargan/Brown_Hair/img004397.jpg,6,Brown_Hair
img005111.jpg,star/stargan/Brown_Hair/img005111.jpg,6,Brown_Hair
img005774.jpg,star/stargan/Brown_Hair/img005774.jpg,6,Brown_Hair
img005278.jpg,star/stargan/Brown_Hair/img005278.jpg,6,Brown_Hair
img004998.jpg,star/stargan/Brown_Hair/img004998.jpg,6,Brown_Hair
img004847.jpg,star/stargan/Brown_Hair/img004847.jpg,6,Brown_Hair
img005175.jpg,star/stargan/Brown_Hair/img005175.jpg,6,Brown_Hair
img004322.jpg,star/stargan/Brown_Hair/img004322.jpg,6,Brown_Hair
img004105.jpg,star/stargan/Brown_Hair/img004105.jpg,6,Brown_Hair
img004834.jpg,star/stargan/Brown_Hair/img004834.jpg,6,Brown_Hair
img005339.jpg,star/stargan/Brown_Hair/img005339.jpg,6,Brown_Hair
img004317.jpg,star/stargan/Brown_Hair/img004317.jpg,6,Brown_Hair
img005027.jpg,star/stargan/Brown_Hair/img005027.jpg,6,Brown_Hair
img004254.jpg,star/stargan/Brown_Hair/img004254.jpg,6,Brown_Hair
img004222.jpg,star/stargan/Brown_Hair/img004222.jpg,6,Brown_Hair
img004220.jpg,star/stargan/Brown_Hair/img004220.jpg,6,Brown_Hair
img004235.jpg,star/stargan/Brown_Hair/img004235.jpg,6,Brown_Hair
img004802.jpg,star/stargan/Brown_Hair/img004802.jpg,6,Brown_Hair
img004104.jpg,star/stargan/Brown_Hair/img004104.jpg,6,Brown_Hair
img005207.jpg,star/stargan/Brown_Hair/img005207.jpg,6,Brown_Hair
img004958.jpg,star/stargan/Brown_Hair/img004958.jpg,6,Brown_Hair
img005362.jpg,star/stargan/Brown_Hair/img005362.jpg,6,Brown_Hair
img005742.jpg,star/stargan/Brown_Hair/img005742.jpg,6,Brown_Hair
img005641.jpg,star/stargan/Brown_Hair/img005641.jpg,6,Brown_Hair
img004284.jpg,star/stargan/Brown_Hair/img004284.jpg,6,Brown_Hair
img004921.jpg,star/stargan/Brown_Hair/img004921.jpg,6,Brown_Hair
img005896.jpg,star/stargan/Brown_Hair/img005896.jpg,6,Brown_Hair
img004272.jpg,star/stargan/Brown_Hair/img004272.jpg,6,Brown_Hair
img005124.jpg,star/stargan/Brown_Hair/img005124.jpg,6,Brown_Hair
img004733.jpg,star/stargan/Brown_Hair/img004733.jpg,6,Brown_Hair
img004346.jpg,star/stargan/Brown_Hair/img004346.jpg,6,Brown_Hair
img005777.jpg,star/stargan/Brown_Hair/img005777.jpg,6,Brown_Hair
img005337.jpg,star/stargan/Brown_Hair/img005337.jpg,6,Brown_Hair
img004604.jpg,star/stargan/Brown_Hair/img004604.jpg,6,Brown_Hair
img004563.jpg,star/stargan/Brown_Hair/img004563.jpg,6,Brown_Hair
img004173.jpg,star/stargan/Brown_Hair/img004173.jpg,6,Brown_Hair
img004675.jpg,star/stargan/Brown_Hair/img004675.jpg,6,Brown_Hair
img004680.jpg,star/stargan/Brown_Hair/img004680.jpg,6,Brown_Hair
img005708.jpg,star/stargan/Brown_Hair/img005708.jpg,6,Brown_Hair
img005878.jpg,star/stargan/Brown_Hair/img005878.jpg,6,Brown_Hair
img004960.jpg,star/stargan/Brown_Hair/img004960.jpg,6,Brown_Hair
img004583.jpg,star/stargan/Brown_Hair/img004583.jpg,6,Brown_Hair
img005293.jpg,star/stargan/Brown_Hair/img005293.jpg,6,Brown_Hair
img005649.jpg,star/stargan/Brown_Hair/img005649.jpg,6,Brown_Hair
img004734.jpg,star/stargan/Brown_Hair/img004734.jpg,6,Brown_Hair
img005021.jpg,star/stargan/Brown_Hair/img005021.jpg,6,Brown_Hair
img004138.jpg,star/stargan/Brown_Hair/img004138.jpg,6,Brown_Hair
img005564.jpg,star/stargan/Brown_Hair/img005564.jpg,6,Brown_Hair
img004973.jpg,star/stargan/Brown_Hair/img004973.jpg,6,Brown_Hair
img004162.jpg,star/stargan/Brown_Hair/img004162.jpg,6,Brown_Hair
img004658.jpg,star/stargan/Brown_Hair/img004658.jpg,6,Brown_Hair
img004046.jpg,star/stargan/Brown_Hair/img004046.jpg,6,Brown_Hair
img005289.jpg,star/stargan/Brown_Hair/img005289.jpg,6,Brown_Hair
img004885.jpg,star/stargan/Brown_Hair/img004885.jpg,6,Brown_Hair
img004863.jpg,star/stargan/Brown_Hair/img004863.jpg,6,Brown_Hair
img005178.jpg,star/stargan/Brown_Hair/img005178.jpg,6,Brown_Hair
img005003.jpg,star/stargan/Brown_Hair/img005003.jpg,6,Brown_Hair
img004080.jpg,star/stargan/Brown_Hair/img004080.jpg,6,Brown_Hair
img005828.jpg,star/stargan/Brown_Hair/img005828.jpg,6,Brown_Hair
img004390.jpg,star/stargan/Brown_Hair/img004390.jpg,6,Brown_Hair
img005037.jpg,star/stargan/Brown_Hair/img005037.jpg,6,Brown_Hair
img005542.jpg,star/stargan/Brown_Hair/img005542.jpg,6,Brown_Hair
img004536.jpg,star/stargan/Brown_Hair/img004536.jpg,6,Brown_Hair
img005596.jpg,star/stargan/Brown_Hair/img005596.jpg,6,Brown_Hair
img005225.jpg,star/stargan/Brown_Hair/img005225.jpg,6,Brown_Hair
img005719.jpg,star/stargan/Brown_Hair/img005719.jpg,6,Brown_Hair
img004227.jpg,star/stargan/Brown_Hair/img004227.jpg,6,Brown_Hair
img005310.jpg,star/stargan/Brown_Hair/img005310.jpg,6,Brown_Hair
img004570.jpg,star/stargan/Brown_Hair/img004570.jpg,6,Brown_Hair
img005046.jpg,star/stargan/Brown_Hair/img005046.jpg,6,Brown_Hair
img005567.jpg,star/stargan/Brown_Hair/img005567.jpg,6,Brown_Hair
img004538.jpg,star/stargan/Brown_Hair/img004538.jpg,6,Brown_Hair
img005167.jpg,star/stargan/Brown_Hair/img005167.jpg,6,Brown_Hair
img005642.jpg,star/stargan/Brown_Hair/img005642.jpg,6,Brown_Hair
img005096.jpg,star/stargan/Brown_Hair/img005096.jpg,6,Brown_Hair
img004156.jpg,star/stargan/Brown_Hair/img004156.jpg,6,Brown_Hair
img005389.jpg,star/stargan/Brown_Hair/img005389.jpg,6,Brown_Hair
img004908.jpg,star/stargan/Brown_Hair/img004908.jpg,6,Brown_Hair
img004355.jpg,star/stargan/Brown_Hair/img004355.jpg,6,Brown_Hair
img005921.jpg,star/stargan/Brown_Hair/img005921.jpg,6,Brown_Hair
img004451.jpg,star/stargan/Brown_Hair/img004451.jpg,6,Brown_Hair
img004407.jpg,star/stargan/Brown_Hair/img004407.jpg,6,Brown_Hair
img004840.jpg,star/stargan/Brown_Hair/img004840.jpg,6,Brown_Hair
img004542.jpg,star/stargan/Brown_Hair/img004542.jpg,6,Brown_Hair
img005664.jpg,star/stargan/Brown_Hair/img005664.jpg,6,Brown_Hair
img004818.jpg,star/stargan/Brown_Hair/img004818.jpg,6,Brown_Hair
img004928.jpg,star/stargan/Brown_Hair/img004928.jpg,6,Brown_Hair
img005591.jpg,star/stargan/Brown_Hair/img005591.jpg,6,Brown_Hair
img004321.jpg,star/stargan/Brown_Hair/img004321.jpg,6,Brown_Hair
img004967.jpg,star/stargan/Brown_Hair/img004967.jpg,6,Brown_Hair
img005422.jpg,star/stargan/Brown_Hair/img005422.jpg,6,Brown_Hair
img004948.jpg,star/stargan/Brown_Hair/img004948.jpg,6,Brown_Hair
img004117.jpg,star/stargan/Brown_Hair/img004117.jpg,6,Brown_Hair
img005776.jpg,star/stargan/Brown_Hair/img005776.jpg,6,Brown_Hair
img004983.jpg,star/stargan/Brown_Hair/img004983.jpg,6,Brown_Hair
img005416.jpg,star/stargan/Brown_Hair/img005416.jpg,6,Brown_Hair
img005292.jpg,star/stargan/Brown_Hair/img005292.jpg,6,Brown_Hair
img005741.jpg,star/stargan/Brown_Hair/img005741.jpg,6,Brown_Hair
img004432.jpg,star/stargan/Brown_Hair/img004432.jpg,6,Brown_Hair
img004599.jpg,star/stargan/Brown_Hair/img004599.jpg,6,Brown_Hair
img005917.jpg,star/stargan/Brown_Hair/img005917.jpg,6,Brown_Hair
img004415.jpg,star/stargan/Brown_Hair/img004415.jpg,6,Brown_Hair
img005380.jpg,star/stargan/Brown_Hair/img005380.jpg,6,Brown_Hair
img004704.jpg,star/stargan/Brown_Hair/img004704.jpg,6,Brown_Hair
img004765.jpg,star/stargan/Brown_Hair/img004765.jpg,6,Brown_Hair
img004511.jpg,star/stargan/Brown_Hair/img004511.jpg,6,Brown_Hair
img004763.jpg,star/stargan/Brown_Hair/img004763.jpg,6,Brown_Hair
img005248.jpg,star/stargan/Brown_Hair/img005248.jpg,6,Brown_Hair
img004103.jpg,star/stargan/Brown_Hair/img004103.jpg,6,Brown_Hair
img005403.jpg,star/stargan/Brown_Hair/img005403.jpg,6,Brown_Hair
img005648.jpg,star/stargan/Brown_Hair/img005648.jpg,6,Brown_Hair
img005504.jpg,star/stargan/Brown_Hair/img005504.jpg,6,Brown_Hair
img004018.jpg,star/stargan/Brown_Hair/img004018.jpg,6,Brown_Hair
img004632.jpg,star/stargan/Brown_Hair/img004632.jpg,6,Brown_Hair
img004686.jpg,star/stargan/Brown_Hair/img004686.jpg,6,Brown_Hair
img004942.jpg,star/stargan/Brown_Hair/img004942.jpg,6,Brown_Hair
img005397.jpg,star/stargan/Brown_Hair/img005397.jpg,6,Brown_Hair
img005674.jpg,star/stargan/Brown_Hair/img005674.jpg,6,Brown_Hair
img004456.jpg,star/stargan/Brown_Hair/img004456.jpg,6,Brown_Hair
img004539.jpg,star/stargan/Brown_Hair/img004539.jpg,6,Brown_Hair
img005617.jpg,star/stargan/Brown_Hair/img005617.jpg,6,Brown_Hair
img004341.jpg,star/stargan/Brown_Hair/img004341.jpg,6,Brown_Hair
img004240.jpg,star/stargan/Brown_Hair/img004240.jpg,6,Brown_Hair
img005498.jpg,star/stargan/Brown_Hair/img005498.jpg,6,Brown_Hair
img005575.jpg,star/stargan/Brown_Hair/img005575.jpg,6,Brown_Hair
img005681.jpg,star/stargan/Brown_Hair/img005681.jpg,6,Brown_Hair
img005650.jpg,star/stargan/Brown_Hair/img005650.jpg,6,Brown_Hair
img005274.jpg,star/stargan/Brown_Hair/img005274.jpg,6,Brown_Hair
img005251.jpg,star/stargan/Brown_Hair/img005251.jpg,6,Brown_Hair
img005517.jpg,star/stargan/Brown_Hair/img005517.jpg,6,Brown_Hair
img005851.jpg,star/stargan/Brown_Hair/img005851.jpg,6,Brown_Hair
img005832.jpg,star/stargan/Brown_Hair/img005832.jpg,6,Brown_Hair
img004769.jpg,star/stargan/Brown_Hair/img004769.jpg,6,Brown_Hair
img005201.jpg,star/stargan/Brown_Hair/img005201.jpg,6,Brown_Hair
img005689.jpg,star/stargan/Brown_Hair/img005689.jpg,6,Brown_Hair
img004245.jpg,star/stargan/Brown_Hair/img004245.jpg,6,Brown_Hair
img005056.jpg,star/stargan/Brown_Hair/img005056.jpg,6,Brown_Hair
img005394.jpg,star/stargan/Brown_Hair/img005394.jpg,6,Brown_Hair
img004427.jpg,star/stargan/Brown_Hair/img004427.jpg,6,Brown_Hair
img004433.jpg,star/stargan/Brown_Hair/img004433.jpg,6,Brown_Hair
img005041.jpg,star/stargan/Brown_Hair/img005041.jpg,6,Brown_Hair
img004418.jpg,star/stargan/Brown_Hair/img004418.jpg,6,Brown_Hair
img004248.jpg,star/stargan/Brown_Hair/img004248.jpg,6,Brown_Hair
img005358.jpg,star/stargan/Brown_Hair/img005358.jpg,6,Brown_Hair
img005579.jpg,star/stargan/Brown_Hair/img005579.jpg,6,Brown_Hair
img005262.jpg,star/stargan/Brown_Hair/img005262.jpg,6,Brown_Hair
img004574.jpg,star/stargan/Brown_Hair/img004574.jpg,6,Brown_Hair
img004573.jpg,star/stargan/Brown_Hair/img004573.jpg,6,Brown_Hair
img005877.jpg,star/stargan/Brown_Hair/img005877.jpg,6,Brown_Hair
img005757.jpg,star/stargan/Brown_Hair/img005757.jpg,6,Brown_Hair
img004232.jpg,star/stargan/Brown_Hair/img004232.jpg,6,Brown_Hair
img004977.jpg,star/stargan/Brown_Hair/img004977.jpg,6,Brown_Hair
img005862.jpg,star/stargan/Brown_Hair/img005862.jpg,6,Brown_Hair
img004021.jpg,star/stargan/Brown_Hair/img004021.jpg,6,Brown_Hair
img004825.jpg,star/stargan/Brown_Hair/img004825.jpg,6,Brown_Hair
img004730.jpg,star/stargan/Brown_Hair/img004730.jpg,6,Brown_Hair
img004100.jpg,star/stargan/Brown_Hair/img004100.jpg,6,Brown_Hair
img004087.jpg,star/stargan/Brown_Hair/img004087.jpg,6,Brown_Hair
img005288.jpg,star/stargan/Brown_Hair/img005288.jpg,6,Brown_Hair
img004589.jpg,star/stargan/Brown_Hair/img004589.jpg,6,Brown_Hair
img005146.jpg,star/stargan/Brown_Hair/img005146.jpg,6,Brown_Hair
img005503.jpg,star/stargan/Brown_Hair/img005503.jpg,6,Brown_Hair
img004817.jpg,star/stargan/Brown_Hair/img004817.jpg,6,Brown_Hair
img005058.jpg,star/stargan/Brown_Hair/img005058.jpg,6,Brown_Hair
img005682.jpg,star/stargan/Brown_Hair/img005682.jpg,6,Brown_Hair
img004907.jpg,star/stargan/Brown_Hair/img004907.jpg,6,Brown_Hair
img005273.jpg,star/stargan/Brown_Hair/img005273.jpg,6,Brown_Hair
img005530.jpg,star/stargan/Brown_Hair/img005530.jpg,6,Brown_Hair
img004492.jpg,star/stargan/Brown_Hair/img004492.jpg,6,Brown_Hair
img005598.jpg,star/stargan/Brown_Hair/img005598.jpg,6,Brown_Hair
img005049.jpg,star/stargan/Brown_Hair/img005049.jpg,6,Brown_Hair
img004168.jpg,star/stargan/Brown_Hair/img004168.jpg,6,Brown_Hair
img004515.jpg,star/stargan/Brown_Hair/img004515.jpg,6,Brown_Hair
img005226.jpg,star/stargan/Brown_Hair/img005226.jpg,6,Brown_Hair
img005053.jpg,star/stargan/Brown_Hair/img005053.jpg,6,Brown_Hair
img004033.jpg,star/stargan/Brown_Hair/img004033.jpg,6,Brown_Hair
img005793.jpg,star/stargan/Brown_Hair/img005793.jpg,6,Brown_Hair
img005690.jpg,star/stargan/Brown_Hair/img005690.jpg,6,Brown_Hair
img004454.jpg,star/stargan/Brown_Hair/img004454.jpg,6,Brown_Hair
img005544.jpg,star/stargan/Brown_Hair/img005544.jpg,6,Brown_Hair
img005537.jpg,star/stargan/Brown_Hair/img005537.jpg,6,Brown_Hair
img005181.jpg,star/stargan/Brown_Hair/img005181.jpg,6,Brown_Hair
img004316.jpg,star/stargan/Brown_Hair/img004316.jpg,6,Brown_Hair
img004843.jpg,star/stargan/Brown_Hair/img004843.jpg,6,Brown_Hair
img004218.jpg,star/stargan/Brown_Hair/img004218.jpg,6,Brown_Hair
img004043.jpg,star/stargan/Brown_Hair/img004043.jpg,6,Brown_Hair
img005347.jpg,star/stargan/Brown_Hair/img005347.jpg,6,Brown_Hair
img005377.jpg,star/stargan/Brown_Hair/img005377.jpg,6,Brown_Hair
img005440.jpg,star/stargan/Brown_Hair/img005440.jpg,6,Brown_Hair
img004443.jpg,star/stargan/Brown_Hair/img004443.jpg,6,Brown_Hair
img005151.jpg,star/stargan/Brown_Hair/img005151.jpg,6,Brown_Hair
img004281.jpg,star/stargan/Brown_Hair/img004281.jpg,6,Brown_Hair
img005930.jpg,star/stargan/Brown_Hair/img005930.jpg,6,Brown_Hair
img004987.jpg,star/stargan/Brown_Hair/img004987.jpg,6,Brown_Hair
img004548.jpg,star/stargan/Brown_Hair/img004548.jpg,6,Brown_Hair
img005190.jpg,star/stargan/Brown_Hair/img005190.jpg,6,Brown_Hair
img004197.jpg,star/stargan/Brown_Hair/img004197.jpg,6,Brown_Hair
img005179.jpg,star/stargan/Brown_Hair/img005179.jpg,6,Brown_Hair
img004509.jpg,star/stargan/Brown_Hair/img004509.jpg,6,Brown_Hair
img005374.jpg,star/stargan/Brown_Hair/img005374.jpg,6,Brown_Hair
img004560.jpg,star/stargan/Brown_Hair/img004560.jpg,6,Brown_Hair
img004860.jpg,star/stargan/Brown_Hair/img004860.jpg,6,Brown_Hair
img004310.jpg,star/stargan/Brown_Hair/img004310.jpg,6,Brown_Hair
img005229.jpg,star/stargan/Brown_Hair/img005229.jpg,6,Brown_Hair
img005415.jpg,star/stargan/Brown_Hair/img005415.jpg,6,Brown_Hair
img005971.jpg,star/stargan/Brown_Hair/img005971.jpg,6,Brown_Hair
img004036.jpg,star/stargan/Brown_Hair/img004036.jpg,6,Brown_Hair
img004159.jpg,star/stargan/Brown_Hair/img004159.jpg,6,Brown_Hair
img005812.jpg,star/stargan/Brown_Hair/img005812.jpg,6,Brown_Hair
img005087.jpg,star/stargan/Brown_Hair/img005087.jpg,6,Brown_Hair
img004008.jpg,star/stargan/Brown_Hair/img004008.jpg,6,Brown_Hair
img005707.jpg,star/stargan/Brown_Hair/img005707.jpg,6,Brown_Hair
img004068.jpg,star/stargan/Brown_Hair/img004068.jpg,6,Brown_Hair
img004569.jpg,star/stargan/Brown_Hair/img004569.jpg,6,Brown_Hair
img004775.jpg,star/stargan/Brown_Hair/img004775.jpg,6,Brown_Hair
img004352.jpg,star/stargan/Brown_Hair/img004352.jpg,6,Brown_Hair
img004337.jpg,star/stargan/Brown_Hair/img004337.jpg,6,Brown_Hair
img005330.jpg,star/stargan/Brown_Hair/img005330.jpg,6,Brown_Hair
img005444.jpg,star/stargan/Brown_Hair/img005444.jpg,6,Brown_Hair
img004234.jpg,star/stargan/Brown_Hair/img004234.jpg,6,Brown_Hair
img005253.jpg,star/stargan/Brown_Hair/img005253.jpg,6,Brown_Hair
img005502.jpg,star/stargan/Brown_Hair/img005502.jpg,6,Brown_Hair
img004062.jpg,star/stargan/Brown_Hair/img004062.jpg,6,Brown_Hair
img005137.jpg,star/stargan/Brown_Hair/img005137.jpg,6,Brown_Hair
img004491.jpg,star/stargan/Brown_Hair/img004491.jpg,6,Brown_Hair
img004169.jpg,star/stargan/Brown_Hair/img004169.jpg,6,Brown_Hair
img005759.jpg,star/stargan/Brown_Hair/img005759.jpg,6,Brown_Hair
img005718.jpg,star/stargan/Brown_Hair/img005718.jpg,6,Brown_Hair
img004835.jpg,star/stargan/Brown_Hair/img004835.jpg,6,Brown_Hair
img004712.jpg,star/stargan/Brown_Hair/img004712.jpg,6,Brown_Hair
img005103.jpg,star/stargan/Brown_Hair/img005103.jpg,6,Brown_Hair
img004263.jpg,star/stargan/Brown_Hair/img004263.jpg,6,Brown_Hair
img005646.jpg,star/stargan/Brown_Hair/img005646.jpg,6,Brown_Hair
img005155.jpg,star/stargan/Brown_Hair/img005155.jpg,6,Brown_Hair
img005599.jpg,star/stargan/Brown_Hair/img005599.jpg,6,Brown_Hair
img004517.jpg,star/stargan/Brown_Hair/img004517.jpg,6,Brown_Hair
img005136.jpg,star/stargan/Brown_Hair/img005136.jpg,6,Brown_Hair
img005766.jpg,star/stargan/Brown_Hair/img005766.jpg,6,Brown_Hair
img004181.jpg,star/stargan/Brown_Hair/img004181.jpg,6,Brown_Hair
img005366.jpg,star/stargan/Brown_Hair/img005366.jpg,6,Brown_Hair
img005978.jpg,star/stargan/Brown_Hair/img005978.jpg,6,Brown_Hair
img004374.jpg,star/stargan/Brown_Hair/img004374.jpg,6,Brown_Hair
img004516.jpg,star/stargan/Brown_Hair/img004516.jpg,6,Brown_Hair
img004025.jpg,star/stargan/Brown_Hair/img004025.jpg,6,Brown_Hair
img005834.jpg,star/stargan/Brown_Hair/img005834.jpg,6,Brown_Hair
img004144.jpg,star/stargan/Brown_Hair/img004144.jpg,6,Brown_Hair
img005461.jpg,star/stargan/Brown_Hair/img005461.jpg,6,Brown_Hair
img005266.jpg,star/stargan/Brown_Hair/img005266.jpg,6,Brown_Hair
img004706.jpg,star/stargan/Brown_Hair/img004706.jpg,6,Brown_Hair
img005843.jpg,star/stargan/Brown_Hair/img005843.jpg,6,Brown_Hair
img005431.jpg,star/stargan/Brown_Hair/img005431.jpg,6,Brown_Hair
img004693.jpg,star/stargan/Brown_Hair/img004693.jpg,6,Brown_Hair
img004744.jpg,star/stargan/Brown_Hair/img004744.jpg,6,Brown_Hair
img005340.jpg,star/stargan/Brown_Hair/img005340.jpg,6,Brown_Hair
img005492.jpg,star/stargan/Brown_Hair/img005492.jpg,6,Brown_Hair
img005494.jpg,star/stargan/Brown_Hair/img005494.jpg,6,Brown_Hair
img004969.jpg,star/stargan/Brown_Hair/img004969.jpg,6,Brown_Hair
img004858.jpg,star/stargan/Brown_Hair/img004858.jpg,6,Brown_Hair
img004241.jpg,star/stargan/Brown_Hair/img004241.jpg,6,Brown_Hair
img005441.jpg,star/stargan/Brown_Hair/img005441.jpg,6,Brown_Hair
img004242.jpg,star/stargan/Brown_Hair/img004242.jpg,6,Brown_Hair
img004849.jpg,star/stargan/Brown_Hair/img004849.jpg,6,Brown_Hair
img005020.jpg,star/stargan/Brown_Hair/img005020.jpg,6,Brown_Hair
img004292.jpg,star/stargan/Brown_Hair/img004292.jpg,6,Brown_Hair
img004453.jpg,star/stargan/Brown_Hair/img004453.jpg,6,Brown_Hair
img005565.jpg,star/stargan/Brown_Hair/img005565.jpg,6,Brown_Hair
img004274.jpg,star/stargan/Brown_Hair/img004274.jpg,6,Brown_Hair
img005294.jpg,star/stargan/Brown_Hair/img005294.jpg,6,Brown_Hair
img005590.jpg,star/stargan/Brown_Hair/img005590.jpg,6,Brown_Hair
img005029.jpg,star/stargan/Brown_Hair/img005029.jpg,6,Brown_Hair
img004376.jpg,star/stargan/Brown_Hair/img004376.jpg,6,Brown_Hair
img005949.jpg,star/stargan/Brown_Hair/img005949.jpg,6,Brown_Hair
img005076.jpg,star/stargan/Brown_Hair/img005076.jpg,6,Brown_Hair
img004297.jpg,star/stargan/Brown_Hair/img004297.jpg,6,Brown_Hair
img004309.jpg,star/stargan/Brown_Hair/img004309.jpg,6,Brown_Hair
img005913.jpg,star/stargan/Brown_Hair/img005913.jpg,6,Brown_Hair
img004659.jpg,star/stargan/Brown_Hair/img004659.jpg,6,Brown_Hair
img005411.jpg,star/stargan/Brown_Hair/img005411.jpg,6,Brown_Hair
img005180.jpg,star/stargan/Brown_Hair/img005180.jpg,6,Brown_Hair
img004055.jpg,star/stargan/Brown_Hair/img004055.jpg,6,Brown_Hair
img004435.jpg,star/stargan/Brown_Hair/img004435.jpg,6,Brown_Hair
img004303.jpg,star/stargan/Brown_Hair/img004303.jpg,6,Brown_Hair
img005539.jpg,star/stargan/Brown_Hair/img005539.jpg,6,Brown_Hair
img004329.jpg,star/stargan/Brown_Hair/img004329.jpg,6,Brown_Hair
img004640.jpg,star/stargan/Brown_Hair/img004640.jpg,6,Brown_Hair
img005368.jpg,star/stargan/Brown_Hair/img005368.jpg,6,Brown_Hair
img005696.jpg,star/stargan/Brown_Hair/img005696.jpg,6,Brown_Hair
img005448.jpg,star/stargan/Brown_Hair/img005448.jpg,6,Brown_Hair
img004751.jpg,star/stargan/Brown_Hair/img004751.jpg,6,Brown_Hair
img005110.jpg,star/stargan/Brown_Hair/img005110.jpg,6,Brown_Hair
img005101.jpg,star/stargan/Brown_Hair/img005101.jpg,6,Brown_Hair
img004808.jpg,star/stargan/Brown_Hair/img004808.jpg,6,Brown_Hair
img004122.jpg,star/stargan/Brown_Hair/img004122.jpg,6,Brown_Hair
img004576.jpg,star/stargan/Brown_Hair/img004576.jpg,6,Brown_Hair
img004075.jpg,star/stargan/Brown_Hair/img004075.jpg,6,Brown_Hair
img004081.jpg,star/stargan/Brown_Hair/img004081.jpg,6,Brown_Hair
img004587.jpg,star/stargan/Brown_Hair/img004587.jpg,6,Brown_Hair
img005608.jpg,star/stargan/Brown_Hair/img005608.jpg,6,Brown_Hair
img005736.jpg,star/stargan/Brown_Hair/img005736.jpg,6,Brown_Hair
img004048.jpg,star/stargan/Brown_Hair/img004048.jpg,6,Brown_Hair
img004400.jpg,star/stargan/Brown_Hair/img004400.jpg,6,Brown_Hair
img005106.jpg,star/stargan/Brown_Hair/img005106.jpg,6,Brown_Hair
img004178.jpg,star/stargan/Brown_Hair/img004178.jpg,6,Brown_Hair
img004439.jpg,star/stargan/Brown_Hair/img004439.jpg,6,Brown_Hair
img004981.jpg,star/stargan/Brown_Hair/img004981.jpg,6,Brown_Hair
img005656.jpg,star/stargan/Brown_Hair/img005656.jpg,6,Brown_Hair
img005751.jpg,star/stargan/Brown_Hair/img005751.jpg,6,Brown_Hair
img005363.jpg,star/stargan/Brown_Hair/img005363.jpg,6,Brown_Hair
img004194.jpg,star/stargan/Brown_Hair/img004194.jpg,6,Brown_Hair
img005011.jpg,star/stargan/Brown_Hair/img005011.jpg,6,Brown_Hair
img005951.jpg,star/stargan/Brown_Hair/img005951.jpg,6,Brown_Hair
img004224.jpg,star/stargan/Brown_Hair/img004224.jpg,6,Brown_Hair
img005158.jpg,star/stargan/Brown_Hair/img005158.jpg,6,Brown_Hair
img004665.jpg,star/stargan/Brown_Hair/img004665.jpg,6,Brown_Hair
img005580.jpg,star/stargan/Brown_Hair/img005580.jpg,6,Brown_Hair
img005911.jpg,star/stargan/Brown_Hair/img005911.jpg,6,Brown_Hair
img005147.jpg,star/stargan/Brown_Hair/img005147.jpg,6,Brown_Hair
img004690.jpg,star/stargan/Brown_Hair/img004690.jpg,6,Brown_Hair
img005365.jpg,star/stargan/Brown_Hair/img005365.jpg,6,Brown_Hair
img005006.jpg,star/stargan/Brown_Hair/img005006.jpg,6,Brown_Hair
img005268.jpg,star/stargan/Brown_Hair/img005268.jpg,6,Brown_Hair
img005705.jpg,star/stargan/Brown_Hair/img005705.jpg,6,Brown_Hair
img004694.jpg,star/stargan/Brown_Hair/img004694.jpg,6,Brown_Hair
img005887.jpg,star/stargan/Brown_Hair/img005887.jpg,6,Brown_Hair
img004193.jpg,star/stargan/Brown_Hair/img004193.jpg,6,Brown_Hair
img005254.jpg,star/stargan/Brown_Hair/img005254.jpg,6,Brown_Hair
img005822.jpg,star/stargan/Brown_Hair/img005822.jpg,6,Brown_Hair
img004076.jpg,star/stargan/Brown_Hair/img004076.jpg,6,Brown_Hair
img005892.jpg,star/stargan/Brown_Hair/img005892.jpg,6,Brown_Hair
img005427.jpg,star/stargan/Brown_Hair/img005427.jpg,6,Brown_Hair
img005768.jpg,star/stargan/Brown_Hair/img005768.jpg,6,Brown_Hair
img005183.jpg,star/stargan/Brown_Hair/img005183.jpg,6,Brown_Hair
img004893.jpg,star/stargan/Brown_Hair/img004893.jpg,6,Brown_Hair
img005476.jpg,star/stargan/Brown_Hair/img005476.jpg,6,Brown_Hair
img005941.jpg,star/stargan/Brown_Hair/img005941.jpg,6,Brown_Hair
img004787.jpg,star/stargan/Brown_Hair/img004787.jpg,6,Brown_Hair
img005462.jpg,star/stargan/Brown_Hair/img005462.jpg,6,Brown_Hair
img004477.jpg,star/stargan/Brown_Hair/img004477.jpg,6,Brown_Hair
img004880.jpg,star/stargan/Brown_Hair/img004880.jpg,6,Brown_Hair
img004422.jpg,star/stargan/Brown_Hair/img004422.jpg,6,Brown_Hair
img004679.jpg,star/stargan/Brown_Hair/img004679.jpg,6,Brown_Hair
img005819.jpg,star/stargan/Brown_Hair/img005819.jpg,6,Brown_Hair
img005825.jpg,star/stargan/Brown_Hair/img005825.jpg,6,Brown_Hair
img004738.jpg,star/stargan/Brown_Hair/img004738.jpg,6,Brown_Hair
img005439.jpg,star/stargan/Brown_Hair/img005439.jpg,6,Brown_Hair
img005109.jpg,star/stargan/Brown_Hair/img005109.jpg,6,Brown_Hair
img005662.jpg,star/stargan/Brown_Hair/img005662.jpg,6,Brown_Hair
img005610.jpg,star/stargan/Brown_Hair/img005610.jpg,6,Brown_Hair
img004656.jpg,star/stargan/Brown_Hair/img004656.jpg,6,Brown_Hair
img004728.jpg,star/stargan/Brown_Hair/img004728.jpg,6,Brown_Hair
img005261.jpg,star/stargan/Brown_Hair/img005261.jpg,6,Brown_Hair
img004701.jpg,star/stargan/Brown_Hair/img004701.jpg,6,Brown_Hair
img005034.jpg,star/stargan/Brown_Hair/img005034.jpg,6,Brown_Hair
img004339.jpg,star/stargan/Brown_Hair/img004339.jpg,6,Brown_Hair
img005437.jpg,star/stargan/Brown_Hair/img005437.jpg,6,Brown_Hair
img005005.jpg,star/stargan/Brown_Hair/img005005.jpg,6,Brown_Hair
img004652.jpg,star/stargan/Brown_Hair/img004652.jpg,6,Brown_Hair
img005317.jpg,star/stargan/Brown_Hair/img005317.jpg,6,Brown_Hair
img005673.jpg,star/stargan/Brown_Hair/img005673.jpg,6,Brown_Hair
img004123.jpg,star/stargan/Brown_Hair/img004123.jpg,6,Brown_Hair
img004192.jpg,star/stargan/Brown_Hair/img004192.jpg,6,Brown_Hair
img004994.jpg,star/stargan/Brown_Hair/img004994.jpg,6,Brown_Hair
img004596.jpg,star/stargan/Brown_Hair/img004596.jpg,6,Brown_Hair
img005276.jpg,star/stargan/Brown_Hair/img005276.jpg,6,Brown_Hair
img005057.jpg,star/stargan/Brown_Hair/img005057.jpg,6,Brown_Hair
img004004.jpg,star/stargan/Brown_Hair/img004004.jpg,6,Brown_Hair
img004635.jpg,star/stargan/Brown_Hair/img004635.jpg,6,Brown_Hair
img005854.jpg,star/stargan/Brown_Hair/img005854.jpg,6,Brown_Hair
img004855.jpg,star/stargan/Brown_Hair/img004855.jpg,6,Brown_Hair
img004881.jpg,star/stargan/Brown_Hair/img004881.jpg,6,Brown_Hair
img004061.jpg,star/stargan/Brown_Hair/img004061.jpg,6,Brown_Hair
img005772.jpg,star/stargan/Brown_Hair/img005772.jpg,6,Brown_Hair
img004465.jpg,star/stargan/Brown_Hair/img004465.jpg,6,Brown_Hair
img005668.jpg,star/stargan/Brown_Hair/img005668.jpg,6,Brown_Hair
img004528.jpg,star/stargan/Brown_Hair/img004528.jpg,6,Brown_Hair
img005846.jpg,star/stargan/Brown_Hair/img005846.jpg,6,Brown_Hair
img005094.jpg,star/stargan/Brown_Hair/img005094.jpg,6,Brown_Hair
img005319.jpg,star/stargan/Brown_Hair/img005319.jpg,6,Brown_Hair
img005969.jpg,star/stargan/Brown_Hair/img005969.jpg,6,Brown_Hair
img004831.jpg,star/stargan/Brown_Hair/img004831.jpg,6,Brown_Hair
img004950.jpg,star/stargan/Brown_Hair/img004950.jpg,6,Brown_Hair
img005922.jpg,star/stargan/Brown_Hair/img005922.jpg,6,Brown_Hair
img004892.jpg,star/stargan/Brown_Hair/img004892.jpg,6,Brown_Hair
img005767.jpg,star/stargan/Brown_Hair/img005767.jpg,6,Brown_Hair
img004644.jpg,star/stargan/Brown_Hair/img004644.jpg,6,Brown_Hair
img005968.jpg,star/stargan/Brown_Hair/img005968.jpg,6,Brown_Hair
img005874.jpg,star/stargan/Brown_Hair/img005874.jpg,6,Brown_Hair
img005478.jpg,star/stargan/Brown_Hair/img005478.jpg,6,Brown_Hair
img005048.jpg,star/stargan/Brown_Hair/img005048.jpg,6,Brown_Hair
img005839.jpg,star/stargan/Brown_Hair/img005839.jpg,6,Brown_Hair
img005061.jpg,star/stargan/Brown_Hair/img005061.jpg,6,Brown_Hair
img005677.jpg,star/stargan/Brown_Hair/img005677.jpg,6,Brown_Hair
img005688.jpg,star/stargan/Brown_Hair/img005688.jpg,6,Brown_Hair
img005853.jpg,star/stargan/Brown_Hair/img005853.jpg,6,Brown_Hair
img005566.jpg,star/stargan/Brown_Hair/img005566.jpg,6,Brown_Hair
img005298.jpg,star/stargan/Brown_Hair/img005298.jpg,6,Brown_Hair
img005260.jpg,star/stargan/Brown_Hair/img005260.jpg,6,Brown_Hair
img004361.jpg,star/stargan/Brown_Hair/img004361.jpg,6,Brown_Hair
img005474.jpg,star/stargan/Brown_Hair/img005474.jpg,6,Brown_Hair
img004311.jpg,star/stargan/Brown_Hair/img004311.jpg,6,Brown_Hair
img005783.jpg,star/stargan/Brown_Hair/img005783.jpg,6,Brown_Hair
img004708.jpg,star/stargan/Brown_Hair/img004708.jpg,6,Brown_Hair
img004723.jpg,star/stargan/Brown_Hair/img004723.jpg,6,Brown_Hair
img004830.jpg,star/stargan/Brown_Hair/img004830.jpg,6,Brown_Hair
img004395.jpg,star/stargan/Brown_Hair/img004395.jpg,6,Brown_Hair
img004845.jpg,star/stargan/Brown_Hair/img004845.jpg,6,Brown_Hair
img004799.jpg,star/stargan/Brown_Hair/img004799.jpg,6,Brown_Hair
img004966.jpg,star/stargan/Brown_Hair/img004966.jpg,6,Brown_Hair
img005652.jpg,star/stargan/Brown_Hair/img005652.jpg,6,Brown_Hair
img004007.jpg,star/stargan/Brown_Hair/img004007.jpg,6,Brown_Hair
img004823.jpg,star/stargan/Brown_Hair/img004823.jpg,6,Brown_Hair
img004030.jpg,star/stargan/Brown_Hair/img004030.jpg,6,Brown_Hair
img005082.jpg,star/stargan/Brown_Hair/img005082.jpg,6,Brown_Hair
img005232.jpg,star/stargan/Brown_Hair/img005232.jpg,6,Brown_Hair
img004300.jpg,star/stargan/Brown_Hair/img004300.jpg,6,Brown_Hair
img005691.jpg,star/stargan/Brown_Hair/img005691.jpg,6,Brown_Hair
img005811.jpg,star/stargan/Brown_Hair/img005811.jpg,6,Brown_Hair
img005247.jpg,star/stargan/Brown_Hair/img005247.jpg,6,Brown_Hair
img005554.jpg,star/stargan/Brown_Hair/img005554.jpg,6,Brown_Hair
img004077.jpg,star/stargan/Brown_Hair/img004077.jpg,6,Brown_Hair
img004403.jpg,star/stargan/Brown_Hair/img004403.jpg,6,Brown_Hair
img005928.jpg,star/stargan/Brown_Hair/img005928.jpg,6,Brown_Hair
img004417.jpg,star/stargan/Brown_Hair/img004417.jpg,6,Brown_Hair
img004377.jpg,star/stargan/Brown_Hair/img004377.jpg,6,Brown_Hair
img005457.jpg,star/stargan/Brown_Hair/img005457.jpg,6,Brown_Hair
img004328.jpg,star/stargan/Brown_Hair/img004328.jpg,6,Brown_Hair
img004953.jpg,star/stargan/Brown_Hair/img004953.jpg,6,Brown_Hair
img004595.jpg,star/stargan/Brown_Hair/img004595.jpg,6,Brown_Hair
img005014.jpg,star/stargan/Brown_Hair/img005014.jpg,6,Brown_Hair
img004471.jpg,star/stargan/Brown_Hair/img004471.jpg,6,Brown_Hair
img004378.jpg,star/stargan/Brown_Hair/img004378.jpg,6,Brown_Hair
img004096.jpg,star/stargan/Brown_Hair/img004096.jpg,6,Brown_Hair
img004402.jpg,star/stargan/Brown_Hair/img004402.jpg,6,Brown_Hair
img005381.jpg,star/stargan/Brown_Hair/img005381.jpg,6,Brown_Hair
img004319.jpg,star/stargan/Brown_Hair/img004319.jpg,6,Brown_Hair
img004600.jpg,star/stargan/Brown_Hair/img004600.jpg,6,Brown_Hair
img005468.jpg,star/stargan/Brown_Hair/img005468.jpg,6,Brown_Hair
img004995.jpg,star/stargan/Brown_Hair/img004995.jpg,6,Brown_Hair
img005307.jpg,star/stargan/Brown_Hair/img005307.jpg,6,Brown_Hair
img005799.jpg,star/stargan/Brown_Hair/img005799.jpg,6,Brown_Hair
img005574.jpg,star/stargan/Brown_Hair/img005574.jpg,6,Brown_Hair
img005956.jpg,star/stargan/Brown_Hair/img005956.jpg,6,Brown_Hair
img004523.jpg,star/stargan/Brown_Hair/img004523.jpg,6,Brown_Hair
img004624.jpg,star/stargan/Brown_Hair/img004624.jpg,6,Brown_Hair
img005202.jpg,star/stargan/Brown_Hair/img005202.jpg,6,Brown_Hair
img004602.jpg,star/stargan/Brown_Hair/img004602.jpg,6,Brown_Hair
img005409.jpg,star/stargan/Brown_Hair/img005409.jpg,6,Brown_Hair
img004890.jpg,star/stargan/Brown_Hair/img004890.jpg,6,Brown_Hair
img005019.jpg,star/stargan/Brown_Hair/img005019.jpg,6,Brown_Hair
img005985.jpg,star/stargan/Brown_Hair/img005985.jpg,6,Brown_Hair
img004715.jpg,star/stargan/Brown_Hair/img004715.jpg,6,Brown_Hair
img005321.jpg,star/stargan/Brown_Hair/img005321.jpg,6,Brown_Hair
img005326.jpg,star/stargan/Brown_Hair/img005326.jpg,6,Brown_Hair
img005906.jpg,star/stargan/Brown_Hair/img005906.jpg,6,Brown_Hair
img004857.jpg,star/stargan/Brown_Hair/img004857.jpg,6,Brown_Hair
img004696.jpg,star/stargan/Brown_Hair/img004696.jpg,6,Brown_Hair
img005667.jpg,star/stargan/Brown_Hair/img005667.jpg,6,Brown_Hair
img004226.jpg,star/stargan/Brown_Hair/img004226.jpg,6,Brown_Hair
img004727.jpg,star/stargan/Brown_Hair/img004727.jpg,6,Brown_Hair
img004110.jpg,star/stargan/Brown_Hair/img004110.jpg,6,Brown_Hair
img004478.jpg,star/stargan/Brown_Hair/img004478.jpg,6,Brown_Hair
img005143.jpg,star/stargan/Brown_Hair/img005143.jpg,6,Brown_Hair
img005633.jpg,star/stargan/Brown_Hair/img005633.jpg,6,Brown_Hair
img004545.jpg,star/stargan/Brown_Hair/img004545.jpg,6,Brown_Hair
img005118.jpg,star/stargan/Brown_Hair/img005118.jpg,6,Brown_Hair
img005479.jpg,star/stargan/Brown_Hair/img005479.jpg,6,Brown_Hair
img004814.jpg,star/stargan/Brown_Hair/img004814.jpg,6,Brown_Hair
img005287.jpg,star/stargan/Brown_Hair/img005287.jpg,6,Brown_Hair
img005297.jpg,star/stargan/Brown_Hair/img005297.jpg,6,Brown_Hair
img004331.jpg,star/stargan/Brown_Hair/img004331.jpg,6,Brown_Hair
img005801.jpg,star/stargan/Brown_Hair/img005801.jpg,6,Brown_Hair
img005602.jpg,star/stargan/Brown_Hair/img005602.jpg,6,Brown_Hair
img005250.jpg,star/stargan/Brown_Hair/img005250.jpg,6,Brown_Hair
img005475.jpg,star/stargan/Brown_Hair/img005475.jpg,6,Brown_Hair
img004761.jpg,star/stargan/Brown_Hair/img004761.jpg,6,Brown_Hair
img004163.jpg,star/stargan/Brown_Hair/img004163.jpg,6,Brown_Hair
img005354.jpg,star/stargan/Brown_Hair/img005354.jpg,6,Brown_Hair
img005364.jpg,star/stargan/Brown_Hair/img005364.jpg,6,Brown_Hair
img004126.jpg,star/stargan/Brown_Hair/img004126.jpg,6,Brown_Hair
img005015.jpg,star/stargan/Brown_Hair/img005015.jpg,6,Brown_Hair
img004013.jpg,star/stargan/Brown_Hair/img004013.jpg,6,Brown_Hair
img005743.jpg,star/stargan/Brown_Hair/img005743.jpg,6,Brown_Hair
img005586.jpg,star/stargan/Brown_Hair/img005586.jpg,6,Brown_Hair
img005320.jpg,star/stargan/Brown_Hair/img005320.jpg,6,Brown_Hair
img004285.jpg,star/stargan/Brown_Hair/img004285.jpg,6,Brown_Hair
img005546.jpg,star/stargan/Brown_Hair/img005546.jpg,6,Brown_Hair
img004986.jpg,star/stargan/Brown_Hair/img004986.jpg,6,Brown_Hair
img004150.jpg,star/stargan/Brown_Hair/img004150.jpg,6,Brown_Hair
img004501.jpg,star/stargan/Brown_Hair/img004501.jpg,6,Brown_Hair
img005802.jpg,star/stargan/Brown_Hair/img005802.jpg,6,Brown_Hair
img004684.jpg,star/stargan/Brown_Hair/img004684.jpg,6,Brown_Hair
img005231.jpg,star/stargan/Brown_Hair/img005231.jpg,6,Brown_Hair
img004779.jpg,star/stargan/Brown_Hair/img004779.jpg,6,Brown_Hair
img005092.jpg,star/stargan/Brown_Hair/img005092.jpg,6,Brown_Hair
img005356.jpg,star/stargan/Brown_Hair/img005356.jpg,6,Brown_Hair
img004399.jpg,star/stargan/Brown_Hair/img004399.jpg,6,Brown_Hair
img005950.jpg,star/stargan/Brown_Hair/img005950.jpg,6,Brown_Hair
img005991.jpg,star/stargan/Brown_Hair/img005991.jpg,6,Brown_Hair
img004382.jpg,star/stargan/Brown_Hair/img004382.jpg,6,Brown_Hair
img004098.jpg,star/stargan/Brown_Hair/img004098.jpg,6,Brown_Hair
img005561.jpg,star/stargan/Brown_Hair/img005561.jpg,6,Brown_Hair
img005882.jpg,star/stargan/Brown_Hair/img005882.jpg,6,Brown_Hair
img004990.jpg,star/stargan/Brown_Hair/img004990.jpg,6,Brown_Hair
img004764.jpg,star/stargan/Brown_Hair/img004764.jpg,6,Brown_Hair
img004687.jpg,star/stargan/Brown_Hair/img004687.jpg,6,Brown_Hair
img004423.jpg,star/stargan/Brown_Hair/img004423.jpg,6,Brown_Hair
img005267.jpg,star/stargan/Brown_Hair/img005267.jpg,6,Brown_Hair
img004566.jpg,star/stargan/Brown_Hair/img004566.jpg,6,Brown_Hair
img004047.jpg,star/stargan/Brown_Hair/img004047.jpg,6,Brown_Hair
img004676.jpg,star/stargan/Brown_Hair/img004676.jpg,6,Brown_Hair
img004682.jpg,star/stargan/Brown_Hair/img004682.jpg,6,Brown_Hair
img005786.jpg,star/stargan/Brown_Hair/img005786.jpg,6,Brown_Hair
img005933.jpg,star/stargan/Brown_Hair/img005933.jpg,6,Brown_Hair
img005163.jpg,star/stargan/Brown_Hair/img005163.jpg,6,Brown_Hair
img004129.jpg,star/stargan/Brown_Hair/img004129.jpg,6,Brown_Hair
img005487.jpg,star/stargan/Brown_Hair/img005487.jpg,6,Brown_Hair
img004401.jpg,star/stargan/Brown_Hair/img004401.jpg,6,Brown_Hair
img004187.jpg,star/stargan/Brown_Hair/img004187.jpg,6,Brown_Hair
img005139.jpg,star/stargan/Brown_Hair/img005139.jpg,6,Brown_Hair
img004597.jpg,star/stargan/Brown_Hair/img004597.jpg,6,Brown_Hair
img004888.jpg,star/stargan/Brown_Hair/img004888.jpg,6,Brown_Hair
img005924.jpg,star/stargan/Brown_Hair/img005924.jpg,6,Brown_Hair
img005670.jpg,star/stargan/Brown_Hair/img005670.jpg,6,Brown_Hair
img004338.jpg,star/stargan/Brown_Hair/img004338.jpg,6,Brown_Hair
img005169.jpg,star/stargan/Brown_Hair/img005169.jpg,6,Brown_Hair
img005533.jpg,star/stargan/Brown_Hair/img005533.jpg,6,Brown_Hair
img005142.jpg,star/stargan/Brown_Hair/img005142.jpg,6,Brown_Hair
img004771.jpg,star/stargan/Brown_Hair/img004771.jpg,6,Brown_Hair
img005679.jpg,star/stargan/Brown_Hair/img005679.jpg,6,Brown_Hair
img005115.jpg,star/stargan/Brown_Hair/img005115.jpg,6,Brown_Hair
img005616.jpg,star/stargan/Brown_Hair/img005616.jpg,6,Brown_Hair
img004074.jpg,star/stargan/Brown_Hair/img004074.jpg,6,Brown_Hair
img005847.jpg,star/stargan/Brown_Hair/img005847.jpg,6,Brown_Hair
img004383.jpg,star/stargan/Brown_Hair/img004383.jpg,6,Brown_Hair
img004416.jpg,star/stargan/Brown_Hair/img004416.jpg,6,Brown_Hair
img004753.jpg,star/stargan/Brown_Hair/img004753.jpg,6,Brown_Hair
img005117.jpg,star/stargan/Brown_Hair/img005117.jpg,6,Brown_Hair
img005157.jpg,star/stargan/Brown_Hair/img005157.jpg,6,Brown_Hair
img005152.jpg,star/stargan/Brown_Hair/img005152.jpg,6,Brown_Hair
img004461.jpg,star/stargan/Brown_Hair/img004461.jpg,6,Brown_Hair
img005122.jpg,star/stargan/Brown_Hair/img005122.jpg,6,Brown_Hair
img004070.jpg,star/stargan/Brown_Hair/img004070.jpg,6,Brown_Hair
img004721.jpg,star/stargan/Brown_Hair/img004721.jpg,6,Brown_Hair
img004185.jpg,star/stargan/Brown_Hair/img004185.jpg,6,Brown_Hair
img004785.jpg,star/stargan/Brown_Hair/img004785.jpg,6,Brown_Hair
img005435.jpg,star/stargan/Brown_Hair/img005435.jpg,6,Brown_Hair
img005383.jpg,star/stargan/Brown_Hair/img005383.jpg,6,Brown_Hair
img004533.jpg,star/stargan/Brown_Hair/img004533.jpg,6,Brown_Hair
img005228.jpg,star/stargan/Brown_Hair/img005228.jpg,6,Brown_Hair
img005769.jpg,star/stargan/Brown_Hair/img005769.jpg,6,Brown_Hair
img004556.jpg,star/stargan/Brown_Hair/img004556.jpg,6,Brown_Hair
img005396.jpg,star/stargan/Brown_Hair/img005396.jpg,6,Brown_Hair
img005315.jpg,star/stargan/Brown_Hair/img005315.jpg,6,Brown_Hair
img004590.jpg,star/stargan/Brown_Hair/img004590.jpg,6,Brown_Hair
img005438.jpg,star/stargan/Brown_Hair/img005438.jpg,6,Brown_Hair
img004996.jpg,star/stargan/Brown_Hair/img004996.jpg,6,Brown_Hair
img005894.jpg,star/stargan/Brown_Hair/img005894.jpg,6,Brown_Hair
img004905.jpg,star/stargan/Brown_Hair/img004905.jpg,6,Brown_Hair
img004551.jpg,star/stargan/Brown_Hair/img004551.jpg,6,Brown_Hair
img004389.jpg,star/stargan/Brown_Hair/img004389.jpg,6,Brown_Hair
img005538.jpg,star/stargan/Brown_Hair/img005538.jpg,6,Brown_Hair
img004951.jpg,star/stargan/Brown_Hair/img004951.jpg,6,Brown_Hair
img004655.jpg,star/stargan/Brown_Hair/img004655.jpg,6,Brown_Hair
img004719.jpg,star/stargan/Brown_Hair/img004719.jpg,6,Brown_Hair
img004784.jpg,star/stargan/Brown_Hair/img004784.jpg,6,Brown_Hair
img005160.jpg,star/stargan/Brown_Hair/img005160.jpg,6,Brown_Hair
img004961.jpg,star/stargan/Brown_Hair/img004961.jpg,6,Brown_Hair
img004428.jpg,star/stargan/Brown_Hair/img004428.jpg,6,Brown_Hair
img005515.jpg,star/stargan/Brown_Hair/img005515.jpg,6,Brown_Hair
img004852.jpg,star/stargan/Brown_Hair/img004852.jpg,6,Brown_Hair
img005826.jpg,star/stargan/Brown_Hair/img005826.jpg,6,Brown_Hair
img005910.jpg,star/stargan/Brown_Hair/img005910.jpg,6,Brown_Hair
img005016.jpg,star/stargan/Brown_Hair/img005016.jpg,6,Brown_Hair
img005640.jpg,star/stargan/Brown_Hair/img005640.jpg,6,Brown_Hair
img005726.jpg,star/stargan/Brown_Hair/img005726.jpg,6,Brown_Hair
img004434.jpg,star/stargan/Brown_Hair/img004434.jpg,6,Brown_Hair
img004167.jpg,star/stargan/Brown_Hair/img004167.jpg,6,Brown_Hair
img005747.jpg,star/stargan/Brown_Hair/img005747.jpg,6,Brown_Hair
img005541.jpg,star/stargan/Brown_Hair/img005541.jpg,6,Brown_Hair
img005875.jpg,star/stargan/Brown_Hair/img005875.jpg,6,Brown_Hair
img004005.jpg,star/stargan/Brown_Hair/img004005.jpg,6,Brown_Hair
img005164.jpg,star/stargan/Brown_Hair/img005164.jpg,6,Brown_Hair
img004944.jpg,star/stargan/Brown_Hair/img004944.jpg,6,Brown_Hair
img005234.jpg,star/stargan/Brown_Hair/img005234.jpg,6,Brown_Hair
img005762.jpg,star/stargan/Brown_Hair/img005762.jpg,6,Brown_Hair
img005333.jpg,star/stargan/Brown_Hair/img005333.jpg,6,Brown_Hair
img004943.jpg,star/stargan/Brown_Hair/img004943.jpg,6,Brown_Hair
img004627.jpg,star/stargan/Brown_Hair/img004627.jpg,6,Brown_Hair
img004713.jpg,star/stargan/Brown_Hair/img004713.jpg,6,Brown_Hair
img004972.jpg,star/stargan/Brown_Hair/img004972.jpg,6,Brown_Hair
img005331.jpg,star/stargan/Brown_Hair/img005331.jpg,6,Brown_Hair
img004458.jpg,star/stargan/Brown_Hair/img004458.jpg,6,Brown_Hair
img005979.jpg,star/stargan/Brown_Hair/img005979.jpg,6,Brown_Hair
img004040.jpg,star/stargan/Brown_Hair/img004040.jpg,6,Brown_Hair
img005833.jpg,star/stargan/Brown_Hair/img005833.jpg,6,Brown_Hair
img005701.jpg,star/stargan/Brown_Hair/img005701.jpg,6,Brown_Hair
img005263.jpg,star/stargan/Brown_Hair/img005263.jpg,6,Brown_Hair
img005577.jpg,star/stargan/Brown_Hair/img005577.jpg,6,Brown_Hair
img005594.jpg,star/stargan/Brown_Hair/img005594.jpg,6,Brown_Hair
img004865.jpg,star/stargan/Brown_Hair/img004865.jpg,6,Brown_Hair
img004824.jpg,star/stargan/Brown_Hair/img004824.jpg,6,Brown_Hair
img004083.jpg,star/stargan/Brown_Hair/img004083.jpg,6,Brown_Hair
img004497.jpg,star/stargan/Brown_Hair/img004497.jpg,6,Brown_Hair
img005761.jpg,star/stargan/Brown_Hair/img005761.jpg,6,Brown_Hair
img004820.jpg,star/stargan/Brown_Hair/img004820.jpg,6,Brown_Hair
img004371.jpg,star/stargan/Brown_Hair/img004371.jpg,6,Brown_Hair
img005992.jpg,star/stargan/Brown_Hair/img005992.jpg,6,Brown_Hair
img005300.jpg,star/stargan/Brown_Hair/img005300.jpg,6,Brown_Hair
img004550.jpg,star/stargan/Brown_Hair/img004550.jpg,6,Brown_Hair
img005527.jpg,star/stargan/Brown_Hair/img005527.jpg,6,Brown_Hair
img004312.jpg,star/stargan/Brown_Hair/img004312.jpg,6,Brown_Hair
img005764.jpg,star/stargan/Brown_Hair/img005764.jpg,6,Brown_Hair
img004941.jpg,star/stargan/Brown_Hair/img004941.jpg,6,Brown_Hair
img005031.jpg,star/stargan/Brown_Hair/img005031.jpg,6,Brown_Hair
img004069.jpg,star/stargan/Brown_Hair/img004069.jpg,6,Brown_Hair
img005453.jpg,star/stargan/Brown_Hair/img005453.jpg,6,Brown_Hair
img004365.jpg,star/stargan/Brown_Hair/img004365.jpg,6,Brown_Hair
img004637.jpg,star/stargan/Brown_Hair/img004637.jpg,6,Brown_Hair
img005443.jpg,star/stargan/Brown_Hair/img005443.jpg,6,Brown_Hair
img005547.jpg,star/stargan/Brown_Hair/img005547.jpg,6,Brown_Hair
img005458.jpg,star/stargan/Brown_Hair/img005458.jpg,6,Brown_Hair
img005138.jpg,star/stargan/Brown_Hair/img005138.jpg,6,Brown_Hair
img005322.jpg,star/stargan/Brown_Hair/img005322.jpg,6,Brown_Hair
img004121.jpg,star/stargan/Brown_Hair/img004121.jpg,6,Brown_Hair
img005159.jpg,star/stargan/Brown_Hair/img005159.jpg,6,Brown_Hair
img005607.jpg,star/stargan/Brown_Hair/img005607.jpg,6,Brown_Hair
img005205.jpg,star/stargan/Brown_Hair/img005205.jpg,6,Brown_Hair
img004514.jpg,star/stargan/Brown_Hair/img004514.jpg,6,Brown_Hair
img005752.jpg,star/stargan/Brown_Hair/img005752.jpg,6,Brown_Hair
img004450.jpg,star/stargan/Brown_Hair/img004450.jpg,6,Brown_Hair
img005030.jpg,star/stargan/Brown_Hair/img005030.jpg,6,Brown_Hair
img005676.jpg,star/stargan/Brown_Hair/img005676.jpg,6,Brown_Hair
img005845.jpg,star/stargan/Brown_Hair/img005845.jpg,6,Brown_Hair
img005932.jpg,star/stargan/Brown_Hair/img005932.jpg,6,Brown_Hair
img005587.jpg,star/stargan/Brown_Hair/img005587.jpg,6,Brown_Hair
img005623.jpg,star/stargan/Brown_Hair/img005623.jpg,6,Brown_Hair
img004534.jpg,star/stargan/Brown_Hair/img004534.jpg,6,Brown_Hair
img005548.jpg,star/stargan/Brown_Hair/img005548.jpg,6,Brown_Hair
img005353.jpg,star/stargan/Brown_Hair/img005353.jpg,6,Brown_Hair
img005233.jpg,star/stargan/Brown_Hair/img005233.jpg,6,Brown_Hair
img004302.jpg,star/stargan/Brown_Hair/img004302.jpg,6,Brown_Hair
img004826.jpg,star/stargan/Brown_Hair/img004826.jpg,6,Brown_Hair
img004335.jpg,star/stargan/Brown_Hair/img004335.jpg,6,Brown_Hair
img004334.jpg,star/stargan/Brown_Hair/img004334.jpg,6,Brown_Hair
img004789.jpg,star/stargan/Brown_Hair/img004789.jpg,6,Brown_Hair
img005154.jpg,star/stargan/Brown_Hair/img005154.jpg,6,Brown_Hair
img004447.jpg,star/stargan/Brown_Hair/img004447.jpg,6,Brown_Hair
img004988.jpg,star/stargan/Brown_Hair/img004988.jpg,6,Brown_Hair
img004630.jpg,star/stargan/Brown_Hair/img004630.jpg,6,Brown_Hair
img004645.jpg,star/stargan/Brown_Hair/img004645.jpg,6,Brown_Hair
img005264.jpg,star/stargan/Brown_Hair/img005264.jpg,6,Brown_Hair
img005864.jpg,star/stargan/Brown_Hair/img005864.jpg,6,Brown_Hair
img004084.jpg,star/stargan/Brown_Hair/img004084.jpg,6,Brown_Hair
img004918.jpg,star/stargan/Brown_Hair/img004918.jpg,6,Brown_Hair
img005004.jpg,star/stargan/Brown_Hair/img005004.jpg,6,Brown_Hair
img004594.jpg,star/stargan/Brown_Hair/img004594.jpg,6,Brown_Hair
img004930.jpg,star/stargan/Brown_Hair/img004930.jpg,6,Brown_Hair
img004175.jpg,star/stargan/Brown_Hair/img004175.jpg,6,Brown_Hair
img005601.jpg,star/stargan/Brown_Hair/img005601.jpg,6,Brown_Hair
img005200.jpg,star/stargan/Brown_Hair/img005200.jpg,6,Brown_Hair
img005945.jpg,star/stargan/Brown_Hair/img005945.jpg,6,Brown_Hair
img005512.jpg,star/stargan/Brown_Hair/img005512.jpg,6,Brown_Hair
img005456.jpg,star/stargan/Brown_Hair/img005456.jpg,6,Brown_Hair
img004041.jpg,star/stargan/Brown_Hair/img004041.jpg,6,Brown_Hair
img004011.jpg,star/stargan/Brown_Hair/img004011.jpg,6,Brown_Hair
img005153.jpg,star/stargan/Brown_Hair/img005153.jpg,6,Brown_Hair
img005967.jpg,star/stargan/Brown_Hair/img005967.jpg,6,Brown_Hair
img004811.jpg,star/stargan/Brown_Hair/img004811.jpg,6,Brown_Hair
img005890.jpg,star/stargan/Brown_Hair/img005890.jpg,6,Brown_Hair
img004158.jpg,star/stargan/Brown_Hair/img004158.jpg,6,Brown_Hair
img004464.jpg,star/stargan/Brown_Hair/img004464.jpg,6,Brown_Hair
img004797.jpg,star/stargan/Brown_Hair/img004797.jpg,6,Brown_Hair
img004088.jpg,star/stargan/Brown_Hair/img004088.jpg,6,Brown_Hair
img005350.jpg,star/stargan/Brown_Hair/img005350.jpg,6,Brown_Hair
img004153.jpg,star/stargan/Brown_Hair/img004153.jpg,6,Brown_Hair
img004137.jpg,star/stargan/Brown_Hair/img004137.jpg,6,Brown_Hair
img004295.jpg,star/stargan/Brown_Hair/img004295.jpg,6,Brown_Hair
img004976.jpg,star/stargan/Brown_Hair/img004976.jpg,6,Brown_Hair
img005798.jpg,star/stargan/Brown_Hair/img005798.jpg,6,Brown_Hair
img004387.jpg,star/stargan/Brown_Hair/img004387.jpg,6,Brown_Hair
img005966.jpg,star/stargan/Brown_Hair/img005966.jpg,6,Brown_Hair
img004506.jpg,star/stargan/Brown_Hair/img004506.jpg,6,Brown_Hair
img005052.jpg,star/stargan/Brown_Hair/img005052.jpg,6,Brown_Hair
img004315.jpg,star/stargan/Brown_Hair/img004315.jpg,6,Brown_Hair
img004216.jpg,star/stargan/Brown_Hair/img004216.jpg,6,Brown_Hair
img005980.jpg,star/stargan/Brown_Hair/img005980.jpg,6,Brown_Hair
img005472.jpg,star/stargan/Brown_Hair/img005472.jpg,6,Brown_Hair
img005507.jpg,star/stargan/Brown_Hair/img005507.jpg,6,Brown_Hair
img005050.jpg,star/stargan/Brown_Hair/img005050.jpg,6,Brown_Hair
img004142.jpg,star/stargan/Brown_Hair/img004142.jpg,6,Brown_Hair
img004330.jpg,star/stargan/Brown_Hair/img004330.jpg,6,Brown_Hair
img004206.jpg,star/stargan/Brown_Hair/img004206.jpg,6,Brown_Hair
img004473.jpg,star/stargan/Brown_Hair/img004473.jpg,6,Brown_Hair
img005589.jpg,star/stargan/Brown_Hair/img005589.jpg,6,Brown_Hair
img005578.jpg,star/stargan/Brown_Hair/img005578.jpg,6,Brown_Hair
img004657.jpg,star/stargan/Brown_Hair/img004657.jpg,6,Brown_Hair
img004200.jpg,star/stargan/Brown_Hair/img004200.jpg,6,Brown_Hair
img005740.jpg,star/stargan/Brown_Hair/img005740.jpg,6,Brown_Hair
img005107.jpg,star/stargan/Brown_Hair/img005107.jpg,6,Brown_Hair
img004520.jpg,star/stargan/Brown_Hair/img004520.jpg,6,Brown_Hair
img005070.jpg,star/stargan/Brown_Hair/img005070.jpg,6,Brown_Hair
img004731.jpg,star/stargan/Brown_Hair/img004731.jpg,6,Brown_Hair
img004557.jpg,star/stargan/Brown_Hair/img004557.jpg,6,Brown_Hair
img004499.jpg,star/stargan/Brown_Hair/img004499.jpg,6,Brown_Hair
img005328.jpg,star/stargan/Brown_Hair/img005328.jpg,6,Brown_Hair
img005850.jpg,star/stargan/Brown_Hair/img005850.jpg,6,Brown_Hair
img004992.jpg,star/stargan/Brown_Hair/img004992.jpg,6,Brown_Hair
img005880.jpg,star/stargan/Brown_Hair/img005880.jpg,6,Brown_Hair
img004441.jpg,star/stargan/Brown_Hair/img004441.jpg,6,Brown_Hair
img004372.jpg,star/stargan/Brown_Hair/img004372.jpg,6,Brown_Hair
img004191.jpg,star/stargan/Brown_Hair/img004191.jpg,6,Brown_Hair
img004588.jpg,star/stargan/Brown_Hair/img004588.jpg,6,Brown_Hair
img004174.jpg,star/stargan/Brown_Hair/img004174.jpg,6,Brown_Hair
img004086.jpg,star/stargan/Brown_Hair/img004086.jpg,6,Brown_Hair
img005259.jpg,star/stargan/Brown_Hair/img005259.jpg,6,Brown_Hair
img004729.jpg,star/stargan/Brown_Hair/img004729.jpg,6,Brown_Hair
img004724.jpg,star/stargan/Brown_Hair/img004724.jpg,6,Brown_Hair
img005714.jpg,star/stargan/Brown_Hair/img005714.jpg,6,Brown_Hair
img004766.jpg,star/stargan/Brown_Hair/img004766.jpg,6,Brown_Hair
img004853.jpg,star/stargan/Brown_Hair/img004853.jpg,6,Brown_Hair
img004211.jpg,star/stargan/Brown_Hair/img004211.jpg,6,Brown_Hair
img004463.jpg,star/stargan/Brown_Hair/img004463.jpg,6,Brown_Hair
img005844.jpg,star/stargan/Brown_Hair/img005844.jpg,6,Brown_Hair
img004521.jpg,star/stargan/Brown_Hair/img004521.jpg,6,Brown_Hair
img005860.jpg,star/stargan/Brown_Hair/img005860.jpg,6,Brown_Hair
img004217.jpg,star/stargan/Brown_Hair/img004217.jpg,6,Brown_Hair
img005805.jpg,star/stargan/Brown_Hair/img005805.jpg,6,Brown_Hair
img005378.jpg,star/stargan/Brown_Hair/img005378.jpg,6,Brown_Hair
img005246.jpg,star/stargan/Brown_Hair/img005246.jpg,6,Brown_Hair
img005672.jpg,star/stargan/Brown_Hair/img005672.jpg,6,Brown_Hair
img004396.jpg,star/stargan/Brown_Hair/img004396.jpg,6,Brown_Hair
img005148.jpg,star/stargan/Brown_Hair/img005148.jpg,6,Brown_Hair
img004634.jpg,star/stargan/Brown_Hair/img004634.jpg,6,Brown_Hair
img004591.jpg,star/stargan/Brown_Hair/img004591.jpg,6,Brown_Hair
img005022.jpg,star/stargan/Brown_Hair/img005022.jpg,6,Brown_Hair
img004375.jpg,star/stargan/Brown_Hair/img004375.jpg,6,Brown_Hair
img005684.jpg,star/stargan/Brown_Hair/img005684.jpg,6,Brown_Hair
img004203.jpg,star/stargan/Brown_Hair/img004203.jpg,6,Brown_Hair
img004325.jpg,star/stargan/Brown_Hair/img004325.jpg,6,Brown_Hair
img005732.jpg,star/stargan/Brown_Hair/img005732.jpg,6,Brown_Hair
img005066.jpg,star/stargan/Brown_Hair/img005066.jpg,6,Brown_Hair
img005460.jpg,star/stargan/Brown_Hair/img005460.jpg,6,Brown_Hair
img005281.jpg,star/stargan/Brown_Hair/img005281.jpg,6,Brown_Hair
img004743.jpg,star/stargan/Brown_Hair/img004743.jpg,6,Brown_Hair
img005965.jpg,star/stargan/Brown_Hair/img005965.jpg,6,Brown_Hair
img005923.jpg,star/stargan/Brown_Hair/img005923.jpg,6,Brown_Hair
img004445.jpg,star/stargan/Brown_Hair/img004445.jpg,6,Brown_Hair
img004664.jpg,star/stargan/Brown_Hair/img004664.jpg,6,Brown_Hair
img005901.jpg,star/stargan/Brown_Hair/img005901.jpg,6,Brown_Hair
img005520.jpg,star/stargan/Brown_Hair/img005520.jpg,6,Brown_Hair
img004064.jpg,star/stargan/Brown_Hair/img004064.jpg,6,Brown_Hair
img004133.jpg,star/stargan/Brown_Hair/img004133.jpg,6,Brown_Hair
img004781.jpg,star/stargan/Brown_Hair/img004781.jpg,6,Brown_Hair
img005344.jpg,star/stargan/Brown_Hair/img005344.jpg,6,Brown_Hair
img005393.jpg,star/stargan/Brown_Hair/img005393.jpg,6,Brown_Hair
img004750.jpg,star/stargan/Brown_Hair/img004750.jpg,6,Brown_Hair
img004911.jpg,star/stargan/Brown_Hair/img004911.jpg,6,Brown_Hair
img005920.jpg,star/stargan/Brown_Hair/img005920.jpg,6,Brown_Hair
img004500.jpg,star/stargan/Brown_Hair/img004500.jpg,6,Brown_Hair
img004063.jpg,star/stargan/Brown_Hair/img004063.jpg,6,Brown_Hair
img005948.jpg,star/stargan/Brown_Hair/img005948.jpg,6,Brown_Hair
img004910.jpg,star/stargan/Brown_Hair/img004910.jpg,6,Brown_Hair
img005912.jpg,star/stargan/Brown_Hair/img005912.jpg,6,Brown_Hair
img004661.jpg,star/stargan/Brown_Hair/img004661.jpg,6,Brown_Hair
img004140.jpg,star/stargan/Brown_Hair/img004140.jpg,6,Brown_Hair
img004308.jpg,star/stargan/Brown_Hair/img004308.jpg,6,Brown_Hair
img004419.jpg,star/stargan/Brown_Hair/img004419.jpg,6,Brown_Hair
img004697.jpg,star/stargan/Brown_Hair/img004697.jpg,6,Brown_Hair
img004067.jpg,star/stargan/Brown_Hair/img004067.jpg,6,Brown_Hair
img004481.jpg,star/stargan/Brown_Hair/img004481.jpg,6,Brown_Hair
img004354.jpg,star/stargan/Brown_Hair/img004354.jpg,6,Brown_Hair
img005204.jpg,star/stargan/Brown_Hair/img005204.jpg,6,Brown_Hair
img004648.jpg,star/stargan/Brown_Hair/img004648.jpg,6,Brown_Hair
img005010.jpg,star/stargan/Brown_Hair/img005010.jpg,6,Brown_Hair
img005609.jpg,star/stargan/Brown_Hair/img005609.jpg,6,Brown_Hair
img005480.jpg,star/stargan/Brown_Hair/img005480.jpg,6,Brown_Hair
img004780.jpg,star/stargan/Brown_Hair/img004780.jpg,6,Brown_Hair
img004524.jpg,star/stargan/Brown_Hair/img004524.jpg,6,Brown_Hair
img004413.jpg,star/stargan/Brown_Hair/img004413.jpg,6,Brown_Hair
img005467.jpg,star/stargan/Brown_Hair/img005467.jpg,6,Brown_Hair
img004188.jpg,star/stargan/Brown_Hair/img004188.jpg,6,Brown_Hair
img004037.jpg,star/stargan/Brown_Hair/img004037.jpg,6,Brown_Hair
img005870.jpg,star/stargan/Brown_Hair/img005870.jpg,6,Brown_Hair
img004071.jpg,star/stargan/Brown_Hair/img004071.jpg,6,Brown_Hair
img004711.jpg,star/stargan/Brown_Hair/img004711.jpg,6,Brown_Hair
img005916.jpg,star/stargan/Brown_Hair/img005916.jpg,6,Brown_Hair
img005088.jpg,star/stargan/Brown_Hair/img005088.jpg,6,Brown_Hair
img004459.jpg,star/stargan/Brown_Hair/img004459.jpg,6,Brown_Hair
img005033.jpg,star/stargan/Brown_Hair/img005033.jpg,6,Brown_Hair
img004581.jpg,star/stargan/Brown_Hair/img004581.jpg,6,Brown_Hair
img004803.jpg,star/stargan/Brown_Hair/img004803.jpg,6,Brown_Hair
img004384.jpg,star/stargan/Brown_Hair/img004384.jpg,6,Brown_Hair
img004177.jpg,star/stargan/Brown_Hair/img004177.jpg,6,Brown_Hair
img004143.jpg,star/stargan/Brown_Hair/img004143.jpg,6,Brown_Hair
img005385.jpg,star/stargan/Brown_Hair/img005385.jpg,6,Brown_Hair
img004053.jpg,star/stargan/Brown_Hair/img004053.jpg,6,Brown_Hair
img005721.jpg,star/stargan/Brown_Hair/img005721.jpg,6,Brown_Hair
img004474.jpg,star/stargan/Brown_Hair/img004474.jpg,6,Brown_Hair
img004363.jpg,star/stargan/Brown_Hair/img004363.jpg,6,Brown_Hair
img004782.jpg,star/stargan/Brown_Hair/img004782.jpg,6,Brown_Hair
img004042.jpg,star/stargan/Brown_Hair/img004042.jpg,6,Brown_Hair
img004298.jpg,star/stargan/Brown_Hair/img004298.jpg,6,Brown_Hair
img005419.jpg,star/stargan/Brown_Hair/img005419.jpg,6,Brown_Hair
img005509.jpg,star/stargan/Brown_Hair/img005509.jpg,6,Brown_Hair
img005748.jpg,star/stargan/Brown_Hair/img005748.jpg,6,Brown_Hair
img004525.jpg,star/stargan/Brown_Hair/img004525.jpg,6,Brown_Hair
img004215.jpg,star/stargan/Brown_Hair/img004215.jpg,6,Brown_Hair
img005488.jpg,star/stargan/Brown_Hair/img005488.jpg,6,Brown_Hair
img005717.jpg,star/stargan/Brown_Hair/img005717.jpg,6,Brown_Hair
img004196.jpg,star/stargan/Brown_Hair/img004196.jpg,6,Brown_Hair
img004243.jpg,star/stargan/Brown_Hair/img004243.jpg,6,Brown_Hair
img005008.jpg,star/stargan/Brown_Hair/img005008.jpg,6,Brown_Hair
img004795.jpg,star/stargan/Brown_Hair/img004795.jpg,6,Brown_Hair
img005375.jpg,star/stargan/Brown_Hair/img005375.jpg,6,Brown_Hair
img005660.jpg,star/stargan/Brown_Hair/img005660.jpg,6,Brown_Hair
img004201.jpg,star/stargan/Brown_Hair/img004201.jpg,6,Brown_Hair
img005557.jpg,star/stargan/Brown_Hair/img005557.jpg,6,Brown_Hair
img004512.jpg,star/stargan/Brown_Hair/img004512.jpg,6,Brown_Hair
img005570.jpg,star/stargan/Brown_Hair/img005570.jpg,6,Brown_Hair
img005635.jpg,star/stargan/Brown_Hair/img005635.jpg,6,Brown_Hair
img005935.jpg,star/stargan/Brown_Hair/img005935.jpg,6,Brown_Hair
img005773.jpg,star/stargan/Brown_Hair/img005773.jpg,6,Brown_Hair
img004336.jpg,star/stargan/Brown_Hair/img004336.jpg,6,Brown_Hair
img005355.jpg,star/stargan/Brown_Hair/img005355.jpg,6,Brown_Hair
img005079.jpg,star/stargan/Brown_Hair/img005079.jpg,6,Brown_Hair
img004917.jpg,star/stargan/Brown_Hair/img004917.jpg,6,Brown_Hair
img005198.jpg,star/stargan/Brown_Hair/img005198.jpg,6,Brown_Hair
img005230.jpg,star/stargan/Brown_Hair/img005230.jpg,6,Brown_Hair
img005803.jpg,star/stargan/Brown_Hair/img005803.jpg,6,Brown_Hair
img005987.jpg,star/stargan/Brown_Hair/img005987.jpg,6,Brown_Hair
img005405.jpg,star/stargan/Brown_Hair/img005405.jpg,6,Brown_Hair
img005597.jpg,star/stargan/Brown_Hair/img005597.jpg,6,Brown_Hair
img004940.jpg,star/stargan/Brown_Hair/img004940.jpg,6,Brown_Hair
img004381.jpg,star/stargan/Brown_Hair/img004381.jpg,6,Brown_Hair
img005753.jpg,star/stargan/Brown_Hair/img005753.jpg,6,Brown_Hair
img004190.jpg,star/stargan/Brown_Hair/img004190.jpg,6,Brown_Hair
img005889.jpg,star/stargan/Brown_Hair/img005889.jpg,6,Brown_Hair
img004647.jpg,star/stargan/Brown_Hair/img004647.jpg,6,Brown_Hair
img005140.jpg,star/stargan/Brown_Hair/img005140.jpg,6,Brown_Hair
img004770.jpg,star/stargan/Brown_Hair/img004770.jpg,6,Brown_Hair
img004952.jpg,star/stargan/Brown_Hair/img004952.jpg,6,Brown_Hair
img005528.jpg,star/stargan/Brown_Hair/img005528.jpg,6,Brown_Hair
img005054.jpg,star/stargan/Brown_Hair/img005054.jpg,6,Brown_Hair
img005625.jpg,star/stargan/Brown_Hair/img005625.jpg,6,Brown_Hair
img004342.jpg,star/stargan/Brown_Hair/img004342.jpg,6,Brown_Hair
img004056.jpg,star/stargan/Brown_Hair/img004056.jpg,6,Brown_Hair
img004804.jpg,star/stargan/Brown_Hair/img004804.jpg,6,Brown_Hair
img004498.jpg,star/stargan/Brown_Hair/img004498.jpg,6,Brown_Hair
img005145.jpg,star/stargan/Brown_Hair/img005145.jpg,6,Brown_Hair
img005410.jpg,star/stargan/Brown_Hair/img005410.jpg,6,Brown_Hair
img004968.jpg,star/stargan/Brown_Hair/img004968.jpg,6,Brown_Hair
img005166.jpg,star/stargan/Brown_Hair/img005166.jpg,6,Brown_Hair
img004671.jpg,star/stargan/Brown_Hair/img004671.jpg,6,Brown_Hair
img004379.jpg,star/stargan/Brown_Hair/img004379.jpg,6,Brown_Hair
img004320.jpg,star/stargan/Brown_Hair/img004320.jpg,6,Brown_Hair
img005739.jpg,star/stargan/Brown_Hair/img005739.jpg,6,Brown_Hair
img005078.jpg,star/stargan/Brown_Hair/img005078.jpg,6,Brown_Hair
img004006.jpg,star/stargan/Brown_Hair/img004006.jpg,6,Brown_Hair
img005215.jpg,star/stargan/Brown_Hair/img005215.jpg,6,Brown_Hair
img004838.jpg,star/stargan/Brown_Hair/img004838.jpg,6,Brown_Hair
img005895.jpg,star/stargan/Brown_Hair/img005895.jpg,6,Brown_Hair
img004669.jpg,star/stargan/Brown_Hair/img004669.jpg,6,Brown_Hair
img004638.jpg,star/stargan/Brown_Hair/img004638.jpg,6,Brown_Hair
img005524.jpg,star/stargan/Brown_Hair/img005524.jpg,6,Brown_Hair
img004093.jpg,star/stargan/Brown_Hair/img004093.jpg,6,Brown_Hair
img005796.jpg,star/stargan/Brown_Hair/img005796.jpg,6,Brown_Hair
img005919.jpg,star/stargan/Brown_Hair/img005919.jpg,6,Brown_Hair
img004714.jpg,star/stargan/Brown_Hair/img004714.jpg,6,Brown_Hair
img004912.jpg,star/stargan/Brown_Hair/img004912.jpg,6,Brown_Hair
img005629.jpg,star/stargan/Brown_Hair/img005629.jpg,6,Brown_Hair
img005973.jpg,star/stargan/Brown_Hair/img005973.jpg,6,Brown_Hair
img004141.jpg,star/stargan/Brown_Hair/img004141.jpg,6,Brown_Hair
img004496.jpg,star/stargan/Brown_Hair/img004496.jpg,6,Brown_Hair
img004333.jpg,star/stargan/Brown_Hair/img004333.jpg,6,Brown_Hair
img004529.jpg,star/stargan/Brown_Hair/img004529.jpg,6,Brown_Hair
img004580.jpg,star/stargan/Brown_Hair/img004580.jpg,6,Brown_Hair
img005252.jpg,star/stargan/Brown_Hair/img005252.jpg,6,Brown_Hair
img004879.jpg,star/stargan/Brown_Hair/img004879.jpg,6,Brown_Hair
img004249.jpg,star/stargan/Brown_Hair/img004249.jpg,6,Brown_Hair
img005792.jpg,star/stargan/Brown_Hair/img005792.jpg,6,Brown_Hair
img005002.jpg,star/stargan/Brown_Hair/img005002.jpg,6,Brown_Hair
img005184.jpg,star/stargan/Brown_Hair/img005184.jpg,6,Brown_Hair
img004720.jpg,star/stargan/Brown_Hair/img004720.jpg,6,Brown_Hair
img005186.jpg,star/stargan/Brown_Hair/img005186.jpg,6,Brown_Hair
img004436.jpg,star/stargan/Brown_Hair/img004436.jpg,6,Brown_Hair
img005758.jpg,star/stargan/Brown_Hair/img005758.jpg,6,Brown_Hair
img005240.jpg,star/stargan/Brown_Hair/img005240.jpg,6,Brown_Hair
img005069.jpg,star/stargan/Brown_Hair/img005069.jpg,6,Brown_Hair
img005560.jpg,star/stargan/Brown_Hair/img005560.jpg,6,Brown_Hair
img005926.jpg,star/stargan/Brown_Hair/img005926.jpg,6,Brown_Hair
img004115.jpg,star/stargan/Brown_Hair/img004115.jpg,6,Brown_Hair
img004841.jpg,star/stargan/Brown_Hair/img004841.jpg,6,Brown_Hair
img004239.jpg,star/stargan/Brown_Hair/img004239.jpg,6,Brown_Hair
img004484.jpg,star/stargan/Brown_Hair/img004484.jpg,6,Brown_Hair
img005881.jpg,star/stargan/Brown_Hair/img005881.jpg,6,Brown_Hair
img005634.jpg,star/stargan/Brown_Hair/img005634.jpg,6,Brown_Hair
img004019.jpg,star/stargan/Brown_Hair/img004019.jpg,6,Brown_Hair
img004662.jpg,star/stargan/Brown_Hair/img004662.jpg,6,Brown_Hair
img004633.jpg,star/stargan/Brown_Hair/img004633.jpg,6,Brown_Hair
img005516.jpg,star/stargan/Brown_Hair/img005516.jpg,6,Brown_Hair
img005312.jpg,star/stargan/Brown_Hair/img005312.jpg,6,Brown_Hair
img005168.jpg,star/stargan/Brown_Hair/img005168.jpg,6,Brown_Hair
img005804.jpg,star/stargan/Brown_Hair/img005804.jpg,6,Brown_Hair
img004305.jpg,star/stargan/Brown_Hair/img004305.jpg,6,Brown_Hair
img005211.jpg,star/stargan/Brown_Hair/img005211.jpg,6,Brown_Hair
img005236.jpg,star/stargan/Brown_Hair/img005236.jpg,6,Brown_Hair
img005576.jpg,star/stargan/Brown_Hair/img005576.jpg,6,Brown_Hair
img005852.jpg,star/stargan/Brown_Hair/img005852.jpg,6,Brown_Hair
img004318.jpg,star/stargan/Brown_Hair/img004318.jpg,6,Brown_Hair
img005568.jpg,star/stargan/Brown_Hair/img005568.jpg,6,Brown_Hair
img004722.jpg,star/stargan/Brown_Hair/img004722.jpg,6,Brown_Hair
img005001.jpg,star/stargan/Brown_Hair/img005001.jpg,6,Brown_Hair
img004695.jpg,star/stargan/Brown_Hair/img004695.jpg,6,Brown_Hair
img005406.jpg,star/stargan/Brown_Hair/img005406.jpg,6,Brown_Hair
img004225.jpg,star/stargan/Brown_Hair/img004225.jpg,6,Brown_Hair
img005348.jpg,star/stargan/Brown_Hair/img005348.jpg,6,Brown_Hair
img005235.jpg,star/stargan/Brown_Hair/img005235.jpg,6,Brown_Hair
img005671.jpg,star/stargan/Brown_Hair/img005671.jpg,6,Brown_Hair
img005208.jpg,star/stargan/Brown_Hair/img005208.jpg,6,Brown_Hair
img005309.jpg,star/stargan/Brown_Hair/img005309.jpg,6,Brown_Hair
img005277.jpg,star/stargan/Brown_Hair/img005277.jpg,6,Brown_Hair
img005193.jpg,star/stargan/Brown_Hair/img005193.jpg,6,Brown_Hair
img004108.jpg,star/stargan/Brown_Hair/img004108.jpg,6,Brown_Hair
img004689.jpg,star/stargan/Brown_Hair/img004689.jpg,6,Brown_Hair
img004562.jpg,star/stargan/Brown_Hair/img004562.jpg,6,Brown_Hair
img004202.jpg,star/stargan/Brown_Hair/img004202.jpg,6,Brown_Hair
img004726.jpg,star/stargan/Brown_Hair/img004726.jpg,6,Brown_Hair
img004258.jpg,star/stargan/Brown_Hair/img004258.jpg,6,Brown_Hair
img005063.jpg,star/stargan/Brown_Hair/img005063.jpg,6,Brown_Hair
img004975.jpg,star/stargan/Brown_Hair/img004975.jpg,6,Brown_Hair
img005653.jpg,star/stargan/Brown_Hair/img005653.jpg,6,Brown_Hair
img004344.jpg,star/stargan/Brown_Hair/img004344.jpg,6,Brown_Hair
img004099.jpg,star/stargan/Brown_Hair/img004099.jpg,6,Brown_Hair
img004373.jpg,star/stargan/Brown_Hair/img004373.jpg,6,Brown_Hair
img005709.jpg,star/stargan/Brown_Hair/img005709.jpg,6,Brown_Hair
img004989.jpg,star/stargan/Brown_Hair/img004989.jpg,6,Brown_Hair
img005972.jpg,star/stargan/Brown_Hair/img005972.jpg,6,Brown_Hair
img005849.jpg,star/stargan/Brown_Hair/img005849.jpg,6,Brown_Hair
img005301.jpg,star/stargan/Brown_Hair/img005301.jpg,6,Brown_Hair
img004198.jpg,star/stargan/Brown_Hair/img004198.jpg,6,Brown_Hair
img005746.jpg,star/stargan/Brown_Hair/img005746.jpg,6,Brown_Hair
img004526.jpg,star/stargan/Brown_Hair/img004526.jpg,6,Brown_Hair
img004725.jpg,star/stargan/Brown_Hair/img004725.jpg,6,Brown_Hair
img005062.jpg,star/stargan/Brown_Hair/img005062.jpg,6,Brown_Hair
img005051.jpg,star/stargan/Brown_Hair/img005051.jpg,6,Brown_Hair
img005780.jpg,star/stargan/Brown_Hair/img005780.jpg,6,Brown_Hair
img005221.jpg,star/stargan/Brown_Hair/img005221.jpg,6,Brown_Hair
img005413.jpg,star/stargan/Brown_Hair/img005413.jpg,6,Brown_Hair
img005126.jpg,star/stargan/Brown_Hair/img005126.jpg,6,Brown_Hair
img005866.jpg,star/stargan/Brown_Hair/img005866.jpg,6,Brown_Hair
img004368.jpg,star/stargan/Brown_Hair/img004368.jpg,6,Brown_Hair
img005519.jpg,star/stargan/Brown_Hair/img005519.jpg,6,Brown_Hair
img004997.jpg,star/stargan/Brown_Hair/img004997.jpg,6,Brown_Hair
img004437.jpg,star/stargan/Brown_Hair/img004437.jpg,6,Brown_Hair
img004739.jpg,star/stargan/Brown_Hair/img004739.jpg,6,Brown_Hair
img005733.jpg,star/stargan/Brown_Hair/img005733.jpg,6,Brown_Hair
img005055.jpg,star/stargan/Brown_Hair/img005055.jpg,6,Brown_Hair
img004065.jpg,star/stargan/Brown_Hair/img004065.jpg,6,Brown_Hair
img004752.jpg,star/stargan/Brown_Hair/img004752.jpg,6,Brown_Hair
img004221.jpg,star/stargan/Brown_Hair/img004221.jpg,6,Brown_Hair
img005219.jpg,star/stargan/Brown_Hair/img005219.jpg,6,Brown_Hair
img004404.jpg,star/stargan/Brown_Hair/img004404.jpg,6,Brown_Hair
img005188.jpg,star/stargan/Brown_Hair/img005188.jpg,6,Brown_Hair
img005400.jpg,star/stargan/Brown_Hair/img005400.jpg,6,Brown_Hair
img005592.jpg,star/stargan/Brown_Hair/img005592.jpg,6,Brown_Hair
img005976.jpg,star/stargan/Brown_Hair/img005976.jpg,6,Brown_Hair
img005429.jpg,star/stargan/Brown_Hair/img005429.jpg,6,Brown_Hair
img005613.jpg,star/stargan/Brown_Hair/img005613.jpg,6,Brown_Hair
img004747.jpg,star/stargan/Brown_Hair/img004747.jpg,6,Brown_Hair
img004472.jpg,star/stargan/Brown_Hair/img004472.jpg,6,Brown_Hair
img004132.jpg,star/stargan/Brown_Hair/img004132.jpg,6,Brown_Hair
img005424.jpg,star/stargan/Brown_Hair/img005424.jpg,6,Brown_Hair
img005423.jpg,star/stargan/Brown_Hair/img005423.jpg,6,Brown_Hair
img004503.jpg,star/stargan/Brown_Hair/img004503.jpg,6,Brown_Hair
img004558.jpg,star/stargan/Brown_Hair/img004558.jpg,6,Brown_Hair
img005942.jpg,star/stargan/Brown_Hair/img005942.jpg,6,Brown_Hair
img005840.jpg,star/stargan/Brown_Hair/img005840.jpg,6,Brown_Hair
img005449.jpg,star/stargan/Brown_Hair/img005449.jpg,6,Brown_Hair
img004651.jpg,star/stargan/Brown_Hair/img004651.jpg,6,Brown_Hair
img004685.jpg,star/stargan/Brown_Hair/img004685.jpg,6,Brown_Hair
img004270.jpg,star/stargan/Brown_Hair/img004270.jpg,6,Brown_Hair
img005447.jpg,star/stargan/Brown_Hair/img005447.jpg,6,Brown_Hair
img005957.jpg,star/stargan/Brown_Hair/img005957.jpg,6,Brown_Hair
img004716.jpg,star/stargan/Brown_Hair/img004716.jpg,6,Brown_Hair
img005763.jpg,star/stargan/Brown_Hair/img005763.jpg,6,Brown_Hair
img004301.jpg,star/stargan/Brown_Hair/img004301.jpg,6,Brown_Hair
img004606.jpg,star/stargan/Brown_Hair/img004606.jpg,6,Brown_Hair
img005534.jpg,star/stargan/Brown_Hair/img005534.jpg,6,Brown_Hair
img004869.jpg,star/stargan/Brown_Hair/img004869.jpg,6,Brown_Hair
img004923.jpg,star/stargan/Brown_Hair/img004923.jpg,6,Brown_Hair
img004060.jpg,star/stargan/Brown_Hair/img004060.jpg,6,Brown_Hair
img005369.jpg,star/stargan/Brown_Hair/img005369.jpg,6,Brown_Hair
img004332.jpg,star/stargan/Brown_Hair/img004332.jpg,6,Brown_Hair
img004146.jpg,star/stargan/Brown_Hair/img004146.jpg,6,Brown_Hair
img004324.jpg,star/stargan/Brown_Hair/img004324.jpg,6,Brown_Hair
img004625.jpg,star/stargan/Brown_Hair/img004625.jpg,6,Brown_Hair
img004020.jpg,star/stargan/Brown_Hair/img004020.jpg,6,Brown_Hair
img004027.jpg,star/stargan/Brown_Hair/img004027.jpg,6,Brown_Hair
img005535.jpg,star/stargan/Brown_Hair/img005535.jpg,6,Brown_Hair
img004586.jpg,star/stargan/Brown_Hair/img004586.jpg,6,Brown_Hair
img005032.jpg,star/stargan/Brown_Hair/img005032.jpg,6,Brown_Hair
img005977.jpg,star/stargan/Brown_Hair/img005977.jpg,6,Brown_Hair
img005284.jpg,star/stargan/Brown_Hair/img005284.jpg,6,Brown_Hair
img005614.jpg,star/stargan/Brown_Hair/img005614.jpg,6,Brown_Hair
img005993.jpg,star/stargan/Brown_Hair/img005993.jpg,6,Brown_Hair
img005600.jpg,star/stargan/Brown_Hair/img005600.jpg,6,Brown_Hair
img004850.jpg,star/stargan/Brown_Hair/img004850.jpg,6,Brown_Hair
img005120.jpg,star/stargan/Brown_Hair/img005120.jpg,6,Brown_Hair
img005584.jpg,star/stargan/Brown_Hair/img005584.jpg,6,Brown_Hair
img005408.jpg,star/stargan/Brown_Hair/img005408.jpg,6,Brown_Hair
img005338.jpg,star/stargan/Brown_Hair/img005338.jpg,6,Brown_Hair
img005194.jpg,star/stargan/Brown_Hair/img005194.jpg,6,Brown_Hair
img005624.jpg,star/stargan/Brown_Hair/img005624.jpg,6,Brown_Hair
img004783.jpg,star/stargan/Brown_Hair/img004783.jpg,6,Brown_Hair
img004409.jpg,star/stargan/Brown_Hair/img004409.jpg,6,Brown_Hair
img004772.jpg,star/stargan/Brown_Hair/img004772.jpg,6,Brown_Hair
img004406.jpg,star/stargan/Brown_Hair/img004406.jpg,6,Brown_Hair
img004050.jpg,star/stargan/Brown_Hair/img004050.jpg,6,Brown_Hair
img005790.jpg,star/stargan/Brown_Hair/img005790.jpg,6,Brown_Hair
img004672.jpg,star/stargan/Brown_Hair/img004672.jpg,6,Brown_Hair
img005280.jpg,star/stargan/Brown_Hair/img005280.jpg,6,Brown_Hair
img004304.jpg,star/stargan/Brown_Hair/img004304.jpg,6,Brown_Hair
img004482.jpg,star/stargan/Brown_Hair/img004482.jpg,6,Brown_Hair
img004919.jpg,star/stargan/Brown_Hair/img004919.jpg,6,Brown_Hair
img004405.jpg,star/stargan/Brown_Hair/img004405.jpg,6,Brown_Hair
img004519.jpg,star/stargan/Brown_Hair/img004519.jpg,6,Brown_Hair
img004742.jpg,star/stargan/Brown_Hair/img004742.jpg,6,Brown_Hair
img005222.jpg,star/stargan/Brown_Hair/img005222.jpg,6,Brown_Hair
img005695.jpg,star/stargan/Brown_Hair/img005695.jpg,6,Brown_Hair
img005131.jpg,star/stargan/Brown_Hair/img005131.jpg,6,Brown_Hair
img005095.jpg,star/stargan/Brown_Hair/img005095.jpg,6,Brown_Hair
img005728.jpg,star/stargan/Brown_Hair/img005728.jpg,6,Brown_Hair
img005744.jpg,star/stargan/Brown_Hair/img005744.jpg,6,Brown_Hair
img004130.jpg,star/stargan/Brown_Hair/img004130.jpg,6,Brown_Hair
img005039.jpg,star/stargan/Brown_Hair/img005039.jpg,6,Brown_Hair
img005523.jpg,star/stargan/Brown_Hair/img005523.jpg,6,Brown_Hair
img005150.jpg,star/stargan/Brown_Hair/img005150.jpg,6,Brown_Hair
img005491.jpg,star/stargan/Brown_Hair/img005491.jpg,6,Brown_Hair
img004777.jpg,star/stargan/Brown_Hair/img004777.jpg,6,Brown_Hair
img004388.jpg,star/stargan/Brown_Hair/img004388.jpg,6,Brown_Hair
img005484.jpg,star/stargan/Brown_Hair/img005484.jpg,6,Brown_Hair
img004554.jpg,star/stargan/Brown_Hair/img004554.jpg,6,Brown_Hair
img004756.jpg,star/stargan/Brown_Hair/img004756.jpg,6,Brown_Hair
img004619.jpg,star/stargan/Brown_Hair/img004619.jpg,6,Brown_Hair
img005711.jpg,star/stargan/Brown_Hair/img005711.jpg,6,Brown_Hair
img004035.jpg,star/stargan/Brown_Hair/img004035.jpg,6,Brown_Hair
img004116.jpg,star/stargan/Brown_Hair/img004116.jpg,6,Brown_Hair
img005097.jpg,star/stargan/Brown_Hair/img005097.jpg,6,Brown_Hair
img004253.jpg,star/stargan/Brown_Hair/img004253.jpg,6,Brown_Hair
img004359.jpg,star/stargan/Brown_Hair/img004359.jpg,6,Brown_Hair
img005865.jpg,star/stargan/Brown_Hair/img005865.jpg,6,Brown_Hair
img004762.jpg,star/stargan/Brown_Hair/img004762.jpg,6,Brown_Hair
img004054.jpg,star/stargan/Brown_Hair/img004054.jpg,6,Brown_Hair
img004014.jpg,star/stargan/Brown_Hair/img004014.jpg,6,Brown_Hair
img004768.jpg,star/stargan/Brown_Hair/img004768.jpg,6,Brown_Hair
img005209.jpg,star/stargan/Brown_Hair/img005209.jpg,6,Brown_Hair
img005270.jpg,star/stargan/Brown_Hair/img005270.jpg,6,Brown_Hair
img005536.jpg,star/stargan/Brown_Hair/img005536.jpg,6,Brown_Hair
img005436.jpg,star/stargan/Brown_Hair/img005436.jpg,6,Brown_Hair
img004291.jpg,star/stargan/Brown_Hair/img004291.jpg,6,Brown_Hair
img005013.jpg,star/stargan/Brown_Hair/img005013.jpg,6,Brown_Hair
img004938.jpg,star/stargan/Brown_Hair/img004938.jpg,6,Brown_Hair
img004114.jpg,star/stargan/Brown_Hair/img004114.jpg,6,Brown_Hair
img004360.jpg,star/stargan/Brown_Hair/img004360.jpg,6,Brown_Hair
img005808.jpg,star/stargan/Brown_Hair/img005808.jpg,6,Brown_Hair
img004410.jpg,star/stargan/Brown_Hair/img004410.jpg,6,Brown_Hair
img005995.jpg,star/stargan/Brown_Hair/img005995.jpg,6,Brown_Hair
img004749.jpg,star/stargan/Brown_Hair/img004749.jpg,6,Brown_Hair
img004078.jpg,star/stargan/Brown_Hair/img004078.jpg,6,Brown_Hair
img004615.jpg,star/stargan/Brown_Hair/img004615.jpg,6,Brown_Hair
img004345.jpg,star/stargan/Brown_Hair/img004345.jpg,6,Brown_Hair
img004575.jpg,star/stargan/Brown_Hair/img004575.jpg,6,Brown_Hair
img005080.jpg,star/stargan/Brown_Hair/img005080.jpg,6,Brown_Hair
img005372.jpg,star/stargan/Brown_Hair/img005372.jpg,6,Brown_Hair
img005686.jpg,star/stargan/Brown_Hair/img005686.jpg,6,Brown_Hair
img004839.jpg,star/stargan/Brown_Hair/img004839.jpg,6,Brown_Hair
img004483.jpg,star/stargan/Brown_Hair/img004483.jpg,6,Brown_Hair
img004810.jpg,star/stargan/Brown_Hair/img004810.jpg,6,Brown_Hair
img005249.jpg,star/stargan/Brown_Hair/img005249.jpg,6,Brown_Hair
img005127.jpg,star/stargan/Brown_Hair/img005127.jpg,6,Brown_Hair
img004152.jpg,star/stargan/Brown_Hair/img004152.jpg,6,Brown_Hair
img004279.jpg,star/stargan/Brown_Hair/img004279.jpg,6,Brown_Hair
img004296.jpg,star/stargan/Brown_Hair/img004296.jpg,6,Brown_Hair
img005012.jpg,star/stargan/Brown_Hair/img005012.jpg,6,Brown_Hair
img004267.jpg,star/stargan/Brown_Hair/img004267.jpg,6,Brown_Hair
img004347.jpg,star/stargan/Brown_Hair/img004347.jpg,6,Brown_Hair
img004507.jpg,star/stargan/Brown_Hair/img004507.jpg,6,Brown_Hair
img004956.jpg,star/stargan/Brown_Hair/img004956.jpg,6,Brown_Hair
img004495.jpg,star/stargan/Brown_Hair/img004495.jpg,6,Brown_Hair
img004107.jpg,star/stargan/Brown_Hair/img004107.jpg,6,Brown_Hair
img004553.jpg,star/stargan/Brown_Hair/img004553.jpg,6,Brown_Hair
img004486.jpg,star/stargan/Brown_Hair/img004486.jpg,6,Brown_Hair
img004090.jpg,star/stargan/Brown_Hair/img004090.jpg,6,Brown_Hair
img004618.jpg,star/stargan/Brown_Hair/img004618.jpg,6,Brown_Hair
img004171.jpg,star/stargan/Brown_Hair/img004171.jpg,6,Brown_Hair
img004736.jpg,star/stargan/Brown_Hair/img004736.jpg,6,Brown_Hair
img004582.jpg,star/stargan/Brown_Hair/img004582.jpg,6,Brown_Hair
img004800.jpg,star/stargan/Brown_Hair/img004800.jpg,6,Brown_Hair
img005303.jpg,star/stargan/Brown_Hair/img005303.jpg,6,Brown_Hair
img005399.jpg,star/stargan/Brown_Hair/img005399.jpg,6,Brown_Hair
img004815.jpg,star/stargan/Brown_Hair/img004815.jpg,6,Brown_Hair
img005035.jpg,star/stargan/Brown_Hair/img005035.jpg,6,Brown_Hair
img005282.jpg,star/stargan/Brown_Hair/img005282.jpg,6,Brown_Hair
img005675.jpg,star/stargan/Brown_Hair/img005675.jpg,6,Brown_Hair
img004091.jpg,star/stargan/Brown_Hair/img004091.jpg,6,Brown_Hair
img005626.jpg,star/stargan/Brown_Hair/img005626.jpg,6,Brown_Hair
img004444.jpg,star/stargan/Brown_Hair/img004444.jpg,6,Brown_Hair
img005730.jpg,star/stargan/Brown_Hair/img005730.jpg,6,Brown_Hair
img005129.jpg,star/stargan/Brown_Hair/img005129.jpg,6,Brown_Hair
img005680.jpg,star/stargan/Brown_Hair/img005680.jpg,6,Brown_Hair
img005618.jpg,star/stargan/Brown_Hair/img005618.jpg,6,Brown_Hair
img004001.jpg,star/stargan/Brown_Hair/img004001.jpg,6,Brown_Hair
img004567.jpg,star/stargan/Brown_Hair/img004567.jpg,6,Brown_Hair
img004861.jpg,star/stargan/Brown_Hair/img004861.jpg,6,Brown_Hair
img004985.jpg,star/stargan/Brown_Hair/img004985.jpg,6,Brown_Hair
img004735.jpg,star/stargan/Brown_Hair/img004735.jpg,6,Brown_Hair
img005075.jpg,star/stargan/Brown_Hair/img005075.jpg,6,Brown_Hair
img004003.jpg,star/stargan/Brown_Hair/img004003.jpg,6,Brown_Hair
img005026.jpg,star/stargan/Brown_Hair/img005026.jpg,6,Brown_Hair
img004748.jpg,star/stargan/Brown_Hair/img004748.jpg,6,Brown_Hair
img005943.jpg,star/stargan/Brown_Hair/img005943.jpg,6,Brown_Hair
img004031.jpg,star/stargan/Brown_Hair/img004031.jpg,6,Brown_Hair
img004936.jpg,star/stargan/Brown_Hair/img004936.jpg,6,Brown_Hair
img004646.jpg,star/stargan/Brown_Hair/img004646.jpg,6,Brown_Hair
img004101.jpg,star/stargan/Brown_Hair/img004101.jpg,6,Brown_Hair
img004531.jpg,star/stargan/Brown_Hair/img004531.jpg,6,Brown_Hair
img004705.jpg,star/stargan/Brown_Hair/img004705.jpg,6,Brown_Hair
img004584.jpg,star/stargan/Brown_Hair/img004584.jpg,6,Brown_Hair
img004559.jpg,star/stargan/Brown_Hair/img004559.jpg,6,Brown_Hair
img004392.jpg,star/stargan/Brown_Hair/img004392.jpg,6,Brown_Hair
img004205.jpg,star/stargan/Brown_Hair/img004205.jpg,6,Brown_Hair
img005771.jpg,star/stargan/Brown_Hair/img005771.jpg,6,Brown_Hair
img005545.jpg,star/stargan/Brown_Hair/img005545.jpg,6,Brown_Hair
img005412.jpg,star/stargan/Brown_Hair/img005412.jpg,6,Brown_Hair
img005218.jpg,star/stargan/Brown_Hair/img005218.jpg,6,Brown_Hair
img004000.jpg,star/stargan/Brown_Hair/img004000.jpg,6,Brown_Hair
img005286.jpg,star/stargan/Brown_Hair/img005286.jpg,6,Brown_Hair
img005357.jpg,star/stargan/Brown_Hair/img005357.jpg,6,Brown_Hair
img005827.jpg,star/stargan/Brown_Hair/img005827.jpg,6,Brown_Hair
img004920.jpg,star/stargan/Brown_Hair/img004920.jpg,6,Brown_Hair
img005639.jpg,star/stargan/Brown_Hair/img005639.jpg,6,Brown_Hair
img004933.jpg,star/stargan/Brown_Hair/img004933.jpg,6,Brown_Hair
img005227.jpg,star/stargan/Brown_Hair/img005227.jpg,6,Brown_Hair
img005727.jpg,star/stargan/Brown_Hair/img005727.jpg,6,Brown_Hair
img005637.jpg,star/stargan/Brown_Hair/img005637.jpg,6,Brown_Hair
img005797.jpg,star/stargan/Brown_Hair/img005797.jpg,6,Brown_Hair
img005065.jpg,star/stargan/Brown_Hair/img005065.jpg,6,Brown_Hair
img005735.jpg,star/stargan/Brown_Hair/img005735.jpg,6,Brown_Hair
img005643.jpg,star/stargan/Brown_Hair/img005643.jpg,6,Brown_Hair
img004603.jpg,star/stargan/Brown_Hair/img004603.jpg,6,Brown_Hair
img004026.jpg,star/stargan/Brown_Hair/img004026.jpg,6,Brown_Hair
img005165.jpg,star/stargan/Brown_Hair/img005165.jpg,6,Brown_Hair
img005256.jpg,star/stargan/Brown_Hair/img005256.jpg,6,Brown_Hair
img004886.jpg,star/stargan/Brown_Hair/img004886.jpg,6,Brown_Hair
img005583.jpg,star/stargan/Brown_Hair/img005583.jpg,6,Brown_Hair
img005532.jpg,star/stargan/Brown_Hair/img005532.jpg,6,Brown_Hair
img004269.jpg,star/stargan/Brown_Hair/img004269.jpg,6,Brown_Hair
img005986.jpg,star/stargan/Brown_Hair/img005986.jpg,6,Brown_Hair
img005715.jpg,star/stargan/Brown_Hair/img005715.jpg,6,Brown_Hair
img005693.jpg,star/stargan/Brown_Hair/img005693.jpg,6,Brown_Hair
img004937.jpg,star/stargan/Brown_Hair/img004937.jpg,6,Brown_Hair
img004547.jpg,star/stargan/Brown_Hair/img004547.jpg,6,Brown_Hair
img004034.jpg,star/stargan/Brown_Hair/img004034.jpg,6,Brown_Hair
img005123.jpg,star/stargan/Brown_Hair/img005123.jpg,6,Brown_Hair
img005243.jpg,star/stargan/Brown_Hair/img005243.jpg,6,Brown_Hair
img005724.jpg,star/stargan/Brown_Hair/img005724.jpg,6,Brown_Hair
img004125.jpg,star/stargan/Brown_Hair/img004125.jpg,6,Brown_Hair
img004900.jpg,star/stargan/Brown_Hair/img004900.jpg,6,Brown_Hair
img005482.jpg,star/stargan/Brown_Hair/img005482.jpg,6,Brown_Hair
img005100.jpg,star/stargan/Brown_Hair/img005100.jpg,6,Brown_Hair
img005915.jpg,star/stargan/Brown_Hair/img005915.jpg,6,Brown_Hair
img004446.jpg,star/stargan/Brown_Hair/img004446.jpg,6,Brown_Hair
img004470.jpg,star/stargan/Brown_Hair/img004470.jpg,6,Brown_Hair
img005765.jpg,star/stargan/Brown_Hair/img005765.jpg,6,Brown_Hair
img005304.jpg,star/stargan/Brown_Hair/img005304.jpg,6,Brown_Hair
img005940.jpg,star/stargan/Brown_Hair/img005940.jpg,6,Brown_Hair
img005556.jpg,star/stargan/Brown_Hair/img005556.jpg,6,Brown_Hair
img004870.jpg,star/stargan/Brown_Hair/img004870.jpg,6,Brown_Hair
img004518.jpg,star/stargan/Brown_Hair/img004518.jpg,6,Brown_Hair
img005084.jpg,star/stargan/Brown_Hair/img005084.jpg,6,Brown_Hair
img005108.jpg,star/stargan/Brown_Hair/img005108.jpg,6,Brown_Hair
img004307.jpg,star/stargan/Brown_Hair/img004307.jpg,6,Brown_Hair
img004161.jpg,star/stargan/Brown_Hair/img004161.jpg,6,Brown_Hair
img004176.jpg,star/stargan/Brown_Hair/img004176.jpg,6,Brown_Hair
img005313.jpg,star/stargan/Brown_Hair/img005313.jpg,6,Brown_Hair
img005710.jpg,star/stargan/Brown_Hair/img005710.jpg,6,Brown_Hair
img005173.jpg,star/stargan/Brown_Hair/img005173.jpg,6,Brown_Hair
img004565.jpg,star/stargan/Brown_Hair/img004565.jpg,6,Brown_Hair
img004827.jpg,star/stargan/Brown_Hair/img004827.jpg,6,Brown_Hair
img005486.jpg,star/stargan/Brown_Hair/img005486.jpg,6,Brown_Hair
img005974.jpg,star/stargan/Brown_Hair/img005974.jpg,6,Brown_Hair
img005425.jpg,star/stargan/Brown_Hair/img005425.jpg,6,Brown_Hair
img004626.jpg,star/stargan/Brown_Hair/img004626.jpg,6,Brown_Hair
img005760.jpg,star/stargan/Brown_Hair/img005760.jpg,6,Brown_Hair
img005379.jpg,star/stargan/Brown_Hair/img005379.jpg,6,Brown_Hair
img005089.jpg,star/stargan/Brown_Hair/img005089.jpg,6,Brown_Hair
img005605.jpg,star/stargan/Brown_Hair/img005605.jpg,6,Brown_Hair
img005522.jpg,star/stargan/Brown_Hair/img005522.jpg,6,Brown_Hair
img005996.jpg,star/stargan/Brown_Hair/img005996.jpg,6,Brown_Hair
img004313.jpg,star/stargan/Brown_Hair/img004313.jpg,6,Brown_Hair
img005420.jpg,star/stargan/Brown_Hair/img005420.jpg,6,Brown_Hair
img005275.jpg,star/stargan/Brown_Hair/img005275.jpg,6,Brown_Hair
img005085.jpg,star/stargan/Brown_Hair/img005085.jpg,6,Brown_Hair
img005373.jpg,star/stargan/Brown_Hair/img005373.jpg,6,Brown_Hair
img004039.jpg,star/stargan/Brown_Hair/img004039.jpg,6,Brown_Hair
img005867.jpg,star/stargan/Brown_Hair/img005867.jpg,6,Brown_Hair
img005024.jpg,star/stargan/Brown_Hair/img005024.jpg,6,Brown_Hair
img004925.jpg,star/stargan/Brown_Hair/img004925.jpg,6,Brown_Hair
img005562.jpg,star/stargan/Brown_Hair/img005562.jpg,6,Brown_Hair
img004278.jpg,star/stargan/Brown_Hair/img004278.jpg,6,Brown_Hair
img005367.jpg,star/stargan/Brown_Hair/img005367.jpg,6,Brown_Hair
img005810.jpg,star/stargan/Brown_Hair/img005810.jpg,6,Brown_Hair
img005093.jpg,star/stargan/Brown_Hair/img005093.jpg,6,Brown_Hair
img004180.jpg,star/stargan/Brown_Hair/img004180.jpg,6,Brown_Hair
img004493.jpg,star/stargan/Brown_Hair/img004493.jpg,6,Brown_Hair
img004924.jpg,star/stargan/Brown_Hair/img004924.jpg,6,Brown_Hair
img005789.jpg,star/stargan/Brown_Hair/img005789.jpg,6,Brown_Hair
img005271.jpg,star/stargan/Brown_Hair/img005271.jpg,6,Brown_Hair
img004265.jpg,star/stargan/Brown_Hair/img004265.jpg,6,Brown_Hair
img005206.jpg,star/stargan/Brown_Hair/img005206.jpg,6,Brown_Hair
img005788.jpg,star/stargan/Brown_Hair/img005788.jpg,6,Brown_Hair
img004555.jpg,star/stargan/Brown_Hair/img004555.jpg,6,Brown_Hair
img004280.jpg,star/stargan/Brown_Hair/img004280.jpg,6,Brown_Hair
img004139.jpg,star/stargan/Brown_Hair/img004139.jpg,6,Brown_Hair
img004182.jpg,star/stargan/Brown_Hair/img004182.jpg,6,Brown_Hair
img005335.jpg,star/stargan/Brown_Hair/img005335.jpg,6,Brown_Hair
img005647.jpg,star/stargan/Brown_Hair/img005647.jpg,6,Brown_Hair
img005116.jpg,star/stargan/Brown_Hair/img005116.jpg,6,Brown_Hair
img005102.jpg,star/stargan/Brown_Hair/img005102.jpg,6,Brown_Hair
img004793.jpg,star/stargan/Brown_Hair/img004793.jpg,6,Brown_Hair
img004513.jpg,star/stargan/Brown_Hair/img004513.jpg,6,Brown_Hair
img005072.jpg,star/stargan/Brown_Hair/img005072.jpg,6,Brown_Hair
img005336.jpg,star/stargan/Brown_Hair/img005336.jpg,6,Brown_Hair
img004709.jpg,star/stargan/Brown_Hair/img004709.jpg,6,Brown_Hair
img004271.jpg,star/stargan/Brown_Hair/img004271.jpg,6,Brown_Hair
img005514.jpg,star/stargan/Brown_Hair/img005514.jpg,6,Brown_Hair
img005418.jpg,star/stargan/Brown_Hair/img005418.jpg,6,Brown_Hair
img004999.jpg,star/stargan/Brown_Hair/img004999.jpg,6,Brown_Hair
img005496.jpg,star/stargan/Brown_Hair/img005496.jpg,6,Brown_Hair
img005216.jpg,star/stargan/Brown_Hair/img005216.jpg,6,Brown_Hair
img004113.jpg,star/stargan/Brown_Hair/img004113.jpg,6,Brown_Hair
img005272.jpg,star/stargan/Brown_Hair/img005272.jpg,6,Brown_Hair
img005551.jpg,star/stargan/Brown_Hair/img005551.jpg,6,Brown_Hair
img005125.jpg,star/stargan/Brown_Hair/img005125.jpg,6,Brown_Hair
img005814.jpg,star/stargan/Brown_Hair/img005814.jpg,6,Brown_Hair
img004059.jpg,star/stargan/Brown_Hair/img004059.jpg,6,Brown_Hair
img004546.jpg,star/stargan/Brown_Hair/img004546.jpg,6,Brown_Hair
img004790.jpg,star/stargan/Brown_Hair/img004790.jpg,6,Brown_Hair
img004897.jpg,star/stargan/Brown_Hair/img004897.jpg,6,Brown_Hair
img004792.jpg,star/stargan/Brown_Hair/img004792.jpg,6,Brown_Hair
img004837.jpg,star/stargan/Brown_Hair/img004837.jpg,6,Brown_Hair
img005245.jpg,star/stargan/Brown_Hair/img005245.jpg,6,Brown_Hair
img005692.jpg,star/stargan/Brown_Hair/img005692.jpg,6,Brown_Hair
img005073.jpg,star/stargan/Brown_Hair/img005073.jpg,6,Brown_Hair
img005395.jpg,star/stargan/Brown_Hair/img005395.jpg,6,Brown_Hair
img004882.jpg,star/stargan/Brown_Hair/img004882.jpg,6,Brown_Hair
img005630.jpg,star/stargan/Brown_Hair/img005630.jpg,6,Brown_Hair
img005342.jpg,star/stargan/Brown_Hair/img005342.jpg,6,Brown_Hair
img004236.jpg,star/stargan/Brown_Hair/img004236.jpg,6,Brown_Hair
img005521.jpg,star/stargan/Brown_Hair/img005521.jpg,6,Brown_Hair
img004903.jpg,star/stargan/Brown_Hair/img004903.jpg,6,Brown_Hair
img004522.jpg,star/stargan/Brown_Hair/img004522.jpg,6,Brown_Hair
img004889.jpg,star/stargan/Brown_Hair/img004889.jpg,6,Brown_Hair
img004926.jpg,star/stargan/Brown_Hair/img004926.jpg,6,Brown_Hair
img004798.jpg,star/stargan/Brown_Hair/img004798.jpg,6,Brown_Hair
img005104.jpg,star/stargan/Brown_Hair/img005104.jpg,6,Brown_Hair
img004552.jpg,star/stargan/Brown_Hair/img004552.jpg,6,Brown_Hair
img004577.jpg,star/stargan/Brown_Hair/img004577.jpg,6,Brown_Hair
img004255.jpg,star/stargan/Brown_Hair/img004255.jpg,6,Brown_Hair
img004420.jpg,star/stargan/Brown_Hair/img004420.jpg,6,Brown_Hair
img005318.jpg,star/stargan/Brown_Hair/img005318.jpg,6,Brown_Hair
img004208.jpg,star/stargan/Brown_Hair/img004208.jpg,6,Brown_Hair
img004971.jpg,star/stargan/Brown_Hair/img004971.jpg,6,Brown_Hair
img004796.jpg,star/stargan/Brown_Hair/img004796.jpg,6,Brown_Hair
img004102.jpg,star/stargan/Brown_Hair/img004102.jpg,6,Brown_Hair
img005700.jpg,star/stargan/Brown_Hair/img005700.jpg,6,Brown_Hair
img004179.jpg,star/stargan/Brown_Hair/img004179.jpg,6,Brown_Hair
img004608.jpg,star/stargan/Brown_Hair/img004608.jpg,6,Brown_Hair
img004807.jpg,star/stargan/Brown_Hair/img004807.jpg,6,Brown_Hair
img005615.jpg,star/stargan/Brown_Hair/img005615.jpg,6,Brown_Hair
img005497.jpg,star/stargan/Brown_Hair/img005497.jpg,6,Brown_Hair
img004002.jpg,star/stargan/Brown_Hair/img004002.jpg,6,Brown_Hair
img005241.jpg,star/stargan/Brown_Hair/img005241.jpg,6,Brown_Hair
img005077.jpg,star/stargan/Brown_Hair/img005077.jpg,6,Brown_Hair
img005857.jpg,star/stargan/Brown_Hair/img005857.jpg,6,Brown_Hair
img005220.jpg,star/stargan/Brown_Hair/img005220.jpg,6,Brown_Hair
img005722.jpg,star/stargan/Brown_Hair/img005722.jpg,6,Brown_Hair
img004487.jpg,star/stargan/Brown_Hair/img004487.jpg,6,Brown_Hair
img004429.jpg,star/stargan/Brown_Hair/img004429.jpg,6,Brown_Hair
img005187.jpg,star/stargan/Brown_Hair/img005187.jpg,6,Brown_Hair
img005086.jpg,star/stargan/Brown_Hair/img005086.jpg,6,Brown_Hair
img004015.jpg,star/stargan/Brown_Hair/img004015.jpg,6,Brown_Hair
img005285.jpg,star/stargan/Brown_Hair/img005285.jpg,6,Brown_Hair
img004934.jpg,star/stargan/Brown_Hair/img004934.jpg,6,Brown_Hair
img005428.jpg,star/stargan/Brown_Hair/img005428.jpg,6,Brown_Hair
img004455.jpg,star/stargan/Brown_Hair/img004455.jpg,6,Brown_Hair
img004010.jpg,star/stargan/Brown_Hair/img004010.jpg,6,Brown_Hair
img004273.jpg,star/stargan/Brown_Hair/img004273.jpg,6,Brown_Hair
img004120.jpg,star/stargan/Brown_Hair/img004120.jpg,6,Brown_Hair
img005573.jpg,star/stargan/Brown_Hair/img005573.jpg,6,Brown_Hair
img005401.jpg,star/stargan/Brown_Hair/img005401.jpg,6,Brown_Hair
img004112.jpg,star/stargan/Brown_Hair/img004112.jpg,6,Brown_Hair
img005349.jpg,star/stargan/Brown_Hair/img005349.jpg,6,Brown_Hair
img004256.jpg,star/stargan/Brown_Hair/img004256.jpg,6,Brown_Hair
img004851.jpg,star/stargan/Brown_Hair/img004851.jpg,6,Brown_Hair
img004670.jpg,star/stargan/Brown_Hair/img004670.jpg,6,Brown_Hair
img005316.jpg,star/stargan/Brown_Hair/img005316.jpg,6,Brown_Hair
img005172.jpg,star/stargan/Brown_Hair/img005172.jpg,6,Brown_Hair
img004568.jpg,star/stargan/Brown_Hair/img004568.jpg,6,Brown_Hair
img004134.jpg,star/stargan/Brown_Hair/img004134.jpg,6,Brown_Hair
img004732.jpg,star/stargan/Brown_Hair/img004732.jpg,6,Brown_Hair
img005685.jpg,star/stargan/Brown_Hair/img005685.jpg,6,Brown_Hair
img005902.jpg,star/stargan/Brown_Hair/img005902.jpg,6,Brown_Hair
img004223.jpg,star/stargan/Brown_Hair/img004223.jpg,6,Brown_Hair
img004442.jpg,star/stargan/Brown_Hair/img004442.jpg,6,Brown_Hair
img005105.jpg,star/stargan/Brown_Hair/img005105.jpg,6,Brown_Hair
img004356.jpg,star/stargan/Brown_Hair/img004356.jpg,6,Brown_Hair
img004957.jpg,star/stargan/Brown_Hair/img004957.jpg,6,Brown_Hair
img004494.jpg,star/stargan/Brown_Hair/img004494.jpg,6,Brown_Hair
img004460.jpg,star/stargan/Brown_Hair/img004460.jpg,6,Brown_Hair
img005244.jpg,star/stargan/Brown_Hair/img005244.jpg,6,Brown_Hair
img005081.jpg,star/stargan/Brown_Hair/img005081.jpg,6,Brown_Hair
img004348.jpg,star/stargan/Brown_Hair/img004348.jpg,6,Brown_Hair
img005848.jpg,star/stargan/Brown_Hair/img005848.jpg,6,Brown_Hair
img004819.jpg,star/stargan/Brown_Hair/img004819.jpg,6,Brown_Hair
img004502.jpg,star/stargan/Brown_Hair/img004502.jpg,6,Brown_Hair
img004073.jpg,star/stargan/Brown_Hair/img004073.jpg,6,Brown_Hair
img004028.jpg,star/stargan/Brown_Hair/img004028.jpg,6,Brown_Hair
img005970.jpg,star/stargan/Brown_Hair/img005970.jpg,6,Brown_Hair
img004504.jpg,star/stargan/Brown_Hair/img004504.jpg,6,Brown_Hair
img005631.jpg,star/stargan/Brown_Hair/img005631.jpg,6,Brown_Hair
img005197.jpg,star/stargan/Brown_Hair/img005197.jpg,6,Brown_Hair
img005473.jpg,star/stargan/Brown_Hair/img005473.jpg,6,Brown_Hair
img004609.jpg,star/stargan/Brown_Hair/img004609.jpg,6,Brown_Hair
img005195.jpg,star/stargan/Brown_Hair/img005195.jpg,6,Brown_Hair
img005018.jpg,star/stargan/Brown_Hair/img005018.jpg,6,Brown_Hair
img005283.jpg,star/stargan/Brown_Hair/img005283.jpg,6,Brown_Hair
img005191.jpg,star/stargan/Brown_Hair/img005191.jpg,6,Brown_Hair
img004440.jpg,star/stargan/Brown_Hair/img004440.jpg,6,Brown_Hair
img004275.jpg,star/stargan/Brown_Hair/img004275.jpg,6,Brown_Hair
img005224.jpg,star/stargan/Brown_Hair/img005224.jpg,6,Brown_Hair
img005782.jpg,star/stargan/Brown_Hair/img005782.jpg,6,Brown_Hair
img005872.jpg,star/stargan/Brown_Hair/img005872.jpg,6,Brown_Hair
img004233.jpg,star/stargan/Brown_Hair/img004233.jpg,6,Brown_Hair
img004902.jpg,star/stargan/Brown_Hair/img004902.jpg,6,Brown_Hair
img005074.jpg,star/stargan/Brown_Hair/img005074.jpg,6,Brown_Hair
img004945.jpg,star/stargan/Brown_Hair/img004945.jpg,6,Brown_Hair
img005931.jpg,star/stargan/Brown_Hair/img005931.jpg,6,Brown_Hair
img004449.jpg,star/stargan/Brown_Hair/img004449.jpg,6,Brown_Hair
img006363.jpg,star/stargan/Male/img006363.jpg,6,Male
img006155.jpg,star/stargan/Male/img006155.jpg,6,Male
img007079.jpg,star/stargan/Male/img007079.jpg,6,Male
img007291.jpg,star/stargan/Male/img007291.jpg,6,Male
img006070.jpg,star/stargan/Male/img006070.jpg,6,Male
img007069.jpg,star/stargan/Male/img007069.jpg,6,Male
img006807.jpg,star/stargan/Male/img006807.jpg,6,Male
img006042.jpg,star/stargan/Male/img006042.jpg,6,Male
img007796.jpg,star/stargan/Male/img007796.jpg,6,Male
img006413.jpg,star/stargan/Male/img006413.jpg,6,Male
img006780.jpg,star/stargan/Male/img006780.jpg,6,Male
img007094.jpg,star/stargan/Male/img007094.jpg,6,Male
img007928.jpg,star/stargan/Male/img007928.jpg,6,Male
img007260.jpg,star/stargan/Male/img007260.jpg,6,Male
img006899.jpg,star/stargan/Male/img006899.jpg,6,Male
img006164.jpg,star/stargan/Male/img006164.jpg,6,Male
img006982.jpg,star/stargan/Male/img006982.jpg,6,Male
img006062.jpg,star/stargan/Male/img006062.jpg,6,Male
img007521.jpg,star/stargan/Male/img007521.jpg,6,Male
img006451.jpg,star/stargan/Male/img006451.jpg,6,Male
img006002.jpg,star/stargan/Male/img006002.jpg,6,Male
img006792.jpg,star/stargan/Male/img006792.jpg,6,Male
img007616.jpg,star/stargan/Male/img007616.jpg,6,Male
img006486.jpg,star/stargan/Male/img006486.jpg,6,Male
img006369.jpg,star/stargan/Male/img006369.jpg,6,Male
img007285.jpg,star/stargan/Male/img007285.jpg,6,Male
img007636.jpg,star/stargan/Male/img007636.jpg,6,Male
img006605.jpg,star/stargan/Male/img006605.jpg,6,Male
img007769.jpg,star/stargan/Male/img007769.jpg,6,Male
img007888.jpg,star/stargan/Male/img007888.jpg,6,Male
img006447.jpg,star/stargan/Male/img006447.jpg,6,Male
img007573.jpg,star/stargan/Male/img007573.jpg,6,Male
img006941.jpg,star/stargan/Male/img006941.jpg,6,Male
img007974.jpg,star/stargan/Male/img007974.jpg,6,Male
img006600.jpg,star/stargan/Male/img006600.jpg,6,Male
img007068.jpg,star/stargan/Male/img007068.jpg,6,Male
img007392.jpg,star/stargan/Male/img007392.jpg,6,Male
img007232.jpg,star/stargan/Male/img007232.jpg,6,Male
img006934.jpg,star/stargan/Male/img006934.jpg,6,Male
img006470.jpg,star/stargan/Male/img006470.jpg,6,Male
img007839.jpg,star/stargan/Male/img007839.jpg,6,Male
img007081.jpg,star/stargan/Male/img007081.jpg,6,Male
img007175.jpg,star/stargan/Male/img007175.jpg,6,Male
img007267.jpg,star/stargan/Male/img007267.jpg,6,Male
img006955.jpg,star/stargan/Male/img006955.jpg,6,Male
img006010.jpg,star/stargan/Male/img006010.jpg,6,Male
img007577.jpg,star/stargan/Male/img007577.jpg,6,Male
img007184.jpg,star/stargan/Male/img007184.jpg,6,Male
img006051.jpg,star/stargan/Male/img006051.jpg,6,Male
img007057.jpg,star/stargan/Male/img007057.jpg,6,Male
img007698.jpg,star/stargan/Male/img007698.jpg,6,Male
img007558.jpg,star/stargan/Male/img007558.jpg,6,Male
img006611.jpg,star/stargan/Male/img006611.jpg,6,Male
img006644.jpg,star/stargan/Male/img006644.jpg,6,Male
img006018.jpg,star/stargan/Male/img006018.jpg,6,Male
img006074.jpg,star/stargan/Male/img006074.jpg,6,Male
img007007.jpg,star/stargan/Male/img007007.jpg,6,Male
img006327.jpg,star/stargan/Male/img006327.jpg,6,Male
img007134.jpg,star/stargan/Male/img007134.jpg,6,Male
img007490.jpg,star/stargan/Male/img007490.jpg,6,Male
img007941.jpg,star/stargan/Male/img007941.jpg,6,Male
img006826.jpg,star/stargan/Male/img006826.jpg,6,Male
img006279.jpg,star/stargan/Male/img006279.jpg,6,Male
img007167.jpg,star/stargan/Male/img007167.jpg,6,Male
img006790.jpg,star/stargan/Male/img006790.jpg,6,Male
img007633.jpg,star/stargan/Male/img007633.jpg,6,Male
img007887.jpg,star/stargan/Male/img007887.jpg,6,Male
img007740.jpg,star/stargan/Male/img007740.jpg,6,Male
img006114.jpg,star/stargan/Male/img006114.jpg,6,Male
img006128.jpg,star/stargan/Male/img006128.jpg,6,Male
img006995.jpg,star/stargan/Male/img006995.jpg,6,Male
img006822.jpg,star/stargan/Male/img006822.jpg,6,Male
img007305.jpg,star/stargan/Male/img007305.jpg,6,Male
img006001.jpg,star/stargan/Male/img006001.jpg,6,Male
img007347.jpg,star/stargan/Male/img007347.jpg,6,Male
img006212.jpg,star/stargan/Male/img006212.jpg,6,Male
img007107.jpg,star/stargan/Male/img007107.jpg,6,Male
img006637.jpg,star/stargan/Male/img006637.jpg,6,Male
img006453.jpg,star/stargan/Male/img006453.jpg,6,Male
img006326.jpg,star/stargan/Male/img006326.jpg,6,Male
img006879.jpg,star/stargan/Male/img006879.jpg,6,Male
img007741.jpg,star/stargan/Male/img007741.jpg,6,Male
img006116.jpg,star/stargan/Male/img006116.jpg,6,Male
img007506.jpg,star/stargan/Male/img007506.jpg,6,Male
img007390.jpg,star/stargan/Male/img007390.jpg,6,Male
img007885.jpg,star/stargan/Male/img007885.jpg,6,Male
img006771.jpg,star/stargan/Male/img006771.jpg,6,Male
img006206.jpg,star/stargan/Male/img006206.jpg,6,Male
img007254.jpg,star/stargan/Male/img007254.jpg,6,Male
img006547.jpg,star/stargan/Male/img006547.jpg,6,Male
img007988.jpg,star/stargan/Male/img007988.jpg,6,Male
img006329.jpg,star/stargan/Male/img006329.jpg,6,Male
img006825.jpg,star/stargan/Male/img006825.jpg,6,Male
img006910.jpg,star/stargan/Male/img006910.jpg,6,Male
img006939.jpg,star/stargan/Male/img006939.jpg,6,Male
img006368.jpg,star/stargan/Male/img006368.jpg,6,Male
img006160.jpg,star/stargan/Male/img006160.jpg,6,Male
img007541.jpg,star/stargan/Male/img007541.jpg,6,Male
img007480.jpg,star/stargan/Male/img007480.jpg,6,Male
img006295.jpg,star/stargan/Male/img006295.jpg,6,Male
img007786.jpg,star/stargan/Male/img007786.jpg,6,Male
img006337.jpg,star/stargan/Male/img006337.jpg,6,Male
img007489.jpg,star/stargan/Male/img007489.jpg,6,Male
img007171.jpg,star/stargan/Male/img007171.jpg,6,Male
img007214.jpg,star/stargan/Male/img007214.jpg,6,Male
img007330.jpg,star/stargan/Male/img007330.jpg,6,Male
img006232.jpg,star/stargan/Male/img006232.jpg,6,Male
img007458.jpg,star/stargan/Male/img007458.jpg,6,Male
img007269.jpg,star/stargan/Male/img007269.jpg,6,Male
img006251.jpg,star/stargan/Male/img006251.jpg,6,Male
img007915.jpg,star/stargan/Male/img007915.jpg,6,Male
img006758.jpg,star/stargan/Male/img006758.jpg,6,Male
img006161.jpg,star/stargan/Male/img006161.jpg,6,Male
img006659.jpg,star/stargan/Male/img006659.jpg,6,Male
img007160.jpg,star/stargan/Male/img007160.jpg,6,Male
img007472.jpg,star/stargan/Male/img007472.jpg,6,Male
img007136.jpg,star/stargan/Male/img007136.jpg,6,Male
img006578.jpg,star/stargan/Male/img006578.jpg,6,Male
img007978.jpg,star/stargan/Male/img007978.jpg,6,Male
img006591.jpg,star/stargan/Male/img006591.jpg,6,Male
img007322.jpg,star/stargan/Male/img007322.jpg,6,Male
img006586.jpg,star/stargan/Male/img006586.jpg,6,Male
img007793.jpg,star/stargan/Male/img007793.jpg,6,Male
img006141.jpg,star/stargan/Male/img006141.jpg,6,Male
img006797.jpg,star/stargan/Male/img006797.jpg,6,Male
img006424.jpg,star/stargan/Male/img006424.jpg,6,Male
img006287.jpg,star/stargan/Male/img006287.jpg,6,Male
img007599.jpg,star/stargan/Male/img007599.jpg,6,Male
img007403.jpg,star/stargan/Male/img007403.jpg,6,Male
img007944.jpg,star/stargan/Male/img007944.jpg,6,Male
img006559.jpg,star/stargan/Male/img006559.jpg,6,Male
img006154.jpg,star/stargan/Male/img006154.jpg,6,Male
img006793.jpg,star/stargan/Male/img006793.jpg,6,Male
img006385.jpg,star/stargan/Male/img006385.jpg,6,Male
img006830.jpg,star/stargan/Male/img006830.jpg,6,Male
img006885.jpg,star/stargan/Male/img006885.jpg,6,Male
img006195.jpg,star/stargan/Male/img006195.jpg,6,Male
img007064.jpg,star/stargan/Male/img007064.jpg,6,Male
img007113.jpg,star/stargan/Male/img007113.jpg,6,Male
img006911.jpg,star/stargan/Male/img006911.jpg,6,Male
img007623.jpg,star/stargan/Male/img007623.jpg,6,Male
img006862.jpg,star/stargan/Male/img006862.jpg,6,Male
img007886.jpg,star/stargan/Male/img007886.jpg,6,Male
img006228.jpg,star/stargan/Male/img006228.jpg,6,Male
img007763.jpg,star/stargan/Male/img007763.jpg,6,Male
img007718.jpg,star/stargan/Male/img007718.jpg,6,Male
img007110.jpg,star/stargan/Male/img007110.jpg,6,Male
img005997.jpg,star/stargan/Male/img005997.jpg,6,Male
img006892.jpg,star/stargan/Male/img006892.jpg,6,Male
img006722.jpg,star/stargan/Male/img006722.jpg,6,Male
img006265.jpg,star/stargan/Male/img006265.jpg,6,Male
img006926.jpg,star/stargan/Male/img006926.jpg,6,Male
img006645.jpg,star/stargan/Male/img006645.jpg,6,Male
img006435.jpg,star/stargan/Male/img006435.jpg,6,Male
img007496.jpg,star/stargan/Male/img007496.jpg,6,Male
img006290.jpg,star/stargan/Male/img006290.jpg,6,Male
img007787.jpg,star/stargan/Male/img007787.jpg,6,Male
img006647.jpg,star/stargan/Male/img006647.jpg,6,Male
img007947.jpg,star/stargan/Male/img007947.jpg,6,Male
img006257.jpg,star/stargan/Male/img006257.jpg,6,Male
img006875.jpg,star/stargan/Male/img006875.jpg,6,Male
img007553.jpg,star/stargan/Male/img007553.jpg,6,Male
img006063.jpg,star/stargan/Male/img006063.jpg,6,Male
img006612.jpg,star/stargan/Male/img006612.jpg,6,Male
img006842.jpg,star/stargan/Male/img006842.jpg,6,Male
img006032.jpg,star/stargan/Male/img006032.jpg,6,Male
img007602.jpg,star/stargan/Male/img007602.jpg,6,Male
img006730.jpg,star/stargan/Male/img006730.jpg,6,Male
img007767.jpg,star/stargan/Male/img007767.jpg,6,Male
img006878.jpg,star/stargan/Male/img006878.jpg,6,Male
img006115.jpg,star/stargan/Male/img006115.jpg,6,Male
img007276.jpg,star/stargan/Male/img007276.jpg,6,Male
img006476.jpg,star/stargan/Male/img006476.jpg,6,Male
img007060.jpg,star/stargan/Male/img007060.jpg,6,Male
img007841.jpg,star/stargan/Male/img007841.jpg,6,Male
img007165.jpg,star/stargan/Male/img007165.jpg,6,Male
img006969.jpg,star/stargan/Male/img006969.jpg,6,Male
img006303.jpg,star/stargan/Male/img006303.jpg,6,Male
img007491.jpg,star/stargan/Male/img007491.jpg,6,Male
img007318.jpg,star/stargan/Male/img007318.jpg,6,Male
img006868.jpg,star/stargan/Male/img006868.jpg,6,Male
img006217.jpg,star/stargan/Male/img006217.jpg,6,Male
img006913.jpg,star/stargan/Male/img006913.jpg,6,Male
img006182.jpg,star/stargan/Male/img006182.jpg,6,Male
img007640.jpg,star/stargan/Male/img007640.jpg,6,Male
img007259.jpg,star/stargan/Male/img007259.jpg,6,Male
img007637.jpg,star/stargan/Male/img007637.jpg,6,Male
img006434.jpg,star/stargan/Male/img006434.jpg,6,Male
img006218.jpg,star/stargan/Male/img006218.jpg,6,Male
img007468.jpg,star/stargan/Male/img007468.jpg,6,Male
img007798.jpg,star/stargan/Male/img007798.jpg,6,Male
img006871.jpg,star/stargan/Male/img006871.jpg,6,Male
img006512.jpg,star/stargan/Male/img006512.jpg,6,Male
img006361.jpg,star/stargan/Male/img006361.jpg,6,Male
img006450.jpg,star/stargan/Male/img006450.jpg,6,Male
img006332.jpg,star/stargan/Male/img006332.jpg,6,Male
img007268.jpg,star/stargan/Male/img007268.jpg,6,Male
img007831.jpg,star/stargan/Male/img007831.jpg,6,Male
img007191.jpg,star/stargan/Male/img007191.jpg,6,Male
img006869.jpg,star/stargan/Male/img006869.jpg,6,Male
img006469.jpg,star/stargan/Male/img006469.jpg,6,Male
img006344.jpg,star/stargan/Male/img006344.jpg,6,Male
img007507.jpg,star/stargan/Male/img007507.jpg,6,Male
img007977.jpg,star/stargan/Male/img007977.jpg,6,Male
img006814.jpg,star/stargan/Male/img006814.jpg,6,Male
img006025.jpg,star/stargan/Male/img006025.jpg,6,Male
img007933.jpg,star/stargan/Male/img007933.jpg,6,Male
img006404.jpg,star/stargan/Male/img006404.jpg,6,Male
img007976.jpg,star/stargan/Male/img007976.jpg,6,Male
img007774.jpg,star/stargan/Male/img007774.jpg,6,Male
img006364.jpg,star/stargan/Male/img006364.jpg,6,Male
img007518.jpg,star/stargan/Male/img007518.jpg,6,Male
img007382.jpg,star/stargan/Male/img007382.jpg,6,Male
img007352.jpg,star/stargan/Male/img007352.jpg,6,Male
img006355.jpg,star/stargan/Male/img006355.jpg,6,Male
img006112.jpg,star/stargan/Male/img006112.jpg,6,Male
img006914.jpg,star/stargan/Male/img006914.jpg,6,Male
img007845.jpg,star/stargan/Male/img007845.jpg,6,Male
img006896.jpg,star/stargan/Male/img006896.jpg,6,Male
img007724.jpg,star/stargan/Male/img007724.jpg,6,Male
img007080.jpg,star/stargan/Male/img007080.jpg,6,Male
img006508.jpg,star/stargan/Male/img006508.jpg,6,Male
img007372.jpg,star/stargan/Male/img007372.jpg,6,Male
img006803.jpg,star/stargan/Male/img006803.jpg,6,Male
img006137.jpg,star/stargan/Male/img006137.jpg,6,Male
img007054.jpg,star/stargan/Male/img007054.jpg,6,Male
img006480.jpg,star/stargan/Male/img006480.jpg,6,Male
img006109.jpg,star/stargan/Male/img006109.jpg,6,Male
img006603.jpg,star/stargan/Male/img006603.jpg,6,Male
img007183.jpg,star/stargan/Male/img007183.jpg,6,Male
img006186.jpg,star/stargan/Male/img006186.jpg,6,Male
img007816.jpg,star/stargan/Male/img007816.jpg,6,Male
img007270.jpg,star/stargan/Male/img007270.jpg,6,Male
img006052.jpg,star/stargan/Male/img006052.jpg,6,Male
img006966.jpg,star/stargan/Male/img006966.jpg,6,Male
img006452.jpg,star/stargan/Male/img006452.jpg,6,Male
img006441.jpg,star/stargan/Male/img006441.jpg,6,Male
img006697.jpg,star/stargan/Male/img006697.jpg,6,Male
img006967.jpg,star/stargan/Male/img006967.jpg,6,Male
img006632.jpg,star/stargan/Male/img006632.jpg,6,Male
img006314.jpg,star/stargan/Male/img006314.jpg,6,Male
img006728.jpg,star/stargan/Male/img006728.jpg,6,Male
img006533.jpg,star/stargan/Male/img006533.jpg,6,Male
img006766.jpg,star/stargan/Male/img006766.jpg,6,Male
img007272.jpg,star/stargan/Male/img007272.jpg,6,Male
img007592.jpg,star/stargan/Male/img007592.jpg,6,Male
img007182.jpg,star/stargan/Male/img007182.jpg,6,Male
img006083.jpg,star/stargan/Male/img006083.jpg,6,Male
img006706.jpg,star/stargan/Male/img006706.jpg,6,Male
img007614.jpg,star/stargan/Male/img007614.jpg,6,Male
img007903.jpg,star/stargan/Male/img007903.jpg,6,Male
img006920.jpg,star/stargan/Male/img006920.jpg,6,Male
img007019.jpg,star/stargan/Male/img007019.jpg,6,Male
img006400.jpg,star/stargan/Male/img006400.jpg,6,Male
img007495.jpg,star/stargan/Male/img007495.jpg,6,Male
img007414.jpg,star/stargan/Male/img007414.jpg,6,Male
img006389.jpg,star/stargan/Male/img006389.jpg,6,Male
img006975.jpg,star/stargan/Male/img006975.jpg,6,Male
img007601.jpg,star/stargan/Male/img007601.jpg,6,Male
img007736.jpg,star/stargan/Male/img007736.jpg,6,Male
img006159.jpg,star/stargan/Male/img006159.jpg,6,Male
img006518.jpg,star/stargan/Male/img006518.jpg,6,Male
img007166.jpg,star/stargan/Male/img007166.jpg,6,Male
img006190.jpg,star/stargan/Male/img006190.jpg,6,Male
img007001.jpg,star/stargan/Male/img007001.jpg,6,Male
img007454.jpg,star/stargan/Male/img007454.jpg,6,Male
img006653.jpg,star/stargan/Male/img006653.jpg,6,Male
img007800.jpg,star/stargan/Male/img007800.jpg,6,Male
img006702.jpg,star/stargan/Male/img006702.jpg,6,Male
img006818.jpg,star/stargan/Male/img006818.jpg,6,Male
img007320.jpg,star/stargan/Male/img007320.jpg,6,Male
img007781.jpg,star/stargan/Male/img007781.jpg,6,Male
img006029.jpg,star/stargan/Male/img006029.jpg,6,Male
img006336.jpg,star/stargan/Male/img006336.jpg,6,Male
img007527.jpg,star/stargan/Male/img007527.jpg,6,Male
img007027.jpg,star/stargan/Male/img007027.jpg,6,Male
img006679.jpg,star/stargan/Male/img006679.jpg,6,Male
img006662.jpg,star/stargan/Male/img006662.jpg,6,Male
img007341.jpg,star/stargan/Male/img007341.jpg,6,Male
img006398.jpg,star/stargan/Male/img006398.jpg,6,Male
img007032.jpg,star/stargan/Male/img007032.jpg,6,Male
img006744.jpg,star/stargan/Male/img006744.jpg,6,Male
img007240.jpg,star/stargan/Male/img007240.jpg,6,Male
img006384.jpg,star/stargan/Male/img006384.jpg,6,Male
img007221.jpg,star/stargan/Male/img007221.jpg,6,Male
img006503.jpg,star/stargan/Male/img006503.jpg,6,Male
img007932.jpg,star/stargan/Male/img007932.jpg,6,Male
img006072.jpg,star/stargan/Male/img006072.jpg,6,Male
img006393.jpg,star/stargan/Male/img006393.jpg,6,Male
img006768.jpg,star/stargan/Male/img006768.jpg,6,Male
img007125.jpg,star/stargan/Male/img007125.jpg,6,Male
img006216.jpg,star/stargan/Male/img006216.jpg,6,Male
img007487.jpg,star/stargan/Male/img007487.jpg,6,Male
img006989.jpg,star/stargan/Male/img006989.jpg,6,Male
img006946.jpg,star/stargan/Male/img006946.jpg,6,Male
img007428.jpg,star/stargan/Male/img007428.jpg,6,Male
img007617.jpg,star/stargan/Male/img007617.jpg,6,Male
img006798.jpg,star/stargan/Male/img006798.jpg,6,Male
img007751.jpg,star/stargan/Male/img007751.jpg,6,Male
img006374.jpg,star/stargan/Male/img006374.jpg,6,Male
img007039.jpg,star/stargan/Male/img007039.jpg,6,Male
img007419.jpg,star/stargan/Male/img007419.jpg,6,Male
img007576.jpg,star/stargan/Male/img007576.jpg,6,Male
img006347.jpg,star/stargan/Male/img006347.jpg,6,Male
img006524.jpg,star/stargan/Male/img006524.jpg,6,Male
img007707.jpg,star/stargan/Male/img007707.jpg,6,Male
img007302.jpg,star/stargan/Male/img007302.jpg,6,Male
img007448.jpg,star/stargan/Male/img007448.jpg,6,Male
img006457.jpg,star/stargan/Male/img006457.jpg,6,Male
img006100.jpg,star/stargan/Male/img006100.jpg,6,Male
img006598.jpg,star/stargan/Male/img006598.jpg,6,Male
img007642.jpg,star/stargan/Male/img007642.jpg,6,Male
img007968.jpg,star/stargan/Male/img007968.jpg,6,Male
img007023.jpg,star/stargan/Male/img007023.jpg,6,Male
img007138.jpg,star/stargan/Male/img007138.jpg,6,Male
img006431.jpg,star/stargan/Male/img006431.jpg,6,Male
img006497.jpg,star/stargan/Male/img006497.jpg,6,Male
img007106.jpg,star/stargan/Male/img007106.jpg,6,Male
img006013.jpg,star/stargan/Male/img006013.jpg,6,Male
img006788.jpg,star/stargan/Male/img006788.jpg,6,Male
img007874.jpg,star/stargan/Male/img007874.jpg,6,Male
img006321.jpg,star/stargan/Male/img006321.jpg,6,Male
img007852.jpg,star/stargan/Male/img007852.jpg,6,Male
img007607.jpg,star/stargan/Male/img007607.jpg,6,Male
img006523.jpg,star/stargan/Male/img006523.jpg,6,Male
img006639.jpg,star/stargan/Male/img006639.jpg,6,Male
img007871.jpg,star/stargan/Male/img007871.jpg,6,Male
img007694.jpg,star/stargan/Male/img007694.jpg,6,Male
img006348.jpg,star/stargan/Male/img006348.jpg,6,Male
img007560.jpg,star/stargan/Male/img007560.jpg,6,Male
img007316.jpg,star/stargan/Male/img007316.jpg,6,Male
img006300.jpg,star/stargan/Male/img006300.jpg,6,Male
img007299.jpg,star/stargan/Male/img007299.jpg,6,Male
img007514.jpg,star/stargan/Male/img007514.jpg,6,Male
img007294.jpg,star/stargan/Male/img007294.jpg,6,Male
img006902.jpg,star/stargan/Male/img006902.jpg,6,Male
img007340.jpg,star/stargan/Male/img007340.jpg,6,Male
img007784.jpg,star/stargan/Male/img007784.jpg,6,Male
img007701.jpg,star/stargan/Male/img007701.jpg,6,Male
img006377.jpg,star/stargan/Male/img006377.jpg,6,Male
img006905.jpg,star/stargan/Male/img006905.jpg,6,Male
img006731.jpg,star/stargan/Male/img006731.jpg,6,Male
img006005.jpg,star/stargan/Male/img006005.jpg,6,Male
img006097.jpg,star/stargan/Male/img006097.jpg,6,Male
img006090.jpg,star/stargan/Male/img006090.jpg,6,Male
img006535.jpg,star/stargan/Male/img006535.jpg,6,Male
img006956.jpg,star/stargan/Male/img006956.jpg,6,Male
img007862.jpg,star/stargan/Male/img007862.jpg,6,Male
img006456.jpg,star/stargan/Male/img006456.jpg,6,Male
img007455.jpg,star/stargan/Male/img007455.jpg,6,Male
img007253.jpg,star/stargan/Male/img007253.jpg,6,Male
img006588.jpg,star/stargan/Male/img006588.jpg,6,Male
img007015.jpg,star/stargan/Male/img007015.jpg,6,Male
img007940.jpg,star/stargan/Male/img007940.jpg,6,Male
img006095.jpg,star/stargan/Male/img006095.jpg,6,Male
img006194.jpg,star/stargan/Male/img006194.jpg,6,Male
img006696.jpg,star/stargan/Male/img006696.jpg,6,Male
img007484.jpg,star/stargan/Male/img007484.jpg,6,Male
img007168.jpg,star/stargan/Male/img007168.jpg,6,Male
img006652.jpg,star/stargan/Male/img006652.jpg,6,Male
img006848.jpg,star/stargan/Male/img006848.jpg,6,Male
img006233.jpg,star/stargan/Male/img006233.jpg,6,Male
img007756.jpg,star/stargan/Male/img007756.jpg,6,Male
img006011.jpg,star/stargan/Male/img006011.jpg,6,Male
img006783.jpg,star/stargan/Male/img006783.jpg,6,Male
img007967.jpg,star/stargan/Male/img007967.jpg,6,Male
img007791.jpg,star/stargan/Male/img007791.jpg,6,Male
img007426.jpg,star/stargan/Male/img007426.jpg,6,Male
img007664.jpg,star/stargan/Male/img007664.jpg,6,Male
img006273.jpg,star/stargan/Male/img006273.jpg,6,Male
img007223.jpg,star/stargan/Male/img007223.jpg,6,Male
img006156.jpg,star/stargan/Male/img006156.jpg,6,Male
img007611.jpg,star/stargan/Male/img007611.jpg,6,Male
img006897.jpg,star/stargan/Male/img006897.jpg,6,Male
img007476.jpg,star/stargan/Male/img007476.jpg,6,Male
img007380.jpg,star/stargan/Male/img007380.jpg,6,Male
img006243.jpg,star/stargan/Male/img006243.jpg,6,Male
img006858.jpg,star/stargan/Male/img006858.jpg,6,Male
img007043.jpg,star/stargan/Male/img007043.jpg,6,Male
img006810.jpg,star/stargan/Male/img006810.jpg,6,Male
img007442.jpg,star/stargan/Male/img007442.jpg,6,Male
img007505.jpg,star/stargan/Male/img007505.jpg,6,Male
img007351.jpg,star/stargan/Male/img007351.jpg,6,Male
img006478.jpg,star/stargan/Male/img006478.jpg,6,Male
img007833.jpg,star/stargan/Male/img007833.jpg,6,Male
img007055.jpg,star/stargan/Male/img007055.jpg,6,Male
img006732.jpg,star/stargan/Male/img006732.jpg,6,Male
img006538.jpg,star/stargan/Male/img006538.jpg,6,Male
img007900.jpg,star/stargan/Male/img007900.jpg,6,Male
img006378.jpg,star/stargan/Male/img006378.jpg,6,Male
img007197.jpg,star/stargan/Male/img007197.jpg,6,Male
img006371.jpg,star/stargan/Male/img006371.jpg,6,Male
img007178.jpg,star/stargan/Male/img007178.jpg,6,Male
img006579.jpg,star/stargan/Male/img006579.jpg,6,Male
img006952.jpg,star/stargan/Male/img006952.jpg,6,Male
img007569.jpg,star/stargan/Male/img007569.jpg,6,Male
img006584.jpg,star/stargan/Male/img006584.jpg,6,Male
img007356.jpg,star/stargan/Male/img007356.jpg,6,Male
img007062.jpg,star/stargan/Male/img007062.jpg,6,Male
img006009.jpg,star/stargan/Male/img006009.jpg,6,Male
img006782.jpg,star/stargan/Male/img006782.jpg,6,Male
img006764.jpg,star/stargan/Male/img006764.jpg,6,Male
img007159.jpg,star/stargan/Male/img007159.jpg,6,Male
img007536.jpg,star/stargan/Male/img007536.jpg,6,Male
img006983.jpg,star/stargan/Male/img006983.jpg,6,Male
img007278.jpg,star/stargan/Male/img007278.jpg,6,Male
img007649.jpg,star/stargan/Male/img007649.jpg,6,Male
img006226.jpg,star/stargan/Male/img006226.jpg,6,Male
img007738.jpg,star/stargan/Male/img007738.jpg,6,Male
img006918.jpg,star/stargan/Male/img006918.jpg,6,Male
img007525.jpg,star/stargan/Male/img007525.jpg,6,Male
img006324.jpg,star/stargan/Male/img006324.jpg,6,Male
img007661.jpg,star/stargan/Male/img007661.jpg,6,Male
img007373.jpg,star/stargan/Male/img007373.jpg,6,Male
img006343.jpg,star/stargan/Male/img006343.jpg,6,Male
img007451.jpg,star/stargan/Male/img007451.jpg,6,Male
img006964.jpg,star/stargan/Male/img006964.jpg,6,Male
img006492.jpg,star/stargan/Male/img006492.jpg,6,Male
img006791.jpg,star/stargan/Male/img006791.jpg,6,Male
img007540.jpg,star/stargan/Male/img007540.jpg,6,Male
img007618.jpg,star/stargan/Male/img007618.jpg,6,Male
img006695.jpg,star/stargan/Male/img006695.jpg,6,Male
img007851.jpg,star/stargan/Male/img007851.jpg,6,Male
img007848.jpg,star/stargan/Male/img007848.jpg,6,Male
img007131.jpg,star/stargan/Male/img007131.jpg,6,Male
img007118.jpg,star/stargan/Male/img007118.jpg,6,Male
img006316.jpg,star/stargan/Male/img006316.jpg,6,Male
img006301.jpg,star/stargan/Male/img006301.jpg,6,Male
img007749.jpg,star/stargan/Male/img007749.jpg,6,Male
img006059.jpg,star/stargan/Male/img006059.jpg,6,Male
img007667.jpg,star/stargan/Male/img007667.jpg,6,Male
img006306.jpg,star/stargan/Male/img006306.jpg,6,Male
img007549.jpg,star/stargan/Male/img007549.jpg,6,Male
img007143.jpg,star/stargan/Male/img007143.jpg,6,Male
img007051.jpg,star/stargan/Male/img007051.jpg,6,Male
img007959.jpg,star/stargan/Male/img007959.jpg,6,Male
img007095.jpg,star/stargan/Male/img007095.jpg,6,Male
img007692.jpg,star/stargan/Male/img007692.jpg,6,Male
img007656.jpg,star/stargan/Male/img007656.jpg,6,Male
img006522.jpg,star/stargan/Male/img006522.jpg,6,Male
img007535.jpg,star/stargan/Male/img007535.jpg,6,Male
img006655.jpg,star/stargan/Male/img006655.jpg,6,Male
img007074.jpg,star/stargan/Male/img007074.jpg,6,Male
img006537.jpg,star/stargan/Male/img006537.jpg,6,Male
img006654.jpg,star/stargan/Male/img006654.jpg,6,Male
img007257.jpg,star/stargan/Male/img007257.jpg,6,Male
img006701.jpg,star/stargan/Male/img006701.jpg,6,Male
img006020.jpg,star/stargan/Male/img006020.jpg,6,Male
img007435.jpg,star/stargan/Male/img007435.jpg,6,Male
img007526.jpg,star/stargan/Male/img007526.jpg,6,Male
img006561.jpg,star/stargan/Male/img006561.jpg,6,Male
img006592.jpg,star/stargan/Male/img006592.jpg,6,Male
img006172.jpg,star/stargan/Male/img006172.jpg,6,Male
img006274.jpg,star/stargan/Male/img006274.jpg,6,Male
img007828.jpg,star/stargan/Male/img007828.jpg,6,Male
img006253.jpg,star/stargan/Male/img006253.jpg,6,Male
img007308.jpg,star/stargan/Male/img007308.jpg,6,Male
img006824.jpg,star/stargan/Male/img006824.jpg,6,Male
img006657.jpg,star/stargan/Male/img006657.jpg,6,Male
img006433.jpg,star/stargan/Male/img006433.jpg,6,Male
img007152.jpg,star/stargan/Male/img007152.jpg,6,Male
img006396.jpg,star/stargan/Male/img006396.jpg,6,Male
img006931.jpg,star/stargan/Male/img006931.jpg,6,Male
img007186.jpg,star/stargan/Male/img007186.jpg,6,Male
img007258.jpg,star/stargan/Male/img007258.jpg,6,Male
img007820.jpg,star/stargan/Male/img007820.jpg,6,Male
img006162.jpg,star/stargan/Male/img006162.jpg,6,Male
img006060.jpg,star/stargan/Male/img006060.jpg,6,Male
img006298.jpg,star/stargan/Male/img006298.jpg,6,Male
img006036.jpg,star/stargan/Male/img006036.jpg,6,Male
img006239.jpg,star/stargan/Male/img006239.jpg,6,Male
img007762.jpg,star/stargan/Male/img007762.jpg,6,Male
img007634.jpg,star/stargan/Male/img007634.jpg,6,Male
img007097.jpg,star/stargan/Male/img007097.jpg,6,Male
img007776.jpg,star/stargan/Male/img007776.jpg,6,Male
img007666.jpg,star/stargan/Male/img007666.jpg,6,Male
img007344.jpg,star/stargan/Male/img007344.jpg,6,Male
img007049.jpg,star/stargan/Male/img007049.jpg,6,Male
img007572.jpg,star/stargan/Male/img007572.jpg,6,Male
img006313.jpg,star/stargan/Male/img006313.jpg,6,Male
img007882.jpg,star/stargan/Male/img007882.jpg,6,Male
img006333.jpg,star/stargan/Male/img006333.jpg,6,Male
img006465.jpg,star/stargan/Male/img006465.jpg,6,Male
img007434.jpg,star/stargan/Male/img007434.jpg,6,Male
img007195.jpg,star/stargan/Male/img007195.jpg,6,Male
img006999.jpg,star/stargan/Male/img006999.jpg,6,Male
img006724.jpg,star/stargan/Male/img006724.jpg,6,Male
img006132.jpg,star/stargan/Male/img006132.jpg,6,Male
img007832.jpg,star/stargan/Male/img007832.jpg,6,Male
img007231.jpg,star/stargan/Male/img007231.jpg,6,Male
img006883.jpg,star/stargan/Male/img006883.jpg,6,Male
img006978.jpg,star/stargan/Male/img006978.jpg,6,Male
img007680.jpg,star/stargan/Male/img007680.jpg,6,Male
img007734.jpg,star/stargan/Male/img007734.jpg,6,Male
img007096.jpg,star/stargan/Male/img007096.jpg,6,Male
img007037.jpg,star/stargan/Male/img007037.jpg,6,Male
img006620.jpg,star/stargan/Male/img006620.jpg,6,Male
img007181.jpg,star/stargan/Male/img007181.jpg,6,Male
img007708.jpg,star/stargan/Male/img007708.jpg,6,Male
img007830.jpg,star/stargan/Male/img007830.jpg,6,Male
img006935.jpg,star/stargan/Male/img006935.jpg,6,Male
img006753.jpg,star/stargan/Male/img006753.jpg,6,Male
img006418.jpg,star/stargan/Male/img006418.jpg,6,Male
img006672.jpg,star/stargan/Male/img006672.jpg,6,Male
img006069.jpg,star/stargan/Male/img006069.jpg,6,Male
img007799.jpg,star/stargan/Male/img007799.jpg,6,Male
img006346.jpg,star/stargan/Male/img006346.jpg,6,Male
img007163.jpg,star/stargan/Male/img007163.jpg,6,Male
img007910.jpg,star/stargan/Male/img007910.jpg,6,Male
img007439.jpg,star/stargan/Male/img007439.jpg,6,Male
img006720.jpg,star/stargan/Male/img006720.jpg,6,Male
img006828.jpg,star/stargan/Male/img006828.jpg,6,Male
img007672.jpg,star/stargan/Male/img007672.jpg,6,Male
img007034.jpg,star/stargan/Male/img007034.jpg,6,Male
img006256.jpg,star/stargan/Male/img006256.jpg,6,Male
img006562.jpg,star/stargan/Male/img006562.jpg,6,Male
img006312.jpg,star/stargan/Male/img006312.jpg,6,Male
img007987.jpg,star/stargan/Male/img007987.jpg,6,Male
img006626.jpg,star/stargan/Male/img006626.jpg,6,Male
img006685.jpg,star/stargan/Male/img006685.jpg,6,Male
img007151.jpg,star/stargan/Male/img007151.jpg,6,Male
img007728.jpg,star/stargan/Male/img007728.jpg,6,Male
img007747.jpg,star/stargan/Male/img007747.jpg,6,Male
img006101.jpg,star/stargan/Male/img006101.jpg,6,Male
img007409.jpg,star/stargan/Male/img007409.jpg,6,Male
img007922.jpg,star/stargan/Male/img007922.jpg,6,Male
img006734.jpg,star/stargan/Male/img006734.jpg,6,Male
img006536.jpg,star/stargan/Male/img006536.jpg,6,Male
img007317.jpg,star/stargan/Male/img007317.jpg,6,Male
img006027.jpg,star/stargan/Male/img006027.jpg,6,Male
img007733.jpg,star/stargan/Male/img007733.jpg,6,Male
img007301.jpg,star/stargan/Male/img007301.jpg,6,Male
img006779.jpg,star/stargan/Male/img006779.jpg,6,Male
img006795.jpg,star/stargan/Male/img006795.jpg,6,Male
img006673.jpg,star/stargan/Male/img006673.jpg,6,Male
img007814.jpg,star/stargan/Male/img007814.jpg,6,Male
img007453.jpg,star/stargan/Male/img007453.jpg,6,Male
img006334.jpg,star/stargan/Male/img006334.jpg,6,Male
img006053.jpg,star/stargan/Male/img006053.jpg,6,Male
img007778.jpg,star/stargan/Male/img007778.jpg,6,Male
img007292.jpg,star/stargan/Male/img007292.jpg,6,Male
img006850.jpg,star/stargan/Male/img006850.jpg,6,Male
img007621.jpg,star/stargan/Male/img007621.jpg,6,Male
img007892.jpg,star/stargan/Male/img007892.jpg,6,Male
img007266.jpg,star/stargan/Male/img007266.jpg,6,Male
img006800.jpg,star/stargan/Male/img006800.jpg,6,Male
img007164.jpg,star/stargan/Male/img007164.jpg,6,Male
img006531.jpg,star/stargan/Male/img006531.jpg,6,Male
img006738.jpg,star/stargan/Male/img006738.jpg,6,Male
img006714.jpg,star/stargan/Male/img006714.jpg,6,Male
img006921.jpg,star/stargan/Male/img006921.jpg,6,Male
img007901.jpg,star/stargan/Male/img007901.jpg,6,Male
img006267.jpg,star/stargan/Male/img006267.jpg,6,Male
img007866.jpg,star/stargan/Male/img007866.jpg,6,Male
img007951.jpg,star/stargan/Male/img007951.jpg,6,Male
img006073.jpg,star/stargan/Male/img006073.jpg,6,Male
img007593.jpg,star/stargan/Male/img007593.jpg,6,Male
img007287.jpg,star/stargan/Male/img007287.jpg,6,Male
img007471.jpg,star/stargan/Male/img007471.jpg,6,Male
img007754.jpg,star/stargan/Male/img007754.jpg,6,Male
img007429.jpg,star/stargan/Male/img007429.jpg,6,Male
img006285.jpg,star/stargan/Male/img006285.jpg,6,Male
img007566.jpg,star/stargan/Male/img007566.jpg,6,Male
img006330.jpg,star/stargan/Male/img006330.jpg,6,Male
img006145.jpg,star/stargan/Male/img006145.jpg,6,Male
img006755.jpg,star/stargan/Male/img006755.jpg,6,Male
img006261.jpg,star/stargan/Male/img006261.jpg,6,Male
img005999.jpg,star/stargan/Male/img005999.jpg,6,Male
img007072.jpg,star/stargan/Male/img007072.jpg,6,Male
img007551.jpg,star/stargan/Male/img007551.jpg,6,Male
img006215.jpg,star/stargan/Male/img006215.jpg,6,Male
img007630.jpg,star/stargan/Male/img007630.jpg,6,Male
img006157.jpg,star/stargan/Male/img006157.jpg,6,Male
img007509.jpg,star/stargan/Male/img007509.jpg,6,Male
img007850.jpg,star/stargan/Male/img007850.jpg,6,Male
img006799.jpg,star/stargan/Male/img006799.jpg,6,Male
img006171.jpg,star/stargan/Male/img006171.jpg,6,Male
img007964.jpg,star/stargan/Male/img007964.jpg,6,Male
img006560.jpg,star/stargan/Male/img006560.jpg,6,Male
img006498.jpg,star/stargan/Male/img006498.jpg,6,Male
img006426.jpg,star/stargan/Male/img006426.jpg,6,Male
img007722.jpg,star/stargan/Male/img007722.jpg,6,Male
img006475.jpg,star/stargan/Male/img006475.jpg,6,Male
img007909.jpg,star/stargan/Male/img007909.jpg,6,Male
img006406.jpg,star/stargan/Male/img006406.jpg,6,Male
img007247.jpg,star/stargan/Male/img007247.jpg,6,Male
img006543.jpg,star/stargan/Male/img006543.jpg,6,Male
img006150.jpg,star/stargan/Male/img006150.jpg,6,Male
img006509.jpg,star/stargan/Male/img006509.jpg,6,Male
img007179.jpg,star/stargan/Male/img007179.jpg,6,Male
img006225.jpg,star/stargan/Male/img006225.jpg,6,Male
img006175.jpg,star/stargan/Male/img006175.jpg,6,Male
img007815.jpg,star/stargan/Male/img007815.jpg,6,Male
img007564.jpg,star/stargan/Male/img007564.jpg,6,Male
img006120.jpg,star/stargan/Male/img006120.jpg,6,Male
img007771.jpg,star/stargan/Male/img007771.jpg,6,Male
img006597.jpg,star/stargan/Male/img006597.jpg,6,Male
img006772.jpg,star/stargan/Male/img006772.jpg,6,Male
img006959.jpg,star/stargan/Male/img006959.jpg,6,Male
img007334.jpg,star/stargan/Male/img007334.jpg,6,Male
img006174.jpg,star/stargan/Male/img006174.jpg,6,Male
img007595.jpg,star/stargan/Male/img007595.jpg,6,Male
img006102.jpg,star/stargan/Male/img006102.jpg,6,Male
img006460.jpg,star/stargan/Male/img006460.jpg,6,Male
img007684.jpg,star/stargan/Male/img007684.jpg,6,Male
img007345.jpg,star/stargan/Male/img007345.jpg,6,Male
img007275.jpg,star/stargan/Male/img007275.jpg,6,Male
img006117.jpg,star/stargan/Male/img006117.jpg,6,Male
img006357.jpg,star/stargan/Male/img006357.jpg,6,Male
img007338.jpg,star/stargan/Male/img007338.jpg,6,Male
img006642.jpg,star/stargan/Male/img006642.jpg,6,Male
img007777.jpg,star/stargan/Male/img007777.jpg,6,Male
img007513.jpg,star/stargan/Male/img007513.jpg,6,Male
img007859.jpg,star/stargan/Male/img007859.jpg,6,Male
img006008.jpg,star/stargan/Male/img006008.jpg,6,Male
img007924.jpg,star/stargan/Male/img007924.jpg,6,Male
img006177.jpg,star/stargan/Male/img006177.jpg,6,Male
img006649.jpg,star/stargan/Male/img006649.jpg,6,Male
img006507.jpg,star/stargan/Male/img006507.jpg,6,Male
img007003.jpg,star/stargan/Male/img007003.jpg,6,Male
img007450.jpg,star/stargan/Male/img007450.jpg,6,Male
img006675.jpg,star/stargan/Male/img006675.jpg,6,Male
img007005.jpg,star/stargan/Male/img007005.jpg,6,Male
img007742.jpg,star/stargan/Male/img007742.jpg,6,Male
img006402.jpg,star/stargan/Male/img006402.jpg,6,Male
img007416.jpg,star/stargan/Male/img007416.jpg,6,Male
img006904.jpg,star/stargan/Male/img006904.jpg,6,Male
img005998.jpg,star/stargan/Male/img005998.jpg,6,Male
img007969.jpg,star/stargan/Male/img007969.jpg,6,Male
img006573.jpg,star/stargan/Male/img006573.jpg,6,Male
img006682.jpg,star/stargan/Male/img006682.jpg,6,Male
img007374.jpg,star/stargan/Male/img007374.jpg,6,Male
img006789.jpg,star/stargan/Male/img006789.jpg,6,Male
img006727.jpg,star/stargan/Male/img006727.jpg,6,Male
img007226.jpg,star/stargan/Male/img007226.jpg,6,Male
img006845.jpg,star/stargan/Male/img006845.jpg,6,Male
img007528.jpg,star/stargan/Male/img007528.jpg,6,Male
img007036.jpg,star/stargan/Male/img007036.jpg,6,Male
img006684.jpg,star/stargan/Male/img006684.jpg,6,Male
img006448.jpg,star/stargan/Male/img006448.jpg,6,Male
img007446.jpg,star/stargan/Male/img007446.jpg,6,Male
img007670.jpg,star/stargan/Male/img007670.jpg,6,Male
img007014.jpg,star/stargan/Male/img007014.jpg,6,Male
img006616.jpg,star/stargan/Male/img006616.jpg,6,Male
img006930.jpg,star/stargan/Male/img006930.jpg,6,Male
img006893.jpg,star/stargan/Male/img006893.jpg,6,Male
img007365.jpg,star/stargan/Male/img007365.jpg,6,Male
img006065.jpg,star/stargan/Male/img006065.jpg,6,Male
img006263.jpg,star/stargan/Male/img006263.jpg,6,Male
img006617.jpg,star/stargan/Male/img006617.jpg,6,Male
img006276.jpg,star/stargan/Male/img006276.jpg,6,Male
img007677.jpg,star/stargan/Male/img007677.jpg,6,Male
img006688.jpg,star/stargan/Male/img006688.jpg,6,Male
img006891.jpg,star/stargan/Male/img006891.jpg,6,Male
img006557.jpg,star/stargan/Male/img006557.jpg,6,Male
img006953.jpg,star/stargan/Male/img006953.jpg,6,Male
img007298.jpg,star/stargan/Male/img007298.jpg,6,Male
img007384.jpg,star/stargan/Male/img007384.jpg,6,Male
img006494.jpg,star/stargan/Male/img006494.jpg,6,Male
img006711.jpg,star/stargan/Male/img006711.jpg,6,Male
img006127.jpg,star/stargan/Male/img006127.jpg,6,Male
img007093.jpg,star/stargan/Male/img007093.jpg,6,Male
img006528.jpg,star/stargan/Male/img006528.jpg,6,Male
img006552.jpg,star/stargan/Male/img006552.jpg,6,Male
img006961.jpg,star/stargan/Male/img006961.jpg,6,Male
img006590.jpg,star/stargan/Male/img006590.jpg,6,Male
img007729.jpg,star/stargan/Male/img007729.jpg,6,Male
img007394.jpg,star/stargan/Male/img007394.jpg,6,Male
img006884.jpg,star/stargan/Male/img006884.jpg,6,Male
img006541.jpg,star/stargan/Male/img006541.jpg,6,Male
img006472.jpg,star/stargan/Male/img006472.jpg,6,Male
img006266.jpg,star/stargan/Male/img006266.jpg,6,Male
img006915.jpg,star/stargan/Male/img006915.jpg,6,Male
img007875.jpg,star/stargan/Male/img007875.jpg,6,Male
img007210.jpg,star/stargan/Male/img007210.jpg,6,Male
img007975.jpg,star/stargan/Male/img007975.jpg,6,Male
img007725.jpg,star/stargan/Male/img007725.jpg,6,Male
img007654.jpg,star/stargan/Male/img007654.jpg,6,Male
img006638.jpg,star/stargan/Male/img006638.jpg,6,Male
img006787.jpg,star/stargan/Male/img006787.jpg,6,Male
img007006.jpg,star/stargan/Male/img007006.jpg,6,Male
img006076.jpg,star/stargan/Male/img006076.jpg,6,Male
img007713.jpg,star/stargan/Male/img007713.jpg,6,Male
img007321.jpg,star/stargan/Male/img007321.jpg,6,Male
img006540.jpg,star/stargan/Male/img006540.jpg,6,Male
img007844.jpg,star/stargan/Male/img007844.jpg,6,Male
img006721.jpg,star/stargan/Male/img006721.jpg,6,Male
img007801.jpg,star/stargan/Male/img007801.jpg,6,Male
img006622.jpg,star/stargan/Male/img006622.jpg,6,Male
img007812.jpg,star/stargan/Male/img007812.jpg,6,Male
img006375.jpg,star/stargan/Male/img006375.jpg,6,Male
img006575.jpg,star/stargan/Male/img006575.jpg,6,Male
img007461.jpg,star/stargan/Male/img007461.jpg,6,Male
img007821.jpg,star/stargan/Male/img007821.jpg,6,Male
img006158.jpg,star/stargan/Male/img006158.jpg,6,Male
img007288.jpg,star/stargan/Male/img007288.jpg,6,Male
img006352.jpg,star/stargan/Male/img006352.jpg,6,Male
img007282.jpg,star/stargan/Male/img007282.jpg,6,Male
img006529.jpg,star/stargan/Male/img006529.jpg,6,Male
img007643.jpg,star/stargan/Male/img007643.jpg,6,Male
img007348.jpg,star/stargan/Male/img007348.jpg,6,Male
img007727.jpg,star/stargan/Male/img007727.jpg,6,Male
img006670.jpg,star/stargan/Male/img006670.jpg,6,Male
img006050.jpg,star/stargan/Male/img006050.jpg,6,Male
img007355.jpg,star/stargan/Male/img007355.jpg,6,Male
img006658.jpg,star/stargan/Male/img006658.jpg,6,Male
img007078.jpg,star/stargan/Male/img007078.jpg,6,Male
img006322.jpg,star/stargan/Male/img006322.jpg,6,Male
img007966.jpg,star/stargan/Male/img007966.jpg,6,Male
img006222.jpg,star/stargan/Male/img006222.jpg,6,Male
img006927.jpg,star/stargan/Male/img006927.jpg,6,Male
img007779.jpg,star/stargan/Male/img007779.jpg,6,Male
img007970.jpg,star/stargan/Male/img007970.jpg,6,Male
img007604.jpg,star/stargan/Male/img007604.jpg,6,Male
img007056.jpg,star/stargan/Male/img007056.jpg,6,Male
img007824.jpg,star/stargan/Male/img007824.jpg,6,Male
img006663.jpg,star/stargan/Male/img006663.jpg,6,Male
img007902.jpg,star/stargan/Male/img007902.jpg,6,Male
img006242.jpg,star/stargan/Male/img006242.jpg,6,Male
img007563.jpg,star/stargan/Male/img007563.jpg,6,Male
img007173.jpg,star/stargan/Male/img007173.jpg,6,Male
img006867.jpg,star/stargan/Male/img006867.jpg,6,Male
img007899.jpg,star/stargan/Male/img007899.jpg,6,Male
img007858.jpg,star/stargan/Male/img007858.jpg,6,Male
img007227.jpg,star/stargan/Male/img007227.jpg,6,Male
img007402.jpg,star/stargan/Male/img007402.jpg,6,Male
img006213.jpg,star/stargan/Male/img006213.jpg,6,Male
img007498.jpg,star/stargan/Male/img007498.jpg,6,Male
img006621.jpg,star/stargan/Male/img006621.jpg,6,Male
img006504.jpg,star/stargan/Male/img006504.jpg,6,Male
img006264.jpg,star/stargan/Male/img006264.jpg,6,Male
img007147.jpg,star/stargan/Male/img007147.jpg,6,Male
img007427.jpg,star/stargan/Male/img007427.jpg,6,Male
img006004.jpg,star/stargan/Male/img006004.jpg,6,Male
img006821.jpg,star/stargan/Male/img006821.jpg,6,Male
img006729.jpg,star/stargan/Male/img006729.jpg,6,Male
img006801.jpg,star/stargan/Male/img006801.jpg,6,Male
img006205.jpg,star/stargan/Male/img006205.jpg,6,Male
img007162.jpg,star/stargan/Male/img007162.jpg,6,Male
img006139.jpg,star/stargan/Male/img006139.jpg,6,Male
img007477.jpg,star/stargan/Male/img007477.jpg,6,Male
img006564.jpg,star/stargan/Male/img006564.jpg,6,Male
img007823.jpg,star/stargan/Male/img007823.jpg,6,Male
img007669.jpg,star/stargan/Male/img007669.jpg,6,Male
img006146.jpg,star/stargan/Male/img006146.jpg,6,Male
img006651.jpg,star/stargan/Male/img006651.jpg,6,Male
img007953.jpg,star/stargan/Male/img007953.jpg,6,Male
img006510.jpg,star/stargan/Male/img006510.jpg,6,Male
img007050.jpg,star/stargan/Male/img007050.jpg,6,Male
img007834.jpg,star/stargan/Male/img007834.jpg,6,Male
img007088.jpg,star/stargan/Male/img007088.jpg,6,Male
img007744.jpg,star/stargan/Male/img007744.jpg,6,Male
img006443.jpg,star/stargan/Male/img006443.jpg,6,Male
img006576.jpg,star/stargan/Male/img006576.jpg,6,Male
img006030.jpg,star/stargan/Male/img006030.jpg,6,Male
img006395.jpg,star/stargan/Male/img006395.jpg,6,Male
img007192.jpg,star/stargan/Male/img007192.jpg,6,Male
img007861.jpg,star/stargan/Male/img007861.jpg,6,Male
img006511.jpg,star/stargan/Male/img006511.jpg,6,Male
img007625.jpg,star/stargan/Male/img007625.jpg,6,Male
img007326.jpg,star/stargan/Male/img007326.jpg,6,Male
img006580.jpg,star/stargan/Male/img006580.jpg,6,Male
img006439.jpg,star/stargan/Male/img006439.jpg,6,Male
img007047.jpg,star/stargan/Male/img007047.jpg,6,Male
img007923.jpg,star/stargan/Male/img007923.jpg,6,Male
img007559.jpg,star/stargan/Male/img007559.jpg,6,Male
img007479.jpg,star/stargan/Male/img007479.jpg,6,Male
img006808.jpg,star/stargan/Male/img006808.jpg,6,Male
img006057.jpg,star/stargan/Male/img006057.jpg,6,Male
img006521.jpg,star/stargan/Male/img006521.jpg,6,Male
img007360.jpg,star/stargan/Male/img007360.jpg,6,Male
img007279.jpg,star/stargan/Male/img007279.jpg,6,Male
img007813.jpg,star/stargan/Male/img007813.jpg,6,Male
img006664.jpg,star/stargan/Male/img006664.jpg,6,Male
img006993.jpg,star/stargan/Male/img006993.jpg,6,Male
img007914.jpg,star/stargan/Male/img007914.jpg,6,Male
img007907.jpg,star/stargan/Male/img007907.jpg,6,Male
img007133.jpg,star/stargan/Male/img007133.jpg,6,Male
img007963.jpg,star/stargan/Male/img007963.jpg,6,Male
img006641.jpg,star/stargan/Male/img006641.jpg,6,Male
img006320.jpg,star/stargan/Male/img006320.jpg,6,Male
img006031.jpg,star/stargan/Male/img006031.jpg,6,Male
img006268.jpg,star/stargan/Male/img006268.jpg,6,Male
img006777.jpg,star/stargan/Male/img006777.jpg,6,Male
img007989.jpg,star/stargan/Male/img007989.jpg,6,Male
img006122.jpg,star/stargan/Male/img006122.jpg,6,Male
img006770.jpg,star/stargan/Male/img006770.jpg,6,Male
img006838.jpg,star/stargan/Male/img006838.jpg,6,Male
img006252.jpg,star/stargan/Male/img006252.jpg,6,Male
img007876.jpg,star/stargan/Male/img007876.jpg,6,Male
img007590.jpg,star/stargan/Male/img007590.jpg,6,Male
img006495.jpg,star/stargan/Male/img006495.jpg,6,Male
img006689.jpg,star/stargan/Male/img006689.jpg,6,Male
img007605.jpg,star/stargan/Male/img007605.jpg,6,Male
img006972.jpg,star/stargan/Male/img006972.jpg,6,Male
img007177.jpg,star/stargan/Male/img007177.jpg,6,Male
img006149.jpg,star/stargan/Male/img006149.jpg,6,Male
img007581.jpg,star/stargan/Male/img007581.jpg,6,Male
img007000.jpg,star/stargan/Male/img007000.jpg,6,Male
img007697.jpg,star/stargan/Male/img007697.jpg,6,Male
img006852.jpg,star/stargan/Male/img006852.jpg,6,Male
img006310.jpg,star/stargan/Male/img006310.jpg,6,Male
img007325.jpg,star/stargan/Male/img007325.jpg,6,Male
img007586.jpg,star/stargan/Male/img007586.jpg,6,Male
img007196.jpg,star/stargan/Male/img007196.jpg,6,Male
img007228.jpg,star/stargan/Male/img007228.jpg,6,Male
img006219.jpg,star/stargan/Male/img006219.jpg,6,Male
img007135.jpg,star/stargan/Male/img007135.jpg,6,Male
img006135.jpg,star/stargan/Male/img006135.jpg,6,Male
img007504.jpg,star/stargan/Male/img007504.jpg,6,Male
img006516.jpg,star/stargan/Male/img006516.jpg,6,Male
img007411.jpg,star/stargan/Male/img007411.jpg,6,Male
img006250.jpg,star/stargan/Male/img006250.jpg,6,Male
img007921.jpg,star/stargan/Male/img007921.jpg,6,Male
img006270.jpg,star/stargan/Male/img006270.jpg,6,Male
img006957.jpg,star/stargan/Male/img006957.jpg,6,Male
img007311.jpg,star/stargan/Male/img007311.jpg,6,Male
img007042.jpg,star/stargan/Male/img007042.jpg,6,Male
img007371.jpg,star/stargan/Male/img007371.jpg,6,Male
img007119.jpg,star/stargan/Male/img007119.jpg,6,Male
img007912.jpg,star/stargan/Male/img007912.jpg,6,Male
img006021.jpg,star/stargan/Male/img006021.jpg,6,Male
img007393.jpg,star/stargan/Male/img007393.jpg,6,Male
img006811.jpg,star/stargan/Male/img006811.jpg,6,Male
img006420.jpg,star/stargan/Male/img006420.jpg,6,Male
img006034.jpg,star/stargan/Male/img006034.jpg,6,Male
img007277.jpg,star/stargan/Male/img007277.jpg,6,Male
img007807.jpg,star/stargan/Male/img007807.jpg,6,Male
img006894.jpg,star/stargan/Male/img006894.jpg,6,Male
img007089.jpg,star/stargan/Male/img007089.jpg,6,Male
img007808.jpg,star/stargan/Male/img007808.jpg,6,Male
img007579.jpg,star/stargan/Male/img007579.jpg,6,Male
img007493.jpg,star/stargan/Male/img007493.jpg,6,Male
img007842.jpg,star/stargan/Male/img007842.jpg,6,Male
img006806.jpg,star/stargan/Male/img006806.jpg,6,Male
img007750.jpg,star/stargan/Male/img007750.jpg,6,Male
img006698.jpg,star/stargan/Male/img006698.jpg,6,Male
img006865.jpg,star/stargan/Male/img006865.jpg,6,Male
img007462.jpg,star/stargan/Male/img007462.jpg,6,Male
img006379.jpg,star/stargan/Male/img006379.jpg,6,Male
img007721.jpg,star/stargan/Male/img007721.jpg,6,Male
img006462.jpg,star/stargan/Male/img006462.jpg,6,Male
img006936.jpg,star/stargan/Male/img006936.jpg,6,Male
img007990.jpg,star/stargan/Male/img007990.jpg,6,Male
img007465.jpg,star/stargan/Male/img007465.jpg,6,Male
img006574.jpg,star/stargan/Male/img006574.jpg,6,Male
img006593.jpg,star/stargan/Male/img006593.jpg,6,Male
img006147.jpg,star/stargan/Male/img006147.jpg,6,Male
img007983.jpg,star/stargan/Male/img007983.jpg,6,Male
img006985.jpg,star/stargan/Male/img006985.jpg,6,Male
img007385.jpg,star/stargan/Male/img007385.jpg,6,Male
img006399.jpg,star/stargan/Male/img006399.jpg,6,Male
img006834.jpg,star/stargan/Male/img006834.jpg,6,Male
img007445.jpg,star/stargan/Male/img007445.jpg,6,Male
img006419.jpg,star/stargan/Male/img006419.jpg,6,Male
img007109.jpg,star/stargan/Male/img007109.jpg,6,Male
img006181.jpg,star/stargan/Male/img006181.jpg,6,Male
img006183.jpg,star/stargan/Male/img006183.jpg,6,Male
img006283.jpg,star/stargan/Male/img006283.jpg,6,Male
img006099.jpg,star/stargan/Male/img006099.jpg,6,Male
img007639.jpg,star/stargan/Male/img007639.jpg,6,Male
img007948.jpg,star/stargan/Male/img007948.jpg,6,Male
img007244.jpg,star/stargan/Male/img007244.jpg,6,Male
img007447.jpg,star/stargan/Male/img007447.jpg,6,Male
img007280.jpg,star/stargan/Male/img007280.jpg,6,Male
img007033.jpg,star/stargan/Male/img007033.jpg,6,Male
img007561.jpg,star/stargan/Male/img007561.jpg,6,Male
img007467.jpg,star/stargan/Male/img007467.jpg,6,Male
img007503.jpg,star/stargan/Male/img007503.jpg,6,Male
img007091.jpg,star/stargan/Male/img007091.jpg,6,Male
img007381.jpg,star/stargan/Male/img007381.jpg,6,Male
img007025.jpg,star/stargan/Male/img007025.jpg,6,Male
img007765.jpg,star/stargan/Male/img007765.jpg,6,Male
img007905.jpg,star/stargan/Male/img007905.jpg,6,Male
img006259.jpg,star/stargan/Male/img006259.jpg,6,Male
img007457.jpg,star/stargan/Male/img007457.jpg,6,Male
img006044.jpg,star/stargan/Male/img006044.jpg,6,Male
img006080.jpg,star/stargan/Male/img006080.jpg,6,Male
img007603.jpg,star/stargan/Male/img007603.jpg,6,Male
img006856.jpg,star/stargan/Male/img006856.jpg,6,Male
img007710.jpg,star/stargan/Male/img007710.jpg,6,Male
img006189.jpg,star/stargan/Male/img006189.jpg,6,Male
img006490.jpg,star/stargan/Male/img006490.jpg,6,Male
img007792.jpg,star/stargan/Male/img007792.jpg,6,Male
img007473.jpg,star/stargan/Male/img007473.jpg,6,Male
img007417.jpg,star/stargan/Male/img007417.jpg,6,Male
img007869.jpg,star/stargan/Male/img007869.jpg,6,Male
img006855.jpg,star/stargan/Male/img006855.jpg,6,Male
img006881.jpg,star/stargan/Male/img006881.jpg,6,Male
img007758.jpg,star/stargan/Male/img007758.jpg,6,Male
img006325.jpg,star/stargan/Male/img006325.jpg,6,Male
img007140.jpg,star/stargan/Male/img007140.jpg,6,Male
img007613.jpg,star/stargan/Male/img007613.jpg,6,Male
img006656.jpg,star/stargan/Male/img006656.jpg,6,Male
img006901.jpg,star/stargan/Male/img006901.jpg,6,Male
img006328.jpg,star/stargan/Male/img006328.jpg,6,Male
img007315.jpg,star/stargan/Male/img007315.jpg,6,Male
img006124.jpg,star/stargan/Male/img006124.jpg,6,Male
img007810.jpg,star/stargan/Male/img007810.jpg,6,Male
img006740.jpg,star/stargan/Male/img006740.jpg,6,Male
img006819.jpg,star/stargan/Male/img006819.jpg,6,Male
img007331.jpg,star/stargan/Male/img007331.jpg,6,Male
img006517.jpg,star/stargan/Male/img006517.jpg,6,Male
img007248.jpg,star/stargan/Male/img007248.jpg,6,Male
img006079.jpg,star/stargan/Male/img006079.jpg,6,Male
img006458.jpg,star/stargan/Male/img006458.jpg,6,Male
img007757.jpg,star/stargan/Male/img007757.jpg,6,Male
img007594.jpg,star/stargan/Male/img007594.jpg,6,Male
img007375.jpg,star/stargan/Male/img007375.jpg,6,Male
img006923.jpg,star/stargan/Male/img006923.jpg,6,Male
img007881.jpg,star/stargan/Male/img007881.jpg,6,Male
img007126.jpg,star/stargan/Male/img007126.jpg,6,Male
img007679.jpg,star/stargan/Male/img007679.jpg,6,Male
img007653.jpg,star/stargan/Male/img007653.jpg,6,Male
img006454.jpg,star/stargan/Male/img006454.jpg,6,Male
img006311.jpg,star/stargan/Male/img006311.jpg,6,Male
img006665.jpg,star/stargan/Male/img006665.jpg,6,Male
img007236.jpg,star/stargan/Male/img007236.jpg,6,Male
img006527.jpg,star/stargan/Male/img006527.jpg,6,Male
img006493.jpg,star/stargan/Male/img006493.jpg,6,Male
img006207.jpg,star/stargan/Male/img006207.jpg,6,Male
img006895.jpg,star/stargan/Male/img006895.jpg,6,Male
img006650.jpg,star/stargan/Male/img006650.jpg,6,Male
img007284.jpg,star/stargan/Male/img007284.jpg,6,Male
img007785.jpg,star/stargan/Male/img007785.jpg,6,Male
img007475.jpg,star/stargan/Male/img007475.jpg,6,Male
img007353.jpg,star/stargan/Male/img007353.jpg,6,Male
img007690.jpg,star/stargan/Male/img007690.jpg,6,Male
img006386.jpg,star/stargan/Male/img006386.jpg,6,Male
img007044.jpg,star/stargan/Male/img007044.jpg,6,Male
img007524.jpg,star/stargan/Male/img007524.jpg,6,Male
img006143.jpg,star/stargan/Male/img006143.jpg,6,Male
img006929.jpg,star/stargan/Male/img006929.jpg,6,Male
img007154.jpg,star/stargan/Male/img007154.jpg,6,Male
img006236.jpg,star/stargan/Male/img006236.jpg,6,Male
img007328.jpg,star/stargan/Male/img007328.jpg,6,Male
img006757.jpg,star/stargan/Male/img006757.jpg,6,Male
img006835.jpg,star/stargan/Male/img006835.jpg,6,Male
img006403.jpg,star/stargan/Male/img006403.jpg,6,Male
img007235.jpg,star/stargan/Male/img007235.jpg,6,Male
img007543.jpg,star/stargan/Male/img007543.jpg,6,Male
img007699.jpg,star/stargan/Male/img007699.jpg,6,Male
img007264.jpg,star/stargan/Male/img007264.jpg,6,Male
img006933.jpg,star/stargan/Male/img006933.jpg,6,Male
img007357.jpg,star/stargan/Male/img007357.jpg,6,Male
img006202.jpg,star/stargan/Male/img006202.jpg,6,Male
img007405.jpg,star/stargan/Male/img007405.jpg,6,Male
img007635.jpg,star/stargan/Male/img007635.jpg,6,Male
img006551.jpg,star/stargan/Male/img006551.jpg,6,Male
img007719.jpg,star/stargan/Male/img007719.jpg,6,Male
img007864.jpg,star/stargan/Male/img007864.jpg,6,Male
img007958.jpg,star/stargan/Male/img007958.jpg,6,Male
img006546.jpg,star/stargan/Male/img006546.jpg,6,Male
img007918.jpg,star/stargan/Male/img007918.jpg,6,Male
img007158.jpg,star/stargan/Male/img007158.jpg,6,Male
img007544.jpg,star/stargan/Male/img007544.jpg,6,Male
img006342.jpg,star/stargan/Male/img006342.jpg,6,Male
img006481.jpg,star/stargan/Male/img006481.jpg,6,Male
img006837.jpg,star/stargan/Male/img006837.jpg,6,Male
img006718.jpg,star/stargan/Male/img006718.jpg,6,Male
img006629.jpg,star/stargan/Male/img006629.jpg,6,Male
img006687.jpg,star/stargan/Male/img006687.jpg,6,Male
img007860.jpg,star/stargan/Male/img007860.jpg,6,Male
img006479.jpg,star/stargan/Male/img006479.jpg,6,Male
img006151.jpg,star/stargan/Male/img006151.jpg,6,Male
img006880.jpg,star/stargan/Male/img006880.jpg,6,Male
img006863.jpg,star/stargan/Male/img006863.jpg,6,Male
img007189.jpg,star/stargan/Male/img007189.jpg,6,Male
img007631.jpg,star/stargan/Male/img007631.jpg,6,Male
img006309.jpg,star/stargan/Male/img006309.jpg,6,Male
img006786.jpg,star/stargan/Male/img006786.jpg,6,Male
img007596.jpg,star/stargan/Male/img007596.jpg,6,Male
img006499.jpg,star/stargan/Male/img006499.jpg,6,Male
img006142.jpg,star/stargan/Male/img006142.jpg,6,Male
img007130.jpg,star/stargan/Male/img007130.jpg,6,Male
img007709.jpg,star/stargan/Male/img007709.jpg,6,Male
img006671.jpg,star/stargan/Male/img006671.jpg,6,Male
img006699.jpg,star/stargan/Male/img006699.jpg,6,Male
img007584.jpg,star/stargan/Male/img007584.jpg,6,Male
img007376.jpg,star/stargan/Male/img007376.jpg,6,Male
img006984.jpg,star/stargan/Male/img006984.jpg,6,Male
img007840.jpg,star/stargan/Male/img007840.jpg,6,Male
img007688.jpg,star/stargan/Male/img007688.jpg,6,Male
img006488.jpg,star/stargan/Male/img006488.jpg,6,Male
img007772.jpg,star/stargan/Male/img007772.jpg,6,Male
img006949.jpg,star/stargan/Male/img006949.jpg,6,Male
img007456.jpg,star/stargan/Male/img007456.jpg,6,Male
img006906.jpg,star/stargan/Male/img006906.jpg,6,Male
img006066.jpg,star/stargan/Male/img006066.jpg,6,Male
img006919.jpg,star/stargan/Male/img006919.jpg,6,Male
img007764.jpg,star/stargan/Male/img007764.jpg,6,Male
img006037.jpg,star/stargan/Male/img006037.jpg,6,Male
img006370.jpg,star/stargan/Male/img006370.jpg,6,Male
img007464.jpg,star/stargan/Male/img007464.jpg,6,Male
img007303.jpg,star/stargan/Male/img007303.jpg,6,Male
img006589.jpg,star/stargan/Male/img006589.jpg,6,Male
img007954.jpg,star/stargan/Male/img007954.jpg,6,Male
img007256.jpg,star/stargan/Male/img007256.jpg,6,Male
img006282.jpg,star/stargan/Male/img006282.jpg,6,Male
img006558.jpg,star/stargan/Male/img006558.jpg,6,Male
img006708.jpg,star/stargan/Male/img006708.jpg,6,Male
img006019.jpg,star/stargan/Male/img006019.jpg,6,Male
img006108.jpg,star/stargan/Male/img006108.jpg,6,Male
img006981.jpg,star/stargan/Male/img006981.jpg,6,Male
img006717.jpg,star/stargan/Male/img006717.jpg,6,Male
img007770.jpg,star/stargan/Male/img007770.jpg,6,Male
img006832.jpg,star/stargan/Male/img006832.jpg,6,Male
img007366.jpg,star/stargan/Male/img007366.jpg,6,Male
img007627.jpg,star/stargan/Male/img007627.jpg,6,Male
img007313.jpg,star/stargan/Male/img007313.jpg,6,Male
img006315.jpg,star/stargan/Male/img006315.jpg,6,Male
img006461.jpg,star/stargan/Male/img006461.jpg,6,Male
img006040.jpg,star/stargan/Male/img006040.jpg,6,Male
img006742.jpg,star/stargan/Male/img006742.jpg,6,Male
img007913.jpg,star/stargan/Male/img007913.jpg,6,Male
img007233.jpg,star/stargan/Male/img007233.jpg,6,Male
img007955.jpg,star/stargan/Male/img007955.jpg,6,Male
img007555.jpg,star/stargan/Male/img007555.jpg,6,Male
img006111.jpg,star/stargan/Male/img006111.jpg,6,Male
img006889.jpg,star/stargan/Male/img006889.jpg,6,Male
img007794.jpg,star/stargan/Male/img007794.jpg,6,Male
img007646.jpg,star/stargan/Male/img007646.jpg,6,Male
img006258.jpg,star/stargan/Male/img006258.jpg,6,Male
img007547.jpg,star/stargan/Male/img007547.jpg,6,Male
img007031.jpg,star/stargan/Male/img007031.jpg,6,Male
img006331.jpg,star/stargan/Male/img006331.jpg,6,Male
img006928.jpg,star/stargan/Male/img006928.jpg,6,Male
img007300.jpg,star/stargan/Male/img007300.jpg,6,Male
img006047.jpg,star/stargan/Male/img006047.jpg,6,Male
img006296.jpg,star/stargan/Male/img006296.jpg,6,Male
img006678.jpg,star/stargan/Male/img006678.jpg,6,Male
img007893.jpg,star/stargan/Male/img007893.jpg,6,Male
img007890.jpg,star/stargan/Male/img007890.jpg,6,Male
img006299.jpg,star/stargan/Male/img006299.jpg,6,Male
img006244.jpg,star/stargan/Male/img006244.jpg,6,Male
img006515.jpg,star/stargan/Male/img006515.jpg,6,Male
img007398.jpg,star/stargan/Male/img007398.jpg,6,Male
img007712.jpg,star/stargan/Male/img007712.jpg,6,Male
img007026.jpg,star/stargan/Male/img007026.jpg,6,Male
img007153.jpg,star/stargan/Male/img007153.jpg,6,Male
img006624.jpg,star/stargan/Male/img006624.jpg,6,Male
img006501.jpg,star/stargan/Male/img006501.jpg,6,Male
img006131.jpg,star/stargan/Male/img006131.jpg,6,Male
img007111.jpg,star/stargan/Male/img007111.jpg,6,Male
img007011.jpg,star/stargan/Male/img007011.jpg,6,Male
img006631.jpg,star/stargan/Male/img006631.jpg,6,Male
img007237.jpg,star/stargan/Male/img007237.jpg,6,Male
img006922.jpg,star/stargan/Male/img006922.jpg,6,Male
img006968.jpg,star/stargan/Male/img006968.jpg,6,Male
img006601.jpg,star/stargan/Male/img006601.jpg,6,Male
img006444.jpg,star/stargan/Male/img006444.jpg,6,Male
img006705.jpg,star/stargan/Male/img006705.jpg,6,Male
img007421.jpg,star/stargan/Male/img007421.jpg,6,Male
img006958.jpg,star/stargan/Male/img006958.jpg,6,Male
img007519.jpg,star/stargan/Male/img007519.jpg,6,Male
img007306.jpg,star/stargan/Male/img007306.jpg,6,Male
img007438.jpg,star/stargan/Male/img007438.jpg,6,Male
img006761.jpg,star/stargan/Male/img006761.jpg,6,Male
img007797.jpg,star/stargan/Male/img007797.jpg,6,Male
img007530.jpg,star/stargan/Male/img007530.jpg,6,Male
img007310.jpg,star/stargan/Male/img007310.jpg,6,Male
img007246.jpg,star/stargan/Male/img007246.jpg,6,Male
img006853.jpg,star/stargan/Male/img006853.jpg,6,Male
img006737.jpg,star/stargan/Male/img006737.jpg,6,Male
img007898.jpg,star/stargan/Male/img007898.jpg,6,Male
img007904.jpg,star/stargan/Male/img007904.jpg,6,Male
img007261.jpg,star/stargan/Male/img007261.jpg,6,Male
img006098.jpg,star/stargan/Male/img006098.jpg,6,Male
img006815.jpg,star/stargan/Male/img006815.jpg,6,Male
img007702.jpg,star/stargan/Male/img007702.jpg,6,Male
img006987.jpg,star/stargan/Male/img006987.jpg,6,Male
img006071.jpg,star/stargan/Male/img006071.jpg,6,Male
img006366.jpg,star/stargan/Male/img006366.jpg,6,Male
img006012.jpg,star/stargan/Male/img006012.jpg,6,Male
img006075.jpg,star/stargan/Male/img006075.jpg,6,Male
img006199.jpg,star/stargan/Male/img006199.jpg,6,Male
img007413.jpg,star/stargan/Male/img007413.jpg,6,Male
img006542.jpg,star/stargan/Male/img006542.jpg,6,Male
img007112.jpg,star/stargan/Male/img007112.jpg,6,Male
img006067.jpg,star/stargan/Male/img006067.jpg,6,Male
img007229.jpg,star/stargan/Male/img007229.jpg,6,Male
img006017.jpg,star/stargan/Male/img006017.jpg,6,Male
img007324.jpg,star/stargan/Male/img007324.jpg,6,Male
img006121.jpg,star/stargan/Male/img006121.jpg,6,Male
img006383.jpg,star/stargan/Male/img006383.jpg,6,Male
img006502.jpg,star/stargan/Male/img006502.jpg,6,Male
img007717.jpg,star/stargan/Male/img007717.jpg,6,Male
img007598.jpg,star/stargan/Male/img007598.jpg,6,Male
img007010.jpg,star/stargan/Male/img007010.jpg,6,Male
img007249.jpg,star/stargan/Male/img007249.jpg,6,Male
img006323.jpg,star/stargan/Male/img006323.jpg,6,Male
img007522.jpg,star/stargan/Male/img007522.jpg,6,Male
img006583.jpg,star/stargan/Male/img006583.jpg,6,Male
img007884.jpg,star/stargan/Male/img007884.jpg,6,Male
img006308.jpg,star/stargan/Male/img006308.jpg,6,Male
img007931.jpg,star/stargan/Male/img007931.jpg,6,Male
img006971.jpg,star/stargan/Male/img006971.jpg,6,Male
img007730.jpg,star/stargan/Male/img007730.jpg,6,Male
img007628.jpg,star/stargan/Male/img007628.jpg,6,Male
img006859.jpg,star/stargan/Male/img006859.jpg,6,Male
img006134.jpg,star/stargan/Male/img006134.jpg,6,Male
img006238.jpg,star/stargan/Male/img006238.jpg,6,Male
img007665.jpg,star/stargan/Male/img007665.jpg,6,Male
img007671.jpg,star/stargan/Male/img007671.jpg,6,Male
img006341.jpg,star/stargan/Male/img006341.jpg,6,Male
img007142.jpg,star/stargan/Male/img007142.jpg,6,Male
img006045.jpg,star/stargan/Male/img006045.jpg,6,Male
img007863.jpg,star/stargan/Male/img007863.jpg,6,Male
img006565.jpg,star/stargan/Male/img006565.jpg,6,Male
img007805.jpg,star/stargan/Male/img007805.jpg,6,Male
img006255.jpg,star/stargan/Male/img006255.jpg,6,Male
img007283.jpg,star/stargan/Male/img007283.jpg,6,Male
img006962.jpg,star/stargan/Male/img006962.jpg,6,Male
img007985.jpg,star/stargan/Male/img007985.jpg,6,Male
img006693.jpg,star/stargan/Male/img006693.jpg,6,Male
img007099.jpg,star/stargan/Male/img007099.jpg,6,Male
img006520.jpg,star/stargan/Male/img006520.jpg,6,Male
img006373.jpg,star/stargan/Male/img006373.jpg,6,Male
img007002.jpg,star/stargan/Male/img007002.jpg,6,Male
img006857.jpg,star/stargan/Male/img006857.jpg,6,Male
img007336.jpg,star/stargan/Male/img007336.jpg,6,Male
img006411.jpg,star/stargan/Male/img006411.jpg,6,Male
img006437.jpg,star/stargan/Male/img006437.jpg,6,Male
img007687.jpg,star/stargan/Male/img007687.jpg,6,Male
img006058.jpg,star/stargan/Male/img006058.jpg,6,Male
img006950.jpg,star/stargan/Male/img006950.jpg,6,Male
img006165.jpg,star/stargan/Male/img006165.jpg,6,Male
img007208.jpg,star/stargan/Male/img007208.jpg,6,Male
img007720.jpg,star/stargan/Male/img007720.jpg,6,Male
img006376.jpg,star/stargan/Male/img006376.jpg,6,Male
img006970.jpg,star/stargan/Male/img006970.jpg,6,Male
img007768.jpg,star/stargan/Male/img007768.jpg,6,Male
img007378.jpg,star/stargan/Male/img007378.jpg,6,Male
img006210.jpg,star/stargan/Male/img006210.jpg,6,Male
img007084.jpg,star/stargan/Male/img007084.jpg,6,Male
img006937.jpg,star/stargan/Male/img006937.jpg,6,Male
img006548.jpg,star/stargan/Male/img006548.jpg,6,Male
img007575.jpg,star/stargan/Male/img007575.jpg,6,Male
img007085.jpg,star/stargan/Male/img007085.jpg,6,Male
img007124.jpg,star/stargan/Male/img007124.jpg,6,Male
img006549.jpg,star/stargan/Male/img006549.jpg,6,Male
img006297.jpg,star/stargan/Male/img006297.jpg,6,Male
img007401.jpg,star/stargan/Male/img007401.jpg,6,Male
img007075.jpg,star/stargan/Male/img007075.jpg,6,Male
img007063.jpg,star/stargan/Male/img007063.jpg,6,Male
img006429.jpg,star/stargan/Male/img006429.jpg,6,Male
img006224.jpg,star/stargan/Male/img006224.jpg,6,Male
img007723.jpg,star/stargan/Male/img007723.jpg,6,Male
img006107.jpg,star/stargan/Male/img006107.jpg,6,Male
img006247.jpg,star/stargan/Male/img006247.jpg,6,Male
img007295.jpg,star/stargan/Male/img007295.jpg,6,Male
img007835.jpg,star/stargan/Male/img007835.jpg,6,Male
img006569.jpg,star/stargan/Male/img006569.jpg,6,Male
img006736.jpg,star/stargan/Male/img006736.jpg,6,Male
img007641.jpg,star/stargan/Male/img007641.jpg,6,Male
img006000.jpg,star/stargan/Male/img006000.jpg,6,Male
img006049.jpg,star/stargan/Male/img006049.jpg,6,Male
img006900.jpg,star/stargan/Male/img006900.jpg,6,Male
img006954.jpg,star/stargan/Male/img006954.jpg,6,Male
img007995.jpg,star/stargan/Male/img007995.jpg,6,Male
img007309.jpg,star/stargan/Male/img007309.jpg,6,Male
img007187.jpg,star/stargan/Male/img007187.jpg,6,Male
img007209.jpg,star/stargan/Male/img007209.jpg,6,Male
img006774.jpg,star/stargan/Male/img006774.jpg,6,Male
img006110.jpg,star/stargan/Male/img006110.jpg,6,Male
img007420.jpg,star/stargan/Male/img007420.jpg,6,Male
img007148.jpg,star/stargan/Male/img007148.jpg,6,Male
img006943.jpg,star/stargan/Male/img006943.jpg,6,Male
img006870.jpg,star/stargan/Male/img006870.jpg,6,Male
img006144.jpg,star/stargan/Male/img006144.jpg,6,Male
img007431.jpg,star/stargan/Male/img007431.jpg,6,Male
img007020.jpg,star/stargan/Male/img007020.jpg,6,Male
img006086.jpg,star/stargan/Male/img006086.jpg,6,Male
img006951.jpg,star/stargan/Male/img006951.jpg,6,Male
img007939.jpg,star/stargan/Male/img007939.jpg,6,Male
img007009.jpg,star/stargan/Male/img007009.jpg,6,Male
img006851.jpg,star/stargan/Male/img006851.jpg,6,Male
img007012.jpg,star/stargan/Male/img007012.jpg,6,Male
img006525.jpg,star/stargan/Male/img006525.jpg,6,Male
img006944.jpg,star/stargan/Male/img006944.jpg,6,Male
img007155.jpg,star/stargan/Male/img007155.jpg,6,Male
img007274.jpg,star/stargan/Male/img007274.jpg,6,Male
img006676.jpg,star/stargan/Male/img006676.jpg,6,Male
img006381.jpg,star/stargan/Male/img006381.jpg,6,Male
img006196.jpg,star/stargan/Male/img006196.jpg,6,Male
img007532.jpg,star/stargan/Male/img007532.jpg,6,Male
img007443.jpg,star/stargan/Male/img007443.jpg,6,Male
img006291.jpg,star/stargan/Male/img006291.jpg,6,Male
img007018.jpg,star/stargan/Male/img007018.jpg,6,Male
img006093.jpg,star/stargan/Male/img006093.jpg,6,Male
img006130.jpg,star/stargan/Male/img006130.jpg,6,Male
img007571.jpg,star/stargan/Male/img007571.jpg,6,Male
img007115.jpg,star/stargan/Male/img007115.jpg,6,Male
img007993.jpg,star/stargan/Male/img007993.jpg,6,Male
img006646.jpg,star/stargan/Male/img006646.jpg,6,Male
img007761.jpg,star/stargan/Male/img007761.jpg,6,Male
img007943.jpg,star/stargan/Male/img007943.jpg,6,Male
img006184.jpg,star/stargan/Male/img006184.jpg,6,Male
img006599.jpg,star/stargan/Male/img006599.jpg,6,Male
img007346.jpg,star/stargan/Male/img007346.jpg,6,Male
img007076.jpg,star/stargan/Male/img007076.jpg,6,Male
img007588.jpg,star/stargan/Male/img007588.jpg,6,Male
img007035.jpg,star/stargan/Male/img007035.jpg,6,Male
img006998.jpg,star/stargan/Male/img006998.jpg,6,Male
img007297.jpg,star/stargan/Male/img007297.jpg,6,Male
img006302.jpg,star/stargan/Male/img006302.jpg,6,Male
img006674.jpg,star/stargan/Male/img006674.jpg,6,Male
img007610.jpg,star/stargan/Male/img007610.jpg,6,Male
img006898.jpg,star/stargan/Male/img006898.jpg,6,Male
img007412.jpg,star/stargan/Male/img007412.jpg,6,Male
img006126.jpg,star/stargan/Male/img006126.jpg,6,Male
img006442.jpg,star/stargan/Male/img006442.jpg,6,Male
img006618.jpg,star/stargan/Male/img006618.jpg,6,Male
img006785.jpg,star/stargan/Male/img006785.jpg,6,Male
img007693.jpg,star/stargan/Male/img007693.jpg,6,Male
img006078.jpg,star/stargan/Male/img006078.jpg,6,Male
img006747.jpg,star/stargan/Male/img006747.jpg,6,Male
img007092.jpg,star/stargan/Male/img007092.jpg,6,Male
img006506.jpg,star/stargan/Male/img006506.jpg,6,Male
img006430.jpg,star/stargan/Male/img006430.jpg,6,Male
img007204.jpg,star/stargan/Male/img007204.jpg,6,Male
img006449.jpg,star/stargan/Male/img006449.jpg,6,Male
img007502.jpg,star/stargan/Male/img007502.jpg,6,Male
img006976.jpg,star/stargan/Male/img006976.jpg,6,Male
img006422.jpg,star/stargan/Male/img006422.jpg,6,Male
img007176.jpg,star/stargan/Male/img007176.jpg,6,Male
img007896.jpg,star/stargan/Male/img007896.jpg,6,Male
img006643.jpg,star/stargan/Male/img006643.jpg,6,Male
img006087.jpg,star/stargan/Male/img006087.jpg,6,Male
img006446.jpg,star/stargan/Male/img006446.jpg,6,Male
img006416.jpg,star/stargan/Male/img006416.jpg,6,Male
img006272.jpg,star/stargan/Male/img006272.jpg,6,Male
img007474.jpg,star/stargan/Male/img007474.jpg,6,Male
img006854.jpg,star/stargan/Male/img006854.jpg,6,Male
img006417.jpg,star/stargan/Male/img006417.jpg,6,Male
img006749.jpg,star/stargan/Male/img006749.jpg,6,Male
img006827.jpg,star/stargan/Male/img006827.jpg,6,Male
img006293.jpg,star/stargan/Male/img006293.jpg,6,Male
img006354.jpg,star/stargan/Male/img006354.jpg,6,Male
img007065.jpg,star/stargan/Male/img007065.jpg,6,Male
img007433.jpg,star/stargan/Male/img007433.jpg,6,Male
img007686.jpg,star/stargan/Male/img007686.jpg,6,Male
img007856.jpg,star/stargan/Male/img007856.jpg,6,Male
img007028.jpg,star/stargan/Male/img007028.jpg,6,Male
img006991.jpg,star/stargan/Male/img006991.jpg,6,Male
img006756.jpg,star/stargan/Male/img006756.jpg,6,Male
img006977.jpg,star/stargan/Male/img006977.jpg,6,Male
img006193.jpg,star/stargan/Male/img006193.jpg,6,Male
img006794.jpg,star/stargan/Male/img006794.jpg,6,Male
img006710.jpg,star/stargan/Male/img006710.jpg,6,Male
img007234.jpg,star/stargan/Male/img007234.jpg,6,Male
img007239.jpg,star/stargan/Male/img007239.jpg,6,Male
img007241.jpg,star/stargan/Male/img007241.jpg,6,Male
img007180.jpg,star/stargan/Male/img007180.jpg,6,Male
img006716.jpg,star/stargan/Male/img006716.jpg,6,Male
img007207.jpg,star/stargan/Male/img007207.jpg,6,Male
img007410.jpg,star/stargan/Male/img007410.jpg,6,Male
img007926.jpg,star/stargan/Male/img007926.jpg,6,Male
img006288.jpg,star/stargan/Male/img006288.jpg,6,Male
img007104.jpg,star/stargan/Male/img007104.jpg,6,Male
img007245.jpg,star/stargan/Male/img007245.jpg,6,Male
img006623.jpg,star/stargan/Male/img006623.jpg,6,Male
img006496.jpg,star/stargan/Male/img006496.jpg,6,Male
img006024.jpg,star/stargan/Male/img006024.jpg,6,Male
img007041.jpg,star/stargan/Male/img007041.jpg,6,Male
img007170.jpg,star/stargan/Male/img007170.jpg,6,Male
img006767.jpg,star/stargan/Male/img006767.jpg,6,Male
img006661.jpg,star/stargan/Male/img006661.jpg,6,Male
img006064.jpg,star/stargan/Male/img006064.jpg,6,Male
img007359.jpg,star/stargan/Male/img007359.jpg,6,Male
img006360.jpg,star/stargan/Male/img006360.jpg,6,Male
img007017.jpg,star/stargan/Male/img007017.jpg,6,Male
img007660.jpg,star/stargan/Male/img007660.jpg,6,Male
img006571.jpg,star/stargan/Male/img006571.jpg,6,Male
img006188.jpg,star/stargan/Male/img006188.jpg,6,Male
img007663.jpg,star/stargan/Male/img007663.jpg,6,Male
img006221.jpg,star/stargan/Male/img006221.jpg,6,Male
img007620.jpg,star/stargan/Male/img007620.jpg,6,Male
img007691.jpg,star/stargan/Male/img007691.jpg,6,Male
img007335.jpg,star/stargan/Male/img007335.jpg,6,Male
img007004.jpg,star/stargan/Male/img007004.jpg,6,Male
img007488.jpg,star/stargan/Male/img007488.jpg,6,Male
img006125.jpg,star/stargan/Male/img006125.jpg,6,Male
img007105.jpg,star/stargan/Male/img007105.jpg,6,Male
img006994.jpg,star/stargan/Male/img006994.jpg,6,Male
img007379.jpg,star/stargan/Male/img007379.jpg,6,Male
img006340.jpg,star/stargan/Male/img006340.jpg,6,Male
img006843.jpg,star/stargan/Male/img006843.jpg,6,Male
img007942.jpg,star/stargan/Male/img007942.jpg,6,Male
img007073.jpg,star/stargan/Male/img007073.jpg,6,Male
img007290.jpg,star/stargan/Male/img007290.jpg,6,Male
img006979.jpg,star/stargan/Male/img006979.jpg,6,Male
img007463.jpg,star/stargan/Male/img007463.jpg,6,Male
img007822.jpg,star/stargan/Male/img007822.jpg,6,Male
img007201.jpg,star/stargan/Male/img007201.jpg,6,Male
img006163.jpg,star/stargan/Male/img006163.jpg,6,Male
img007087.jpg,star/stargan/Male/img007087.jpg,6,Male
img006938.jpg,star/stargan/Male/img006938.jpg,6,Male
img007655.jpg,star/stargan/Male/img007655.jpg,6,Male
img006240.jpg,star/stargan/Male/img006240.jpg,6,Male
img007149.jpg,star/stargan/Male/img007149.jpg,6,Male
img007059.jpg,star/stargan/Male/img007059.jpg,6,Male
img007415.jpg,star/stargan/Male/img007415.jpg,6,Male
img007460.jpg,star/stargan/Male/img007460.jpg,6,Male
img007917.jpg,star/stargan/Male/img007917.jpg,6,Male
img006438.jpg,star/stargan/Male/img006438.jpg,6,Male
img007979.jpg,star/stargan/Male/img007979.jpg,6,Male
img006833.jpg,star/stargan/Male/img006833.jpg,6,Male
img007802.jpg,star/stargan/Male/img007802.jpg,6,Male
img007319.jpg,star/stargan/Male/img007319.jpg,6,Male
img006307.jpg,star/stargan/Male/img006307.jpg,6,Male
img007312.jpg,star/stargan/Male/img007312.jpg,6,Male
img006054.jpg,star/stargan/Male/img006054.jpg,6,Male
img006634.jpg,star/stargan/Male/img006634.jpg,6,Male
img007169.jpg,star/stargan/Male/img007169.jpg,6,Male
img007651.jpg,star/stargan/Male/img007651.jpg,6,Male
img006668.jpg,star/stargan/Male/img006668.jpg,6,Male
img007550.jpg,star/stargan/Male/img007550.jpg,6,Male
img006544.jpg,star/stargan/Male/img006544.jpg,6,Male
img007659.jpg,star/stargan/Male/img007659.jpg,6,Male
img007523.jpg,star/stargan/Male/img007523.jpg,6,Male
img007432.jpg,star/stargan/Male/img007432.jpg,6,Male
img006014.jpg,star/stargan/Male/img006014.jpg,6,Male
img007212.jpg,star/stargan/Male/img007212.jpg,6,Male
img007760.jpg,star/stargan/Male/img007760.jpg,6,Male
img007867.jpg,star/stargan/Male/img007867.jpg,6,Male
img006577.jpg,star/stargan/Male/img006577.jpg,6,Male
img006489.jpg,star/stargan/Male/img006489.jpg,6,Male
img006412.jpg,star/stargan/Male/img006412.jpg,6,Male
img006372.jpg,star/stargan/Male/img006372.jpg,6,Male
img006061.jpg,star/stargan/Male/img006061.jpg,6,Male
img006829.jpg,star/stargan/Male/img006829.jpg,6,Male
img006351.jpg,star/stargan/Male/img006351.jpg,6,Male
img007819.jpg,star/stargan/Male/img007819.jpg,6,Male
img007343.jpg,star/stargan/Male/img007343.jpg,6,Male
img007499.jpg,star/stargan/Male/img007499.jpg,6,Male
img006391.jpg,star/stargan/Male/img006391.jpg,6,Male
img006084.jpg,star/stargan/Male/img006084.jpg,6,Male
img006887.jpg,star/stargan/Male/img006887.jpg,6,Male
img006916.jpg,star/stargan/Male/img006916.jpg,6,Male
img007016.jpg,star/stargan/Male/img007016.jpg,6,Male
img006178.jpg,star/stargan/Male/img006178.jpg,6,Male
img006284.jpg,star/stargan/Male/img006284.jpg,6,Male
img006392.jpg,star/stargan/Male/img006392.jpg,6,Male
img007200.jpg,star/stargan/Male/img007200.jpg,6,Male
img007213.jpg,star/stargan/Male/img007213.jpg,6,Male
img007678.jpg,star/stargan/Male/img007678.jpg,6,Male
img006945.jpg,star/stargan/Male/img006945.jpg,6,Male
img007216.jpg,star/stargan/Male/img007216.jpg,6,Male
img006582.jpg,star/stargan/Male/img006582.jpg,6,Male
img006608.jpg,star/stargan/Male/img006608.jpg,6,Male
img006197.jpg,star/stargan/Male/img006197.jpg,6,Male
img006886.jpg,star/stargan/Male/img006886.jpg,6,Male
img006119.jpg,star/stargan/Male/img006119.jpg,6,Male
img007193.jpg,star/stargan/Male/img007193.jpg,6,Male
img007070.jpg,star/stargan/Male/img007070.jpg,6,Male
img006106.jpg,star/stargan/Male/img006106.jpg,6,Male
img007895.jpg,star/stargan/Male/img007895.jpg,6,Male
img006960.jpg,star/stargan/Male/img006960.jpg,6,Male
img007849.jpg,star/stargan/Male/img007849.jpg,6,Male
img007483.jpg,star/stargan/Male/img007483.jpg,6,Male
img007199.jpg,star/stargan/Male/img007199.jpg,6,Male
img006890.jpg,star/stargan/Male/img006890.jpg,6,Male
img006466.jpg,star/stargan/Male/img006466.jpg,6,Male
img007818.jpg,star/stargan/Male/img007818.jpg,6,Male
img007735.jpg,star/stargan/Male/img007735.jpg,6,Male
img007132.jpg,star/stargan/Male/img007132.jpg,6,Male
img006831.jpg,star/stargan/Male/img006831.jpg,6,Male
img006606.jpg,star/stargan/Male/img006606.jpg,6,Male
img006077.jpg,star/stargan/Male/img006077.jpg,6,Male
img007908.jpg,star/stargan/Male/img007908.jpg,6,Male
img007478.jpg,star/stargan/Male/img007478.jpg,6,Male
img006123.jpg,star/stargan/Male/img006123.jpg,6,Male
img006667.jpg,star/stargan/Male/img006667.jpg,6,Male
img006200.jpg,star/stargan/Male/img006200.jpg,6,Male
img006491.jpg,star/stargan/Male/img006491.jpg,6,Male
img007753.jpg,star/stargan/Male/img007753.jpg,6,Male
img007116.jpg,star/stargan/Male/img007116.jpg,6,Male
img007982.jpg,star/stargan/Male/img007982.jpg,6,Male
img007565.jpg,star/stargan/Male/img007565.jpg,6,Male
img006485.jpg,star/stargan/Male/img006485.jpg,6,Male
img006567.jpg,star/stargan/Male/img006567.jpg,6,Male
img006555.jpg,star/stargan/Male/img006555.jpg,6,Male
img007190.jpg,star/stargan/Male/img007190.jpg,6,Male
img007706.jpg,star/stargan/Male/img007706.jpg,6,Male
img006436.jpg,star/stargan/Male/img006436.jpg,6,Male
img007676.jpg,star/stargan/Male/img007676.jpg,6,Male
img006003.jpg,star/stargan/Male/img006003.jpg,6,Male
img007194.jpg,star/stargan/Male/img007194.jpg,6,Male
img007117.jpg,star/stargan/Male/img007117.jpg,6,Male
img006473.jpg,star/stargan/Male/img006473.jpg,6,Male
img007141.jpg,star/stargan/Male/img007141.jpg,6,Male
img007891.jpg,star/stargan/Male/img007891.jpg,6,Male
img006421.jpg,star/stargan/Male/img006421.jpg,6,Male
img006988.jpg,star/stargan/Male/img006988.jpg,6,Male
img007557.jpg,star/stargan/Male/img007557.jpg,6,Male
img006088.jpg,star/stargan/Male/img006088.jpg,6,Male
img006570.jpg,star/stargan/Male/img006570.jpg,6,Male
img007615.jpg,star/stargan/Male/img007615.jpg,6,Male
img006350.jpg,star/stargan/Male/img006350.jpg,6,Male
img007387.jpg,star/stargan/Male/img007387.jpg,6,Male
img007973.jpg,star/stargan/Male/img007973.jpg,6,Male
img007242.jpg,star/stargan/Male/img007242.jpg,6,Male
img006407.jpg,star/stargan/Male/img006407.jpg,6,Male
img007046.jpg,star/stargan/Male/img007046.jpg,6,Male
img007337.jpg,star/stargan/Male/img007337.jpg,6,Male
img007936.jpg,star/stargan/Male/img007936.jpg,6,Male
img006554.jpg,star/stargan/Male/img006554.jpg,6,Male
img006841.jpg,star/stargan/Male/img006841.jpg,6,Male
img007388.jpg,star/stargan/Male/img007388.jpg,6,Male
img007377.jpg,star/stargan/Male/img007377.jpg,6,Male
img006680.jpg,star/stargan/Male/img006680.jpg,6,Male
img007510.jpg,star/stargan/Male/img007510.jpg,6,Male
img007766.jpg,star/stargan/Male/img007766.jpg,6,Male
img006230.jpg,star/stargan/Male/img006230.jpg,6,Male
img007829.jpg,star/stargan/Male/img007829.jpg,6,Male
img006607.jpg,star/stargan/Male/img006607.jpg,6,Male
img006587.jpg,star/stargan/Male/img006587.jpg,6,Male
img006048.jpg,star/stargan/Male/img006048.jpg,6,Male
img006168.jpg,star/stargan/Male/img006168.jpg,6,Male
img007533.jpg,star/stargan/Male/img007533.jpg,6,Male
img007482.jpg,star/stargan/Male/img007482.jpg,6,Male
img007529.jpg,star/stargan/Male/img007529.jpg,6,Male
img007174.jpg,star/stargan/Male/img007174.jpg,6,Male
img006016.jpg,star/stargan/Male/img006016.jpg,6,Male
img006648.jpg,star/stargan/Male/img006648.jpg,6,Male
img007534.jpg,star/stargan/Male/img007534.jpg,6,Male
img007323.jpg,star/stargan/Male/img007323.jpg,6,Male
img006743.jpg,star/stargan/Male/img006743.jpg,6,Male
img006572.jpg,star/stargan/Male/img006572.jpg,6,Male
img006275.jpg,star/stargan/Male/img006275.jpg,6,Male
img006096.jpg,star/stargan/Male/img006096.jpg,6,Male
img007101.jpg,star/stargan/Male/img007101.jpg,6,Male
img006809.jpg,star/stargan/Male/img006809.jpg,6,Male
img007061.jpg,star/stargan/Male/img007061.jpg,6,Male
img007172.jpg,star/stargan/Male/img007172.jpg,6,Male
img007626.jpg,star/stargan/Male/img007626.jpg,6,Male
img006055.jpg,star/stargan/Male/img006055.jpg,6,Male
img006776.jpg,star/stargan/Male/img006776.jpg,6,Male
img007470.jpg,star/stargan/Male/img007470.jpg,6,Male
img006746.jpg,star/stargan/Male/img006746.jpg,6,Male
img007945.jpg,star/stargan/Male/img007945.jpg,6,Male
img006545.jpg,star/stargan/Male/img006545.jpg,6,Male
img007938.jpg,star/stargan/Male/img007938.jpg,6,Male
img006007.jpg,star/stargan/Male/img006007.jpg,6,Male
img006484.jpg,star/stargan/Male/img006484.jpg,6,Male
img006816.jpg,star/stargan/Male/img006816.jpg,6,Male
img007883.jpg,star/stargan/Male/img007883.jpg,6,Male
img007775.jpg,star/stargan/Male/img007775.jpg,6,Male
img007952.jpg,star/stargan/Male/img007952.jpg,6,Male
img007262.jpg,star/stargan/Male/img007262.jpg,6,Male
img007436.jpg,star/stargan/Male/img007436.jpg,6,Male
img007203.jpg,star/stargan/Male/img007203.jpg,6,Male
img007144.jpg,star/stargan/Male/img007144.jpg,6,Male
img007591.jpg,star/stargan/Male/img007591.jpg,6,Male
img007225.jpg,star/stargan/Male/img007225.jpg,6,Male
img006563.jpg,star/stargan/Male/img006563.jpg,6,Male
img007930.jpg,star/stargan/Male/img007930.jpg,6,Male
img007632.jpg,star/stargan/Male/img007632.jpg,6,Male
img006694.jpg,star/stargan/Male/img006694.jpg,6,Male
img007363.jpg,star/stargan/Male/img007363.jpg,6,Male
img007916.jpg,star/stargan/Male/img007916.jpg,6,Male
img007700.jpg,star/stargan/Male/img007700.jpg,6,Male
img007400.jpg,star/stargan/Male/img007400.jpg,6,Male
img006820.jpg,star/stargan/Male/img006820.jpg,6,Male
img007746.jpg,star/stargan/Male/img007746.jpg,6,Male
img006201.jpg,star/stargan/Male/img006201.jpg,6,Male
img006514.jpg,star/stargan/Male/img006514.jpg,6,Male
img006633.jpg,star/stargan/Male/img006633.jpg,6,Male
img007128.jpg,star/stargan/Male/img007128.jpg,6,Male
img006038.jpg,star/stargan/Male/img006038.jpg,6,Male
img007013.jpg,star/stargan/Male/img007013.jpg,6,Male
img007156.jpg,star/stargan/Male/img007156.jpg,6,Male
img006464.jpg,star/stargan/Male/img006464.jpg,6,Male
img007052.jpg,star/stargan/Male/img007052.jpg,6,Male
img007082.jpg,star/stargan/Male/img007082.jpg,6,Male
img007531.jpg,star/stargan/Male/img007531.jpg,6,Male
img007788.jpg,star/stargan/Male/img007788.jpg,6,Male
img007956.jpg,star/stargan/Male/img007956.jpg,6,Male
img007827.jpg,star/stargan/Male/img007827.jpg,6,Male
img006289.jpg,star/stargan/Male/img006289.jpg,6,Male
img007739.jpg,star/stargan/Male/img007739.jpg,6,Male
img007795.jpg,star/stargan/Male/img007795.jpg,6,Male
img006187.jpg,star/stargan/Male/img006187.jpg,6,Male
img006353.jpg,star/stargan/Male/img006353.jpg,6,Male
img006278.jpg,star/stargan/Male/img006278.jpg,6,Male
img007486.jpg,star/stargan/Male/img007486.jpg,6,Male
img007114.jpg,star/stargan/Male/img007114.jpg,6,Male
img007145.jpg,star/stargan/Male/img007145.jpg,6,Male
img006874.jpg,star/stargan/Male/img006874.jpg,6,Male
img006091.jpg,star/stargan/Male/img006091.jpg,6,Male
img006209.jpg,star/stargan/Male/img006209.jpg,6,Male
img007759.jpg,star/stargan/Male/img007759.jpg,6,Male
img007585.jpg,star/stargan/Male/img007585.jpg,6,Male
img006773.jpg,star/stargan/Male/img006773.jpg,6,Male
img006046.jpg,star/stargan/Male/img006046.jpg,6,Male
img006741.jpg,star/stargan/Male/img006741.jpg,6,Male
img006839.jpg,star/stargan/Male/img006839.jpg,6,Male
img006707.jpg,star/stargan/Male/img006707.jpg,6,Male
img007408.jpg,star/stargan/Male/img007408.jpg,6,Male
img007238.jpg,star/stargan/Male/img007238.jpg,6,Male
img006482.jpg,star/stargan/Male/img006482.jpg,6,Male
img006733.jpg,star/stargan/Male/img006733.jpg,6,Male
img007971.jpg,star/stargan/Male/img007971.jpg,6,Male
img006860.jpg,star/stargan/Male/img006860.jpg,6,Male
img007391.jpg,star/stargan/Male/img007391.jpg,6,Male
img007067.jpg,star/stargan/Male/img007067.jpg,6,Male
img007880.jpg,star/stargan/Male/img007880.jpg,6,Male
img007045.jpg,star/stargan/Male/img007045.jpg,6,Male
img006526.jpg,star/stargan/Male/img006526.jpg,6,Male
img006725.jpg,star/stargan/Male/img006725.jpg,6,Male
img006909.jpg,star/stargan/Male/img006909.jpg,6,Male
img006089.jpg,star/stargan/Male/img006089.jpg,6,Male
img006136.jpg,star/stargan/Male/img006136.jpg,6,Male
img007255.jpg,star/stargan/Male/img007255.jpg,6,Male
img007789.jpg,star/stargan/Male/img007789.jpg,6,Male
img006401.jpg,star/stargan/Male/img006401.jpg,6,Male
img007994.jpg,star/stargan/Male/img007994.jpg,6,Male
img006211.jpg,star/stargan/Male/img006211.jpg,6,Male
img007399.jpg,star/stargan/Male/img007399.jpg,6,Male
img007689.jpg,star/stargan/Male/img007689.jpg,6,Male
img007129.jpg,star/stargan/Male/img007129.jpg,6,Male
img007538.jpg,star/stargan/Male/img007538.jpg,6,Male
img007396.jpg,star/stargan/Male/img007396.jpg,6,Male
img007838.jpg,star/stargan/Male/img007838.jpg,6,Male
img007929.jpg,star/stargan/Male/img007929.jpg,6,Male
img006231.jpg,star/stargan/Male/img006231.jpg,6,Male
img006866.jpg,star/stargan/Male/img006866.jpg,6,Male
img007217.jpg,star/stargan/Male/img007217.jpg,6,Male
img006846.jpg,star/stargan/Male/img006846.jpg,6,Male
img007327.jpg,star/stargan/Male/img007327.jpg,6,Male
img006532.jpg,star/stargan/Male/img006532.jpg,6,Male
img006992.jpg,star/stargan/Male/img006992.jpg,6,Male
img006382.jpg,star/stargan/Male/img006382.jpg,6,Male
img006423.jpg,star/stargan/Male/img006423.jpg,6,Male
img006784.jpg,star/stargan/Male/img006784.jpg,6,Male
img007638.jpg,star/stargan/Male/img007638.jpg,6,Male
img006963.jpg,star/stargan/Male/img006963.jpg,6,Male
img006471.jpg,star/stargan/Male/img006471.jpg,6,Male
img007440.jpg,star/stargan/Male/img007440.jpg,6,Male
img007146.jpg,star/stargan/Male/img007146.jpg,6,Male
img006692.jpg,star/stargan/Male/img006692.jpg,6,Male
img006140.jpg,star/stargan/Male/img006140.jpg,6,Male
img007424.jpg,star/stargan/Male/img007424.jpg,6,Male
img007731.jpg,star/stargan/Male/img007731.jpg,6,Male
img007314.jpg,star/stargan/Male/img007314.jpg,6,Male
img006356.jpg,star/stargan/Male/img006356.jpg,6,Male
img007358.jpg,star/stargan/Male/img007358.jpg,6,Male
img006358.jpg,star/stargan/Male/img006358.jpg,6,Male
img006380.jpg,star/stargan/Male/img006380.jpg,6,Male
img007960.jpg,star/stargan/Male/img007960.jpg,6,Male
img007685.jpg,star/stargan/Male/img007685.jpg,6,Male
img007230.jpg,star/stargan/Male/img007230.jpg,6,Male
img006487.jpg,star/stargan/Male/img006487.jpg,6,Male
img007715.jpg,star/stargan/Male/img007715.jpg,6,Male
img007511.jpg,star/stargan/Male/img007511.jpg,6,Male
img007657.jpg,star/stargan/Male/img007657.jpg,6,Male
img006318.jpg,star/stargan/Male/img006318.jpg,6,Male
img007711.jpg,star/stargan/Male/img007711.jpg,6,Male
img006192.jpg,star/stargan/Male/img006192.jpg,6,Male
img006762.jpg,star/stargan/Male/img006762.jpg,6,Male
img007286.jpg,star/stargan/Male/img007286.jpg,6,Male
img006039.jpg,star/stargan/Male/img006039.jpg,6,Male
img007662.jpg,star/stargan/Male/img007662.jpg,6,Male
img007123.jpg,star/stargan/Male/img007123.jpg,6,Male
img006812.jpg,star/stargan/Male/img006812.jpg,6,Male
img006836.jpg,star/stargan/Male/img006836.jpg,6,Male
img006129.jpg,star/stargan/Male/img006129.jpg,6,Male
img006666.jpg,star/stargan/Male/img006666.jpg,6,Male
img006241.jpg,star/stargan/Male/img006241.jpg,6,Male
img006246.jpg,star/stargan/Male/img006246.jpg,6,Male
img007920.jpg,star/stargan/Male/img007920.jpg,6,Male
img006262.jpg,star/stargan/Male/img006262.jpg,6,Male
img006092.jpg,star/stargan/Male/img006092.jpg,6,Male
img007122.jpg,star/stargan/Male/img007122.jpg,6,Male
img006345.jpg,star/stargan/Male/img006345.jpg,6,Male
img007185.jpg,star/stargan/Male/img007185.jpg,6,Male
img006636.jpg,star/stargan/Male/img006636.jpg,6,Male
img007897.jpg,star/stargan/Male/img007897.jpg,6,Male
img007961.jpg,star/stargan/Male/img007961.jpg,6,Male
img006394.jpg,star/stargan/Male/img006394.jpg,6,Male
img007333.jpg,star/stargan/Male/img007333.jpg,6,Male
img007008.jpg,star/stargan/Male/img007008.jpg,6,Male
img007906.jpg,star/stargan/Male/img007906.jpg,6,Male
img007737.jpg,star/stargan/Male/img007737.jpg,6,Male
img007029.jpg,star/stargan/Male/img007029.jpg,6,Male
img007383.jpg,star/stargan/Male/img007383.jpg,6,Male
img006627.jpg,star/stargan/Male/img006627.jpg,6,Male
img006530.jpg,star/stargan/Male/img006530.jpg,6,Male
img006903.jpg,star/stargan/Male/img006903.jpg,6,Male
img006198.jpg,star/stargan/Male/img006198.jpg,6,Male
img007022.jpg,star/stargan/Male/img007022.jpg,6,Male
img007675.jpg,star/stargan/Male/img007675.jpg,6,Male
img007837.jpg,star/stargan/Male/img007837.jpg,6,Male
img007271.jpg,star/stargan/Male/img007271.jpg,6,Male
img007752.jpg,star/stargan/Male/img007752.jpg,6,Male
img007243.jpg,star/stargan/Male/img007243.jpg,6,Male
img007622.jpg,star/stargan/Male/img007622.jpg,6,Male
img007681.jpg,star/stargan/Male/img007681.jpg,6,Male
img006169.jpg,star/stargan/Male/img006169.jpg,6,Male
img007714.jpg,star/stargan/Male/img007714.jpg,6,Male
img007925.jpg,star/stargan/Male/img007925.jpg,6,Male
img007389.jpg,star/stargan/Male/img007389.jpg,6,Male
img006519.jpg,star/stargan/Male/img006519.jpg,6,Male
img007449.jpg,star/stargan/Male/img007449.jpg,6,Male
img006432.jpg,star/stargan/Male/img006432.jpg,6,Male
img006367.jpg,star/stargan/Male/img006367.jpg,6,Male
img007307.jpg,star/stargan/Male/img007307.jpg,6,Male
img007485.jpg,star/stargan/Male/img007485.jpg,6,Male
img007452.jpg,star/stargan/Male/img007452.jpg,6,Male
img007481.jpg,star/stargan/Male/img007481.jpg,6,Male
img006081.jpg,star/stargan/Male/img006081.jpg,6,Male
img006249.jpg,star/stargan/Male/img006249.jpg,6,Male
img006719.jpg,star/stargan/Male/img006719.jpg,6,Male
img007224.jpg,star/stargan/Male/img007224.jpg,6,Male
img007342.jpg,star/stargan/Male/img007342.jpg,6,Male
img007350.jpg,star/stargan/Male/img007350.jpg,6,Male
img006610.jpg,star/stargan/Male/img006610.jpg,6,Male
img007568.jpg,star/stargan/Male/img007568.jpg,6,Male
img006748.jpg,star/stargan/Male/img006748.jpg,6,Male
img006271.jpg,star/stargan/Male/img006271.jpg,6,Male
img006986.jpg,star/stargan/Male/img006986.jpg,6,Male
img006294.jpg,star/stargan/Male/img006294.jpg,6,Male
img007198.jpg,star/stargan/Male/img007198.jpg,6,Male
img007273.jpg,star/stargan/Male/img007273.jpg,6,Male
img007806.jpg,star/stargan/Male/img007806.jpg,6,Male
img006176.jpg,star/stargan/Male/img006176.jpg,6,Male
img006254.jpg,star/stargan/Male/img006254.jpg,6,Male
img007726.jpg,star/stargan/Male/img007726.jpg,6,Male
img006759.jpg,star/stargan/Male/img006759.jpg,6,Male
img007508.jpg,star/stargan/Male/img007508.jpg,6,Male
img007517.jpg,star/stargan/Male/img007517.jpg,6,Male
img006203.jpg,star/stargan/Male/img006203.jpg,6,Male
img006179.jpg,star/stargan/Male/img006179.jpg,6,Male
img007469.jpg,star/stargan/Male/img007469.jpg,6,Male
img006022.jpg,star/stargan/Male/img006022.jpg,6,Male
img006996.jpg,star/stargan/Male/img006996.jpg,6,Male
img007836.jpg,star/stargan/Male/img007836.jpg,6,Male
img007263.jpg,star/stargan/Male/img007263.jpg,6,Male
img006082.jpg,star/stargan/Male/img006082.jpg,6,Male
img006235.jpg,star/stargan/Male/img006235.jpg,6,Male
img006425.jpg,star/stargan/Male/img006425.jpg,6,Male
img007562.jpg,star/stargan/Male/img007562.jpg,6,Male
img006882.jpg,star/stargan/Male/img006882.jpg,6,Male
img006365.jpg,star/stargan/Male/img006365.jpg,6,Male
img006362.jpg,star/stargan/Male/img006362.jpg,6,Male
img007100.jpg,star/stargan/Male/img007100.jpg,6,Male
img006534.jpg,star/stargan/Male/img006534.jpg,6,Male
img007804.jpg,star/stargan/Male/img007804.jpg,6,Male
img007773.jpg,star/stargan/Male/img007773.jpg,6,Male
img007090.jpg,star/stargan/Male/img007090.jpg,6,Male
img007843.jpg,star/stargan/Male/img007843.jpg,6,Male
img006625.jpg,star/stargan/Male/img006625.jpg,6,Male
img006924.jpg,star/stargan/Male/img006924.jpg,6,Male
img007683.jpg,star/stargan/Male/img007683.jpg,6,Male
img007437.jpg,star/stargan/Male/img007437.jpg,6,Male
img007991.jpg,star/stargan/Male/img007991.jpg,6,Male
img007589.jpg,star/stargan/Male/img007589.jpg,6,Male
img006556.jpg,star/stargan/Male/img006556.jpg,6,Male
img006619.jpg,star/stargan/Male/img006619.jpg,6,Male
img007556.jpg,star/stargan/Male/img007556.jpg,6,Male
img007580.jpg,star/stargan/Male/img007580.jpg,6,Male
img007582.jpg,star/stargan/Male/img007582.jpg,6,Male
img007927.jpg,star/stargan/Male/img007927.jpg,6,Male
img007647.jpg,star/stargan/Male/img007647.jpg,6,Male
img007492.jpg,star/stargan/Male/img007492.jpg,6,Male
img006153.jpg,star/stargan/Male/img006153.jpg,6,Male
img007682.jpg,star/stargan/Male/img007682.jpg,6,Male
img007612.jpg,star/stargan/Male/img007612.jpg,6,Male
img007546.jpg,star/stargan/Male/img007546.jpg,6,Male
img006023.jpg,star/stargan/Male/img006023.jpg,6,Male
img007539.jpg,star/stargan/Male/img007539.jpg,6,Male
img006338.jpg,star/stargan/Male/img006338.jpg,6,Male
img006912.jpg,star/stargan/Male/img006912.jpg,6,Male
img006604.jpg,star/stargan/Male/img006604.jpg,6,Male
img007578.jpg,star/stargan/Male/img007578.jpg,6,Male
img006292.jpg,star/stargan/Male/img006292.jpg,6,Male
img007919.jpg,star/stargan/Male/img007919.jpg,6,Male
img006455.jpg,star/stargan/Male/img006455.jpg,6,Male
img006550.jpg,star/stargan/Male/img006550.jpg,6,Male
img006103.jpg,star/stargan/Male/img006103.jpg,6,Male
img006185.jpg,star/stargan/Male/img006185.jpg,6,Male
img006751.jpg,star/stargan/Male/img006751.jpg,6,Male
img007406.jpg,star/stargan/Male/img007406.jpg,6,Male
img007430.jpg,star/stargan/Male/img007430.jpg,6,Male
img007516.jpg,star/stargan/Male/img007516.jpg,6,Male
img006133.jpg,star/stargan/Male/img006133.jpg,6,Male
img006726.jpg,star/stargan/Male/img006726.jpg,6,Male
img006940.jpg,star/stargan/Male/img006940.jpg,6,Male
img007048.jpg,star/stargan/Male/img007048.jpg,6,Male
img006280.jpg,star/stargan/Male/img006280.jpg,6,Male
img007545.jpg,star/stargan/Male/img007545.jpg,6,Male
img007782.jpg,star/stargan/Male/img007782.jpg,6,Male
img007368.jpg,star/stargan/Male/img007368.jpg,6,Male
img006615.jpg,star/stargan/Male/img006615.jpg,6,Male
img007811.jpg,star/stargan/Male/img007811.jpg,6,Male
img006026.jpg,star/stargan/Male/img006026.jpg,6,Male
img007609.jpg,star/stargan/Male/img007609.jpg,6,Male
img007980.jpg,star/stargan/Male/img007980.jpg,6,Male
img007826.jpg,star/stargan/Male/img007826.jpg,6,Male
img007202.jpg,star/stargan/Male/img007202.jpg,6,Male
img006148.jpg,star/stargan/Male/img006148.jpg,6,Male
img006585.jpg,star/stargan/Male/img006585.jpg,6,Male
img006152.jpg,star/stargan/Male/img006152.jpg,6,Male
img007386.jpg,star/stargan/Male/img007386.jpg,6,Male
img007962.jpg,star/stargan/Male/img007962.jpg,6,Male
img007040.jpg,star/stargan/Male/img007040.jpg,6,Male
img006220.jpg,star/stargan/Male/img006220.jpg,6,Male
img006483.jpg,star/stargan/Male/img006483.jpg,6,Male
img006387.jpg,star/stargan/Male/img006387.jpg,6,Male
img007937.jpg,star/stargan/Male/img007937.jpg,6,Male
img007494.jpg,star/stargan/Male/img007494.jpg,6,Male
img007879.jpg,star/stargan/Male/img007879.jpg,6,Male
img006760.jpg,star/stargan/Male/img006760.jpg,6,Male
img006873.jpg,star/stargan/Male/img006873.jpg,6,Male
img006227.jpg,star/stargan/Male/img006227.jpg,6,Male
img006861.jpg,star/stargan/Male/img006861.jpg,6,Male
img007304.jpg,star/stargan/Male/img007304.jpg,6,Male
img007053.jpg,star/stargan/Male/img007053.jpg,6,Male
img007102.jpg,star/stargan/Male/img007102.jpg,6,Male
img006410.jpg,star/stargan/Male/img006410.jpg,6,Male
img006602.jpg,star/stargan/Male/img006602.jpg,6,Male
img007783.jpg,star/stargan/Male/img007783.jpg,6,Male
img006990.jpg,star/stargan/Male/img006990.jpg,6,Male
img006068.jpg,star/stargan/Male/img006068.jpg,6,Male
img007624.jpg,star/stargan/Male/img007624.jpg,6,Male
img006677.jpg,star/stargan/Male/img006677.jpg,6,Male
img007629.jpg,star/stargan/Male/img007629.jpg,6,Male
img006104.jpg,star/stargan/Male/img006104.jpg,6,Male
img007583.jpg,star/stargan/Male/img007583.jpg,6,Male
img006105.jpg,star/stargan/Male/img006105.jpg,6,Male
img006390.jpg,star/stargan/Male/img006390.jpg,6,Male
img006844.jpg,star/stargan/Male/img006844.jpg,6,Male
img006997.jpg,star/stargan/Male/img006997.jpg,6,Male
img007809.jpg,star/stargan/Male/img007809.jpg,6,Male
img007696.jpg,star/stargan/Male/img007696.jpg,6,Male
img007981.jpg,star/stargan/Male/img007981.jpg,6,Male
img007984.jpg,star/stargan/Male/img007984.jpg,6,Male
img006033.jpg,star/stargan/Male/img006033.jpg,6,Male
img006248.jpg,star/stargan/Male/img006248.jpg,6,Male
img006286.jpg,star/stargan/Male/img006286.jpg,6,Male
img006713.jpg,star/stargan/Male/img006713.jpg,6,Male
img006686.jpg,star/stargan/Male/img006686.jpg,6,Male
img007362.jpg,star/stargan/Male/img007362.jpg,6,Male
img006173.jpg,star/stargan/Male/img006173.jpg,6,Male
img006752.jpg,star/stargan/Male/img006752.jpg,6,Male
img006980.jpg,star/stargan/Male/img006980.jpg,6,Male
img007743.jpg,star/stargan/Male/img007743.jpg,6,Male
img006635.jpg,star/stargan/Male/img006635.jpg,6,Male
img007121.jpg,star/stargan/Male/img007121.jpg,6,Male
img007965.jpg,star/stargan/Male/img007965.jpg,6,Male
img007853.jpg,star/stargan/Male/img007853.jpg,6,Male
img007083.jpg,star/stargan/Male/img007083.jpg,6,Male
img006405.jpg,star/stargan/Male/img006405.jpg,6,Male
img006553.jpg,star/stargan/Male/img006553.jpg,6,Male
img007157.jpg,star/stargan/Male/img007157.jpg,6,Male
img007024.jpg,star/stargan/Male/img007024.jpg,6,Male
img006769.jpg,star/stargan/Male/img006769.jpg,6,Male
img006840.jpg,star/stargan/Male/img006840.jpg,6,Male
img006925.jpg,star/stargan/Male/img006925.jpg,6,Male
img006277.jpg,star/stargan/Male/img006277.jpg,6,Male
img006948.jpg,star/stargan/Male/img006948.jpg,6,Male
img007846.jpg,star/stargan/Male/img007846.jpg,6,Male
img006505.jpg,star/stargan/Male/img006505.jpg,6,Male
img007098.jpg,star/stargan/Male/img007098.jpg,6,Male
img006191.jpg,star/stargan/Male/img006191.jpg,6,Male
img007658.jpg,star/stargan/Male/img007658.jpg,6,Male
img007972.jpg,star/stargan/Male/img007972.jpg,6,Male
img007407.jpg,star/stargan/Male/img007407.jpg,6,Male
img007716.jpg,star/stargan/Male/img007716.jpg,6,Male
img007847.jpg,star/stargan/Male/img007847.jpg,6,Male
img006459.jpg,star/stargan/Male/img006459.jpg,6,Male
img007703.jpg,star/stargan/Male/img007703.jpg,6,Male
img007250.jpg,star/stargan/Male/img007250.jpg,6,Male
img006908.jpg,star/stargan/Male/img006908.jpg,6,Male
img006204.jpg,star/stargan/Male/img006204.jpg,6,Male
img006041.jpg,star/stargan/Male/img006041.jpg,6,Male
img007103.jpg,star/stargan/Male/img007103.jpg,6,Male
img007668.jpg,star/stargan/Male/img007668.jpg,6,Male
img006260.jpg,star/stargan/Male/img006260.jpg,6,Male
img007289.jpg,star/stargan/Male/img007289.jpg,6,Male
img007349.jpg,star/stargan/Male/img007349.jpg,6,Male
img006735.jpg,star/stargan/Male/img006735.jpg,6,Male
img006907.jpg,star/stargan/Male/img006907.jpg,6,Male
img007645.jpg,star/stargan/Male/img007645.jpg,6,Male
img007732.jpg,star/stargan/Male/img007732.jpg,6,Male
img006317.jpg,star/stargan/Male/img006317.jpg,6,Male
img006703.jpg,star/stargan/Male/img006703.jpg,6,Male
img007865.jpg,star/stargan/Male/img007865.jpg,6,Male
img007554.jpg,star/stargan/Male/img007554.jpg,6,Male
img006440.jpg,star/stargan/Male/img006440.jpg,6,Male
img007755.jpg,star/stargan/Male/img007755.jpg,6,Male
img007650.jpg,star/stargan/Male/img007650.jpg,6,Male
img006409.jpg,star/stargan/Male/img006409.jpg,6,Male
img007369.jpg,star/stargan/Male/img007369.jpg,6,Male
img007515.jpg,star/stargan/Male/img007515.jpg,6,Male
img007548.jpg,star/stargan/Male/img007548.jpg,6,Male
img006796.jpg,star/stargan/Male/img006796.jpg,6,Male
img006754.jpg,star/stargan/Male/img006754.jpg,6,Male
img007872.jpg,star/stargan/Male/img007872.jpg,6,Male
img006467.jpg,star/stargan/Male/img006467.jpg,6,Male
img007329.jpg,star/stargan/Male/img007329.jpg,6,Male
img007825.jpg,star/stargan/Male/img007825.jpg,6,Male
img006167.jpg,star/stargan/Male/img006167.jpg,6,Male
img006691.jpg,star/stargan/Male/img006691.jpg,6,Male
img007332.jpg,star/stargan/Male/img007332.jpg,6,Male
img007950.jpg,star/stargan/Male/img007950.jpg,6,Male
img006568.jpg,star/stargan/Male/img006568.jpg,6,Male
img007252.jpg,star/stargan/Male/img007252.jpg,6,Male
img007459.jpg,star/stargan/Male/img007459.jpg,6,Male
img007704.jpg,star/stargan/Male/img007704.jpg,6,Male
img007570.jpg,star/stargan/Male/img007570.jpg,6,Male
img007537.jpg,star/stargan/Male/img007537.jpg,6,Male
img006245.jpg,star/stargan/Male/img006245.jpg,6,Male
img006208.jpg,star/stargan/Male/img006208.jpg,6,Male
img006974.jpg,star/stargan/Male/img006974.jpg,6,Male
img006660.jpg,star/stargan/Male/img006660.jpg,6,Male
img006802.jpg,star/stargan/Male/img006802.jpg,6,Male
img007911.jpg,star/stargan/Male/img007911.jpg,6,Male
img007205.jpg,star/stargan/Male/img007205.jpg,6,Male
img007748.jpg,star/stargan/Male/img007748.jpg,6,Male
img007854.jpg,star/stargan/Male/img007854.jpg,6,Male
img006775.jpg,star/stargan/Male/img006775.jpg,6,Male
img007512.jpg,star/stargan/Male/img007512.jpg,6,Male
img006138.jpg,star/stargan/Male/img006138.jpg,6,Male
img007296.jpg,star/stargan/Male/img007296.jpg,6,Male
img006415.jpg,star/stargan/Male/img006415.jpg,6,Male
img007877.jpg,star/stargan/Male/img007877.jpg,6,Male
img007211.jpg,star/stargan/Male/img007211.jpg,6,Male
img007038.jpg,star/stargan/Male/img007038.jpg,6,Male
img006428.jpg,star/stargan/Male/img006428.jpg,6,Male
img007422.jpg,star/stargan/Male/img007422.jpg,6,Male
img007120.jpg,star/stargan/Male/img007120.jpg,6,Male
img006170.jpg,star/stargan/Male/img006170.jpg,6,Male
img007878.jpg,star/stargan/Male/img007878.jpg,6,Male
img007220.jpg,star/stargan/Male/img007220.jpg,6,Male
img006614.jpg,star/stargan/Male/img006614.jpg,6,Male
img006876.jpg,star/stargan/Male/img006876.jpg,6,Male
img006681.jpg,star/stargan/Male/img006681.jpg,6,Male
img006683.jpg,star/stargan/Male/img006683.jpg,6,Male
img006715.jpg,star/stargan/Male/img006715.jpg,6,Male
img006113.jpg,star/stargan/Male/img006113.jpg,6,Male
img007404.jpg,star/stargan/Male/img007404.jpg,6,Male
img007395.jpg,star/stargan/Male/img007395.jpg,6,Male
img007367.jpg,star/stargan/Male/img007367.jpg,6,Male
img007986.jpg,star/stargan/Male/img007986.jpg,6,Male
img006335.jpg,star/stargan/Male/img006335.jpg,6,Male
img006628.jpg,star/stargan/Male/img006628.jpg,6,Male
img007066.jpg,star/stargan/Male/img007066.jpg,6,Male
img007364.jpg,star/stargan/Male/img007364.jpg,6,Male
img006823.jpg,star/stargan/Male/img006823.jpg,6,Male
img007071.jpg,star/stargan/Male/img007071.jpg,6,Male
img007030.jpg,star/stargan/Male/img007030.jpg,6,Male
img007077.jpg,star/stargan/Male/img007077.jpg,6,Male
img007021.jpg,star/stargan/Male/img007021.jpg,6,Male
img006595.jpg,star/stargan/Male/img006595.jpg,6,Male
img006781.jpg,star/stargan/Male/img006781.jpg,6,Male
img007567.jpg,star/stargan/Male/img007567.jpg,6,Male
img007674.jpg,star/stargan/Male/img007674.jpg,6,Male
img006613.jpg,star/stargan/Male/img006613.jpg,6,Male
img006849.jpg,star/stargan/Male/img006849.jpg,6,Male
img007397.jpg,star/stargan/Male/img007397.jpg,6,Male
img006539.jpg,star/stargan/Male/img006539.jpg,6,Male
img007894.jpg,star/stargan/Male/img007894.jpg,6,Male
img006942.jpg,star/stargan/Male/img006942.jpg,6,Male
img006500.jpg,star/stargan/Male/img006500.jpg,6,Male
img007497.jpg,star/stargan/Male/img007497.jpg,6,Male
img006359.jpg,star/stargan/Male/img006359.jpg,6,Male
img006118.jpg,star/stargan/Male/img006118.jpg,6,Male
img006214.jpg,star/stargan/Male/img006214.jpg,6,Male
img006305.jpg,star/stargan/Male/img006305.jpg,6,Male
img007188.jpg,star/stargan/Male/img007188.jpg,6,Male
img007652.jpg,star/stargan/Male/img007652.jpg,6,Male
img007542.jpg,star/stargan/Male/img007542.jpg,6,Male
img006709.jpg,star/stargan/Male/img006709.jpg,6,Male
img007150.jpg,star/stargan/Male/img007150.jpg,6,Male
img007108.jpg,star/stargan/Male/img007108.jpg,6,Male
img007501.jpg,star/stargan/Male/img007501.jpg,6,Male
img007600.jpg,star/stargan/Male/img007600.jpg,6,Male
img006596.jpg,star/stargan/Male/img006596.jpg,6,Male
img007058.jpg,star/stargan/Male/img007058.jpg,6,Male
img006609.jpg,star/stargan/Male/img006609.jpg,6,Male
img007127.jpg,star/stargan/Male/img007127.jpg,6,Male
img007873.jpg,star/stargan/Male/img007873.jpg,6,Male
img006427.jpg,star/stargan/Male/img006427.jpg,6,Male
img006566.jpg,star/stargan/Male/img006566.jpg,6,Male
img006888.jpg,star/stargan/Male/img006888.jpg,6,Male
img007889.jpg,star/stargan/Male/img007889.jpg,6,Male
img007206.jpg,star/stargan/Male/img007206.jpg,6,Male
img006043.jpg,star/stargan/Male/img006043.jpg,6,Male
img007425.jpg,star/stargan/Male/img007425.jpg,6,Male
img006414.jpg,star/stargan/Male/img006414.jpg,6,Male
img006745.jpg,star/stargan/Male/img006745.jpg,6,Male
img007648.jpg,star/stargan/Male/img007648.jpg,6,Male
img006445.jpg,star/stargan/Male/img006445.jpg,6,Male
img007695.jpg,star/stargan/Male/img007695.jpg,6,Male
img006463.jpg,star/stargan/Male/img006463.jpg,6,Male
img007444.jpg,star/stargan/Male/img007444.jpg,6,Male
img007219.jpg,star/stargan/Male/img007219.jpg,6,Male
img006397.jpg,star/stargan/Male/img006397.jpg,6,Male
img007574.jpg,star/stargan/Male/img007574.jpg,6,Male
img007339.jpg,star/stargan/Male/img007339.jpg,6,Male
img006281.jpg,star/stargan/Male/img006281.jpg,6,Male
img006015.jpg,star/stargan/Male/img006015.jpg,6,Male
img006932.jpg,star/stargan/Male/img006932.jpg,6,Male
img006094.jpg,star/stargan/Male/img006094.jpg,6,Male
img006513.jpg,star/stargan/Male/img006513.jpg,6,Male
img007500.jpg,star/stargan/Male/img007500.jpg,6,Male
img007705.jpg,star/stargan/Male/img007705.jpg,6,Male
img006704.jpg,star/stargan/Male/img006704.jpg,6,Male
img007354.jpg,star/stargan/Male/img007354.jpg,6,Male
img006813.jpg,star/stargan/Male/img006813.jpg,6,Male
img007935.jpg,star/stargan/Male/img007935.jpg,6,Male
img007946.jpg,star/stargan/Male/img007946.jpg,6,Male
img006872.jpg,star/stargan/Male/img006872.jpg,6,Male
img006778.jpg,star/stargan/Male/img006778.jpg,6,Male
img007587.jpg,star/stargan/Male/img007587.jpg,6,Male
img006630.jpg,star/stargan/Male/img006630.jpg,6,Male
img007790.jpg,star/stargan/Male/img007790.jpg,6,Male
img006388.jpg,star/stargan/Male/img006388.jpg,6,Male
img006035.jpg,star/stargan/Male/img006035.jpg,6,Male
img006408.jpg,star/stargan/Male/img006408.jpg,6,Male
img006349.jpg,star/stargan/Male/img006349.jpg,6,Male
img006006.jpg,star/stargan/Male/img006006.jpg,6,Male
img007855.jpg,star/stargan/Male/img007855.jpg,6,Male
img006640.jpg,star/stargan/Male/img006640.jpg,6,Male
img006237.jpg,star/stargan/Male/img006237.jpg,6,Male
img007218.jpg,star/stargan/Male/img007218.jpg,6,Male
img006917.jpg,star/stargan/Male/img006917.jpg,6,Male
img007293.jpg,star/stargan/Male/img007293.jpg,6,Male
img006805.jpg,star/stargan/Male/img006805.jpg,6,Male
img006847.jpg,star/stargan/Male/img006847.jpg,6,Male
img006229.jpg,star/stargan/Male/img006229.jpg,6,Male
img007222.jpg,star/stargan/Male/img007222.jpg,6,Male
img006864.jpg,star/stargan/Male/img006864.jpg,6,Male
img006877.jpg,star/stargan/Male/img006877.jpg,6,Male
img007251.jpg,star/stargan/Male/img007251.jpg,6,Male
img007817.jpg,star/stargan/Male/img007817.jpg,6,Male
img007552.jpg,star/stargan/Male/img007552.jpg,6,Male
img006763.jpg,star/stargan/Male/img006763.jpg,6,Male
img006468.jpg,star/stargan/Male/img006468.jpg,6,Male
img007745.jpg,star/stargan/Male/img007745.jpg,6,Male
img006304.jpg,star/stargan/Male/img006304.jpg,6,Male
img006581.jpg,star/stargan/Male/img006581.jpg,6,Male
img007606.jpg,star/stargan/Male/img007606.jpg,6,Male
img007161.jpg,star/stargan/Male/img007161.jpg,6,Male
img007673.jpg,star/stargan/Male/img007673.jpg,6,Male
img007597.jpg,star/stargan/Male/img007597.jpg,6,Male
img007957.jpg,star/stargan/Male/img007957.jpg,6,Male
img006477.jpg,star/stargan/Male/img006477.jpg,6,Male
img007520.jpg,star/stargan/Male/img007520.jpg,6,Male
img007370.jpg,star/stargan/Male/img007370.jpg,6,Male
img006804.jpg,star/stargan/Male/img006804.jpg,6,Male
img007418.jpg,star/stargan/Male/img007418.jpg,6,Male
img007644.jpg,star/stargan/Male/img007644.jpg,6,Male
img007949.jpg,star/stargan/Male/img007949.jpg,6,Male
img006166.jpg,star/stargan/Male/img006166.jpg,6,Male
img007361.jpg,star/stargan/Male/img007361.jpg,6,Male
img007086.jpg,star/stargan/Male/img007086.jpg,6,Male
img006973.jpg,star/stargan/Male/img006973.jpg,6,Male
img006700.jpg,star/stargan/Male/img006700.jpg,6,Male
img006056.jpg,star/stargan/Male/img006056.jpg,6,Male
img006669.jpg,star/stargan/Male/img006669.jpg,6,Male
img006947.jpg,star/stargan/Male/img006947.jpg,6,Male
img007608.jpg,star/stargan/Male/img007608.jpg,6,Male
img007619.jpg,star/stargan/Male/img007619.jpg,6,Male
img006028.jpg,star/stargan/Male/img006028.jpg,6,Male
img007868.jpg,star/stargan/Male/img007868.jpg,6,Male
img006723.jpg,star/stargan/Male/img006723.jpg,6,Male
img007423.jpg,star/stargan/Male/img007423.jpg,6,Male
img006223.jpg,star/stargan/Male/img006223.jpg,6,Male
img007803.jpg,star/stargan/Male/img007803.jpg,6,Male
img006319.jpg,star/stargan/Male/img006319.jpg,6,Male
img007215.jpg,star/stargan/Male/img007215.jpg,6,Male
img006234.jpg,star/stargan/Male/img006234.jpg,6,Male
img006765.jpg,star/stargan/Male/img006765.jpg,6,Male
img006269.jpg,star/stargan/Male/img006269.jpg,6,Male
img006180.jpg,star/stargan/Male/img006180.jpg,6,Male
img006085.jpg,star/stargan/Male/img006085.jpg,6,Male
img006965.jpg,star/stargan/Male/img006965.jpg,6,Male
img007780.jpg,star/stargan/Male/img007780.jpg,6,Male
img006339.jpg,star/stargan/Male/img006339.jpg,6,Male
img007265.jpg,star/stargan/Male/img007265.jpg,6,Male
img007870.jpg,star/stargan/Male/img007870.jpg,6,Male
img007441.jpg,star/stargan/Male/img007441.jpg,6,Male
img007857.jpg,star/stargan/Male/img007857.jpg,6,Male
img007139.jpg,star/stargan/Male/img007139.jpg,6,Male
img007137.jpg,star/stargan/Male/img007137.jpg,6,Male
img007992.jpg,star/stargan/Male/img007992.jpg,6,Male
img006739.jpg,star/stargan/Male/img006739.jpg,6,Male
img007466.jpg,star/stargan/Male/img007466.jpg,6,Male
img006474.jpg,star/stargan/Male/img006474.jpg,6,Male
img006690.jpg,star/stargan/Male/img006690.jpg,6,Male
img006750.jpg,star/stargan/Male/img006750.jpg,6,Male
img007281.jpg,star/stargan/Male/img007281.jpg,6,Male
img007934.jpg,star/stargan/Male/img007934.jpg,6,Male
img006712.jpg,star/stargan/Male/img006712.jpg,6,Male
img006817.jpg,star/stargan/Male/img006817.jpg,6,Male
img006594.jpg,star/stargan/Male/img006594.jpg,6,Male
img009813.jpg,star/stargan/Young/img009813.jpg,6,Young
img008861.jpg,star/stargan/Young/img008861.jpg,6,Young
img008693.jpg,star/stargan/Young/img008693.jpg,6,Young
img008430.jpg,star/stargan/Young/img008430.jpg,6,Young
img008635.jpg,star/stargan/Young/img008635.jpg,6,Young
img008280.jpg,star/stargan/Young/img008280.jpg,6,Young
img009900.jpg,star/stargan/Young/img009900.jpg,6,Young
img009019.jpg,star/stargan/Young/img009019.jpg,6,Young
img009123.jpg,star/stargan/Young/img009123.jpg,6,Young
img008118.jpg,star/stargan/Young/img008118.jpg,6,Young
img009466.jpg,star/stargan/Young/img009466.jpg,6,Young
img008667.jpg,star/stargan/Young/img008667.jpg,6,Young
img008212.jpg,star/stargan/Young/img008212.jpg,6,Young
img008558.jpg,star/stargan/Young/img008558.jpg,6,Young
img008581.jpg,star/stargan/Young/img008581.jpg,6,Young
img009383.jpg,star/stargan/Young/img009383.jpg,6,Young
img009071.jpg,star/stargan/Young/img009071.jpg,6,Young
img008091.jpg,star/stargan/Young/img008091.jpg,6,Young
img008735.jpg,star/stargan/Young/img008735.jpg,6,Young
img008255.jpg,star/stargan/Young/img008255.jpg,6,Young
img009636.jpg,star/stargan/Young/img009636.jpg,6,Young
img009403.jpg,star/stargan/Young/img009403.jpg,6,Young
img008241.jpg,star/stargan/Young/img008241.jpg,6,Young
img009066.jpg,star/stargan/Young/img009066.jpg,6,Young
img009311.jpg,star/stargan/Young/img009311.jpg,6,Young
img008019.jpg,star/stargan/Young/img008019.jpg,6,Young
img008800.jpg,star/stargan/Young/img008800.jpg,6,Young
img008550.jpg,star/stargan/Young/img008550.jpg,6,Young
img008769.jpg,star/stargan/Young/img008769.jpg,6,Young
img009595.jpg,star/stargan/Young/img009595.jpg,6,Young
img009550.jpg,star/stargan/Young/img009550.jpg,6,Young
img009219.jpg,star/stargan/Young/img009219.jpg,6,Young
img009110.jpg,star/stargan/Young/img009110.jpg,6,Young
img008814.jpg,star/stargan/Young/img008814.jpg,6,Young
img008117.jpg,star/stargan/Young/img008117.jpg,6,Young
img009193.jpg,star/stargan/Young/img009193.jpg,6,Young
img008921.jpg,star/stargan/Young/img008921.jpg,6,Young
img008135.jpg,star/stargan/Young/img008135.jpg,6,Young
img009246.jpg,star/stargan/Young/img009246.jpg,6,Young
img008279.jpg,star/stargan/Young/img008279.jpg,6,Young
img008904.jpg,star/stargan/Young/img008904.jpg,6,Young
img009541.jpg,star/stargan/Young/img009541.jpg,6,Young
img008206.jpg,star/stargan/Young/img008206.jpg,6,Young
img008509.jpg,star/stargan/Young/img008509.jpg,6,Young
img008178.jpg,star/stargan/Young/img008178.jpg,6,Young
img008662.jpg,star/stargan/Young/img008662.jpg,6,Young
img008008.jpg,star/stargan/Young/img008008.jpg,6,Young
img008826.jpg,star/stargan/Young/img008826.jpg,6,Young
img008086.jpg,star/stargan/Young/img008086.jpg,6,Young
img008291.jpg,star/stargan/Young/img008291.jpg,6,Young
img009914.jpg,star/stargan/Young/img009914.jpg,6,Young
img009163.jpg,star/stargan/Young/img009163.jpg,6,Young
img009099.jpg,star/stargan/Young/img009099.jpg,6,Young
img009898.jpg,star/stargan/Young/img009898.jpg,6,Young
img008098.jpg,star/stargan/Young/img008098.jpg,6,Young
img009268.jpg,star/stargan/Young/img009268.jpg,6,Young
img008828.jpg,star/stargan/Young/img008828.jpg,6,Young
img008999.jpg,star/stargan/Young/img008999.jpg,6,Young
img008187.jpg,star/stargan/Young/img008187.jpg,6,Young
img009502.jpg,star/stargan/Young/img009502.jpg,6,Young
img008297.jpg,star/stargan/Young/img008297.jpg,6,Young
img009950.jpg,star/stargan/Young/img009950.jpg,6,Young
img008706.jpg,star/stargan/Young/img008706.jpg,6,Young
img009826.jpg,star/stargan/Young/img009826.jpg,6,Young
img009842.jpg,star/stargan/Young/img009842.jpg,6,Young
img008273.jpg,star/stargan/Young/img008273.jpg,6,Young
img008275.jpg,star/stargan/Young/img008275.jpg,6,Young
img009625.jpg,star/stargan/Young/img009625.jpg,6,Young
img009255.jpg,star/stargan/Young/img009255.jpg,6,Young
img009872.jpg,star/stargan/Young/img009872.jpg,6,Young
img009805.jpg,star/stargan/Young/img009805.jpg,6,Young
img008447.jpg,star/stargan/Young/img008447.jpg,6,Young
img008046.jpg,star/stargan/Young/img008046.jpg,6,Young
img008337.jpg,star/stargan/Young/img008337.jpg,6,Young
img009266.jpg,star/stargan/Young/img009266.jpg,6,Young
img009980.jpg,star/stargan/Young/img009980.jpg,6,Young
img009974.jpg,star/stargan/Young/img009974.jpg,6,Young
img008830.jpg,star/stargan/Young/img008830.jpg,6,Young
img008276.jpg,star/stargan/Young/img008276.jpg,6,Young
img008520.jpg,star/stargan/Young/img008520.jpg,6,Young
img008590.jpg,star/stargan/Young/img008590.jpg,6,Young
img009501.jpg,star/stargan/Young/img009501.jpg,6,Young
img008142.jpg,star/stargan/Young/img008142.jpg,6,Young
img009861.jpg,star/stargan/Young/img009861.jpg,6,Young
img008314.jpg,star/stargan/Young/img008314.jpg,6,Young
img008372.jpg,star/stargan/Young/img008372.jpg,6,Young
img009203.jpg,star/stargan/Young/img009203.jpg,6,Young
img009276.jpg,star/stargan/Young/img009276.jpg,6,Young
img009965.jpg,star/stargan/Young/img009965.jpg,6,Young
img009847.jpg,star/stargan/Young/img009847.jpg,6,Young
img008672.jpg,star/stargan/Young/img008672.jpg,6,Young
img009896.jpg,star/stargan/Young/img009896.jpg,6,Young
img009173.jpg,star/stargan/Young/img009173.jpg,6,Young
img008666.jpg,star/stargan/Young/img008666.jpg,6,Young
img009885.jpg,star/stargan/Young/img009885.jpg,6,Young
img009079.jpg,star/stargan/Young/img009079.jpg,6,Young
img008510.jpg,star/stargan/Young/img008510.jpg,6,Young
img009741.jpg,star/stargan/Young/img009741.jpg,6,Young
img008244.jpg,star/stargan/Young/img008244.jpg,6,Young
img008408.jpg,star/stargan/Young/img008408.jpg,6,Young
img008423.jpg,star/stargan/Young/img008423.jpg,6,Young
img009487.jpg,star/stargan/Young/img009487.jpg,6,Young
img009319.jpg,star/stargan/Young/img009319.jpg,6,Young
img008660.jpg,star/stargan/Young/img008660.jpg,6,Young
img009862.jpg,star/stargan/Young/img009862.jpg,6,Young
img008969.jpg,star/stargan/Young/img008969.jpg,6,Young
img008170.jpg,star/stargan/Young/img008170.jpg,6,Young
img009800.jpg,star/stargan/Young/img009800.jpg,6,Young
img009158.jpg,star/stargan/Young/img009158.jpg,6,Young
img009557.jpg,star/stargan/Young/img009557.jpg,6,Young
img009825.jpg,star/stargan/Young/img009825.jpg,6,Young
img008313.jpg,star/stargan/Young/img008313.jpg,6,Young
img009084.jpg,star/stargan/Young/img009084.jpg,6,Young
img008591.jpg,star/stargan/Young/img008591.jpg,6,Young
img009174.jpg,star/stargan/Young/img009174.jpg,6,Young
img009948.jpg,star/stargan/Young/img009948.jpg,6,Young
img008692.jpg,star/stargan/Young/img008692.jpg,6,Young
img008173.jpg,star/stargan/Young/img008173.jpg,6,Young
img008428.jpg,star/stargan/Young/img008428.jpg,6,Young
img008480.jpg,star/stargan/Young/img008480.jpg,6,Young
img008896.jpg,star/stargan/Young/img008896.jpg,6,Young
img009620.jpg,star/stargan/Young/img009620.jpg,6,Young
img008964.jpg,star/stargan/Young/img008964.jpg,6,Young
img008393.jpg,star/stargan/Young/img008393.jpg,6,Young
img008745.jpg,star/stargan/Young/img008745.jpg,6,Young
img009002.jpg,star/stargan/Young/img009002.jpg,6,Young
img008029.jpg,star/stargan/Young/img008029.jpg,6,Young
img008384.jpg,star/stargan/Young/img008384.jpg,6,Young
img008145.jpg,star/stargan/Young/img008145.jpg,6,Young
img008605.jpg,star/stargan/Young/img008605.jpg,6,Young
img009283.jpg,star/stargan/Young/img009283.jpg,6,Young
img009267.jpg,star/stargan/Young/img009267.jpg,6,Young
img008543.jpg,star/stargan/Young/img008543.jpg,6,Young
img009127.jpg,star/stargan/Young/img009127.jpg,6,Young
img009975.jpg,star/stargan/Young/img009975.jpg,6,Young
img008825.jpg,star/stargan/Young/img008825.jpg,6,Young
img009614.jpg,star/stargan/Young/img009614.jpg,6,Young
img009892.jpg,star/stargan/Young/img009892.jpg,6,Young
img009728.jpg,star/stargan/Young/img009728.jpg,6,Young
img008284.jpg,star/stargan/Young/img008284.jpg,6,Young
img009298.jpg,star/stargan/Young/img009298.jpg,6,Young
img009799.jpg,star/stargan/Young/img009799.jpg,6,Young
img008625.jpg,star/stargan/Young/img008625.jpg,6,Young
img009341.jpg,star/stargan/Young/img009341.jpg,6,Young
img008850.jpg,star/stargan/Young/img008850.jpg,6,Young
img009223.jpg,star/stargan/Young/img009223.jpg,6,Young
img009065.jpg,star/stargan/Young/img009065.jpg,6,Young
img008630.jpg,star/stargan/Young/img008630.jpg,6,Young
img008646.jpg,star/stargan/Young/img008646.jpg,6,Young
img009945.jpg,star/stargan/Young/img009945.jpg,6,Young
img008482.jpg,star/stargan/Young/img008482.jpg,6,Young
img009622.jpg,star/stargan/Young/img009622.jpg,6,Young
img008761.jpg,star/stargan/Young/img008761.jpg,6,Young
img009563.jpg,star/stargan/Young/img009563.jpg,6,Young
img008796.jpg,star/stargan/Young/img008796.jpg,6,Young
img008396.jpg,star/stargan/Young/img008396.jpg,6,Young
img008886.jpg,star/stargan/Young/img008886.jpg,6,Young
img009643.jpg,star/stargan/Young/img009643.jpg,6,Young
img008917.jpg,star/stargan/Young/img008917.jpg,6,Young
img009331.jpg,star/stargan/Young/img009331.jpg,6,Young
img009859.jpg,star/stargan/Young/img009859.jpg,6,Young
img008727.jpg,star/stargan/Young/img008727.jpg,6,Young
img008182.jpg,star/stargan/Young/img008182.jpg,6,Young
img009770.jpg,star/stargan/Young/img009770.jpg,6,Young
img008168.jpg,star/stargan/Young/img008168.jpg,6,Young
img008338.jpg,star/stargan/Young/img008338.jpg,6,Young
img009475.jpg,star/stargan/Young/img009475.jpg,6,Young
img009200.jpg,star/stargan/Young/img009200.jpg,6,Young
img009197.jpg,star/stargan/Young/img009197.jpg,6,Young
img008885.jpg,star/stargan/Young/img008885.jpg,6,Young
img009284.jpg,star/stargan/Young/img009284.jpg,6,Young
img008018.jpg,star/stargan/Young/img008018.jpg,6,Young
img009131.jpg,star/stargan/Young/img009131.jpg,6,Young
img009148.jpg,star/stargan/Young/img009148.jpg,6,Young
img009128.jpg,star/stargan/Young/img009128.jpg,6,Young
img008253.jpg,star/stargan/Young/img008253.jpg,6,Young
img008489.jpg,star/stargan/Young/img008489.jpg,6,Young
img009329.jpg,star/stargan/Young/img009329.jpg,6,Young
img008163.jpg,star/stargan/Young/img008163.jpg,6,Young
img009875.jpg,star/stargan/Young/img009875.jpg,6,Young
img009085.jpg,star/stargan/Young/img009085.jpg,6,Young
img008522.jpg,star/stargan/Young/img008522.jpg,6,Young
img009917.jpg,star/stargan/Young/img009917.jpg,6,Young
img009422.jpg,star/stargan/Young/img009422.jpg,6,Young
img009752.jpg,star/stargan/Young/img009752.jpg,6,Young
img009628.jpg,star/stargan/Young/img009628.jpg,6,Young
img009168.jpg,star/stargan/Young/img009168.jpg,6,Young
img009682.jpg,star/stargan/Young/img009682.jpg,6,Young
img009205.jpg,star/stargan/Young/img009205.jpg,6,Young
img008760.jpg,star/stargan/Young/img008760.jpg,6,Young
img009546.jpg,star/stargan/Young/img009546.jpg,6,Young
img008315.jpg,star/stargan/Young/img008315.jpg,6,Young
img009568.jpg,star/stargan/Young/img009568.jpg,6,Young
img008130.jpg,star/stargan/Young/img008130.jpg,6,Young
img008160.jpg,star/stargan/Young/img008160.jpg,6,Young
img008748.jpg,star/stargan/Young/img008748.jpg,6,Young
img008849.jpg,star/stargan/Young/img008849.jpg,6,Young
img009659.jpg,star/stargan/Young/img009659.jpg,6,Young
img008776.jpg,star/stargan/Young/img008776.jpg,6,Young
img008458.jpg,star/stargan/Young/img008458.jpg,6,Young
img009442.jpg,star/stargan/Young/img009442.jpg,6,Young
img009234.jpg,star/stargan/Young/img009234.jpg,6,Young
img009594.jpg,star/stargan/Young/img009594.jpg,6,Young
img008022.jpg,star/stargan/Young/img008022.jpg,6,Young
img008763.jpg,star/stargan/Young/img008763.jpg,6,Young
img009491.jpg,star/stargan/Young/img009491.jpg,6,Young
img008073.jpg,star/stargan/Young/img008073.jpg,6,Young
img008110.jpg,star/stargan/Young/img008110.jpg,6,Young
img008114.jpg,star/stargan/Young/img008114.jpg,6,Young
img008246.jpg,star/stargan/Young/img008246.jpg,6,Young
img009067.jpg,star/stargan/Young/img009067.jpg,6,Young
img008771.jpg,star/stargan/Young/img008771.jpg,6,Young
img008185.jpg,star/stargan/Young/img008185.jpg,6,Young
img009343.jpg,star/stargan/Young/img009343.jpg,6,Young
img009755.jpg,star/stargan/Young/img009755.jpg,6,Young
img009209.jpg,star/stargan/Young/img009209.jpg,6,Young
img008490.jpg,star/stargan/Young/img008490.jpg,6,Young
img009312.jpg,star/stargan/Young/img009312.jpg,6,Young
img008857.jpg,star/stargan/Young/img008857.jpg,6,Young
img009816.jpg,star/stargan/Young/img009816.jpg,6,Young
img009669.jpg,star/stargan/Young/img009669.jpg,6,Young
img008333.jpg,star/stargan/Young/img008333.jpg,6,Young
img009008.jpg,star/stargan/Young/img009008.jpg,6,Young
img008813.jpg,star/stargan/Young/img008813.jpg,6,Young
img009923.jpg,star/stargan/Young/img009923.jpg,6,Young
img008962.jpg,star/stargan/Young/img008962.jpg,6,Young
img008668.jpg,star/stargan/Young/img008668.jpg,6,Young
img008899.jpg,star/stargan/Young/img008899.jpg,6,Young
img009353.jpg,star/stargan/Young/img009353.jpg,6,Young
img008101.jpg,star/stargan/Young/img008101.jpg,6,Young
img008526.jpg,star/stargan/Young/img008526.jpg,6,Young
img008083.jpg,star/stargan/Young/img008083.jpg,6,Young
img009356.jpg,star/stargan/Young/img009356.jpg,6,Young
img008329.jpg,star/stargan/Young/img008329.jpg,6,Young
img008431.jpg,star/stargan/Young/img008431.jpg,6,Young
img009342.jpg,star/stargan/Young/img009342.jpg,6,Young
img008997.jpg,star/stargan/Young/img008997.jpg,6,Young
img009815.jpg,star/stargan/Young/img009815.jpg,6,Young
img009244.jpg,star/stargan/Young/img009244.jpg,6,Young
img009438.jpg,star/stargan/Young/img009438.jpg,6,Young
img009023.jpg,star/stargan/Young/img009023.jpg,6,Young
img008872.jpg,star/stargan/Young/img008872.jpg,6,Young
img008433.jpg,star/stargan/Young/img008433.jpg,6,Young
img009902.jpg,star/stargan/Young/img009902.jpg,6,Young
img008661.jpg,star/stargan/Young/img008661.jpg,6,Young
img008922.jpg,star/stargan/Young/img008922.jpg,6,Young
img009113.jpg,star/stargan/Young/img009113.jpg,6,Young
img008165.jpg,star/stargan/Young/img008165.jpg,6,Young
img009118.jpg,star/stargan/Young/img009118.jpg,6,Young
img008295.jpg,star/stargan/Young/img008295.jpg,6,Young
img008302.jpg,star/stargan/Young/img008302.jpg,6,Young
img008258.jpg,star/stargan/Young/img008258.jpg,6,Young
img009574.jpg,star/stargan/Young/img009574.jpg,6,Young
img009606.jpg,star/stargan/Young/img009606.jpg,6,Young
img009817.jpg,star/stargan/Young/img009817.jpg,6,Young
img009345.jpg,star/stargan/Young/img009345.jpg,6,Young
img009590.jpg,star/stargan/Young/img009590.jpg,6,Young
img009824.jpg,star/stargan/Young/img009824.jpg,6,Young
img009482.jpg,star/stargan/Young/img009482.jpg,6,Young
img008496.jpg,star/stargan/Young/img008496.jpg,6,Young
img008010.jpg,star/stargan/Young/img008010.jpg,6,Young
img009983.jpg,star/stargan/Young/img009983.jpg,6,Young
img009460.jpg,star/stargan/Young/img009460.jpg,6,Young
img009443.jpg,star/stargan/Young/img009443.jpg,6,Young
img008237.jpg,star/stargan/Young/img008237.jpg,6,Young
img008613.jpg,star/stargan/Young/img008613.jpg,6,Young
img009489.jpg,star/stargan/Young/img009489.jpg,6,Young
img009765.jpg,star/stargan/Young/img009765.jpg,6,Young
img009136.jpg,star/stargan/Young/img009136.jpg,6,Young
img008416.jpg,star/stargan/Young/img008416.jpg,6,Young
img009361.jpg,star/stargan/Young/img009361.jpg,6,Young
img008679.jpg,star/stargan/Young/img008679.jpg,6,Young
img008753.jpg,star/stargan/Young/img008753.jpg,6,Young
img008213.jpg,star/stargan/Young/img008213.jpg,6,Young
img009355.jpg,star/stargan/Young/img009355.jpg,6,Young
img009748.jpg,star/stargan/Young/img009748.jpg,6,Young
img008224.jpg,star/stargan/Young/img008224.jpg,6,Young
img008570.jpg,star/stargan/Young/img008570.jpg,6,Young
img008867.jpg,star/stargan/Young/img008867.jpg,6,Young
img009350.jpg,star/stargan/Young/img009350.jpg,6,Young
img008658.jpg,star/stargan/Young/img008658.jpg,6,Young
img008889.jpg,star/stargan/Young/img008889.jpg,6,Young
img009739.jpg,star/stargan/Young/img009739.jpg,6,Young
img008112.jpg,star/stargan/Young/img008112.jpg,6,Young
img008954.jpg,star/stargan/Young/img008954.jpg,6,Young
img009457.jpg,star/stargan/Young/img009457.jpg,6,Young
img009416.jpg,star/stargan/Young/img009416.jpg,6,Young
img008391.jpg,star/stargan/Young/img008391.jpg,6,Young
img009175.jpg,star/stargan/Young/img009175.jpg,6,Young
img009985.jpg,star/stargan/Young/img009985.jpg,6,Young
img008963.jpg,star/stargan/Young/img008963.jpg,6,Young
img008572.jpg,star/stargan/Young/img008572.jpg,6,Young
img008772.jpg,star/stargan/Young/img008772.jpg,6,Young
img009354.jpg,star/stargan/Young/img009354.jpg,6,Young
img009899.jpg,star/stargan/Young/img009899.jpg,6,Young
img008283.jpg,star/stargan/Young/img008283.jpg,6,Young
img008078.jpg,star/stargan/Young/img008078.jpg,6,Young
img008406.jpg,star/stargan/Young/img008406.jpg,6,Young
img009259.jpg,star/stargan/Young/img009259.jpg,6,Young
img009814.jpg,star/stargan/Young/img009814.jpg,6,Young
img009022.jpg,star/stargan/Young/img009022.jpg,6,Young
img009926.jpg,star/stargan/Young/img009926.jpg,6,Young
img008389.jpg,star/stargan/Young/img008389.jpg,6,Young
img009027.jpg,star/stargan/Young/img009027.jpg,6,Young
img008802.jpg,star/stargan/Young/img008802.jpg,6,Young
img007998.jpg,star/stargan/Young/img007998.jpg,6,Young
img008395.jpg,star/stargan/Young/img008395.jpg,6,Young
img008427.jpg,star/stargan/Young/img008427.jpg,6,Young
img008717.jpg,star/stargan/Young/img008717.jpg,6,Young
img008211.jpg,star/stargan/Young/img008211.jpg,6,Young
img009162.jpg,star/stargan/Young/img009162.jpg,6,Young
img009648.jpg,star/stargan/Young/img009648.jpg,6,Young
img008383.jpg,star/stargan/Young/img008383.jpg,6,Young
img009075.jpg,star/stargan/Young/img009075.jpg,6,Young
img009551.jpg,star/stargan/Young/img009551.jpg,6,Young
img009484.jpg,star/stargan/Young/img009484.jpg,6,Young
img009043.jpg,star/stargan/Young/img009043.jpg,6,Young
img008122.jpg,star/stargan/Young/img008122.jpg,6,Young
img008199.jpg,star/stargan/Young/img008199.jpg,6,Young
img009221.jpg,star/stargan/Young/img009221.jpg,6,Young
img008277.jpg,star/stargan/Young/img008277.jpg,6,Young
img008739.jpg,star/stargan/Young/img008739.jpg,6,Young
img009792.jpg,star/stargan/Young/img009792.jpg,6,Young
img009286.jpg,star/stargan/Young/img009286.jpg,6,Young
img008186.jpg,star/stargan/Young/img008186.jpg,6,Young
img009240.jpg,star/stargan/Young/img009240.jpg,6,Young
img008484.jpg,star/stargan/Young/img008484.jpg,6,Young
img008682.jpg,star/stargan/Young/img008682.jpg,6,Young
img009616.jpg,star/stargan/Young/img009616.jpg,6,Young
img009947.jpg,star/stargan/Young/img009947.jpg,6,Young
img008251.jpg,star/stargan/Young/img008251.jpg,6,Young
img009141.jpg,star/stargan/Young/img009141.jpg,6,Young
img009296.jpg,star/stargan/Young/img009296.jpg,6,Young
img008836.jpg,star/stargan/Young/img008836.jpg,6,Young
img009129.jpg,star/stargan/Young/img009129.jpg,6,Young
img009572.jpg,star/stargan/Young/img009572.jpg,6,Young
img009761.jpg,star/stargan/Young/img009761.jpg,6,Young
img008013.jpg,star/stargan/Young/img008013.jpg,6,Young
img008729.jpg,star/stargan/Young/img008729.jpg,6,Young
img008617.jpg,star/stargan/Young/img008617.jpg,6,Young
img009672.jpg,star/stargan/Young/img009672.jpg,6,Young
img008619.jpg,star/stargan/Young/img008619.jpg,6,Young
img008468.jpg,star/stargan/Young/img008468.jpg,6,Young
img008643.jpg,star/stargan/Young/img008643.jpg,6,Young
img008167.jpg,star/stargan/Young/img008167.jpg,6,Young
img009098.jpg,star/stargan/Young/img009098.jpg,6,Young
img009655.jpg,star/stargan/Young/img009655.jpg,6,Young
img009048.jpg,star/stargan/Young/img009048.jpg,6,Young
img008461.jpg,star/stargan/Young/img008461.jpg,6,Young
img008442.jpg,star/stargan/Young/img008442.jpg,6,Young
img009733.jpg,star/stargan/Young/img009733.jpg,6,Young
img008641.jpg,star/stargan/Young/img008641.jpg,6,Young
img008051.jpg,star/stargan/Young/img008051.jpg,6,Young
img008640.jpg,star/stargan/Young/img008640.jpg,6,Young
img009839.jpg,star/stargan/Young/img009839.jpg,6,Young
img009650.jpg,star/stargan/Young/img009650.jpg,6,Young
img008352.jpg,star/stargan/Young/img008352.jpg,6,Young
img009858.jpg,star/stargan/Young/img009858.jpg,6,Young
img008893.jpg,star/stargan/Young/img008893.jpg,6,Young
img009210.jpg,star/stargan/Young/img009210.jpg,6,Young
img009718.jpg,star/stargan/Young/img009718.jpg,6,Young
img008129.jpg,star/stargan/Young/img008129.jpg,6,Young
img009415.jpg,star/stargan/Young/img009415.jpg,6,Young
img008686.jpg,star/stargan/Young/img008686.jpg,6,Young
img008155.jpg,star/stargan/Young/img008155.jpg,6,Young
img009635.jpg,star/stargan/Young/img009635.jpg,6,Young
img009026.jpg,star/stargan/Young/img009026.jpg,6,Young
img008469.jpg,star/stargan/Young/img008469.jpg,6,Young
img008709.jpg,star/stargan/Young/img008709.jpg,6,Young
img008115.jpg,star/stargan/Young/img008115.jpg,6,Young
img009774.jpg,star/stargan/Young/img009774.jpg,6,Young
img009393.jpg,star/stargan/Young/img009393.jpg,6,Young
img008312.jpg,star/stargan/Young/img008312.jpg,6,Young
img008947.jpg,star/stargan/Young/img008947.jpg,6,Young
img008712.jpg,star/stargan/Young/img008712.jpg,6,Young
img008597.jpg,star/stargan/Young/img008597.jpg,6,Young
img008585.jpg,star/stargan/Young/img008585.jpg,6,Young
img009789.jpg,star/stargan/Young/img009789.jpg,6,Young
img009846.jpg,star/stargan/Young/img009846.jpg,6,Young
img009453.jpg,star/stargan/Young/img009453.jpg,6,Young
img008580.jpg,star/stargan/Young/img008580.jpg,6,Young
img008399.jpg,star/stargan/Young/img008399.jpg,6,Young
img009578.jpg,star/stargan/Young/img009578.jpg,6,Young
img008326.jpg,star/stargan/Young/img008326.jpg,6,Young
img009619.jpg,star/stargan/Young/img009619.jpg,6,Young
img008136.jpg,star/stargan/Young/img008136.jpg,6,Young
img008977.jpg,star/stargan/Young/img008977.jpg,6,Young
img008090.jpg,star/stargan/Young/img008090.jpg,6,Young
img009185.jpg,star/stargan/Young/img009185.jpg,6,Young
img009308.jpg,star/stargan/Young/img009308.jpg,6,Young
img009086.jpg,star/stargan/Young/img009086.jpg,6,Young
img009524.jpg,star/stargan/Young/img009524.jpg,6,Young
img009849.jpg,star/stargan/Young/img009849.jpg,6,Young
img008677.jpg,star/stargan/Young/img008677.jpg,6,Young
img009231.jpg,star/stargan/Young/img009231.jpg,6,Young
img008403.jpg,star/stargan/Young/img008403.jpg,6,Young
img008127.jpg,star/stargan/Young/img008127.jpg,6,Young
img008476.jpg,star/stargan/Young/img008476.jpg,6,Young
img008270.jpg,star/stargan/Young/img008270.jpg,6,Young
img009818.jpg,star/stargan/Young/img009818.jpg,6,Young
img008094.jpg,star/stargan/Young/img008094.jpg,6,Young
img009649.jpg,star/stargan/Young/img009649.jpg,6,Young
img008266.jpg,star/stargan/Young/img008266.jpg,6,Young
img009886.jpg,star/stargan/Young/img009886.jpg,6,Young
img009390.jpg,star/stargan/Young/img009390.jpg,6,Young
img008028.jpg,star/stargan/Young/img008028.jpg,6,Young
img008121.jpg,star/stargan/Young/img008121.jpg,6,Young
img009835.jpg,star/stargan/Young/img009835.jpg,6,Young
img009693.jpg,star/stargan/Young/img009693.jpg,6,Young
img008949.jpg,star/stargan/Young/img008949.jpg,6,Young
img009769.jpg,star/stargan/Young/img009769.jpg,6,Young
img009076.jpg,star/stargan/Young/img009076.jpg,6,Young
img008759.jpg,star/stargan/Young/img008759.jpg,6,Young
img009235.jpg,star/stargan/Young/img009235.jpg,6,Young
img008786.jpg,star/stargan/Young/img008786.jpg,6,Young
img009477.jpg,star/stargan/Young/img009477.jpg,6,Young
img008087.jpg,star/stargan/Young/img008087.jpg,6,Young
img008492.jpg,star/stargan/Young/img008492.jpg,6,Young
img008327.jpg,star/stargan/Young/img008327.jpg,6,Young
img009747.jpg,star/stargan/Young/img009747.jpg,6,Young
img009433.jpg,star/stargan/Young/img009433.jpg,6,Young
img008834.jpg,star/stargan/Young/img008834.jpg,6,Young
img009091.jpg,star/stargan/Young/img009091.jpg,6,Young
img009169.jpg,star/stargan/Young/img009169.jpg,6,Young
img008281.jpg,star/stargan/Young/img008281.jpg,6,Young
img008924.jpg,star/stargan/Young/img008924.jpg,6,Young
img009731.jpg,star/stargan/Young/img009731.jpg,6,Young
img008481.jpg,star/stargan/Young/img008481.jpg,6,Young
img008341.jpg,star/stargan/Young/img008341.jpg,6,Young
img008134.jpg,star/stargan/Young/img008134.jpg,6,Young
img008871.jpg,star/stargan/Young/img008871.jpg,6,Young
img009515.jpg,star/stargan/Young/img009515.jpg,6,Young
img008340.jpg,star/stargan/Young/img008340.jpg,6,Young
img009500.jpg,star/stargan/Young/img009500.jpg,6,Young
img008369.jpg,star/stargan/Young/img008369.jpg,6,Young
img009891.jpg,star/stargan/Young/img009891.jpg,6,Young
img008282.jpg,star/stargan/Young/img008282.jpg,6,Young
img008222.jpg,star/stargan/Young/img008222.jpg,6,Young
img008424.jpg,star/stargan/Young/img008424.jpg,6,Young
img008747.jpg,star/stargan/Young/img008747.jpg,6,Young
img009713.jpg,star/stargan/Young/img009713.jpg,6,Young
img008944.jpg,star/stargan/Young/img008944.jpg,6,Young
img009207.jpg,star/stargan/Young/img009207.jpg,6,Young
img008223.jpg,star/stargan/Young/img008223.jpg,6,Young
img009674.jpg,star/stargan/Young/img009674.jpg,6,Young
img008906.jpg,star/stargan/Young/img008906.jpg,6,Young
img009732.jpg,star/stargan/Young/img009732.jpg,6,Young
img008545.jpg,star/stargan/Young/img008545.jpg,6,Young
img009786.jpg,star/stargan/Young/img009786.jpg,6,Young
img009432.jpg,star/stargan/Young/img009432.jpg,6,Young
img008950.jpg,star/stargan/Young/img008950.jpg,6,Young
img008588.jpg,star/stargan/Young/img008588.jpg,6,Young
img008174.jpg,star/stargan/Young/img008174.jpg,6,Young
img008983.jpg,star/stargan/Young/img008983.jpg,6,Young
img009532.jpg,star/stargan/Young/img009532.jpg,6,Young
img008815.jpg,star/stargan/Young/img008815.jpg,6,Young
img009326.jpg,star/stargan/Young/img009326.jpg,6,Young
img008370.jpg,star/stargan/Young/img008370.jpg,6,Young
img009115.jpg,star/stargan/Young/img009115.jpg,6,Young
img008733.jpg,star/stargan/Young/img008733.jpg,6,Young
img008909.jpg,star/stargan/Young/img008909.jpg,6,Young
img009724.jpg,star/stargan/Young/img009724.jpg,6,Young
img009715.jpg,star/stargan/Young/img009715.jpg,6,Young
img009511.jpg,star/stargan/Young/img009511.jpg,6,Young
img008714.jpg,star/stargan/Young/img008714.jpg,6,Young
img009373.jpg,star/stargan/Young/img009373.jpg,6,Young
img008339.jpg,star/stargan/Young/img008339.jpg,6,Young
img009518.jpg,star/stargan/Young/img009518.jpg,6,Young
img008404.jpg,star/stargan/Young/img008404.jpg,6,Young
img008001.jpg,star/stargan/Young/img008001.jpg,6,Young
img009612.jpg,star/stargan/Young/img009612.jpg,6,Young
img008751.jpg,star/stargan/Young/img008751.jpg,6,Young
img008594.jpg,star/stargan/Young/img008594.jpg,6,Young
img008274.jpg,star/stargan/Young/img008274.jpg,6,Young
img009880.jpg,star/stargan/Young/img009880.jpg,6,Young
img009730.jpg,star/stargan/Young/img009730.jpg,6,Young
img009461.jpg,star/stargan/Young/img009461.jpg,6,Young
img009034.jpg,star/stargan/Young/img009034.jpg,6,Young
img008321.jpg,star/stargan/Young/img008321.jpg,6,Young
img009157.jpg,star/stargan/Young/img009157.jpg,6,Young
img009258.jpg,star/stargan/Young/img009258.jpg,6,Young
img009856.jpg,star/stargan/Young/img009856.jpg,6,Young
img008269.jpg,star/stargan/Young/img008269.jpg,6,Young
img008243.jpg,star/stargan/Young/img008243.jpg,6,Young
img008770.jpg,star/stargan/Young/img008770.jpg,6,Young
img009471.jpg,star/stargan/Young/img009471.jpg,6,Young
img008071.jpg,star/stargan/Young/img008071.jpg,6,Young
img009496.jpg,star/stargan/Young/img009496.jpg,6,Young
img008532.jpg,star/stargan/Young/img008532.jpg,6,Young
img009017.jpg,star/stargan/Young/img009017.jpg,6,Young
img008762.jpg,star/stargan/Young/img008762.jpg,6,Young
img008799.jpg,star/stargan/Young/img008799.jpg,6,Young
img008740.jpg,star/stargan/Young/img008740.jpg,6,Young
img008724.jpg,star/stargan/Young/img008724.jpg,6,Young
img008033.jpg,star/stargan/Young/img008033.jpg,6,Young
img009665.jpg,star/stargan/Young/img009665.jpg,6,Young
img008409.jpg,star/stargan/Young/img008409.jpg,6,Young
img009869.jpg,star/stargan/Young/img009869.jpg,6,Young
img008610.jpg,star/stargan/Young/img008610.jpg,6,Young
img008070.jpg,star/stargan/Young/img008070.jpg,6,Young
img009700.jpg,star/stargan/Young/img009700.jpg,6,Young
img009014.jpg,star/stargan/Young/img009014.jpg,6,Young
img009711.jpg,star/stargan/Young/img009711.jpg,6,Young
img008491.jpg,star/stargan/Young/img008491.jpg,6,Young
img008002.jpg,star/stargan/Young/img008002.jpg,6,Young
img009729.jpg,star/stargan/Young/img009729.jpg,6,Young
img009334.jpg,star/stargan/Young/img009334.jpg,6,Young
img008728.jpg,star/stargan/Young/img008728.jpg,6,Young
img008593.jpg,star/stargan/Young/img008593.jpg,6,Young
img008153.jpg,star/stargan/Young/img008153.jpg,6,Young
img009105.jpg,star/stargan/Young/img009105.jpg,6,Young
img008809.jpg,star/stargan/Young/img008809.jpg,6,Young
img008989.jpg,star/stargan/Young/img008989.jpg,6,Young
img009069.jpg,star/stargan/Young/img009069.jpg,6,Young
img009675.jpg,star/stargan/Young/img009675.jpg,6,Young
img008557.jpg,star/stargan/Young/img008557.jpg,6,Young
img008803.jpg,star/stargan/Young/img008803.jpg,6,Young
img009935.jpg,star/stargan/Young/img009935.jpg,6,Young
img008020.jpg,star/stargan/Young/img008020.jpg,6,Young
img008229.jpg,star/stargan/Young/img008229.jpg,6,Young
img009697.jpg,star/stargan/Young/img009697.jpg,6,Young
img009294.jpg,star/stargan/Young/img009294.jpg,6,Young
img009398.jpg,star/stargan/Young/img009398.jpg,6,Young
img009199.jpg,star/stargan/Young/img009199.jpg,6,Young
img009543.jpg,star/stargan/Young/img009543.jpg,6,Young
img009445.jpg,star/stargan/Young/img009445.jpg,6,Young
img009686.jpg,star/stargan/Young/img009686.jpg,6,Young
img009192.jpg,star/stargan/Young/img009192.jpg,6,Young
img008432.jpg,star/stargan/Young/img008432.jpg,6,Young
img008443.jpg,star/stargan/Young/img008443.jpg,6,Young
img009352.jpg,star/stargan/Young/img009352.jpg,6,Young
img008673.jpg,star/stargan/Young/img008673.jpg,6,Young
img008797.jpg,star/stargan/Young/img008797.jpg,6,Young
img009493.jpg,star/stargan/Young/img009493.jpg,6,Young
img009335.jpg,star/stargan/Young/img009335.jpg,6,Young
img009045.jpg,star/stargan/Young/img009045.jpg,6,Young
img008805.jpg,star/stargan/Young/img008805.jpg,6,Young
img008081.jpg,star/stargan/Young/img008081.jpg,6,Young
img008975.jpg,star/stargan/Young/img008975.jpg,6,Young
img009082.jpg,star/stargan/Young/img009082.jpg,6,Young
img009385.jpg,star/stargan/Young/img009385.jpg,6,Young
img008612.jpg,star/stargan/Young/img008612.jpg,6,Young
img008669.jpg,star/stargan/Young/img008669.jpg,6,Young
img009364.jpg,star/stargan/Young/img009364.jpg,6,Young
img008202.jpg,star/stargan/Young/img008202.jpg,6,Young
img009051.jpg,star/stargan/Young/img009051.jpg,6,Young
img008966.jpg,star/stargan/Young/img008966.jpg,6,Young
img009716.jpg,star/stargan/Young/img009716.jpg,6,Young
img008149.jpg,star/stargan/Young/img008149.jpg,6,Young
img008328.jpg,star/stargan/Young/img008328.jpg,6,Young
img008933.jpg,star/stargan/Young/img008933.jpg,6,Young
img008452.jpg,star/stargan/Young/img008452.jpg,6,Young
img009760.jpg,star/stargan/Young/img009760.jpg,6,Young
img008655.jpg,star/stargan/Young/img008655.jpg,6,Young
img009156.jpg,star/stargan/Young/img009156.jpg,6,Young
img009662.jpg,star/stargan/Young/img009662.jpg,6,Young
img009977.jpg,star/stargan/Young/img009977.jpg,6,Young
img008538.jpg,star/stargan/Young/img008538.jpg,6,Young
img008249.jpg,star/stargan/Young/img008249.jpg,6,Young
img008097.jpg,star/stargan/Young/img008097.jpg,6,Young
img009506.jpg,star/stargan/Young/img009506.jpg,6,Young
img008887.jpg,star/stargan/Young/img008887.jpg,6,Young
img009327.jpg,star/stargan/Young/img009327.jpg,6,Young
img009523.jpg,star/stargan/Young/img009523.jpg,6,Young
img009145.jpg,star/stargan/Young/img009145.jpg,6,Young
img009480.jpg,star/stargan/Young/img009480.jpg,6,Young
img009265.jpg,star/stargan/Young/img009265.jpg,6,Young
img008414.jpg,star/stargan/Young/img008414.jpg,6,Young
img009746.jpg,star/stargan/Young/img009746.jpg,6,Young
img009137.jpg,star/stargan/Young/img009137.jpg,6,Young
img008126.jpg,star/stargan/Young/img008126.jpg,6,Young
img008470.jpg,star/stargan/Young/img008470.jpg,6,Young
img008560.jpg,star/stargan/Young/img008560.jpg,6,Young
img009570.jpg,star/stargan/Young/img009570.jpg,6,Young
img009641.jpg,star/stargan/Young/img009641.jpg,6,Young
img008990.jpg,star/stargan/Young/img008990.jpg,6,Young
img008737.jpg,star/stargan/Young/img008737.jpg,6,Young
img009288.jpg,star/stargan/Young/img009288.jpg,6,Young
img008527.jpg,star/stargan/Young/img008527.jpg,6,Young
img009943.jpg,star/stargan/Young/img009943.jpg,6,Young
img009631.jpg,star/stargan/Young/img009631.jpg,6,Young
img008920.jpg,star/stargan/Young/img008920.jpg,6,Young
img009505.jpg,star/stargan/Young/img009505.jpg,6,Young
img009958.jpg,star/stargan/Young/img009958.jpg,6,Young
img009251.jpg,star/stargan/Young/img009251.jpg,6,Young
img009589.jpg,star/stargan/Young/img009589.jpg,6,Young
img008918.jpg,star/stargan/Young/img008918.jpg,6,Young
img009521.jpg,star/stargan/Young/img009521.jpg,6,Young
img008132.jpg,star/stargan/Young/img008132.jpg,6,Young
img009608.jpg,star/stargan/Young/img009608.jpg,6,Young
img008148.jpg,star/stargan/Young/img008148.jpg,6,Young
img008978.jpg,star/stargan/Young/img008978.jpg,6,Young
img009806.jpg,star/stargan/Young/img009806.jpg,6,Young
img009602.jpg,star/stargan/Young/img009602.jpg,6,Young
img009303.jpg,star/stargan/Young/img009303.jpg,6,Young
img008317.jpg,star/stargan/Young/img008317.jpg,6,Young
img009581.jpg,star/stargan/Young/img009581.jpg,6,Young
img009147.jpg,star/stargan/Young/img009147.jpg,6,Young
img009909.jpg,star/stargan/Young/img009909.jpg,6,Young
img008534.jpg,star/stargan/Young/img008534.jpg,6,Young
img008539.jpg,star/stargan/Young/img008539.jpg,6,Young
img008848.jpg,star/stargan/Young/img008848.jpg,6,Young
img009559.jpg,star/stargan/Young/img009559.jpg,6,Young
img009598.jpg,star/stargan/Young/img009598.jpg,6,Young
img008024.jpg,star/stargan/Young/img008024.jpg,6,Young
img009796.jpg,star/stargan/Young/img009796.jpg,6,Young
img008125.jpg,star/stargan/Young/img008125.jpg,6,Young
img009374.jpg,star/stargan/Young/img009374.jpg,6,Young
img009535.jpg,star/stargan/Young/img009535.jpg,6,Young
img008106.jpg,star/stargan/Young/img008106.jpg,6,Young
img009301.jpg,star/stargan/Young/img009301.jpg,6,Young
img009894.jpg,star/stargan/Young/img009894.jpg,6,Young
img009868.jpg,star/stargan/Young/img009868.jpg,6,Young
img008937.jpg,star/stargan/Young/img008937.jpg,6,Young
img009497.jpg,star/stargan/Young/img009497.jpg,6,Young
img008039.jpg,star/stargan/Young/img008039.jpg,6,Young
img009271.jpg,star/stargan/Young/img009271.jpg,6,Young
img008876.jpg,star/stargan/Young/img008876.jpg,6,Young
img008299.jpg,star/stargan/Young/img008299.jpg,6,Young
img009279.jpg,star/stargan/Young/img009279.jpg,6,Young
img009573.jpg,star/stargan/Young/img009573.jpg,6,Young
img008017.jpg,star/stargan/Young/img008017.jpg,6,Young
img008566.jpg,star/stargan/Young/img008566.jpg,6,Young
img009121.jpg,star/stargan/Young/img009121.jpg,6,Young
img008746.jpg,star/stargan/Young/img008746.jpg,6,Young
img008503.jpg,star/stargan/Young/img008503.jpg,6,Young
img009125.jpg,star/stargan/Young/img009125.jpg,6,Young
img007997.jpg,star/stargan/Young/img007997.jpg,6,Young
img009601.jpg,star/stargan/Young/img009601.jpg,6,Young
img009520.jpg,star/stargan/Young/img009520.jpg,6,Young
img008210.jpg,star/stargan/Young/img008210.jpg,6,Young
img009759.jpg,star/stargan/Young/img009759.jpg,6,Young
img008412.jpg,star/stargan/Young/img008412.jpg,6,Young
img008979.jpg,star/stargan/Young/img008979.jpg,6,Young
img009347.jpg,star/stargan/Young/img009347.jpg,6,Young
img009654.jpg,star/stargan/Young/img009654.jpg,6,Young
img009695.jpg,star/stargan/Young/img009695.jpg,6,Young
img008528.jpg,star/stargan/Young/img008528.jpg,6,Young
img009569.jpg,star/stargan/Young/img009569.jpg,6,Young
img009924.jpg,star/stargan/Young/img009924.jpg,6,Young
img009653.jpg,star/stargan/Young/img009653.jpg,6,Young
img008306.jpg,star/stargan/Young/img008306.jpg,6,Young
img009556.jpg,star/stargan/Young/img009556.jpg,6,Young
img009823.jpg,star/stargan/Young/img009823.jpg,6,Young
img008578.jpg,star/stargan/Young/img008578.jpg,6,Young
img008540.jpg,star/stargan/Young/img008540.jpg,6,Young
img008563.jpg,star/stargan/Young/img008563.jpg,6,Young
img008701.jpg,star/stargan/Young/img008701.jpg,6,Young
img009750.jpg,star/stargan/Young/img009750.jpg,6,Young
img007999.jpg,star/stargan/Young/img007999.jpg,6,Young
img008176.jpg,star/stargan/Young/img008176.jpg,6,Young
img009289.jpg,star/stargan/Young/img009289.jpg,6,Young
img008203.jpg,star/stargan/Young/img008203.jpg,6,Young
img008288.jpg,star/stargan/Young/img008288.jpg,6,Young
img009090.jpg,star/stargan/Young/img009090.jpg,6,Young
img008096.jpg,star/stargan/Young/img008096.jpg,6,Young
img009316.jpg,star/stargan/Young/img009316.jpg,6,Young
img009632.jpg,star/stargan/Young/img009632.jpg,6,Young
img009418.jpg,star/stargan/Young/img009418.jpg,6,Young
img008382.jpg,star/stargan/Young/img008382.jpg,6,Young
img009830.jpg,star/stargan/Young/img009830.jpg,6,Young
img008257.jpg,star/stargan/Young/img008257.jpg,6,Young
img009344.jpg,star/stargan/Young/img009344.jpg,6,Young
img009449.jpg,star/stargan/Young/img009449.jpg,6,Young
img009431.jpg,star/stargan/Young/img009431.jpg,6,Young
img008604.jpg,star/stargan/Young/img008604.jpg,6,Young
img009737.jpg,star/stargan/Young/img009737.jpg,6,Young
img009278.jpg,star/stargan/Young/img009278.jpg,6,Young
img009261.jpg,star/stargan/Young/img009261.jpg,6,Young
img008738.jpg,star/stargan/Young/img008738.jpg,6,Young
img009592.jpg,star/stargan/Young/img009592.jpg,6,Young
img008766.jpg,star/stargan/Young/img008766.jpg,6,Young
img009030.jpg,star/stargan/Young/img009030.jpg,6,Young
img008652.jpg,star/stargan/Young/img008652.jpg,6,Young
img008774.jpg,star/stargan/Young/img008774.jpg,6,Young
img009424.jpg,star/stargan/Young/img009424.jpg,6,Young
img009414.jpg,star/stargan/Young/img009414.jpg,6,Young
img009893.jpg,star/stargan/Young/img009893.jpg,6,Young
img009954.jpg,star/stargan/Young/img009954.jpg,6,Young
img009056.jpg,star/stargan/Young/img009056.jpg,6,Young
img009074.jpg,star/stargan/Young/img009074.jpg,6,Young
img009370.jpg,star/stargan/Young/img009370.jpg,6,Young
img008286.jpg,star/stargan/Young/img008286.jpg,6,Young
img008720.jpg,star/stargan/Young/img008720.jpg,6,Young
img009870.jpg,star/stargan/Young/img009870.jpg,6,Young
img009081.jpg,star/stargan/Young/img009081.jpg,6,Young
img009166.jpg,star/stargan/Young/img009166.jpg,6,Young
img009498.jpg,star/stargan/Young/img009498.jpg,6,Young
img008030.jpg,star/stargan/Young/img008030.jpg,6,Young
img009464.jpg,star/stargan/Young/img009464.jpg,6,Young
img008381.jpg,star/stargan/Young/img008381.jpg,6,Young
img008331.jpg,star/stargan/Young/img008331.jpg,6,Young
img008993.jpg,star/stargan/Young/img008993.jpg,6,Young
img009376.jpg,star/stargan/Young/img009376.jpg,6,Young
img008609.jpg,star/stargan/Young/img008609.jpg,6,Young
img009309.jpg,star/stargan/Young/img009309.jpg,6,Young
img008765.jpg,star/stargan/Young/img008765.jpg,6,Young
img009790.jpg,star/stargan/Young/img009790.jpg,6,Young
img009270.jpg,star/stargan/Young/img009270.jpg,6,Young
img008552.jpg,star/stargan/Young/img008552.jpg,6,Young
img008700.jpg,star/stargan/Young/img008700.jpg,6,Young
img009561.jpg,star/stargan/Young/img009561.jpg,6,Young
img008777.jpg,star/stargan/Young/img008777.jpg,6,Young
img009927.jpg,star/stargan/Young/img009927.jpg,6,Young
img008265.jpg,star/stargan/Young/img008265.jpg,6,Young
img008392.jpg,star/stargan/Young/img008392.jpg,6,Young
img008791.jpg,star/stargan/Young/img008791.jpg,6,Young
img009804.jpg,star/stargan/Young/img009804.jpg,6,Young
img008883.jpg,star/stargan/Young/img008883.jpg,6,Young
img008820.jpg,star/stargan/Young/img008820.jpg,6,Young
img008705.jpg,star/stargan/Young/img008705.jpg,6,Young
img009855.jpg,star/stargan/Young/img009855.jpg,6,Young
img008475.jpg,star/stargan/Young/img008475.jpg,6,Young
img009531.jpg,star/stargan/Young/img009531.jpg,6,Young
img008549.jpg,star/stargan/Young/img008549.jpg,6,Young
img009430.jpg,star/stargan/Young/img009430.jpg,6,Young
img008057.jpg,star/stargan/Young/img008057.jpg,6,Young
img008627.jpg,star/stargan/Young/img008627.jpg,6,Young
img008061.jpg,star/stargan/Young/img008061.jpg,6,Young
img009104.jpg,star/stargan/Young/img009104.jpg,6,Young
img009434.jpg,star/stargan/Young/img009434.jpg,6,Young
img009919.jpg,star/stargan/Young/img009919.jpg,6,Young
img008236.jpg,star/stargan/Young/img008236.jpg,6,Young
img008184.jpg,star/stargan/Young/img008184.jpg,6,Young
img008459.jpg,star/stargan/Young/img008459.jpg,6,Young
img008928.jpg,star/stargan/Young/img008928.jpg,6,Young
img009791.jpg,star/stargan/Young/img009791.jpg,6,Young
img009691.jpg,star/stargan/Young/img009691.jpg,6,Young
img009957.jpg,star/stargan/Young/img009957.jpg,6,Young
img009671.jpg,star/stargan/Young/img009671.jpg,6,Young
img009544.jpg,star/stargan/Young/img009544.jpg,6,Young
img009001.jpg,star/stargan/Young/img009001.jpg,6,Young
img009428.jpg,star/stargan/Young/img009428.jpg,6,Young
img009100.jpg,star/stargan/Young/img009100.jpg,6,Young
img009143.jpg,star/stargan/Young/img009143.jpg,6,Young
img008823.jpg,star/stargan/Young/img008823.jpg,6,Young
img009990.jpg,star/stargan/Young/img009990.jpg,6,Young
img009793.jpg,star/stargan/Young/img009793.jpg,6,Young
img009130.jpg,star/stargan/Young/img009130.jpg,6,Young
img008912.jpg,star/stargan/Young/img008912.jpg,6,Young
img009391.jpg,star/stargan/Young/img009391.jpg,6,Young
img009884.jpg,star/stargan/Young/img009884.jpg,6,Young
img008146.jpg,star/stargan/Young/img008146.jpg,6,Young
img008842.jpg,star/stargan/Young/img008842.jpg,6,Young
img008844.jpg,star/stargan/Young/img008844.jpg,6,Young
img009600.jpg,star/stargan/Young/img009600.jpg,6,Young
img008261.jpg,star/stargan/Young/img008261.jpg,6,Young
img008506.jpg,star/stargan/Young/img008506.jpg,6,Young
img009293.jpg,star/stargan/Young/img009293.jpg,6,Young
img009061.jpg,star/stargan/Young/img009061.jpg,6,Young
img008835.jpg,star/stargan/Young/img008835.jpg,6,Young
img009217.jpg,star/stargan/Young/img009217.jpg,6,Young
img008171.jpg,star/stargan/Young/img008171.jpg,6,Young
img009228.jpg,star/stargan/Young/img009228.jpg,6,Young
img009712.jpg,star/stargan/Young/img009712.jpg,6,Young
img008931.jpg,star/stargan/Young/img008931.jpg,6,Young
img009238.jpg,star/stargan/Young/img009238.jpg,6,Young
img008089.jpg,star/stargan/Young/img008089.jpg,6,Young
img008860.jpg,star/stargan/Young/img008860.jpg,6,Young
img008494.jpg,star/stargan/Young/img008494.jpg,6,Young
img009651.jpg,star/stargan/Young/img009651.jpg,6,Young
img009890.jpg,star/stargan/Young/img009890.jpg,6,Young
img008123.jpg,star/stargan/Young/img008123.jpg,6,Young
img008611.jpg,star/stargan/Young/img008611.jpg,6,Young
img008252.jpg,star/stargan/Young/img008252.jpg,6,Young
img009195.jpg,star/stargan/Young/img009195.jpg,6,Young
img009764.jpg,star/stargan/Young/img009764.jpg,6,Young
img009629.jpg,star/stargan/Young/img009629.jpg,6,Young
img008573.jpg,star/stargan/Young/img008573.jpg,6,Young
img009446.jpg,star/stargan/Young/img009446.jpg,6,Young
img009576.jpg,star/stargan/Young/img009576.jpg,6,Young
img009440.jpg,star/stargan/Young/img009440.jpg,6,Young
img009566.jpg,star/stargan/Young/img009566.jpg,6,Young
img008192.jpg,star/stargan/Young/img008192.jpg,6,Young
img008684.jpg,star/stargan/Young/img008684.jpg,6,Young
img008870.jpg,star/stargan/Young/img008870.jpg,6,Young
img008310.jpg,star/stargan/Young/img008310.jpg,6,Young
img009630.jpg,star/stargan/Young/img009630.jpg,6,Young
img008349.jpg,star/stargan/Young/img008349.jpg,6,Young
img008214.jpg,star/stargan/Young/img008214.jpg,6,Young
img008164.jpg,star/stargan/Young/img008164.jpg,6,Young
img009232.jpg,star/stargan/Young/img009232.jpg,6,Young
img008561.jpg,star/stargan/Young/img008561.jpg,6,Young
img008967.jpg,star/stargan/Young/img008967.jpg,6,Young
img009973.jpg,star/stargan/Young/img009973.jpg,6,Young
img008373.jpg,star/stargan/Young/img008373.jpg,6,Young
img009149.jpg,star/stargan/Young/img009149.jpg,6,Young
img008859.jpg,star/stargan/Young/img008859.jpg,6,Young
img009093.jpg,star/stargan/Young/img009093.jpg,6,Young
img008050.jpg,star/stargan/Young/img008050.jpg,6,Young
img009089.jpg,star/stargan/Young/img009089.jpg,6,Young
img008888.jpg,star/stargan/Young/img008888.jpg,6,Young
img009742.jpg,star/stargan/Young/img009742.jpg,6,Young
img008846.jpg,star/stargan/Young/img008846.jpg,6,Young
img009184.jpg,star/stargan/Young/img009184.jpg,6,Young
img009292.jpg,star/stargan/Young/img009292.jpg,6,Young
img009454.jpg,star/stargan/Young/img009454.jpg,6,Young
img009227.jpg,star/stargan/Young/img009227.jpg,6,Young
img009779.jpg,star/stargan/Young/img009779.jpg,6,Young
img008565.jpg,star/stargan/Young/img008565.jpg,6,Young
img008839.jpg,star/stargan/Young/img008839.jpg,6,Young
img008698.jpg,star/stargan/Young/img008698.jpg,6,Young
img009517.jpg,star/stargan/Young/img009517.jpg,6,Young
img008596.jpg,star/stargan/Young/img008596.jpg,6,Young
img009740.jpg,star/stargan/Young/img009740.jpg,6,Young
img009605.jpg,star/stargan/Young/img009605.jpg,6,Young
img008488.jpg,star/stargan/Young/img008488.jpg,6,Young
img009138.jpg,star/stargan/Young/img009138.jpg,6,Young
img008358.jpg,star/stargan/Young/img008358.jpg,6,Young
img009402.jpg,star/stargan/Young/img009402.jpg,6,Young
img009010.jpg,star/stargan/Young/img009010.jpg,6,Young
img008794.jpg,star/stargan/Young/img008794.jpg,6,Young
img008080.jpg,star/stargan/Young/img008080.jpg,6,Young
img008778.jpg,star/stargan/Young/img008778.jpg,6,Young
img008731.jpg,star/stargan/Young/img008731.jpg,6,Young
img009380.jpg,star/stargan/Young/img009380.jpg,6,Young
img008444.jpg,star/stargan/Young/img008444.jpg,6,Young
img009987.jpg,star/stargan/Young/img009987.jpg,6,Young
img008152.jpg,star/stargan/Young/img008152.jpg,6,Young
img009007.jpg,star/stargan/Young/img009007.jpg,6,Young
img008191.jpg,star/stargan/Young/img008191.jpg,6,Young
img009929.jpg,star/stargan/Young/img009929.jpg,6,Young
img008177.jpg,star/stargan/Young/img008177.jpg,6,Young
img008833.jpg,star/stargan/Young/img008833.jpg,6,Young
img008301.jpg,star/stargan/Young/img008301.jpg,6,Young
img008551.jpg,star/stargan/Young/img008551.jpg,6,Young
img009094.jpg,star/stargan/Young/img009094.jpg,6,Young
img008052.jpg,star/stargan/Young/img008052.jpg,6,Young
img008235.jpg,star/stargan/Young/img008235.jpg,6,Young
img009704.jpg,star/stargan/Young/img009704.jpg,6,Young
img008715.jpg,star/stargan/Young/img008715.jpg,6,Young
img009843.jpg,star/stargan/Young/img009843.jpg,6,Young
img009978.jpg,star/stargan/Young/img009978.jpg,6,Young
img008542.jpg,star/stargan/Young/img008542.jpg,6,Young
img008016.jpg,star/stargan/Young/img008016.jpg,6,Young
img009787.jpg,star/stargan/Young/img009787.jpg,6,Young
img008074.jpg,star/stargan/Young/img008074.jpg,6,Young
img008219.jpg,star/stargan/Young/img008219.jpg,6,Young
img009851.jpg,star/stargan/Young/img009851.jpg,6,Young
img008056.jpg,star/stargan/Young/img008056.jpg,6,Young
img009016.jpg,star/stargan/Young/img009016.jpg,6,Young
img008831.jpg,star/stargan/Young/img008831.jpg,6,Young
img008926.jpg,star/stargan/Young/img008926.jpg,6,Young
img009930.jpg,star/stargan/Young/img009930.jpg,6,Young
img009801.jpg,star/stargan/Young/img009801.jpg,6,Young
img008822.jpg,star/stargan/Young/img008822.jpg,6,Young
img009394.jpg,star/stargan/Young/img009394.jpg,6,Young
img009307.jpg,star/stargan/Young/img009307.jpg,6,Young
img008847.jpg,star/stargan/Young/img008847.jpg,6,Young
img009829.jpg,star/stargan/Young/img009829.jpg,6,Young
img009191.jpg,star/stargan/Young/img009191.jpg,6,Young
img008065.jpg,star/stargan/Young/img008065.jpg,6,Young
img009260.jpg,star/stargan/Young/img009260.jpg,6,Young
img009336.jpg,star/stargan/Young/img009336.jpg,6,Young
img009300.jpg,star/stargan/Young/img009300.jpg,6,Young
img009955.jpg,star/stargan/Young/img009955.jpg,6,Young
img009087.jpg,star/stargan/Young/img009087.jpg,6,Young
img009586.jpg,star/stargan/Young/img009586.jpg,6,Young
img008162.jpg,star/stargan/Young/img008162.jpg,6,Young
img009201.jpg,star/stargan/Young/img009201.jpg,6,Young
img008618.jpg,star/stargan/Young/img008618.jpg,6,Young
img008254.jpg,star/stargan/Young/img008254.jpg,6,Young
img009377.jpg,star/stargan/Young/img009377.jpg,6,Young
img008976.jpg,star/stargan/Young/img008976.jpg,6,Young
img009295.jpg,star/stargan/Young/img009295.jpg,6,Young
img008533.jpg,star/stargan/Young/img008533.jpg,6,Young
img008654.jpg,star/stargan/Young/img008654.jpg,6,Young
img009015.jpg,star/stargan/Young/img009015.jpg,6,Young
img009448.jpg,star/stargan/Young/img009448.jpg,6,Young
img008429.jpg,star/stargan/Young/img008429.jpg,6,Young
img008757.jpg,star/stargan/Young/img008757.jpg,6,Young
img009944.jpg,star/stargan/Young/img009944.jpg,6,Young
img008323.jpg,star/stargan/Young/img008323.jpg,6,Young
img008634.jpg,star/stargan/Young/img008634.jpg,6,Young
img008952.jpg,star/stargan/Young/img008952.jpg,6,Young
img008579.jpg,star/stargan/Young/img008579.jpg,6,Young
img008996.jpg,star/stargan/Young/img008996.jpg,6,Young
img009224.jpg,star/stargan/Young/img009224.jpg,6,Young
img009165.jpg,star/stargan/Young/img009165.jpg,6,Young
img009766.jpg,star/stargan/Young/img009766.jpg,6,Young
img009897.jpg,star/stargan/Young/img009897.jpg,6,Young
img009873.jpg,star/stargan/Young/img009873.jpg,6,Young
img008055.jpg,star/stargan/Young/img008055.jpg,6,Young
img008268.jpg,star/stargan/Young/img008268.jpg,6,Young
img008180.jpg,star/stargan/Young/img008180.jpg,6,Young
img008139.jpg,star/stargan/Young/img008139.jpg,6,Young
img009621.jpg,star/stargan/Young/img009621.jpg,6,Young
img009012.jpg,star/stargan/Young/img009012.jpg,6,Young
img009179.jpg,star/stargan/Young/img009179.jpg,6,Young
img008043.jpg,star/stargan/Young/img008043.jpg,6,Young
img009962.jpg,star/stargan/Young/img009962.jpg,6,Young
img008204.jpg,star/stargan/Young/img008204.jpg,6,Young
img009922.jpg,star/stargan/Young/img009922.jpg,6,Young
img009338.jpg,star/stargan/Young/img009338.jpg,6,Young
img009111.jpg,star/stargan/Young/img009111.jpg,6,Young
img009637.jpg,star/stargan/Young/img009637.jpg,6,Young
img009692.jpg,star/stargan/Young/img009692.jpg,6,Young
img009134.jpg,star/stargan/Young/img009134.jpg,6,Young
img008221.jpg,star/stargan/Young/img008221.jpg,6,Young
img009744.jpg,star/stargan/Young/img009744.jpg,6,Young
img009593.jpg,star/stargan/Young/img009593.jpg,6,Young
img009348.jpg,star/stargan/Young/img009348.jpg,6,Young
img008319.jpg,star/stargan/Young/img008319.jpg,6,Young
img008405.jpg,star/stargan/Young/img008405.jpg,6,Young
img008961.jpg,star/stargan/Young/img008961.jpg,6,Young
img008345.jpg,star/stargan/Young/img008345.jpg,6,Young
img009396.jpg,star/stargan/Young/img009396.jpg,6,Young
img008568.jpg,star/stargan/Young/img008568.jpg,6,Young
img009463.jpg,star/stargan/Young/img009463.jpg,6,Young
img009871.jpg,star/stargan/Young/img009871.jpg,6,Young
img009666.jpg,star/stargan/Young/img009666.jpg,6,Young
img009749.jpg,star/stargan/Young/img009749.jpg,6,Young
img008119.jpg,star/stargan/Young/img008119.jpg,6,Young
img009208.jpg,star/stargan/Young/img009208.jpg,6,Young
img009768.jpg,star/stargan/Young/img009768.jpg,6,Young
img008608.jpg,star/stargan/Young/img008608.jpg,6,Young
img008220.jpg,star/stargan/Young/img008220.jpg,6,Young
img008603.jpg,star/stargan/Young/img008603.jpg,6,Young
img008147.jpg,star/stargan/Young/img008147.jpg,6,Young
img008308.jpg,star/stargan/Young/img008308.jpg,6,Young
img009798.jpg,star/stargan/Young/img009798.jpg,6,Young
img008410.jpg,star/stargan/Young/img008410.jpg,6,Young
img008336.jpg,star/stargan/Young/img008336.jpg,6,Young
img009907.jpg,star/stargan/Young/img009907.jpg,6,Young
img009599.jpg,star/stargan/Young/img009599.jpg,6,Young
img009164.jpg,star/stargan/Young/img009164.jpg,6,Young
img008819.jpg,star/stargan/Young/img008819.jpg,6,Young
img009946.jpg,star/stargan/Young/img009946.jpg,6,Young
img009407.jpg,star/stargan/Young/img009407.jpg,6,Young
img008025.jpg,star/stargan/Young/img008025.jpg,6,Young
img008602.jpg,star/stargan/Young/img008602.jpg,6,Young
img009245.jpg,star/stargan/Young/img009245.jpg,6,Young
img008063.jpg,star/stargan/Young/img008063.jpg,6,Young
img008272.jpg,star/stargan/Young/img008272.jpg,6,Young
img009575.jpg,star/stargan/Young/img009575.jpg,6,Young
img009404.jpg,star/stargan/Young/img009404.jpg,6,Young
img008375.jpg,star/stargan/Young/img008375.jpg,6,Young
img009680.jpg,star/stargan/Young/img009680.jpg,6,Young
img009304.jpg,star/stargan/Young/img009304.jpg,6,Young
img008026.jpg,star/stargan/Young/img008026.jpg,6,Young
img008034.jpg,star/stargan/Young/img008034.jpg,6,Young
img008685.jpg,star/stargan/Young/img008685.jpg,6,Young
img009189.jpg,star/stargan/Young/img009189.jpg,6,Young
img009170.jpg,star/stargan/Young/img009170.jpg,6,Young
img009536.jpg,star/stargan/Young/img009536.jpg,6,Young
img009103.jpg,star/stargan/Young/img009103.jpg,6,Young
img009055.jpg,star/stargan/Young/img009055.jpg,6,Young
img008309.jpg,star/stargan/Young/img008309.jpg,6,Young
img009441.jpg,star/stargan/Young/img009441.jpg,6,Young
img008500.jpg,star/stargan/Young/img008500.jpg,6,Young
img009807.jpg,star/stargan/Young/img009807.jpg,6,Young
img008068.jpg,star/stargan/Young/img008068.jpg,6,Young
img009492.jpg,star/stargan/Young/img009492.jpg,6,Young
img008047.jpg,star/stargan/Young/img008047.jpg,6,Young
img008460.jpg,star/stargan/Young/img008460.jpg,6,Young
img009072.jpg,star/stargan/Young/img009072.jpg,6,Young
img008914.jpg,star/stargan/Young/img008914.jpg,6,Young
img008450.jpg,star/stargan/Young/img008450.jpg,6,Young
img008750.jpg,star/stargan/Young/img008750.jpg,6,Young
img009652.jpg,star/stargan/Young/img009652.jpg,6,Young
img008398.jpg,star/stargan/Young/img008398.jpg,6,Young
img008368.jpg,star/stargan/Young/img008368.jpg,6,Young
img009780.jpg,star/stargan/Young/img009780.jpg,6,Young
img008895.jpg,star/stargan/Young/img008895.jpg,6,Young
img009325.jpg,star/stargan/Young/img009325.jpg,6,Young
img008657.jpg,star/stargan/Young/img008657.jpg,6,Young
img008245.jpg,star/stargan/Young/img008245.jpg,6,Young
img008925.jpg,star/stargan/Young/img008925.jpg,6,Young
img008240.jpg,star/stargan/Young/img008240.jpg,6,Young
img009754.jpg,star/stargan/Young/img009754.jpg,6,Young
img008723.jpg,star/stargan/Young/img008723.jpg,6,Young
img008042.jpg,star/stargan/Young/img008042.jpg,6,Young
img009151.jpg,star/stargan/Young/img009151.jpg,6,Young
img008445.jpg,star/stargan/Young/img008445.jpg,6,Young
img008653.jpg,star/stargan/Young/img008653.jpg,6,Young
img008446.jpg,star/stargan/Young/img008446.jpg,6,Young
img009241.jpg,star/stargan/Young/img009241.jpg,6,Young
img009866.jpg,star/stargan/Young/img009866.jpg,6,Young
img008234.jpg,star/stargan/Young/img008234.jpg,6,Young
img008877.jpg,star/stargan/Young/img008877.jpg,6,Young
img008678.jpg,star/stargan/Young/img008678.jpg,6,Young
img008434.jpg,star/stargan/Young/img008434.jpg,6,Young
img009384.jpg,star/stargan/Young/img009384.jpg,6,Young
img009694.jpg,star/stargan/Young/img009694.jpg,6,Young
img008262.jpg,star/stargan/Young/img008262.jpg,6,Young
img008699.jpg,star/stargan/Young/img008699.jpg,6,Young
img009933.jpg,star/stargan/Young/img009933.jpg,6,Young
img008483.jpg,star/stargan/Young/img008483.jpg,6,Young
img009915.jpg,star/stargan/Young/img009915.jpg,6,Young
img008217.jpg,star/stargan/Young/img008217.jpg,6,Young
img008930.jpg,star/stargan/Young/img008930.jpg,6,Young
img008902.jpg,star/stargan/Young/img008902.jpg,6,Young
img008415.jpg,star/stargan/Young/img008415.jpg,6,Young
img009932.jpg,star/stargan/Young/img009932.jpg,6,Young
img008675.jpg,star/stargan/Young/img008675.jpg,6,Young
img008305.jpg,star/stargan/Young/img008305.jpg,6,Young
img009840.jpg,star/stargan/Young/img009840.jpg,6,Young
img008364.jpg,star/stargan/Young/img008364.jpg,6,Young
img008927.jpg,star/stargan/Young/img008927.jpg,6,Young
img008837.jpg,star/stargan/Young/img008837.jpg,6,Young
img009041.jpg,star/stargan/Young/img009041.jpg,6,Young
img008743.jpg,star/stargan/Young/img008743.jpg,6,Young
img008948.jpg,star/stargan/Young/img008948.jpg,6,Young
img008965.jpg,star/stargan/Young/img008965.jpg,6,Young
img008474.jpg,star/stargan/Young/img008474.jpg,6,Young
img009533.jpg,star/stargan/Young/img009533.jpg,6,Young
img009609.jpg,star/stargan/Young/img009609.jpg,6,Young
img009811.jpg,star/stargan/Young/img009811.jpg,6,Young
img009673.jpg,star/stargan/Young/img009673.jpg,6,Young
img008296.jpg,star/stargan/Young/img008296.jpg,6,Young
img008908.jpg,star/stargan/Young/img008908.jpg,6,Young
img008361.jpg,star/stargan/Young/img008361.jpg,6,Young
img009743.jpg,star/stargan/Young/img009743.jpg,6,Young
img009660.jpg,star/stargan/Young/img009660.jpg,6,Young
img008690.jpg,star/stargan/Young/img008690.jpg,6,Young
img008982.jpg,star/stargan/Young/img008982.jpg,6,Young
img009188.jpg,star/stargan/Young/img009188.jpg,6,Young
img009379.jpg,star/stargan/Young/img009379.jpg,6,Young
img008363.jpg,star/stargan/Young/img008363.jpg,6,Young
img009881.jpg,star/stargan/Young/img009881.jpg,6,Young
img008035.jpg,star/stargan/Young/img008035.jpg,6,Young
img008436.jpg,star/stargan/Young/img008436.jpg,6,Young
img008300.jpg,star/stargan/Young/img008300.jpg,6,Young
img009462.jpg,star/stargan/Young/img009462.jpg,6,Young
img008726.jpg,star/stargan/Young/img008726.jpg,6,Young
img008320.jpg,star/stargan/Young/img008320.jpg,6,Young
img009678.jpg,star/stargan/Young/img009678.jpg,6,Young
img008207.jpg,star/stargan/Young/img008207.jpg,6,Young
img009049.jpg,star/stargan/Young/img009049.jpg,6,Young
img008632.jpg,star/stargan/Young/img008632.jpg,6,Young
img009797.jpg,star/stargan/Young/img009797.jpg,6,Young
img008232.jpg,star/stargan/Young/img008232.jpg,6,Young
img008824.jpg,star/stargan/Young/img008824.jpg,6,Young
img008614.jpg,star/stargan/Young/img008614.jpg,6,Young
img008703.jpg,star/stargan/Young/img008703.jpg,6,Young
img008648.jpg,star/stargan/Young/img008648.jpg,6,Young
img009239.jpg,star/stargan/Young/img009239.jpg,6,Young
img009337.jpg,star/stargan/Young/img009337.jpg,6,Young
img008598.jpg,star/stargan/Young/img008598.jpg,6,Young
img008841.jpg,star/stargan/Young/img008841.jpg,6,Young
img009400.jpg,star/stargan/Young/img009400.jpg,6,Young
img009727.jpg,star/stargan/Young/img009727.jpg,6,Young
img009508.jpg,star/stargan/Young/img009508.jpg,6,Young
img008421.jpg,star/stargan/Young/img008421.jpg,6,Young
img009708.jpg,star/stargan/Young/img009708.jpg,6,Young
img009809.jpg,star/stargan/Young/img009809.jpg,6,Young
img009810.jpg,star/stargan/Young/img009810.jpg,6,Young
img009685.jpg,star/stargan/Young/img009685.jpg,6,Young
img008462.jpg,star/stargan/Young/img008462.jpg,6,Young
img009119.jpg,star/stargan/Young/img009119.jpg,6,Young
img008843.jpg,star/stargan/Young/img008843.jpg,6,Young
img009237.jpg,star/stargan/Young/img009237.jpg,6,Young
img008093.jpg,star/stargan/Young/img008093.jpg,6,Young
img008781.jpg,star/stargan/Young/img008781.jpg,6,Young
img008897.jpg,star/stargan/Young/img008897.jpg,6,Young
img009332.jpg,star/stargan/Young/img009332.jpg,6,Young
img009756.jpg,star/stargan/Young/img009756.jpg,6,Young
img008934.jpg,star/stargan/Young/img008934.jpg,6,Young
img008721.jpg,star/stargan/Young/img008721.jpg,6,Young
img009465.jpg,star/stargan/Young/img009465.jpg,6,Young
img009095.jpg,star/stargan/Young/img009095.jpg,6,Young
img009315.jpg,star/stargan/Young/img009315.jpg,6,Young
img008472.jpg,star/stargan/Young/img008472.jpg,6,Young
img009419.jpg,star/stargan/Young/img009419.jpg,6,Young
img008011.jpg,star/stargan/Young/img008011.jpg,6,Young
img009993.jpg,star/stargan/Young/img009993.jpg,6,Young
img008307.jpg,star/stargan/Young/img008307.jpg,6,Young
img008009.jpg,star/stargan/Young/img008009.jpg,6,Young
img008915.jpg,star/stargan/Young/img008915.jpg,6,Young
img008453.jpg,star/stargan/Young/img008453.jpg,6,Young
img008407.jpg,star/stargan/Young/img008407.jpg,6,Young
img008346.jpg,star/stargan/Young/img008346.jpg,6,Young
img008907.jpg,star/stargan/Young/img008907.jpg,6,Young
img009340.jpg,star/stargan/Young/img009340.jpg,6,Young
img009047.jpg,star/stargan/Young/img009047.jpg,6,Young
img009753.jpg,star/stargan/Young/img009753.jpg,6,Young
img008103.jpg,star/stargan/Young/img008103.jpg,6,Young
img008676.jpg,star/stargan/Young/img008676.jpg,6,Young
img009512.jpg,star/stargan/Young/img009512.jpg,6,Young
img009745.jpg,star/stargan/Young/img009745.jpg,6,Young
img007996.jpg,star/stargan/Young/img007996.jpg,6,Young
img008556.jpg,star/stargan/Young/img008556.jpg,6,Young
img009785.jpg,star/stargan/Young/img009785.jpg,6,Young
img008913.jpg,star/stargan/Young/img008913.jpg,6,Young
img009305.jpg,star/stargan/Young/img009305.jpg,6,Young
img008141.jpg,star/stargan/Young/img008141.jpg,6,Young
img009534.jpg,star/stargan/Young/img009534.jpg,6,Young
img009011.jpg,star/stargan/Young/img009011.jpg,6,Young
img008189.jpg,star/stargan/Young/img008189.jpg,6,Young
img008497.jpg,star/stargan/Young/img008497.jpg,6,Young
img008367.jpg,star/stargan/Young/img008367.jpg,6,Young
img009405.jpg,star/stargan/Young/img009405.jpg,6,Young
img008626.jpg,star/stargan/Young/img008626.jpg,6,Young
img008821.jpg,star/stargan/Young/img008821.jpg,6,Young
img009876.jpg,star/stargan/Young/img009876.jpg,6,Young
img008388.jpg,star/stargan/Young/img008388.jpg,6,Young
img008986.jpg,star/stargan/Young/img008986.jpg,6,Young
img008198.jpg,star/stargan/Young/img008198.jpg,6,Young
img009046.jpg,star/stargan/Young/img009046.jpg,6,Young
img008865.jpg,star/stargan/Young/img008865.jpg,6,Young
img008960.jpg,star/stargan/Young/img008960.jpg,6,Young
img008233.jpg,star/stargan/Young/img008233.jpg,6,Young
img009757.jpg,star/stargan/Young/img009757.jpg,6,Young
img009474.jpg,star/stargan/Young/img009474.jpg,6,Young
img009703.jpg,star/stargan/Young/img009703.jpg,6,Young
img008238.jpg,star/stargan/Young/img008238.jpg,6,Young
img009834.jpg,star/stargan/Young/img009834.jpg,6,Young
img008092.jpg,star/stargan/Young/img008092.jpg,6,Young
img009698.jpg,star/stargan/Young/img009698.jpg,6,Young
img008736.jpg,star/stargan/Young/img008736.jpg,6,Young
img008665.jpg,star/stargan/Young/img008665.jpg,6,Young
img009031.jpg,star/stargan/Young/img009031.jpg,6,Young
img008664.jpg,star/stargan/Young/img008664.jpg,6,Young
img009469.jpg,star/stargan/Young/img009469.jpg,6,Young
img008344.jpg,star/stargan/Young/img008344.jpg,6,Young
img009921.jpg,star/stargan/Young/img009921.jpg,6,Young
img008109.jpg,star/stargan/Young/img008109.jpg,6,Young
img008730.jpg,star/stargan/Young/img008730.jpg,6,Young
img009472.jpg,star/stargan/Young/img009472.jpg,6,Young
img009784.jpg,star/stargan/Young/img009784.jpg,6,Young
img008380.jpg,star/stargan/Young/img008380.jpg,6,Young
img009879.jpg,star/stargan/Young/img009879.jpg,6,Young
img009009.jpg,star/stargan/Young/img009009.jpg,6,Young
img008525.jpg,star/stargan/Young/img008525.jpg,6,Young
img008792.jpg,star/stargan/Young/img008792.jpg,6,Young
img009903.jpg,star/stargan/Young/img009903.jpg,6,Young
img008343.jpg,star/stargan/Young/img008343.jpg,6,Young
img008507.jpg,star/stargan/Young/img008507.jpg,6,Young
img008151.jpg,star/stargan/Young/img008151.jpg,6,Young
img009060.jpg,star/stargan/Young/img009060.jpg,6,Young
img008606.jpg,star/stargan/Young/img008606.jpg,6,Young
img008422.jpg,star/stargan/Young/img008422.jpg,6,Young
img009794.jpg,star/stargan/Young/img009794.jpg,6,Young
img009911.jpg,star/stargan/Young/img009911.jpg,6,Young
img009618.jpg,star/stargan/Young/img009618.jpg,6,Young
img008957.jpg,star/stargan/Young/img008957.jpg,6,Young
img008353.jpg,star/stargan/Young/img008353.jpg,6,Young
img009176.jpg,star/stargan/Young/img009176.jpg,6,Young
img008708.jpg,star/stargan/Young/img008708.jpg,6,Young
img008075.jpg,star/stargan/Young/img008075.jpg,6,Young
img008868.jpg,star/stargan/Young/img008868.jpg,6,Young
img009758.jpg,star/stargan/Young/img009758.jpg,6,Young
img009925.jpg,star/stargan/Young/img009925.jpg,6,Young
img009696.jpg,star/stargan/Young/img009696.jpg,6,Young
img009180.jpg,star/stargan/Young/img009180.jpg,6,Young
img008853.jpg,star/stargan/Young/img008853.jpg,6,Young
img008935.jpg,star/stargan/Young/img008935.jpg,6,Young
img008179.jpg,star/stargan/Young/img008179.jpg,6,Young
img009447.jpg,star/stargan/Young/img009447.jpg,6,Young
img009510.jpg,star/stargan/Young/img009510.jpg,6,Young
img008995.jpg,star/stargan/Young/img008995.jpg,6,Young
img008259.jpg,star/stargan/Young/img008259.jpg,6,Young
img008324.jpg,star/stargan/Young/img008324.jpg,6,Young
img009408.jpg,star/stargan/Young/img009408.jpg,6,Young
img009656.jpg,star/stargan/Young/img009656.jpg,6,Young
img008014.jpg,star/stargan/Young/img008014.jpg,6,Young
img009159.jpg,star/stargan/Young/img009159.jpg,6,Young
img008366.jpg,star/stargan/Young/img008366.jpg,6,Young
img008755.jpg,star/stargan/Young/img008755.jpg,6,Young
img008845.jpg,star/stargan/Young/img008845.jpg,6,Young
img009186.jpg,star/stargan/Young/img009186.jpg,6,Young
img009249.jpg,star/stargan/Young/img009249.jpg,6,Young
img008451.jpg,star/stargan/Young/img008451.jpg,6,Young
img009640.jpg,star/stargan/Young/img009640.jpg,6,Young
img009603.jpg,star/stargan/Young/img009603.jpg,6,Young
img009507.jpg,star/stargan/Young/img009507.jpg,6,Young
img008471.jpg,star/stargan/Young/img008471.jpg,6,Young
img008227.jpg,star/stargan/Young/img008227.jpg,6,Young
img009683.jpg,star/stargan/Young/img009683.jpg,6,Young
img008260.jpg,star/stargan/Young/img008260.jpg,6,Young
img008764.jpg,star/stargan/Young/img008764.jpg,6,Young
img009420.jpg,star/stargan/Young/img009420.jpg,6,Young
img009196.jpg,star/stargan/Young/img009196.jpg,6,Young
img009540.jpg,star/stargan/Young/img009540.jpg,6,Young
img008448.jpg,star/stargan/Young/img008448.jpg,6,Young
img009323.jpg,star/stargan/Young/img009323.jpg,6,Young
img008107.jpg,star/stargan/Young/img008107.jpg,6,Young
img009836.jpg,star/stargan/Young/img009836.jpg,6,Young
img009486.jpg,star/stargan/Young/img009486.jpg,6,Young
img009367.jpg,star/stargan/Young/img009367.jpg,6,Young
img009488.jpg,star/stargan/Young/img009488.jpg,6,Young
img009604.jpg,star/stargan/Young/img009604.jpg,6,Young
img009363.jpg,star/stargan/Young/img009363.jpg,6,Young
img009359.jpg,star/stargan/Young/img009359.jpg,6,Young
img008788.jpg,star/stargan/Young/img008788.jpg,6,Young
img008196.jpg,star/stargan/Young/img008196.jpg,6,Young
img008905.jpg,star/stargan/Young/img008905.jpg,6,Young
img009386.jpg,star/stargan/Young/img009386.jpg,6,Young
img009264.jpg,star/stargan/Young/img009264.jpg,6,Young
img009522.jpg,star/stargan/Young/img009522.jpg,6,Young
img008900.jpg,star/stargan/Young/img008900.jpg,6,Young
img008113.jpg,star/stargan/Young/img008113.jpg,6,Young
img009490.jpg,star/stargan/Young/img009490.jpg,6,Young
img008440.jpg,star/stargan/Young/img008440.jpg,6,Young
img009368.jpg,star/stargan/Young/img009368.jpg,6,Young
img009378.jpg,star/stargan/Young/img009378.jpg,6,Young
img009928.jpg,star/stargan/Young/img009928.jpg,6,Young
img009236.jpg,star/stargan/Young/img009236.jpg,6,Young
img008498.jpg,star/stargan/Young/img008498.jpg,6,Young
img009206.jpg,star/stargan/Young/img009206.jpg,6,Young
img008426.jpg,star/stargan/Young/img008426.jpg,6,Young
img009468.jpg,star/stargan/Young/img009468.jpg,6,Young
img009142.jpg,star/stargan/Young/img009142.jpg,6,Young
img008355.jpg,star/stargan/Young/img008355.jpg,6,Young
img008547.jpg,star/stargan/Young/img008547.jpg,6,Young
img009560.jpg,star/stargan/Young/img009560.jpg,6,Young
img009421.jpg,star/stargan/Young/img009421.jpg,6,Young
img009571.jpg,star/stargan/Young/img009571.jpg,6,Young
img008639.jpg,star/stargan/Young/img008639.jpg,6,Young
img008292.jpg,star/stargan/Young/img008292.jpg,6,Young
img008362.jpg,star/stargan/Young/img008362.jpg,6,Young
img008970.jpg,star/stargan/Young/img008970.jpg,6,Young
img009229.jpg,star/stargan/Young/img009229.jpg,6,Young
img009154.jpg,star/stargan/Young/img009154.jpg,6,Young
img009841.jpg,star/stargan/Young/img009841.jpg,6,Young
img008695.jpg,star/stargan/Young/img008695.jpg,6,Young
img009888.jpg,star/stargan/Young/img009888.jpg,6,Young
img009114.jpg,star/stargan/Young/img009114.jpg,6,Young
img008385.jpg,star/stargan/Young/img008385.jpg,6,Young
img009837.jpg,star/stargan/Young/img009837.jpg,6,Young
img009322.jpg,star/stargan/Young/img009322.jpg,6,Young
img009596.jpg,star/stargan/Young/img009596.jpg,6,Young
img009626.jpg,star/stargan/Young/img009626.jpg,6,Young
img009365.jpg,star/stargan/Young/img009365.jpg,6,Young
img008808.jpg,star/stargan/Young/img008808.jpg,6,Young
img008304.jpg,star/stargan/Young/img008304.jpg,6,Young
img008973.jpg,star/stargan/Young/img008973.jpg,6,Young
img009225.jpg,star/stargan/Young/img009225.jpg,6,Young
img009052.jpg,star/stargan/Young/img009052.jpg,6,Young
img008742.jpg,star/stargan/Young/img008742.jpg,6,Young
img008044.jpg,star/stargan/Young/img008044.jpg,6,Young
img008535.jpg,star/stargan/Young/img008535.jpg,6,Young
img008350.jpg,star/stargan/Young/img008350.jpg,6,Young
img009194.jpg,star/stargan/Young/img009194.jpg,6,Young
img009684.jpg,star/stargan/Young/img009684.jpg,6,Young
img009584.jpg,star/stargan/Young/img009584.jpg,6,Young
img008862.jpg,star/stargan/Young/img008862.jpg,6,Young
img008079.jpg,star/stargan/Young/img008079.jpg,6,Young
img009895.jpg,star/stargan/Young/img009895.jpg,6,Young
img008864.jpg,star/stargan/Young/img008864.jpg,6,Young
img008486.jpg,star/stargan/Young/img008486.jpg,6,Young
img009657.jpg,star/stargan/Young/img009657.jpg,6,Young
img009321.jpg,star/stargan/Young/img009321.jpg,6,Young
img009963.jpg,star/stargan/Young/img009963.jpg,6,Young
img008360.jpg,star/stargan/Young/img008360.jpg,6,Young
img009273.jpg,star/stargan/Young/img009273.jpg,6,Young
img009382.jpg,star/stargan/Young/img009382.jpg,6,Young
img009720.jpg,star/stargan/Young/img009720.jpg,6,Young
img009050.jpg,star/stargan/Young/img009050.jpg,6,Young
img009988.jpg,star/stargan/Young/img009988.jpg,6,Young
img009024.jpg,star/stargan/Young/img009024.jpg,6,Young
img009638.jpg,star/stargan/Young/img009638.jpg,6,Young
img008158.jpg,star/stargan/Young/img008158.jpg,6,Young
img008801.jpg,star/stargan/Young/img008801.jpg,6,Young
img008879.jpg,star/stargan/Young/img008879.jpg,6,Young
img009429.jpg,star/stargan/Young/img009429.jpg,6,Young
img008697.jpg,star/stargan/Young/img008697.jpg,6,Young
img008144.jpg,star/stargan/Young/img008144.jpg,6,Young
img009688.jpg,star/stargan/Young/img009688.jpg,6,Young
img008290.jpg,star/stargan/Young/img008290.jpg,6,Young
img008515.jpg,star/stargan/Young/img008515.jpg,6,Young
img009762.jpg,star/stargan/Young/img009762.jpg,6,Young
img009257.jpg,star/stargan/Young/img009257.jpg,6,Young
img009664.jpg,star/stargan/Young/img009664.jpg,6,Young
img008499.jpg,star/stargan/Young/img008499.jpg,6,Young
img008567.jpg,star/stargan/Young/img008567.jpg,6,Young
img008264.jpg,star/stargan/Young/img008264.jpg,6,Young
img009726.jpg,star/stargan/Young/img009726.jpg,6,Young
img008716.jpg,star/stargan/Young/img008716.jpg,6,Young
img008095.jpg,star/stargan/Young/img008095.jpg,6,Young
img008502.jpg,star/stargan/Young/img008502.jpg,6,Young
img008880.jpg,star/stargan/Young/img008880.jpg,6,Young
img008577.jpg,star/stargan/Young/img008577.jpg,6,Young
img009020.jpg,star/stargan/Young/img009020.jpg,6,Young
img009587.jpg,star/stargan/Young/img009587.jpg,6,Young
img009042.jpg,star/stargan/Young/img009042.jpg,6,Young
img008749.jpg,star/stargan/Young/img008749.jpg,6,Young
img009263.jpg,star/stargan/Young/img009263.jpg,6,Young
img008621.jpg,star/stargan/Young/img008621.jpg,6,Young
img009820.jpg,star/stargan/Young/img009820.jpg,6,Young
img008529.jpg,star/stargan/Young/img008529.jpg,6,Young
img008623.jpg,star/stargan/Young/img008623.jpg,6,Young
img008402.jpg,star/stargan/Young/img008402.jpg,6,Young
img009444.jpg,star/stargan/Young/img009444.jpg,6,Young
img009971.jpg,star/stargan/Young/img009971.jpg,6,Young
img009152.jpg,star/stargan/Young/img009152.jpg,6,Young
img008744.jpg,star/stargan/Young/img008744.jpg,6,Young
img009101.jpg,star/stargan/Young/img009101.jpg,6,Young
img009905.jpg,star/stargan/Young/img009905.jpg,6,Young
img009371.jpg,star/stargan/Young/img009371.jpg,6,Young
img009781.jpg,star/stargan/Young/img009781.jpg,6,Young
img008855.jpg,star/stargan/Young/img008855.jpg,6,Young
img008000.jpg,star/stargan/Young/img008000.jpg,6,Young
img009139.jpg,star/stargan/Young/img009139.jpg,6,Young
img008683.jpg,star/stargan/Young/img008683.jpg,6,Young
img009062.jpg,star/stargan/Young/img009062.jpg,6,Young
img009763.jpg,star/stargan/Young/img009763.jpg,6,Young
img009667.jpg,star/stargan/Young/img009667.jpg,6,Young
img008015.jpg,star/stargan/Young/img008015.jpg,6,Young
img008650.jpg,star/stargan/Young/img008650.jpg,6,Young
img008601.jpg,star/stargan/Young/img008601.jpg,6,Young
img009003.jpg,star/stargan/Young/img009003.jpg,6,Young
img008941.jpg,star/stargan/Young/img008941.jpg,6,Young
img008959.jpg,star/stargan/Young/img008959.jpg,6,Young
img009372.jpg,star/stargan/Young/img009372.jpg,6,Young
img009562.jpg,star/stargan/Young/img009562.jpg,6,Young
img008903.jpg,star/stargan/Young/img008903.jpg,6,Young
img009198.jpg,star/stargan/Young/img009198.jpg,6,Young
img009291.jpg,star/stargan/Young/img009291.jpg,6,Young
img008200.jpg,star/stargan/Young/img008200.jpg,6,Young
img008616.jpg,star/stargan/Young/img008616.jpg,6,Young
img009035.jpg,star/stargan/Young/img009035.jpg,6,Young
img008946.jpg,star/stargan/Young/img008946.jpg,6,Young
img009771.jpg,star/stargan/Young/img009771.jpg,6,Young
img009401.jpg,star/stargan/Young/img009401.jpg,6,Young
img009413.jpg,star/stargan/Young/img009413.jpg,6,Young
img008477.jpg,star/stargan/Young/img008477.jpg,6,Young
img009214.jpg,star/stargan/Young/img009214.jpg,6,Young
img008574.jpg,star/stargan/Young/img008574.jpg,6,Young
img008183.jpg,star/stargan/Young/img008183.jpg,6,Young
img009738.jpg,star/stargan/Young/img009738.jpg,6,Young
img009248.jpg,star/stargan/Young/img009248.jpg,6,Young
img009302.jpg,star/stargan/Young/img009302.jpg,6,Young
img008584.jpg,star/stargan/Young/img008584.jpg,6,Young
img008624.jpg,star/stargan/Young/img008624.jpg,6,Young
img008985.jpg,star/stargan/Young/img008985.jpg,6,Young
img009634.jpg,star/stargan/Young/img009634.jpg,6,Young
img008378.jpg,star/stargan/Young/img008378.jpg,6,Young
img009190.jpg,star/stargan/Young/img009190.jpg,6,Young
img009719.jpg,star/stargan/Young/img009719.jpg,6,Young
img009663.jpg,star/stargan/Young/img009663.jpg,6,Young
img009627.jpg,star/stargan/Young/img009627.jpg,6,Young
img008564.jpg,star/stargan/Young/img008564.jpg,6,Young
img009848.jpg,star/stargan/Young/img009848.jpg,6,Young
img008536.jpg,star/stargan/Young/img008536.jpg,6,Young
img008053.jpg,star/stargan/Young/img008053.jpg,6,Young
img009788.jpg,star/stargan/Young/img009788.jpg,6,Young
img008175.jpg,star/stargan/Young/img008175.jpg,6,Young
img008242.jpg,star/stargan/Young/img008242.jpg,6,Young
img009458.jpg,star/stargan/Young/img009458.jpg,6,Young
img008390.jpg,star/stargan/Young/img008390.jpg,6,Young
img008466.jpg,star/stargan/Young/img008466.jpg,6,Young
img008048.jpg,star/stargan/Young/img008048.jpg,6,Young
img009083.jpg,star/stargan/Young/img009083.jpg,6,Young
img009525.jpg,star/stargan/Young/img009525.jpg,6,Young
img008806.jpg,star/stargan/Young/img008806.jpg,6,Young
img009410.jpg,star/stargan/Young/img009410.jpg,6,Young
img008131.jpg,star/stargan/Young/img008131.jpg,6,Young
img008854.jpg,star/stargan/Young/img008854.jpg,6,Young
img008681.jpg,star/stargan/Young/img008681.jpg,6,Young
img009037.jpg,star/stargan/Young/img009037.jpg,6,Young
img008157.jpg,star/stargan/Young/img008157.jpg,6,Young
img009538.jpg,star/stargan/Young/img009538.jpg,6,Young
img009906.jpg,star/stargan/Young/img009906.jpg,6,Young
img008710.jpg,star/stargan/Young/img008710.jpg,6,Young
img009330.jpg,star/stargan/Young/img009330.jpg,6,Young
img009057.jpg,star/stargan/Young/img009057.jpg,6,Young
img008943.jpg,star/stargan/Young/img008943.jpg,6,Young
img008058.jpg,star/stargan/Young/img008058.jpg,6,Young
img008267.jpg,star/stargan/Young/img008267.jpg,6,Young
img008120.jpg,star/stargan/Young/img008120.jpg,6,Young
img008111.jpg,star/stargan/Young/img008111.jpg,6,Young
img009427.jpg,star/stargan/Young/img009427.jpg,6,Young
img009144.jpg,star/stargan/Young/img009144.jpg,6,Young
img009777.jpg,star/stargan/Young/img009777.jpg,6,Young
img009583.jpg,star/stargan/Young/img009583.jpg,6,Young
img009577.jpg,star/stargan/Young/img009577.jpg,6,Young
img008359.jpg,star/stargan/Young/img008359.jpg,6,Young
img009959.jpg,star/stargan/Young/img009959.jpg,6,Young
img009994.jpg,star/stargan/Young/img009994.jpg,6,Young
img008335.jpg,star/stargan/Young/img008335.jpg,6,Young
img009187.jpg,star/stargan/Young/img009187.jpg,6,Young
img008659.jpg,star/stargan/Young/img008659.jpg,6,Young
img008377.jpg,star/stargan/Young/img008377.jpg,6,Young
img009707.jpg,star/stargan/Young/img009707.jpg,6,Young
img009982.jpg,star/stargan/Young/img009982.jpg,6,Young
img008840.jpg,star/stargan/Young/img008840.jpg,6,Young
img008741.jpg,star/stargan/Young/img008741.jpg,6,Young
img009247.jpg,star/stargan/Young/img009247.jpg,6,Young
img009392.jpg,star/stargan/Young/img009392.jpg,6,Young
img009527.jpg,star/stargan/Young/img009527.jpg,6,Young
img008225.jpg,star/stargan/Young/img008225.jpg,6,Young
img008691.jpg,star/stargan/Young/img008691.jpg,6,Young
img009285.jpg,star/stargan/Young/img009285.jpg,6,Young
img008884.jpg,star/stargan/Young/img008884.jpg,6,Young
img008501.jpg,star/stargan/Young/img008501.jpg,6,Young
img008376.jpg,star/stargan/Young/img008376.jpg,6,Young
img008869.jpg,star/stargan/Young/img008869.jpg,6,Young
img008524.jpg,star/stargan/Young/img008524.jpg,6,Young
img008559.jpg,star/stargan/Young/img008559.jpg,6,Young
img009182.jpg,star/stargan/Young/img009182.jpg,6,Young
img009253.jpg,star/stargan/Young/img009253.jpg,6,Young
img009478.jpg,star/stargan/Young/img009478.jpg,6,Young
img008615.jpg,star/stargan/Young/img008615.jpg,6,Young
img009949.jpg,star/stargan/Young/img009949.jpg,6,Young
img009778.jpg,star/stargan/Young/img009778.jpg,6,Young
img009274.jpg,star/stargan/Young/img009274.jpg,6,Young
img008890.jpg,star/stargan/Young/img008890.jpg,6,Young
img009406.jpg,star/stargan/Young/img009406.jpg,6,Young
img009699.jpg,star/stargan/Young/img009699.jpg,6,Young
img008138.jpg,star/stargan/Young/img008138.jpg,6,Young
img009005.jpg,star/stargan/Young/img009005.jpg,6,Young
img008878.jpg,star/stargan/Young/img008878.jpg,6,Young
img009117.jpg,star/stargan/Young/img009117.jpg,6,Young
img009736.jpg,star/stargan/Young/img009736.jpg,6,Young
img008166.jpg,star/stargan/Young/img008166.jpg,6,Young
img009116.jpg,star/stargan/Young/img009116.jpg,6,Young
img009642.jpg,star/stargan/Young/img009642.jpg,6,Young
img008773.jpg,star/stargan/Young/img008773.jpg,6,Young
img009844.jpg,star/stargan/Young/img009844.jpg,6,Young
img008732.jpg,star/stargan/Young/img008732.jpg,6,Young
img008465.jpg,star/stargan/Young/img008465.jpg,6,Young
img008041.jpg,star/stargan/Young/img008041.jpg,6,Young
img008316.jpg,star/stargan/Young/img008316.jpg,6,Young
img009717.jpg,star/stargan/Young/img009717.jpg,6,Young
img008629.jpg,star/stargan/Young/img008629.jpg,6,Young
img009038.jpg,star/stargan/Young/img009038.jpg,6,Young
img008972.jpg,star/stargan/Young/img008972.jpg,6,Young
img008512.jpg,star/stargan/Young/img008512.jpg,6,Young
img008386.jpg,star/stargan/Young/img008386.jpg,6,Young
img009773.jpg,star/stargan/Young/img009773.jpg,6,Young
img009966.jpg,star/stargan/Young/img009966.jpg,6,Young
img009920.jpg,star/stargan/Young/img009920.jpg,6,Young
img009644.jpg,star/stargan/Young/img009644.jpg,6,Young
img009346.jpg,star/stargan/Young/img009346.jpg,6,Young
img008852.jpg,star/stargan/Young/img008852.jpg,6,Young
img008032.jpg,star/stargan/Young/img008032.jpg,6,Young
img008379.jpg,star/stargan/Young/img008379.jpg,6,Young
img008215.jpg,star/stargan/Young/img008215.jpg,6,Young
img009646.jpg,star/stargan/Young/img009646.jpg,6,Young
img008548.jpg,star/stargan/Young/img008548.jpg,6,Young
img009558.jpg,star/stargan/Young/img009558.jpg,6,Young
img008670.jpg,star/stargan/Young/img008670.jpg,6,Young
img009940.jpg,star/stargan/Young/img009940.jpg,6,Young
img008523.jpg,star/stargan/Young/img008523.jpg,6,Young
img008413.jpg,star/stargan/Young/img008413.jpg,6,Young
img009972.jpg,star/stargan/Young/img009972.jpg,6,Young
img008784.jpg,star/stargan/Young/img008784.jpg,6,Young
img008511.jpg,star/stargan/Young/img008511.jpg,6,Young
img008201.jpg,star/stargan/Young/img008201.jpg,6,Young
img009519.jpg,star/stargan/Young/img009519.jpg,6,Young
img008239.jpg,star/stargan/Young/img008239.jpg,6,Young
img009913.jpg,star/stargan/Young/img009913.jpg,6,Young
img009333.jpg,star/stargan/Young/img009333.jpg,6,Young
img009901.jpg,star/stargan/Young/img009901.jpg,6,Young
img008571.jpg,star/stargan/Young/img008571.jpg,6,Young
img008674.jpg,star/stargan/Young/img008674.jpg,6,Young
img009476.jpg,star/stargan/Young/img009476.jpg,6,Young
img008923.jpg,star/stargan/Young/img008923.jpg,6,Young
img009132.jpg,star/stargan/Young/img009132.jpg,6,Young
img009080.jpg,star/stargan/Young/img009080.jpg,6,Young
img009976.jpg,star/stargan/Young/img009976.jpg,6,Young
img008671.jpg,star/stargan/Young/img008671.jpg,6,Young
img008156.jpg,star/stargan/Young/img008156.jpg,6,Young
img009290.jpg,star/stargan/Young/img009290.jpg,6,Young
img009106.jpg,star/stargan/Young/img009106.jpg,6,Young
img008607.jpg,star/stargan/Young/img008607.jpg,6,Young
img009516.jpg,star/stargan/Young/img009516.jpg,6,Young
img009204.jpg,star/stargan/Young/img009204.jpg,6,Young
img009021.jpg,star/stargan/Young/img009021.jpg,6,Young
img008971.jpg,star/stargan/Young/img008971.jpg,6,Young
img009272.jpg,star/stargan/Young/img009272.jpg,6,Young
img009033.jpg,star/stargan/Young/img009033.jpg,6,Young
img008351.jpg,star/stargan/Young/img008351.jpg,6,Young
img008194.jpg,star/stargan/Young/img008194.jpg,6,Young
img008633.jpg,star/stargan/Young/img008633.jpg,6,Young
img008401.jpg,star/stargan/Young/img008401.jpg,6,Young
img009883.jpg,star/stargan/Young/img009883.jpg,6,Young
img008228.jpg,star/stargan/Young/img008228.jpg,6,Young
img009222.jpg,star/stargan/Young/img009222.jpg,6,Young
img008463.jpg,star/stargan/Young/img008463.jpg,6,Young
img009878.jpg,star/stargan/Young/img009878.jpg,6,Young
img008263.jpg,star/stargan/Young/img008263.jpg,6,Young
img009580.jpg,star/stargan/Young/img009580.jpg,6,Young
img009381.jpg,star/stargan/Young/img009381.jpg,6,Young
img008230.jpg,star/stargan/Young/img008230.jpg,6,Young
img009317.jpg,star/stargan/Young/img009317.jpg,6,Young
img009951.jpg,star/stargan/Young/img009951.jpg,6,Young
img008910.jpg,star/stargan/Young/img008910.jpg,6,Young
img009783.jpg,star/stargan/Young/img009783.jpg,6,Young
img008439.jpg,star/stargan/Young/img008439.jpg,6,Young
img008688.jpg,star/stargan/Young/img008688.jpg,6,Young
img008456.jpg,star/stargan/Young/img008456.jpg,6,Young
img008334.jpg,star/stargan/Young/img008334.jpg,6,Young
img009409.jpg,star/stargan/Young/img009409.jpg,6,Young
img009877.jpg,star/stargan/Young/img009877.jpg,6,Young
img008775.jpg,star/stargan/Young/img008775.jpg,6,Young
img008663.jpg,star/stargan/Young/img008663.jpg,6,Young
img009275.jpg,star/stargan/Young/img009275.jpg,6,Young
img008140.jpg,star/stargan/Young/img008140.jpg,6,Young
img008541.jpg,star/stargan/Young/img008541.jpg,6,Young
img009969.jpg,star/stargan/Young/img009969.jpg,6,Young
img009349.jpg,star/stargan/Young/img009349.jpg,6,Young
img008293.jpg,star/stargan/Young/img008293.jpg,6,Young
img008088.jpg,star/stargan/Young/img008088.jpg,6,Young
img009986.jpg,star/stargan/Young/img009986.jpg,6,Young
img008294.jpg,star/stargan/Young/img008294.jpg,6,Young
img009318.jpg,star/stargan/Young/img009318.jpg,6,Young
img008467.jpg,star/stargan/Young/img008467.jpg,6,Young
img008628.jpg,star/stargan/Young/img008628.jpg,6,Young
img008517.jpg,star/stargan/Young/img008517.jpg,6,Young
img009399.jpg,star/stargan/Young/img009399.jpg,6,Young
img009018.jpg,star/stargan/Young/img009018.jpg,6,Young
img009937.jpg,star/stargan/Young/img009937.jpg,6,Young
img008455.jpg,star/stargan/Young/img008455.jpg,6,Young
img008785.jpg,star/stargan/Young/img008785.jpg,6,Young
img009324.jpg,star/stargan/Young/img009324.jpg,6,Young
img008514.jpg,star/stargan/Young/img008514.jpg,6,Young
img008038.jpg,star/stargan/Young/img008038.jpg,6,Young
img008479.jpg,star/stargan/Young/img008479.jpg,6,Young
img008916.jpg,star/stargan/Young/img008916.jpg,6,Young
img009366.jpg,star/stargan/Young/img009366.jpg,6,Young
img008873.jpg,star/stargan/Young/img008873.jpg,6,Young
img008600.jpg,star/stargan/Young/img008600.jpg,6,Young
img009964.jpg,star/stargan/Young/img009964.jpg,6,Young
img008694.jpg,star/stargan/Young/img008694.jpg,6,Young
img009280.jpg,star/stargan/Young/img009280.jpg,6,Young
img008037.jpg,star/stargan/Young/img008037.jpg,6,Young
img008891.jpg,star/stargan/Young/img008891.jpg,6,Young
img009254.jpg,star/stargan/Young/img009254.jpg,6,Young
img008067.jpg,star/stargan/Young/img008067.jpg,6,Young
img009297.jpg,star/stargan/Young/img009297.jpg,6,Young
img008816.jpg,star/stargan/Young/img008816.jpg,6,Young
img009351.jpg,star/stargan/Young/img009351.jpg,6,Young
img009677.jpg,star/stargan/Young/img009677.jpg,6,Young
img008582.jpg,star/stargan/Young/img008582.jpg,6,Young
img008256.jpg,star/stargan/Young/img008256.jpg,6,Young
img008435.jpg,star/stargan/Young/img008435.jpg,6,Young
img009721.jpg,star/stargan/Young/img009721.jpg,6,Young
img008953.jpg,star/stargan/Young/img008953.jpg,6,Young
img009991.jpg,star/stargan/Young/img009991.jpg,6,Young
img008473.jpg,star/stargan/Young/img008473.jpg,6,Young
img009032.jpg,star/stargan/Young/img009032.jpg,6,Young
img008827.jpg,star/stargan/Young/img008827.jpg,6,Young
img008216.jpg,star/stargan/Young/img008216.jpg,6,Young
img009133.jpg,star/stargan/Young/img009133.jpg,6,Young
img009931.jpg,star/stargan/Young/img009931.jpg,6,Young
img008874.jpg,star/stargan/Young/img008874.jpg,6,Young
img009328.jpg,star/stargan/Young/img009328.jpg,6,Young
img008530.jpg,star/stargan/Young/img008530.jpg,6,Young
img009013.jpg,star/stargan/Young/img009013.jpg,6,Young
img009172.jpg,star/stargan/Young/img009172.jpg,6,Young
img008003.jpg,star/stargan/Young/img008003.jpg,6,Young
img008516.jpg,star/stargan/Young/img008516.jpg,6,Young
img009423.jpg,star/stargan/Young/img009423.jpg,6,Young
img008356.jpg,star/stargan/Young/img008356.jpg,6,Young
img008190.jpg,star/stargan/Young/img008190.jpg,6,Young
img009459.jpg,star/stargan/Young/img009459.jpg,6,Young
img009171.jpg,star/stargan/Young/img009171.jpg,6,Young
img009827.jpg,star/stargan/Young/img009827.jpg,6,Young
img008332.jpg,star/stargan/Young/img008332.jpg,6,Young
img008298.jpg,star/stargan/Young/img008298.jpg,6,Young
img008798.jpg,star/stargan/Young/img008798.jpg,6,Young
img009795.jpg,star/stargan/Young/img009795.jpg,6,Young
img009865.jpg,star/stargan/Young/img009865.jpg,6,Young
img008945.jpg,star/stargan/Young/img008945.jpg,6,Young
img008940.jpg,star/stargan/Young/img008940.jpg,6,Young
img008487.jpg,star/stargan/Young/img008487.jpg,6,Young
img008437.jpg,star/stargan/Young/img008437.jpg,6,Young
img008060.jpg,star/stargan/Young/img008060.jpg,6,Young
img008987.jpg,star/stargan/Young/img008987.jpg,6,Young
img009097.jpg,star/stargan/Young/img009097.jpg,6,Young
img009916.jpg,star/stargan/Young/img009916.jpg,6,Young
img009077.jpg,star/stargan/Young/img009077.jpg,6,Young
img009063.jpg,star/stargan/Young/img009063.jpg,6,Young
img008546.jpg,star/stargan/Young/img008546.jpg,6,Young
img008981.jpg,star/stargan/Young/img008981.jpg,6,Young
img008066.jpg,star/stargan/Young/img008066.jpg,6,Young
img008752.jpg,star/stargan/Young/img008752.jpg,6,Young
img008858.jpg,star/stargan/Young/img008858.jpg,6,Young
img009705.jpg,star/stargan/Young/img009705.jpg,6,Young
img009979.jpg,star/stargan/Young/img009979.jpg,6,Young
img009661.jpg,star/stargan/Young/img009661.jpg,6,Young
img008586.jpg,star/stargan/Young/img008586.jpg,6,Young
img009126.jpg,star/stargan/Young/img009126.jpg,6,Young
img008638.jpg,star/stargan/Young/img008638.jpg,6,Young
img009722.jpg,star/stargan/Young/img009722.jpg,6,Young
img008719.jpg,star/stargan/Young/img008719.jpg,6,Young
img008631.jpg,star/stargan/Young/img008631.jpg,6,Young
img008555.jpg,star/stargan/Young/img008555.jpg,6,Young
img008311.jpg,star/stargan/Young/img008311.jpg,6,Young
img009068.jpg,star/stargan/Young/img009068.jpg,6,Young
img009912.jpg,star/stargan/Young/img009912.jpg,6,Young
img009485.jpg,star/stargan/Young/img009485.jpg,6,Young
img009681.jpg,star/stargan/Young/img009681.jpg,6,Young
img008951.jpg,star/stargan/Young/img008951.jpg,6,Young
img008419.jpg,star/stargan/Young/img008419.jpg,6,Young
img008767.jpg,star/stargan/Young/img008767.jpg,6,Young
img008519.jpg,star/stargan/Young/img008519.jpg,6,Young
img009452.jpg,star/stargan/Young/img009452.jpg,6,Young
img009242.jpg,star/stargan/Young/img009242.jpg,6,Young
img009202.jpg,star/stargan/Young/img009202.jpg,6,Young
img008758.jpg,star/stargan/Young/img008758.jpg,6,Young
img008795.jpg,star/stargan/Young/img008795.jpg,6,Young
img009439.jpg,star/stargan/Young/img009439.jpg,6,Young
img008782.jpg,star/stargan/Young/img008782.jpg,6,Young
img008420.jpg,star/stargan/Young/img008420.jpg,6,Young
img009542.jpg,star/stargan/Young/img009542.jpg,6,Young
img009059.jpg,star/stargan/Young/img009059.jpg,6,Young
img008357.jpg,star/stargan/Young/img008357.jpg,6,Young
img008587.jpg,star/stargan/Young/img008587.jpg,6,Young
img008285.jpg,star/stargan/Young/img008285.jpg,6,Young
img008438.jpg,star/stargan/Young/img008438.jpg,6,Young
img008137.jpg,star/stargan/Young/img008137.jpg,6,Young
img008939.jpg,star/stargan/Young/img008939.jpg,6,Young
img009000.jpg,star/stargan/Young/img009000.jpg,6,Young
img008116.jpg,star/stargan/Young/img008116.jpg,6,Young
img008036.jpg,star/stargan/Young/img008036.jpg,6,Young
img008387.jpg,star/stargan/Young/img008387.jpg,6,Young
img008054.jpg,star/stargan/Young/img008054.jpg,6,Young
img009658.jpg,star/stargan/Young/img009658.jpg,6,Young
img009579.jpg,star/stargan/Young/img009579.jpg,6,Young
img008780.jpg,star/stargan/Young/img008780.jpg,6,Young
img009689.jpg,star/stargan/Young/img009689.jpg,6,Young
img009425.jpg,star/stargan/Young/img009425.jpg,6,Young
img009314.jpg,star/stargan/Young/img009314.jpg,6,Young
img008866.jpg,star/stargan/Young/img008866.jpg,6,Young
img009850.jpg,star/stargan/Young/img009850.jpg,6,Young
img009411.jpg,star/stargan/Young/img009411.jpg,6,Young
img009639.jpg,star/stargan/Young/img009639.jpg,6,Young
img008592.jpg,star/stargan/Young/img008592.jpg,6,Young
img008099.jpg,star/stargan/Young/img008099.jpg,6,Young
img008583.jpg,star/stargan/Young/img008583.jpg,6,Young
img009939.jpg,star/stargan/Young/img009939.jpg,6,Young
img009230.jpg,star/stargan/Young/img009230.jpg,6,Young
img008994.jpg,star/stargan/Young/img008994.jpg,6,Young
img009256.jpg,star/stargan/Young/img009256.jpg,6,Young
img009882.jpg,star/stargan/Young/img009882.jpg,6,Young
img008718.jpg,star/stargan/Young/img008718.jpg,6,Young
img009887.jpg,star/stargan/Young/img009887.jpg,6,Young
img008208.jpg,star/stargan/Young/img008208.jpg,6,Young
img008021.jpg,star/stargan/Young/img008021.jpg,6,Young
img009494.jpg,star/stargan/Young/img009494.jpg,6,Young
img008411.jpg,star/stargan/Young/img008411.jpg,6,Young
img009073.jpg,star/stargan/Young/img009073.jpg,6,Young
img009269.jpg,star/stargan/Young/img009269.jpg,6,Young
img009212.jpg,star/stargan/Young/img009212.jpg,6,Young
img009670.jpg,star/stargan/Young/img009670.jpg,6,Young
img008271.jpg,star/stargan/Young/img008271.jpg,6,Young
img009714.jpg,star/stargan/Young/img009714.jpg,6,Young
img008247.jpg,star/stargan/Young/img008247.jpg,6,Young
img008007.jpg,star/stargan/Young/img008007.jpg,6,Young
img008231.jpg,star/stargan/Young/img008231.jpg,6,Young
img008818.jpg,star/stargan/Young/img008818.jpg,6,Young
img009863.jpg,star/stargan/Young/img009863.jpg,6,Young
img009451.jpg,star/stargan/Young/img009451.jpg,6,Young
img009567.jpg,star/stargan/Young/img009567.jpg,6,Young
img009611.jpg,star/stargan/Young/img009611.jpg,6,Young
img008756.jpg,star/stargan/Young/img008756.jpg,6,Young
img008105.jpg,star/stargan/Young/img008105.jpg,6,Young
img009262.jpg,star/stargan/Young/img009262.jpg,6,Young
img009956.jpg,star/stargan/Young/img009956.jpg,6,Young
img009397.jpg,star/stargan/Young/img009397.jpg,6,Young
img009904.jpg,star/stargan/Young/img009904.jpg,6,Young
img008754.jpg,star/stargan/Young/img008754.jpg,6,Young
img008371.jpg,star/stargan/Young/img008371.jpg,6,Young
img008082.jpg,star/stargan/Young/img008082.jpg,6,Young
img008562.jpg,star/stargan/Young/img008562.jpg,6,Young
img008644.jpg,star/stargan/Young/img008644.jpg,6,Young
img008197.jpg,star/stargan/Young/img008197.jpg,6,Young
img009395.jpg,star/stargan/Young/img009395.jpg,6,Young
img008521.jpg,star/stargan/Young/img008521.jpg,6,Young
img008783.jpg,star/stargan/Young/img008783.jpg,6,Young
img009709.jpg,star/stargan/Young/img009709.jpg,6,Young
img008457.jpg,star/stargan/Young/img008457.jpg,6,Young
img009375.jpg,star/stargan/Young/img009375.jpg,6,Young
img008595.jpg,star/stargan/Young/img008595.jpg,6,Young
img008049.jpg,star/stargan/Young/img008049.jpg,6,Young
img009281.jpg,star/stargan/Young/img009281.jpg,6,Young
img009177.jpg,star/stargan/Young/img009177.jpg,6,Young
img008397.jpg,star/stargan/Young/img008397.jpg,6,Young
img009167.jpg,star/stargan/Young/img009167.jpg,6,Young
img009597.jpg,star/stargan/Young/img009597.jpg,6,Young
img008851.jpg,star/stargan/Young/img008851.jpg,6,Young
img008023.jpg,star/stargan/Young/img008023.jpg,6,Young
img009547.jpg,star/stargan/Young/img009547.jpg,6,Young
img009039.jpg,star/stargan/Young/img009039.jpg,6,Young
img009004.jpg,star/stargan/Young/img009004.jpg,6,Young
img009607.jpg,star/stargan/Young/img009607.jpg,6,Young
img008589.jpg,star/stargan/Young/img008589.jpg,6,Young
img009215.jpg,star/stargan/Young/img009215.jpg,6,Young
img008159.jpg,star/stargan/Young/img008159.jpg,6,Young
img008485.jpg,star/stargan/Young/img008485.jpg,6,Young
img009833.jpg,star/stargan/Young/img009833.jpg,6,Young
img008793.jpg,star/stargan/Young/img008793.jpg,6,Young
img008901.jpg,star/stargan/Young/img008901.jpg,6,Young
img009088.jpg,star/stargan/Young/img009088.jpg,6,Young
img009479.jpg,star/stargan/Young/img009479.jpg,6,Young
img008085.jpg,star/stargan/Young/img008085.jpg,6,Young
img009320.jpg,star/stargan/Young/img009320.jpg,6,Young
img009070.jpg,star/stargan/Young/img009070.jpg,6,Young
img008713.jpg,star/stargan/Young/img008713.jpg,6,Young
img008936.jpg,star/stargan/Young/img008936.jpg,6,Young
img008102.jpg,star/stargan/Young/img008102.jpg,6,Young
img009645.jpg,star/stargan/Young/img009645.jpg,6,Young
img008154.jpg,star/stargan/Young/img008154.jpg,6,Young
img008100.jpg,star/stargan/Young/img008100.jpg,6,Young
img009819.jpg,star/stargan/Young/img009819.jpg,6,Young
img009161.jpg,star/stargan/Young/img009161.jpg,6,Young
img009617.jpg,star/stargan/Young/img009617.jpg,6,Young
img009426.jpg,star/stargan/Young/img009426.jpg,6,Young
img008508.jpg,star/stargan/Young/img008508.jpg,6,Young
img009388.jpg,star/stargan/Young/img009388.jpg,6,Young
img009936.jpg,star/stargan/Young/img009936.jpg,6,Young
img008988.jpg,star/stargan/Young/img008988.jpg,6,Young
img008984.jpg,star/stargan/Young/img008984.jpg,6,Young
img009040.jpg,star/stargan/Young/img009040.jpg,6,Young
img009960.jpg,star/stargan/Young/img009960.jpg,6,Young
img009802.jpg,star/stargan/Young/img009802.jpg,6,Young
img009529.jpg,star/stargan/Young/img009529.jpg,6,Young
img008725.jpg,star/stargan/Young/img008725.jpg,6,Young
img008992.jpg,star/stargan/Young/img008992.jpg,6,Young
img009313.jpg,star/stargan/Young/img009313.jpg,6,Young
img009112.jpg,star/stargan/Young/img009112.jpg,6,Young
img008143.jpg,star/stargan/Young/img008143.jpg,6,Young
img009495.jpg,star/stargan/Young/img009495.jpg,6,Young
img009053.jpg,star/stargan/Young/img009053.jpg,6,Young
img008722.jpg,star/stargan/Young/img008722.jpg,6,Young
img008569.jpg,star/stargan/Young/img008569.jpg,6,Young
img008881.jpg,star/stargan/Young/img008881.jpg,6,Young
img008599.jpg,star/stargan/Young/img008599.jpg,6,Young
img009821.jpg,star/stargan/Young/img009821.jpg,6,Young
img008711.jpg,star/stargan/Young/img008711.jpg,6,Young
img008637.jpg,star/stargan/Young/img008637.jpg,6,Young
img008863.jpg,star/stargan/Young/img008863.jpg,6,Young
img009233.jpg,star/stargan/Young/img009233.jpg,6,Young
img009828.jpg,star/stargan/Young/img009828.jpg,6,Young
img009934.jpg,star/stargan/Young/img009934.jpg,6,Young
img009854.jpg,star/stargan/Young/img009854.jpg,6,Young
img008553.jpg,star/stargan/Young/img008553.jpg,6,Young
img008942.jpg,star/stargan/Young/img008942.jpg,6,Young
img008647.jpg,star/stargan/Young/img008647.jpg,6,Young
img008980.jpg,star/stargan/Young/img008980.jpg,6,Young
img008991.jpg,star/stargan/Young/img008991.jpg,6,Young
img009615.jpg,star/stargan/Young/img009615.jpg,6,Young
img009822.jpg,star/stargan/Young/img009822.jpg,6,Young
img008734.jpg,star/stargan/Young/img008734.jpg,6,Young
img008062.jpg,star/stargan/Young/img008062.jpg,6,Young
img009623.jpg,star/stargan/Young/img009623.jpg,6,Young
img008645.jpg,star/stargan/Young/img008645.jpg,6,Young
img008077.jpg,star/stargan/Young/img008077.jpg,6,Young
img009723.jpg,star/stargan/Young/img009723.jpg,6,Young
img009357.jpg,star/stargan/Young/img009357.jpg,6,Young
img009092.jpg,star/stargan/Young/img009092.jpg,6,Young
img009299.jpg,star/stargan/Young/img009299.jpg,6,Young
img009702.jpg,star/stargan/Young/img009702.jpg,6,Young
img009701.jpg,star/stargan/Young/img009701.jpg,6,Young
img009545.jpg,star/stargan/Young/img009545.jpg,6,Young
img008425.jpg,star/stargan/Young/img008425.jpg,6,Young
img008441.jpg,star/stargan/Young/img008441.jpg,6,Young
img009725.jpg,star/stargan/Young/img009725.jpg,6,Young
img009028.jpg,star/stargan/Young/img009028.jpg,6,Young
img009470.jpg,star/stargan/Young/img009470.jpg,6,Young
img009553.jpg,star/stargan/Young/img009553.jpg,6,Young
img009387.jpg,star/stargan/Young/img009387.jpg,6,Young
img009310.jpg,star/stargan/Young/img009310.jpg,6,Young
img009436.jpg,star/stargan/Young/img009436.jpg,6,Young
img008687.jpg,star/stargan/Young/img008687.jpg,6,Young
img009706.jpg,star/stargan/Young/img009706.jpg,6,Young
img009554.jpg,star/stargan/Young/img009554.jpg,6,Young
img009803.jpg,star/stargan/Young/img009803.jpg,6,Young
img008504.jpg,star/stargan/Young/img008504.jpg,6,Young
img009025.jpg,star/stargan/Young/img009025.jpg,6,Young
img008651.jpg,star/stargan/Young/img008651.jpg,6,Young
img008418.jpg,star/stargan/Young/img008418.jpg,6,Young
img008318.jpg,star/stargan/Young/img008318.jpg,6,Young
img009078.jpg,star/stargan/Young/img009078.jpg,6,Young
img009582.jpg,star/stargan/Young/img009582.jpg,6,Young
img009864.jpg,star/stargan/Young/img009864.jpg,6,Young
img008622.jpg,star/stargan/Young/img008622.jpg,6,Young
img008289.jpg,star/stargan/Young/img008289.jpg,6,Young
img008449.jpg,star/stargan/Young/img008449.jpg,6,Young
img009968.jpg,star/stargan/Young/img009968.jpg,6,Young
img009360.jpg,star/stargan/Young/img009360.jpg,6,Young
img009339.jpg,star/stargan/Young/img009339.jpg,6,Young
img009585.jpg,star/stargan/Young/img009585.jpg,6,Young
img008045.jpg,star/stargan/Young/img008045.jpg,6,Young
img009782.jpg,star/stargan/Young/img009782.jpg,6,Young
img008856.jpg,star/stargan/Young/img008856.jpg,6,Young
img009857.jpg,star/stargan/Young/img009857.jpg,6,Young
img009668.jpg,star/stargan/Young/img009668.jpg,6,Young
img008108.jpg,star/stargan/Young/img008108.jpg,6,Young
img008374.jpg,star/stargan/Young/img008374.jpg,6,Young
img009767.jpg,star/stargan/Young/img009767.jpg,6,Young
img009358.jpg,star/stargan/Young/img009358.jpg,6,Young
img008544.jpg,star/stargan/Young/img008544.jpg,6,Young
img008303.jpg,star/stargan/Young/img008303.jpg,6,Young
img008789.jpg,star/stargan/Young/img008789.jpg,6,Young
img009435.jpg,star/stargan/Young/img009435.jpg,6,Young
img009676.jpg,star/stargan/Young/img009676.jpg,6,Young
img008193.jpg,star/stargan/Young/img008193.jpg,6,Young
img008576.jpg,star/stargan/Young/img008576.jpg,6,Young
img009548.jpg,star/stargan/Young/img009548.jpg,6,Young
img009981.jpg,star/stargan/Young/img009981.jpg,6,Young
img008064.jpg,star/stargan/Young/img008064.jpg,6,Young
img009108.jpg,star/stargan/Young/img009108.jpg,6,Young
img009647.jpg,star/stargan/Young/img009647.jpg,6,Young
img008354.jpg,star/stargan/Young/img008354.jpg,6,Young
img008689.jpg,star/stargan/Young/img008689.jpg,6,Young
img008394.jpg,star/stargan/Young/img008394.jpg,6,Young
img009679.jpg,star/stargan/Young/img009679.jpg,6,Young
img009952.jpg,star/stargan/Young/img009952.jpg,6,Young
img008779.jpg,star/stargan/Young/img008779.jpg,6,Young
img008656.jpg,star/stargan/Young/img008656.jpg,6,Young
img009967.jpg,star/stargan/Young/img009967.jpg,6,Young
img009135.jpg,star/stargan/Young/img009135.jpg,6,Young
img009775.jpg,star/stargan/Young/img009775.jpg,6,Young
img009942.jpg,star/stargan/Young/img009942.jpg,6,Young
img009153.jpg,star/stargan/Young/img009153.jpg,6,Young
img009565.jpg,star/stargan/Young/img009565.jpg,6,Young
img008649.jpg,star/stargan/Young/img008649.jpg,6,Young
img009029.jpg,star/stargan/Young/img009029.jpg,6,Young
img009250.jpg,star/stargan/Young/img009250.jpg,6,Young
img008554.jpg,star/stargan/Young/img008554.jpg,6,Young
img009499.jpg,star/stargan/Young/img009499.jpg,6,Young
img009509.jpg,star/stargan/Young/img009509.jpg,6,Young
img008495.jpg,star/stargan/Young/img008495.jpg,6,Young
img009867.jpg,star/stargan/Young/img009867.jpg,6,Young
img009889.jpg,star/stargan/Young/img009889.jpg,6,Young
img008898.jpg,star/stargan/Young/img008898.jpg,6,Young
img009938.jpg,star/stargan/Young/img009938.jpg,6,Young
img009036.jpg,star/stargan/Young/img009036.jpg,6,Young
img008968.jpg,star/stargan/Young/img008968.jpg,6,Young
img009537.jpg,star/stargan/Young/img009537.jpg,6,Young
img008188.jpg,star/stargan/Young/img008188.jpg,6,Young
img009226.jpg,star/stargan/Young/img009226.jpg,6,Young
img008004.jpg,star/stargan/Young/img008004.jpg,6,Young
img009908.jpg,star/stargan/Young/img009908.jpg,6,Young
img009853.jpg,star/stargan/Young/img009853.jpg,6,Young
img009588.jpg,star/stargan/Young/img009588.jpg,6,Young
img008322.jpg,star/stargan/Young/img008322.jpg,6,Young
img008226.jpg,star/stargan/Young/img008226.jpg,6,Young
img009054.jpg,star/stargan/Young/img009054.jpg,6,Young
img009181.jpg,star/stargan/Young/img009181.jpg,6,Young
img009140.jpg,star/stargan/Young/img009140.jpg,6,Young
img008172.jpg,star/stargan/Young/img008172.jpg,6,Young
img008218.jpg,star/stargan/Young/img008218.jpg,6,Young
img009252.jpg,star/stargan/Young/img009252.jpg,6,Young
img009306.jpg,star/stargan/Young/img009306.jpg,6,Young
img009961.jpg,star/stargan/Young/img009961.jpg,6,Young
img009992.jpg,star/stargan/Young/img009992.jpg,6,Young
img008342.jpg,star/stargan/Young/img008342.jpg,6,Young
img008400.jpg,star/stargan/Young/img008400.jpg,6,Young
img009455.jpg,star/stargan/Young/img009455.jpg,6,Young
img009610.jpg,star/stargan/Young/img009610.jpg,6,Young
img008128.jpg,star/stargan/Young/img008128.jpg,6,Young
img008938.jpg,star/stargan/Young/img008938.jpg,6,Young
img009624.jpg,star/stargan/Young/img009624.jpg,6,Young
img009122.jpg,star/stargan/Young/img009122.jpg,6,Young
img008325.jpg,star/stargan/Young/img008325.jpg,6,Young
img009282.jpg,star/stargan/Young/img009282.jpg,6,Young
img008707.jpg,star/stargan/Young/img008707.jpg,6,Young
img009941.jpg,star/stargan/Young/img009941.jpg,6,Young
img009155.jpg,star/stargan/Young/img009155.jpg,6,Young
img009591.jpg,star/stargan/Young/img009591.jpg,6,Young
img008478.jpg,star/stargan/Young/img008478.jpg,6,Young
img008169.jpg,star/stargan/Young/img008169.jpg,6,Young
img008278.jpg,star/stargan/Young/img008278.jpg,6,Young
img008811.jpg,star/stargan/Young/img008811.jpg,6,Young
img008911.jpg,star/stargan/Young/img008911.jpg,6,Young
img009838.jpg,star/stargan/Young/img009838.jpg,6,Young
img009552.jpg,star/stargan/Young/img009552.jpg,6,Young
img009918.jpg,star/stargan/Young/img009918.jpg,6,Young
img009150.jpg,star/stargan/Young/img009150.jpg,6,Young
img008250.jpg,star/stargan/Young/img008250.jpg,6,Young
img008076.jpg,star/stargan/Young/img008076.jpg,6,Young
img009989.jpg,star/stargan/Young/img009989.jpg,6,Young
img009102.jpg,star/stargan/Young/img009102.jpg,6,Young
img008195.jpg,star/stargan/Young/img008195.jpg,6,Young
img009772.jpg,star/stargan/Young/img009772.jpg,6,Young
img009243.jpg,star/stargan/Young/img009243.jpg,6,Young
img008133.jpg,star/stargan/Young/img008133.jpg,6,Young
img008454.jpg,star/stargan/Young/img008454.jpg,6,Young
img009860.jpg,star/stargan/Young/img009860.jpg,6,Young
img009287.jpg,star/stargan/Young/img009287.jpg,6,Young
img008464.jpg,star/stargan/Young/img008464.jpg,6,Young
img009213.jpg,star/stargan/Young/img009213.jpg,6,Young
img009831.jpg,star/stargan/Young/img009831.jpg,6,Young
img008829.jpg,star/stargan/Young/img008829.jpg,6,Young
img008330.jpg,star/stargan/Young/img008330.jpg,6,Young
img008209.jpg,star/stargan/Young/img008209.jpg,6,Young
img009530.jpg,star/stargan/Young/img009530.jpg,6,Young
img008768.jpg,star/stargan/Young/img008768.jpg,6,Young
img009735.jpg,star/stargan/Young/img009735.jpg,6,Young
img009120.jpg,star/stargan/Young/img009120.jpg,6,Young
img008892.jpg,star/stargan/Young/img008892.jpg,6,Young
img008998.jpg,star/stargan/Young/img008998.jpg,6,Young
img008513.jpg,star/stargan/Young/img008513.jpg,6,Young
img008812.jpg,star/stargan/Young/img008812.jpg,6,Young
img008069.jpg,star/stargan/Young/img008069.jpg,6,Young
img009044.jpg,star/stargan/Young/img009044.jpg,6,Young
img009146.jpg,star/stargan/Young/img009146.jpg,6,Young
img009845.jpg,star/stargan/Young/img009845.jpg,6,Young
img008104.jpg,star/stargan/Young/img008104.jpg,6,Young
img009514.jpg,star/stargan/Young/img009514.jpg,6,Young
img008006.jpg,star/stargan/Young/img008006.jpg,6,Young
img009852.jpg,star/stargan/Young/img009852.jpg,6,Young
img008287.jpg,star/stargan/Young/img008287.jpg,6,Young
img008882.jpg,star/stargan/Young/img008882.jpg,6,Young
img009555.jpg,star/stargan/Young/img009555.jpg,6,Young
img009220.jpg,star/stargan/Young/img009220.jpg,6,Young
img009953.jpg,star/stargan/Young/img009953.jpg,6,Young
img008161.jpg,star/stargan/Young/img008161.jpg,6,Young
img008838.jpg,star/stargan/Young/img008838.jpg,6,Young
img008084.jpg,star/stargan/Young/img008084.jpg,6,Young
img009369.jpg,star/stargan/Young/img009369.jpg,6,Young
img009467.jpg,star/stargan/Young/img009467.jpg,6,Young
img009064.jpg,star/stargan/Young/img009064.jpg,6,Young
img009006.jpg,star/stargan/Young/img009006.jpg,6,Young
img009389.jpg,star/stargan/Young/img009389.jpg,6,Young
img009362.jpg,star/stargan/Young/img009362.jpg,6,Young
img009539.jpg,star/stargan/Young/img009539.jpg,6,Young
img008040.jpg,star/stargan/Young/img008040.jpg,6,Young
img008027.jpg,star/stargan/Young/img008027.jpg,6,Young
img008537.jpg,star/stargan/Young/img008537.jpg,6,Young
img009776.jpg,star/stargan/Young/img009776.jpg,6,Young
img009211.jpg,star/stargan/Young/img009211.jpg,6,Young
img009058.jpg,star/stargan/Young/img009058.jpg,6,Young
img009216.jpg,star/stargan/Young/img009216.jpg,6,Young
img008636.jpg,star/stargan/Young/img008636.jpg,6,Young
img008680.jpg,star/stargan/Young/img008680.jpg,6,Young
img009412.jpg,star/stargan/Young/img009412.jpg,6,Young
img008790.jpg,star/stargan/Young/img008790.jpg,6,Young
img009473.jpg,star/stargan/Young/img009473.jpg,6,Young
img008919.jpg,star/stargan/Young/img008919.jpg,6,Young
img008347.jpg,star/stargan/Young/img008347.jpg,6,Young
img008493.jpg,star/stargan/Young/img008493.jpg,6,Young
img009417.jpg,star/stargan/Young/img009417.jpg,6,Young
img009710.jpg,star/stargan/Young/img009710.jpg,6,Young
img008365.jpg,star/stargan/Young/img008365.jpg,6,Young
img009970.jpg,star/stargan/Young/img009970.jpg,6,Young
img008005.jpg,star/stargan/Young/img008005.jpg,6,Young
img009183.jpg,star/stargan/Young/img009183.jpg,6,Young
img009564.jpg,star/stargan/Young/img009564.jpg,6,Young
img008031.jpg,star/stargan/Young/img008031.jpg,6,Young
img008704.jpg,star/stargan/Young/img008704.jpg,6,Young
img009549.jpg,star/stargan/Young/img009549.jpg,6,Young
img009481.jpg,star/stargan/Young/img009481.jpg,6,Young
img009277.jpg,star/stargan/Young/img009277.jpg,6,Young
img008124.jpg,star/stargan/Young/img008124.jpg,6,Young
img008575.jpg,star/stargan/Young/img008575.jpg,6,Young
img008059.jpg,star/stargan/Young/img008059.jpg,6,Young
img009526.jpg,star/stargan/Young/img009526.jpg,6,Young
img009832.jpg,star/stargan/Young/img009832.jpg,6,Young
img009984.jpg,star/stargan/Young/img009984.jpg,6,Young
img009218.jpg,star/stargan/Young/img009218.jpg,6,Young
img008894.jpg,star/stargan/Young/img008894.jpg,6,Young
img009503.jpg,star/stargan/Young/img009503.jpg,6,Young
img009178.jpg,star/stargan/Young/img009178.jpg,6,Young
img008205.jpg,star/stargan/Young/img008205.jpg,6,Young
img008956.jpg,star/stargan/Young/img008956.jpg,6,Young
img009690.jpg,star/stargan/Young/img009690.jpg,6,Young
img009812.jpg,star/stargan/Young/img009812.jpg,6,Young
img008929.jpg,star/stargan/Young/img008929.jpg,6,Young
img008817.jpg,star/stargan/Young/img008817.jpg,6,Young
img008348.jpg,star/stargan/Young/img008348.jpg,6,Young
img009874.jpg,star/stargan/Young/img009874.jpg,6,Young
img009528.jpg,star/stargan/Young/img009528.jpg,6,Young
img008974.jpg,star/stargan/Young/img008974.jpg,6,Young
img008804.jpg,star/stargan/Young/img008804.jpg,6,Young
img009160.jpg,star/stargan/Young/img009160.jpg,6,Young
img009613.jpg,star/stargan/Young/img009613.jpg,6,Young
img008955.jpg,star/stargan/Young/img008955.jpg,6,Young
img008620.jpg,star/stargan/Young/img008620.jpg,6,Young
img009513.jpg,star/stargan/Young/img009513.jpg,6,Young
img009450.jpg,star/stargan/Young/img009450.jpg,6,Young
img008531.jpg,star/stargan/Young/img008531.jpg,6,Young
img009109.jpg,star/stargan/Young/img009109.jpg,6,Young
img009504.jpg,star/stargan/Young/img009504.jpg,6,Young
img009687.jpg,star/stargan/Young/img009687.jpg,6,Young
img008807.jpg,star/stargan/Young/img008807.jpg,6,Young
img008787.jpg,star/stargan/Young/img008787.jpg,6,Young
img009107.jpg,star/stargan/Young/img009107.jpg,6,Young
img008932.jpg,star/stargan/Young/img008932.jpg,6,Young
img008875.jpg,star/stargan/Young/img008875.jpg,6,Young
img008248.jpg,star/stargan/Young/img008248.jpg,6,Young
img008702.jpg,star/stargan/Young/img008702.jpg,6,Young
img008150.jpg,star/stargan/Young/img008150.jpg,6,Young
img008518.jpg,star/stargan/Young/img008518.jpg,6,Young
img008072.jpg,star/stargan/Young/img008072.jpg,6,Young
img008810.jpg,star/stargan/Young/img008810.jpg,6,Young
img008696.jpg,star/stargan/Young/img008696.jpg,6,Young
img008642.jpg,star/stargan/Young/img008642.jpg,6,Young
img009456.jpg,star/stargan/Young/img009456.jpg,6,Young
img008417.jpg,star/stargan/Young/img008417.jpg,6,Young
img009483.jpg,star/stargan/Young/img009483.jpg,6,Young
img009734.jpg,star/stargan/Young/img009734.jpg,6,Young
img008832.jpg,star/stargan/Young/img008832.jpg,6,Young
img008181.jpg,star/stargan/Young/img008181.jpg,6,Young
img009437.jpg,star/stargan/Young/img009437.jpg,6,Young
img009910.jpg,star/stargan/Young/img009910.jpg,6,Young
img009633.jpg,star/stargan/Young/img009633.jpg,6,Young
img008958.jpg,star/stargan/Young/img008958.jpg,6,Young
img009751.jpg,star/stargan/Young/img009751.jpg,6,Young
img008012.jpg,star/stargan/Young/img008012.jpg,6,Young
img008505.jpg,star/stargan/Young/img008505.jpg,6,Young
img009096.jpg,star/stargan/Young/img009096.jpg,6,Young
img009808.jpg,star/stargan/Young/img009808.jpg,6,Young
img009124.jpg,star/stargan/Young/img009124.jpg,6,Young
